
 /----------------------------------------------------------------------------\
 |                                                                            |
 |  yosys -- Yosys Open SYnthesis Suite                                       |
 |                                                                            |
 |  Copyright (C) 2012 - 2020  Claire Xenia Wolf <claire@yosyshq.com>         |
 |                                                                            |
 |  Permission to use, copy, modify, and/or distribute this software for any  |
 |  purpose with or without fee is hereby granted, provided that the above    |
 |  copyright notice and this permission notice appear in all copies.         |
 |                                                                            |
 |  THE SOFTWARE IS PROVIDED "AS IS" AND THE AUTHOR DISCLAIMS ALL WARRANTIES  |
 |  WITH REGARD TO THIS SOFTWARE INCLUDING ALL IMPLIED WARRANTIES OF          |
 |  MERCHANTABILITY AND FITNESS. IN NO EVENT SHALL THE AUTHOR BE LIABLE FOR   |
 |  ANY SPECIAL, DIRECT, INDIRECT, OR CONSEQUENTIAL DAMAGES OR ANY DAMAGES    |
 |  WHATSOEVER RESULTING FROM LOSS OF USE, DATA OR PROFITS, WHETHER IN AN     |
 |  ACTION OF CONTRACT, NEGLIGENCE OR OTHER TORTIOUS ACTION, ARISING OUT OF   |
 |  OR IN CONNECTION WITH THE USE OR PERFORMANCE OF THIS SOFTWARE.            |
 |                                                                            |
 \----------------------------------------------------------------------------/

 Yosys 0.33 (git sha1 2584903a060)


-- Executing script file `/teamspace/studios/this_studio/Melodica-Integration-into-Fife-Core/synth_script_mkPositCore_es4_bposit.ys' --

1. Executing Verilog-2005 frontend: /teamspace/studios/this_studio/Melodica-Integration-into-Fife-Core/bsc/lib/Verilog/FIFO1.v
Parsing Verilog input from `/teamspace/studios/this_studio/Melodica-Integration-into-Fife-Core/bsc/lib/Verilog/FIFO1.v' to AST representation.
Warning: Encountered `translate_off' comment! Such legacy hot comments are supported by Yosys, but are not part of any formal language specification. Using a portable and standards-compliant construct such as `ifdef is recommended!
Generating RTLIL representation for module `\FIFO1'.
Successfully finished Verilog frontend.

2. Executing Verilog-2005 frontend: /teamspace/studios/this_studio/Melodica-Integration-into-Fife-Core/bsc/lib/Verilog/FIFO2.v
Parsing Verilog input from `/teamspace/studios/this_studio/Melodica-Integration-into-Fife-Core/bsc/lib/Verilog/FIFO2.v' to AST representation.
Generating RTLIL representation for module `\FIFO2'.
Successfully finished Verilog frontend.

3. Executing Verilog-2005 frontend: /teamspace/studios/this_studio/Melodica-Integration-into-Fife-Core/bsc/lib/Verilog/SizedFIFO.v
Parsing Verilog input from `/teamspace/studios/this_studio/Melodica-Integration-into-Fife-Core/bsc/lib/Verilog/SizedFIFO.v' to AST representation.
Generating RTLIL representation for module `\SizedFIFO'.
Successfully finished Verilog frontend.

4. Executing Verilog-2005 frontend: /teamspace/studios/this_studio/Melodica-Integration-into-Fife-Core/bsc/lib/Verilog/RegFile.v
Parsing Verilog input from `/teamspace/studios/this_studio/Melodica-Integration-into-Fife-Core/bsc/lib/Verilog/RegFile.v' to AST representation.
Generating RTLIL representation for module `\RegFile'.
Successfully finished Verilog frontend.

5. Executing Verilog-2005 frontend: /teamspace/studios/this_studio/Melodica-Integration-into-Fife-Core/Learn_Bluespec_and_RISCV_Design/Code/Build/Fife/verilog/module_fn_twosC_quire.v
Parsing Verilog input from `/teamspace/studios/this_studio/Melodica-Integration-into-Fife-Core/Learn_Bluespec_and_RISCV_Design/Code/Build/Fife/verilog/module_fn_twosC_quire.v' to AST representation.
Generating RTLIL representation for module `\module_fn_twosC_quire'.
Successfully finished Verilog frontend.

6. Executing Verilog-2005 frontend: /teamspace/studios/this_studio/Melodica-Integration-into-Fife-Core/Learn_Bluespec_and_RISCV_Design/Code/Build/Fife/verilog/mkQuire.v
Parsing Verilog input from `/teamspace/studios/this_studio/Melodica-Integration-into-Fife-Core/Learn_Bluespec_and_RISCV_Design/Code/Build/Fife/verilog/mkQuire.v' to AST representation.
Warning: Encountered `parallel_case' comment! Such legacy hot comments are supported by Yosys, but are not part of any formal language specification. Using the Verilog `parallel_case' attribute or the SystemVerilog `unique' or `priority' keywords is recommended!
Generating RTLIL representation for module `\mkQuire'.
Note: Assuming pure combinatorial block at /teamspace/studios/this_studio/Melodica-Integration-into-Fife-Core/Learn_Bluespec_and_RISCV_Design/Code/Build/Fife/verilog/mkQuire.v:1348.3-1362.6 in
compliance with IEC 62142(E):2005 / IEEE Std. 1364.1(E):2002. Recommending
use of @* instead of @(...) for better match of synthesis and simulation.
Note: Assuming pure combinatorial block at /teamspace/studios/this_studio/Melodica-Integration-into-Fife-Core/Learn_Bluespec_and_RISCV_Design/Code/Build/Fife/verilog/mkQuire.v:1371.3-1386.6 in
compliance with IEC 62142(E):2005 / IEEE Std. 1364.1(E):2002. Recommending
use of @* instead of @(...) for better match of synthesis and simulation.
Note: Assuming pure combinatorial block at /teamspace/studios/this_studio/Melodica-Integration-into-Fife-Core/Learn_Bluespec_and_RISCV_Design/Code/Build/Fife/verilog/mkQuire.v:1395.3-1411.6 in
compliance with IEC 62142(E):2005 / IEEE Std. 1364.1(E):2002. Recommending
use of @* instead of @(...) for better match of synthesis and simulation.
Note: Assuming pure combinatorial block at /teamspace/studios/this_studio/Melodica-Integration-into-Fife-Core/Learn_Bluespec_and_RISCV_Design/Code/Build/Fife/verilog/mkQuire.v:1420.3-1436.6 in
compliance with IEC 62142(E):2005 / IEEE Std. 1364.1(E):2002. Recommending
use of @* instead of @(...) for better match of synthesis and simulation.
Note: Assuming pure combinatorial block at /teamspace/studios/this_studio/Melodica-Integration-into-Fife-Core/Learn_Bluespec_and_RISCV_Design/Code/Build/Fife/verilog/mkQuire.v:1445.3-1461.6 in
compliance with IEC 62142(E):2005 / IEEE Std. 1364.1(E):2002. Recommending
use of @* instead of @(...) for better match of synthesis and simulation.
Note: Assuming pure combinatorial block at /teamspace/studios/this_studio/Melodica-Integration-into-Fife-Core/Learn_Bluespec_and_RISCV_Design/Code/Build/Fife/verilog/mkQuire.v:1470.3-1486.6 in
compliance with IEC 62142(E):2005 / IEEE Std. 1364.1(E):2002. Recommending
use of @* instead of @(...) for better match of synthesis and simulation.
Note: Assuming pure combinatorial block at /teamspace/studios/this_studio/Melodica-Integration-into-Fife-Core/Learn_Bluespec_and_RISCV_Design/Code/Build/Fife/verilog/mkQuire.v:1495.3-1511.6 in
compliance with IEC 62142(E):2005 / IEEE Std. 1364.1(E):2002. Recommending
use of @* instead of @(...) for better match of synthesis and simulation.
Note: Assuming pure combinatorial block at /teamspace/studios/this_studio/Melodica-Integration-into-Fife-Core/Learn_Bluespec_and_RISCV_Design/Code/Build/Fife/verilog/mkQuire.v:1520.3-1536.6 in
compliance with IEC 62142(E):2005 / IEEE Std. 1364.1(E):2002. Recommending
use of @* instead of @(...) for better match of synthesis and simulation.
Note: Assuming pure combinatorial block at /teamspace/studios/this_studio/Melodica-Integration-into-Fife-Core/Learn_Bluespec_and_RISCV_Design/Code/Build/Fife/verilog/mkQuire.v:1545.3-1561.6 in
compliance with IEC 62142(E):2005 / IEEE Std. 1364.1(E):2002. Recommending
use of @* instead of @(...) for better match of synthesis and simulation.
Note: Assuming pure combinatorial block at /teamspace/studios/this_studio/Melodica-Integration-into-Fife-Core/Learn_Bluespec_and_RISCV_Design/Code/Build/Fife/verilog/mkQuire.v:1570.3-1586.6 in
compliance with IEC 62142(E):2005 / IEEE Std. 1364.1(E):2002. Recommending
use of @* instead of @(...) for better match of synthesis and simulation.
Note: Assuming pure combinatorial block at /teamspace/studios/this_studio/Melodica-Integration-into-Fife-Core/Learn_Bluespec_and_RISCV_Design/Code/Build/Fife/verilog/mkQuire.v:1595.3-1611.6 in
compliance with IEC 62142(E):2005 / IEEE Std. 1364.1(E):2002. Recommending
use of @* instead of @(...) for better match of synthesis and simulation.
Note: Assuming pure combinatorial block at /teamspace/studios/this_studio/Melodica-Integration-into-Fife-Core/Learn_Bluespec_and_RISCV_Design/Code/Build/Fife/verilog/mkQuire.v:1620.3-1636.6 in
compliance with IEC 62142(E):2005 / IEEE Std. 1364.1(E):2002. Recommending
use of @* instead of @(...) for better match of synthesis and simulation.
Note: Assuming pure combinatorial block at /teamspace/studios/this_studio/Melodica-Integration-into-Fife-Core/Learn_Bluespec_and_RISCV_Design/Code/Build/Fife/verilog/mkQuire.v:1645.3-1661.6 in
compliance with IEC 62142(E):2005 / IEEE Std. 1364.1(E):2002. Recommending
use of @* instead of @(...) for better match of synthesis and simulation.
Note: Assuming pure combinatorial block at /teamspace/studios/this_studio/Melodica-Integration-into-Fife-Core/Learn_Bluespec_and_RISCV_Design/Code/Build/Fife/verilog/mkQuire.v:1670.3-1686.10 in
compliance with IEC 62142(E):2005 / IEEE Std. 1364.1(E):2002. Recommending
use of @* instead of @(...) for better match of synthesis and simulation.
Note: Assuming pure combinatorial block at /teamspace/studios/this_studio/Melodica-Integration-into-Fife-Core/Learn_Bluespec_and_RISCV_Design/Code/Build/Fife/verilog/mkQuire.v:1696.3-1712.10 in
compliance with IEC 62142(E):2005 / IEEE Std. 1364.1(E):2002. Recommending
use of @* instead of @(...) for better match of synthesis and simulation.
Note: Assuming pure combinatorial block at /teamspace/studios/this_studio/Melodica-Integration-into-Fife-Core/Learn_Bluespec_and_RISCV_Design/Code/Build/Fife/verilog/mkQuire.v:1722.3-1738.10 in
compliance with IEC 62142(E):2005 / IEEE Std. 1364.1(E):2002. Recommending
use of @* instead of @(...) for better match of synthesis and simulation.
Note: Assuming pure combinatorial block at /teamspace/studios/this_studio/Melodica-Integration-into-Fife-Core/Learn_Bluespec_and_RISCV_Design/Code/Build/Fife/verilog/mkQuire.v:1748.3-1764.10 in
compliance with IEC 62142(E):2005 / IEEE Std. 1364.1(E):2002. Recommending
use of @* instead of @(...) for better match of synthesis and simulation.
Note: Assuming pure combinatorial block at /teamspace/studios/this_studio/Melodica-Integration-into-Fife-Core/Learn_Bluespec_and_RISCV_Design/Code/Build/Fife/verilog/mkQuire.v:1774.3-1787.10 in
compliance with IEC 62142(E):2005 / IEEE Std. 1364.1(E):2002. Recommending
use of @* instead of @(...) for better match of synthesis and simulation.
Note: Assuming pure combinatorial block at /teamspace/studios/this_studio/Melodica-Integration-into-Fife-Core/Learn_Bluespec_and_RISCV_Design/Code/Build/Fife/verilog/mkQuire.v:1797.3-1813.10 in
compliance with IEC 62142(E):2005 / IEEE Std. 1364.1(E):2002. Recommending
use of @* instead of @(...) for better match of synthesis and simulation.
Note: Assuming pure combinatorial block at /teamspace/studios/this_studio/Melodica-Integration-into-Fife-Core/Learn_Bluespec_and_RISCV_Design/Code/Build/Fife/verilog/mkQuire.v:1823.3-1839.10 in
compliance with IEC 62142(E):2005 / IEEE Std. 1364.1(E):2002. Recommending
use of @* instead of @(...) for better match of synthesis and simulation.
Note: Assuming pure combinatorial block at /teamspace/studios/this_studio/Melodica-Integration-into-Fife-Core/Learn_Bluespec_and_RISCV_Design/Code/Build/Fife/verilog/mkQuire.v:1849.3-1865.10 in
compliance with IEC 62142(E):2005 / IEEE Std. 1364.1(E):2002. Recommending
use of @* instead of @(...) for better match of synthesis and simulation.
Note: Assuming pure combinatorial block at /teamspace/studios/this_studio/Melodica-Integration-into-Fife-Core/Learn_Bluespec_and_RISCV_Design/Code/Build/Fife/verilog/mkQuire.v:1875.3-1891.10 in
compliance with IEC 62142(E):2005 / IEEE Std. 1364.1(E):2002. Recommending
use of @* instead of @(...) for better match of synthesis and simulation.
Note: Assuming pure combinatorial block at /teamspace/studios/this_studio/Melodica-Integration-into-Fife-Core/Learn_Bluespec_and_RISCV_Design/Code/Build/Fife/verilog/mkQuire.v:1901.3-1917.10 in
compliance with IEC 62142(E):2005 / IEEE Std. 1364.1(E):2002. Recommending
use of @* instead of @(...) for better match of synthesis and simulation.
Note: Assuming pure combinatorial block at /teamspace/studios/this_studio/Melodica-Integration-into-Fife-Core/Learn_Bluespec_and_RISCV_Design/Code/Build/Fife/verilog/mkQuire.v:1927.3-1943.10 in
compliance with IEC 62142(E):2005 / IEEE Std. 1364.1(E):2002. Recommending
use of @* instead of @(...) for better match of synthesis and simulation.
Note: Assuming pure combinatorial block at /teamspace/studios/this_studio/Melodica-Integration-into-Fife-Core/Learn_Bluespec_and_RISCV_Design/Code/Build/Fife/verilog/mkQuire.v:1953.3-1969.10 in
compliance with IEC 62142(E):2005 / IEEE Std. 1364.1(E):2002. Recommending
use of @* instead of @(...) for better match of synthesis and simulation.
Note: Assuming pure combinatorial block at /teamspace/studios/this_studio/Melodica-Integration-into-Fife-Core/Learn_Bluespec_and_RISCV_Design/Code/Build/Fife/verilog/mkQuire.v:1979.3-1995.10 in
compliance with IEC 62142(E):2005 / IEEE Std. 1364.1(E):2002. Recommending
use of @* instead of @(...) for better match of synthesis and simulation.
Successfully finished Verilog frontend.

7. Executing Verilog-2005 frontend: /teamspace/studios/this_studio/Melodica-Integration-into-Fife-Core/Learn_Bluespec_and_RISCV_Design/Code/Build/Fife/verilog/mkMultiplier.v
Parsing Verilog input from `/teamspace/studios/this_studio/Melodica-Integration-into-Fife-Core/Learn_Bluespec_and_RISCV_Design/Code/Build/Fife/verilog/mkMultiplier.v' to AST representation.
Generating RTLIL representation for module `\mkMultiplier'.
Successfully finished Verilog frontend.

8. Executing Verilog-2005 frontend: /teamspace/studios/this_studio/Melodica-Integration-into-Fife-Core/Learn_Bluespec_and_RISCV_Design/Code/Build/Fife/verilog/mkNormalizer.v
Parsing Verilog input from `/teamspace/studios/this_studio/Melodica-Integration-into-Fife-Core/Learn_Bluespec_and_RISCV_Design/Code/Build/Fife/verilog/mkNormalizer.v' to AST representation.
Generating RTLIL representation for module `\mkNormalizer'.
Note: Assuming pure combinatorial block at /teamspace/studios/this_studio/Melodica-Integration-into-Fife-Core/Learn_Bluespec_and_RISCV_Design/Code/Build/Fife/verilog/mkNormalizer.v:157.3-170.6 in
compliance with IEC 62142(E):2005 / IEEE Std. 1364.1(E):2002. Recommending
use of @* instead of @(...) for better match of synthesis and simulation.
Note: Assuming pure combinatorial block at /teamspace/studios/this_studio/Melodica-Integration-into-Fife-Core/Learn_Bluespec_and_RISCV_Design/Code/Build/Fife/verilog/mkNormalizer.v:171.3-192.6 in
compliance with IEC 62142(E):2005 / IEEE Std. 1364.1(E):2002. Recommending
use of @* instead of @(...) for better match of synthesis and simulation.
Note: Assuming pure combinatorial block at /teamspace/studios/this_studio/Melodica-Integration-into-Fife-Core/Learn_Bluespec_and_RISCV_Design/Code/Build/Fife/verilog/mkNormalizer.v:193.3-200.6 in
compliance with IEC 62142(E):2005 / IEEE Std. 1364.1(E):2002. Recommending
use of @* instead of @(...) for better match of synthesis and simulation.
Successfully finished Verilog frontend.

9. Executing Verilog-2005 frontend: /teamspace/studios/this_studio/Melodica-Integration-into-Fife-Core/Learn_Bluespec_and_RISCV_Design/Code/Build/Fife/verilog/mkExtracter.v
Parsing Verilog input from `/teamspace/studios/this_studio/Melodica-Integration-into-Fife-Core/Learn_Bluespec_and_RISCV_Design/Code/Build/Fife/verilog/mkExtracter.v' to AST representation.
Generating RTLIL representation for module `\mkExtracter'.
Successfully finished Verilog frontend.

10. Executing Verilog-2005 frontend: /teamspace/studios/this_studio/Melodica-Integration-into-Fife-Core/Learn_Bluespec_and_RISCV_Design/Code/Build/Fife/verilog/mkFtoP_PNE.v
Parsing Verilog input from `/teamspace/studios/this_studio/Melodica-Integration-into-Fife-Core/Learn_Bluespec_and_RISCV_Design/Code/Build/Fife/verilog/mkFtoP_PNE.v' to AST representation.
Generating RTLIL representation for module `\mkFtoP_PNE'.
Successfully finished Verilog frontend.

11. Executing Verilog-2005 frontend: /teamspace/studios/this_studio/Melodica-Integration-into-Fife-Core/Learn_Bluespec_and_RISCV_Design/Code/Build/Fife/verilog/mkPtoF_PNE.v
Parsing Verilog input from `/teamspace/studios/this_studio/Melodica-Integration-into-Fife-Core/Learn_Bluespec_and_RISCV_Design/Code/Build/Fife/verilog/mkPtoF_PNE.v' to AST representation.
Generating RTLIL representation for module `\mkPtoF_PNE'.
Note: Assuming pure combinatorial block at /teamspace/studios/this_studio/Melodica-Integration-into-Fife-Core/Learn_Bluespec_and_RISCV_Design/Code/Build/Fife/verilog/mkPtoF_PNE.v:212.3-219.6 in
compliance with IEC 62142(E):2005 / IEEE Std. 1364.1(E):2002. Recommending
use of @* instead of @(...) for better match of synthesis and simulation.
Note: Assuming pure combinatorial block at /teamspace/studios/this_studio/Melodica-Integration-into-Fife-Core/Learn_Bluespec_and_RISCV_Design/Code/Build/Fife/verilog/mkPtoF_PNE.v:220.3-227.6 in
compliance with IEC 62142(E):2005 / IEEE Std. 1364.1(E):2002. Recommending
use of @* instead of @(...) for better match of synthesis and simulation.
Successfully finished Verilog frontend.

12. Executing Verilog-2005 frontend: /teamspace/studios/this_studio/Melodica-Integration-into-Fife-Core/Learn_Bluespec_and_RISCV_Design/Code/Build/Fife/verilog/mkPositCore.v
Parsing Verilog input from `/teamspace/studios/this_studio/Melodica-Integration-into-Fife-Core/Learn_Bluespec_and_RISCV_Design/Code/Build/Fife/verilog/mkPositCore.v' to AST representation.
Generating RTLIL representation for module `\mkPositCore'.
Successfully finished Verilog frontend.

13. Executing HIERARCHY pass (managing design hierarchy).

13.1. Analyzing design hierarchy..
Top module:  \mkPositCore
Used module:     \mkQuire
Used module:         \module_fn_twosC_quire
Used module:         \SizedFIFO
Used module:         \FIFO1
Used module:     \mkPtoF_PNE
Used module:         \FIFO2
Used module:     \mkNormalizer
Used module:     \mkMultiplier
Used module:     \mkFtoP_PNE
Used module:     \mkExtracter
Parameter \p1width = 32
Parameter \p2depth = 4
Parameter \p3cntr_width = 2
Parameter \guarded = 1'1

13.2. Executing AST frontend in derive mode using pre-parsed AST for module `\SizedFIFO'.
Parameter \p1width = 32
Parameter \p2depth = 4
Parameter \p3cntr_width = 2
Parameter \guarded = 1'1
Generating RTLIL representation for module `$paramod$a0c6df3c1489bcd5c1c6c2071c80faf091665997\SizedFIFO'.
Parameter \p1width = 32
Parameter \p2depth = 4
Parameter \p3cntr_width = 2
Parameter \guarded = 1'1
Found cached RTLIL representation for module `$paramod$a0c6df3c1489bcd5c1c6c2071c80faf091665997\SizedFIFO'.
Parameter \p1width = 32
Parameter \p2depth = 4
Parameter \p3cntr_width = 2
Parameter \guarded = 1'1
Found cached RTLIL representation for module `$paramod$a0c6df3c1489bcd5c1c6c2071c80faf091665997\SizedFIFO'.
Parameter \p1width = 32
Parameter \p2depth = 4
Parameter \p3cntr_width = 2
Parameter \guarded = 1'1
Found cached RTLIL representation for module `$paramod$a0c6df3c1489bcd5c1c6c2071c80faf091665997\SizedFIFO'.
Parameter \p1width = 32
Parameter \p2depth = 4
Parameter \p3cntr_width = 2
Parameter \guarded = 1'1
Found cached RTLIL representation for module `$paramod$a0c6df3c1489bcd5c1c6c2071c80faf091665997\SizedFIFO'.
Parameter \p1width = 32
Parameter \p2depth = 4
Parameter \p3cntr_width = 2
Parameter \guarded = 1'1
Found cached RTLIL representation for module `$paramod$a0c6df3c1489bcd5c1c6c2071c80faf091665997\SizedFIFO'.
Parameter \p1width = 32
Parameter \p2depth = 4
Parameter \p3cntr_width = 2
Parameter \guarded = 1'1
Found cached RTLIL representation for module `$paramod$a0c6df3c1489bcd5c1c6c2071c80faf091665997\SizedFIFO'.
Parameter \p1width = 32
Parameter \p2depth = 4
Parameter \p3cntr_width = 2
Parameter \guarded = 1'1
Found cached RTLIL representation for module `$paramod$a0c6df3c1489bcd5c1c6c2071c80faf091665997\SizedFIFO'.
Parameter \p1width = 32
Parameter \p2depth = 4
Parameter \p3cntr_width = 2
Parameter \guarded = 1'1
Found cached RTLIL representation for module `$paramod$a0c6df3c1489bcd5c1c6c2071c80faf091665997\SizedFIFO'.
Parameter \p1width = 32
Parameter \p2depth = 4
Parameter \p3cntr_width = 2
Parameter \guarded = 1'1
Found cached RTLIL representation for module `$paramod$a0c6df3c1489bcd5c1c6c2071c80faf091665997\SizedFIFO'.
Parameter \p1width = 32
Parameter \p2depth = 4
Parameter \p3cntr_width = 2
Parameter \guarded = 1'1
Found cached RTLIL representation for module `$paramod$a0c6df3c1489bcd5c1c6c2071c80faf091665997\SizedFIFO'.
Parameter \p1width = 32
Parameter \p2depth = 4
Parameter \p3cntr_width = 2
Parameter \guarded = 1'1
Found cached RTLIL representation for module `$paramod$a0c6df3c1489bcd5c1c6c2071c80faf091665997\SizedFIFO'.
Parameter \p1width = 32
Parameter \p2depth = 4
Parameter \p3cntr_width = 2
Parameter \guarded = 1'1
Found cached RTLIL representation for module `$paramod$a0c6df3c1489bcd5c1c6c2071c80faf091665997\SizedFIFO'.
Parameter \p1width = 1
Parameter \p2depth = 4
Parameter \p3cntr_width = 2
Parameter \guarded = 1'1

13.3. Executing AST frontend in derive mode using pre-parsed AST for module `\SizedFIFO'.
Parameter \p1width = 1
Parameter \p2depth = 4
Parameter \p3cntr_width = 2
Parameter \guarded = 1'1
Generating RTLIL representation for module `$paramod$77feb722284cbb4b2efebea6faec56b4318dabcc\SizedFIFO'.
Parameter \p1width = 1
Parameter \p2depth = 4
Parameter \p3cntr_width = 2
Parameter \guarded = 1'1
Found cached RTLIL representation for module `$paramod$77feb722284cbb4b2efebea6faec56b4318dabcc\SizedFIFO'.
Parameter \p1width = 1
Parameter \p2depth = 4
Parameter \p3cntr_width = 2
Parameter \guarded = 1'1
Found cached RTLIL representation for module `$paramod$77feb722284cbb4b2efebea6faec56b4318dabcc\SizedFIFO'.
Parameter \p1width = 1
Parameter \p2depth = 4
Parameter \p3cntr_width = 2
Parameter \guarded = 1'1
Found cached RTLIL representation for module `$paramod$77feb722284cbb4b2efebea6faec56b4318dabcc\SizedFIFO'.
Parameter \p1width = 1
Parameter \p2depth = 4
Parameter \p3cntr_width = 2
Parameter \guarded = 1'1
Found cached RTLIL representation for module `$paramod$77feb722284cbb4b2efebea6faec56b4318dabcc\SizedFIFO'.
Parameter \p1width = 1
Parameter \p2depth = 4
Parameter \p3cntr_width = 2
Parameter \guarded = 1'1
Found cached RTLIL representation for module `$paramod$77feb722284cbb4b2efebea6faec56b4318dabcc\SizedFIFO'.
Parameter \p1width = 1
Parameter \p2depth = 4
Parameter \p3cntr_width = 2
Parameter \guarded = 1'1
Found cached RTLIL representation for module `$paramod$77feb722284cbb4b2efebea6faec56b4318dabcc\SizedFIFO'.
Parameter \p1width = 1
Parameter \p2depth = 4
Parameter \p3cntr_width = 2
Parameter \guarded = 1'1
Found cached RTLIL representation for module `$paramod$77feb722284cbb4b2efebea6faec56b4318dabcc\SizedFIFO'.
Parameter \p1width = 1
Parameter \p2depth = 4
Parameter \p3cntr_width = 2
Parameter \guarded = 1'1
Found cached RTLIL representation for module `$paramod$77feb722284cbb4b2efebea6faec56b4318dabcc\SizedFIFO'.
Parameter \p1width = 1
Parameter \p2depth = 4
Parameter \p3cntr_width = 2
Parameter \guarded = 1'1
Found cached RTLIL representation for module `$paramod$77feb722284cbb4b2efebea6faec56b4318dabcc\SizedFIFO'.
Parameter \p1width = 1
Parameter \p2depth = 4
Parameter \p3cntr_width = 2
Parameter \guarded = 1'1
Found cached RTLIL representation for module `$paramod$77feb722284cbb4b2efebea6faec56b4318dabcc\SizedFIFO'.
Parameter \p1width = 1
Parameter \p2depth = 4
Parameter \p3cntr_width = 2
Parameter \guarded = 1'1
Found cached RTLIL representation for module `$paramod$77feb722284cbb4b2efebea6faec56b4318dabcc\SizedFIFO'.
Parameter \width = 41
Parameter \guarded = 1'1

13.4. Executing AST frontend in derive mode using pre-parsed AST for module `\FIFO1'.
Parameter \width = 41
Parameter \guarded = 1'1
Generating RTLIL representation for module `$paramod\FIFO1\width=32'00000000000000000000000000101001\guarded=1'1'.
Parameter \width = 10
Parameter \guarded = 1'1

13.5. Executing AST frontend in derive mode using pre-parsed AST for module `\FIFO1'.
Parameter \width = 10
Parameter \guarded = 1'1
Generating RTLIL representation for module `$paramod\FIFO1\width=32'00000000000000000000000000001010\guarded=1'1'.
Parameter \width = 390
Parameter \guarded = 1'1

13.6. Executing AST frontend in derive mode using pre-parsed AST for module `\FIFO1'.
Parameter \width = 390
Parameter \guarded = 1'1
Generating RTLIL representation for module `$paramod\FIFO1\width=32'00000000000000000000000110000110\guarded=1'1'.
Parameter \width = 67
Parameter \guarded = 1'1

13.7. Executing AST frontend in derive mode using pre-parsed AST for module `\FIFO1'.
Parameter \width = 67
Parameter \guarded = 1'1
Generating RTLIL representation for module `$paramod\FIFO1\width=32'00000000000000000000000001000011\guarded=1'1'.
Parameter \width = 36
Parameter \guarded = 1'1

13.8. Executing AST frontend in derive mode using pre-parsed AST for module `\FIFO2'.
Parameter \width = 36
Parameter \guarded = 1'1
Generating RTLIL representation for module `$paramod\FIFO2\width=32'00000000000000000000000000100100\guarded=1'1'.
Parameter \width = 38
Parameter \guarded = 1'1

13.9. Executing AST frontend in derive mode using pre-parsed AST for module `\FIFO2'.
Parameter \width = 38
Parameter \guarded = 1'1
Generating RTLIL representation for module `$paramod\FIFO2\width=32'00000000000000000000000000100110\guarded=1'1'.
Parameter \width = 41
Parameter \guarded = 1'1
Found cached RTLIL representation for module `$paramod\FIFO1\width=32'00000000000000000000000000101001\guarded=1'1'.
Parameter \width = 35
Parameter \guarded = 1'1

13.10. Executing AST frontend in derive mode using pre-parsed AST for module `\FIFO2'.
Parameter \width = 35
Parameter \guarded = 1'1
Generating RTLIL representation for module `$paramod\FIFO2\width=32'00000000000000000000000000100011\guarded=1'1'.
Parameter \width = 71
Parameter \guarded = 1'1

13.11. Executing AST frontend in derive mode using pre-parsed AST for module `\FIFO1'.
Parameter \width = 71
Parameter \guarded = 1'1
Generating RTLIL representation for module `$paramod\FIFO1\width=32'00000000000000000000000001000111\guarded=1'1'.
Parameter \width = 138
Parameter \guarded = 1'1

13.12. Executing AST frontend in derive mode using pre-parsed AST for module `\FIFO2'.
Parameter \width = 138
Parameter \guarded = 1'1
Generating RTLIL representation for module `$paramod\FIFO2\width=32'00000000000000000000000010001010\guarded=1'1'.
Parameter \width = 3
Parameter \guarded = 1'1

13.13. Executing AST frontend in derive mode using pre-parsed AST for module `\FIFO2'.
Parameter \width = 3
Parameter \guarded = 1'1
Generating RTLIL representation for module `$paramod\FIFO2\width=32'00000000000000000000000000000011\guarded=1'1'.
Parameter \width = 3
Parameter \guarded = 1'1
Found cached RTLIL representation for module `$paramod\FIFO2\width=32'00000000000000000000000000000011\guarded=1'1'.

13.14. Analyzing design hierarchy..
Top module:  \mkPositCore
Used module:     \mkQuire
Used module:         \module_fn_twosC_quire
Used module:         $paramod$a0c6df3c1489bcd5c1c6c2071c80faf091665997\SizedFIFO
Used module:         $paramod$77feb722284cbb4b2efebea6faec56b4318dabcc\SizedFIFO
Used module:         $paramod\FIFO1\width=32'00000000000000000000000000101001\guarded=1'1
Used module:         $paramod\FIFO1\width=32'00000000000000000000000000001010\guarded=1'1
Used module:     \mkPtoF_PNE
Used module:         $paramod\FIFO2\width=32'00000000000000000000000000100011\guarded=1'1
Used module:     \mkNormalizer
Used module:         $paramod\FIFO2\width=32'00000000000000000000000000100100\guarded=1'1
Used module:     \mkMultiplier
Used module:         $paramod\FIFO1\width=32'00000000000000000000000110000110\guarded=1'1
Used module:         $paramod\FIFO1\width=32'00000000000000000000000001000011\guarded=1'1
Used module:     \mkFtoP_PNE
Used module:     $paramod\FIFO1\width=32'00000000000000000000000001000111\guarded=1'1
Used module:     $paramod\FIFO2\width=32'00000000000000000000000010001010\guarded=1'1
Used module:     \mkExtracter
Used module:         $paramod\FIFO2\width=32'00000000000000000000000000100110\guarded=1'1
Used module:     $paramod\FIFO2\width=32'00000000000000000000000000000011\guarded=1'1

13.15. Analyzing design hierarchy..
Top module:  \mkPositCore
Used module:     \mkQuire
Used module:         \module_fn_twosC_quire
Used module:         $paramod$a0c6df3c1489bcd5c1c6c2071c80faf091665997\SizedFIFO
Used module:         $paramod$77feb722284cbb4b2efebea6faec56b4318dabcc\SizedFIFO
Used module:         $paramod\FIFO1\width=32'00000000000000000000000000101001\guarded=1'1
Used module:         $paramod\FIFO1\width=32'00000000000000000000000000001010\guarded=1'1
Used module:     \mkPtoF_PNE
Used module:         $paramod\FIFO2\width=32'00000000000000000000000000100011\guarded=1'1
Used module:     \mkNormalizer
Used module:         $paramod\FIFO2\width=32'00000000000000000000000000100100\guarded=1'1
Used module:     \mkMultiplier
Used module:         $paramod\FIFO1\width=32'00000000000000000000000110000110\guarded=1'1
Used module:         $paramod\FIFO1\width=32'00000000000000000000000001000011\guarded=1'1
Used module:     \mkFtoP_PNE
Used module:     $paramod\FIFO1\width=32'00000000000000000000000001000111\guarded=1'1
Used module:     $paramod\FIFO2\width=32'00000000000000000000000010001010\guarded=1'1
Used module:     \mkExtracter
Used module:         $paramod\FIFO2\width=32'00000000000000000000000000100110\guarded=1'1
Used module:     $paramod\FIFO2\width=32'00000000000000000000000000000011\guarded=1'1
Removing unused module `\RegFile'.
Removing unused module `\SizedFIFO'.
Removing unused module `\FIFO2'.
Removing unused module `\FIFO1'.
Removed 4 unused modules.

14. Executing SYNTH pass.

14.1. Executing HIERARCHY pass (managing design hierarchy).

14.1.1. Analyzing design hierarchy..
Top module:  \mkPositCore
Used module:     \mkQuire
Used module:         \module_fn_twosC_quire
Used module:         $paramod$a0c6df3c1489bcd5c1c6c2071c80faf091665997\SizedFIFO
Used module:         $paramod$77feb722284cbb4b2efebea6faec56b4318dabcc\SizedFIFO
Used module:         $paramod\FIFO1\width=32'00000000000000000000000000101001\guarded=1'1
Used module:         $paramod\FIFO1\width=32'00000000000000000000000000001010\guarded=1'1
Used module:     \mkPtoF_PNE
Used module:         $paramod\FIFO2\width=32'00000000000000000000000000100011\guarded=1'1
Used module:     \mkNormalizer
Used module:         $paramod\FIFO2\width=32'00000000000000000000000000100100\guarded=1'1
Used module:     \mkMultiplier
Used module:         $paramod\FIFO1\width=32'00000000000000000000000110000110\guarded=1'1
Used module:         $paramod\FIFO1\width=32'00000000000000000000000001000011\guarded=1'1
Used module:     \mkFtoP_PNE
Used module:     $paramod\FIFO1\width=32'00000000000000000000000001000111\guarded=1'1
Used module:     $paramod\FIFO2\width=32'00000000000000000000000010001010\guarded=1'1
Used module:     \mkExtracter
Used module:         $paramod\FIFO2\width=32'00000000000000000000000000100110\guarded=1'1
Used module:     $paramod\FIFO2\width=32'00000000000000000000000000000011\guarded=1'1

14.1.2. Analyzing design hierarchy..
Top module:  \mkPositCore
Used module:     \mkQuire
Used module:         \module_fn_twosC_quire
Used module:         $paramod$a0c6df3c1489bcd5c1c6c2071c80faf091665997\SizedFIFO
Used module:         $paramod$77feb722284cbb4b2efebea6faec56b4318dabcc\SizedFIFO
Used module:         $paramod\FIFO1\width=32'00000000000000000000000000101001\guarded=1'1
Used module:         $paramod\FIFO1\width=32'00000000000000000000000000001010\guarded=1'1
Used module:     \mkPtoF_PNE
Used module:         $paramod\FIFO2\width=32'00000000000000000000000000100011\guarded=1'1
Used module:     \mkNormalizer
Used module:         $paramod\FIFO2\width=32'00000000000000000000000000100100\guarded=1'1
Used module:     \mkMultiplier
Used module:         $paramod\FIFO1\width=32'00000000000000000000000110000110\guarded=1'1
Used module:         $paramod\FIFO1\width=32'00000000000000000000000001000011\guarded=1'1
Used module:     \mkFtoP_PNE
Used module:     $paramod\FIFO1\width=32'00000000000000000000000001000111\guarded=1'1
Used module:     $paramod\FIFO2\width=32'00000000000000000000000010001010\guarded=1'1
Used module:     \mkExtracter
Used module:         $paramod\FIFO2\width=32'00000000000000000000000000100110\guarded=1'1
Used module:     $paramod\FIFO2\width=32'00000000000000000000000000000011\guarded=1'1
Removed 0 unused modules.

14.2. Executing PROC pass (convert processes to netlists).

14.2.1. Executing PROC_CLEAN pass (remove empty switches from decision trees).
Cleaned up 0 empty switches.

14.2.2. Executing PROC_RMDEAD pass (remove dead branches from decision trees).
Marked 3 switch rules as full_case in process $proc$/teamspace/studios/this_studio/Melodica-Integration-into-Fife-Core/bsc/lib/Verilog/FIFO2.v:81$1315 in module $paramod\FIFO2\width=32'00000000000000000000000000100110\guarded=1'1.
Marked 3 switch rules as full_case in process $proc$/teamspace/studios/this_studio/Melodica-Integration-into-Fife-Core/bsc/lib/Verilog/FIFO2.v:81$1283 in module $paramod\FIFO2\width=32'00000000000000000000000000100100\guarded=1'1.
Marked 3 switch rules as full_case in process $proc$/teamspace/studios/this_studio/Melodica-Integration-into-Fife-Core/bsc/lib/Verilog/FIFO1.v:73$1263 in module $paramod\FIFO1\width=32'00000000000000000000000001000011\guarded=1'1.
Marked 3 switch rules as full_case in process $proc$/teamspace/studios/this_studio/Melodica-Integration-into-Fife-Core/bsc/lib/Verilog/FIFO1.v:73$1259 in module $paramod\FIFO1\width=32'00000000000000000000000110000110\guarded=1'1.
Marked 3 switch rules as full_case in process $proc$/teamspace/studios/this_studio/Melodica-Integration-into-Fife-Core/bsc/lib/Verilog/FIFO1.v:73$1255 in module $paramod\FIFO1\width=32'00000000000000000000000000001010\guarded=1'1.
Marked 3 switch rules as full_case in process $proc$/teamspace/studios/this_studio/Melodica-Integration-into-Fife-Core/bsc/lib/Verilog/FIFO1.v:73$1251 in module $paramod\FIFO1\width=32'00000000000000000000000000101001\guarded=1'1.
Marked 1 switch rules as full_case in process $proc$/teamspace/studios/this_studio/Melodica-Integration-into-Fife-Core/bsc/lib/Verilog/SizedFIFO.v:190$1234 in module $paramod$77feb722284cbb4b2efebea6faec56b4318dabcc\SizedFIFO.
Marked 1 switch rules as full_case in process $proc$/teamspace/studios/this_studio/Melodica-Integration-into-Fife-Core/bsc/lib/Verilog/SizedFIFO.v:107$1226 in module $paramod$77feb722284cbb4b2efebea6faec56b4318dabcc\SizedFIFO.
Marked 1 switch rules as full_case in process $proc$/teamspace/studios/this_studio/Melodica-Integration-into-Fife-Core/bsc/lib/Verilog/SizedFIFO.v:190$1203 in module $paramod$a0c6df3c1489bcd5c1c6c2071c80faf091665997\SizedFIFO.
Marked 1 switch rules as full_case in process $proc$/teamspace/studios/this_studio/Melodica-Integration-into-Fife-Core/bsc/lib/Verilog/SizedFIFO.v:107$1195 in module $paramod$a0c6df3c1489bcd5c1c6c2071c80faf091665997\SizedFIFO.
Marked 1 switch rules as full_case in process $proc$/teamspace/studios/this_studio/Melodica-Integration-into-Fife-Core/Learn_Bluespec_and_RISCV_Design/Code/Build/Fife/verilog/mkPositCore.v:571$1186 in module mkPositCore.
Marked 1 switch rules as full_case in process $proc$/teamspace/studios/this_studio/Melodica-Integration-into-Fife-Core/Learn_Bluespec_and_RISCV_Design/Code/Build/Fife/verilog/mkPtoF_PNE.v:220$1060 in module mkPtoF_PNE.
Marked 1 switch rules as full_case in process $proc$/teamspace/studios/this_studio/Melodica-Integration-into-Fife-Core/Learn_Bluespec_and_RISCV_Design/Code/Build/Fife/verilog/mkPtoF_PNE.v:212$1058 in module mkPtoF_PNE.
Marked 1 switch rules as full_case in process $proc$/teamspace/studios/this_studio/Melodica-Integration-into-Fife-Core/Learn_Bluespec_and_RISCV_Design/Code/Build/Fife/verilog/mkNormalizer.v:193$927 in module mkNormalizer.
Marked 1 switch rules as full_case in process $proc$/teamspace/studios/this_studio/Melodica-Integration-into-Fife-Core/Learn_Bluespec_and_RISCV_Design/Code/Build/Fife/verilog/mkNormalizer.v:171$926 in module mkNormalizer.
Marked 1 switch rules as full_case in process $proc$/teamspace/studios/this_studio/Melodica-Integration-into-Fife-Core/Learn_Bluespec_and_RISCV_Design/Code/Build/Fife/verilog/mkNormalizer.v:157$925 in module mkNormalizer.
Marked 1 switch rules as full_case in process $proc$/teamspace/studios/this_studio/Melodica-Integration-into-Fife-Core/Learn_Bluespec_and_RISCV_Design/Code/Build/Fife/verilog/mkQuire.v:2708$868 in module mkQuire.
Marked 1 switch rules as full_case in process $proc$/teamspace/studios/this_studio/Melodica-Integration-into-Fife-Core/Learn_Bluespec_and_RISCV_Design/Code/Build/Fife/verilog/mkQuire.v:1979$650 in module mkQuire.
Marked 1 switch rules as full_case in process $proc$/teamspace/studios/this_studio/Melodica-Integration-into-Fife-Core/Learn_Bluespec_and_RISCV_Design/Code/Build/Fife/verilog/mkQuire.v:1953$636 in module mkQuire.
Marked 1 switch rules as full_case in process $proc$/teamspace/studios/this_studio/Melodica-Integration-into-Fife-Core/Learn_Bluespec_and_RISCV_Design/Code/Build/Fife/verilog/mkQuire.v:1927$622 in module mkQuire.
Marked 1 switch rules as full_case in process $proc$/teamspace/studios/this_studio/Melodica-Integration-into-Fife-Core/Learn_Bluespec_and_RISCV_Design/Code/Build/Fife/verilog/mkQuire.v:1901$608 in module mkQuire.
Marked 1 switch rules as full_case in process $proc$/teamspace/studios/this_studio/Melodica-Integration-into-Fife-Core/Learn_Bluespec_and_RISCV_Design/Code/Build/Fife/verilog/mkQuire.v:1875$594 in module mkQuire.
Marked 1 switch rules as full_case in process $proc$/teamspace/studios/this_studio/Melodica-Integration-into-Fife-Core/Learn_Bluespec_and_RISCV_Design/Code/Build/Fife/verilog/mkQuire.v:1849$580 in module mkQuire.
Marked 1 switch rules as full_case in process $proc$/teamspace/studios/this_studio/Melodica-Integration-into-Fife-Core/Learn_Bluespec_and_RISCV_Design/Code/Build/Fife/verilog/mkQuire.v:1823$566 in module mkQuire.
Marked 1 switch rules as full_case in process $proc$/teamspace/studios/this_studio/Melodica-Integration-into-Fife-Core/Learn_Bluespec_and_RISCV_Design/Code/Build/Fife/verilog/mkQuire.v:1797$552 in module mkQuire.
Marked 1 switch rules as full_case in process $proc$/teamspace/studios/this_studio/Melodica-Integration-into-Fife-Core/Learn_Bluespec_and_RISCV_Design/Code/Build/Fife/verilog/mkQuire.v:1774$539 in module mkQuire.
Marked 1 switch rules as full_case in process $proc$/teamspace/studios/this_studio/Melodica-Integration-into-Fife-Core/Learn_Bluespec_and_RISCV_Design/Code/Build/Fife/verilog/mkQuire.v:1748$525 in module mkQuire.
Marked 1 switch rules as full_case in process $proc$/teamspace/studios/this_studio/Melodica-Integration-into-Fife-Core/Learn_Bluespec_and_RISCV_Design/Code/Build/Fife/verilog/mkQuire.v:1722$511 in module mkQuire.
Marked 1 switch rules as full_case in process $proc$/teamspace/studios/this_studio/Melodica-Integration-into-Fife-Core/Learn_Bluespec_and_RISCV_Design/Code/Build/Fife/verilog/mkQuire.v:1696$497 in module mkQuire.
Marked 1 switch rules as full_case in process $proc$/teamspace/studios/this_studio/Melodica-Integration-into-Fife-Core/Learn_Bluespec_and_RISCV_Design/Code/Build/Fife/verilog/mkQuire.v:1670$483 in module mkQuire.
Marked 1 switch rules as full_case in process $proc$/teamspace/studios/this_studio/Melodica-Integration-into-Fife-Core/Learn_Bluespec_and_RISCV_Design/Code/Build/Fife/verilog/mkQuire.v:1645$473 in module mkQuire.
Marked 1 switch rules as full_case in process $proc$/teamspace/studios/this_studio/Melodica-Integration-into-Fife-Core/Learn_Bluespec_and_RISCV_Design/Code/Build/Fife/verilog/mkQuire.v:1620$463 in module mkQuire.
Marked 1 switch rules as full_case in process $proc$/teamspace/studios/this_studio/Melodica-Integration-into-Fife-Core/Learn_Bluespec_and_RISCV_Design/Code/Build/Fife/verilog/mkQuire.v:1595$453 in module mkQuire.
Marked 1 switch rules as full_case in process $proc$/teamspace/studios/this_studio/Melodica-Integration-into-Fife-Core/Learn_Bluespec_and_RISCV_Design/Code/Build/Fife/verilog/mkQuire.v:1570$443 in module mkQuire.
Marked 1 switch rules as full_case in process $proc$/teamspace/studios/this_studio/Melodica-Integration-into-Fife-Core/Learn_Bluespec_and_RISCV_Design/Code/Build/Fife/verilog/mkQuire.v:1545$433 in module mkQuire.
Marked 1 switch rules as full_case in process $proc$/teamspace/studios/this_studio/Melodica-Integration-into-Fife-Core/Learn_Bluespec_and_RISCV_Design/Code/Build/Fife/verilog/mkQuire.v:1520$423 in module mkQuire.
Marked 1 switch rules as full_case in process $proc$/teamspace/studios/this_studio/Melodica-Integration-into-Fife-Core/Learn_Bluespec_and_RISCV_Design/Code/Build/Fife/verilog/mkQuire.v:1495$413 in module mkQuire.
Marked 1 switch rules as full_case in process $proc$/teamspace/studios/this_studio/Melodica-Integration-into-Fife-Core/Learn_Bluespec_and_RISCV_Design/Code/Build/Fife/verilog/mkQuire.v:1470$403 in module mkQuire.
Marked 1 switch rules as full_case in process $proc$/teamspace/studios/this_studio/Melodica-Integration-into-Fife-Core/Learn_Bluespec_and_RISCV_Design/Code/Build/Fife/verilog/mkQuire.v:1445$393 in module mkQuire.
Marked 1 switch rules as full_case in process $proc$/teamspace/studios/this_studio/Melodica-Integration-into-Fife-Core/Learn_Bluespec_and_RISCV_Design/Code/Build/Fife/verilog/mkQuire.v:1420$383 in module mkQuire.
Marked 1 switch rules as full_case in process $proc$/teamspace/studios/this_studio/Melodica-Integration-into-Fife-Core/Learn_Bluespec_and_RISCV_Design/Code/Build/Fife/verilog/mkQuire.v:1395$373 in module mkQuire.
Marked 1 switch rules as full_case in process $proc$/teamspace/studios/this_studio/Melodica-Integration-into-Fife-Core/Learn_Bluespec_and_RISCV_Design/Code/Build/Fife/verilog/mkQuire.v:1371$363 in module mkQuire.
Marked 1 switch rules as full_case in process $proc$/teamspace/studios/this_studio/Melodica-Integration-into-Fife-Core/Learn_Bluespec_and_RISCV_Design/Code/Build/Fife/verilog/mkQuire.v:1348$353 in module mkQuire.
Marked 3 switch rules as full_case in process $proc$/teamspace/studios/this_studio/Melodica-Integration-into-Fife-Core/bsc/lib/Verilog/FIFO2.v:81$1415 in module $paramod\FIFO2\width=32'00000000000000000000000000000011\guarded=1'1.
Marked 3 switch rules as full_case in process $proc$/teamspace/studios/this_studio/Melodica-Integration-into-Fife-Core/bsc/lib/Verilog/FIFO2.v:81$1383 in module $paramod\FIFO2\width=32'00000000000000000000000010001010\guarded=1'1.
Marked 3 switch rules as full_case in process $proc$/teamspace/studios/this_studio/Melodica-Integration-into-Fife-Core/bsc/lib/Verilog/FIFO1.v:73$1363 in module $paramod\FIFO1\width=32'00000000000000000000000001000111\guarded=1'1.
Marked 3 switch rules as full_case in process $proc$/teamspace/studios/this_studio/Melodica-Integration-into-Fife-Core/bsc/lib/Verilog/FIFO2.v:81$1347 in module $paramod\FIFO2\width=32'00000000000000000000000000100011\guarded=1'1.
Removed a total of 0 dead cases.

14.2.3. Executing PROC_PRUNE pass (remove redundant assignments in processes).
Removed 0 redundant assignments.
Promoted 47 assignments to connections.

14.2.4. Executing PROC_INIT pass (extract init attributes).

14.2.5. Executing PROC_ARST pass (detect async resets in processes).

14.2.6. Executing PROC_ROM pass (convert switches to ROMs).
Converted 1 switch.
<suppressed ~120 debug messages>

14.2.7. Executing PROC_MUX pass (convert decision trees to multiplexers).
Creating decoders for process `$paramod\FIFO2\width=32'00000000000000000000000000100110\guarded=1'1.$proc$/teamspace/studios/this_studio/Melodica-Integration-into-Fife-Core/bsc/lib/Verilog/FIFO2.v:110$1323'.
Creating decoders for process `$paramod\FIFO2\width=32'00000000000000000000000000100110\guarded=1'1.$proc$/teamspace/studios/this_studio/Melodica-Integration-into-Fife-Core/bsc/lib/Verilog/FIFO2.v:81$1315'.
     1/2: $0\full_reg[0:0]
     2/2: $0\empty_reg[0:0]
Creating decoders for process `$paramod\FIFO2\width=32'00000000000000000000000000100100\guarded=1'1.$proc$/teamspace/studios/this_studio/Melodica-Integration-into-Fife-Core/bsc/lib/Verilog/FIFO2.v:110$1291'.
Creating decoders for process `$paramod\FIFO2\width=32'00000000000000000000000000100100\guarded=1'1.$proc$/teamspace/studios/this_studio/Melodica-Integration-into-Fife-Core/bsc/lib/Verilog/FIFO2.v:81$1283'.
     1/2: $0\full_reg[0:0]
     2/2: $0\empty_reg[0:0]
Creating decoders for process `$paramod\FIFO1\width=32'00000000000000000000000001000011\guarded=1'1.$proc$/teamspace/studios/this_studio/Melodica-Integration-into-Fife-Core/bsc/lib/Verilog/FIFO1.v:96$1265'.
     1/1: $0\D_OUT[66:0]
Creating decoders for process `$paramod\FIFO1\width=32'00000000000000000000000001000011\guarded=1'1.$proc$/teamspace/studios/this_studio/Melodica-Integration-into-Fife-Core/bsc/lib/Verilog/FIFO1.v:73$1263'.
     1/1: $0\empty_reg[0:0]
Creating decoders for process `$paramod\FIFO1\width=32'00000000000000000000000110000110\guarded=1'1.$proc$/teamspace/studios/this_studio/Melodica-Integration-into-Fife-Core/bsc/lib/Verilog/FIFO1.v:96$1261'.
     1/1: $0\D_OUT[389:0]
Creating decoders for process `$paramod\FIFO1\width=32'00000000000000000000000110000110\guarded=1'1.$proc$/teamspace/studios/this_studio/Melodica-Integration-into-Fife-Core/bsc/lib/Verilog/FIFO1.v:73$1259'.
     1/1: $0\empty_reg[0:0]
Creating decoders for process `$paramod\FIFO1\width=32'00000000000000000000000000001010\guarded=1'1.$proc$/teamspace/studios/this_studio/Melodica-Integration-into-Fife-Core/bsc/lib/Verilog/FIFO1.v:96$1257'.
     1/1: $0\D_OUT[9:0]
Creating decoders for process `$paramod\FIFO1\width=32'00000000000000000000000000001010\guarded=1'1.$proc$/teamspace/studios/this_studio/Melodica-Integration-into-Fife-Core/bsc/lib/Verilog/FIFO1.v:73$1255'.
     1/1: $0\empty_reg[0:0]
Creating decoders for process `$paramod\FIFO1\width=32'00000000000000000000000000101001\guarded=1'1.$proc$/teamspace/studios/this_studio/Melodica-Integration-into-Fife-Core/bsc/lib/Verilog/FIFO1.v:96$1253'.
     1/1: $0\D_OUT[40:0]
Creating decoders for process `$paramod\FIFO1\width=32'00000000000000000000000000101001\guarded=1'1.$proc$/teamspace/studios/this_studio/Melodica-Integration-into-Fife-Core/bsc/lib/Verilog/FIFO1.v:73$1251'.
     1/1: $0\empty_reg[0:0]
Creating decoders for process `$paramod$77feb722284cbb4b2efebea6faec56b4318dabcc\SizedFIFO.$proc$/teamspace/studios/this_studio/Melodica-Integration-into-Fife-Core/bsc/lib/Verilog/SizedFIFO.v:190$1234'.
     1/3: $1$memwr$\arr$/teamspace/studios/this_studio/Melodica-Integration-into-Fife-Core/bsc/lib/Verilog/SizedFIFO.v:206$1219_EN[0:0]$1249
     2/3: $1$memwr$\arr$/teamspace/studios/this_studio/Melodica-Integration-into-Fife-Core/bsc/lib/Verilog/SizedFIFO.v:206$1219_DATA[0:0]$1248
     3/3: $1$memwr$\arr$/teamspace/studios/this_studio/Melodica-Integration-into-Fife-Core/bsc/lib/Verilog/SizedFIFO.v:206$1219_ADDR[1:0]$1247
Creating decoders for process `$paramod$77feb722284cbb4b2efebea6faec56b4318dabcc\SizedFIFO.$proc$/teamspace/studios/this_studio/Melodica-Integration-into-Fife-Core/bsc/lib/Verilog/SizedFIFO.v:167$1231'.
     1/1: $0\D_OUT[0:0]
Creating decoders for process `$paramod$77feb722284cbb4b2efebea6faec56b4318dabcc\SizedFIFO.$proc$/teamspace/studios/this_studio/Melodica-Integration-into-Fife-Core/bsc/lib/Verilog/SizedFIFO.v:107$1226'.
     1/5: $0\hasodata[0:0]
     2/5: $0\tail[1:0]
     3/5: $0\head[1:0]
     4/5: $0\ring_empty[0:0]
     5/5: $0\not_ring_full[0:0]
Creating decoders for process `$paramod$a0c6df3c1489bcd5c1c6c2071c80faf091665997\SizedFIFO.$proc$/teamspace/studios/this_studio/Melodica-Integration-into-Fife-Core/bsc/lib/Verilog/SizedFIFO.v:190$1203'.
     1/3: $1$memwr$\arr$/teamspace/studios/this_studio/Melodica-Integration-into-Fife-Core/bsc/lib/Verilog/SizedFIFO.v:206$1188_EN[31:0]$1218
     2/3: $1$memwr$\arr$/teamspace/studios/this_studio/Melodica-Integration-into-Fife-Core/bsc/lib/Verilog/SizedFIFO.v:206$1188_DATA[31:0]$1217
     3/3: $1$memwr$\arr$/teamspace/studios/this_studio/Melodica-Integration-into-Fife-Core/bsc/lib/Verilog/SizedFIFO.v:206$1188_ADDR[1:0]$1216
Creating decoders for process `$paramod$a0c6df3c1489bcd5c1c6c2071c80faf091665997\SizedFIFO.$proc$/teamspace/studios/this_studio/Melodica-Integration-into-Fife-Core/bsc/lib/Verilog/SizedFIFO.v:167$1200'.
     1/1: $0\D_OUT[31:0]
Creating decoders for process `$paramod$a0c6df3c1489bcd5c1c6c2071c80faf091665997\SizedFIFO.$proc$/teamspace/studios/this_studio/Melodica-Integration-into-Fife-Core/bsc/lib/Verilog/SizedFIFO.v:107$1195'.
     1/5: $0\hasodata[0:0]
     2/5: $0\tail[1:0]
     3/5: $0\head[1:0]
     4/5: $0\ring_empty[0:0]
     5/5: $0\not_ring_full[0:0]
Creating decoders for process `\mkPositCore.$proc$/teamspace/studios/this_studio/Melodica-Integration-into-Fife-Core/Learn_Bluespec_and_RISCV_Design/Code/Build/Fife/verilog/mkPositCore.v:571$1186'.
     1/1: $0\rg_inflight[7:0]
Creating decoders for process `\mkPtoF_PNE.$proc$/teamspace/studios/this_studio/Melodica-Integration-into-Fife-Core/Learn_Bluespec_and_RISCV_Design/Code/Build/Fife/verilog/mkPtoF_PNE.v:220$1060'.
     1/1: $1\CASE_float_no69_0_2_4286578688_1_0__q3[1:0]
Creating decoders for process `\mkPtoF_PNE.$proc$/teamspace/studios/this_studio/Melodica-Integration-into-Fife-Core/Learn_Bluespec_and_RISCV_Design/Code/Build/Fife/verilog/mkPtoF_PNE.v:212$1058'.
     1/1: $1\float_no__h169[31:0]
Creating decoders for process `\mkNormalizer.$proc$/teamspace/studios/this_studio/Melodica-Integration-into-Fife-Core/Learn_Bluespec_and_RISCV_Design/Code/Build/Fife/verilog/mkNormalizer.v:193$927'.
     1/1: $1\output_regf_posit__h174[31:0]
Creating decoders for process `\mkNormalizer.$proc$/teamspace/studios/this_studio/Melodica-Integration-into-Fife-Core/Learn_Bluespec_and_RISCV_Design/Code/Build/Fife/verilog/mkNormalizer.v:171$926'.
     1/1: $1\IF_request_put_BITS_36_TO_27_SRA_4_BITS_3_TO_0_ETC___d55[30:0]
Creating decoders for process `\mkNormalizer.$proc$/teamspace/studios/this_studio/Melodica-Integration-into-Fife-Core/Learn_Bluespec_and_RISCV_Design/Code/Build/Fife/verilog/mkNormalizer.v:157$925'.
     1/1: $1\_theResult___fst__h312[5:0]
Creating decoders for process `\mkQuire.$proc$/teamspace/studios/this_studio/Melodica-Integration-into-Fife-Core/Learn_Bluespec_and_RISCV_Design/Code/Build/Fife/verilog/mkQuire.v:2708$868'.
     1/32: $0\zero_counter_rg_seg_counter_busy[0:0]
     2/32: $0\zero_counter_rg_numZeroSegs[3:0]
     3/32: $0\zero_counter_rg_firstNonZeroSeg[31:0]
     4/32: $0\vrg_quire_seg_zero_9[0:0]
     5/32: $0\vrg_quire_seg_zero_8[0:0]
     6/32: $0\vrg_quire_seg_zero_7[0:0]
     7/32: $0\vrg_quire_seg_zero_6[0:0]
     8/32: $0\vrg_quire_seg_zero_5[0:0]
     9/32: $0\vrg_quire_seg_zero_4[0:0]
    10/32: $0\vrg_quire_seg_zero_3[0:0]
    11/32: $0\vrg_quire_seg_zero_2[0:0]
    12/32: $0\vrg_quire_seg_zero_12[0:0]
    13/32: $0\vrg_quire_seg_zero_11[0:0]
    14/32: $0\vrg_quire_seg_zero_10[0:0]
    15/32: $0\vrg_quire_seg_zero_1[0:0]
    16/32: $0\vrg_quire_seg_zero_0[0:0]
    17/32: $0\vrg_quire_9[31:0]
    18/32: $0\vrg_quire_8[31:0]
    19/32: $0\vrg_quire_7[31:0]
    20/32: $0\vrg_quire_6[31:0]
    21/32: $0\vrg_quire_5[31:0]
    22/32: $0\vrg_quire_4[31:0]
    23/32: $0\vrg_quire_3[31:0]
    24/32: $0\vrg_quire_2[31:0]
    25/32: $0\vrg_quire_12[31:0]
    26/32: $0\vrg_quire_11[31:0]
    27/32: $0\vrg_quire_10[31:0]
    28/32: $0\vrg_quire_1[31:0]
    29/32: $0\vrg_quire_0[31:0]
    30/32: $0\seg_adder_rg_inFlight[3:0]
    31/32: $0\rg_seg_zero_upd[0:0]
    32/32: $0\rg_read_busy[0:0]
Creating decoders for process `\mkQuire.$proc$/teamspace/studios/this_studio/Melodica-Integration-into-Fife-Core/Learn_Bluespec_and_RISCV_Design/Code/Build/Fife/verilog/mkQuire.v:1979$650'.
     1/1: $1\vrg_quire_seg_zero_9$D_IN[0:0]$652
Creating decoders for process `\mkQuire.$proc$/teamspace/studios/this_studio/Melodica-Integration-into-Fife-Core/Learn_Bluespec_and_RISCV_Design/Code/Build/Fife/verilog/mkQuire.v:1953$636'.
     1/1: $1\vrg_quire_seg_zero_8$D_IN[0:0]$638
Creating decoders for process `\mkQuire.$proc$/teamspace/studios/this_studio/Melodica-Integration-into-Fife-Core/Learn_Bluespec_and_RISCV_Design/Code/Build/Fife/verilog/mkQuire.v:1927$622'.
     1/1: $1\vrg_quire_seg_zero_7$D_IN[0:0]$624
Creating decoders for process `\mkQuire.$proc$/teamspace/studios/this_studio/Melodica-Integration-into-Fife-Core/Learn_Bluespec_and_RISCV_Design/Code/Build/Fife/verilog/mkQuire.v:1901$608'.
     1/1: $1\vrg_quire_seg_zero_6$D_IN[0:0]$610
Creating decoders for process `\mkQuire.$proc$/teamspace/studios/this_studio/Melodica-Integration-into-Fife-Core/Learn_Bluespec_and_RISCV_Design/Code/Build/Fife/verilog/mkQuire.v:1875$594'.
     1/1: $1\vrg_quire_seg_zero_5$D_IN[0:0]$596
Creating decoders for process `\mkQuire.$proc$/teamspace/studios/this_studio/Melodica-Integration-into-Fife-Core/Learn_Bluespec_and_RISCV_Design/Code/Build/Fife/verilog/mkQuire.v:1849$580'.
     1/1: $1\vrg_quire_seg_zero_4$D_IN[0:0]$582
Creating decoders for process `\mkQuire.$proc$/teamspace/studios/this_studio/Melodica-Integration-into-Fife-Core/Learn_Bluespec_and_RISCV_Design/Code/Build/Fife/verilog/mkQuire.v:1823$566'.
     1/1: $1\vrg_quire_seg_zero_3$D_IN[0:0]$568
Creating decoders for process `\mkQuire.$proc$/teamspace/studios/this_studio/Melodica-Integration-into-Fife-Core/Learn_Bluespec_and_RISCV_Design/Code/Build/Fife/verilog/mkQuire.v:1797$552'.
     1/1: $1\vrg_quire_seg_zero_2$D_IN[0:0]$554
Creating decoders for process `\mkQuire.$proc$/teamspace/studios/this_studio/Melodica-Integration-into-Fife-Core/Learn_Bluespec_and_RISCV_Design/Code/Build/Fife/verilog/mkQuire.v:1774$539'.
     1/1: $1\vrg_quire_seg_zero_12$D_IN[0:0]$541
Creating decoders for process `\mkQuire.$proc$/teamspace/studios/this_studio/Melodica-Integration-into-Fife-Core/Learn_Bluespec_and_RISCV_Design/Code/Build/Fife/verilog/mkQuire.v:1748$525'.
     1/1: $1\vrg_quire_seg_zero_11$D_IN[0:0]$527
Creating decoders for process `\mkQuire.$proc$/teamspace/studios/this_studio/Melodica-Integration-into-Fife-Core/Learn_Bluespec_and_RISCV_Design/Code/Build/Fife/verilog/mkQuire.v:1722$511'.
     1/1: $1\vrg_quire_seg_zero_10$D_IN[0:0]$513
Creating decoders for process `\mkQuire.$proc$/teamspace/studios/this_studio/Melodica-Integration-into-Fife-Core/Learn_Bluespec_and_RISCV_Design/Code/Build/Fife/verilog/mkQuire.v:1696$497'.
     1/1: $1\vrg_quire_seg_zero_1$D_IN[0:0]$499
Creating decoders for process `\mkQuire.$proc$/teamspace/studios/this_studio/Melodica-Integration-into-Fife-Core/Learn_Bluespec_and_RISCV_Design/Code/Build/Fife/verilog/mkQuire.v:1670$483'.
     1/1: $1\vrg_quire_seg_zero_0$D_IN[0:0]$485
Creating decoders for process `\mkQuire.$proc$/teamspace/studios/this_studio/Melodica-Integration-into-Fife-Core/Learn_Bluespec_and_RISCV_Design/Code/Build/Fife/verilog/mkQuire.v:1645$473'.
     1/1: $1\vrg_quire_9$D_IN[31:0]$475
Creating decoders for process `\mkQuire.$proc$/teamspace/studios/this_studio/Melodica-Integration-into-Fife-Core/Learn_Bluespec_and_RISCV_Design/Code/Build/Fife/verilog/mkQuire.v:1620$463'.
     1/1: $1\vrg_quire_8$D_IN[31:0]$465
Creating decoders for process `\mkQuire.$proc$/teamspace/studios/this_studio/Melodica-Integration-into-Fife-Core/Learn_Bluespec_and_RISCV_Design/Code/Build/Fife/verilog/mkQuire.v:1595$453'.
     1/1: $1\vrg_quire_7$D_IN[31:0]$455
Creating decoders for process `\mkQuire.$proc$/teamspace/studios/this_studio/Melodica-Integration-into-Fife-Core/Learn_Bluespec_and_RISCV_Design/Code/Build/Fife/verilog/mkQuire.v:1570$443'.
     1/1: $1\vrg_quire_6$D_IN[31:0]$445
Creating decoders for process `\mkQuire.$proc$/teamspace/studios/this_studio/Melodica-Integration-into-Fife-Core/Learn_Bluespec_and_RISCV_Design/Code/Build/Fife/verilog/mkQuire.v:1545$433'.
     1/1: $1\vrg_quire_5$D_IN[31:0]$435
Creating decoders for process `\mkQuire.$proc$/teamspace/studios/this_studio/Melodica-Integration-into-Fife-Core/Learn_Bluespec_and_RISCV_Design/Code/Build/Fife/verilog/mkQuire.v:1520$423'.
     1/1: $1\vrg_quire_4$D_IN[31:0]$425
Creating decoders for process `\mkQuire.$proc$/teamspace/studios/this_studio/Melodica-Integration-into-Fife-Core/Learn_Bluespec_and_RISCV_Design/Code/Build/Fife/verilog/mkQuire.v:1495$413'.
     1/1: $1\vrg_quire_3$D_IN[31:0]$415
Creating decoders for process `\mkQuire.$proc$/teamspace/studios/this_studio/Melodica-Integration-into-Fife-Core/Learn_Bluespec_and_RISCV_Design/Code/Build/Fife/verilog/mkQuire.v:1470$403'.
     1/1: $1\vrg_quire_2$D_IN[31:0]$405
Creating decoders for process `\mkQuire.$proc$/teamspace/studios/this_studio/Melodica-Integration-into-Fife-Core/Learn_Bluespec_and_RISCV_Design/Code/Build/Fife/verilog/mkQuire.v:1445$393'.
     1/1: $1\vrg_quire_12$D_IN[31:0]$395
Creating decoders for process `\mkQuire.$proc$/teamspace/studios/this_studio/Melodica-Integration-into-Fife-Core/Learn_Bluespec_and_RISCV_Design/Code/Build/Fife/verilog/mkQuire.v:1420$383'.
     1/1: $1\vrg_quire_11$D_IN[31:0]$385
Creating decoders for process `\mkQuire.$proc$/teamspace/studios/this_studio/Melodica-Integration-into-Fife-Core/Learn_Bluespec_and_RISCV_Design/Code/Build/Fife/verilog/mkQuire.v:1395$373'.
     1/1: $1\vrg_quire_10$D_IN[31:0]$375
Creating decoders for process `\mkQuire.$proc$/teamspace/studios/this_studio/Melodica-Integration-into-Fife-Core/Learn_Bluespec_and_RISCV_Design/Code/Build/Fife/verilog/mkQuire.v:1371$363'.
     1/1: $1\vrg_quire_1$D_IN[31:0]$365
Creating decoders for process `\mkQuire.$proc$/teamspace/studios/this_studio/Melodica-Integration-into-Fife-Core/Learn_Bluespec_and_RISCV_Design/Code/Build/Fife/verilog/mkQuire.v:1348$353'.
     1/1: $1\vrg_quire_0$D_IN[31:0]$355
Creating decoders for process `$paramod\FIFO2\width=32'00000000000000000000000000000011\guarded=1'1.$proc$/teamspace/studios/this_studio/Melodica-Integration-into-Fife-Core/bsc/lib/Verilog/FIFO2.v:110$1423'.
Creating decoders for process `$paramod\FIFO2\width=32'00000000000000000000000000000011\guarded=1'1.$proc$/teamspace/studios/this_studio/Melodica-Integration-into-Fife-Core/bsc/lib/Verilog/FIFO2.v:81$1415'.
     1/2: $0\full_reg[0:0]
     2/2: $0\empty_reg[0:0]
Creating decoders for process `$paramod\FIFO2\width=32'00000000000000000000000010001010\guarded=1'1.$proc$/teamspace/studios/this_studio/Melodica-Integration-into-Fife-Core/bsc/lib/Verilog/FIFO2.v:110$1391'.
Creating decoders for process `$paramod\FIFO2\width=32'00000000000000000000000010001010\guarded=1'1.$proc$/teamspace/studios/this_studio/Melodica-Integration-into-Fife-Core/bsc/lib/Verilog/FIFO2.v:81$1383'.
     1/2: $0\full_reg[0:0]
     2/2: $0\empty_reg[0:0]
Creating decoders for process `$paramod\FIFO1\width=32'00000000000000000000000001000111\guarded=1'1.$proc$/teamspace/studios/this_studio/Melodica-Integration-into-Fife-Core/bsc/lib/Verilog/FIFO1.v:96$1365'.
     1/1: $0\D_OUT[70:0]
Creating decoders for process `$paramod\FIFO1\width=32'00000000000000000000000001000111\guarded=1'1.$proc$/teamspace/studios/this_studio/Melodica-Integration-into-Fife-Core/bsc/lib/Verilog/FIFO1.v:73$1363'.
     1/1: $0\empty_reg[0:0]
Creating decoders for process `$paramod\FIFO2\width=32'00000000000000000000000000100011\guarded=1'1.$proc$/teamspace/studios/this_studio/Melodica-Integration-into-Fife-Core/bsc/lib/Verilog/FIFO2.v:110$1355'.
Creating decoders for process `$paramod\FIFO2\width=32'00000000000000000000000000100011\guarded=1'1.$proc$/teamspace/studios/this_studio/Melodica-Integration-into-Fife-Core/bsc/lib/Verilog/FIFO2.v:81$1347'.
     1/2: $0\full_reg[0:0]
     2/2: $0\empty_reg[0:0]

14.2.8. Executing PROC_DLATCH pass (convert process syncs to latches).
No latch inferred for signal `\mkPtoF_PNE.\CASE_float_no69_0_2_4286578688_1_0__q3' from process `\mkPtoF_PNE.$proc$/teamspace/studios/this_studio/Melodica-Integration-into-Fife-Core/Learn_Bluespec_and_RISCV_Design/Code/Build/Fife/verilog/mkPtoF_PNE.v:220$1060'.
No latch inferred for signal `\mkPtoF_PNE.\float_no__h169' from process `\mkPtoF_PNE.$proc$/teamspace/studios/this_studio/Melodica-Integration-into-Fife-Core/Learn_Bluespec_and_RISCV_Design/Code/Build/Fife/verilog/mkPtoF_PNE.v:212$1058'.
No latch inferred for signal `\mkNormalizer.\output_regf_posit__h174' from process `\mkNormalizer.$proc$/teamspace/studios/this_studio/Melodica-Integration-into-Fife-Core/Learn_Bluespec_and_RISCV_Design/Code/Build/Fife/verilog/mkNormalizer.v:193$927'.
No latch inferred for signal `\mkNormalizer.\IF_request_put_BITS_36_TO_27_SRA_4_BITS_3_TO_0_ETC___d55' from process `\mkNormalizer.$proc$/teamspace/studios/this_studio/Melodica-Integration-into-Fife-Core/Learn_Bluespec_and_RISCV_Design/Code/Build/Fife/verilog/mkNormalizer.v:171$926'.
No latch inferred for signal `\mkNormalizer.\_theResult___fst__h312' from process `\mkNormalizer.$proc$/teamspace/studios/this_studio/Melodica-Integration-into-Fife-Core/Learn_Bluespec_and_RISCV_Design/Code/Build/Fife/verilog/mkNormalizer.v:157$925'.
No latch inferred for signal `\mkQuire.\vrg_quire_seg_zero_9$D_IN' from process `\mkQuire.$proc$/teamspace/studios/this_studio/Melodica-Integration-into-Fife-Core/Learn_Bluespec_and_RISCV_Design/Code/Build/Fife/verilog/mkQuire.v:1979$650'.
No latch inferred for signal `\mkQuire.\vrg_quire_seg_zero_8$D_IN' from process `\mkQuire.$proc$/teamspace/studios/this_studio/Melodica-Integration-into-Fife-Core/Learn_Bluespec_and_RISCV_Design/Code/Build/Fife/verilog/mkQuire.v:1953$636'.
No latch inferred for signal `\mkQuire.\vrg_quire_seg_zero_7$D_IN' from process `\mkQuire.$proc$/teamspace/studios/this_studio/Melodica-Integration-into-Fife-Core/Learn_Bluespec_and_RISCV_Design/Code/Build/Fife/verilog/mkQuire.v:1927$622'.
No latch inferred for signal `\mkQuire.\vrg_quire_seg_zero_6$D_IN' from process `\mkQuire.$proc$/teamspace/studios/this_studio/Melodica-Integration-into-Fife-Core/Learn_Bluespec_and_RISCV_Design/Code/Build/Fife/verilog/mkQuire.v:1901$608'.
No latch inferred for signal `\mkQuire.\vrg_quire_seg_zero_5$D_IN' from process `\mkQuire.$proc$/teamspace/studios/this_studio/Melodica-Integration-into-Fife-Core/Learn_Bluespec_and_RISCV_Design/Code/Build/Fife/verilog/mkQuire.v:1875$594'.
No latch inferred for signal `\mkQuire.\vrg_quire_seg_zero_4$D_IN' from process `\mkQuire.$proc$/teamspace/studios/this_studio/Melodica-Integration-into-Fife-Core/Learn_Bluespec_and_RISCV_Design/Code/Build/Fife/verilog/mkQuire.v:1849$580'.
No latch inferred for signal `\mkQuire.\vrg_quire_seg_zero_3$D_IN' from process `\mkQuire.$proc$/teamspace/studios/this_studio/Melodica-Integration-into-Fife-Core/Learn_Bluespec_and_RISCV_Design/Code/Build/Fife/verilog/mkQuire.v:1823$566'.
No latch inferred for signal `\mkQuire.\vrg_quire_seg_zero_2$D_IN' from process `\mkQuire.$proc$/teamspace/studios/this_studio/Melodica-Integration-into-Fife-Core/Learn_Bluespec_and_RISCV_Design/Code/Build/Fife/verilog/mkQuire.v:1797$552'.
No latch inferred for signal `\mkQuire.\vrg_quire_seg_zero_12$D_IN' from process `\mkQuire.$proc$/teamspace/studios/this_studio/Melodica-Integration-into-Fife-Core/Learn_Bluespec_and_RISCV_Design/Code/Build/Fife/verilog/mkQuire.v:1774$539'.
No latch inferred for signal `\mkQuire.\vrg_quire_seg_zero_11$D_IN' from process `\mkQuire.$proc$/teamspace/studios/this_studio/Melodica-Integration-into-Fife-Core/Learn_Bluespec_and_RISCV_Design/Code/Build/Fife/verilog/mkQuire.v:1748$525'.
No latch inferred for signal `\mkQuire.\vrg_quire_seg_zero_10$D_IN' from process `\mkQuire.$proc$/teamspace/studios/this_studio/Melodica-Integration-into-Fife-Core/Learn_Bluespec_and_RISCV_Design/Code/Build/Fife/verilog/mkQuire.v:1722$511'.
No latch inferred for signal `\mkQuire.\vrg_quire_seg_zero_1$D_IN' from process `\mkQuire.$proc$/teamspace/studios/this_studio/Melodica-Integration-into-Fife-Core/Learn_Bluespec_and_RISCV_Design/Code/Build/Fife/verilog/mkQuire.v:1696$497'.
No latch inferred for signal `\mkQuire.\vrg_quire_seg_zero_0$D_IN' from process `\mkQuire.$proc$/teamspace/studios/this_studio/Melodica-Integration-into-Fife-Core/Learn_Bluespec_and_RISCV_Design/Code/Build/Fife/verilog/mkQuire.v:1670$483'.
No latch inferred for signal `\mkQuire.\vrg_quire_9$D_IN' from process `\mkQuire.$proc$/teamspace/studios/this_studio/Melodica-Integration-into-Fife-Core/Learn_Bluespec_and_RISCV_Design/Code/Build/Fife/verilog/mkQuire.v:1645$473'.
No latch inferred for signal `\mkQuire.\vrg_quire_8$D_IN' from process `\mkQuire.$proc$/teamspace/studios/this_studio/Melodica-Integration-into-Fife-Core/Learn_Bluespec_and_RISCV_Design/Code/Build/Fife/verilog/mkQuire.v:1620$463'.
No latch inferred for signal `\mkQuire.\vrg_quire_7$D_IN' from process `\mkQuire.$proc$/teamspace/studios/this_studio/Melodica-Integration-into-Fife-Core/Learn_Bluespec_and_RISCV_Design/Code/Build/Fife/verilog/mkQuire.v:1595$453'.
No latch inferred for signal `\mkQuire.\vrg_quire_6$D_IN' from process `\mkQuire.$proc$/teamspace/studios/this_studio/Melodica-Integration-into-Fife-Core/Learn_Bluespec_and_RISCV_Design/Code/Build/Fife/verilog/mkQuire.v:1570$443'.
No latch inferred for signal `\mkQuire.\vrg_quire_5$D_IN' from process `\mkQuire.$proc$/teamspace/studios/this_studio/Melodica-Integration-into-Fife-Core/Learn_Bluespec_and_RISCV_Design/Code/Build/Fife/verilog/mkQuire.v:1545$433'.
No latch inferred for signal `\mkQuire.\vrg_quire_4$D_IN' from process `\mkQuire.$proc$/teamspace/studios/this_studio/Melodica-Integration-into-Fife-Core/Learn_Bluespec_and_RISCV_Design/Code/Build/Fife/verilog/mkQuire.v:1520$423'.
No latch inferred for signal `\mkQuire.\vrg_quire_3$D_IN' from process `\mkQuire.$proc$/teamspace/studios/this_studio/Melodica-Integration-into-Fife-Core/Learn_Bluespec_and_RISCV_Design/Code/Build/Fife/verilog/mkQuire.v:1495$413'.
No latch inferred for signal `\mkQuire.\vrg_quire_2$D_IN' from process `\mkQuire.$proc$/teamspace/studios/this_studio/Melodica-Integration-into-Fife-Core/Learn_Bluespec_and_RISCV_Design/Code/Build/Fife/verilog/mkQuire.v:1470$403'.
No latch inferred for signal `\mkQuire.\vrg_quire_12$D_IN' from process `\mkQuire.$proc$/teamspace/studios/this_studio/Melodica-Integration-into-Fife-Core/Learn_Bluespec_and_RISCV_Design/Code/Build/Fife/verilog/mkQuire.v:1445$393'.
No latch inferred for signal `\mkQuire.\vrg_quire_11$D_IN' from process `\mkQuire.$proc$/teamspace/studios/this_studio/Melodica-Integration-into-Fife-Core/Learn_Bluespec_and_RISCV_Design/Code/Build/Fife/verilog/mkQuire.v:1420$383'.
No latch inferred for signal `\mkQuire.\vrg_quire_10$D_IN' from process `\mkQuire.$proc$/teamspace/studios/this_studio/Melodica-Integration-into-Fife-Core/Learn_Bluespec_and_RISCV_Design/Code/Build/Fife/verilog/mkQuire.v:1395$373'.
No latch inferred for signal `\mkQuire.\vrg_quire_1$D_IN' from process `\mkQuire.$proc$/teamspace/studios/this_studio/Melodica-Integration-into-Fife-Core/Learn_Bluespec_and_RISCV_Design/Code/Build/Fife/verilog/mkQuire.v:1371$363'.
No latch inferred for signal `\mkQuire.\vrg_quire_0$D_IN' from process `\mkQuire.$proc$/teamspace/studios/this_studio/Melodica-Integration-into-Fife-Core/Learn_Bluespec_and_RISCV_Design/Code/Build/Fife/verilog/mkQuire.v:1348$353'.

14.2.9. Executing PROC_DFF pass (convert process syncs to FFs).
Creating register for signal `$paramod\FIFO2\width=32'00000000000000000000000000100110\guarded=1'1.\data0_reg' using process `$paramod\FIFO2\width=32'00000000000000000000000000100110\guarded=1'1.$proc$/teamspace/studios/this_studio/Melodica-Integration-into-Fife-Core/bsc/lib/Verilog/FIFO2.v:110$1323'.
  created $dff cell `$procdff$2085' with positive edge clock.
Creating register for signal `$paramod\FIFO2\width=32'00000000000000000000000000100110\guarded=1'1.\data1_reg' using process `$paramod\FIFO2\width=32'00000000000000000000000000100110\guarded=1'1.$proc$/teamspace/studios/this_studio/Melodica-Integration-into-Fife-Core/bsc/lib/Verilog/FIFO2.v:110$1323'.
  created $dff cell `$procdff$2086' with positive edge clock.
Creating register for signal `$paramod\FIFO2\width=32'00000000000000000000000000100110\guarded=1'1.\empty_reg' using process `$paramod\FIFO2\width=32'00000000000000000000000000100110\guarded=1'1.$proc$/teamspace/studios/this_studio/Melodica-Integration-into-Fife-Core/bsc/lib/Verilog/FIFO2.v:81$1315'.
  created $dff cell `$procdff$2087' with positive edge clock.
Creating register for signal `$paramod\FIFO2\width=32'00000000000000000000000000100110\guarded=1'1.\full_reg' using process `$paramod\FIFO2\width=32'00000000000000000000000000100110\guarded=1'1.$proc$/teamspace/studios/this_studio/Melodica-Integration-into-Fife-Core/bsc/lib/Verilog/FIFO2.v:81$1315'.
  created $dff cell `$procdff$2088' with positive edge clock.
Creating register for signal `$paramod\FIFO2\width=32'00000000000000000000000000100100\guarded=1'1.\data0_reg' using process `$paramod\FIFO2\width=32'00000000000000000000000000100100\guarded=1'1.$proc$/teamspace/studios/this_studio/Melodica-Integration-into-Fife-Core/bsc/lib/Verilog/FIFO2.v:110$1291'.
  created $dff cell `$procdff$2089' with positive edge clock.
Creating register for signal `$paramod\FIFO2\width=32'00000000000000000000000000100100\guarded=1'1.\data1_reg' using process `$paramod\FIFO2\width=32'00000000000000000000000000100100\guarded=1'1.$proc$/teamspace/studios/this_studio/Melodica-Integration-into-Fife-Core/bsc/lib/Verilog/FIFO2.v:110$1291'.
  created $dff cell `$procdff$2090' with positive edge clock.
Creating register for signal `$paramod\FIFO2\width=32'00000000000000000000000000100100\guarded=1'1.\empty_reg' using process `$paramod\FIFO2\width=32'00000000000000000000000000100100\guarded=1'1.$proc$/teamspace/studios/this_studio/Melodica-Integration-into-Fife-Core/bsc/lib/Verilog/FIFO2.v:81$1283'.
  created $dff cell `$procdff$2091' with positive edge clock.
Creating register for signal `$paramod\FIFO2\width=32'00000000000000000000000000100100\guarded=1'1.\full_reg' using process `$paramod\FIFO2\width=32'00000000000000000000000000100100\guarded=1'1.$proc$/teamspace/studios/this_studio/Melodica-Integration-into-Fife-Core/bsc/lib/Verilog/FIFO2.v:81$1283'.
  created $dff cell `$procdff$2092' with positive edge clock.
Creating register for signal `$paramod\FIFO1\width=32'00000000000000000000000001000011\guarded=1'1.\D_OUT' using process `$paramod\FIFO1\width=32'00000000000000000000000001000011\guarded=1'1.$proc$/teamspace/studios/this_studio/Melodica-Integration-into-Fife-Core/bsc/lib/Verilog/FIFO1.v:96$1265'.
  created $dff cell `$procdff$2093' with positive edge clock.
Creating register for signal `$paramod\FIFO1\width=32'00000000000000000000000001000011\guarded=1'1.\empty_reg' using process `$paramod\FIFO1\width=32'00000000000000000000000001000011\guarded=1'1.$proc$/teamspace/studios/this_studio/Melodica-Integration-into-Fife-Core/bsc/lib/Verilog/FIFO1.v:73$1263'.
  created $dff cell `$procdff$2094' with positive edge clock.
Creating register for signal `$paramod\FIFO1\width=32'00000000000000000000000110000110\guarded=1'1.\D_OUT' using process `$paramod\FIFO1\width=32'00000000000000000000000110000110\guarded=1'1.$proc$/teamspace/studios/this_studio/Melodica-Integration-into-Fife-Core/bsc/lib/Verilog/FIFO1.v:96$1261'.
  created $dff cell `$procdff$2095' with positive edge clock.
Creating register for signal `$paramod\FIFO1\width=32'00000000000000000000000110000110\guarded=1'1.\empty_reg' using process `$paramod\FIFO1\width=32'00000000000000000000000110000110\guarded=1'1.$proc$/teamspace/studios/this_studio/Melodica-Integration-into-Fife-Core/bsc/lib/Verilog/FIFO1.v:73$1259'.
  created $dff cell `$procdff$2096' with positive edge clock.
Creating register for signal `$paramod\FIFO1\width=32'00000000000000000000000000001010\guarded=1'1.\D_OUT' using process `$paramod\FIFO1\width=32'00000000000000000000000000001010\guarded=1'1.$proc$/teamspace/studios/this_studio/Melodica-Integration-into-Fife-Core/bsc/lib/Verilog/FIFO1.v:96$1257'.
  created $dff cell `$procdff$2097' with positive edge clock.
Creating register for signal `$paramod\FIFO1\width=32'00000000000000000000000000001010\guarded=1'1.\empty_reg' using process `$paramod\FIFO1\width=32'00000000000000000000000000001010\guarded=1'1.$proc$/teamspace/studios/this_studio/Melodica-Integration-into-Fife-Core/bsc/lib/Verilog/FIFO1.v:73$1255'.
  created $dff cell `$procdff$2098' with positive edge clock.
Creating register for signal `$paramod\FIFO1\width=32'00000000000000000000000000101001\guarded=1'1.\D_OUT' using process `$paramod\FIFO1\width=32'00000000000000000000000000101001\guarded=1'1.$proc$/teamspace/studios/this_studio/Melodica-Integration-into-Fife-Core/bsc/lib/Verilog/FIFO1.v:96$1253'.
  created $dff cell `$procdff$2099' with positive edge clock.
Creating register for signal `$paramod\FIFO1\width=32'00000000000000000000000000101001\guarded=1'1.\empty_reg' using process `$paramod\FIFO1\width=32'00000000000000000000000000101001\guarded=1'1.$proc$/teamspace/studios/this_studio/Melodica-Integration-into-Fife-Core/bsc/lib/Verilog/FIFO1.v:73$1251'.
  created $dff cell `$procdff$2100' with positive edge clock.
Creating register for signal `$paramod$77feb722284cbb4b2efebea6faec56b4318dabcc\SizedFIFO.$memwr$\arr$/teamspace/studios/this_studio/Melodica-Integration-into-Fife-Core/bsc/lib/Verilog/SizedFIFO.v:206$1219_ADDR' using process `$paramod$77feb722284cbb4b2efebea6faec56b4318dabcc\SizedFIFO.$proc$/teamspace/studios/this_studio/Melodica-Integration-into-Fife-Core/bsc/lib/Verilog/SizedFIFO.v:190$1234'.
  created $dff cell `$procdff$2101' with positive edge clock.
Creating register for signal `$paramod$77feb722284cbb4b2efebea6faec56b4318dabcc\SizedFIFO.$memwr$\arr$/teamspace/studios/this_studio/Melodica-Integration-into-Fife-Core/bsc/lib/Verilog/SizedFIFO.v:206$1219_DATA' using process `$paramod$77feb722284cbb4b2efebea6faec56b4318dabcc\SizedFIFO.$proc$/teamspace/studios/this_studio/Melodica-Integration-into-Fife-Core/bsc/lib/Verilog/SizedFIFO.v:190$1234'.
  created $dff cell `$procdff$2102' with positive edge clock.
Creating register for signal `$paramod$77feb722284cbb4b2efebea6faec56b4318dabcc\SizedFIFO.$memwr$\arr$/teamspace/studios/this_studio/Melodica-Integration-into-Fife-Core/bsc/lib/Verilog/SizedFIFO.v:206$1219_EN' using process `$paramod$77feb722284cbb4b2efebea6faec56b4318dabcc\SizedFIFO.$proc$/teamspace/studios/this_studio/Melodica-Integration-into-Fife-Core/bsc/lib/Verilog/SizedFIFO.v:190$1234'.
  created $dff cell `$procdff$2103' with positive edge clock.
Creating register for signal `$paramod$77feb722284cbb4b2efebea6faec56b4318dabcc\SizedFIFO.\D_OUT' using process `$paramod$77feb722284cbb4b2efebea6faec56b4318dabcc\SizedFIFO.$proc$/teamspace/studios/this_studio/Melodica-Integration-into-Fife-Core/bsc/lib/Verilog/SizedFIFO.v:167$1231'.
  created $dff cell `$procdff$2104' with positive edge clock.
Creating register for signal `$paramod$77feb722284cbb4b2efebea6faec56b4318dabcc\SizedFIFO.\not_ring_full' using process `$paramod$77feb722284cbb4b2efebea6faec56b4318dabcc\SizedFIFO.$proc$/teamspace/studios/this_studio/Melodica-Integration-into-Fife-Core/bsc/lib/Verilog/SizedFIFO.v:107$1226'.
  created $dff cell `$procdff$2105' with positive edge clock.
Creating register for signal `$paramod$77feb722284cbb4b2efebea6faec56b4318dabcc\SizedFIFO.\ring_empty' using process `$paramod$77feb722284cbb4b2efebea6faec56b4318dabcc\SizedFIFO.$proc$/teamspace/studios/this_studio/Melodica-Integration-into-Fife-Core/bsc/lib/Verilog/SizedFIFO.v:107$1226'.
  created $dff cell `$procdff$2106' with positive edge clock.
Creating register for signal `$paramod$77feb722284cbb4b2efebea6faec56b4318dabcc\SizedFIFO.\head' using process `$paramod$77feb722284cbb4b2efebea6faec56b4318dabcc\SizedFIFO.$proc$/teamspace/studios/this_studio/Melodica-Integration-into-Fife-Core/bsc/lib/Verilog/SizedFIFO.v:107$1226'.
  created $dff cell `$procdff$2107' with positive edge clock.
Creating register for signal `$paramod$77feb722284cbb4b2efebea6faec56b4318dabcc\SizedFIFO.\tail' using process `$paramod$77feb722284cbb4b2efebea6faec56b4318dabcc\SizedFIFO.$proc$/teamspace/studios/this_studio/Melodica-Integration-into-Fife-Core/bsc/lib/Verilog/SizedFIFO.v:107$1226'.
  created $dff cell `$procdff$2108' with positive edge clock.
Creating register for signal `$paramod$77feb722284cbb4b2efebea6faec56b4318dabcc\SizedFIFO.\hasodata' using process `$paramod$77feb722284cbb4b2efebea6faec56b4318dabcc\SizedFIFO.$proc$/teamspace/studios/this_studio/Melodica-Integration-into-Fife-Core/bsc/lib/Verilog/SizedFIFO.v:107$1226'.
  created $dff cell `$procdff$2109' with positive edge clock.
Creating register for signal `$paramod$a0c6df3c1489bcd5c1c6c2071c80faf091665997\SizedFIFO.$memwr$\arr$/teamspace/studios/this_studio/Melodica-Integration-into-Fife-Core/bsc/lib/Verilog/SizedFIFO.v:206$1188_ADDR' using process `$paramod$a0c6df3c1489bcd5c1c6c2071c80faf091665997\SizedFIFO.$proc$/teamspace/studios/this_studio/Melodica-Integration-into-Fife-Core/bsc/lib/Verilog/SizedFIFO.v:190$1203'.
  created $dff cell `$procdff$2110' with positive edge clock.
Creating register for signal `$paramod$a0c6df3c1489bcd5c1c6c2071c80faf091665997\SizedFIFO.$memwr$\arr$/teamspace/studios/this_studio/Melodica-Integration-into-Fife-Core/bsc/lib/Verilog/SizedFIFO.v:206$1188_DATA' using process `$paramod$a0c6df3c1489bcd5c1c6c2071c80faf091665997\SizedFIFO.$proc$/teamspace/studios/this_studio/Melodica-Integration-into-Fife-Core/bsc/lib/Verilog/SizedFIFO.v:190$1203'.
  created $dff cell `$procdff$2111' with positive edge clock.
Creating register for signal `$paramod$a0c6df3c1489bcd5c1c6c2071c80faf091665997\SizedFIFO.$memwr$\arr$/teamspace/studios/this_studio/Melodica-Integration-into-Fife-Core/bsc/lib/Verilog/SizedFIFO.v:206$1188_EN' using process `$paramod$a0c6df3c1489bcd5c1c6c2071c80faf091665997\SizedFIFO.$proc$/teamspace/studios/this_studio/Melodica-Integration-into-Fife-Core/bsc/lib/Verilog/SizedFIFO.v:190$1203'.
  created $dff cell `$procdff$2112' with positive edge clock.
Creating register for signal `$paramod$a0c6df3c1489bcd5c1c6c2071c80faf091665997\SizedFIFO.\D_OUT' using process `$paramod$a0c6df3c1489bcd5c1c6c2071c80faf091665997\SizedFIFO.$proc$/teamspace/studios/this_studio/Melodica-Integration-into-Fife-Core/bsc/lib/Verilog/SizedFIFO.v:167$1200'.
  created $dff cell `$procdff$2113' with positive edge clock.
Creating register for signal `$paramod$a0c6df3c1489bcd5c1c6c2071c80faf091665997\SizedFIFO.\not_ring_full' using process `$paramod$a0c6df3c1489bcd5c1c6c2071c80faf091665997\SizedFIFO.$proc$/teamspace/studios/this_studio/Melodica-Integration-into-Fife-Core/bsc/lib/Verilog/SizedFIFO.v:107$1195'.
  created $dff cell `$procdff$2114' with positive edge clock.
Creating register for signal `$paramod$a0c6df3c1489bcd5c1c6c2071c80faf091665997\SizedFIFO.\ring_empty' using process `$paramod$a0c6df3c1489bcd5c1c6c2071c80faf091665997\SizedFIFO.$proc$/teamspace/studios/this_studio/Melodica-Integration-into-Fife-Core/bsc/lib/Verilog/SizedFIFO.v:107$1195'.
  created $dff cell `$procdff$2115' with positive edge clock.
Creating register for signal `$paramod$a0c6df3c1489bcd5c1c6c2071c80faf091665997\SizedFIFO.\head' using process `$paramod$a0c6df3c1489bcd5c1c6c2071c80faf091665997\SizedFIFO.$proc$/teamspace/studios/this_studio/Melodica-Integration-into-Fife-Core/bsc/lib/Verilog/SizedFIFO.v:107$1195'.
  created $dff cell `$procdff$2116' with positive edge clock.
Creating register for signal `$paramod$a0c6df3c1489bcd5c1c6c2071c80faf091665997\SizedFIFO.\tail' using process `$paramod$a0c6df3c1489bcd5c1c6c2071c80faf091665997\SizedFIFO.$proc$/teamspace/studios/this_studio/Melodica-Integration-into-Fife-Core/bsc/lib/Verilog/SizedFIFO.v:107$1195'.
  created $dff cell `$procdff$2117' with positive edge clock.
Creating register for signal `$paramod$a0c6df3c1489bcd5c1c6c2071c80faf091665997\SizedFIFO.\hasodata' using process `$paramod$a0c6df3c1489bcd5c1c6c2071c80faf091665997\SizedFIFO.$proc$/teamspace/studios/this_studio/Melodica-Integration-into-Fife-Core/bsc/lib/Verilog/SizedFIFO.v:107$1195'.
  created $dff cell `$procdff$2118' with positive edge clock.
Creating register for signal `\mkPositCore.\rg_inflight' using process `\mkPositCore.$proc$/teamspace/studios/this_studio/Melodica-Integration-into-Fife-Core/Learn_Bluespec_and_RISCV_Design/Code/Build/Fife/verilog/mkPositCore.v:571$1186'.
  created $dff cell `$procdff$2119' with positive edge clock.
Creating register for signal `\mkQuire.\rg_read_busy' using process `\mkQuire.$proc$/teamspace/studios/this_studio/Melodica-Integration-into-Fife-Core/Learn_Bluespec_and_RISCV_Design/Code/Build/Fife/verilog/mkQuire.v:2708$868'.
  created $dff cell `$procdff$2120' with positive edge clock.
Creating register for signal `\mkQuire.\rg_seg_zero_upd' using process `\mkQuire.$proc$/teamspace/studios/this_studio/Melodica-Integration-into-Fife-Core/Learn_Bluespec_and_RISCV_Design/Code/Build/Fife/verilog/mkQuire.v:2708$868'.
  created $dff cell `$procdff$2121' with positive edge clock.
Creating register for signal `\mkQuire.\seg_adder_rg_inFlight' using process `\mkQuire.$proc$/teamspace/studios/this_studio/Melodica-Integration-into-Fife-Core/Learn_Bluespec_and_RISCV_Design/Code/Build/Fife/verilog/mkQuire.v:2708$868'.
  created $dff cell `$procdff$2122' with positive edge clock.
Creating register for signal `\mkQuire.\vrg_quire_0' using process `\mkQuire.$proc$/teamspace/studios/this_studio/Melodica-Integration-into-Fife-Core/Learn_Bluespec_and_RISCV_Design/Code/Build/Fife/verilog/mkQuire.v:2708$868'.
  created $dff cell `$procdff$2123' with positive edge clock.
Creating register for signal `\mkQuire.\vrg_quire_1' using process `\mkQuire.$proc$/teamspace/studios/this_studio/Melodica-Integration-into-Fife-Core/Learn_Bluespec_and_RISCV_Design/Code/Build/Fife/verilog/mkQuire.v:2708$868'.
  created $dff cell `$procdff$2124' with positive edge clock.
Creating register for signal `\mkQuire.\vrg_quire_10' using process `\mkQuire.$proc$/teamspace/studios/this_studio/Melodica-Integration-into-Fife-Core/Learn_Bluespec_and_RISCV_Design/Code/Build/Fife/verilog/mkQuire.v:2708$868'.
  created $dff cell `$procdff$2125' with positive edge clock.
Creating register for signal `\mkQuire.\vrg_quire_11' using process `\mkQuire.$proc$/teamspace/studios/this_studio/Melodica-Integration-into-Fife-Core/Learn_Bluespec_and_RISCV_Design/Code/Build/Fife/verilog/mkQuire.v:2708$868'.
  created $dff cell `$procdff$2126' with positive edge clock.
Creating register for signal `\mkQuire.\vrg_quire_12' using process `\mkQuire.$proc$/teamspace/studios/this_studio/Melodica-Integration-into-Fife-Core/Learn_Bluespec_and_RISCV_Design/Code/Build/Fife/verilog/mkQuire.v:2708$868'.
  created $dff cell `$procdff$2127' with positive edge clock.
Creating register for signal `\mkQuire.\vrg_quire_2' using process `\mkQuire.$proc$/teamspace/studios/this_studio/Melodica-Integration-into-Fife-Core/Learn_Bluespec_and_RISCV_Design/Code/Build/Fife/verilog/mkQuire.v:2708$868'.
  created $dff cell `$procdff$2128' with positive edge clock.
Creating register for signal `\mkQuire.\vrg_quire_3' using process `\mkQuire.$proc$/teamspace/studios/this_studio/Melodica-Integration-into-Fife-Core/Learn_Bluespec_and_RISCV_Design/Code/Build/Fife/verilog/mkQuire.v:2708$868'.
  created $dff cell `$procdff$2129' with positive edge clock.
Creating register for signal `\mkQuire.\vrg_quire_4' using process `\mkQuire.$proc$/teamspace/studios/this_studio/Melodica-Integration-into-Fife-Core/Learn_Bluespec_and_RISCV_Design/Code/Build/Fife/verilog/mkQuire.v:2708$868'.
  created $dff cell `$procdff$2130' with positive edge clock.
Creating register for signal `\mkQuire.\vrg_quire_5' using process `\mkQuire.$proc$/teamspace/studios/this_studio/Melodica-Integration-into-Fife-Core/Learn_Bluespec_and_RISCV_Design/Code/Build/Fife/verilog/mkQuire.v:2708$868'.
  created $dff cell `$procdff$2131' with positive edge clock.
Creating register for signal `\mkQuire.\vrg_quire_6' using process `\mkQuire.$proc$/teamspace/studios/this_studio/Melodica-Integration-into-Fife-Core/Learn_Bluespec_and_RISCV_Design/Code/Build/Fife/verilog/mkQuire.v:2708$868'.
  created $dff cell `$procdff$2132' with positive edge clock.
Creating register for signal `\mkQuire.\vrg_quire_7' using process `\mkQuire.$proc$/teamspace/studios/this_studio/Melodica-Integration-into-Fife-Core/Learn_Bluespec_and_RISCV_Design/Code/Build/Fife/verilog/mkQuire.v:2708$868'.
  created $dff cell `$procdff$2133' with positive edge clock.
Creating register for signal `\mkQuire.\vrg_quire_8' using process `\mkQuire.$proc$/teamspace/studios/this_studio/Melodica-Integration-into-Fife-Core/Learn_Bluespec_and_RISCV_Design/Code/Build/Fife/verilog/mkQuire.v:2708$868'.
  created $dff cell `$procdff$2134' with positive edge clock.
Creating register for signal `\mkQuire.\vrg_quire_9' using process `\mkQuire.$proc$/teamspace/studios/this_studio/Melodica-Integration-into-Fife-Core/Learn_Bluespec_and_RISCV_Design/Code/Build/Fife/verilog/mkQuire.v:2708$868'.
  created $dff cell `$procdff$2135' with positive edge clock.
Creating register for signal `\mkQuire.\vrg_quire_seg_zero_0' using process `\mkQuire.$proc$/teamspace/studios/this_studio/Melodica-Integration-into-Fife-Core/Learn_Bluespec_and_RISCV_Design/Code/Build/Fife/verilog/mkQuire.v:2708$868'.
  created $dff cell `$procdff$2136' with positive edge clock.
Creating register for signal `\mkQuire.\vrg_quire_seg_zero_1' using process `\mkQuire.$proc$/teamspace/studios/this_studio/Melodica-Integration-into-Fife-Core/Learn_Bluespec_and_RISCV_Design/Code/Build/Fife/verilog/mkQuire.v:2708$868'.
  created $dff cell `$procdff$2137' with positive edge clock.
Creating register for signal `\mkQuire.\vrg_quire_seg_zero_10' using process `\mkQuire.$proc$/teamspace/studios/this_studio/Melodica-Integration-into-Fife-Core/Learn_Bluespec_and_RISCV_Design/Code/Build/Fife/verilog/mkQuire.v:2708$868'.
  created $dff cell `$procdff$2138' with positive edge clock.
Creating register for signal `\mkQuire.\vrg_quire_seg_zero_11' using process `\mkQuire.$proc$/teamspace/studios/this_studio/Melodica-Integration-into-Fife-Core/Learn_Bluespec_and_RISCV_Design/Code/Build/Fife/verilog/mkQuire.v:2708$868'.
  created $dff cell `$procdff$2139' with positive edge clock.
Creating register for signal `\mkQuire.\vrg_quire_seg_zero_12' using process `\mkQuire.$proc$/teamspace/studios/this_studio/Melodica-Integration-into-Fife-Core/Learn_Bluespec_and_RISCV_Design/Code/Build/Fife/verilog/mkQuire.v:2708$868'.
  created $dff cell `$procdff$2140' with positive edge clock.
Creating register for signal `\mkQuire.\vrg_quire_seg_zero_2' using process `\mkQuire.$proc$/teamspace/studios/this_studio/Melodica-Integration-into-Fife-Core/Learn_Bluespec_and_RISCV_Design/Code/Build/Fife/verilog/mkQuire.v:2708$868'.
  created $dff cell `$procdff$2141' with positive edge clock.
Creating register for signal `\mkQuire.\vrg_quire_seg_zero_3' using process `\mkQuire.$proc$/teamspace/studios/this_studio/Melodica-Integration-into-Fife-Core/Learn_Bluespec_and_RISCV_Design/Code/Build/Fife/verilog/mkQuire.v:2708$868'.
  created $dff cell `$procdff$2142' with positive edge clock.
Creating register for signal `\mkQuire.\vrg_quire_seg_zero_4' using process `\mkQuire.$proc$/teamspace/studios/this_studio/Melodica-Integration-into-Fife-Core/Learn_Bluespec_and_RISCV_Design/Code/Build/Fife/verilog/mkQuire.v:2708$868'.
  created $dff cell `$procdff$2143' with positive edge clock.
Creating register for signal `\mkQuire.\vrg_quire_seg_zero_5' using process `\mkQuire.$proc$/teamspace/studios/this_studio/Melodica-Integration-into-Fife-Core/Learn_Bluespec_and_RISCV_Design/Code/Build/Fife/verilog/mkQuire.v:2708$868'.
  created $dff cell `$procdff$2144' with positive edge clock.
Creating register for signal `\mkQuire.\vrg_quire_seg_zero_6' using process `\mkQuire.$proc$/teamspace/studios/this_studio/Melodica-Integration-into-Fife-Core/Learn_Bluespec_and_RISCV_Design/Code/Build/Fife/verilog/mkQuire.v:2708$868'.
  created $dff cell `$procdff$2145' with positive edge clock.
Creating register for signal `\mkQuire.\vrg_quire_seg_zero_7' using process `\mkQuire.$proc$/teamspace/studios/this_studio/Melodica-Integration-into-Fife-Core/Learn_Bluespec_and_RISCV_Design/Code/Build/Fife/verilog/mkQuire.v:2708$868'.
  created $dff cell `$procdff$2146' with positive edge clock.
Creating register for signal `\mkQuire.\vrg_quire_seg_zero_8' using process `\mkQuire.$proc$/teamspace/studios/this_studio/Melodica-Integration-into-Fife-Core/Learn_Bluespec_and_RISCV_Design/Code/Build/Fife/verilog/mkQuire.v:2708$868'.
  created $dff cell `$procdff$2147' with positive edge clock.
Creating register for signal `\mkQuire.\vrg_quire_seg_zero_9' using process `\mkQuire.$proc$/teamspace/studios/this_studio/Melodica-Integration-into-Fife-Core/Learn_Bluespec_and_RISCV_Design/Code/Build/Fife/verilog/mkQuire.v:2708$868'.
  created $dff cell `$procdff$2148' with positive edge clock.
Creating register for signal `\mkQuire.\zero_counter_rg_firstNonZeroSeg' using process `\mkQuire.$proc$/teamspace/studios/this_studio/Melodica-Integration-into-Fife-Core/Learn_Bluespec_and_RISCV_Design/Code/Build/Fife/verilog/mkQuire.v:2708$868'.
  created $dff cell `$procdff$2149' with positive edge clock.
Creating register for signal `\mkQuire.\zero_counter_rg_numZeroSegs' using process `\mkQuire.$proc$/teamspace/studios/this_studio/Melodica-Integration-into-Fife-Core/Learn_Bluespec_and_RISCV_Design/Code/Build/Fife/verilog/mkQuire.v:2708$868'.
  created $dff cell `$procdff$2150' with positive edge clock.
Creating register for signal `\mkQuire.\zero_counter_rg_seg_counter_busy' using process `\mkQuire.$proc$/teamspace/studios/this_studio/Melodica-Integration-into-Fife-Core/Learn_Bluespec_and_RISCV_Design/Code/Build/Fife/verilog/mkQuire.v:2708$868'.
  created $dff cell `$procdff$2151' with positive edge clock.
Creating register for signal `$paramod\FIFO2\width=32'00000000000000000000000000000011\guarded=1'1.\data0_reg' using process `$paramod\FIFO2\width=32'00000000000000000000000000000011\guarded=1'1.$proc$/teamspace/studios/this_studio/Melodica-Integration-into-Fife-Core/bsc/lib/Verilog/FIFO2.v:110$1423'.
  created $dff cell `$procdff$2152' with positive edge clock.
Creating register for signal `$paramod\FIFO2\width=32'00000000000000000000000000000011\guarded=1'1.\data1_reg' using process `$paramod\FIFO2\width=32'00000000000000000000000000000011\guarded=1'1.$proc$/teamspace/studios/this_studio/Melodica-Integration-into-Fife-Core/bsc/lib/Verilog/FIFO2.v:110$1423'.
  created $dff cell `$procdff$2153' with positive edge clock.
Creating register for signal `$paramod\FIFO2\width=32'00000000000000000000000000000011\guarded=1'1.\empty_reg' using process `$paramod\FIFO2\width=32'00000000000000000000000000000011\guarded=1'1.$proc$/teamspace/studios/this_studio/Melodica-Integration-into-Fife-Core/bsc/lib/Verilog/FIFO2.v:81$1415'.
  created $dff cell `$procdff$2154' with positive edge clock.
Creating register for signal `$paramod\FIFO2\width=32'00000000000000000000000000000011\guarded=1'1.\full_reg' using process `$paramod\FIFO2\width=32'00000000000000000000000000000011\guarded=1'1.$proc$/teamspace/studios/this_studio/Melodica-Integration-into-Fife-Core/bsc/lib/Verilog/FIFO2.v:81$1415'.
  created $dff cell `$procdff$2155' with positive edge clock.
Creating register for signal `$paramod\FIFO2\width=32'00000000000000000000000010001010\guarded=1'1.\data0_reg' using process `$paramod\FIFO2\width=32'00000000000000000000000010001010\guarded=1'1.$proc$/teamspace/studios/this_studio/Melodica-Integration-into-Fife-Core/bsc/lib/Verilog/FIFO2.v:110$1391'.
  created $dff cell `$procdff$2156' with positive edge clock.
Creating register for signal `$paramod\FIFO2\width=32'00000000000000000000000010001010\guarded=1'1.\data1_reg' using process `$paramod\FIFO2\width=32'00000000000000000000000010001010\guarded=1'1.$proc$/teamspace/studios/this_studio/Melodica-Integration-into-Fife-Core/bsc/lib/Verilog/FIFO2.v:110$1391'.
  created $dff cell `$procdff$2157' with positive edge clock.
Creating register for signal `$paramod\FIFO2\width=32'00000000000000000000000010001010\guarded=1'1.\empty_reg' using process `$paramod\FIFO2\width=32'00000000000000000000000010001010\guarded=1'1.$proc$/teamspace/studios/this_studio/Melodica-Integration-into-Fife-Core/bsc/lib/Verilog/FIFO2.v:81$1383'.
  created $dff cell `$procdff$2158' with positive edge clock.
Creating register for signal `$paramod\FIFO2\width=32'00000000000000000000000010001010\guarded=1'1.\full_reg' using process `$paramod\FIFO2\width=32'00000000000000000000000010001010\guarded=1'1.$proc$/teamspace/studios/this_studio/Melodica-Integration-into-Fife-Core/bsc/lib/Verilog/FIFO2.v:81$1383'.
  created $dff cell `$procdff$2159' with positive edge clock.
Creating register for signal `$paramod\FIFO1\width=32'00000000000000000000000001000111\guarded=1'1.\D_OUT' using process `$paramod\FIFO1\width=32'00000000000000000000000001000111\guarded=1'1.$proc$/teamspace/studios/this_studio/Melodica-Integration-into-Fife-Core/bsc/lib/Verilog/FIFO1.v:96$1365'.
  created $dff cell `$procdff$2160' with positive edge clock.
Creating register for signal `$paramod\FIFO1\width=32'00000000000000000000000001000111\guarded=1'1.\empty_reg' using process `$paramod\FIFO1\width=32'00000000000000000000000001000111\guarded=1'1.$proc$/teamspace/studios/this_studio/Melodica-Integration-into-Fife-Core/bsc/lib/Verilog/FIFO1.v:73$1363'.
  created $dff cell `$procdff$2161' with positive edge clock.
Creating register for signal `$paramod\FIFO2\width=32'00000000000000000000000000100011\guarded=1'1.\data0_reg' using process `$paramod\FIFO2\width=32'00000000000000000000000000100011\guarded=1'1.$proc$/teamspace/studios/this_studio/Melodica-Integration-into-Fife-Core/bsc/lib/Verilog/FIFO2.v:110$1355'.
  created $dff cell `$procdff$2162' with positive edge clock.
Creating register for signal `$paramod\FIFO2\width=32'00000000000000000000000000100011\guarded=1'1.\data1_reg' using process `$paramod\FIFO2\width=32'00000000000000000000000000100011\guarded=1'1.$proc$/teamspace/studios/this_studio/Melodica-Integration-into-Fife-Core/bsc/lib/Verilog/FIFO2.v:110$1355'.
  created $dff cell `$procdff$2163' with positive edge clock.
Creating register for signal `$paramod\FIFO2\width=32'00000000000000000000000000100011\guarded=1'1.\empty_reg' using process `$paramod\FIFO2\width=32'00000000000000000000000000100011\guarded=1'1.$proc$/teamspace/studios/this_studio/Melodica-Integration-into-Fife-Core/bsc/lib/Verilog/FIFO2.v:81$1347'.
  created $dff cell `$procdff$2164' with positive edge clock.
Creating register for signal `$paramod\FIFO2\width=32'00000000000000000000000000100011\guarded=1'1.\full_reg' using process `$paramod\FIFO2\width=32'00000000000000000000000000100011\guarded=1'1.$proc$/teamspace/studios/this_studio/Melodica-Integration-into-Fife-Core/bsc/lib/Verilog/FIFO2.v:81$1347'.
  created $dff cell `$procdff$2165' with positive edge clock.

14.2.10. Executing PROC_MEMWR pass (convert process memory writes to cells).

14.2.11. Executing PROC_CLEAN pass (remove empty switches from decision trees).
Removing empty process `$paramod\FIFO2\width=32'00000000000000000000000000100110\guarded=1'1.$proc$/teamspace/studios/this_studio/Melodica-Integration-into-Fife-Core/bsc/lib/Verilog/FIFO2.v:110$1323'.
Found and cleaned up 4 empty switches in `$paramod\FIFO2\width=32'00000000000000000000000000100110\guarded=1'1.$proc$/teamspace/studios/this_studio/Melodica-Integration-into-Fife-Core/bsc/lib/Verilog/FIFO2.v:81$1315'.
Removing empty process `$paramod\FIFO2\width=32'00000000000000000000000000100110\guarded=1'1.$proc$/teamspace/studios/this_studio/Melodica-Integration-into-Fife-Core/bsc/lib/Verilog/FIFO2.v:81$1315'.
Removing empty process `$paramod\FIFO2\width=32'00000000000000000000000000100100\guarded=1'1.$proc$/teamspace/studios/this_studio/Melodica-Integration-into-Fife-Core/bsc/lib/Verilog/FIFO2.v:110$1291'.
Found and cleaned up 4 empty switches in `$paramod\FIFO2\width=32'00000000000000000000000000100100\guarded=1'1.$proc$/teamspace/studios/this_studio/Melodica-Integration-into-Fife-Core/bsc/lib/Verilog/FIFO2.v:81$1283'.
Removing empty process `$paramod\FIFO2\width=32'00000000000000000000000000100100\guarded=1'1.$proc$/teamspace/studios/this_studio/Melodica-Integration-into-Fife-Core/bsc/lib/Verilog/FIFO2.v:81$1283'.
Found and cleaned up 1 empty switch in `$paramod\FIFO1\width=32'00000000000000000000000001000011\guarded=1'1.$proc$/teamspace/studios/this_studio/Melodica-Integration-into-Fife-Core/bsc/lib/Verilog/FIFO1.v:96$1265'.
Removing empty process `$paramod\FIFO1\width=32'00000000000000000000000001000011\guarded=1'1.$proc$/teamspace/studios/this_studio/Melodica-Integration-into-Fife-Core/bsc/lib/Verilog/FIFO1.v:96$1265'.
Found and cleaned up 4 empty switches in `$paramod\FIFO1\width=32'00000000000000000000000001000011\guarded=1'1.$proc$/teamspace/studios/this_studio/Melodica-Integration-into-Fife-Core/bsc/lib/Verilog/FIFO1.v:73$1263'.
Removing empty process `$paramod\FIFO1\width=32'00000000000000000000000001000011\guarded=1'1.$proc$/teamspace/studios/this_studio/Melodica-Integration-into-Fife-Core/bsc/lib/Verilog/FIFO1.v:73$1263'.
Found and cleaned up 1 empty switch in `$paramod\FIFO1\width=32'00000000000000000000000110000110\guarded=1'1.$proc$/teamspace/studios/this_studio/Melodica-Integration-into-Fife-Core/bsc/lib/Verilog/FIFO1.v:96$1261'.
Removing empty process `$paramod\FIFO1\width=32'00000000000000000000000110000110\guarded=1'1.$proc$/teamspace/studios/this_studio/Melodica-Integration-into-Fife-Core/bsc/lib/Verilog/FIFO1.v:96$1261'.
Found and cleaned up 4 empty switches in `$paramod\FIFO1\width=32'00000000000000000000000110000110\guarded=1'1.$proc$/teamspace/studios/this_studio/Melodica-Integration-into-Fife-Core/bsc/lib/Verilog/FIFO1.v:73$1259'.
Removing empty process `$paramod\FIFO1\width=32'00000000000000000000000110000110\guarded=1'1.$proc$/teamspace/studios/this_studio/Melodica-Integration-into-Fife-Core/bsc/lib/Verilog/FIFO1.v:73$1259'.
Found and cleaned up 1 empty switch in `$paramod\FIFO1\width=32'00000000000000000000000000001010\guarded=1'1.$proc$/teamspace/studios/this_studio/Melodica-Integration-into-Fife-Core/bsc/lib/Verilog/FIFO1.v:96$1257'.
Removing empty process `$paramod\FIFO1\width=32'00000000000000000000000000001010\guarded=1'1.$proc$/teamspace/studios/this_studio/Melodica-Integration-into-Fife-Core/bsc/lib/Verilog/FIFO1.v:96$1257'.
Found and cleaned up 4 empty switches in `$paramod\FIFO1\width=32'00000000000000000000000000001010\guarded=1'1.$proc$/teamspace/studios/this_studio/Melodica-Integration-into-Fife-Core/bsc/lib/Verilog/FIFO1.v:73$1255'.
Removing empty process `$paramod\FIFO1\width=32'00000000000000000000000000001010\guarded=1'1.$proc$/teamspace/studios/this_studio/Melodica-Integration-into-Fife-Core/bsc/lib/Verilog/FIFO1.v:73$1255'.
Found and cleaned up 1 empty switch in `$paramod\FIFO1\width=32'00000000000000000000000000101001\guarded=1'1.$proc$/teamspace/studios/this_studio/Melodica-Integration-into-Fife-Core/bsc/lib/Verilog/FIFO1.v:96$1253'.
Removing empty process `$paramod\FIFO1\width=32'00000000000000000000000000101001\guarded=1'1.$proc$/teamspace/studios/this_studio/Melodica-Integration-into-Fife-Core/bsc/lib/Verilog/FIFO1.v:96$1253'.
Found and cleaned up 4 empty switches in `$paramod\FIFO1\width=32'00000000000000000000000000101001\guarded=1'1.$proc$/teamspace/studios/this_studio/Melodica-Integration-into-Fife-Core/bsc/lib/Verilog/FIFO1.v:73$1251'.
Removing empty process `$paramod\FIFO1\width=32'00000000000000000000000000101001\guarded=1'1.$proc$/teamspace/studios/this_studio/Melodica-Integration-into-Fife-Core/bsc/lib/Verilog/FIFO1.v:73$1251'.
Found and cleaned up 1 empty switch in `$paramod$77feb722284cbb4b2efebea6faec56b4318dabcc\SizedFIFO.$proc$/teamspace/studios/this_studio/Melodica-Integration-into-Fife-Core/bsc/lib/Verilog/SizedFIFO.v:190$1234'.
Removing empty process `$paramod$77feb722284cbb4b2efebea6faec56b4318dabcc\SizedFIFO.$proc$/teamspace/studios/this_studio/Melodica-Integration-into-Fife-Core/bsc/lib/Verilog/SizedFIFO.v:190$1234'.
Found and cleaned up 1 empty switch in `$paramod$77feb722284cbb4b2efebea6faec56b4318dabcc\SizedFIFO.$proc$/teamspace/studios/this_studio/Melodica-Integration-into-Fife-Core/bsc/lib/Verilog/SizedFIFO.v:167$1231'.
Removing empty process `$paramod$77feb722284cbb4b2efebea6faec56b4318dabcc\SizedFIFO.$proc$/teamspace/studios/this_studio/Melodica-Integration-into-Fife-Core/bsc/lib/Verilog/SizedFIFO.v:167$1231'.
Found and cleaned up 3 empty switches in `$paramod$77feb722284cbb4b2efebea6faec56b4318dabcc\SizedFIFO.$proc$/teamspace/studios/this_studio/Melodica-Integration-into-Fife-Core/bsc/lib/Verilog/SizedFIFO.v:107$1226'.
Removing empty process `$paramod$77feb722284cbb4b2efebea6faec56b4318dabcc\SizedFIFO.$proc$/teamspace/studios/this_studio/Melodica-Integration-into-Fife-Core/bsc/lib/Verilog/SizedFIFO.v:107$1226'.
Found and cleaned up 1 empty switch in `$paramod$a0c6df3c1489bcd5c1c6c2071c80faf091665997\SizedFIFO.$proc$/teamspace/studios/this_studio/Melodica-Integration-into-Fife-Core/bsc/lib/Verilog/SizedFIFO.v:190$1203'.
Removing empty process `$paramod$a0c6df3c1489bcd5c1c6c2071c80faf091665997\SizedFIFO.$proc$/teamspace/studios/this_studio/Melodica-Integration-into-Fife-Core/bsc/lib/Verilog/SizedFIFO.v:190$1203'.
Found and cleaned up 1 empty switch in `$paramod$a0c6df3c1489bcd5c1c6c2071c80faf091665997\SizedFIFO.$proc$/teamspace/studios/this_studio/Melodica-Integration-into-Fife-Core/bsc/lib/Verilog/SizedFIFO.v:167$1200'.
Removing empty process `$paramod$a0c6df3c1489bcd5c1c6c2071c80faf091665997\SizedFIFO.$proc$/teamspace/studios/this_studio/Melodica-Integration-into-Fife-Core/bsc/lib/Verilog/SizedFIFO.v:167$1200'.
Found and cleaned up 3 empty switches in `$paramod$a0c6df3c1489bcd5c1c6c2071c80faf091665997\SizedFIFO.$proc$/teamspace/studios/this_studio/Melodica-Integration-into-Fife-Core/bsc/lib/Verilog/SizedFIFO.v:107$1195'.
Removing empty process `$paramod$a0c6df3c1489bcd5c1c6c2071c80faf091665997\SizedFIFO.$proc$/teamspace/studios/this_studio/Melodica-Integration-into-Fife-Core/bsc/lib/Verilog/SizedFIFO.v:107$1195'.
Found and cleaned up 2 empty switches in `\mkPositCore.$proc$/teamspace/studios/this_studio/Melodica-Integration-into-Fife-Core/Learn_Bluespec_and_RISCV_Design/Code/Build/Fife/verilog/mkPositCore.v:571$1186'.
Removing empty process `mkPositCore.$proc$/teamspace/studios/this_studio/Melodica-Integration-into-Fife-Core/Learn_Bluespec_and_RISCV_Design/Code/Build/Fife/verilog/mkPositCore.v:571$1186'.
Found and cleaned up 1 empty switch in `\mkPtoF_PNE.$proc$/teamspace/studios/this_studio/Melodica-Integration-into-Fife-Core/Learn_Bluespec_and_RISCV_Design/Code/Build/Fife/verilog/mkPtoF_PNE.v:220$1060'.
Removing empty process `mkPtoF_PNE.$proc$/teamspace/studios/this_studio/Melodica-Integration-into-Fife-Core/Learn_Bluespec_and_RISCV_Design/Code/Build/Fife/verilog/mkPtoF_PNE.v:220$1060'.
Found and cleaned up 1 empty switch in `\mkPtoF_PNE.$proc$/teamspace/studios/this_studio/Melodica-Integration-into-Fife-Core/Learn_Bluespec_and_RISCV_Design/Code/Build/Fife/verilog/mkPtoF_PNE.v:212$1058'.
Removing empty process `mkPtoF_PNE.$proc$/teamspace/studios/this_studio/Melodica-Integration-into-Fife-Core/Learn_Bluespec_and_RISCV_Design/Code/Build/Fife/verilog/mkPtoF_PNE.v:212$1058'.
Found and cleaned up 1 empty switch in `\mkNormalizer.$proc$/teamspace/studios/this_studio/Melodica-Integration-into-Fife-Core/Learn_Bluespec_and_RISCV_Design/Code/Build/Fife/verilog/mkNormalizer.v:193$927'.
Removing empty process `mkNormalizer.$proc$/teamspace/studios/this_studio/Melodica-Integration-into-Fife-Core/Learn_Bluespec_and_RISCV_Design/Code/Build/Fife/verilog/mkNormalizer.v:193$927'.
Found and cleaned up 1 empty switch in `\mkNormalizer.$proc$/teamspace/studios/this_studio/Melodica-Integration-into-Fife-Core/Learn_Bluespec_and_RISCV_Design/Code/Build/Fife/verilog/mkNormalizer.v:171$926'.
Removing empty process `mkNormalizer.$proc$/teamspace/studios/this_studio/Melodica-Integration-into-Fife-Core/Learn_Bluespec_and_RISCV_Design/Code/Build/Fife/verilog/mkNormalizer.v:171$926'.
Found and cleaned up 1 empty switch in `\mkNormalizer.$proc$/teamspace/studios/this_studio/Melodica-Integration-into-Fife-Core/Learn_Bluespec_and_RISCV_Design/Code/Build/Fife/verilog/mkNormalizer.v:157$925'.
Removing empty process `mkNormalizer.$proc$/teamspace/studios/this_studio/Melodica-Integration-into-Fife-Core/Learn_Bluespec_and_RISCV_Design/Code/Build/Fife/verilog/mkNormalizer.v:157$925'.
Found and cleaned up 33 empty switches in `\mkQuire.$proc$/teamspace/studios/this_studio/Melodica-Integration-into-Fife-Core/Learn_Bluespec_and_RISCV_Design/Code/Build/Fife/verilog/mkQuire.v:2708$868'.
Removing empty process `mkQuire.$proc$/teamspace/studios/this_studio/Melodica-Integration-into-Fife-Core/Learn_Bluespec_and_RISCV_Design/Code/Build/Fife/verilog/mkQuire.v:2708$868'.
Found and cleaned up 1 empty switch in `\mkQuire.$proc$/teamspace/studios/this_studio/Melodica-Integration-into-Fife-Core/Learn_Bluespec_and_RISCV_Design/Code/Build/Fife/verilog/mkQuire.v:1979$650'.
Removing empty process `mkQuire.$proc$/teamspace/studios/this_studio/Melodica-Integration-into-Fife-Core/Learn_Bluespec_and_RISCV_Design/Code/Build/Fife/verilog/mkQuire.v:1979$650'.
Found and cleaned up 1 empty switch in `\mkQuire.$proc$/teamspace/studios/this_studio/Melodica-Integration-into-Fife-Core/Learn_Bluespec_and_RISCV_Design/Code/Build/Fife/verilog/mkQuire.v:1953$636'.
Removing empty process `mkQuire.$proc$/teamspace/studios/this_studio/Melodica-Integration-into-Fife-Core/Learn_Bluespec_and_RISCV_Design/Code/Build/Fife/verilog/mkQuire.v:1953$636'.
Found and cleaned up 1 empty switch in `\mkQuire.$proc$/teamspace/studios/this_studio/Melodica-Integration-into-Fife-Core/Learn_Bluespec_and_RISCV_Design/Code/Build/Fife/verilog/mkQuire.v:1927$622'.
Removing empty process `mkQuire.$proc$/teamspace/studios/this_studio/Melodica-Integration-into-Fife-Core/Learn_Bluespec_and_RISCV_Design/Code/Build/Fife/verilog/mkQuire.v:1927$622'.
Found and cleaned up 1 empty switch in `\mkQuire.$proc$/teamspace/studios/this_studio/Melodica-Integration-into-Fife-Core/Learn_Bluespec_and_RISCV_Design/Code/Build/Fife/verilog/mkQuire.v:1901$608'.
Removing empty process `mkQuire.$proc$/teamspace/studios/this_studio/Melodica-Integration-into-Fife-Core/Learn_Bluespec_and_RISCV_Design/Code/Build/Fife/verilog/mkQuire.v:1901$608'.
Found and cleaned up 1 empty switch in `\mkQuire.$proc$/teamspace/studios/this_studio/Melodica-Integration-into-Fife-Core/Learn_Bluespec_and_RISCV_Design/Code/Build/Fife/verilog/mkQuire.v:1875$594'.
Removing empty process `mkQuire.$proc$/teamspace/studios/this_studio/Melodica-Integration-into-Fife-Core/Learn_Bluespec_and_RISCV_Design/Code/Build/Fife/verilog/mkQuire.v:1875$594'.
Found and cleaned up 1 empty switch in `\mkQuire.$proc$/teamspace/studios/this_studio/Melodica-Integration-into-Fife-Core/Learn_Bluespec_and_RISCV_Design/Code/Build/Fife/verilog/mkQuire.v:1849$580'.
Removing empty process `mkQuire.$proc$/teamspace/studios/this_studio/Melodica-Integration-into-Fife-Core/Learn_Bluespec_and_RISCV_Design/Code/Build/Fife/verilog/mkQuire.v:1849$580'.
Found and cleaned up 1 empty switch in `\mkQuire.$proc$/teamspace/studios/this_studio/Melodica-Integration-into-Fife-Core/Learn_Bluespec_and_RISCV_Design/Code/Build/Fife/verilog/mkQuire.v:1823$566'.
Removing empty process `mkQuire.$proc$/teamspace/studios/this_studio/Melodica-Integration-into-Fife-Core/Learn_Bluespec_and_RISCV_Design/Code/Build/Fife/verilog/mkQuire.v:1823$566'.
Found and cleaned up 1 empty switch in `\mkQuire.$proc$/teamspace/studios/this_studio/Melodica-Integration-into-Fife-Core/Learn_Bluespec_and_RISCV_Design/Code/Build/Fife/verilog/mkQuire.v:1797$552'.
Removing empty process `mkQuire.$proc$/teamspace/studios/this_studio/Melodica-Integration-into-Fife-Core/Learn_Bluespec_and_RISCV_Design/Code/Build/Fife/verilog/mkQuire.v:1797$552'.
Found and cleaned up 1 empty switch in `\mkQuire.$proc$/teamspace/studios/this_studio/Melodica-Integration-into-Fife-Core/Learn_Bluespec_and_RISCV_Design/Code/Build/Fife/verilog/mkQuire.v:1774$539'.
Removing empty process `mkQuire.$proc$/teamspace/studios/this_studio/Melodica-Integration-into-Fife-Core/Learn_Bluespec_and_RISCV_Design/Code/Build/Fife/verilog/mkQuire.v:1774$539'.
Found and cleaned up 1 empty switch in `\mkQuire.$proc$/teamspace/studios/this_studio/Melodica-Integration-into-Fife-Core/Learn_Bluespec_and_RISCV_Design/Code/Build/Fife/verilog/mkQuire.v:1748$525'.
Removing empty process `mkQuire.$proc$/teamspace/studios/this_studio/Melodica-Integration-into-Fife-Core/Learn_Bluespec_and_RISCV_Design/Code/Build/Fife/verilog/mkQuire.v:1748$525'.
Found and cleaned up 1 empty switch in `\mkQuire.$proc$/teamspace/studios/this_studio/Melodica-Integration-into-Fife-Core/Learn_Bluespec_and_RISCV_Design/Code/Build/Fife/verilog/mkQuire.v:1722$511'.
Removing empty process `mkQuire.$proc$/teamspace/studios/this_studio/Melodica-Integration-into-Fife-Core/Learn_Bluespec_and_RISCV_Design/Code/Build/Fife/verilog/mkQuire.v:1722$511'.
Found and cleaned up 1 empty switch in `\mkQuire.$proc$/teamspace/studios/this_studio/Melodica-Integration-into-Fife-Core/Learn_Bluespec_and_RISCV_Design/Code/Build/Fife/verilog/mkQuire.v:1696$497'.
Removing empty process `mkQuire.$proc$/teamspace/studios/this_studio/Melodica-Integration-into-Fife-Core/Learn_Bluespec_and_RISCV_Design/Code/Build/Fife/verilog/mkQuire.v:1696$497'.
Found and cleaned up 1 empty switch in `\mkQuire.$proc$/teamspace/studios/this_studio/Melodica-Integration-into-Fife-Core/Learn_Bluespec_and_RISCV_Design/Code/Build/Fife/verilog/mkQuire.v:1670$483'.
Removing empty process `mkQuire.$proc$/teamspace/studios/this_studio/Melodica-Integration-into-Fife-Core/Learn_Bluespec_and_RISCV_Design/Code/Build/Fife/verilog/mkQuire.v:1670$483'.
Found and cleaned up 1 empty switch in `\mkQuire.$proc$/teamspace/studios/this_studio/Melodica-Integration-into-Fife-Core/Learn_Bluespec_and_RISCV_Design/Code/Build/Fife/verilog/mkQuire.v:1645$473'.
Removing empty process `mkQuire.$proc$/teamspace/studios/this_studio/Melodica-Integration-into-Fife-Core/Learn_Bluespec_and_RISCV_Design/Code/Build/Fife/verilog/mkQuire.v:1645$473'.
Found and cleaned up 1 empty switch in `\mkQuire.$proc$/teamspace/studios/this_studio/Melodica-Integration-into-Fife-Core/Learn_Bluespec_and_RISCV_Design/Code/Build/Fife/verilog/mkQuire.v:1620$463'.
Removing empty process `mkQuire.$proc$/teamspace/studios/this_studio/Melodica-Integration-into-Fife-Core/Learn_Bluespec_and_RISCV_Design/Code/Build/Fife/verilog/mkQuire.v:1620$463'.
Found and cleaned up 1 empty switch in `\mkQuire.$proc$/teamspace/studios/this_studio/Melodica-Integration-into-Fife-Core/Learn_Bluespec_and_RISCV_Design/Code/Build/Fife/verilog/mkQuire.v:1595$453'.
Removing empty process `mkQuire.$proc$/teamspace/studios/this_studio/Melodica-Integration-into-Fife-Core/Learn_Bluespec_and_RISCV_Design/Code/Build/Fife/verilog/mkQuire.v:1595$453'.
Found and cleaned up 1 empty switch in `\mkQuire.$proc$/teamspace/studios/this_studio/Melodica-Integration-into-Fife-Core/Learn_Bluespec_and_RISCV_Design/Code/Build/Fife/verilog/mkQuire.v:1570$443'.
Removing empty process `mkQuire.$proc$/teamspace/studios/this_studio/Melodica-Integration-into-Fife-Core/Learn_Bluespec_and_RISCV_Design/Code/Build/Fife/verilog/mkQuire.v:1570$443'.
Found and cleaned up 1 empty switch in `\mkQuire.$proc$/teamspace/studios/this_studio/Melodica-Integration-into-Fife-Core/Learn_Bluespec_and_RISCV_Design/Code/Build/Fife/verilog/mkQuire.v:1545$433'.
Removing empty process `mkQuire.$proc$/teamspace/studios/this_studio/Melodica-Integration-into-Fife-Core/Learn_Bluespec_and_RISCV_Design/Code/Build/Fife/verilog/mkQuire.v:1545$433'.
Found and cleaned up 1 empty switch in `\mkQuire.$proc$/teamspace/studios/this_studio/Melodica-Integration-into-Fife-Core/Learn_Bluespec_and_RISCV_Design/Code/Build/Fife/verilog/mkQuire.v:1520$423'.
Removing empty process `mkQuire.$proc$/teamspace/studios/this_studio/Melodica-Integration-into-Fife-Core/Learn_Bluespec_and_RISCV_Design/Code/Build/Fife/verilog/mkQuire.v:1520$423'.
Found and cleaned up 1 empty switch in `\mkQuire.$proc$/teamspace/studios/this_studio/Melodica-Integration-into-Fife-Core/Learn_Bluespec_and_RISCV_Design/Code/Build/Fife/verilog/mkQuire.v:1495$413'.
Removing empty process `mkQuire.$proc$/teamspace/studios/this_studio/Melodica-Integration-into-Fife-Core/Learn_Bluespec_and_RISCV_Design/Code/Build/Fife/verilog/mkQuire.v:1495$413'.
Found and cleaned up 1 empty switch in `\mkQuire.$proc$/teamspace/studios/this_studio/Melodica-Integration-into-Fife-Core/Learn_Bluespec_and_RISCV_Design/Code/Build/Fife/verilog/mkQuire.v:1470$403'.
Removing empty process `mkQuire.$proc$/teamspace/studios/this_studio/Melodica-Integration-into-Fife-Core/Learn_Bluespec_and_RISCV_Design/Code/Build/Fife/verilog/mkQuire.v:1470$403'.
Found and cleaned up 1 empty switch in `\mkQuire.$proc$/teamspace/studios/this_studio/Melodica-Integration-into-Fife-Core/Learn_Bluespec_and_RISCV_Design/Code/Build/Fife/verilog/mkQuire.v:1445$393'.
Removing empty process `mkQuire.$proc$/teamspace/studios/this_studio/Melodica-Integration-into-Fife-Core/Learn_Bluespec_and_RISCV_Design/Code/Build/Fife/verilog/mkQuire.v:1445$393'.
Found and cleaned up 1 empty switch in `\mkQuire.$proc$/teamspace/studios/this_studio/Melodica-Integration-into-Fife-Core/Learn_Bluespec_and_RISCV_Design/Code/Build/Fife/verilog/mkQuire.v:1420$383'.
Removing empty process `mkQuire.$proc$/teamspace/studios/this_studio/Melodica-Integration-into-Fife-Core/Learn_Bluespec_and_RISCV_Design/Code/Build/Fife/verilog/mkQuire.v:1420$383'.
Found and cleaned up 1 empty switch in `\mkQuire.$proc$/teamspace/studios/this_studio/Melodica-Integration-into-Fife-Core/Learn_Bluespec_and_RISCV_Design/Code/Build/Fife/verilog/mkQuire.v:1395$373'.
Removing empty process `mkQuire.$proc$/teamspace/studios/this_studio/Melodica-Integration-into-Fife-Core/Learn_Bluespec_and_RISCV_Design/Code/Build/Fife/verilog/mkQuire.v:1395$373'.
Found and cleaned up 1 empty switch in `\mkQuire.$proc$/teamspace/studios/this_studio/Melodica-Integration-into-Fife-Core/Learn_Bluespec_and_RISCV_Design/Code/Build/Fife/verilog/mkQuire.v:1371$363'.
Removing empty process `mkQuire.$proc$/teamspace/studios/this_studio/Melodica-Integration-into-Fife-Core/Learn_Bluespec_and_RISCV_Design/Code/Build/Fife/verilog/mkQuire.v:1371$363'.
Found and cleaned up 1 empty switch in `\mkQuire.$proc$/teamspace/studios/this_studio/Melodica-Integration-into-Fife-Core/Learn_Bluespec_and_RISCV_Design/Code/Build/Fife/verilog/mkQuire.v:1348$353'.
Removing empty process `mkQuire.$proc$/teamspace/studios/this_studio/Melodica-Integration-into-Fife-Core/Learn_Bluespec_and_RISCV_Design/Code/Build/Fife/verilog/mkQuire.v:1348$353'.
Removing empty process `$paramod\FIFO2\width=32'00000000000000000000000000000011\guarded=1'1.$proc$/teamspace/studios/this_studio/Melodica-Integration-into-Fife-Core/bsc/lib/Verilog/FIFO2.v:110$1423'.
Found and cleaned up 4 empty switches in `$paramod\FIFO2\width=32'00000000000000000000000000000011\guarded=1'1.$proc$/teamspace/studios/this_studio/Melodica-Integration-into-Fife-Core/bsc/lib/Verilog/FIFO2.v:81$1415'.
Removing empty process `$paramod\FIFO2\width=32'00000000000000000000000000000011\guarded=1'1.$proc$/teamspace/studios/this_studio/Melodica-Integration-into-Fife-Core/bsc/lib/Verilog/FIFO2.v:81$1415'.
Removing empty process `$paramod\FIFO2\width=32'00000000000000000000000010001010\guarded=1'1.$proc$/teamspace/studios/this_studio/Melodica-Integration-into-Fife-Core/bsc/lib/Verilog/FIFO2.v:110$1391'.
Found and cleaned up 4 empty switches in `$paramod\FIFO2\width=32'00000000000000000000000010001010\guarded=1'1.$proc$/teamspace/studios/this_studio/Melodica-Integration-into-Fife-Core/bsc/lib/Verilog/FIFO2.v:81$1383'.
Removing empty process `$paramod\FIFO2\width=32'00000000000000000000000010001010\guarded=1'1.$proc$/teamspace/studios/this_studio/Melodica-Integration-into-Fife-Core/bsc/lib/Verilog/FIFO2.v:81$1383'.
Found and cleaned up 1 empty switch in `$paramod\FIFO1\width=32'00000000000000000000000001000111\guarded=1'1.$proc$/teamspace/studios/this_studio/Melodica-Integration-into-Fife-Core/bsc/lib/Verilog/FIFO1.v:96$1365'.
Removing empty process `$paramod\FIFO1\width=32'00000000000000000000000001000111\guarded=1'1.$proc$/teamspace/studios/this_studio/Melodica-Integration-into-Fife-Core/bsc/lib/Verilog/FIFO1.v:96$1365'.
Found and cleaned up 4 empty switches in `$paramod\FIFO1\width=32'00000000000000000000000001000111\guarded=1'1.$proc$/teamspace/studios/this_studio/Melodica-Integration-into-Fife-Core/bsc/lib/Verilog/FIFO1.v:73$1363'.
Removing empty process `$paramod\FIFO1\width=32'00000000000000000000000001000111\guarded=1'1.$proc$/teamspace/studios/this_studio/Melodica-Integration-into-Fife-Core/bsc/lib/Verilog/FIFO1.v:73$1363'.
Removing empty process `$paramod\FIFO2\width=32'00000000000000000000000000100011\guarded=1'1.$proc$/teamspace/studios/this_studio/Melodica-Integration-into-Fife-Core/bsc/lib/Verilog/FIFO2.v:110$1355'.
Found and cleaned up 4 empty switches in `$paramod\FIFO2\width=32'00000000000000000000000000100011\guarded=1'1.$proc$/teamspace/studios/this_studio/Melodica-Integration-into-Fife-Core/bsc/lib/Verilog/FIFO2.v:81$1347'.
Removing empty process `$paramod\FIFO2\width=32'00000000000000000000000000100011\guarded=1'1.$proc$/teamspace/studios/this_studio/Melodica-Integration-into-Fife-Core/bsc/lib/Verilog/FIFO2.v:81$1347'.
Cleaned up 121 empty switches.

14.2.12. Executing OPT_EXPR pass (perform const folding).
Optimizing module $paramod\FIFO2\width=32'00000000000000000000000000100110\guarded=1'1.
<suppressed ~3 debug messages>
Optimizing module $paramod\FIFO2\width=32'00000000000000000000000000100100\guarded=1'1.
<suppressed ~3 debug messages>
Optimizing module $paramod\FIFO1\width=32'00000000000000000000000001000011\guarded=1'1.
<suppressed ~2 debug messages>
Optimizing module $paramod\FIFO1\width=32'00000000000000000000000110000110\guarded=1'1.
<suppressed ~2 debug messages>
Optimizing module $paramod\FIFO1\width=32'00000000000000000000000000001010\guarded=1'1.
<suppressed ~2 debug messages>
Optimizing module $paramod\FIFO1\width=32'00000000000000000000000000101001\guarded=1'1.
<suppressed ~2 debug messages>
Optimizing module $paramod$77feb722284cbb4b2efebea6faec56b4318dabcc\SizedFIFO.
<suppressed ~6 debug messages>
Optimizing module $paramod$a0c6df3c1489bcd5c1c6c2071c80faf091665997\SizedFIFO.
<suppressed ~6 debug messages>
Optimizing module mkPositCore.
<suppressed ~7 debug messages>
Optimizing module mkPtoF_PNE.
<suppressed ~11 debug messages>
Optimizing module mkFtoP_PNE.
<suppressed ~13 debug messages>
Optimizing module mkExtracter.
<suppressed ~4 debug messages>
Optimizing module mkNormalizer.
<suppressed ~2 debug messages>
Optimizing module mkMultiplier.
Optimizing module mkQuire.
<suppressed ~262 debug messages>
Optimizing module module_fn_twosC_quire.
Optimizing module $paramod\FIFO2\width=32'00000000000000000000000000000011\guarded=1'1.
<suppressed ~3 debug messages>
Optimizing module $paramod\FIFO2\width=32'00000000000000000000000010001010\guarded=1'1.
<suppressed ~3 debug messages>
Optimizing module $paramod\FIFO1\width=32'00000000000000000000000001000111\guarded=1'1.
<suppressed ~2 debug messages>
Optimizing module $paramod\FIFO2\width=32'00000000000000000000000000100011\guarded=1'1.
<suppressed ~3 debug messages>

14.3. Executing FLATTEN pass (flatten design).
Deleting now unused module $paramod\FIFO2\width=32'00000000000000000000000000100110\guarded=1'1.
Deleting now unused module $paramod\FIFO2\width=32'00000000000000000000000000100100\guarded=1'1.
Deleting now unused module $paramod\FIFO1\width=32'00000000000000000000000001000011\guarded=1'1.
Deleting now unused module $paramod\FIFO1\width=32'00000000000000000000000110000110\guarded=1'1.
Deleting now unused module $paramod\FIFO1\width=32'00000000000000000000000000001010\guarded=1'1.
Deleting now unused module $paramod\FIFO1\width=32'00000000000000000000000000101001\guarded=1'1.
Deleting now unused module $paramod$77feb722284cbb4b2efebea6faec56b4318dabcc\SizedFIFO.
Deleting now unused module $paramod$a0c6df3c1489bcd5c1c6c2071c80faf091665997\SizedFIFO.
Deleting now unused module mkPtoF_PNE.
Deleting now unused module mkFtoP_PNE.
Deleting now unused module mkExtracter.
Deleting now unused module mkNormalizer.
Deleting now unused module mkMultiplier.
Deleting now unused module mkQuire.
Deleting now unused module module_fn_twosC_quire.
Deleting now unused module $paramod\FIFO2\width=32'00000000000000000000000000000011\guarded=1'1.
Deleting now unused module $paramod\FIFO2\width=32'00000000000000000000000010001010\guarded=1'1.
Deleting now unused module $paramod\FIFO1\width=32'00000000000000000000000001000111\guarded=1'1.
Deleting now unused module $paramod\FIFO2\width=32'00000000000000000000000000100011\guarded=1'1.
<suppressed ~47 debug messages>

14.4. Executing OPT_EXPR pass (perform const folding).
Optimizing module mkPositCore.
<suppressed ~87 debug messages>

14.5. Executing OPT_CLEAN pass (remove unused cells and wires).
Finding unused cells or wires in module \mkPositCore..
Removed 154 unused cells and 1852 unused wires.
<suppressed ~158 debug messages>

14.6. Executing CHECK pass (checking for obvious problems).
Checking module mkPositCore...
Found and reported 0 problems.

14.7. Executing OPT pass (performing simple optimizations).

14.7.1. Executing OPT_EXPR pass (perform const folding).
Optimizing module mkPositCore.

14.7.2. Executing OPT_MERGE pass (detect identical cells).
Finding identical cells in module `\mkPositCore'.
<suppressed ~1908 debug messages>
Removed a total of 636 cells.

14.7.3. Executing OPT_MUXTREE pass (detect dead branches in mux trees).
Running muxtree optimizer on module \mkPositCore..
  Creating internal representation of mux trees.
  Evaluating internal representation of mux trees.
      Replacing known input bits on port A of cell $flatten\quire.\instance_fn_twosC_quire_1.$ternary$/teamspace/studios/this_studio/Melodica-Integration-into-Fife-Core/Learn_Bluespec_and_RISCV_Design/Code/Build/Fife/verilog/module_fn_twosC_quire.v:100$103: \quire.vrg_quire_12 -> { 1'1 \quire.vrg_quire_12 [30:0] }
      Replacing known input bits on port A of cell $flatten\quire.$ternary$/teamspace/studios/this_studio/Melodica-Integration-into-Fife-Core/Learn_Bluespec_and_RISCV_Design/Code/Build/Fife/verilog/mkQuire.v:2691$856: \extracter1.ff_extract_out.data0_reg [34:25] -> { 1'0 \extracter1.ff_extract_out.data0_reg [33:25] }
      Replacing known input bits on port A of cell $flatten\quire.\seg_adder_vff_carry_0.$procmux$1579: \quire.seg_adder_vff_carry_0.not_ring_full -> 1'0
      Replacing known input bits on port A of cell $flatten\quire.\seg_adder_vff_carry_1.$procmux$1579: \quire.seg_adder_vff_carry_1.not_ring_full -> 1'0
      Replacing known input bits on port A of cell $flatten\quire.\seg_adder_vff_carry_10.$procmux$1579: \quire.seg_adder_vff_carry_10.not_ring_full -> 1'0
      Replacing known input bits on port A of cell $flatten\quire.\seg_adder_vff_carry_11.$procmux$1579: \quire.seg_adder_vff_carry_11.not_ring_full -> 1'0
      Replacing known input bits on port A of cell $flatten\quire.\seg_adder_vff_carry_2.$procmux$1579: \quire.seg_adder_vff_carry_2.not_ring_full -> 1'0
      Replacing known input bits on port A of cell $flatten\quire.\seg_adder_vff_carry_3.$procmux$1579: \quire.seg_adder_vff_carry_3.not_ring_full -> 1'0
      Replacing known input bits on port A of cell $flatten\quire.\seg_adder_vff_carry_4.$procmux$1579: \quire.seg_adder_vff_carry_4.not_ring_full -> 1'0
      Replacing known input bits on port A of cell $flatten\quire.\seg_adder_vff_carry_5.$procmux$1579: \quire.seg_adder_vff_carry_5.not_ring_full -> 1'0
      Replacing known input bits on port A of cell $flatten\quire.\seg_adder_vff_carry_6.$procmux$1579: \quire.seg_adder_vff_carry_6.not_ring_full -> 1'0
      Replacing known input bits on port A of cell $flatten\ftop.$ternary$/teamspace/studios/this_studio/Melodica-Integration-into-Fife-Core/Learn_Bluespec_and_RISCV_Design/Code/Build/Fife/verilog/mkFtoP_PNE.v:132$982: \ftop.IF_SEXT__0_CONCAT_request_put_BITS_30_TO_23_3__ETC___d32 -> { 1'0 \ftop.IF_SEXT__0_CONCAT_request_put_BITS_30_TO_23_3__ETC___d32 [4:0] }
      Replacing known input bits on port A of cell $flatten\quire.\seg_adder_vff_carry_7.$procmux$1579: \quire.seg_adder_vff_carry_7.not_ring_full -> 1'0
      Replacing known input bits on port A of cell $flatten\quire.\seg_adder_vff_carry_8.$procmux$1579: \quire.seg_adder_vff_carry_8.not_ring_full -> 1'0
      Replacing known input bits on port A of cell $flatten\quire.\seg_adder_vff_carry_9.$procmux$1579: \quire.seg_adder_vff_carry_9.not_ring_full -> 1'0
      Replacing known input bits on port A of cell $flatten\quire.\seg_adder_vff_in_0.$procmux$1637: \quire.seg_adder_vff_in_0.not_ring_full -> 1'0
      Replacing known input bits on port A of cell $flatten\quire.\seg_adder_vff_in_1.$procmux$1637: \quire.seg_adder_vff_in_1.not_ring_full -> 1'0
      Replacing known input bits on port A of cell $flatten\multiplier.$ternary$/teamspace/studios/this_studio/Melodica-Integration-into-Fife-Core/Learn_Bluespec_and_RISCV_Design/Code/Build/Fife/verilog/mkMultiplier.v:229$922: \multiplier.ff_pipe_reg_first_BITS_62_TO_52_PLUS_1___d7 -> { 1'0 \multiplier.ff_pipe_reg_first_BITS_62_TO_52_PLUS_1___d7 [9:0] }
      Replacing known input bits on port A of cell $flatten\quire.\seg_adder_vff_in_10.$procmux$1637: \quire.seg_adder_vff_in_10.not_ring_full -> 1'0
      Replacing known input bits on port A of cell $flatten\quire.\seg_adder_vff_in_11.$procmux$1637: \quire.seg_adder_vff_in_11.not_ring_full -> 1'0
      Replacing known input bits on port A of cell $flatten\quire.\seg_adder_vff_in_12.$procmux$1637: \quire.seg_adder_vff_in_12.not_ring_full -> 1'0
      Replacing known input bits on port A of cell $flatten\quire.\seg_adder_vff_in_2.$procmux$1637: \quire.seg_adder_vff_in_2.not_ring_full -> 1'0
      Replacing known input bits on port A of cell $flatten\quire.\seg_adder_vff_in_3.$procmux$1637: \quire.seg_adder_vff_in_3.not_ring_full -> 1'0
      Replacing known input bits on port A of cell $flatten\quire.\seg_adder_vff_in_4.$procmux$1637: \quire.seg_adder_vff_in_4.not_ring_full -> 1'0
      Replacing known input bits on port A of cell $flatten\quire.\seg_adder_vff_in_5.$procmux$1637: \quire.seg_adder_vff_in_5.not_ring_full -> 1'0
      Replacing known input bits on port A of cell $flatten\quire.\seg_adder_vff_in_6.$procmux$1637: \quire.seg_adder_vff_in_6.not_ring_full -> 1'0
      Replacing known input bits on port A of cell $flatten\quire.\seg_adder_vff_in_7.$procmux$1637: \quire.seg_adder_vff_in_7.not_ring_full -> 1'0
      Replacing known input bits on port A of cell $flatten\quire.\seg_adder_vff_in_8.$procmux$1637: \quire.seg_adder_vff_in_8.not_ring_full -> 1'0
      Replacing known input bits on port A of cell $flatten\quire.\seg_adder_vff_in_9.$procmux$1637: \quire.seg_adder_vff_in_9.not_ring_full -> 1'0
      Replacing known input bits on port A of cell $flatten\ptof.$ternary$/teamspace/studios/this_studio/Melodica-Integration-into-Fife-Core/Learn_Bluespec_and_RISCV_Design/Code/Build/Fife/verilog/mkPtoF_PNE.v:137$1016: \ptof.IF_request_put_BITS_34_TO_25_SLT_897_THEN_IF_r_ETC___d22 -> { 1'0 \ptof.IF_request_put_BITS_34_TO_25_SLT_897_THEN_IF_r_ETC___d22 [4:0] }
  Analyzing evaluation results.
    dead port 3/4 on $pmux $flatten\quire.\seg_adder_vff_carry_0.$procmux$1545.
    dead port 3/4 on $pmux $flatten\quire.\seg_adder_vff_carry_0.$procmux$1554.
    dead port 3/4 on $pmux $flatten\quire.\seg_adder_vff_carry_0.$procmux$1563.
    dead port 3/4 on $pmux $flatten\quire.\seg_adder_vff_carry_0.$procmux$1572.
    dead port 3/4 on $pmux $flatten\quire.\seg_adder_vff_carry_0.$procmux$1581.
    dead port 3/4 on $pmux $flatten\quire.\seg_adder_vff_carry_1.$procmux$1545.
    dead port 3/4 on $pmux $flatten\quire.\seg_adder_vff_carry_1.$procmux$1554.
    dead port 3/4 on $pmux $flatten\quire.\seg_adder_vff_carry_1.$procmux$1563.
    dead port 3/4 on $pmux $flatten\quire.\seg_adder_vff_carry_1.$procmux$1572.
    dead port 3/4 on $pmux $flatten\quire.\seg_adder_vff_carry_1.$procmux$1581.
    dead port 3/4 on $pmux $flatten\quire.\seg_adder_vff_carry_10.$procmux$1545.
    dead port 3/4 on $pmux $flatten\quire.\seg_adder_vff_carry_10.$procmux$1554.
    dead port 3/4 on $pmux $flatten\quire.\seg_adder_vff_carry_10.$procmux$1563.
    dead port 3/4 on $pmux $flatten\quire.\seg_adder_vff_carry_10.$procmux$1572.
    dead port 3/4 on $pmux $flatten\quire.\seg_adder_vff_carry_10.$procmux$1581.
    dead port 3/4 on $pmux $flatten\quire.\seg_adder_vff_carry_11.$procmux$1545.
    dead port 3/4 on $pmux $flatten\quire.\seg_adder_vff_carry_11.$procmux$1554.
    dead port 3/4 on $pmux $flatten\quire.\seg_adder_vff_carry_11.$procmux$1563.
    dead port 3/4 on $pmux $flatten\quire.\seg_adder_vff_carry_11.$procmux$1572.
    dead port 3/4 on $pmux $flatten\quire.\seg_adder_vff_carry_11.$procmux$1581.
    dead port 3/4 on $pmux $flatten\quire.\seg_adder_vff_carry_2.$procmux$1545.
    dead port 3/4 on $pmux $flatten\quire.\seg_adder_vff_carry_2.$procmux$1554.
    dead port 3/4 on $pmux $flatten\quire.\seg_adder_vff_carry_2.$procmux$1563.
    dead port 3/4 on $pmux $flatten\quire.\seg_adder_vff_carry_2.$procmux$1572.
    dead port 3/4 on $pmux $flatten\quire.\seg_adder_vff_carry_2.$procmux$1581.
    dead port 3/4 on $pmux $flatten\quire.\seg_adder_vff_carry_3.$procmux$1545.
    dead port 3/4 on $pmux $flatten\quire.\seg_adder_vff_carry_3.$procmux$1554.
    dead port 3/4 on $pmux $flatten\quire.\seg_adder_vff_carry_3.$procmux$1563.
    dead port 3/4 on $pmux $flatten\quire.\seg_adder_vff_carry_3.$procmux$1572.
    dead port 3/4 on $pmux $flatten\quire.\seg_adder_vff_carry_3.$procmux$1581.
    dead port 3/4 on $pmux $flatten\quire.\seg_adder_vff_carry_4.$procmux$1545.
    dead port 3/4 on $pmux $flatten\quire.\seg_adder_vff_carry_4.$procmux$1554.
    dead port 3/4 on $pmux $flatten\quire.\seg_adder_vff_carry_4.$procmux$1563.
    dead port 3/4 on $pmux $flatten\quire.\seg_adder_vff_carry_4.$procmux$1572.
    dead port 3/4 on $pmux $flatten\quire.\seg_adder_vff_carry_4.$procmux$1581.
    dead port 3/4 on $pmux $flatten\quire.\seg_adder_vff_carry_5.$procmux$1545.
    dead port 3/4 on $pmux $flatten\quire.\seg_adder_vff_carry_5.$procmux$1554.
    dead port 3/4 on $pmux $flatten\quire.\seg_adder_vff_carry_5.$procmux$1563.
    dead port 3/4 on $pmux $flatten\quire.\seg_adder_vff_carry_5.$procmux$1572.
    dead port 3/4 on $pmux $flatten\quire.\seg_adder_vff_carry_5.$procmux$1581.
    dead port 3/4 on $pmux $flatten\quire.\seg_adder_vff_carry_6.$procmux$1545.
    dead port 3/4 on $pmux $flatten\quire.\seg_adder_vff_carry_6.$procmux$1554.
    dead port 3/4 on $pmux $flatten\quire.\seg_adder_vff_carry_6.$procmux$1563.
    dead port 3/4 on $pmux $flatten\quire.\seg_adder_vff_carry_6.$procmux$1572.
    dead port 3/4 on $pmux $flatten\quire.\seg_adder_vff_carry_6.$procmux$1581.
    dead port 3/4 on $pmux $flatten\quire.\seg_adder_vff_carry_7.$procmux$1545.
    dead port 3/4 on $pmux $flatten\quire.\seg_adder_vff_carry_7.$procmux$1554.
    dead port 3/4 on $pmux $flatten\quire.\seg_adder_vff_carry_7.$procmux$1563.
    dead port 3/4 on $pmux $flatten\quire.\seg_adder_vff_carry_7.$procmux$1572.
    dead port 3/4 on $pmux $flatten\quire.\seg_adder_vff_carry_7.$procmux$1581.
    dead port 3/4 on $pmux $flatten\quire.\seg_adder_vff_carry_8.$procmux$1545.
    dead port 3/4 on $pmux $flatten\quire.\seg_adder_vff_carry_8.$procmux$1554.
    dead port 3/4 on $pmux $flatten\quire.\seg_adder_vff_carry_8.$procmux$1563.
    dead port 3/4 on $pmux $flatten\quire.\seg_adder_vff_carry_8.$procmux$1572.
    dead port 3/4 on $pmux $flatten\quire.\seg_adder_vff_carry_8.$procmux$1581.
    dead port 3/4 on $pmux $flatten\quire.\seg_adder_vff_carry_9.$procmux$1545.
    dead port 3/4 on $pmux $flatten\quire.\seg_adder_vff_carry_9.$procmux$1554.
    dead port 3/4 on $pmux $flatten\quire.\seg_adder_vff_carry_9.$procmux$1563.
    dead port 3/4 on $pmux $flatten\quire.\seg_adder_vff_carry_9.$procmux$1572.
    dead port 3/4 on $pmux $flatten\quire.\seg_adder_vff_carry_9.$procmux$1581.
    dead port 3/4 on $pmux $flatten\quire.\seg_adder_vff_in_0.$procmux$1603.
    dead port 3/4 on $pmux $flatten\quire.\seg_adder_vff_in_0.$procmux$1612.
    dead port 3/4 on $pmux $flatten\quire.\seg_adder_vff_in_0.$procmux$1621.
    dead port 3/4 on $pmux $flatten\quire.\seg_adder_vff_in_0.$procmux$1630.
    dead port 3/4 on $pmux $flatten\quire.\seg_adder_vff_in_0.$procmux$1639.
    dead port 3/4 on $pmux $flatten\quire.\seg_adder_vff_in_1.$procmux$1603.
    dead port 3/4 on $pmux $flatten\quire.\seg_adder_vff_in_1.$procmux$1612.
    dead port 3/4 on $pmux $flatten\quire.\seg_adder_vff_in_1.$procmux$1621.
    dead port 3/4 on $pmux $flatten\quire.\seg_adder_vff_in_1.$procmux$1630.
    dead port 3/4 on $pmux $flatten\quire.\seg_adder_vff_in_1.$procmux$1639.
    dead port 3/4 on $pmux $flatten\quire.\seg_adder_vff_in_10.$procmux$1603.
    dead port 3/4 on $pmux $flatten\quire.\seg_adder_vff_in_10.$procmux$1612.
    dead port 3/4 on $pmux $flatten\quire.\seg_adder_vff_in_10.$procmux$1621.
    dead port 3/4 on $pmux $flatten\quire.\seg_adder_vff_in_10.$procmux$1630.
    dead port 3/4 on $pmux $flatten\quire.\seg_adder_vff_in_10.$procmux$1639.
    dead port 3/4 on $pmux $flatten\quire.\seg_adder_vff_in_11.$procmux$1603.
    dead port 3/4 on $pmux $flatten\quire.\seg_adder_vff_in_11.$procmux$1612.
    dead port 3/4 on $pmux $flatten\quire.\seg_adder_vff_in_11.$procmux$1621.
    dead port 3/4 on $pmux $flatten\quire.\seg_adder_vff_in_11.$procmux$1630.
    dead port 3/4 on $pmux $flatten\quire.\seg_adder_vff_in_11.$procmux$1639.
    dead port 3/4 on $pmux $flatten\quire.\seg_adder_vff_in_12.$procmux$1603.
    dead port 3/4 on $pmux $flatten\quire.\seg_adder_vff_in_12.$procmux$1612.
    dead port 3/4 on $pmux $flatten\quire.\seg_adder_vff_in_12.$procmux$1621.
    dead port 3/4 on $pmux $flatten\quire.\seg_adder_vff_in_12.$procmux$1630.
    dead port 3/4 on $pmux $flatten\quire.\seg_adder_vff_in_12.$procmux$1639.
    dead port 3/4 on $pmux $flatten\quire.\seg_adder_vff_in_2.$procmux$1603.
    dead port 3/4 on $pmux $flatten\quire.\seg_adder_vff_in_2.$procmux$1612.
    dead port 3/4 on $pmux $flatten\quire.\seg_adder_vff_in_2.$procmux$1621.
    dead port 3/4 on $pmux $flatten\quire.\seg_adder_vff_in_2.$procmux$1630.
    dead port 3/4 on $pmux $flatten\quire.\seg_adder_vff_in_2.$procmux$1639.
    dead port 3/4 on $pmux $flatten\quire.\seg_adder_vff_in_3.$procmux$1603.
    dead port 3/4 on $pmux $flatten\quire.\seg_adder_vff_in_3.$procmux$1612.
    dead port 3/4 on $pmux $flatten\quire.\seg_adder_vff_in_3.$procmux$1621.
    dead port 3/4 on $pmux $flatten\quire.\seg_adder_vff_in_3.$procmux$1630.
    dead port 3/4 on $pmux $flatten\quire.\seg_adder_vff_in_3.$procmux$1639.
    dead port 3/4 on $pmux $flatten\quire.\seg_adder_vff_in_4.$procmux$1603.
    dead port 3/4 on $pmux $flatten\quire.\seg_adder_vff_in_4.$procmux$1612.
    dead port 3/4 on $pmux $flatten\quire.\seg_adder_vff_in_4.$procmux$1621.
    dead port 3/4 on $pmux $flatten\quire.\seg_adder_vff_in_4.$procmux$1630.
    dead port 3/4 on $pmux $flatten\quire.\seg_adder_vff_in_4.$procmux$1639.
    dead port 3/4 on $pmux $flatten\quire.\seg_adder_vff_in_5.$procmux$1603.
    dead port 3/4 on $pmux $flatten\quire.\seg_adder_vff_in_5.$procmux$1612.
    dead port 3/4 on $pmux $flatten\quire.\seg_adder_vff_in_5.$procmux$1621.
    dead port 3/4 on $pmux $flatten\quire.\seg_adder_vff_in_5.$procmux$1630.
    dead port 3/4 on $pmux $flatten\quire.\seg_adder_vff_in_5.$procmux$1639.
    dead port 3/4 on $pmux $flatten\quire.\seg_adder_vff_in_6.$procmux$1603.
    dead port 3/4 on $pmux $flatten\quire.\seg_adder_vff_in_6.$procmux$1612.
    dead port 3/4 on $pmux $flatten\quire.\seg_adder_vff_in_6.$procmux$1621.
    dead port 3/4 on $pmux $flatten\quire.\seg_adder_vff_in_6.$procmux$1630.
    dead port 3/4 on $pmux $flatten\quire.\seg_adder_vff_in_6.$procmux$1639.
    dead port 3/4 on $pmux $flatten\quire.\seg_adder_vff_in_7.$procmux$1603.
    dead port 3/4 on $pmux $flatten\quire.\seg_adder_vff_in_7.$procmux$1612.
    dead port 3/4 on $pmux $flatten\quire.\seg_adder_vff_in_7.$procmux$1621.
    dead port 3/4 on $pmux $flatten\quire.\seg_adder_vff_in_7.$procmux$1630.
    dead port 3/4 on $pmux $flatten\quire.\seg_adder_vff_in_7.$procmux$1639.
    dead port 3/4 on $pmux $flatten\quire.\seg_adder_vff_in_8.$procmux$1603.
    dead port 3/4 on $pmux $flatten\quire.\seg_adder_vff_in_8.$procmux$1612.
    dead port 3/4 on $pmux $flatten\quire.\seg_adder_vff_in_8.$procmux$1621.
    dead port 3/4 on $pmux $flatten\quire.\seg_adder_vff_in_8.$procmux$1630.
    dead port 3/4 on $pmux $flatten\quire.\seg_adder_vff_in_8.$procmux$1639.
    dead port 3/4 on $pmux $flatten\quire.\seg_adder_vff_in_9.$procmux$1603.
    dead port 3/4 on $pmux $flatten\quire.\seg_adder_vff_in_9.$procmux$1612.
    dead port 3/4 on $pmux $flatten\quire.\seg_adder_vff_in_9.$procmux$1621.
    dead port 3/4 on $pmux $flatten\quire.\seg_adder_vff_in_9.$procmux$1630.
    dead port 3/4 on $pmux $flatten\quire.\seg_adder_vff_in_9.$procmux$1639.
Removed 125 multiplexer ports.
<suppressed ~373 debug messages>

14.7.4. Executing OPT_REDUCE pass (consolidate $*mux and $reduce_* inputs).
  Optimizing cells in module \mkPositCore.
    New ctrl vector for $pmux cell $flatten\quire.\seg_adder_vff_carry_0.$procmux$1539: { $auto$opt_reduce.cc:134:opt_pmux$2191 $auto$opt_reduce.cc:134:opt_pmux$2189 }
    New ctrl vector for $pmux cell $flatten\quire.\seg_adder_vff_carry_0.$procmux$1563: $auto$opt_reduce.cc:134:opt_pmux$2193
    New ctrl vector for $pmux cell $flatten\quire.\seg_adder_vff_carry_1.$procmux$1539: { $auto$opt_reduce.cc:134:opt_pmux$2197 $auto$opt_reduce.cc:134:opt_pmux$2195 }
    New ctrl vector for $pmux cell $flatten\quire.\seg_adder_vff_carry_1.$procmux$1563: $auto$opt_reduce.cc:134:opt_pmux$2199
    New ctrl vector for $pmux cell $flatten\quire.\seg_adder_vff_carry_10.$procmux$1539: { $auto$opt_reduce.cc:134:opt_pmux$2203 $auto$opt_reduce.cc:134:opt_pmux$2201 }
    New ctrl vector for $pmux cell $flatten\quire.\seg_adder_vff_carry_10.$procmux$1563: $auto$opt_reduce.cc:134:opt_pmux$2205
    New ctrl vector for $pmux cell $flatten\quire.\seg_adder_vff_carry_11.$procmux$1539: { $auto$opt_reduce.cc:134:opt_pmux$2209 $auto$opt_reduce.cc:134:opt_pmux$2207 }
    New ctrl vector for $pmux cell $flatten\quire.\seg_adder_vff_carry_11.$procmux$1563: $auto$opt_reduce.cc:134:opt_pmux$2211
    New ctrl vector for $pmux cell $flatten\quire.\seg_adder_vff_carry_2.$procmux$1539: { $auto$opt_reduce.cc:134:opt_pmux$2215 $auto$opt_reduce.cc:134:opt_pmux$2213 }
    New ctrl vector for $pmux cell $flatten\quire.\seg_adder_vff_carry_2.$procmux$1563: $auto$opt_reduce.cc:134:opt_pmux$2217
    New ctrl vector for $pmux cell $flatten\quire.\seg_adder_vff_carry_3.$procmux$1539: { $auto$opt_reduce.cc:134:opt_pmux$2221 $auto$opt_reduce.cc:134:opt_pmux$2219 }
    New ctrl vector for $pmux cell $flatten\quire.\seg_adder_vff_carry_3.$procmux$1563: $auto$opt_reduce.cc:134:opt_pmux$2223
    New ctrl vector for $pmux cell $flatten\quire.\seg_adder_vff_carry_4.$procmux$1539: { $auto$opt_reduce.cc:134:opt_pmux$2227 $auto$opt_reduce.cc:134:opt_pmux$2225 }
    New ctrl vector for $pmux cell $flatten\quire.\seg_adder_vff_carry_4.$procmux$1563: $auto$opt_reduce.cc:134:opt_pmux$2229
    New ctrl vector for $pmux cell $flatten\quire.\seg_adder_vff_carry_5.$procmux$1539: { $auto$opt_reduce.cc:134:opt_pmux$2233 $auto$opt_reduce.cc:134:opt_pmux$2231 }
    New ctrl vector for $pmux cell $flatten\quire.\seg_adder_vff_carry_5.$procmux$1563: $auto$opt_reduce.cc:134:opt_pmux$2235
    New ctrl vector for $pmux cell $flatten\quire.\seg_adder_vff_carry_6.$procmux$1539: { $auto$opt_reduce.cc:134:opt_pmux$2239 $auto$opt_reduce.cc:134:opt_pmux$2237 }
    New ctrl vector for $pmux cell $flatten\quire.\seg_adder_vff_carry_6.$procmux$1563: $auto$opt_reduce.cc:134:opt_pmux$2241
    New ctrl vector for $pmux cell $flatten\quire.\seg_adder_vff_carry_7.$procmux$1539: { $auto$opt_reduce.cc:134:opt_pmux$2245 $auto$opt_reduce.cc:134:opt_pmux$2243 }
    New ctrl vector for $pmux cell $flatten\quire.\seg_adder_vff_carry_7.$procmux$1563: $auto$opt_reduce.cc:134:opt_pmux$2247
    New ctrl vector for $pmux cell $flatten\quire.\seg_adder_vff_carry_8.$procmux$1539: { $auto$opt_reduce.cc:134:opt_pmux$2251 $auto$opt_reduce.cc:134:opt_pmux$2249 }
    New ctrl vector for $pmux cell $flatten\quire.\seg_adder_vff_carry_8.$procmux$1563: $auto$opt_reduce.cc:134:opt_pmux$2253
    New ctrl vector for $pmux cell $flatten\quire.\seg_adder_vff_carry_9.$procmux$1539: { $auto$opt_reduce.cc:134:opt_pmux$2257 $auto$opt_reduce.cc:134:opt_pmux$2255 }
    New ctrl vector for $pmux cell $flatten\quire.\seg_adder_vff_carry_9.$procmux$1563: $auto$opt_reduce.cc:134:opt_pmux$2259
    Consolidated identical input bits for $mux cell $flatten\quire.\seg_adder_vff_in_0.$procmux$1589:
      Old ports: A=0, B=32'11111111111111111111111111111111, Y=$flatten\quire.\seg_adder_vff_in_0.$0$memwr$\arr$/teamspace/studios/this_studio/Melodica-Integration-into-Fife-Core/bsc/lib/Verilog/SizedFIFO.v:206$1188_EN[31:0]$1206
      New ports: A=1'0, B=1'1, Y=$flatten\quire.\seg_adder_vff_in_0.$0$memwr$\arr$/teamspace/studios/this_studio/Melodica-Integration-into-Fife-Core/bsc/lib/Verilog/SizedFIFO.v:206$1188_EN[31:0]$1206 [0]
      New connections: $flatten\quire.\seg_adder_vff_in_0.$0$memwr$\arr$/teamspace/studios/this_studio/Melodica-Integration-into-Fife-Core/bsc/lib/Verilog/SizedFIFO.v:206$1188_EN[31:0]$1206 [31:1] = { $flatten\quire.\seg_adder_vff_in_0.$0$memwr$\arr$/teamspace/studios/this_studio/Melodica-Integration-into-Fife-Core/bsc/lib/Verilog/SizedFIFO.v:206$1188_EN[31:0]$1206 [0] $flatten\quire.\seg_adder_vff_in_0.$0$memwr$\arr$/teamspace/studios/this_studio/Melodica-Integration-into-Fife-Core/bsc/lib/Verilog/SizedFIFO.v:206$1188_EN[31:0]$1206 [0] $flatten\quire.\seg_adder_vff_in_0.$0$memwr$\arr$/teamspace/studios/this_studio/Melodica-Integration-into-Fife-Core/bsc/lib/Verilog/SizedFIFO.v:206$1188_EN[31:0]$1206 [0] $flatten\quire.\seg_adder_vff_in_0.$0$memwr$\arr$/teamspace/studios/this_studio/Melodica-Integration-into-Fife-Core/bsc/lib/Verilog/SizedFIFO.v:206$1188_EN[31:0]$1206 [0] $flatten\quire.\seg_adder_vff_in_0.$0$memwr$\arr$/teamspace/studios/this_studio/Melodica-Integration-into-Fife-Core/bsc/lib/Verilog/SizedFIFO.v:206$1188_EN[31:0]$1206 [0] $flatten\quire.\seg_adder_vff_in_0.$0$memwr$\arr$/teamspace/studios/this_studio/Melodica-Integration-into-Fife-Core/bsc/lib/Verilog/SizedFIFO.v:206$1188_EN[31:0]$1206 [0] $flatten\quire.\seg_adder_vff_in_0.$0$memwr$\arr$/teamspace/studios/this_studio/Melodica-Integration-into-Fife-Core/bsc/lib/Verilog/SizedFIFO.v:206$1188_EN[31:0]$1206 [0] $flatten\quire.\seg_adder_vff_in_0.$0$memwr$\arr$/teamspace/studios/this_studio/Melodica-Integration-into-Fife-Core/bsc/lib/Verilog/SizedFIFO.v:206$1188_EN[31:0]$1206 [0] $flatten\quire.\seg_adder_vff_in_0.$0$memwr$\arr$/teamspace/studios/this_studio/Melodica-Integration-into-Fife-Core/bsc/lib/Verilog/SizedFIFO.v:206$1188_EN[31:0]$1206 [0] $flatten\quire.\seg_adder_vff_in_0.$0$memwr$\arr$/teamspace/studios/this_studio/Melodica-Integration-into-Fife-Core/bsc/lib/Verilog/SizedFIFO.v:206$1188_EN[31:0]$1206 [0] $flatten\quire.\seg_adder_vff_in_0.$0$memwr$\arr$/teamspace/studios/this_studio/Melodica-Integration-into-Fife-Core/bsc/lib/Verilog/SizedFIFO.v:206$1188_EN[31:0]$1206 [0] $flatten\quire.\seg_adder_vff_in_0.$0$memwr$\arr$/teamspace/studios/this_studio/Melodica-Integration-into-Fife-Core/bsc/lib/Verilog/SizedFIFO.v:206$1188_EN[31:0]$1206 [0] $flatten\quire.\seg_adder_vff_in_0.$0$memwr$\arr$/teamspace/studios/this_studio/Melodica-Integration-into-Fife-Core/bsc/lib/Verilog/SizedFIFO.v:206$1188_EN[31:0]$1206 [0] $flatten\quire.\seg_adder_vff_in_0.$0$memwr$\arr$/teamspace/studios/this_studio/Melodica-Integration-into-Fife-Core/bsc/lib/Verilog/SizedFIFO.v:206$1188_EN[31:0]$1206 [0] $flatten\quire.\seg_adder_vff_in_0.$0$memwr$\arr$/teamspace/studios/this_studio/Melodica-Integration-into-Fife-Core/bsc/lib/Verilog/SizedFIFO.v:206$1188_EN[31:0]$1206 [0] $flatten\quire.\seg_adder_vff_in_0.$0$memwr$\arr$/teamspace/studios/this_studio/Melodica-Integration-into-Fife-Core/bsc/lib/Verilog/SizedFIFO.v:206$1188_EN[31:0]$1206 [0] $flatten\quire.\seg_adder_vff_in_0.$0$memwr$\arr$/teamspace/studios/this_studio/Melodica-Integration-into-Fife-Core/bsc/lib/Verilog/SizedFIFO.v:206$1188_EN[31:0]$1206 [0] $flatten\quire.\seg_adder_vff_in_0.$0$memwr$\arr$/teamspace/studios/this_studio/Melodica-Integration-into-Fife-Core/bsc/lib/Verilog/SizedFIFO.v:206$1188_EN[31:0]$1206 [0] $flatten\quire.\seg_adder_vff_in_0.$0$memwr$\arr$/teamspace/studios/this_studio/Melodica-Integration-into-Fife-Core/bsc/lib/Verilog/SizedFIFO.v:206$1188_EN[31:0]$1206 [0] $flatten\quire.\seg_adder_vff_in_0.$0$memwr$\arr$/teamspace/studios/this_studio/Melodica-Integration-into-Fife-Core/bsc/lib/Verilog/SizedFIFO.v:206$1188_EN[31:0]$1206 [0] $flatten\quire.\seg_adder_vff_in_0.$0$memwr$\arr$/teamspace/studios/this_studio/Melodica-Integration-into-Fife-Core/bsc/lib/Verilog/SizedFIFO.v:206$1188_EN[31:0]$1206 [0] $flatten\quire.\seg_adder_vff_in_0.$0$memwr$\arr$/teamspace/studios/this_studio/Melodica-Integration-into-Fife-Core/bsc/lib/Verilog/SizedFIFO.v:206$1188_EN[31:0]$1206 [0] $flatten\quire.\seg_adder_vff_in_0.$0$memwr$\arr$/teamspace/studios/this_studio/Melodica-Integration-into-Fife-Core/bsc/lib/Verilog/SizedFIFO.v:206$1188_EN[31:0]$1206 [0] $flatten\quire.\seg_adder_vff_in_0.$0$memwr$\arr$/teamspace/studios/this_studio/Melodica-Integration-into-Fife-Core/bsc/lib/Verilog/SizedFIFO.v:206$1188_EN[31:0]$1206 [0] $flatten\quire.\seg_adder_vff_in_0.$0$memwr$\arr$/teamspace/studios/this_studio/Melodica-Integration-into-Fife-Core/bsc/lib/Verilog/SizedFIFO.v:206$1188_EN[31:0]$1206 [0] $flatten\quire.\seg_adder_vff_in_0.$0$memwr$\arr$/teamspace/studios/this_studio/Melodica-Integration-into-Fife-Core/bsc/lib/Verilog/SizedFIFO.v:206$1188_EN[31:0]$1206 [0] $flatten\quire.\seg_adder_vff_in_0.$0$memwr$\arr$/teamspace/studios/this_studio/Melodica-Integration-into-Fife-Core/bsc/lib/Verilog/SizedFIFO.v:206$1188_EN[31:0]$1206 [0] $flatten\quire.\seg_adder_vff_in_0.$0$memwr$\arr$/teamspace/studios/this_studio/Melodica-Integration-into-Fife-Core/bsc/lib/Verilog/SizedFIFO.v:206$1188_EN[31:0]$1206 [0] $flatten\quire.\seg_adder_vff_in_0.$0$memwr$\arr$/teamspace/studios/this_studio/Melodica-Integration-into-Fife-Core/bsc/lib/Verilog/SizedFIFO.v:206$1188_EN[31:0]$1206 [0] $flatten\quire.\seg_adder_vff_in_0.$0$memwr$\arr$/teamspace/studios/this_studio/Melodica-Integration-into-Fife-Core/bsc/lib/Verilog/SizedFIFO.v:206$1188_EN[31:0]$1206 [0] $flatten\quire.\seg_adder_vff_in_0.$0$memwr$\arr$/teamspace/studios/this_studio/Melodica-Integration-into-Fife-Core/bsc/lib/Verilog/SizedFIFO.v:206$1188_EN[31:0]$1206 [0] }
    New ctrl vector for $pmux cell $flatten\quire.\seg_adder_vff_in_0.$procmux$1597: { $auto$opt_reduce.cc:134:opt_pmux$2263 $auto$opt_reduce.cc:134:opt_pmux$2261 }
    New ctrl vector for $pmux cell $flatten\quire.\seg_adder_vff_in_0.$procmux$1621: $auto$opt_reduce.cc:134:opt_pmux$2265
    Consolidated identical input bits for $mux cell $flatten\quire.\seg_adder_vff_in_1.$procmux$1589:
      Old ports: A=0, B=32'11111111111111111111111111111111, Y=$flatten\quire.\seg_adder_vff_in_1.$0$memwr$\arr$/teamspace/studios/this_studio/Melodica-Integration-into-Fife-Core/bsc/lib/Verilog/SizedFIFO.v:206$1188_EN[31:0]$1206
      New ports: A=1'0, B=1'1, Y=$flatten\quire.\seg_adder_vff_in_1.$0$memwr$\arr$/teamspace/studios/this_studio/Melodica-Integration-into-Fife-Core/bsc/lib/Verilog/SizedFIFO.v:206$1188_EN[31:0]$1206 [0]
      New connections: $flatten\quire.\seg_adder_vff_in_1.$0$memwr$\arr$/teamspace/studios/this_studio/Melodica-Integration-into-Fife-Core/bsc/lib/Verilog/SizedFIFO.v:206$1188_EN[31:0]$1206 [31:1] = { $flatten\quire.\seg_adder_vff_in_1.$0$memwr$\arr$/teamspace/studios/this_studio/Melodica-Integration-into-Fife-Core/bsc/lib/Verilog/SizedFIFO.v:206$1188_EN[31:0]$1206 [0] $flatten\quire.\seg_adder_vff_in_1.$0$memwr$\arr$/teamspace/studios/this_studio/Melodica-Integration-into-Fife-Core/bsc/lib/Verilog/SizedFIFO.v:206$1188_EN[31:0]$1206 [0] $flatten\quire.\seg_adder_vff_in_1.$0$memwr$\arr$/teamspace/studios/this_studio/Melodica-Integration-into-Fife-Core/bsc/lib/Verilog/SizedFIFO.v:206$1188_EN[31:0]$1206 [0] $flatten\quire.\seg_adder_vff_in_1.$0$memwr$\arr$/teamspace/studios/this_studio/Melodica-Integration-into-Fife-Core/bsc/lib/Verilog/SizedFIFO.v:206$1188_EN[31:0]$1206 [0] $flatten\quire.\seg_adder_vff_in_1.$0$memwr$\arr$/teamspace/studios/this_studio/Melodica-Integration-into-Fife-Core/bsc/lib/Verilog/SizedFIFO.v:206$1188_EN[31:0]$1206 [0] $flatten\quire.\seg_adder_vff_in_1.$0$memwr$\arr$/teamspace/studios/this_studio/Melodica-Integration-into-Fife-Core/bsc/lib/Verilog/SizedFIFO.v:206$1188_EN[31:0]$1206 [0] $flatten\quire.\seg_adder_vff_in_1.$0$memwr$\arr$/teamspace/studios/this_studio/Melodica-Integration-into-Fife-Core/bsc/lib/Verilog/SizedFIFO.v:206$1188_EN[31:0]$1206 [0] $flatten\quire.\seg_adder_vff_in_1.$0$memwr$\arr$/teamspace/studios/this_studio/Melodica-Integration-into-Fife-Core/bsc/lib/Verilog/SizedFIFO.v:206$1188_EN[31:0]$1206 [0] $flatten\quire.\seg_adder_vff_in_1.$0$memwr$\arr$/teamspace/studios/this_studio/Melodica-Integration-into-Fife-Core/bsc/lib/Verilog/SizedFIFO.v:206$1188_EN[31:0]$1206 [0] $flatten\quire.\seg_adder_vff_in_1.$0$memwr$\arr$/teamspace/studios/this_studio/Melodica-Integration-into-Fife-Core/bsc/lib/Verilog/SizedFIFO.v:206$1188_EN[31:0]$1206 [0] $flatten\quire.\seg_adder_vff_in_1.$0$memwr$\arr$/teamspace/studios/this_studio/Melodica-Integration-into-Fife-Core/bsc/lib/Verilog/SizedFIFO.v:206$1188_EN[31:0]$1206 [0] $flatten\quire.\seg_adder_vff_in_1.$0$memwr$\arr$/teamspace/studios/this_studio/Melodica-Integration-into-Fife-Core/bsc/lib/Verilog/SizedFIFO.v:206$1188_EN[31:0]$1206 [0] $flatten\quire.\seg_adder_vff_in_1.$0$memwr$\arr$/teamspace/studios/this_studio/Melodica-Integration-into-Fife-Core/bsc/lib/Verilog/SizedFIFO.v:206$1188_EN[31:0]$1206 [0] $flatten\quire.\seg_adder_vff_in_1.$0$memwr$\arr$/teamspace/studios/this_studio/Melodica-Integration-into-Fife-Core/bsc/lib/Verilog/SizedFIFO.v:206$1188_EN[31:0]$1206 [0] $flatten\quire.\seg_adder_vff_in_1.$0$memwr$\arr$/teamspace/studios/this_studio/Melodica-Integration-into-Fife-Core/bsc/lib/Verilog/SizedFIFO.v:206$1188_EN[31:0]$1206 [0] $flatten\quire.\seg_adder_vff_in_1.$0$memwr$\arr$/teamspace/studios/this_studio/Melodica-Integration-into-Fife-Core/bsc/lib/Verilog/SizedFIFO.v:206$1188_EN[31:0]$1206 [0] $flatten\quire.\seg_adder_vff_in_1.$0$memwr$\arr$/teamspace/studios/this_studio/Melodica-Integration-into-Fife-Core/bsc/lib/Verilog/SizedFIFO.v:206$1188_EN[31:0]$1206 [0] $flatten\quire.\seg_adder_vff_in_1.$0$memwr$\arr$/teamspace/studios/this_studio/Melodica-Integration-into-Fife-Core/bsc/lib/Verilog/SizedFIFO.v:206$1188_EN[31:0]$1206 [0] $flatten\quire.\seg_adder_vff_in_1.$0$memwr$\arr$/teamspace/studios/this_studio/Melodica-Integration-into-Fife-Core/bsc/lib/Verilog/SizedFIFO.v:206$1188_EN[31:0]$1206 [0] $flatten\quire.\seg_adder_vff_in_1.$0$memwr$\arr$/teamspace/studios/this_studio/Melodica-Integration-into-Fife-Core/bsc/lib/Verilog/SizedFIFO.v:206$1188_EN[31:0]$1206 [0] $flatten\quire.\seg_adder_vff_in_1.$0$memwr$\arr$/teamspace/studios/this_studio/Melodica-Integration-into-Fife-Core/bsc/lib/Verilog/SizedFIFO.v:206$1188_EN[31:0]$1206 [0] $flatten\quire.\seg_adder_vff_in_1.$0$memwr$\arr$/teamspace/studios/this_studio/Melodica-Integration-into-Fife-Core/bsc/lib/Verilog/SizedFIFO.v:206$1188_EN[31:0]$1206 [0] $flatten\quire.\seg_adder_vff_in_1.$0$memwr$\arr$/teamspace/studios/this_studio/Melodica-Integration-into-Fife-Core/bsc/lib/Verilog/SizedFIFO.v:206$1188_EN[31:0]$1206 [0] $flatten\quire.\seg_adder_vff_in_1.$0$memwr$\arr$/teamspace/studios/this_studio/Melodica-Integration-into-Fife-Core/bsc/lib/Verilog/SizedFIFO.v:206$1188_EN[31:0]$1206 [0] $flatten\quire.\seg_adder_vff_in_1.$0$memwr$\arr$/teamspace/studios/this_studio/Melodica-Integration-into-Fife-Core/bsc/lib/Verilog/SizedFIFO.v:206$1188_EN[31:0]$1206 [0] $flatten\quire.\seg_adder_vff_in_1.$0$memwr$\arr$/teamspace/studios/this_studio/Melodica-Integration-into-Fife-Core/bsc/lib/Verilog/SizedFIFO.v:206$1188_EN[31:0]$1206 [0] $flatten\quire.\seg_adder_vff_in_1.$0$memwr$\arr$/teamspace/studios/this_studio/Melodica-Integration-into-Fife-Core/bsc/lib/Verilog/SizedFIFO.v:206$1188_EN[31:0]$1206 [0] $flatten\quire.\seg_adder_vff_in_1.$0$memwr$\arr$/teamspace/studios/this_studio/Melodica-Integration-into-Fife-Core/bsc/lib/Verilog/SizedFIFO.v:206$1188_EN[31:0]$1206 [0] $flatten\quire.\seg_adder_vff_in_1.$0$memwr$\arr$/teamspace/studios/this_studio/Melodica-Integration-into-Fife-Core/bsc/lib/Verilog/SizedFIFO.v:206$1188_EN[31:0]$1206 [0] $flatten\quire.\seg_adder_vff_in_1.$0$memwr$\arr$/teamspace/studios/this_studio/Melodica-Integration-into-Fife-Core/bsc/lib/Verilog/SizedFIFO.v:206$1188_EN[31:0]$1206 [0] $flatten\quire.\seg_adder_vff_in_1.$0$memwr$\arr$/teamspace/studios/this_studio/Melodica-Integration-into-Fife-Core/bsc/lib/Verilog/SizedFIFO.v:206$1188_EN[31:0]$1206 [0] }
    New ctrl vector for $pmux cell $flatten\quire.\seg_adder_vff_in_1.$procmux$1597: { $auto$opt_reduce.cc:134:opt_pmux$2269 $auto$opt_reduce.cc:134:opt_pmux$2267 }
    New ctrl vector for $pmux cell $flatten\quire.\seg_adder_vff_in_1.$procmux$1621: $auto$opt_reduce.cc:134:opt_pmux$2271
    Consolidated identical input bits for $mux cell $flatten\quire.\seg_adder_vff_in_10.$procmux$1589:
      Old ports: A=0, B=32'11111111111111111111111111111111, Y=$flatten\quire.\seg_adder_vff_in_10.$0$memwr$\arr$/teamspace/studios/this_studio/Melodica-Integration-into-Fife-Core/bsc/lib/Verilog/SizedFIFO.v:206$1188_EN[31:0]$1206
      New ports: A=1'0, B=1'1, Y=$flatten\quire.\seg_adder_vff_in_10.$0$memwr$\arr$/teamspace/studios/this_studio/Melodica-Integration-into-Fife-Core/bsc/lib/Verilog/SizedFIFO.v:206$1188_EN[31:0]$1206 [0]
      New connections: $flatten\quire.\seg_adder_vff_in_10.$0$memwr$\arr$/teamspace/studios/this_studio/Melodica-Integration-into-Fife-Core/bsc/lib/Verilog/SizedFIFO.v:206$1188_EN[31:0]$1206 [31:1] = { $flatten\quire.\seg_adder_vff_in_10.$0$memwr$\arr$/teamspace/studios/this_studio/Melodica-Integration-into-Fife-Core/bsc/lib/Verilog/SizedFIFO.v:206$1188_EN[31:0]$1206 [0] $flatten\quire.\seg_adder_vff_in_10.$0$memwr$\arr$/teamspace/studios/this_studio/Melodica-Integration-into-Fife-Core/bsc/lib/Verilog/SizedFIFO.v:206$1188_EN[31:0]$1206 [0] $flatten\quire.\seg_adder_vff_in_10.$0$memwr$\arr$/teamspace/studios/this_studio/Melodica-Integration-into-Fife-Core/bsc/lib/Verilog/SizedFIFO.v:206$1188_EN[31:0]$1206 [0] $flatten\quire.\seg_adder_vff_in_10.$0$memwr$\arr$/teamspace/studios/this_studio/Melodica-Integration-into-Fife-Core/bsc/lib/Verilog/SizedFIFO.v:206$1188_EN[31:0]$1206 [0] $flatten\quire.\seg_adder_vff_in_10.$0$memwr$\arr$/teamspace/studios/this_studio/Melodica-Integration-into-Fife-Core/bsc/lib/Verilog/SizedFIFO.v:206$1188_EN[31:0]$1206 [0] $flatten\quire.\seg_adder_vff_in_10.$0$memwr$\arr$/teamspace/studios/this_studio/Melodica-Integration-into-Fife-Core/bsc/lib/Verilog/SizedFIFO.v:206$1188_EN[31:0]$1206 [0] $flatten\quire.\seg_adder_vff_in_10.$0$memwr$\arr$/teamspace/studios/this_studio/Melodica-Integration-into-Fife-Core/bsc/lib/Verilog/SizedFIFO.v:206$1188_EN[31:0]$1206 [0] $flatten\quire.\seg_adder_vff_in_10.$0$memwr$\arr$/teamspace/studios/this_studio/Melodica-Integration-into-Fife-Core/bsc/lib/Verilog/SizedFIFO.v:206$1188_EN[31:0]$1206 [0] $flatten\quire.\seg_adder_vff_in_10.$0$memwr$\arr$/teamspace/studios/this_studio/Melodica-Integration-into-Fife-Core/bsc/lib/Verilog/SizedFIFO.v:206$1188_EN[31:0]$1206 [0] $flatten\quire.\seg_adder_vff_in_10.$0$memwr$\arr$/teamspace/studios/this_studio/Melodica-Integration-into-Fife-Core/bsc/lib/Verilog/SizedFIFO.v:206$1188_EN[31:0]$1206 [0] $flatten\quire.\seg_adder_vff_in_10.$0$memwr$\arr$/teamspace/studios/this_studio/Melodica-Integration-into-Fife-Core/bsc/lib/Verilog/SizedFIFO.v:206$1188_EN[31:0]$1206 [0] $flatten\quire.\seg_adder_vff_in_10.$0$memwr$\arr$/teamspace/studios/this_studio/Melodica-Integration-into-Fife-Core/bsc/lib/Verilog/SizedFIFO.v:206$1188_EN[31:0]$1206 [0] $flatten\quire.\seg_adder_vff_in_10.$0$memwr$\arr$/teamspace/studios/this_studio/Melodica-Integration-into-Fife-Core/bsc/lib/Verilog/SizedFIFO.v:206$1188_EN[31:0]$1206 [0] $flatten\quire.\seg_adder_vff_in_10.$0$memwr$\arr$/teamspace/studios/this_studio/Melodica-Integration-into-Fife-Core/bsc/lib/Verilog/SizedFIFO.v:206$1188_EN[31:0]$1206 [0] $flatten\quire.\seg_adder_vff_in_10.$0$memwr$\arr$/teamspace/studios/this_studio/Melodica-Integration-into-Fife-Core/bsc/lib/Verilog/SizedFIFO.v:206$1188_EN[31:0]$1206 [0] $flatten\quire.\seg_adder_vff_in_10.$0$memwr$\arr$/teamspace/studios/this_studio/Melodica-Integration-into-Fife-Core/bsc/lib/Verilog/SizedFIFO.v:206$1188_EN[31:0]$1206 [0] $flatten\quire.\seg_adder_vff_in_10.$0$memwr$\arr$/teamspace/studios/this_studio/Melodica-Integration-into-Fife-Core/bsc/lib/Verilog/SizedFIFO.v:206$1188_EN[31:0]$1206 [0] $flatten\quire.\seg_adder_vff_in_10.$0$memwr$\arr$/teamspace/studios/this_studio/Melodica-Integration-into-Fife-Core/bsc/lib/Verilog/SizedFIFO.v:206$1188_EN[31:0]$1206 [0] $flatten\quire.\seg_adder_vff_in_10.$0$memwr$\arr$/teamspace/studios/this_studio/Melodica-Integration-into-Fife-Core/bsc/lib/Verilog/SizedFIFO.v:206$1188_EN[31:0]$1206 [0] $flatten\quire.\seg_adder_vff_in_10.$0$memwr$\arr$/teamspace/studios/this_studio/Melodica-Integration-into-Fife-Core/bsc/lib/Verilog/SizedFIFO.v:206$1188_EN[31:0]$1206 [0] $flatten\quire.\seg_adder_vff_in_10.$0$memwr$\arr$/teamspace/studios/this_studio/Melodica-Integration-into-Fife-Core/bsc/lib/Verilog/SizedFIFO.v:206$1188_EN[31:0]$1206 [0] $flatten\quire.\seg_adder_vff_in_10.$0$memwr$\arr$/teamspace/studios/this_studio/Melodica-Integration-into-Fife-Core/bsc/lib/Verilog/SizedFIFO.v:206$1188_EN[31:0]$1206 [0] $flatten\quire.\seg_adder_vff_in_10.$0$memwr$\arr$/teamspace/studios/this_studio/Melodica-Integration-into-Fife-Core/bsc/lib/Verilog/SizedFIFO.v:206$1188_EN[31:0]$1206 [0] $flatten\quire.\seg_adder_vff_in_10.$0$memwr$\arr$/teamspace/studios/this_studio/Melodica-Integration-into-Fife-Core/bsc/lib/Verilog/SizedFIFO.v:206$1188_EN[31:0]$1206 [0] $flatten\quire.\seg_adder_vff_in_10.$0$memwr$\arr$/teamspace/studios/this_studio/Melodica-Integration-into-Fife-Core/bsc/lib/Verilog/SizedFIFO.v:206$1188_EN[31:0]$1206 [0] $flatten\quire.\seg_adder_vff_in_10.$0$memwr$\arr$/teamspace/studios/this_studio/Melodica-Integration-into-Fife-Core/bsc/lib/Verilog/SizedFIFO.v:206$1188_EN[31:0]$1206 [0] $flatten\quire.\seg_adder_vff_in_10.$0$memwr$\arr$/teamspace/studios/this_studio/Melodica-Integration-into-Fife-Core/bsc/lib/Verilog/SizedFIFO.v:206$1188_EN[31:0]$1206 [0] $flatten\quire.\seg_adder_vff_in_10.$0$memwr$\arr$/teamspace/studios/this_studio/Melodica-Integration-into-Fife-Core/bsc/lib/Verilog/SizedFIFO.v:206$1188_EN[31:0]$1206 [0] $flatten\quire.\seg_adder_vff_in_10.$0$memwr$\arr$/teamspace/studios/this_studio/Melodica-Integration-into-Fife-Core/bsc/lib/Verilog/SizedFIFO.v:206$1188_EN[31:0]$1206 [0] $flatten\quire.\seg_adder_vff_in_10.$0$memwr$\arr$/teamspace/studios/this_studio/Melodica-Integration-into-Fife-Core/bsc/lib/Verilog/SizedFIFO.v:206$1188_EN[31:0]$1206 [0] $flatten\quire.\seg_adder_vff_in_10.$0$memwr$\arr$/teamspace/studios/this_studio/Melodica-Integration-into-Fife-Core/bsc/lib/Verilog/SizedFIFO.v:206$1188_EN[31:0]$1206 [0] }
    New ctrl vector for $pmux cell $flatten\quire.\seg_adder_vff_in_10.$procmux$1597: { $auto$opt_reduce.cc:134:opt_pmux$2275 $auto$opt_reduce.cc:134:opt_pmux$2273 }
    New ctrl vector for $pmux cell $flatten\quire.\seg_adder_vff_in_10.$procmux$1621: $auto$opt_reduce.cc:134:opt_pmux$2277
    Consolidated identical input bits for $mux cell $flatten\quire.\seg_adder_vff_in_11.$procmux$1589:
      Old ports: A=0, B=32'11111111111111111111111111111111, Y=$flatten\quire.\seg_adder_vff_in_11.$0$memwr$\arr$/teamspace/studios/this_studio/Melodica-Integration-into-Fife-Core/bsc/lib/Verilog/SizedFIFO.v:206$1188_EN[31:0]$1206
      New ports: A=1'0, B=1'1, Y=$flatten\quire.\seg_adder_vff_in_11.$0$memwr$\arr$/teamspace/studios/this_studio/Melodica-Integration-into-Fife-Core/bsc/lib/Verilog/SizedFIFO.v:206$1188_EN[31:0]$1206 [0]
      New connections: $flatten\quire.\seg_adder_vff_in_11.$0$memwr$\arr$/teamspace/studios/this_studio/Melodica-Integration-into-Fife-Core/bsc/lib/Verilog/SizedFIFO.v:206$1188_EN[31:0]$1206 [31:1] = { $flatten\quire.\seg_adder_vff_in_11.$0$memwr$\arr$/teamspace/studios/this_studio/Melodica-Integration-into-Fife-Core/bsc/lib/Verilog/SizedFIFO.v:206$1188_EN[31:0]$1206 [0] $flatten\quire.\seg_adder_vff_in_11.$0$memwr$\arr$/teamspace/studios/this_studio/Melodica-Integration-into-Fife-Core/bsc/lib/Verilog/SizedFIFO.v:206$1188_EN[31:0]$1206 [0] $flatten\quire.\seg_adder_vff_in_11.$0$memwr$\arr$/teamspace/studios/this_studio/Melodica-Integration-into-Fife-Core/bsc/lib/Verilog/SizedFIFO.v:206$1188_EN[31:0]$1206 [0] $flatten\quire.\seg_adder_vff_in_11.$0$memwr$\arr$/teamspace/studios/this_studio/Melodica-Integration-into-Fife-Core/bsc/lib/Verilog/SizedFIFO.v:206$1188_EN[31:0]$1206 [0] $flatten\quire.\seg_adder_vff_in_11.$0$memwr$\arr$/teamspace/studios/this_studio/Melodica-Integration-into-Fife-Core/bsc/lib/Verilog/SizedFIFO.v:206$1188_EN[31:0]$1206 [0] $flatten\quire.\seg_adder_vff_in_11.$0$memwr$\arr$/teamspace/studios/this_studio/Melodica-Integration-into-Fife-Core/bsc/lib/Verilog/SizedFIFO.v:206$1188_EN[31:0]$1206 [0] $flatten\quire.\seg_adder_vff_in_11.$0$memwr$\arr$/teamspace/studios/this_studio/Melodica-Integration-into-Fife-Core/bsc/lib/Verilog/SizedFIFO.v:206$1188_EN[31:0]$1206 [0] $flatten\quire.\seg_adder_vff_in_11.$0$memwr$\arr$/teamspace/studios/this_studio/Melodica-Integration-into-Fife-Core/bsc/lib/Verilog/SizedFIFO.v:206$1188_EN[31:0]$1206 [0] $flatten\quire.\seg_adder_vff_in_11.$0$memwr$\arr$/teamspace/studios/this_studio/Melodica-Integration-into-Fife-Core/bsc/lib/Verilog/SizedFIFO.v:206$1188_EN[31:0]$1206 [0] $flatten\quire.\seg_adder_vff_in_11.$0$memwr$\arr$/teamspace/studios/this_studio/Melodica-Integration-into-Fife-Core/bsc/lib/Verilog/SizedFIFO.v:206$1188_EN[31:0]$1206 [0] $flatten\quire.\seg_adder_vff_in_11.$0$memwr$\arr$/teamspace/studios/this_studio/Melodica-Integration-into-Fife-Core/bsc/lib/Verilog/SizedFIFO.v:206$1188_EN[31:0]$1206 [0] $flatten\quire.\seg_adder_vff_in_11.$0$memwr$\arr$/teamspace/studios/this_studio/Melodica-Integration-into-Fife-Core/bsc/lib/Verilog/SizedFIFO.v:206$1188_EN[31:0]$1206 [0] $flatten\quire.\seg_adder_vff_in_11.$0$memwr$\arr$/teamspace/studios/this_studio/Melodica-Integration-into-Fife-Core/bsc/lib/Verilog/SizedFIFO.v:206$1188_EN[31:0]$1206 [0] $flatten\quire.\seg_adder_vff_in_11.$0$memwr$\arr$/teamspace/studios/this_studio/Melodica-Integration-into-Fife-Core/bsc/lib/Verilog/SizedFIFO.v:206$1188_EN[31:0]$1206 [0] $flatten\quire.\seg_adder_vff_in_11.$0$memwr$\arr$/teamspace/studios/this_studio/Melodica-Integration-into-Fife-Core/bsc/lib/Verilog/SizedFIFO.v:206$1188_EN[31:0]$1206 [0] $flatten\quire.\seg_adder_vff_in_11.$0$memwr$\arr$/teamspace/studios/this_studio/Melodica-Integration-into-Fife-Core/bsc/lib/Verilog/SizedFIFO.v:206$1188_EN[31:0]$1206 [0] $flatten\quire.\seg_adder_vff_in_11.$0$memwr$\arr$/teamspace/studios/this_studio/Melodica-Integration-into-Fife-Core/bsc/lib/Verilog/SizedFIFO.v:206$1188_EN[31:0]$1206 [0] $flatten\quire.\seg_adder_vff_in_11.$0$memwr$\arr$/teamspace/studios/this_studio/Melodica-Integration-into-Fife-Core/bsc/lib/Verilog/SizedFIFO.v:206$1188_EN[31:0]$1206 [0] $flatten\quire.\seg_adder_vff_in_11.$0$memwr$\arr$/teamspace/studios/this_studio/Melodica-Integration-into-Fife-Core/bsc/lib/Verilog/SizedFIFO.v:206$1188_EN[31:0]$1206 [0] $flatten\quire.\seg_adder_vff_in_11.$0$memwr$\arr$/teamspace/studios/this_studio/Melodica-Integration-into-Fife-Core/bsc/lib/Verilog/SizedFIFO.v:206$1188_EN[31:0]$1206 [0] $flatten\quire.\seg_adder_vff_in_11.$0$memwr$\arr$/teamspace/studios/this_studio/Melodica-Integration-into-Fife-Core/bsc/lib/Verilog/SizedFIFO.v:206$1188_EN[31:0]$1206 [0] $flatten\quire.\seg_adder_vff_in_11.$0$memwr$\arr$/teamspace/studios/this_studio/Melodica-Integration-into-Fife-Core/bsc/lib/Verilog/SizedFIFO.v:206$1188_EN[31:0]$1206 [0] $flatten\quire.\seg_adder_vff_in_11.$0$memwr$\arr$/teamspace/studios/this_studio/Melodica-Integration-into-Fife-Core/bsc/lib/Verilog/SizedFIFO.v:206$1188_EN[31:0]$1206 [0] $flatten\quire.\seg_adder_vff_in_11.$0$memwr$\arr$/teamspace/studios/this_studio/Melodica-Integration-into-Fife-Core/bsc/lib/Verilog/SizedFIFO.v:206$1188_EN[31:0]$1206 [0] $flatten\quire.\seg_adder_vff_in_11.$0$memwr$\arr$/teamspace/studios/this_studio/Melodica-Integration-into-Fife-Core/bsc/lib/Verilog/SizedFIFO.v:206$1188_EN[31:0]$1206 [0] $flatten\quire.\seg_adder_vff_in_11.$0$memwr$\arr$/teamspace/studios/this_studio/Melodica-Integration-into-Fife-Core/bsc/lib/Verilog/SizedFIFO.v:206$1188_EN[31:0]$1206 [0] $flatten\quire.\seg_adder_vff_in_11.$0$memwr$\arr$/teamspace/studios/this_studio/Melodica-Integration-into-Fife-Core/bsc/lib/Verilog/SizedFIFO.v:206$1188_EN[31:0]$1206 [0] $flatten\quire.\seg_adder_vff_in_11.$0$memwr$\arr$/teamspace/studios/this_studio/Melodica-Integration-into-Fife-Core/bsc/lib/Verilog/SizedFIFO.v:206$1188_EN[31:0]$1206 [0] $flatten\quire.\seg_adder_vff_in_11.$0$memwr$\arr$/teamspace/studios/this_studio/Melodica-Integration-into-Fife-Core/bsc/lib/Verilog/SizedFIFO.v:206$1188_EN[31:0]$1206 [0] $flatten\quire.\seg_adder_vff_in_11.$0$memwr$\arr$/teamspace/studios/this_studio/Melodica-Integration-into-Fife-Core/bsc/lib/Verilog/SizedFIFO.v:206$1188_EN[31:0]$1206 [0] $flatten\quire.\seg_adder_vff_in_11.$0$memwr$\arr$/teamspace/studios/this_studio/Melodica-Integration-into-Fife-Core/bsc/lib/Verilog/SizedFIFO.v:206$1188_EN[31:0]$1206 [0] }
    New ctrl vector for $pmux cell $flatten\quire.\seg_adder_vff_in_11.$procmux$1597: { $auto$opt_reduce.cc:134:opt_pmux$2281 $auto$opt_reduce.cc:134:opt_pmux$2279 }
    New ctrl vector for $pmux cell $flatten\quire.\seg_adder_vff_in_11.$procmux$1621: $auto$opt_reduce.cc:134:opt_pmux$2283
    Consolidated identical input bits for $mux cell $flatten\quire.\seg_adder_vff_in_12.$procmux$1589:
      Old ports: A=0, B=32'11111111111111111111111111111111, Y=$flatten\quire.\seg_adder_vff_in_12.$0$memwr$\arr$/teamspace/studios/this_studio/Melodica-Integration-into-Fife-Core/bsc/lib/Verilog/SizedFIFO.v:206$1188_EN[31:0]$1206
      New ports: A=1'0, B=1'1, Y=$flatten\quire.\seg_adder_vff_in_12.$0$memwr$\arr$/teamspace/studios/this_studio/Melodica-Integration-into-Fife-Core/bsc/lib/Verilog/SizedFIFO.v:206$1188_EN[31:0]$1206 [0]
      New connections: $flatten\quire.\seg_adder_vff_in_12.$0$memwr$\arr$/teamspace/studios/this_studio/Melodica-Integration-into-Fife-Core/bsc/lib/Verilog/SizedFIFO.v:206$1188_EN[31:0]$1206 [31:1] = { $flatten\quire.\seg_adder_vff_in_12.$0$memwr$\arr$/teamspace/studios/this_studio/Melodica-Integration-into-Fife-Core/bsc/lib/Verilog/SizedFIFO.v:206$1188_EN[31:0]$1206 [0] $flatten\quire.\seg_adder_vff_in_12.$0$memwr$\arr$/teamspace/studios/this_studio/Melodica-Integration-into-Fife-Core/bsc/lib/Verilog/SizedFIFO.v:206$1188_EN[31:0]$1206 [0] $flatten\quire.\seg_adder_vff_in_12.$0$memwr$\arr$/teamspace/studios/this_studio/Melodica-Integration-into-Fife-Core/bsc/lib/Verilog/SizedFIFO.v:206$1188_EN[31:0]$1206 [0] $flatten\quire.\seg_adder_vff_in_12.$0$memwr$\arr$/teamspace/studios/this_studio/Melodica-Integration-into-Fife-Core/bsc/lib/Verilog/SizedFIFO.v:206$1188_EN[31:0]$1206 [0] $flatten\quire.\seg_adder_vff_in_12.$0$memwr$\arr$/teamspace/studios/this_studio/Melodica-Integration-into-Fife-Core/bsc/lib/Verilog/SizedFIFO.v:206$1188_EN[31:0]$1206 [0] $flatten\quire.\seg_adder_vff_in_12.$0$memwr$\arr$/teamspace/studios/this_studio/Melodica-Integration-into-Fife-Core/bsc/lib/Verilog/SizedFIFO.v:206$1188_EN[31:0]$1206 [0] $flatten\quire.\seg_adder_vff_in_12.$0$memwr$\arr$/teamspace/studios/this_studio/Melodica-Integration-into-Fife-Core/bsc/lib/Verilog/SizedFIFO.v:206$1188_EN[31:0]$1206 [0] $flatten\quire.\seg_adder_vff_in_12.$0$memwr$\arr$/teamspace/studios/this_studio/Melodica-Integration-into-Fife-Core/bsc/lib/Verilog/SizedFIFO.v:206$1188_EN[31:0]$1206 [0] $flatten\quire.\seg_adder_vff_in_12.$0$memwr$\arr$/teamspace/studios/this_studio/Melodica-Integration-into-Fife-Core/bsc/lib/Verilog/SizedFIFO.v:206$1188_EN[31:0]$1206 [0] $flatten\quire.\seg_adder_vff_in_12.$0$memwr$\arr$/teamspace/studios/this_studio/Melodica-Integration-into-Fife-Core/bsc/lib/Verilog/SizedFIFO.v:206$1188_EN[31:0]$1206 [0] $flatten\quire.\seg_adder_vff_in_12.$0$memwr$\arr$/teamspace/studios/this_studio/Melodica-Integration-into-Fife-Core/bsc/lib/Verilog/SizedFIFO.v:206$1188_EN[31:0]$1206 [0] $flatten\quire.\seg_adder_vff_in_12.$0$memwr$\arr$/teamspace/studios/this_studio/Melodica-Integration-into-Fife-Core/bsc/lib/Verilog/SizedFIFO.v:206$1188_EN[31:0]$1206 [0] $flatten\quire.\seg_adder_vff_in_12.$0$memwr$\arr$/teamspace/studios/this_studio/Melodica-Integration-into-Fife-Core/bsc/lib/Verilog/SizedFIFO.v:206$1188_EN[31:0]$1206 [0] $flatten\quire.\seg_adder_vff_in_12.$0$memwr$\arr$/teamspace/studios/this_studio/Melodica-Integration-into-Fife-Core/bsc/lib/Verilog/SizedFIFO.v:206$1188_EN[31:0]$1206 [0] $flatten\quire.\seg_adder_vff_in_12.$0$memwr$\arr$/teamspace/studios/this_studio/Melodica-Integration-into-Fife-Core/bsc/lib/Verilog/SizedFIFO.v:206$1188_EN[31:0]$1206 [0] $flatten\quire.\seg_adder_vff_in_12.$0$memwr$\arr$/teamspace/studios/this_studio/Melodica-Integration-into-Fife-Core/bsc/lib/Verilog/SizedFIFO.v:206$1188_EN[31:0]$1206 [0] $flatten\quire.\seg_adder_vff_in_12.$0$memwr$\arr$/teamspace/studios/this_studio/Melodica-Integration-into-Fife-Core/bsc/lib/Verilog/SizedFIFO.v:206$1188_EN[31:0]$1206 [0] $flatten\quire.\seg_adder_vff_in_12.$0$memwr$\arr$/teamspace/studios/this_studio/Melodica-Integration-into-Fife-Core/bsc/lib/Verilog/SizedFIFO.v:206$1188_EN[31:0]$1206 [0] $flatten\quire.\seg_adder_vff_in_12.$0$memwr$\arr$/teamspace/studios/this_studio/Melodica-Integration-into-Fife-Core/bsc/lib/Verilog/SizedFIFO.v:206$1188_EN[31:0]$1206 [0] $flatten\quire.\seg_adder_vff_in_12.$0$memwr$\arr$/teamspace/studios/this_studio/Melodica-Integration-into-Fife-Core/bsc/lib/Verilog/SizedFIFO.v:206$1188_EN[31:0]$1206 [0] $flatten\quire.\seg_adder_vff_in_12.$0$memwr$\arr$/teamspace/studios/this_studio/Melodica-Integration-into-Fife-Core/bsc/lib/Verilog/SizedFIFO.v:206$1188_EN[31:0]$1206 [0] $flatten\quire.\seg_adder_vff_in_12.$0$memwr$\arr$/teamspace/studios/this_studio/Melodica-Integration-into-Fife-Core/bsc/lib/Verilog/SizedFIFO.v:206$1188_EN[31:0]$1206 [0] $flatten\quire.\seg_adder_vff_in_12.$0$memwr$\arr$/teamspace/studios/this_studio/Melodica-Integration-into-Fife-Core/bsc/lib/Verilog/SizedFIFO.v:206$1188_EN[31:0]$1206 [0] $flatten\quire.\seg_adder_vff_in_12.$0$memwr$\arr$/teamspace/studios/this_studio/Melodica-Integration-into-Fife-Core/bsc/lib/Verilog/SizedFIFO.v:206$1188_EN[31:0]$1206 [0] $flatten\quire.\seg_adder_vff_in_12.$0$memwr$\arr$/teamspace/studios/this_studio/Melodica-Integration-into-Fife-Core/bsc/lib/Verilog/SizedFIFO.v:206$1188_EN[31:0]$1206 [0] $flatten\quire.\seg_adder_vff_in_12.$0$memwr$\arr$/teamspace/studios/this_studio/Melodica-Integration-into-Fife-Core/bsc/lib/Verilog/SizedFIFO.v:206$1188_EN[31:0]$1206 [0] $flatten\quire.\seg_adder_vff_in_12.$0$memwr$\arr$/teamspace/studios/this_studio/Melodica-Integration-into-Fife-Core/bsc/lib/Verilog/SizedFIFO.v:206$1188_EN[31:0]$1206 [0] $flatten\quire.\seg_adder_vff_in_12.$0$memwr$\arr$/teamspace/studios/this_studio/Melodica-Integration-into-Fife-Core/bsc/lib/Verilog/SizedFIFO.v:206$1188_EN[31:0]$1206 [0] $flatten\quire.\seg_adder_vff_in_12.$0$memwr$\arr$/teamspace/studios/this_studio/Melodica-Integration-into-Fife-Core/bsc/lib/Verilog/SizedFIFO.v:206$1188_EN[31:0]$1206 [0] $flatten\quire.\seg_adder_vff_in_12.$0$memwr$\arr$/teamspace/studios/this_studio/Melodica-Integration-into-Fife-Core/bsc/lib/Verilog/SizedFIFO.v:206$1188_EN[31:0]$1206 [0] $flatten\quire.\seg_adder_vff_in_12.$0$memwr$\arr$/teamspace/studios/this_studio/Melodica-Integration-into-Fife-Core/bsc/lib/Verilog/SizedFIFO.v:206$1188_EN[31:0]$1206 [0] }
    New ctrl vector for $pmux cell $flatten\quire.\seg_adder_vff_in_12.$procmux$1597: { $auto$opt_reduce.cc:134:opt_pmux$2287 $auto$opt_reduce.cc:134:opt_pmux$2285 }
    New ctrl vector for $pmux cell $flatten\quire.\seg_adder_vff_in_12.$procmux$1621: $auto$opt_reduce.cc:134:opt_pmux$2289
    Consolidated identical input bits for $mux cell $flatten\quire.\seg_adder_vff_in_2.$procmux$1589:
      Old ports: A=0, B=32'11111111111111111111111111111111, Y=$flatten\quire.\seg_adder_vff_in_2.$0$memwr$\arr$/teamspace/studios/this_studio/Melodica-Integration-into-Fife-Core/bsc/lib/Verilog/SizedFIFO.v:206$1188_EN[31:0]$1206
      New ports: A=1'0, B=1'1, Y=$flatten\quire.\seg_adder_vff_in_2.$0$memwr$\arr$/teamspace/studios/this_studio/Melodica-Integration-into-Fife-Core/bsc/lib/Verilog/SizedFIFO.v:206$1188_EN[31:0]$1206 [0]
      New connections: $flatten\quire.\seg_adder_vff_in_2.$0$memwr$\arr$/teamspace/studios/this_studio/Melodica-Integration-into-Fife-Core/bsc/lib/Verilog/SizedFIFO.v:206$1188_EN[31:0]$1206 [31:1] = { $flatten\quire.\seg_adder_vff_in_2.$0$memwr$\arr$/teamspace/studios/this_studio/Melodica-Integration-into-Fife-Core/bsc/lib/Verilog/SizedFIFO.v:206$1188_EN[31:0]$1206 [0] $flatten\quire.\seg_adder_vff_in_2.$0$memwr$\arr$/teamspace/studios/this_studio/Melodica-Integration-into-Fife-Core/bsc/lib/Verilog/SizedFIFO.v:206$1188_EN[31:0]$1206 [0] $flatten\quire.\seg_adder_vff_in_2.$0$memwr$\arr$/teamspace/studios/this_studio/Melodica-Integration-into-Fife-Core/bsc/lib/Verilog/SizedFIFO.v:206$1188_EN[31:0]$1206 [0] $flatten\quire.\seg_adder_vff_in_2.$0$memwr$\arr$/teamspace/studios/this_studio/Melodica-Integration-into-Fife-Core/bsc/lib/Verilog/SizedFIFO.v:206$1188_EN[31:0]$1206 [0] $flatten\quire.\seg_adder_vff_in_2.$0$memwr$\arr$/teamspace/studios/this_studio/Melodica-Integration-into-Fife-Core/bsc/lib/Verilog/SizedFIFO.v:206$1188_EN[31:0]$1206 [0] $flatten\quire.\seg_adder_vff_in_2.$0$memwr$\arr$/teamspace/studios/this_studio/Melodica-Integration-into-Fife-Core/bsc/lib/Verilog/SizedFIFO.v:206$1188_EN[31:0]$1206 [0] $flatten\quire.\seg_adder_vff_in_2.$0$memwr$\arr$/teamspace/studios/this_studio/Melodica-Integration-into-Fife-Core/bsc/lib/Verilog/SizedFIFO.v:206$1188_EN[31:0]$1206 [0] $flatten\quire.\seg_adder_vff_in_2.$0$memwr$\arr$/teamspace/studios/this_studio/Melodica-Integration-into-Fife-Core/bsc/lib/Verilog/SizedFIFO.v:206$1188_EN[31:0]$1206 [0] $flatten\quire.\seg_adder_vff_in_2.$0$memwr$\arr$/teamspace/studios/this_studio/Melodica-Integration-into-Fife-Core/bsc/lib/Verilog/SizedFIFO.v:206$1188_EN[31:0]$1206 [0] $flatten\quire.\seg_adder_vff_in_2.$0$memwr$\arr$/teamspace/studios/this_studio/Melodica-Integration-into-Fife-Core/bsc/lib/Verilog/SizedFIFO.v:206$1188_EN[31:0]$1206 [0] $flatten\quire.\seg_adder_vff_in_2.$0$memwr$\arr$/teamspace/studios/this_studio/Melodica-Integration-into-Fife-Core/bsc/lib/Verilog/SizedFIFO.v:206$1188_EN[31:0]$1206 [0] $flatten\quire.\seg_adder_vff_in_2.$0$memwr$\arr$/teamspace/studios/this_studio/Melodica-Integration-into-Fife-Core/bsc/lib/Verilog/SizedFIFO.v:206$1188_EN[31:0]$1206 [0] $flatten\quire.\seg_adder_vff_in_2.$0$memwr$\arr$/teamspace/studios/this_studio/Melodica-Integration-into-Fife-Core/bsc/lib/Verilog/SizedFIFO.v:206$1188_EN[31:0]$1206 [0] $flatten\quire.\seg_adder_vff_in_2.$0$memwr$\arr$/teamspace/studios/this_studio/Melodica-Integration-into-Fife-Core/bsc/lib/Verilog/SizedFIFO.v:206$1188_EN[31:0]$1206 [0] $flatten\quire.\seg_adder_vff_in_2.$0$memwr$\arr$/teamspace/studios/this_studio/Melodica-Integration-into-Fife-Core/bsc/lib/Verilog/SizedFIFO.v:206$1188_EN[31:0]$1206 [0] $flatten\quire.\seg_adder_vff_in_2.$0$memwr$\arr$/teamspace/studios/this_studio/Melodica-Integration-into-Fife-Core/bsc/lib/Verilog/SizedFIFO.v:206$1188_EN[31:0]$1206 [0] $flatten\quire.\seg_adder_vff_in_2.$0$memwr$\arr$/teamspace/studios/this_studio/Melodica-Integration-into-Fife-Core/bsc/lib/Verilog/SizedFIFO.v:206$1188_EN[31:0]$1206 [0] $flatten\quire.\seg_adder_vff_in_2.$0$memwr$\arr$/teamspace/studios/this_studio/Melodica-Integration-into-Fife-Core/bsc/lib/Verilog/SizedFIFO.v:206$1188_EN[31:0]$1206 [0] $flatten\quire.\seg_adder_vff_in_2.$0$memwr$\arr$/teamspace/studios/this_studio/Melodica-Integration-into-Fife-Core/bsc/lib/Verilog/SizedFIFO.v:206$1188_EN[31:0]$1206 [0] $flatten\quire.\seg_adder_vff_in_2.$0$memwr$\arr$/teamspace/studios/this_studio/Melodica-Integration-into-Fife-Core/bsc/lib/Verilog/SizedFIFO.v:206$1188_EN[31:0]$1206 [0] $flatten\quire.\seg_adder_vff_in_2.$0$memwr$\arr$/teamspace/studios/this_studio/Melodica-Integration-into-Fife-Core/bsc/lib/Verilog/SizedFIFO.v:206$1188_EN[31:0]$1206 [0] $flatten\quire.\seg_adder_vff_in_2.$0$memwr$\arr$/teamspace/studios/this_studio/Melodica-Integration-into-Fife-Core/bsc/lib/Verilog/SizedFIFO.v:206$1188_EN[31:0]$1206 [0] $flatten\quire.\seg_adder_vff_in_2.$0$memwr$\arr$/teamspace/studios/this_studio/Melodica-Integration-into-Fife-Core/bsc/lib/Verilog/SizedFIFO.v:206$1188_EN[31:0]$1206 [0] $flatten\quire.\seg_adder_vff_in_2.$0$memwr$\arr$/teamspace/studios/this_studio/Melodica-Integration-into-Fife-Core/bsc/lib/Verilog/SizedFIFO.v:206$1188_EN[31:0]$1206 [0] $flatten\quire.\seg_adder_vff_in_2.$0$memwr$\arr$/teamspace/studios/this_studio/Melodica-Integration-into-Fife-Core/bsc/lib/Verilog/SizedFIFO.v:206$1188_EN[31:0]$1206 [0] $flatten\quire.\seg_adder_vff_in_2.$0$memwr$\arr$/teamspace/studios/this_studio/Melodica-Integration-into-Fife-Core/bsc/lib/Verilog/SizedFIFO.v:206$1188_EN[31:0]$1206 [0] $flatten\quire.\seg_adder_vff_in_2.$0$memwr$\arr$/teamspace/studios/this_studio/Melodica-Integration-into-Fife-Core/bsc/lib/Verilog/SizedFIFO.v:206$1188_EN[31:0]$1206 [0] $flatten\quire.\seg_adder_vff_in_2.$0$memwr$\arr$/teamspace/studios/this_studio/Melodica-Integration-into-Fife-Core/bsc/lib/Verilog/SizedFIFO.v:206$1188_EN[31:0]$1206 [0] $flatten\quire.\seg_adder_vff_in_2.$0$memwr$\arr$/teamspace/studios/this_studio/Melodica-Integration-into-Fife-Core/bsc/lib/Verilog/SizedFIFO.v:206$1188_EN[31:0]$1206 [0] $flatten\quire.\seg_adder_vff_in_2.$0$memwr$\arr$/teamspace/studios/this_studio/Melodica-Integration-into-Fife-Core/bsc/lib/Verilog/SizedFIFO.v:206$1188_EN[31:0]$1206 [0] $flatten\quire.\seg_adder_vff_in_2.$0$memwr$\arr$/teamspace/studios/this_studio/Melodica-Integration-into-Fife-Core/bsc/lib/Verilog/SizedFIFO.v:206$1188_EN[31:0]$1206 [0] }
    New ctrl vector for $pmux cell $flatten\quire.\seg_adder_vff_in_2.$procmux$1597: { $auto$opt_reduce.cc:134:opt_pmux$2293 $auto$opt_reduce.cc:134:opt_pmux$2291 }
    New ctrl vector for $pmux cell $flatten\quire.\seg_adder_vff_in_2.$procmux$1621: $auto$opt_reduce.cc:134:opt_pmux$2295
    Consolidated identical input bits for $mux cell $flatten\quire.\seg_adder_vff_in_3.$procmux$1589:
      Old ports: A=0, B=32'11111111111111111111111111111111, Y=$flatten\quire.\seg_adder_vff_in_3.$0$memwr$\arr$/teamspace/studios/this_studio/Melodica-Integration-into-Fife-Core/bsc/lib/Verilog/SizedFIFO.v:206$1188_EN[31:0]$1206
      New ports: A=1'0, B=1'1, Y=$flatten\quire.\seg_adder_vff_in_3.$0$memwr$\arr$/teamspace/studios/this_studio/Melodica-Integration-into-Fife-Core/bsc/lib/Verilog/SizedFIFO.v:206$1188_EN[31:0]$1206 [0]
      New connections: $flatten\quire.\seg_adder_vff_in_3.$0$memwr$\arr$/teamspace/studios/this_studio/Melodica-Integration-into-Fife-Core/bsc/lib/Verilog/SizedFIFO.v:206$1188_EN[31:0]$1206 [31:1] = { $flatten\quire.\seg_adder_vff_in_3.$0$memwr$\arr$/teamspace/studios/this_studio/Melodica-Integration-into-Fife-Core/bsc/lib/Verilog/SizedFIFO.v:206$1188_EN[31:0]$1206 [0] $flatten\quire.\seg_adder_vff_in_3.$0$memwr$\arr$/teamspace/studios/this_studio/Melodica-Integration-into-Fife-Core/bsc/lib/Verilog/SizedFIFO.v:206$1188_EN[31:0]$1206 [0] $flatten\quire.\seg_adder_vff_in_3.$0$memwr$\arr$/teamspace/studios/this_studio/Melodica-Integration-into-Fife-Core/bsc/lib/Verilog/SizedFIFO.v:206$1188_EN[31:0]$1206 [0] $flatten\quire.\seg_adder_vff_in_3.$0$memwr$\arr$/teamspace/studios/this_studio/Melodica-Integration-into-Fife-Core/bsc/lib/Verilog/SizedFIFO.v:206$1188_EN[31:0]$1206 [0] $flatten\quire.\seg_adder_vff_in_3.$0$memwr$\arr$/teamspace/studios/this_studio/Melodica-Integration-into-Fife-Core/bsc/lib/Verilog/SizedFIFO.v:206$1188_EN[31:0]$1206 [0] $flatten\quire.\seg_adder_vff_in_3.$0$memwr$\arr$/teamspace/studios/this_studio/Melodica-Integration-into-Fife-Core/bsc/lib/Verilog/SizedFIFO.v:206$1188_EN[31:0]$1206 [0] $flatten\quire.\seg_adder_vff_in_3.$0$memwr$\arr$/teamspace/studios/this_studio/Melodica-Integration-into-Fife-Core/bsc/lib/Verilog/SizedFIFO.v:206$1188_EN[31:0]$1206 [0] $flatten\quire.\seg_adder_vff_in_3.$0$memwr$\arr$/teamspace/studios/this_studio/Melodica-Integration-into-Fife-Core/bsc/lib/Verilog/SizedFIFO.v:206$1188_EN[31:0]$1206 [0] $flatten\quire.\seg_adder_vff_in_3.$0$memwr$\arr$/teamspace/studios/this_studio/Melodica-Integration-into-Fife-Core/bsc/lib/Verilog/SizedFIFO.v:206$1188_EN[31:0]$1206 [0] $flatten\quire.\seg_adder_vff_in_3.$0$memwr$\arr$/teamspace/studios/this_studio/Melodica-Integration-into-Fife-Core/bsc/lib/Verilog/SizedFIFO.v:206$1188_EN[31:0]$1206 [0] $flatten\quire.\seg_adder_vff_in_3.$0$memwr$\arr$/teamspace/studios/this_studio/Melodica-Integration-into-Fife-Core/bsc/lib/Verilog/SizedFIFO.v:206$1188_EN[31:0]$1206 [0] $flatten\quire.\seg_adder_vff_in_3.$0$memwr$\arr$/teamspace/studios/this_studio/Melodica-Integration-into-Fife-Core/bsc/lib/Verilog/SizedFIFO.v:206$1188_EN[31:0]$1206 [0] $flatten\quire.\seg_adder_vff_in_3.$0$memwr$\arr$/teamspace/studios/this_studio/Melodica-Integration-into-Fife-Core/bsc/lib/Verilog/SizedFIFO.v:206$1188_EN[31:0]$1206 [0] $flatten\quire.\seg_adder_vff_in_3.$0$memwr$\arr$/teamspace/studios/this_studio/Melodica-Integration-into-Fife-Core/bsc/lib/Verilog/SizedFIFO.v:206$1188_EN[31:0]$1206 [0] $flatten\quire.\seg_adder_vff_in_3.$0$memwr$\arr$/teamspace/studios/this_studio/Melodica-Integration-into-Fife-Core/bsc/lib/Verilog/SizedFIFO.v:206$1188_EN[31:0]$1206 [0] $flatten\quire.\seg_adder_vff_in_3.$0$memwr$\arr$/teamspace/studios/this_studio/Melodica-Integration-into-Fife-Core/bsc/lib/Verilog/SizedFIFO.v:206$1188_EN[31:0]$1206 [0] $flatten\quire.\seg_adder_vff_in_3.$0$memwr$\arr$/teamspace/studios/this_studio/Melodica-Integration-into-Fife-Core/bsc/lib/Verilog/SizedFIFO.v:206$1188_EN[31:0]$1206 [0] $flatten\quire.\seg_adder_vff_in_3.$0$memwr$\arr$/teamspace/studios/this_studio/Melodica-Integration-into-Fife-Core/bsc/lib/Verilog/SizedFIFO.v:206$1188_EN[31:0]$1206 [0] $flatten\quire.\seg_adder_vff_in_3.$0$memwr$\arr$/teamspace/studios/this_studio/Melodica-Integration-into-Fife-Core/bsc/lib/Verilog/SizedFIFO.v:206$1188_EN[31:0]$1206 [0] $flatten\quire.\seg_adder_vff_in_3.$0$memwr$\arr$/teamspace/studios/this_studio/Melodica-Integration-into-Fife-Core/bsc/lib/Verilog/SizedFIFO.v:206$1188_EN[31:0]$1206 [0] $flatten\quire.\seg_adder_vff_in_3.$0$memwr$\arr$/teamspace/studios/this_studio/Melodica-Integration-into-Fife-Core/bsc/lib/Verilog/SizedFIFO.v:206$1188_EN[31:0]$1206 [0] $flatten\quire.\seg_adder_vff_in_3.$0$memwr$\arr$/teamspace/studios/this_studio/Melodica-Integration-into-Fife-Core/bsc/lib/Verilog/SizedFIFO.v:206$1188_EN[31:0]$1206 [0] $flatten\quire.\seg_adder_vff_in_3.$0$memwr$\arr$/teamspace/studios/this_studio/Melodica-Integration-into-Fife-Core/bsc/lib/Verilog/SizedFIFO.v:206$1188_EN[31:0]$1206 [0] $flatten\quire.\seg_adder_vff_in_3.$0$memwr$\arr$/teamspace/studios/this_studio/Melodica-Integration-into-Fife-Core/bsc/lib/Verilog/SizedFIFO.v:206$1188_EN[31:0]$1206 [0] $flatten\quire.\seg_adder_vff_in_3.$0$memwr$\arr$/teamspace/studios/this_studio/Melodica-Integration-into-Fife-Core/bsc/lib/Verilog/SizedFIFO.v:206$1188_EN[31:0]$1206 [0] $flatten\quire.\seg_adder_vff_in_3.$0$memwr$\arr$/teamspace/studios/this_studio/Melodica-Integration-into-Fife-Core/bsc/lib/Verilog/SizedFIFO.v:206$1188_EN[31:0]$1206 [0] $flatten\quire.\seg_adder_vff_in_3.$0$memwr$\arr$/teamspace/studios/this_studio/Melodica-Integration-into-Fife-Core/bsc/lib/Verilog/SizedFIFO.v:206$1188_EN[31:0]$1206 [0] $flatten\quire.\seg_adder_vff_in_3.$0$memwr$\arr$/teamspace/studios/this_studio/Melodica-Integration-into-Fife-Core/bsc/lib/Verilog/SizedFIFO.v:206$1188_EN[31:0]$1206 [0] $flatten\quire.\seg_adder_vff_in_3.$0$memwr$\arr$/teamspace/studios/this_studio/Melodica-Integration-into-Fife-Core/bsc/lib/Verilog/SizedFIFO.v:206$1188_EN[31:0]$1206 [0] $flatten\quire.\seg_adder_vff_in_3.$0$memwr$\arr$/teamspace/studios/this_studio/Melodica-Integration-into-Fife-Core/bsc/lib/Verilog/SizedFIFO.v:206$1188_EN[31:0]$1206 [0] $flatten\quire.\seg_adder_vff_in_3.$0$memwr$\arr$/teamspace/studios/this_studio/Melodica-Integration-into-Fife-Core/bsc/lib/Verilog/SizedFIFO.v:206$1188_EN[31:0]$1206 [0] }
    New ctrl vector for $pmux cell $flatten\quire.\seg_adder_vff_in_3.$procmux$1597: { $auto$opt_reduce.cc:134:opt_pmux$2299 $auto$opt_reduce.cc:134:opt_pmux$2297 }
    New ctrl vector for $pmux cell $flatten\quire.\seg_adder_vff_in_3.$procmux$1621: $auto$opt_reduce.cc:134:opt_pmux$2301
    Consolidated identical input bits for $mux cell $flatten\quire.\seg_adder_vff_in_4.$procmux$1589:
      Old ports: A=0, B=32'11111111111111111111111111111111, Y=$flatten\quire.\seg_adder_vff_in_4.$0$memwr$\arr$/teamspace/studios/this_studio/Melodica-Integration-into-Fife-Core/bsc/lib/Verilog/SizedFIFO.v:206$1188_EN[31:0]$1206
      New ports: A=1'0, B=1'1, Y=$flatten\quire.\seg_adder_vff_in_4.$0$memwr$\arr$/teamspace/studios/this_studio/Melodica-Integration-into-Fife-Core/bsc/lib/Verilog/SizedFIFO.v:206$1188_EN[31:0]$1206 [0]
      New connections: $flatten\quire.\seg_adder_vff_in_4.$0$memwr$\arr$/teamspace/studios/this_studio/Melodica-Integration-into-Fife-Core/bsc/lib/Verilog/SizedFIFO.v:206$1188_EN[31:0]$1206 [31:1] = { $flatten\quire.\seg_adder_vff_in_4.$0$memwr$\arr$/teamspace/studios/this_studio/Melodica-Integration-into-Fife-Core/bsc/lib/Verilog/SizedFIFO.v:206$1188_EN[31:0]$1206 [0] $flatten\quire.\seg_adder_vff_in_4.$0$memwr$\arr$/teamspace/studios/this_studio/Melodica-Integration-into-Fife-Core/bsc/lib/Verilog/SizedFIFO.v:206$1188_EN[31:0]$1206 [0] $flatten\quire.\seg_adder_vff_in_4.$0$memwr$\arr$/teamspace/studios/this_studio/Melodica-Integration-into-Fife-Core/bsc/lib/Verilog/SizedFIFO.v:206$1188_EN[31:0]$1206 [0] $flatten\quire.\seg_adder_vff_in_4.$0$memwr$\arr$/teamspace/studios/this_studio/Melodica-Integration-into-Fife-Core/bsc/lib/Verilog/SizedFIFO.v:206$1188_EN[31:0]$1206 [0] $flatten\quire.\seg_adder_vff_in_4.$0$memwr$\arr$/teamspace/studios/this_studio/Melodica-Integration-into-Fife-Core/bsc/lib/Verilog/SizedFIFO.v:206$1188_EN[31:0]$1206 [0] $flatten\quire.\seg_adder_vff_in_4.$0$memwr$\arr$/teamspace/studios/this_studio/Melodica-Integration-into-Fife-Core/bsc/lib/Verilog/SizedFIFO.v:206$1188_EN[31:0]$1206 [0] $flatten\quire.\seg_adder_vff_in_4.$0$memwr$\arr$/teamspace/studios/this_studio/Melodica-Integration-into-Fife-Core/bsc/lib/Verilog/SizedFIFO.v:206$1188_EN[31:0]$1206 [0] $flatten\quire.\seg_adder_vff_in_4.$0$memwr$\arr$/teamspace/studios/this_studio/Melodica-Integration-into-Fife-Core/bsc/lib/Verilog/SizedFIFO.v:206$1188_EN[31:0]$1206 [0] $flatten\quire.\seg_adder_vff_in_4.$0$memwr$\arr$/teamspace/studios/this_studio/Melodica-Integration-into-Fife-Core/bsc/lib/Verilog/SizedFIFO.v:206$1188_EN[31:0]$1206 [0] $flatten\quire.\seg_adder_vff_in_4.$0$memwr$\arr$/teamspace/studios/this_studio/Melodica-Integration-into-Fife-Core/bsc/lib/Verilog/SizedFIFO.v:206$1188_EN[31:0]$1206 [0] $flatten\quire.\seg_adder_vff_in_4.$0$memwr$\arr$/teamspace/studios/this_studio/Melodica-Integration-into-Fife-Core/bsc/lib/Verilog/SizedFIFO.v:206$1188_EN[31:0]$1206 [0] $flatten\quire.\seg_adder_vff_in_4.$0$memwr$\arr$/teamspace/studios/this_studio/Melodica-Integration-into-Fife-Core/bsc/lib/Verilog/SizedFIFO.v:206$1188_EN[31:0]$1206 [0] $flatten\quire.\seg_adder_vff_in_4.$0$memwr$\arr$/teamspace/studios/this_studio/Melodica-Integration-into-Fife-Core/bsc/lib/Verilog/SizedFIFO.v:206$1188_EN[31:0]$1206 [0] $flatten\quire.\seg_adder_vff_in_4.$0$memwr$\arr$/teamspace/studios/this_studio/Melodica-Integration-into-Fife-Core/bsc/lib/Verilog/SizedFIFO.v:206$1188_EN[31:0]$1206 [0] $flatten\quire.\seg_adder_vff_in_4.$0$memwr$\arr$/teamspace/studios/this_studio/Melodica-Integration-into-Fife-Core/bsc/lib/Verilog/SizedFIFO.v:206$1188_EN[31:0]$1206 [0] $flatten\quire.\seg_adder_vff_in_4.$0$memwr$\arr$/teamspace/studios/this_studio/Melodica-Integration-into-Fife-Core/bsc/lib/Verilog/SizedFIFO.v:206$1188_EN[31:0]$1206 [0] $flatten\quire.\seg_adder_vff_in_4.$0$memwr$\arr$/teamspace/studios/this_studio/Melodica-Integration-into-Fife-Core/bsc/lib/Verilog/SizedFIFO.v:206$1188_EN[31:0]$1206 [0] $flatten\quire.\seg_adder_vff_in_4.$0$memwr$\arr$/teamspace/studios/this_studio/Melodica-Integration-into-Fife-Core/bsc/lib/Verilog/SizedFIFO.v:206$1188_EN[31:0]$1206 [0] $flatten\quire.\seg_adder_vff_in_4.$0$memwr$\arr$/teamspace/studios/this_studio/Melodica-Integration-into-Fife-Core/bsc/lib/Verilog/SizedFIFO.v:206$1188_EN[31:0]$1206 [0] $flatten\quire.\seg_adder_vff_in_4.$0$memwr$\arr$/teamspace/studios/this_studio/Melodica-Integration-into-Fife-Core/bsc/lib/Verilog/SizedFIFO.v:206$1188_EN[31:0]$1206 [0] $flatten\quire.\seg_adder_vff_in_4.$0$memwr$\arr$/teamspace/studios/this_studio/Melodica-Integration-into-Fife-Core/bsc/lib/Verilog/SizedFIFO.v:206$1188_EN[31:0]$1206 [0] $flatten\quire.\seg_adder_vff_in_4.$0$memwr$\arr$/teamspace/studios/this_studio/Melodica-Integration-into-Fife-Core/bsc/lib/Verilog/SizedFIFO.v:206$1188_EN[31:0]$1206 [0] $flatten\quire.\seg_adder_vff_in_4.$0$memwr$\arr$/teamspace/studios/this_studio/Melodica-Integration-into-Fife-Core/bsc/lib/Verilog/SizedFIFO.v:206$1188_EN[31:0]$1206 [0] $flatten\quire.\seg_adder_vff_in_4.$0$memwr$\arr$/teamspace/studios/this_studio/Melodica-Integration-into-Fife-Core/bsc/lib/Verilog/SizedFIFO.v:206$1188_EN[31:0]$1206 [0] $flatten\quire.\seg_adder_vff_in_4.$0$memwr$\arr$/teamspace/studios/this_studio/Melodica-Integration-into-Fife-Core/bsc/lib/Verilog/SizedFIFO.v:206$1188_EN[31:0]$1206 [0] $flatten\quire.\seg_adder_vff_in_4.$0$memwr$\arr$/teamspace/studios/this_studio/Melodica-Integration-into-Fife-Core/bsc/lib/Verilog/SizedFIFO.v:206$1188_EN[31:0]$1206 [0] $flatten\quire.\seg_adder_vff_in_4.$0$memwr$\arr$/teamspace/studios/this_studio/Melodica-Integration-into-Fife-Core/bsc/lib/Verilog/SizedFIFO.v:206$1188_EN[31:0]$1206 [0] $flatten\quire.\seg_adder_vff_in_4.$0$memwr$\arr$/teamspace/studios/this_studio/Melodica-Integration-into-Fife-Core/bsc/lib/Verilog/SizedFIFO.v:206$1188_EN[31:0]$1206 [0] $flatten\quire.\seg_adder_vff_in_4.$0$memwr$\arr$/teamspace/studios/this_studio/Melodica-Integration-into-Fife-Core/bsc/lib/Verilog/SizedFIFO.v:206$1188_EN[31:0]$1206 [0] $flatten\quire.\seg_adder_vff_in_4.$0$memwr$\arr$/teamspace/studios/this_studio/Melodica-Integration-into-Fife-Core/bsc/lib/Verilog/SizedFIFO.v:206$1188_EN[31:0]$1206 [0] $flatten\quire.\seg_adder_vff_in_4.$0$memwr$\arr$/teamspace/studios/this_studio/Melodica-Integration-into-Fife-Core/bsc/lib/Verilog/SizedFIFO.v:206$1188_EN[31:0]$1206 [0] }
    New ctrl vector for $pmux cell $flatten\quire.\seg_adder_vff_in_4.$procmux$1597: { $auto$opt_reduce.cc:134:opt_pmux$2305 $auto$opt_reduce.cc:134:opt_pmux$2303 }
    New ctrl vector for $pmux cell $flatten\quire.\seg_adder_vff_in_4.$procmux$1621: $auto$opt_reduce.cc:134:opt_pmux$2307
    Consolidated identical input bits for $mux cell $flatten\quire.\seg_adder_vff_in_5.$procmux$1589:
      Old ports: A=0, B=32'11111111111111111111111111111111, Y=$flatten\quire.\seg_adder_vff_in_5.$0$memwr$\arr$/teamspace/studios/this_studio/Melodica-Integration-into-Fife-Core/bsc/lib/Verilog/SizedFIFO.v:206$1188_EN[31:0]$1206
      New ports: A=1'0, B=1'1, Y=$flatten\quire.\seg_adder_vff_in_5.$0$memwr$\arr$/teamspace/studios/this_studio/Melodica-Integration-into-Fife-Core/bsc/lib/Verilog/SizedFIFO.v:206$1188_EN[31:0]$1206 [0]
      New connections: $flatten\quire.\seg_adder_vff_in_5.$0$memwr$\arr$/teamspace/studios/this_studio/Melodica-Integration-into-Fife-Core/bsc/lib/Verilog/SizedFIFO.v:206$1188_EN[31:0]$1206 [31:1] = { $flatten\quire.\seg_adder_vff_in_5.$0$memwr$\arr$/teamspace/studios/this_studio/Melodica-Integration-into-Fife-Core/bsc/lib/Verilog/SizedFIFO.v:206$1188_EN[31:0]$1206 [0] $flatten\quire.\seg_adder_vff_in_5.$0$memwr$\arr$/teamspace/studios/this_studio/Melodica-Integration-into-Fife-Core/bsc/lib/Verilog/SizedFIFO.v:206$1188_EN[31:0]$1206 [0] $flatten\quire.\seg_adder_vff_in_5.$0$memwr$\arr$/teamspace/studios/this_studio/Melodica-Integration-into-Fife-Core/bsc/lib/Verilog/SizedFIFO.v:206$1188_EN[31:0]$1206 [0] $flatten\quire.\seg_adder_vff_in_5.$0$memwr$\arr$/teamspace/studios/this_studio/Melodica-Integration-into-Fife-Core/bsc/lib/Verilog/SizedFIFO.v:206$1188_EN[31:0]$1206 [0] $flatten\quire.\seg_adder_vff_in_5.$0$memwr$\arr$/teamspace/studios/this_studio/Melodica-Integration-into-Fife-Core/bsc/lib/Verilog/SizedFIFO.v:206$1188_EN[31:0]$1206 [0] $flatten\quire.\seg_adder_vff_in_5.$0$memwr$\arr$/teamspace/studios/this_studio/Melodica-Integration-into-Fife-Core/bsc/lib/Verilog/SizedFIFO.v:206$1188_EN[31:0]$1206 [0] $flatten\quire.\seg_adder_vff_in_5.$0$memwr$\arr$/teamspace/studios/this_studio/Melodica-Integration-into-Fife-Core/bsc/lib/Verilog/SizedFIFO.v:206$1188_EN[31:0]$1206 [0] $flatten\quire.\seg_adder_vff_in_5.$0$memwr$\arr$/teamspace/studios/this_studio/Melodica-Integration-into-Fife-Core/bsc/lib/Verilog/SizedFIFO.v:206$1188_EN[31:0]$1206 [0] $flatten\quire.\seg_adder_vff_in_5.$0$memwr$\arr$/teamspace/studios/this_studio/Melodica-Integration-into-Fife-Core/bsc/lib/Verilog/SizedFIFO.v:206$1188_EN[31:0]$1206 [0] $flatten\quire.\seg_adder_vff_in_5.$0$memwr$\arr$/teamspace/studios/this_studio/Melodica-Integration-into-Fife-Core/bsc/lib/Verilog/SizedFIFO.v:206$1188_EN[31:0]$1206 [0] $flatten\quire.\seg_adder_vff_in_5.$0$memwr$\arr$/teamspace/studios/this_studio/Melodica-Integration-into-Fife-Core/bsc/lib/Verilog/SizedFIFO.v:206$1188_EN[31:0]$1206 [0] $flatten\quire.\seg_adder_vff_in_5.$0$memwr$\arr$/teamspace/studios/this_studio/Melodica-Integration-into-Fife-Core/bsc/lib/Verilog/SizedFIFO.v:206$1188_EN[31:0]$1206 [0] $flatten\quire.\seg_adder_vff_in_5.$0$memwr$\arr$/teamspace/studios/this_studio/Melodica-Integration-into-Fife-Core/bsc/lib/Verilog/SizedFIFO.v:206$1188_EN[31:0]$1206 [0] $flatten\quire.\seg_adder_vff_in_5.$0$memwr$\arr$/teamspace/studios/this_studio/Melodica-Integration-into-Fife-Core/bsc/lib/Verilog/SizedFIFO.v:206$1188_EN[31:0]$1206 [0] $flatten\quire.\seg_adder_vff_in_5.$0$memwr$\arr$/teamspace/studios/this_studio/Melodica-Integration-into-Fife-Core/bsc/lib/Verilog/SizedFIFO.v:206$1188_EN[31:0]$1206 [0] $flatten\quire.\seg_adder_vff_in_5.$0$memwr$\arr$/teamspace/studios/this_studio/Melodica-Integration-into-Fife-Core/bsc/lib/Verilog/SizedFIFO.v:206$1188_EN[31:0]$1206 [0] $flatten\quire.\seg_adder_vff_in_5.$0$memwr$\arr$/teamspace/studios/this_studio/Melodica-Integration-into-Fife-Core/bsc/lib/Verilog/SizedFIFO.v:206$1188_EN[31:0]$1206 [0] $flatten\quire.\seg_adder_vff_in_5.$0$memwr$\arr$/teamspace/studios/this_studio/Melodica-Integration-into-Fife-Core/bsc/lib/Verilog/SizedFIFO.v:206$1188_EN[31:0]$1206 [0] $flatten\quire.\seg_adder_vff_in_5.$0$memwr$\arr$/teamspace/studios/this_studio/Melodica-Integration-into-Fife-Core/bsc/lib/Verilog/SizedFIFO.v:206$1188_EN[31:0]$1206 [0] $flatten\quire.\seg_adder_vff_in_5.$0$memwr$\arr$/teamspace/studios/this_studio/Melodica-Integration-into-Fife-Core/bsc/lib/Verilog/SizedFIFO.v:206$1188_EN[31:0]$1206 [0] $flatten\quire.\seg_adder_vff_in_5.$0$memwr$\arr$/teamspace/studios/this_studio/Melodica-Integration-into-Fife-Core/bsc/lib/Verilog/SizedFIFO.v:206$1188_EN[31:0]$1206 [0] $flatten\quire.\seg_adder_vff_in_5.$0$memwr$\arr$/teamspace/studios/this_studio/Melodica-Integration-into-Fife-Core/bsc/lib/Verilog/SizedFIFO.v:206$1188_EN[31:0]$1206 [0] $flatten\quire.\seg_adder_vff_in_5.$0$memwr$\arr$/teamspace/studios/this_studio/Melodica-Integration-into-Fife-Core/bsc/lib/Verilog/SizedFIFO.v:206$1188_EN[31:0]$1206 [0] $flatten\quire.\seg_adder_vff_in_5.$0$memwr$\arr$/teamspace/studios/this_studio/Melodica-Integration-into-Fife-Core/bsc/lib/Verilog/SizedFIFO.v:206$1188_EN[31:0]$1206 [0] $flatten\quire.\seg_adder_vff_in_5.$0$memwr$\arr$/teamspace/studios/this_studio/Melodica-Integration-into-Fife-Core/bsc/lib/Verilog/SizedFIFO.v:206$1188_EN[31:0]$1206 [0] $flatten\quire.\seg_adder_vff_in_5.$0$memwr$\arr$/teamspace/studios/this_studio/Melodica-Integration-into-Fife-Core/bsc/lib/Verilog/SizedFIFO.v:206$1188_EN[31:0]$1206 [0] $flatten\quire.\seg_adder_vff_in_5.$0$memwr$\arr$/teamspace/studios/this_studio/Melodica-Integration-into-Fife-Core/bsc/lib/Verilog/SizedFIFO.v:206$1188_EN[31:0]$1206 [0] $flatten\quire.\seg_adder_vff_in_5.$0$memwr$\arr$/teamspace/studios/this_studio/Melodica-Integration-into-Fife-Core/bsc/lib/Verilog/SizedFIFO.v:206$1188_EN[31:0]$1206 [0] $flatten\quire.\seg_adder_vff_in_5.$0$memwr$\arr$/teamspace/studios/this_studio/Melodica-Integration-into-Fife-Core/bsc/lib/Verilog/SizedFIFO.v:206$1188_EN[31:0]$1206 [0] $flatten\quire.\seg_adder_vff_in_5.$0$memwr$\arr$/teamspace/studios/this_studio/Melodica-Integration-into-Fife-Core/bsc/lib/Verilog/SizedFIFO.v:206$1188_EN[31:0]$1206 [0] $flatten\quire.\seg_adder_vff_in_5.$0$memwr$\arr$/teamspace/studios/this_studio/Melodica-Integration-into-Fife-Core/bsc/lib/Verilog/SizedFIFO.v:206$1188_EN[31:0]$1206 [0] }
    New ctrl vector for $pmux cell $flatten\quire.\seg_adder_vff_in_5.$procmux$1597: { $auto$opt_reduce.cc:134:opt_pmux$2311 $auto$opt_reduce.cc:134:opt_pmux$2309 }
    New ctrl vector for $pmux cell $flatten\quire.\seg_adder_vff_in_5.$procmux$1621: $auto$opt_reduce.cc:134:opt_pmux$2313
    Consolidated identical input bits for $mux cell $flatten\quire.\seg_adder_vff_in_6.$procmux$1589:
      Old ports: A=0, B=32'11111111111111111111111111111111, Y=$flatten\quire.\seg_adder_vff_in_6.$0$memwr$\arr$/teamspace/studios/this_studio/Melodica-Integration-into-Fife-Core/bsc/lib/Verilog/SizedFIFO.v:206$1188_EN[31:0]$1206
      New ports: A=1'0, B=1'1, Y=$flatten\quire.\seg_adder_vff_in_6.$0$memwr$\arr$/teamspace/studios/this_studio/Melodica-Integration-into-Fife-Core/bsc/lib/Verilog/SizedFIFO.v:206$1188_EN[31:0]$1206 [0]
      New connections: $flatten\quire.\seg_adder_vff_in_6.$0$memwr$\arr$/teamspace/studios/this_studio/Melodica-Integration-into-Fife-Core/bsc/lib/Verilog/SizedFIFO.v:206$1188_EN[31:0]$1206 [31:1] = { $flatten\quire.\seg_adder_vff_in_6.$0$memwr$\arr$/teamspace/studios/this_studio/Melodica-Integration-into-Fife-Core/bsc/lib/Verilog/SizedFIFO.v:206$1188_EN[31:0]$1206 [0] $flatten\quire.\seg_adder_vff_in_6.$0$memwr$\arr$/teamspace/studios/this_studio/Melodica-Integration-into-Fife-Core/bsc/lib/Verilog/SizedFIFO.v:206$1188_EN[31:0]$1206 [0] $flatten\quire.\seg_adder_vff_in_6.$0$memwr$\arr$/teamspace/studios/this_studio/Melodica-Integration-into-Fife-Core/bsc/lib/Verilog/SizedFIFO.v:206$1188_EN[31:0]$1206 [0] $flatten\quire.\seg_adder_vff_in_6.$0$memwr$\arr$/teamspace/studios/this_studio/Melodica-Integration-into-Fife-Core/bsc/lib/Verilog/SizedFIFO.v:206$1188_EN[31:0]$1206 [0] $flatten\quire.\seg_adder_vff_in_6.$0$memwr$\arr$/teamspace/studios/this_studio/Melodica-Integration-into-Fife-Core/bsc/lib/Verilog/SizedFIFO.v:206$1188_EN[31:0]$1206 [0] $flatten\quire.\seg_adder_vff_in_6.$0$memwr$\arr$/teamspace/studios/this_studio/Melodica-Integration-into-Fife-Core/bsc/lib/Verilog/SizedFIFO.v:206$1188_EN[31:0]$1206 [0] $flatten\quire.\seg_adder_vff_in_6.$0$memwr$\arr$/teamspace/studios/this_studio/Melodica-Integration-into-Fife-Core/bsc/lib/Verilog/SizedFIFO.v:206$1188_EN[31:0]$1206 [0] $flatten\quire.\seg_adder_vff_in_6.$0$memwr$\arr$/teamspace/studios/this_studio/Melodica-Integration-into-Fife-Core/bsc/lib/Verilog/SizedFIFO.v:206$1188_EN[31:0]$1206 [0] $flatten\quire.\seg_adder_vff_in_6.$0$memwr$\arr$/teamspace/studios/this_studio/Melodica-Integration-into-Fife-Core/bsc/lib/Verilog/SizedFIFO.v:206$1188_EN[31:0]$1206 [0] $flatten\quire.\seg_adder_vff_in_6.$0$memwr$\arr$/teamspace/studios/this_studio/Melodica-Integration-into-Fife-Core/bsc/lib/Verilog/SizedFIFO.v:206$1188_EN[31:0]$1206 [0] $flatten\quire.\seg_adder_vff_in_6.$0$memwr$\arr$/teamspace/studios/this_studio/Melodica-Integration-into-Fife-Core/bsc/lib/Verilog/SizedFIFO.v:206$1188_EN[31:0]$1206 [0] $flatten\quire.\seg_adder_vff_in_6.$0$memwr$\arr$/teamspace/studios/this_studio/Melodica-Integration-into-Fife-Core/bsc/lib/Verilog/SizedFIFO.v:206$1188_EN[31:0]$1206 [0] $flatten\quire.\seg_adder_vff_in_6.$0$memwr$\arr$/teamspace/studios/this_studio/Melodica-Integration-into-Fife-Core/bsc/lib/Verilog/SizedFIFO.v:206$1188_EN[31:0]$1206 [0] $flatten\quire.\seg_adder_vff_in_6.$0$memwr$\arr$/teamspace/studios/this_studio/Melodica-Integration-into-Fife-Core/bsc/lib/Verilog/SizedFIFO.v:206$1188_EN[31:0]$1206 [0] $flatten\quire.\seg_adder_vff_in_6.$0$memwr$\arr$/teamspace/studios/this_studio/Melodica-Integration-into-Fife-Core/bsc/lib/Verilog/SizedFIFO.v:206$1188_EN[31:0]$1206 [0] $flatten\quire.\seg_adder_vff_in_6.$0$memwr$\arr$/teamspace/studios/this_studio/Melodica-Integration-into-Fife-Core/bsc/lib/Verilog/SizedFIFO.v:206$1188_EN[31:0]$1206 [0] $flatten\quire.\seg_adder_vff_in_6.$0$memwr$\arr$/teamspace/studios/this_studio/Melodica-Integration-into-Fife-Core/bsc/lib/Verilog/SizedFIFO.v:206$1188_EN[31:0]$1206 [0] $flatten\quire.\seg_adder_vff_in_6.$0$memwr$\arr$/teamspace/studios/this_studio/Melodica-Integration-into-Fife-Core/bsc/lib/Verilog/SizedFIFO.v:206$1188_EN[31:0]$1206 [0] $flatten\quire.\seg_adder_vff_in_6.$0$memwr$\arr$/teamspace/studios/this_studio/Melodica-Integration-into-Fife-Core/bsc/lib/Verilog/SizedFIFO.v:206$1188_EN[31:0]$1206 [0] $flatten\quire.\seg_adder_vff_in_6.$0$memwr$\arr$/teamspace/studios/this_studio/Melodica-Integration-into-Fife-Core/bsc/lib/Verilog/SizedFIFO.v:206$1188_EN[31:0]$1206 [0] $flatten\quire.\seg_adder_vff_in_6.$0$memwr$\arr$/teamspace/studios/this_studio/Melodica-Integration-into-Fife-Core/bsc/lib/Verilog/SizedFIFO.v:206$1188_EN[31:0]$1206 [0] $flatten\quire.\seg_adder_vff_in_6.$0$memwr$\arr$/teamspace/studios/this_studio/Melodica-Integration-into-Fife-Core/bsc/lib/Verilog/SizedFIFO.v:206$1188_EN[31:0]$1206 [0] $flatten\quire.\seg_adder_vff_in_6.$0$memwr$\arr$/teamspace/studios/this_studio/Melodica-Integration-into-Fife-Core/bsc/lib/Verilog/SizedFIFO.v:206$1188_EN[31:0]$1206 [0] $flatten\quire.\seg_adder_vff_in_6.$0$memwr$\arr$/teamspace/studios/this_studio/Melodica-Integration-into-Fife-Core/bsc/lib/Verilog/SizedFIFO.v:206$1188_EN[31:0]$1206 [0] $flatten\quire.\seg_adder_vff_in_6.$0$memwr$\arr$/teamspace/studios/this_studio/Melodica-Integration-into-Fife-Core/bsc/lib/Verilog/SizedFIFO.v:206$1188_EN[31:0]$1206 [0] $flatten\quire.\seg_adder_vff_in_6.$0$memwr$\arr$/teamspace/studios/this_studio/Melodica-Integration-into-Fife-Core/bsc/lib/Verilog/SizedFIFO.v:206$1188_EN[31:0]$1206 [0] $flatten\quire.\seg_adder_vff_in_6.$0$memwr$\arr$/teamspace/studios/this_studio/Melodica-Integration-into-Fife-Core/bsc/lib/Verilog/SizedFIFO.v:206$1188_EN[31:0]$1206 [0] $flatten\quire.\seg_adder_vff_in_6.$0$memwr$\arr$/teamspace/studios/this_studio/Melodica-Integration-into-Fife-Core/bsc/lib/Verilog/SizedFIFO.v:206$1188_EN[31:0]$1206 [0] $flatten\quire.\seg_adder_vff_in_6.$0$memwr$\arr$/teamspace/studios/this_studio/Melodica-Integration-into-Fife-Core/bsc/lib/Verilog/SizedFIFO.v:206$1188_EN[31:0]$1206 [0] $flatten\quire.\seg_adder_vff_in_6.$0$memwr$\arr$/teamspace/studios/this_studio/Melodica-Integration-into-Fife-Core/bsc/lib/Verilog/SizedFIFO.v:206$1188_EN[31:0]$1206 [0] $flatten\quire.\seg_adder_vff_in_6.$0$memwr$\arr$/teamspace/studios/this_studio/Melodica-Integration-into-Fife-Core/bsc/lib/Verilog/SizedFIFO.v:206$1188_EN[31:0]$1206 [0] }
    New ctrl vector for $pmux cell $flatten\quire.\seg_adder_vff_in_6.$procmux$1597: { $auto$opt_reduce.cc:134:opt_pmux$2317 $auto$opt_reduce.cc:134:opt_pmux$2315 }
    New ctrl vector for $pmux cell $flatten\quire.\seg_adder_vff_in_6.$procmux$1621: $auto$opt_reduce.cc:134:opt_pmux$2319
    Consolidated identical input bits for $mux cell $flatten\quire.\seg_adder_vff_in_7.$procmux$1589:
      Old ports: A=0, B=32'11111111111111111111111111111111, Y=$flatten\quire.\seg_adder_vff_in_7.$0$memwr$\arr$/teamspace/studios/this_studio/Melodica-Integration-into-Fife-Core/bsc/lib/Verilog/SizedFIFO.v:206$1188_EN[31:0]$1206
      New ports: A=1'0, B=1'1, Y=$flatten\quire.\seg_adder_vff_in_7.$0$memwr$\arr$/teamspace/studios/this_studio/Melodica-Integration-into-Fife-Core/bsc/lib/Verilog/SizedFIFO.v:206$1188_EN[31:0]$1206 [0]
      New connections: $flatten\quire.\seg_adder_vff_in_7.$0$memwr$\arr$/teamspace/studios/this_studio/Melodica-Integration-into-Fife-Core/bsc/lib/Verilog/SizedFIFO.v:206$1188_EN[31:0]$1206 [31:1] = { $flatten\quire.\seg_adder_vff_in_7.$0$memwr$\arr$/teamspace/studios/this_studio/Melodica-Integration-into-Fife-Core/bsc/lib/Verilog/SizedFIFO.v:206$1188_EN[31:0]$1206 [0] $flatten\quire.\seg_adder_vff_in_7.$0$memwr$\arr$/teamspace/studios/this_studio/Melodica-Integration-into-Fife-Core/bsc/lib/Verilog/SizedFIFO.v:206$1188_EN[31:0]$1206 [0] $flatten\quire.\seg_adder_vff_in_7.$0$memwr$\arr$/teamspace/studios/this_studio/Melodica-Integration-into-Fife-Core/bsc/lib/Verilog/SizedFIFO.v:206$1188_EN[31:0]$1206 [0] $flatten\quire.\seg_adder_vff_in_7.$0$memwr$\arr$/teamspace/studios/this_studio/Melodica-Integration-into-Fife-Core/bsc/lib/Verilog/SizedFIFO.v:206$1188_EN[31:0]$1206 [0] $flatten\quire.\seg_adder_vff_in_7.$0$memwr$\arr$/teamspace/studios/this_studio/Melodica-Integration-into-Fife-Core/bsc/lib/Verilog/SizedFIFO.v:206$1188_EN[31:0]$1206 [0] $flatten\quire.\seg_adder_vff_in_7.$0$memwr$\arr$/teamspace/studios/this_studio/Melodica-Integration-into-Fife-Core/bsc/lib/Verilog/SizedFIFO.v:206$1188_EN[31:0]$1206 [0] $flatten\quire.\seg_adder_vff_in_7.$0$memwr$\arr$/teamspace/studios/this_studio/Melodica-Integration-into-Fife-Core/bsc/lib/Verilog/SizedFIFO.v:206$1188_EN[31:0]$1206 [0] $flatten\quire.\seg_adder_vff_in_7.$0$memwr$\arr$/teamspace/studios/this_studio/Melodica-Integration-into-Fife-Core/bsc/lib/Verilog/SizedFIFO.v:206$1188_EN[31:0]$1206 [0] $flatten\quire.\seg_adder_vff_in_7.$0$memwr$\arr$/teamspace/studios/this_studio/Melodica-Integration-into-Fife-Core/bsc/lib/Verilog/SizedFIFO.v:206$1188_EN[31:0]$1206 [0] $flatten\quire.\seg_adder_vff_in_7.$0$memwr$\arr$/teamspace/studios/this_studio/Melodica-Integration-into-Fife-Core/bsc/lib/Verilog/SizedFIFO.v:206$1188_EN[31:0]$1206 [0] $flatten\quire.\seg_adder_vff_in_7.$0$memwr$\arr$/teamspace/studios/this_studio/Melodica-Integration-into-Fife-Core/bsc/lib/Verilog/SizedFIFO.v:206$1188_EN[31:0]$1206 [0] $flatten\quire.\seg_adder_vff_in_7.$0$memwr$\arr$/teamspace/studios/this_studio/Melodica-Integration-into-Fife-Core/bsc/lib/Verilog/SizedFIFO.v:206$1188_EN[31:0]$1206 [0] $flatten\quire.\seg_adder_vff_in_7.$0$memwr$\arr$/teamspace/studios/this_studio/Melodica-Integration-into-Fife-Core/bsc/lib/Verilog/SizedFIFO.v:206$1188_EN[31:0]$1206 [0] $flatten\quire.\seg_adder_vff_in_7.$0$memwr$\arr$/teamspace/studios/this_studio/Melodica-Integration-into-Fife-Core/bsc/lib/Verilog/SizedFIFO.v:206$1188_EN[31:0]$1206 [0] $flatten\quire.\seg_adder_vff_in_7.$0$memwr$\arr$/teamspace/studios/this_studio/Melodica-Integration-into-Fife-Core/bsc/lib/Verilog/SizedFIFO.v:206$1188_EN[31:0]$1206 [0] $flatten\quire.\seg_adder_vff_in_7.$0$memwr$\arr$/teamspace/studios/this_studio/Melodica-Integration-into-Fife-Core/bsc/lib/Verilog/SizedFIFO.v:206$1188_EN[31:0]$1206 [0] $flatten\quire.\seg_adder_vff_in_7.$0$memwr$\arr$/teamspace/studios/this_studio/Melodica-Integration-into-Fife-Core/bsc/lib/Verilog/SizedFIFO.v:206$1188_EN[31:0]$1206 [0] $flatten\quire.\seg_adder_vff_in_7.$0$memwr$\arr$/teamspace/studios/this_studio/Melodica-Integration-into-Fife-Core/bsc/lib/Verilog/SizedFIFO.v:206$1188_EN[31:0]$1206 [0] $flatten\quire.\seg_adder_vff_in_7.$0$memwr$\arr$/teamspace/studios/this_studio/Melodica-Integration-into-Fife-Core/bsc/lib/Verilog/SizedFIFO.v:206$1188_EN[31:0]$1206 [0] $flatten\quire.\seg_adder_vff_in_7.$0$memwr$\arr$/teamspace/studios/this_studio/Melodica-Integration-into-Fife-Core/bsc/lib/Verilog/SizedFIFO.v:206$1188_EN[31:0]$1206 [0] $flatten\quire.\seg_adder_vff_in_7.$0$memwr$\arr$/teamspace/studios/this_studio/Melodica-Integration-into-Fife-Core/bsc/lib/Verilog/SizedFIFO.v:206$1188_EN[31:0]$1206 [0] $flatten\quire.\seg_adder_vff_in_7.$0$memwr$\arr$/teamspace/studios/this_studio/Melodica-Integration-into-Fife-Core/bsc/lib/Verilog/SizedFIFO.v:206$1188_EN[31:0]$1206 [0] $flatten\quire.\seg_adder_vff_in_7.$0$memwr$\arr$/teamspace/studios/this_studio/Melodica-Integration-into-Fife-Core/bsc/lib/Verilog/SizedFIFO.v:206$1188_EN[31:0]$1206 [0] $flatten\quire.\seg_adder_vff_in_7.$0$memwr$\arr$/teamspace/studios/this_studio/Melodica-Integration-into-Fife-Core/bsc/lib/Verilog/SizedFIFO.v:206$1188_EN[31:0]$1206 [0] $flatten\quire.\seg_adder_vff_in_7.$0$memwr$\arr$/teamspace/studios/this_studio/Melodica-Integration-into-Fife-Core/bsc/lib/Verilog/SizedFIFO.v:206$1188_EN[31:0]$1206 [0] $flatten\quire.\seg_adder_vff_in_7.$0$memwr$\arr$/teamspace/studios/this_studio/Melodica-Integration-into-Fife-Core/bsc/lib/Verilog/SizedFIFO.v:206$1188_EN[31:0]$1206 [0] $flatten\quire.\seg_adder_vff_in_7.$0$memwr$\arr$/teamspace/studios/this_studio/Melodica-Integration-into-Fife-Core/bsc/lib/Verilog/SizedFIFO.v:206$1188_EN[31:0]$1206 [0] $flatten\quire.\seg_adder_vff_in_7.$0$memwr$\arr$/teamspace/studios/this_studio/Melodica-Integration-into-Fife-Core/bsc/lib/Verilog/SizedFIFO.v:206$1188_EN[31:0]$1206 [0] $flatten\quire.\seg_adder_vff_in_7.$0$memwr$\arr$/teamspace/studios/this_studio/Melodica-Integration-into-Fife-Core/bsc/lib/Verilog/SizedFIFO.v:206$1188_EN[31:0]$1206 [0] $flatten\quire.\seg_adder_vff_in_7.$0$memwr$\arr$/teamspace/studios/this_studio/Melodica-Integration-into-Fife-Core/bsc/lib/Verilog/SizedFIFO.v:206$1188_EN[31:0]$1206 [0] $flatten\quire.\seg_adder_vff_in_7.$0$memwr$\arr$/teamspace/studios/this_studio/Melodica-Integration-into-Fife-Core/bsc/lib/Verilog/SizedFIFO.v:206$1188_EN[31:0]$1206 [0] }
    New ctrl vector for $pmux cell $flatten\quire.\seg_adder_vff_in_7.$procmux$1597: { $auto$opt_reduce.cc:134:opt_pmux$2323 $auto$opt_reduce.cc:134:opt_pmux$2321 }
    New ctrl vector for $pmux cell $flatten\quire.\seg_adder_vff_in_7.$procmux$1621: $auto$opt_reduce.cc:134:opt_pmux$2325
    Consolidated identical input bits for $mux cell $flatten\quire.\seg_adder_vff_in_8.$procmux$1589:
      Old ports: A=0, B=32'11111111111111111111111111111111, Y=$flatten\quire.\seg_adder_vff_in_8.$0$memwr$\arr$/teamspace/studios/this_studio/Melodica-Integration-into-Fife-Core/bsc/lib/Verilog/SizedFIFO.v:206$1188_EN[31:0]$1206
      New ports: A=1'0, B=1'1, Y=$flatten\quire.\seg_adder_vff_in_8.$0$memwr$\arr$/teamspace/studios/this_studio/Melodica-Integration-into-Fife-Core/bsc/lib/Verilog/SizedFIFO.v:206$1188_EN[31:0]$1206 [0]
      New connections: $flatten\quire.\seg_adder_vff_in_8.$0$memwr$\arr$/teamspace/studios/this_studio/Melodica-Integration-into-Fife-Core/bsc/lib/Verilog/SizedFIFO.v:206$1188_EN[31:0]$1206 [31:1] = { $flatten\quire.\seg_adder_vff_in_8.$0$memwr$\arr$/teamspace/studios/this_studio/Melodica-Integration-into-Fife-Core/bsc/lib/Verilog/SizedFIFO.v:206$1188_EN[31:0]$1206 [0] $flatten\quire.\seg_adder_vff_in_8.$0$memwr$\arr$/teamspace/studios/this_studio/Melodica-Integration-into-Fife-Core/bsc/lib/Verilog/SizedFIFO.v:206$1188_EN[31:0]$1206 [0] $flatten\quire.\seg_adder_vff_in_8.$0$memwr$\arr$/teamspace/studios/this_studio/Melodica-Integration-into-Fife-Core/bsc/lib/Verilog/SizedFIFO.v:206$1188_EN[31:0]$1206 [0] $flatten\quire.\seg_adder_vff_in_8.$0$memwr$\arr$/teamspace/studios/this_studio/Melodica-Integration-into-Fife-Core/bsc/lib/Verilog/SizedFIFO.v:206$1188_EN[31:0]$1206 [0] $flatten\quire.\seg_adder_vff_in_8.$0$memwr$\arr$/teamspace/studios/this_studio/Melodica-Integration-into-Fife-Core/bsc/lib/Verilog/SizedFIFO.v:206$1188_EN[31:0]$1206 [0] $flatten\quire.\seg_adder_vff_in_8.$0$memwr$\arr$/teamspace/studios/this_studio/Melodica-Integration-into-Fife-Core/bsc/lib/Verilog/SizedFIFO.v:206$1188_EN[31:0]$1206 [0] $flatten\quire.\seg_adder_vff_in_8.$0$memwr$\arr$/teamspace/studios/this_studio/Melodica-Integration-into-Fife-Core/bsc/lib/Verilog/SizedFIFO.v:206$1188_EN[31:0]$1206 [0] $flatten\quire.\seg_adder_vff_in_8.$0$memwr$\arr$/teamspace/studios/this_studio/Melodica-Integration-into-Fife-Core/bsc/lib/Verilog/SizedFIFO.v:206$1188_EN[31:0]$1206 [0] $flatten\quire.\seg_adder_vff_in_8.$0$memwr$\arr$/teamspace/studios/this_studio/Melodica-Integration-into-Fife-Core/bsc/lib/Verilog/SizedFIFO.v:206$1188_EN[31:0]$1206 [0] $flatten\quire.\seg_adder_vff_in_8.$0$memwr$\arr$/teamspace/studios/this_studio/Melodica-Integration-into-Fife-Core/bsc/lib/Verilog/SizedFIFO.v:206$1188_EN[31:0]$1206 [0] $flatten\quire.\seg_adder_vff_in_8.$0$memwr$\arr$/teamspace/studios/this_studio/Melodica-Integration-into-Fife-Core/bsc/lib/Verilog/SizedFIFO.v:206$1188_EN[31:0]$1206 [0] $flatten\quire.\seg_adder_vff_in_8.$0$memwr$\arr$/teamspace/studios/this_studio/Melodica-Integration-into-Fife-Core/bsc/lib/Verilog/SizedFIFO.v:206$1188_EN[31:0]$1206 [0] $flatten\quire.\seg_adder_vff_in_8.$0$memwr$\arr$/teamspace/studios/this_studio/Melodica-Integration-into-Fife-Core/bsc/lib/Verilog/SizedFIFO.v:206$1188_EN[31:0]$1206 [0] $flatten\quire.\seg_adder_vff_in_8.$0$memwr$\arr$/teamspace/studios/this_studio/Melodica-Integration-into-Fife-Core/bsc/lib/Verilog/SizedFIFO.v:206$1188_EN[31:0]$1206 [0] $flatten\quire.\seg_adder_vff_in_8.$0$memwr$\arr$/teamspace/studios/this_studio/Melodica-Integration-into-Fife-Core/bsc/lib/Verilog/SizedFIFO.v:206$1188_EN[31:0]$1206 [0] $flatten\quire.\seg_adder_vff_in_8.$0$memwr$\arr$/teamspace/studios/this_studio/Melodica-Integration-into-Fife-Core/bsc/lib/Verilog/SizedFIFO.v:206$1188_EN[31:0]$1206 [0] $flatten\quire.\seg_adder_vff_in_8.$0$memwr$\arr$/teamspace/studios/this_studio/Melodica-Integration-into-Fife-Core/bsc/lib/Verilog/SizedFIFO.v:206$1188_EN[31:0]$1206 [0] $flatten\quire.\seg_adder_vff_in_8.$0$memwr$\arr$/teamspace/studios/this_studio/Melodica-Integration-into-Fife-Core/bsc/lib/Verilog/SizedFIFO.v:206$1188_EN[31:0]$1206 [0] $flatten\quire.\seg_adder_vff_in_8.$0$memwr$\arr$/teamspace/studios/this_studio/Melodica-Integration-into-Fife-Core/bsc/lib/Verilog/SizedFIFO.v:206$1188_EN[31:0]$1206 [0] $flatten\quire.\seg_adder_vff_in_8.$0$memwr$\arr$/teamspace/studios/this_studio/Melodica-Integration-into-Fife-Core/bsc/lib/Verilog/SizedFIFO.v:206$1188_EN[31:0]$1206 [0] $flatten\quire.\seg_adder_vff_in_8.$0$memwr$\arr$/teamspace/studios/this_studio/Melodica-Integration-into-Fife-Core/bsc/lib/Verilog/SizedFIFO.v:206$1188_EN[31:0]$1206 [0] $flatten\quire.\seg_adder_vff_in_8.$0$memwr$\arr$/teamspace/studios/this_studio/Melodica-Integration-into-Fife-Core/bsc/lib/Verilog/SizedFIFO.v:206$1188_EN[31:0]$1206 [0] $flatten\quire.\seg_adder_vff_in_8.$0$memwr$\arr$/teamspace/studios/this_studio/Melodica-Integration-into-Fife-Core/bsc/lib/Verilog/SizedFIFO.v:206$1188_EN[31:0]$1206 [0] $flatten\quire.\seg_adder_vff_in_8.$0$memwr$\arr$/teamspace/studios/this_studio/Melodica-Integration-into-Fife-Core/bsc/lib/Verilog/SizedFIFO.v:206$1188_EN[31:0]$1206 [0] $flatten\quire.\seg_adder_vff_in_8.$0$memwr$\arr$/teamspace/studios/this_studio/Melodica-Integration-into-Fife-Core/bsc/lib/Verilog/SizedFIFO.v:206$1188_EN[31:0]$1206 [0] $flatten\quire.\seg_adder_vff_in_8.$0$memwr$\arr$/teamspace/studios/this_studio/Melodica-Integration-into-Fife-Core/bsc/lib/Verilog/SizedFIFO.v:206$1188_EN[31:0]$1206 [0] $flatten\quire.\seg_adder_vff_in_8.$0$memwr$\arr$/teamspace/studios/this_studio/Melodica-Integration-into-Fife-Core/bsc/lib/Verilog/SizedFIFO.v:206$1188_EN[31:0]$1206 [0] $flatten\quire.\seg_adder_vff_in_8.$0$memwr$\arr$/teamspace/studios/this_studio/Melodica-Integration-into-Fife-Core/bsc/lib/Verilog/SizedFIFO.v:206$1188_EN[31:0]$1206 [0] $flatten\quire.\seg_adder_vff_in_8.$0$memwr$\arr$/teamspace/studios/this_studio/Melodica-Integration-into-Fife-Core/bsc/lib/Verilog/SizedFIFO.v:206$1188_EN[31:0]$1206 [0] $flatten\quire.\seg_adder_vff_in_8.$0$memwr$\arr$/teamspace/studios/this_studio/Melodica-Integration-into-Fife-Core/bsc/lib/Verilog/SizedFIFO.v:206$1188_EN[31:0]$1206 [0] $flatten\quire.\seg_adder_vff_in_8.$0$memwr$\arr$/teamspace/studios/this_studio/Melodica-Integration-into-Fife-Core/bsc/lib/Verilog/SizedFIFO.v:206$1188_EN[31:0]$1206 [0] }
    New ctrl vector for $pmux cell $flatten\quire.\seg_adder_vff_in_8.$procmux$1597: { $auto$opt_reduce.cc:134:opt_pmux$2329 $auto$opt_reduce.cc:134:opt_pmux$2327 }
    New ctrl vector for $pmux cell $flatten\quire.\seg_adder_vff_in_8.$procmux$1621: $auto$opt_reduce.cc:134:opt_pmux$2331
    Consolidated identical input bits for $mux cell $flatten\quire.\seg_adder_vff_in_9.$procmux$1589:
      Old ports: A=0, B=32'11111111111111111111111111111111, Y=$flatten\quire.\seg_adder_vff_in_9.$0$memwr$\arr$/teamspace/studios/this_studio/Melodica-Integration-into-Fife-Core/bsc/lib/Verilog/SizedFIFO.v:206$1188_EN[31:0]$1206
      New ports: A=1'0, B=1'1, Y=$flatten\quire.\seg_adder_vff_in_9.$0$memwr$\arr$/teamspace/studios/this_studio/Melodica-Integration-into-Fife-Core/bsc/lib/Verilog/SizedFIFO.v:206$1188_EN[31:0]$1206 [0]
      New connections: $flatten\quire.\seg_adder_vff_in_9.$0$memwr$\arr$/teamspace/studios/this_studio/Melodica-Integration-into-Fife-Core/bsc/lib/Verilog/SizedFIFO.v:206$1188_EN[31:0]$1206 [31:1] = { $flatten\quire.\seg_adder_vff_in_9.$0$memwr$\arr$/teamspace/studios/this_studio/Melodica-Integration-into-Fife-Core/bsc/lib/Verilog/SizedFIFO.v:206$1188_EN[31:0]$1206 [0] $flatten\quire.\seg_adder_vff_in_9.$0$memwr$\arr$/teamspace/studios/this_studio/Melodica-Integration-into-Fife-Core/bsc/lib/Verilog/SizedFIFO.v:206$1188_EN[31:0]$1206 [0] $flatten\quire.\seg_adder_vff_in_9.$0$memwr$\arr$/teamspace/studios/this_studio/Melodica-Integration-into-Fife-Core/bsc/lib/Verilog/SizedFIFO.v:206$1188_EN[31:0]$1206 [0] $flatten\quire.\seg_adder_vff_in_9.$0$memwr$\arr$/teamspace/studios/this_studio/Melodica-Integration-into-Fife-Core/bsc/lib/Verilog/SizedFIFO.v:206$1188_EN[31:0]$1206 [0] $flatten\quire.\seg_adder_vff_in_9.$0$memwr$\arr$/teamspace/studios/this_studio/Melodica-Integration-into-Fife-Core/bsc/lib/Verilog/SizedFIFO.v:206$1188_EN[31:0]$1206 [0] $flatten\quire.\seg_adder_vff_in_9.$0$memwr$\arr$/teamspace/studios/this_studio/Melodica-Integration-into-Fife-Core/bsc/lib/Verilog/SizedFIFO.v:206$1188_EN[31:0]$1206 [0] $flatten\quire.\seg_adder_vff_in_9.$0$memwr$\arr$/teamspace/studios/this_studio/Melodica-Integration-into-Fife-Core/bsc/lib/Verilog/SizedFIFO.v:206$1188_EN[31:0]$1206 [0] $flatten\quire.\seg_adder_vff_in_9.$0$memwr$\arr$/teamspace/studios/this_studio/Melodica-Integration-into-Fife-Core/bsc/lib/Verilog/SizedFIFO.v:206$1188_EN[31:0]$1206 [0] $flatten\quire.\seg_adder_vff_in_9.$0$memwr$\arr$/teamspace/studios/this_studio/Melodica-Integration-into-Fife-Core/bsc/lib/Verilog/SizedFIFO.v:206$1188_EN[31:0]$1206 [0] $flatten\quire.\seg_adder_vff_in_9.$0$memwr$\arr$/teamspace/studios/this_studio/Melodica-Integration-into-Fife-Core/bsc/lib/Verilog/SizedFIFO.v:206$1188_EN[31:0]$1206 [0] $flatten\quire.\seg_adder_vff_in_9.$0$memwr$\arr$/teamspace/studios/this_studio/Melodica-Integration-into-Fife-Core/bsc/lib/Verilog/SizedFIFO.v:206$1188_EN[31:0]$1206 [0] $flatten\quire.\seg_adder_vff_in_9.$0$memwr$\arr$/teamspace/studios/this_studio/Melodica-Integration-into-Fife-Core/bsc/lib/Verilog/SizedFIFO.v:206$1188_EN[31:0]$1206 [0] $flatten\quire.\seg_adder_vff_in_9.$0$memwr$\arr$/teamspace/studios/this_studio/Melodica-Integration-into-Fife-Core/bsc/lib/Verilog/SizedFIFO.v:206$1188_EN[31:0]$1206 [0] $flatten\quire.\seg_adder_vff_in_9.$0$memwr$\arr$/teamspace/studios/this_studio/Melodica-Integration-into-Fife-Core/bsc/lib/Verilog/SizedFIFO.v:206$1188_EN[31:0]$1206 [0] $flatten\quire.\seg_adder_vff_in_9.$0$memwr$\arr$/teamspace/studios/this_studio/Melodica-Integration-into-Fife-Core/bsc/lib/Verilog/SizedFIFO.v:206$1188_EN[31:0]$1206 [0] $flatten\quire.\seg_adder_vff_in_9.$0$memwr$\arr$/teamspace/studios/this_studio/Melodica-Integration-into-Fife-Core/bsc/lib/Verilog/SizedFIFO.v:206$1188_EN[31:0]$1206 [0] $flatten\quire.\seg_adder_vff_in_9.$0$memwr$\arr$/teamspace/studios/this_studio/Melodica-Integration-into-Fife-Core/bsc/lib/Verilog/SizedFIFO.v:206$1188_EN[31:0]$1206 [0] $flatten\quire.\seg_adder_vff_in_9.$0$memwr$\arr$/teamspace/studios/this_studio/Melodica-Integration-into-Fife-Core/bsc/lib/Verilog/SizedFIFO.v:206$1188_EN[31:0]$1206 [0] $flatten\quire.\seg_adder_vff_in_9.$0$memwr$\arr$/teamspace/studios/this_studio/Melodica-Integration-into-Fife-Core/bsc/lib/Verilog/SizedFIFO.v:206$1188_EN[31:0]$1206 [0] $flatten\quire.\seg_adder_vff_in_9.$0$memwr$\arr$/teamspace/studios/this_studio/Melodica-Integration-into-Fife-Core/bsc/lib/Verilog/SizedFIFO.v:206$1188_EN[31:0]$1206 [0] $flatten\quire.\seg_adder_vff_in_9.$0$memwr$\arr$/teamspace/studios/this_studio/Melodica-Integration-into-Fife-Core/bsc/lib/Verilog/SizedFIFO.v:206$1188_EN[31:0]$1206 [0] $flatten\quire.\seg_adder_vff_in_9.$0$memwr$\arr$/teamspace/studios/this_studio/Melodica-Integration-into-Fife-Core/bsc/lib/Verilog/SizedFIFO.v:206$1188_EN[31:0]$1206 [0] $flatten\quire.\seg_adder_vff_in_9.$0$memwr$\arr$/teamspace/studios/this_studio/Melodica-Integration-into-Fife-Core/bsc/lib/Verilog/SizedFIFO.v:206$1188_EN[31:0]$1206 [0] $flatten\quire.\seg_adder_vff_in_9.$0$memwr$\arr$/teamspace/studios/this_studio/Melodica-Integration-into-Fife-Core/bsc/lib/Verilog/SizedFIFO.v:206$1188_EN[31:0]$1206 [0] $flatten\quire.\seg_adder_vff_in_9.$0$memwr$\arr$/teamspace/studios/this_studio/Melodica-Integration-into-Fife-Core/bsc/lib/Verilog/SizedFIFO.v:206$1188_EN[31:0]$1206 [0] $flatten\quire.\seg_adder_vff_in_9.$0$memwr$\arr$/teamspace/studios/this_studio/Melodica-Integration-into-Fife-Core/bsc/lib/Verilog/SizedFIFO.v:206$1188_EN[31:0]$1206 [0] $flatten\quire.\seg_adder_vff_in_9.$0$memwr$\arr$/teamspace/studios/this_studio/Melodica-Integration-into-Fife-Core/bsc/lib/Verilog/SizedFIFO.v:206$1188_EN[31:0]$1206 [0] $flatten\quire.\seg_adder_vff_in_9.$0$memwr$\arr$/teamspace/studios/this_studio/Melodica-Integration-into-Fife-Core/bsc/lib/Verilog/SizedFIFO.v:206$1188_EN[31:0]$1206 [0] $flatten\quire.\seg_adder_vff_in_9.$0$memwr$\arr$/teamspace/studios/this_studio/Melodica-Integration-into-Fife-Core/bsc/lib/Verilog/SizedFIFO.v:206$1188_EN[31:0]$1206 [0] $flatten\quire.\seg_adder_vff_in_9.$0$memwr$\arr$/teamspace/studios/this_studio/Melodica-Integration-into-Fife-Core/bsc/lib/Verilog/SizedFIFO.v:206$1188_EN[31:0]$1206 [0] $flatten\quire.\seg_adder_vff_in_9.$0$memwr$\arr$/teamspace/studios/this_studio/Melodica-Integration-into-Fife-Core/bsc/lib/Verilog/SizedFIFO.v:206$1188_EN[31:0]$1206 [0] }
    New ctrl vector for $pmux cell $flatten\quire.\seg_adder_vff_in_9.$procmux$1597: { $auto$opt_reduce.cc:134:opt_pmux$2335 $auto$opt_reduce.cc:134:opt_pmux$2333 }
    New ctrl vector for $pmux cell $flatten\quire.\seg_adder_vff_in_9.$procmux$1621: $auto$opt_reduce.cc:134:opt_pmux$2337
  Optimizing cells in module \mkPositCore.
Performed a total of 63 changes.

14.7.5. Executing OPT_MERGE pass (detect identical cells).
Finding identical cells in module `\mkPositCore'.
<suppressed ~75 debug messages>
Removed a total of 25 cells.

14.7.6. Executing OPT_DFF pass (perform DFF optimizations).

14.7.7. Executing OPT_CLEAN pass (remove unused cells and wires).
Finding unused cells or wires in module \mkPositCore..
Removed 0 unused cells and 647 unused wires.
<suppressed ~1 debug messages>

14.7.8. Executing OPT_EXPR pass (perform const folding).
Optimizing module mkPositCore.

14.7.9. Rerunning OPT passes. (Maybe there is more to do..)

14.7.10. Executing OPT_MUXTREE pass (detect dead branches in mux trees).
Running muxtree optimizer on module \mkPositCore..
  Creating internal representation of mux trees.
  Evaluating internal representation of mux trees.
  Analyzing evaluation results.
Removed 0 multiplexer ports.
<suppressed ~373 debug messages>

14.7.11. Executing OPT_REDUCE pass (consolidate $*mux and $reduce_* inputs).
  Optimizing cells in module \mkPositCore.
Performed a total of 0 changes.

14.7.12. Executing OPT_MERGE pass (detect identical cells).
Finding identical cells in module `\mkPositCore'.
Removed a total of 0 cells.

14.7.13. Executing OPT_DFF pass (perform DFF optimizations).

14.7.14. Executing OPT_CLEAN pass (remove unused cells and wires).
Finding unused cells or wires in module \mkPositCore..

14.7.15. Executing OPT_EXPR pass (perform const folding).
Optimizing module mkPositCore.

14.7.16. Finished OPT passes. (There is nothing left to do.)

14.8. Executing FSM pass (extract and optimize FSM).

14.8.1. Executing FSM_DETECT pass (finding FSMs in design).
Not marking mkPositCore.quire.zero_counter_rg_numZeroSegs as FSM state register:
    Users of register don't seem to benefit from recoding.

14.8.2. Executing FSM_EXTRACT pass (extracting FSM from design).

14.8.3. Executing FSM_OPT pass (simple optimizations of FSMs).

14.8.4. Executing OPT_CLEAN pass (remove unused cells and wires).
Finding unused cells or wires in module \mkPositCore..

14.8.5. Executing FSM_OPT pass (simple optimizations of FSMs).

14.8.6. Executing FSM_RECODE pass (re-assigning FSM state encoding).

14.8.7. Executing FSM_INFO pass (dumping all available information on FSM cells).

14.8.8. Executing FSM_MAP pass (mapping FSMs to basic logic).

14.9. Executing OPT pass (performing simple optimizations).

14.9.1. Executing OPT_EXPR pass (perform const folding).
Optimizing module mkPositCore.

14.9.2. Executing OPT_MERGE pass (detect identical cells).
Finding identical cells in module `\mkPositCore'.
Removed a total of 0 cells.

14.9.3. Executing OPT_MUXTREE pass (detect dead branches in mux trees).
Running muxtree optimizer on module \mkPositCore..
  Creating internal representation of mux trees.
  Evaluating internal representation of mux trees.
  Analyzing evaluation results.
Removed 0 multiplexer ports.
<suppressed ~373 debug messages>

14.9.4. Executing OPT_REDUCE pass (consolidate $*mux and $reduce_* inputs).
  Optimizing cells in module \mkPositCore.
Performed a total of 0 changes.

14.9.5. Executing OPT_MERGE pass (detect identical cells).
Finding identical cells in module `\mkPositCore'.
Removed a total of 0 cells.

14.9.6. Executing OPT_DFF pass (perform DFF optimizations).
Adding SRST signal on $procdff$2119 ($dff) from module mkPositCore (D = $procmux$1646_Y, Q = \rg_inflight, rval = 8'00000000).
Adding EN signal on $auto$ff.cc:266:slice$2338 ($sdff) from module mkPositCore (D = \rg_inflight$D_IN, Q = \rg_inflight).
Adding SRST signal on $flatten\quire.\seg_adder_vff_in_9.$procdff$2118 ($dff) from module mkPositCore (D = $flatten\quire.\seg_adder_vff_in_9.$procmux$1603_Y, Q = \quire.seg_adder_vff_in_9.hasodata, rval = 1'0).
Adding EN signal on $auto$ff.cc:266:slice$2340 ($sdff) from module mkPositCore (D = $flatten\quire.\seg_adder_vff_in_9.$procmux$1603_Y, Q = \quire.seg_adder_vff_in_9.hasodata).
Adding SRST signal on $flatten\quire.\seg_adder_vff_in_9.$procdff$2117 ($dff) from module mkPositCore (D = $flatten\quire.\seg_adder_vff_in_9.$procmux$1612_Y, Q = \quire.seg_adder_vff_in_9.tail, rval = 2'00).
Adding EN signal on $auto$ff.cc:266:slice$2344 ($sdff) from module mkPositCore (D = $flatten\quire.\seg_adder_vff_in_9.$procmux$1612_Y, Q = \quire.seg_adder_vff_in_9.tail).
Adding SRST signal on $flatten\quire.\seg_adder_vff_in_9.$procdff$2116 ($dff) from module mkPositCore (D = $flatten\quire.\seg_adder_vff_in_9.$procmux$1621_Y, Q = \quire.seg_adder_vff_in_9.head, rval = 2'00).
Adding EN signal on $auto$ff.cc:266:slice$2352 ($sdff) from module mkPositCore (D = \quire.seg_adder_vff_in_9.next_head, Q = \quire.seg_adder_vff_in_9.head).
Adding SRST signal on $flatten\quire.\seg_adder_vff_in_9.$procdff$2115 ($dff) from module mkPositCore (D = $flatten\quire.\seg_adder_vff_in_9.$procmux$1630_Y, Q = \quire.seg_adder_vff_in_9.ring_empty, rval = 1'1).
Adding EN signal on $auto$ff.cc:266:slice$2354 ($sdff) from module mkPositCore (D = $flatten\quire.\seg_adder_vff_in_9.$procmux$1630_Y, Q = \quire.seg_adder_vff_in_9.ring_empty).
Adding SRST signal on $flatten\quire.\seg_adder_vff_in_9.$procdff$2114 ($dff) from module mkPositCore (D = $flatten\quire.\seg_adder_vff_in_9.$procmux$1639_Y, Q = \quire.seg_adder_vff_in_9.not_ring_full, rval = 1'1).
Adding EN signal on $auto$ff.cc:266:slice$2362 ($sdff) from module mkPositCore (D = $flatten\quire.\seg_adder_vff_in_9.$procmux$1639_Y, Q = \quire.seg_adder_vff_in_9.not_ring_full).
Adding EN signal on $flatten\quire.\seg_adder_vff_in_9.$procdff$2113 ($dff) from module mkPositCore (D = $flatten\quire.\seg_adder_vff_in_9.$0\D_OUT[31:0], Q = \quire.seg_adder_vff_in_9.D_OUT).
Adding SRST signal on $flatten\quire.\seg_adder_vff_in_8.$procdff$2118 ($dff) from module mkPositCore (D = $flatten\quire.\seg_adder_vff_in_8.$procmux$1603_Y, Q = \quire.seg_adder_vff_in_8.hasodata, rval = 1'0).
Adding EN signal on $auto$ff.cc:266:slice$2369 ($sdff) from module mkPositCore (D = $flatten\quire.\seg_adder_vff_in_8.$procmux$1603_Y, Q = \quire.seg_adder_vff_in_8.hasodata).
Adding SRST signal on $flatten\quire.\seg_adder_vff_in_8.$procdff$2117 ($dff) from module mkPositCore (D = $flatten\quire.\seg_adder_vff_in_8.$procmux$1612_Y, Q = \quire.seg_adder_vff_in_8.tail, rval = 2'00).
Adding EN signal on $auto$ff.cc:266:slice$2373 ($sdff) from module mkPositCore (D = $flatten\quire.\seg_adder_vff_in_8.$procmux$1612_Y, Q = \quire.seg_adder_vff_in_8.tail).
Adding SRST signal on $flatten\quire.\seg_adder_vff_in_8.$procdff$2116 ($dff) from module mkPositCore (D = $flatten\quire.\seg_adder_vff_in_8.$procmux$1621_Y, Q = \quire.seg_adder_vff_in_8.head, rval = 2'00).
Adding EN signal on $auto$ff.cc:266:slice$2381 ($sdff) from module mkPositCore (D = \quire.seg_adder_vff_in_8.next_head, Q = \quire.seg_adder_vff_in_8.head).
Adding SRST signal on $flatten\quire.\seg_adder_vff_in_8.$procdff$2115 ($dff) from module mkPositCore (D = $flatten\quire.\seg_adder_vff_in_8.$procmux$1630_Y, Q = \quire.seg_adder_vff_in_8.ring_empty, rval = 1'1).
Adding EN signal on $auto$ff.cc:266:slice$2383 ($sdff) from module mkPositCore (D = $flatten\quire.\seg_adder_vff_in_8.$procmux$1630_Y, Q = \quire.seg_adder_vff_in_8.ring_empty).
Adding SRST signal on $flatten\quire.\seg_adder_vff_in_8.$procdff$2114 ($dff) from module mkPositCore (D = $flatten\quire.\seg_adder_vff_in_8.$procmux$1639_Y, Q = \quire.seg_adder_vff_in_8.not_ring_full, rval = 1'1).
Adding EN signal on $auto$ff.cc:266:slice$2391 ($sdff) from module mkPositCore (D = $flatten\quire.\seg_adder_vff_in_8.$procmux$1639_Y, Q = \quire.seg_adder_vff_in_8.not_ring_full).
Adding EN signal on $flatten\quire.\seg_adder_vff_in_8.$procdff$2113 ($dff) from module mkPositCore (D = $flatten\quire.\seg_adder_vff_in_8.$0\D_OUT[31:0], Q = \quire.seg_adder_vff_in_8.D_OUT).
Adding SRST signal on $flatten\quire.\seg_adder_vff_in_7.$procdff$2118 ($dff) from module mkPositCore (D = $flatten\quire.\seg_adder_vff_in_7.$procmux$1603_Y, Q = \quire.seg_adder_vff_in_7.hasodata, rval = 1'0).
Adding EN signal on $auto$ff.cc:266:slice$2398 ($sdff) from module mkPositCore (D = $flatten\quire.\seg_adder_vff_in_7.$procmux$1603_Y, Q = \quire.seg_adder_vff_in_7.hasodata).
Adding SRST signal on $flatten\quire.\seg_adder_vff_in_7.$procdff$2117 ($dff) from module mkPositCore (D = $flatten\quire.\seg_adder_vff_in_7.$procmux$1612_Y, Q = \quire.seg_adder_vff_in_7.tail, rval = 2'00).
Adding EN signal on $auto$ff.cc:266:slice$2402 ($sdff) from module mkPositCore (D = $flatten\quire.\seg_adder_vff_in_7.$procmux$1612_Y, Q = \quire.seg_adder_vff_in_7.tail).
Adding SRST signal on $flatten\quire.\seg_adder_vff_in_7.$procdff$2116 ($dff) from module mkPositCore (D = $flatten\quire.\seg_adder_vff_in_7.$procmux$1621_Y, Q = \quire.seg_adder_vff_in_7.head, rval = 2'00).
Adding EN signal on $auto$ff.cc:266:slice$2410 ($sdff) from module mkPositCore (D = \quire.seg_adder_vff_in_7.next_head, Q = \quire.seg_adder_vff_in_7.head).
Adding SRST signal on $flatten\quire.\seg_adder_vff_in_7.$procdff$2115 ($dff) from module mkPositCore (D = $flatten\quire.\seg_adder_vff_in_7.$procmux$1630_Y, Q = \quire.seg_adder_vff_in_7.ring_empty, rval = 1'1).
Adding EN signal on $auto$ff.cc:266:slice$2412 ($sdff) from module mkPositCore (D = $flatten\quire.\seg_adder_vff_in_7.$procmux$1630_Y, Q = \quire.seg_adder_vff_in_7.ring_empty).
Adding SRST signal on $flatten\quire.\seg_adder_vff_in_7.$procdff$2114 ($dff) from module mkPositCore (D = $flatten\quire.\seg_adder_vff_in_7.$procmux$1639_Y, Q = \quire.seg_adder_vff_in_7.not_ring_full, rval = 1'1).
Adding EN signal on $auto$ff.cc:266:slice$2420 ($sdff) from module mkPositCore (D = $flatten\quire.\seg_adder_vff_in_7.$procmux$1639_Y, Q = \quire.seg_adder_vff_in_7.not_ring_full).
Adding EN signal on $flatten\quire.\seg_adder_vff_in_7.$procdff$2113 ($dff) from module mkPositCore (D = $flatten\quire.\seg_adder_vff_in_7.$0\D_OUT[31:0], Q = \quire.seg_adder_vff_in_7.D_OUT).
Adding SRST signal on $flatten\quire.\seg_adder_vff_in_6.$procdff$2118 ($dff) from module mkPositCore (D = $flatten\quire.\seg_adder_vff_in_6.$procmux$1603_Y, Q = \quire.seg_adder_vff_in_6.hasodata, rval = 1'0).
Adding EN signal on $auto$ff.cc:266:slice$2427 ($sdff) from module mkPositCore (D = $flatten\quire.\seg_adder_vff_in_6.$procmux$1603_Y, Q = \quire.seg_adder_vff_in_6.hasodata).
Adding SRST signal on $flatten\quire.\seg_adder_vff_in_6.$procdff$2117 ($dff) from module mkPositCore (D = $flatten\quire.\seg_adder_vff_in_6.$procmux$1612_Y, Q = \quire.seg_adder_vff_in_6.tail, rval = 2'00).
Adding EN signal on $auto$ff.cc:266:slice$2431 ($sdff) from module mkPositCore (D = $flatten\quire.\seg_adder_vff_in_6.$procmux$1612_Y, Q = \quire.seg_adder_vff_in_6.tail).
Adding SRST signal on $flatten\quire.\seg_adder_vff_in_6.$procdff$2116 ($dff) from module mkPositCore (D = $flatten\quire.\seg_adder_vff_in_6.$procmux$1621_Y, Q = \quire.seg_adder_vff_in_6.head, rval = 2'00).
Adding EN signal on $auto$ff.cc:266:slice$2439 ($sdff) from module mkPositCore (D = \quire.seg_adder_vff_in_6.next_head, Q = \quire.seg_adder_vff_in_6.head).
Adding SRST signal on $flatten\quire.\seg_adder_vff_in_6.$procdff$2115 ($dff) from module mkPositCore (D = $flatten\quire.\seg_adder_vff_in_6.$procmux$1630_Y, Q = \quire.seg_adder_vff_in_6.ring_empty, rval = 1'1).
Adding EN signal on $auto$ff.cc:266:slice$2441 ($sdff) from module mkPositCore (D = $flatten\quire.\seg_adder_vff_in_6.$procmux$1630_Y, Q = \quire.seg_adder_vff_in_6.ring_empty).
Adding SRST signal on $flatten\quire.\seg_adder_vff_in_6.$procdff$2114 ($dff) from module mkPositCore (D = $flatten\quire.\seg_adder_vff_in_6.$procmux$1639_Y, Q = \quire.seg_adder_vff_in_6.not_ring_full, rval = 1'1).
Adding EN signal on $auto$ff.cc:266:slice$2449 ($sdff) from module mkPositCore (D = $flatten\quire.\seg_adder_vff_in_6.$procmux$1639_Y, Q = \quire.seg_adder_vff_in_6.not_ring_full).
Adding EN signal on $flatten\quire.\seg_adder_vff_in_6.$procdff$2113 ($dff) from module mkPositCore (D = $flatten\quire.\seg_adder_vff_in_6.$0\D_OUT[31:0], Q = \quire.seg_adder_vff_in_6.D_OUT).
Adding SRST signal on $flatten\quire.\seg_adder_vff_in_5.$procdff$2118 ($dff) from module mkPositCore (D = $flatten\quire.\seg_adder_vff_in_5.$procmux$1603_Y, Q = \quire.seg_adder_vff_in_5.hasodata, rval = 1'0).
Adding EN signal on $auto$ff.cc:266:slice$2456 ($sdff) from module mkPositCore (D = $flatten\quire.\seg_adder_vff_in_5.$procmux$1603_Y, Q = \quire.seg_adder_vff_in_5.hasodata).
Adding SRST signal on $flatten\quire.\seg_adder_vff_in_5.$procdff$2117 ($dff) from module mkPositCore (D = $flatten\quire.\seg_adder_vff_in_5.$procmux$1612_Y, Q = \quire.seg_adder_vff_in_5.tail, rval = 2'00).
Adding EN signal on $auto$ff.cc:266:slice$2460 ($sdff) from module mkPositCore (D = $flatten\quire.\seg_adder_vff_in_5.$procmux$1612_Y, Q = \quire.seg_adder_vff_in_5.tail).
Adding SRST signal on $flatten\quire.\seg_adder_vff_in_5.$procdff$2116 ($dff) from module mkPositCore (D = $flatten\quire.\seg_adder_vff_in_5.$procmux$1621_Y, Q = \quire.seg_adder_vff_in_5.head, rval = 2'00).
Adding EN signal on $auto$ff.cc:266:slice$2468 ($sdff) from module mkPositCore (D = \quire.seg_adder_vff_in_5.next_head, Q = \quire.seg_adder_vff_in_5.head).
Adding SRST signal on $flatten\quire.\seg_adder_vff_in_5.$procdff$2115 ($dff) from module mkPositCore (D = $flatten\quire.\seg_adder_vff_in_5.$procmux$1630_Y, Q = \quire.seg_adder_vff_in_5.ring_empty, rval = 1'1).
Adding EN signal on $auto$ff.cc:266:slice$2470 ($sdff) from module mkPositCore (D = $flatten\quire.\seg_adder_vff_in_5.$procmux$1630_Y, Q = \quire.seg_adder_vff_in_5.ring_empty).
Adding SRST signal on $flatten\quire.\seg_adder_vff_in_5.$procdff$2114 ($dff) from module mkPositCore (D = $flatten\quire.\seg_adder_vff_in_5.$procmux$1639_Y, Q = \quire.seg_adder_vff_in_5.not_ring_full, rval = 1'1).
Adding EN signal on $auto$ff.cc:266:slice$2478 ($sdff) from module mkPositCore (D = $flatten\quire.\seg_adder_vff_in_5.$procmux$1639_Y, Q = \quire.seg_adder_vff_in_5.not_ring_full).
Adding EN signal on $flatten\quire.\seg_adder_vff_in_5.$procdff$2113 ($dff) from module mkPositCore (D = $flatten\quire.\seg_adder_vff_in_5.$0\D_OUT[31:0], Q = \quire.seg_adder_vff_in_5.D_OUT).
Adding SRST signal on $flatten\quire.\seg_adder_vff_in_4.$procdff$2118 ($dff) from module mkPositCore (D = $flatten\quire.\seg_adder_vff_in_4.$procmux$1603_Y, Q = \quire.seg_adder_vff_in_4.hasodata, rval = 1'0).
Adding EN signal on $auto$ff.cc:266:slice$2485 ($sdff) from module mkPositCore (D = $flatten\quire.\seg_adder_vff_in_4.$procmux$1603_Y, Q = \quire.seg_adder_vff_in_4.hasodata).
Adding SRST signal on $flatten\quire.\seg_adder_vff_in_4.$procdff$2117 ($dff) from module mkPositCore (D = $flatten\quire.\seg_adder_vff_in_4.$procmux$1612_Y, Q = \quire.seg_adder_vff_in_4.tail, rval = 2'00).
Adding EN signal on $auto$ff.cc:266:slice$2489 ($sdff) from module mkPositCore (D = $flatten\quire.\seg_adder_vff_in_4.$procmux$1612_Y, Q = \quire.seg_adder_vff_in_4.tail).
Adding SRST signal on $flatten\quire.\seg_adder_vff_in_4.$procdff$2116 ($dff) from module mkPositCore (D = $flatten\quire.\seg_adder_vff_in_4.$procmux$1621_Y, Q = \quire.seg_adder_vff_in_4.head, rval = 2'00).
Adding EN signal on $auto$ff.cc:266:slice$2497 ($sdff) from module mkPositCore (D = \quire.seg_adder_vff_in_4.next_head, Q = \quire.seg_adder_vff_in_4.head).
Adding SRST signal on $flatten\quire.\seg_adder_vff_in_4.$procdff$2115 ($dff) from module mkPositCore (D = $flatten\quire.\seg_adder_vff_in_4.$procmux$1630_Y, Q = \quire.seg_adder_vff_in_4.ring_empty, rval = 1'1).
Adding EN signal on $auto$ff.cc:266:slice$2499 ($sdff) from module mkPositCore (D = $flatten\quire.\seg_adder_vff_in_4.$procmux$1630_Y, Q = \quire.seg_adder_vff_in_4.ring_empty).
Adding SRST signal on $flatten\quire.\seg_adder_vff_in_4.$procdff$2114 ($dff) from module mkPositCore (D = $flatten\quire.\seg_adder_vff_in_4.$procmux$1639_Y, Q = \quire.seg_adder_vff_in_4.not_ring_full, rval = 1'1).
Adding EN signal on $auto$ff.cc:266:slice$2507 ($sdff) from module mkPositCore (D = $flatten\quire.\seg_adder_vff_in_4.$procmux$1639_Y, Q = \quire.seg_adder_vff_in_4.not_ring_full).
Adding EN signal on $flatten\quire.\seg_adder_vff_in_4.$procdff$2113 ($dff) from module mkPositCore (D = $flatten\quire.\seg_adder_vff_in_4.$0\D_OUT[31:0], Q = \quire.seg_adder_vff_in_4.D_OUT).
Adding SRST signal on $flatten\quire.\seg_adder_vff_in_3.$procdff$2118 ($dff) from module mkPositCore (D = $flatten\quire.\seg_adder_vff_in_3.$procmux$1603_Y, Q = \quire.seg_adder_vff_in_3.hasodata, rval = 1'0).
Adding EN signal on $auto$ff.cc:266:slice$2514 ($sdff) from module mkPositCore (D = $flatten\quire.\seg_adder_vff_in_3.$procmux$1603_Y, Q = \quire.seg_adder_vff_in_3.hasodata).
Adding SRST signal on $flatten\quire.\seg_adder_vff_in_3.$procdff$2117 ($dff) from module mkPositCore (D = $flatten\quire.\seg_adder_vff_in_3.$procmux$1612_Y, Q = \quire.seg_adder_vff_in_3.tail, rval = 2'00).
Adding EN signal on $auto$ff.cc:266:slice$2518 ($sdff) from module mkPositCore (D = $flatten\quire.\seg_adder_vff_in_3.$procmux$1612_Y, Q = \quire.seg_adder_vff_in_3.tail).
Adding SRST signal on $flatten\quire.\seg_adder_vff_in_3.$procdff$2116 ($dff) from module mkPositCore (D = $flatten\quire.\seg_adder_vff_in_3.$procmux$1621_Y, Q = \quire.seg_adder_vff_in_3.head, rval = 2'00).
Adding EN signal on $auto$ff.cc:266:slice$2526 ($sdff) from module mkPositCore (D = \quire.seg_adder_vff_in_3.next_head, Q = \quire.seg_adder_vff_in_3.head).
Adding SRST signal on $flatten\quire.\seg_adder_vff_in_3.$procdff$2115 ($dff) from module mkPositCore (D = $flatten\quire.\seg_adder_vff_in_3.$procmux$1630_Y, Q = \quire.seg_adder_vff_in_3.ring_empty, rval = 1'1).
Adding EN signal on $auto$ff.cc:266:slice$2528 ($sdff) from module mkPositCore (D = $flatten\quire.\seg_adder_vff_in_3.$procmux$1630_Y, Q = \quire.seg_adder_vff_in_3.ring_empty).
Adding SRST signal on $flatten\quire.\seg_adder_vff_in_3.$procdff$2114 ($dff) from module mkPositCore (D = $flatten\quire.\seg_adder_vff_in_3.$procmux$1639_Y, Q = \quire.seg_adder_vff_in_3.not_ring_full, rval = 1'1).
Adding EN signal on $auto$ff.cc:266:slice$2536 ($sdff) from module mkPositCore (D = $flatten\quire.\seg_adder_vff_in_3.$procmux$1639_Y, Q = \quire.seg_adder_vff_in_3.not_ring_full).
Adding EN signal on $flatten\quire.\seg_adder_vff_in_3.$procdff$2113 ($dff) from module mkPositCore (D = $flatten\quire.\seg_adder_vff_in_3.$0\D_OUT[31:0], Q = \quire.seg_adder_vff_in_3.D_OUT).
Adding SRST signal on $flatten\quire.\seg_adder_vff_in_2.$procdff$2118 ($dff) from module mkPositCore (D = $flatten\quire.\seg_adder_vff_in_2.$procmux$1603_Y, Q = \quire.seg_adder_vff_in_2.hasodata, rval = 1'0).
Adding EN signal on $auto$ff.cc:266:slice$2543 ($sdff) from module mkPositCore (D = $flatten\quire.\seg_adder_vff_in_2.$procmux$1603_Y, Q = \quire.seg_adder_vff_in_2.hasodata).
Adding SRST signal on $flatten\quire.\seg_adder_vff_in_2.$procdff$2117 ($dff) from module mkPositCore (D = $flatten\quire.\seg_adder_vff_in_2.$procmux$1612_Y, Q = \quire.seg_adder_vff_in_2.tail, rval = 2'00).
Adding EN signal on $auto$ff.cc:266:slice$2547 ($sdff) from module mkPositCore (D = $flatten\quire.\seg_adder_vff_in_2.$procmux$1612_Y, Q = \quire.seg_adder_vff_in_2.tail).
Adding SRST signal on $flatten\quire.\seg_adder_vff_in_2.$procdff$2116 ($dff) from module mkPositCore (D = $flatten\quire.\seg_adder_vff_in_2.$procmux$1621_Y, Q = \quire.seg_adder_vff_in_2.head, rval = 2'00).
Adding EN signal on $auto$ff.cc:266:slice$2555 ($sdff) from module mkPositCore (D = \quire.seg_adder_vff_in_2.next_head, Q = \quire.seg_adder_vff_in_2.head).
Adding SRST signal on $flatten\quire.\seg_adder_vff_in_2.$procdff$2115 ($dff) from module mkPositCore (D = $flatten\quire.\seg_adder_vff_in_2.$procmux$1630_Y, Q = \quire.seg_adder_vff_in_2.ring_empty, rval = 1'1).
Adding EN signal on $auto$ff.cc:266:slice$2557 ($sdff) from module mkPositCore (D = $flatten\quire.\seg_adder_vff_in_2.$procmux$1630_Y, Q = \quire.seg_adder_vff_in_2.ring_empty).
Adding SRST signal on $flatten\quire.\seg_adder_vff_in_2.$procdff$2114 ($dff) from module mkPositCore (D = $flatten\quire.\seg_adder_vff_in_2.$procmux$1639_Y, Q = \quire.seg_adder_vff_in_2.not_ring_full, rval = 1'1).
Adding EN signal on $auto$ff.cc:266:slice$2565 ($sdff) from module mkPositCore (D = $flatten\quire.\seg_adder_vff_in_2.$procmux$1639_Y, Q = \quire.seg_adder_vff_in_2.not_ring_full).
Adding EN signal on $flatten\quire.\seg_adder_vff_in_2.$procdff$2113 ($dff) from module mkPositCore (D = $flatten\quire.\seg_adder_vff_in_2.$0\D_OUT[31:0], Q = \quire.seg_adder_vff_in_2.D_OUT).
Adding SRST signal on $flatten\quire.\seg_adder_vff_in_12.$procdff$2118 ($dff) from module mkPositCore (D = $flatten\quire.\seg_adder_vff_in_12.$procmux$1603_Y, Q = \quire.seg_adder_vff_in_12.hasodata, rval = 1'0).
Adding EN signal on $auto$ff.cc:266:slice$2572 ($sdff) from module mkPositCore (D = $flatten\quire.\seg_adder_vff_in_12.$procmux$1603_Y, Q = \quire.seg_adder_vff_in_12.hasodata).
Adding SRST signal on $flatten\quire.\seg_adder_vff_in_12.$procdff$2117 ($dff) from module mkPositCore (D = $flatten\quire.\seg_adder_vff_in_12.$procmux$1612_Y, Q = \quire.seg_adder_vff_in_12.tail, rval = 2'00).
Adding EN signal on $auto$ff.cc:266:slice$2576 ($sdff) from module mkPositCore (D = $flatten\quire.\seg_adder_vff_in_12.$procmux$1612_Y, Q = \quire.seg_adder_vff_in_12.tail).
Adding SRST signal on $flatten\quire.\seg_adder_vff_in_12.$procdff$2116 ($dff) from module mkPositCore (D = $flatten\quire.\seg_adder_vff_in_12.$procmux$1621_Y, Q = \quire.seg_adder_vff_in_12.head, rval = 2'00).
Adding EN signal on $auto$ff.cc:266:slice$2584 ($sdff) from module mkPositCore (D = \quire.seg_adder_vff_in_12.next_head, Q = \quire.seg_adder_vff_in_12.head).
Adding SRST signal on $flatten\quire.\seg_adder_vff_in_12.$procdff$2115 ($dff) from module mkPositCore (D = $flatten\quire.\seg_adder_vff_in_12.$procmux$1630_Y, Q = \quire.seg_adder_vff_in_12.ring_empty, rval = 1'1).
Adding EN signal on $auto$ff.cc:266:slice$2586 ($sdff) from module mkPositCore (D = $flatten\quire.\seg_adder_vff_in_12.$procmux$1630_Y, Q = \quire.seg_adder_vff_in_12.ring_empty).
Adding SRST signal on $flatten\quire.\seg_adder_vff_in_12.$procdff$2114 ($dff) from module mkPositCore (D = $flatten\quire.\seg_adder_vff_in_12.$procmux$1639_Y, Q = \quire.seg_adder_vff_in_12.not_ring_full, rval = 1'1).
Adding EN signal on $auto$ff.cc:266:slice$2594 ($sdff) from module mkPositCore (D = $flatten\quire.\seg_adder_vff_in_12.$procmux$1639_Y, Q = \quire.seg_adder_vff_in_12.not_ring_full).
Adding EN signal on $flatten\quire.\seg_adder_vff_in_12.$procdff$2113 ($dff) from module mkPositCore (D = $flatten\quire.\seg_adder_vff_in_12.$0\D_OUT[31:0], Q = \quire.seg_adder_vff_in_12.D_OUT).
Adding SRST signal on $flatten\quire.\seg_adder_vff_in_11.$procdff$2118 ($dff) from module mkPositCore (D = $flatten\quire.\seg_adder_vff_in_11.$procmux$1603_Y, Q = \quire.seg_adder_vff_in_11.hasodata, rval = 1'0).
Adding EN signal on $auto$ff.cc:266:slice$2601 ($sdff) from module mkPositCore (D = $flatten\quire.\seg_adder_vff_in_11.$procmux$1603_Y, Q = \quire.seg_adder_vff_in_11.hasodata).
Adding SRST signal on $flatten\quire.\seg_adder_vff_in_11.$procdff$2117 ($dff) from module mkPositCore (D = $flatten\quire.\seg_adder_vff_in_11.$procmux$1612_Y, Q = \quire.seg_adder_vff_in_11.tail, rval = 2'00).
Adding EN signal on $auto$ff.cc:266:slice$2605 ($sdff) from module mkPositCore (D = $flatten\quire.\seg_adder_vff_in_11.$procmux$1612_Y, Q = \quire.seg_adder_vff_in_11.tail).
Adding SRST signal on $flatten\quire.\seg_adder_vff_in_11.$procdff$2116 ($dff) from module mkPositCore (D = $flatten\quire.\seg_adder_vff_in_11.$procmux$1621_Y, Q = \quire.seg_adder_vff_in_11.head, rval = 2'00).
Adding EN signal on $auto$ff.cc:266:slice$2613 ($sdff) from module mkPositCore (D = \quire.seg_adder_vff_in_11.next_head, Q = \quire.seg_adder_vff_in_11.head).
Adding SRST signal on $flatten\quire.\seg_adder_vff_in_11.$procdff$2115 ($dff) from module mkPositCore (D = $flatten\quire.\seg_adder_vff_in_11.$procmux$1630_Y, Q = \quire.seg_adder_vff_in_11.ring_empty, rval = 1'1).
Adding EN signal on $auto$ff.cc:266:slice$2615 ($sdff) from module mkPositCore (D = $flatten\quire.\seg_adder_vff_in_11.$procmux$1630_Y, Q = \quire.seg_adder_vff_in_11.ring_empty).
Adding SRST signal on $flatten\quire.\seg_adder_vff_in_11.$procdff$2114 ($dff) from module mkPositCore (D = $flatten\quire.\seg_adder_vff_in_11.$procmux$1639_Y, Q = \quire.seg_adder_vff_in_11.not_ring_full, rval = 1'1).
Adding EN signal on $auto$ff.cc:266:slice$2623 ($sdff) from module mkPositCore (D = $flatten\quire.\seg_adder_vff_in_11.$procmux$1639_Y, Q = \quire.seg_adder_vff_in_11.not_ring_full).
Adding EN signal on $flatten\quire.\seg_adder_vff_in_11.$procdff$2113 ($dff) from module mkPositCore (D = $flatten\quire.\seg_adder_vff_in_11.$0\D_OUT[31:0], Q = \quire.seg_adder_vff_in_11.D_OUT).
Adding SRST signal on $flatten\quire.\seg_adder_vff_in_10.$procdff$2118 ($dff) from module mkPositCore (D = $flatten\quire.\seg_adder_vff_in_10.$procmux$1603_Y, Q = \quire.seg_adder_vff_in_10.hasodata, rval = 1'0).
Adding EN signal on $auto$ff.cc:266:slice$2630 ($sdff) from module mkPositCore (D = $flatten\quire.\seg_adder_vff_in_10.$procmux$1603_Y, Q = \quire.seg_adder_vff_in_10.hasodata).
Adding SRST signal on $flatten\quire.\seg_adder_vff_in_10.$procdff$2117 ($dff) from module mkPositCore (D = $flatten\quire.\seg_adder_vff_in_10.$procmux$1612_Y, Q = \quire.seg_adder_vff_in_10.tail, rval = 2'00).
Adding EN signal on $auto$ff.cc:266:slice$2634 ($sdff) from module mkPositCore (D = $flatten\quire.\seg_adder_vff_in_10.$procmux$1612_Y, Q = \quire.seg_adder_vff_in_10.tail).
Adding SRST signal on $flatten\quire.\seg_adder_vff_in_10.$procdff$2116 ($dff) from module mkPositCore (D = $flatten\quire.\seg_adder_vff_in_10.$procmux$1621_Y, Q = \quire.seg_adder_vff_in_10.head, rval = 2'00).
Adding EN signal on $auto$ff.cc:266:slice$2642 ($sdff) from module mkPositCore (D = \quire.seg_adder_vff_in_10.next_head, Q = \quire.seg_adder_vff_in_10.head).
Adding SRST signal on $flatten\quire.\seg_adder_vff_in_10.$procdff$2115 ($dff) from module mkPositCore (D = $flatten\quire.\seg_adder_vff_in_10.$procmux$1630_Y, Q = \quire.seg_adder_vff_in_10.ring_empty, rval = 1'1).
Adding EN signal on $auto$ff.cc:266:slice$2644 ($sdff) from module mkPositCore (D = $flatten\quire.\seg_adder_vff_in_10.$procmux$1630_Y, Q = \quire.seg_adder_vff_in_10.ring_empty).
Adding SRST signal on $flatten\quire.\seg_adder_vff_in_10.$procdff$2114 ($dff) from module mkPositCore (D = $flatten\quire.\seg_adder_vff_in_10.$procmux$1639_Y, Q = \quire.seg_adder_vff_in_10.not_ring_full, rval = 1'1).
Adding EN signal on $auto$ff.cc:266:slice$2652 ($sdff) from module mkPositCore (D = $flatten\quire.\seg_adder_vff_in_10.$procmux$1639_Y, Q = \quire.seg_adder_vff_in_10.not_ring_full).
Adding EN signal on $flatten\quire.\seg_adder_vff_in_10.$procdff$2113 ($dff) from module mkPositCore (D = $flatten\quire.\seg_adder_vff_in_10.$0\D_OUT[31:0], Q = \quire.seg_adder_vff_in_10.D_OUT).
Adding SRST signal on $flatten\quire.\seg_adder_vff_in_1.$procdff$2118 ($dff) from module mkPositCore (D = $flatten\quire.\seg_adder_vff_in_1.$procmux$1603_Y, Q = \quire.seg_adder_vff_in_1.hasodata, rval = 1'0).
Adding EN signal on $auto$ff.cc:266:slice$2659 ($sdff) from module mkPositCore (D = $flatten\quire.\seg_adder_vff_in_1.$procmux$1603_Y, Q = \quire.seg_adder_vff_in_1.hasodata).
Adding SRST signal on $flatten\quire.\seg_adder_vff_in_1.$procdff$2117 ($dff) from module mkPositCore (D = $flatten\quire.\seg_adder_vff_in_1.$procmux$1612_Y, Q = \quire.seg_adder_vff_in_1.tail, rval = 2'00).
Adding EN signal on $auto$ff.cc:266:slice$2663 ($sdff) from module mkPositCore (D = $flatten\quire.\seg_adder_vff_in_1.$procmux$1612_Y, Q = \quire.seg_adder_vff_in_1.tail).
Adding SRST signal on $flatten\quire.\seg_adder_vff_in_1.$procdff$2116 ($dff) from module mkPositCore (D = $flatten\quire.\seg_adder_vff_in_1.$procmux$1621_Y, Q = \quire.seg_adder_vff_in_1.head, rval = 2'00).
Adding EN signal on $auto$ff.cc:266:slice$2671 ($sdff) from module mkPositCore (D = \quire.seg_adder_vff_in_1.next_head, Q = \quire.seg_adder_vff_in_1.head).
Adding SRST signal on $flatten\quire.\seg_adder_vff_in_1.$procdff$2115 ($dff) from module mkPositCore (D = $flatten\quire.\seg_adder_vff_in_1.$procmux$1630_Y, Q = \quire.seg_adder_vff_in_1.ring_empty, rval = 1'1).
Adding EN signal on $auto$ff.cc:266:slice$2673 ($sdff) from module mkPositCore (D = $flatten\quire.\seg_adder_vff_in_1.$procmux$1630_Y, Q = \quire.seg_adder_vff_in_1.ring_empty).
Adding SRST signal on $flatten\quire.\seg_adder_vff_in_1.$procdff$2114 ($dff) from module mkPositCore (D = $flatten\quire.\seg_adder_vff_in_1.$procmux$1639_Y, Q = \quire.seg_adder_vff_in_1.not_ring_full, rval = 1'1).
Adding EN signal on $auto$ff.cc:266:slice$2681 ($sdff) from module mkPositCore (D = $flatten\quire.\seg_adder_vff_in_1.$procmux$1639_Y, Q = \quire.seg_adder_vff_in_1.not_ring_full).
Adding EN signal on $flatten\quire.\seg_adder_vff_in_1.$procdff$2113 ($dff) from module mkPositCore (D = $flatten\quire.\seg_adder_vff_in_1.$0\D_OUT[31:0], Q = \quire.seg_adder_vff_in_1.D_OUT).
Adding SRST signal on $flatten\quire.\seg_adder_vff_in_0.$procdff$2118 ($dff) from module mkPositCore (D = $flatten\quire.\seg_adder_vff_in_0.$procmux$1603_Y, Q = \quire.seg_adder_vff_in_0.hasodata, rval = 1'0).
Adding EN signal on $auto$ff.cc:266:slice$2688 ($sdff) from module mkPositCore (D = $flatten\quire.\seg_adder_vff_in_0.$procmux$1603_Y, Q = \quire.seg_adder_vff_in_0.hasodata).
Adding SRST signal on $flatten\quire.\seg_adder_vff_in_0.$procdff$2117 ($dff) from module mkPositCore (D = $flatten\quire.\seg_adder_vff_in_0.$procmux$1612_Y, Q = \quire.seg_adder_vff_in_0.tail, rval = 2'00).
Adding EN signal on $auto$ff.cc:266:slice$2692 ($sdff) from module mkPositCore (D = $flatten\quire.\seg_adder_vff_in_0.$procmux$1612_Y, Q = \quire.seg_adder_vff_in_0.tail).
Adding SRST signal on $flatten\quire.\seg_adder_vff_in_0.$procdff$2116 ($dff) from module mkPositCore (D = $flatten\quire.\seg_adder_vff_in_0.$procmux$1621_Y, Q = \quire.seg_adder_vff_in_0.head, rval = 2'00).
Adding EN signal on $auto$ff.cc:266:slice$2700 ($sdff) from module mkPositCore (D = \quire.seg_adder_vff_in_0.next_head, Q = \quire.seg_adder_vff_in_0.head).
Adding SRST signal on $flatten\quire.\seg_adder_vff_in_0.$procdff$2115 ($dff) from module mkPositCore (D = $flatten\quire.\seg_adder_vff_in_0.$procmux$1630_Y, Q = \quire.seg_adder_vff_in_0.ring_empty, rval = 1'1).
Adding EN signal on $auto$ff.cc:266:slice$2702 ($sdff) from module mkPositCore (D = $flatten\quire.\seg_adder_vff_in_0.$procmux$1630_Y, Q = \quire.seg_adder_vff_in_0.ring_empty).
Adding SRST signal on $flatten\quire.\seg_adder_vff_in_0.$procdff$2114 ($dff) from module mkPositCore (D = $flatten\quire.\seg_adder_vff_in_0.$procmux$1639_Y, Q = \quire.seg_adder_vff_in_0.not_ring_full, rval = 1'1).
Adding EN signal on $auto$ff.cc:266:slice$2710 ($sdff) from module mkPositCore (D = $flatten\quire.\seg_adder_vff_in_0.$procmux$1639_Y, Q = \quire.seg_adder_vff_in_0.not_ring_full).
Adding EN signal on $flatten\quire.\seg_adder_vff_in_0.$procdff$2113 ($dff) from module mkPositCore (D = $flatten\quire.\seg_adder_vff_in_0.$0\D_OUT[31:0], Q = \quire.seg_adder_vff_in_0.D_OUT).
Adding SRST signal on $flatten\quire.\seg_adder_vff_carry_9.$procdff$2109 ($dff) from module mkPositCore (D = $flatten\quire.\seg_adder_vff_carry_9.$procmux$1545_Y, Q = \quire.seg_adder_vff_carry_9.hasodata, rval = 1'0).
Adding EN signal on $auto$ff.cc:266:slice$2717 ($sdff) from module mkPositCore (D = $flatten\quire.\seg_adder_vff_carry_9.$procmux$1545_Y, Q = \quire.seg_adder_vff_carry_9.hasodata).
Adding SRST signal on $flatten\quire.\seg_adder_vff_carry_9.$procdff$2108 ($dff) from module mkPositCore (D = $flatten\quire.\seg_adder_vff_carry_9.$procmux$1554_Y, Q = \quire.seg_adder_vff_carry_9.tail, rval = 2'00).
Adding EN signal on $auto$ff.cc:266:slice$2721 ($sdff) from module mkPositCore (D = $flatten\quire.\seg_adder_vff_carry_9.$procmux$1554_Y, Q = \quire.seg_adder_vff_carry_9.tail).
Adding SRST signal on $flatten\quire.\seg_adder_vff_carry_9.$procdff$2107 ($dff) from module mkPositCore (D = $flatten\quire.\seg_adder_vff_carry_9.$procmux$1563_Y, Q = \quire.seg_adder_vff_carry_9.head, rval = 2'00).
Adding EN signal on $auto$ff.cc:266:slice$2729 ($sdff) from module mkPositCore (D = \quire.seg_adder_vff_carry_9.next_head, Q = \quire.seg_adder_vff_carry_9.head).
Adding SRST signal on $flatten\quire.\seg_adder_vff_carry_9.$procdff$2106 ($dff) from module mkPositCore (D = $flatten\quire.\seg_adder_vff_carry_9.$procmux$1572_Y, Q = \quire.seg_adder_vff_carry_9.ring_empty, rval = 1'1).
Adding EN signal on $auto$ff.cc:266:slice$2731 ($sdff) from module mkPositCore (D = $flatten\quire.\seg_adder_vff_carry_9.$procmux$1572_Y, Q = \quire.seg_adder_vff_carry_9.ring_empty).
Adding SRST signal on $flatten\quire.\seg_adder_vff_carry_9.$procdff$2105 ($dff) from module mkPositCore (D = $flatten\quire.\seg_adder_vff_carry_9.$procmux$1581_Y, Q = \quire.seg_adder_vff_carry_9.not_ring_full, rval = 1'1).
Adding EN signal on $auto$ff.cc:266:slice$2739 ($sdff) from module mkPositCore (D = $flatten\quire.\seg_adder_vff_carry_9.$procmux$1581_Y, Q = \quire.seg_adder_vff_carry_9.not_ring_full).
Adding EN signal on $flatten\quire.\seg_adder_vff_carry_9.$procdff$2104 ($dff) from module mkPositCore (D = $flatten\quire.\seg_adder_vff_carry_9.$0\D_OUT[0:0], Q = \quire.seg_adder_vff_carry_9.D_OUT).
Adding SRST signal on $flatten\quire.\seg_adder_vff_carry_8.$procdff$2109 ($dff) from module mkPositCore (D = $flatten\quire.\seg_adder_vff_carry_8.$procmux$1545_Y, Q = \quire.seg_adder_vff_carry_8.hasodata, rval = 1'0).
Adding EN signal on $auto$ff.cc:266:slice$2746 ($sdff) from module mkPositCore (D = $flatten\quire.\seg_adder_vff_carry_8.$procmux$1545_Y, Q = \quire.seg_adder_vff_carry_8.hasodata).
Adding SRST signal on $flatten\quire.\seg_adder_vff_carry_8.$procdff$2108 ($dff) from module mkPositCore (D = $flatten\quire.\seg_adder_vff_carry_8.$procmux$1554_Y, Q = \quire.seg_adder_vff_carry_8.tail, rval = 2'00).
Adding EN signal on $auto$ff.cc:266:slice$2750 ($sdff) from module mkPositCore (D = $flatten\quire.\seg_adder_vff_carry_8.$procmux$1554_Y, Q = \quire.seg_adder_vff_carry_8.tail).
Adding SRST signal on $flatten\quire.\seg_adder_vff_carry_8.$procdff$2107 ($dff) from module mkPositCore (D = $flatten\quire.\seg_adder_vff_carry_8.$procmux$1563_Y, Q = \quire.seg_adder_vff_carry_8.head, rval = 2'00).
Adding EN signal on $auto$ff.cc:266:slice$2758 ($sdff) from module mkPositCore (D = \quire.seg_adder_vff_carry_8.next_head, Q = \quire.seg_adder_vff_carry_8.head).
Adding SRST signal on $flatten\quire.\seg_adder_vff_carry_8.$procdff$2106 ($dff) from module mkPositCore (D = $flatten\quire.\seg_adder_vff_carry_8.$procmux$1572_Y, Q = \quire.seg_adder_vff_carry_8.ring_empty, rval = 1'1).
Adding EN signal on $auto$ff.cc:266:slice$2760 ($sdff) from module mkPositCore (D = $flatten\quire.\seg_adder_vff_carry_8.$procmux$1572_Y, Q = \quire.seg_adder_vff_carry_8.ring_empty).
Adding SRST signal on $flatten\quire.\seg_adder_vff_carry_8.$procdff$2105 ($dff) from module mkPositCore (D = $flatten\quire.\seg_adder_vff_carry_8.$procmux$1581_Y, Q = \quire.seg_adder_vff_carry_8.not_ring_full, rval = 1'1).
Adding EN signal on $auto$ff.cc:266:slice$2768 ($sdff) from module mkPositCore (D = $flatten\quire.\seg_adder_vff_carry_8.$procmux$1581_Y, Q = \quire.seg_adder_vff_carry_8.not_ring_full).
Adding EN signal on $flatten\quire.\seg_adder_vff_carry_8.$procdff$2104 ($dff) from module mkPositCore (D = $flatten\quire.\seg_adder_vff_carry_8.$0\D_OUT[0:0], Q = \quire.seg_adder_vff_carry_8.D_OUT).
Adding SRST signal on $flatten\quire.\seg_adder_vff_carry_7.$procdff$2109 ($dff) from module mkPositCore (D = $flatten\quire.\seg_adder_vff_carry_7.$procmux$1545_Y, Q = \quire.seg_adder_vff_carry_7.hasodata, rval = 1'0).
Adding EN signal on $auto$ff.cc:266:slice$2775 ($sdff) from module mkPositCore (D = $flatten\quire.\seg_adder_vff_carry_7.$procmux$1545_Y, Q = \quire.seg_adder_vff_carry_7.hasodata).
Adding SRST signal on $flatten\quire.\seg_adder_vff_carry_7.$procdff$2108 ($dff) from module mkPositCore (D = $flatten\quire.\seg_adder_vff_carry_7.$procmux$1554_Y, Q = \quire.seg_adder_vff_carry_7.tail, rval = 2'00).
Adding EN signal on $auto$ff.cc:266:slice$2779 ($sdff) from module mkPositCore (D = $flatten\quire.\seg_adder_vff_carry_7.$procmux$1554_Y, Q = \quire.seg_adder_vff_carry_7.tail).
Adding SRST signal on $flatten\quire.\seg_adder_vff_carry_7.$procdff$2107 ($dff) from module mkPositCore (D = $flatten\quire.\seg_adder_vff_carry_7.$procmux$1563_Y, Q = \quire.seg_adder_vff_carry_7.head, rval = 2'00).
Adding EN signal on $auto$ff.cc:266:slice$2787 ($sdff) from module mkPositCore (D = \quire.seg_adder_vff_carry_7.next_head, Q = \quire.seg_adder_vff_carry_7.head).
Adding SRST signal on $flatten\quire.\seg_adder_vff_carry_7.$procdff$2106 ($dff) from module mkPositCore (D = $flatten\quire.\seg_adder_vff_carry_7.$procmux$1572_Y, Q = \quire.seg_adder_vff_carry_7.ring_empty, rval = 1'1).
Adding EN signal on $auto$ff.cc:266:slice$2789 ($sdff) from module mkPositCore (D = $flatten\quire.\seg_adder_vff_carry_7.$procmux$1572_Y, Q = \quire.seg_adder_vff_carry_7.ring_empty).
Adding SRST signal on $flatten\quire.\seg_adder_vff_carry_7.$procdff$2105 ($dff) from module mkPositCore (D = $flatten\quire.\seg_adder_vff_carry_7.$procmux$1581_Y, Q = \quire.seg_adder_vff_carry_7.not_ring_full, rval = 1'1).
Adding EN signal on $auto$ff.cc:266:slice$2797 ($sdff) from module mkPositCore (D = $flatten\quire.\seg_adder_vff_carry_7.$procmux$1581_Y, Q = \quire.seg_adder_vff_carry_7.not_ring_full).
Adding EN signal on $flatten\quire.\seg_adder_vff_carry_7.$procdff$2104 ($dff) from module mkPositCore (D = $flatten\quire.\seg_adder_vff_carry_7.$0\D_OUT[0:0], Q = \quire.seg_adder_vff_carry_7.D_OUT).
Adding SRST signal on $flatten\quire.\seg_adder_vff_carry_6.$procdff$2109 ($dff) from module mkPositCore (D = $flatten\quire.\seg_adder_vff_carry_6.$procmux$1545_Y, Q = \quire.seg_adder_vff_carry_6.hasodata, rval = 1'0).
Adding EN signal on $auto$ff.cc:266:slice$2804 ($sdff) from module mkPositCore (D = $flatten\quire.\seg_adder_vff_carry_6.$procmux$1545_Y, Q = \quire.seg_adder_vff_carry_6.hasodata).
Adding SRST signal on $flatten\quire.\seg_adder_vff_carry_6.$procdff$2108 ($dff) from module mkPositCore (D = $flatten\quire.\seg_adder_vff_carry_6.$procmux$1554_Y, Q = \quire.seg_adder_vff_carry_6.tail, rval = 2'00).
Adding EN signal on $auto$ff.cc:266:slice$2808 ($sdff) from module mkPositCore (D = $flatten\quire.\seg_adder_vff_carry_6.$procmux$1554_Y, Q = \quire.seg_adder_vff_carry_6.tail).
Adding SRST signal on $flatten\quire.\seg_adder_vff_carry_6.$procdff$2107 ($dff) from module mkPositCore (D = $flatten\quire.\seg_adder_vff_carry_6.$procmux$1563_Y, Q = \quire.seg_adder_vff_carry_6.head, rval = 2'00).
Adding EN signal on $auto$ff.cc:266:slice$2816 ($sdff) from module mkPositCore (D = \quire.seg_adder_vff_carry_6.next_head, Q = \quire.seg_adder_vff_carry_6.head).
Adding SRST signal on $flatten\quire.\seg_adder_vff_carry_6.$procdff$2106 ($dff) from module mkPositCore (D = $flatten\quire.\seg_adder_vff_carry_6.$procmux$1572_Y, Q = \quire.seg_adder_vff_carry_6.ring_empty, rval = 1'1).
Adding EN signal on $auto$ff.cc:266:slice$2818 ($sdff) from module mkPositCore (D = $flatten\quire.\seg_adder_vff_carry_6.$procmux$1572_Y, Q = \quire.seg_adder_vff_carry_6.ring_empty).
Adding SRST signal on $flatten\quire.\seg_adder_vff_carry_6.$procdff$2105 ($dff) from module mkPositCore (D = $flatten\quire.\seg_adder_vff_carry_6.$procmux$1581_Y, Q = \quire.seg_adder_vff_carry_6.not_ring_full, rval = 1'1).
Adding EN signal on $auto$ff.cc:266:slice$2826 ($sdff) from module mkPositCore (D = $flatten\quire.\seg_adder_vff_carry_6.$procmux$1581_Y, Q = \quire.seg_adder_vff_carry_6.not_ring_full).
Adding EN signal on $flatten\quire.\seg_adder_vff_carry_6.$procdff$2104 ($dff) from module mkPositCore (D = $flatten\quire.\seg_adder_vff_carry_6.$0\D_OUT[0:0], Q = \quire.seg_adder_vff_carry_6.D_OUT).
Adding SRST signal on $flatten\quire.\seg_adder_vff_carry_5.$procdff$2109 ($dff) from module mkPositCore (D = $flatten\quire.\seg_adder_vff_carry_5.$procmux$1545_Y, Q = \quire.seg_adder_vff_carry_5.hasodata, rval = 1'0).
Adding EN signal on $auto$ff.cc:266:slice$2833 ($sdff) from module mkPositCore (D = $flatten\quire.\seg_adder_vff_carry_5.$procmux$1545_Y, Q = \quire.seg_adder_vff_carry_5.hasodata).
Adding SRST signal on $flatten\quire.\seg_adder_vff_carry_5.$procdff$2108 ($dff) from module mkPositCore (D = $flatten\quire.\seg_adder_vff_carry_5.$procmux$1554_Y, Q = \quire.seg_adder_vff_carry_5.tail, rval = 2'00).
Adding EN signal on $auto$ff.cc:266:slice$2837 ($sdff) from module mkPositCore (D = $flatten\quire.\seg_adder_vff_carry_5.$procmux$1554_Y, Q = \quire.seg_adder_vff_carry_5.tail).
Adding SRST signal on $flatten\quire.\seg_adder_vff_carry_5.$procdff$2107 ($dff) from module mkPositCore (D = $flatten\quire.\seg_adder_vff_carry_5.$procmux$1563_Y, Q = \quire.seg_adder_vff_carry_5.head, rval = 2'00).
Adding EN signal on $auto$ff.cc:266:slice$2845 ($sdff) from module mkPositCore (D = \quire.seg_adder_vff_carry_5.next_head, Q = \quire.seg_adder_vff_carry_5.head).
Adding SRST signal on $flatten\quire.\seg_adder_vff_carry_5.$procdff$2106 ($dff) from module mkPositCore (D = $flatten\quire.\seg_adder_vff_carry_5.$procmux$1572_Y, Q = \quire.seg_adder_vff_carry_5.ring_empty, rval = 1'1).
Adding EN signal on $auto$ff.cc:266:slice$2847 ($sdff) from module mkPositCore (D = $flatten\quire.\seg_adder_vff_carry_5.$procmux$1572_Y, Q = \quire.seg_adder_vff_carry_5.ring_empty).
Adding SRST signal on $flatten\quire.\seg_adder_vff_carry_5.$procdff$2105 ($dff) from module mkPositCore (D = $flatten\quire.\seg_adder_vff_carry_5.$procmux$1581_Y, Q = \quire.seg_adder_vff_carry_5.not_ring_full, rval = 1'1).
Adding EN signal on $auto$ff.cc:266:slice$2855 ($sdff) from module mkPositCore (D = $flatten\quire.\seg_adder_vff_carry_5.$procmux$1581_Y, Q = \quire.seg_adder_vff_carry_5.not_ring_full).
Adding EN signal on $flatten\quire.\seg_adder_vff_carry_5.$procdff$2104 ($dff) from module mkPositCore (D = $flatten\quire.\seg_adder_vff_carry_5.$0\D_OUT[0:0], Q = \quire.seg_adder_vff_carry_5.D_OUT).
Adding SRST signal on $flatten\quire.\seg_adder_vff_carry_4.$procdff$2109 ($dff) from module mkPositCore (D = $flatten\quire.\seg_adder_vff_carry_4.$procmux$1545_Y, Q = \quire.seg_adder_vff_carry_4.hasodata, rval = 1'0).
Adding EN signal on $auto$ff.cc:266:slice$2862 ($sdff) from module mkPositCore (D = $flatten\quire.\seg_adder_vff_carry_4.$procmux$1545_Y, Q = \quire.seg_adder_vff_carry_4.hasodata).
Adding SRST signal on $flatten\quire.\seg_adder_vff_carry_4.$procdff$2108 ($dff) from module mkPositCore (D = $flatten\quire.\seg_adder_vff_carry_4.$procmux$1554_Y, Q = \quire.seg_adder_vff_carry_4.tail, rval = 2'00).
Adding EN signal on $auto$ff.cc:266:slice$2866 ($sdff) from module mkPositCore (D = $flatten\quire.\seg_adder_vff_carry_4.$procmux$1554_Y, Q = \quire.seg_adder_vff_carry_4.tail).
Adding SRST signal on $flatten\quire.\seg_adder_vff_carry_4.$procdff$2107 ($dff) from module mkPositCore (D = $flatten\quire.\seg_adder_vff_carry_4.$procmux$1563_Y, Q = \quire.seg_adder_vff_carry_4.head, rval = 2'00).
Adding EN signal on $auto$ff.cc:266:slice$2874 ($sdff) from module mkPositCore (D = \quire.seg_adder_vff_carry_4.next_head, Q = \quire.seg_adder_vff_carry_4.head).
Adding SRST signal on $flatten\quire.\seg_adder_vff_carry_4.$procdff$2106 ($dff) from module mkPositCore (D = $flatten\quire.\seg_adder_vff_carry_4.$procmux$1572_Y, Q = \quire.seg_adder_vff_carry_4.ring_empty, rval = 1'1).
Adding EN signal on $auto$ff.cc:266:slice$2876 ($sdff) from module mkPositCore (D = $flatten\quire.\seg_adder_vff_carry_4.$procmux$1572_Y, Q = \quire.seg_adder_vff_carry_4.ring_empty).
Adding SRST signal on $flatten\quire.\seg_adder_vff_carry_4.$procdff$2105 ($dff) from module mkPositCore (D = $flatten\quire.\seg_adder_vff_carry_4.$procmux$1581_Y, Q = \quire.seg_adder_vff_carry_4.not_ring_full, rval = 1'1).
Adding EN signal on $auto$ff.cc:266:slice$2884 ($sdff) from module mkPositCore (D = $flatten\quire.\seg_adder_vff_carry_4.$procmux$1581_Y, Q = \quire.seg_adder_vff_carry_4.not_ring_full).
Adding EN signal on $flatten\quire.\seg_adder_vff_carry_4.$procdff$2104 ($dff) from module mkPositCore (D = $flatten\quire.\seg_adder_vff_carry_4.$0\D_OUT[0:0], Q = \quire.seg_adder_vff_carry_4.D_OUT).
Adding SRST signal on $flatten\quire.\seg_adder_vff_carry_3.$procdff$2109 ($dff) from module mkPositCore (D = $flatten\quire.\seg_adder_vff_carry_3.$procmux$1545_Y, Q = \quire.seg_adder_vff_carry_3.hasodata, rval = 1'0).
Adding EN signal on $auto$ff.cc:266:slice$2891 ($sdff) from module mkPositCore (D = $flatten\quire.\seg_adder_vff_carry_3.$procmux$1545_Y, Q = \quire.seg_adder_vff_carry_3.hasodata).
Adding SRST signal on $flatten\quire.\seg_adder_vff_carry_3.$procdff$2108 ($dff) from module mkPositCore (D = $flatten\quire.\seg_adder_vff_carry_3.$procmux$1554_Y, Q = \quire.seg_adder_vff_carry_3.tail, rval = 2'00).
Adding EN signal on $auto$ff.cc:266:slice$2895 ($sdff) from module mkPositCore (D = $flatten\quire.\seg_adder_vff_carry_3.$procmux$1554_Y, Q = \quire.seg_adder_vff_carry_3.tail).
Adding SRST signal on $flatten\quire.\seg_adder_vff_carry_3.$procdff$2107 ($dff) from module mkPositCore (D = $flatten\quire.\seg_adder_vff_carry_3.$procmux$1563_Y, Q = \quire.seg_adder_vff_carry_3.head, rval = 2'00).
Adding EN signal on $auto$ff.cc:266:slice$2903 ($sdff) from module mkPositCore (D = \quire.seg_adder_vff_carry_3.next_head, Q = \quire.seg_adder_vff_carry_3.head).
Adding SRST signal on $flatten\quire.\seg_adder_vff_carry_3.$procdff$2106 ($dff) from module mkPositCore (D = $flatten\quire.\seg_adder_vff_carry_3.$procmux$1572_Y, Q = \quire.seg_adder_vff_carry_3.ring_empty, rval = 1'1).
Adding EN signal on $auto$ff.cc:266:slice$2905 ($sdff) from module mkPositCore (D = $flatten\quire.\seg_adder_vff_carry_3.$procmux$1572_Y, Q = \quire.seg_adder_vff_carry_3.ring_empty).
Adding SRST signal on $flatten\quire.\seg_adder_vff_carry_3.$procdff$2105 ($dff) from module mkPositCore (D = $flatten\quire.\seg_adder_vff_carry_3.$procmux$1581_Y, Q = \quire.seg_adder_vff_carry_3.not_ring_full, rval = 1'1).
Adding EN signal on $auto$ff.cc:266:slice$2913 ($sdff) from module mkPositCore (D = $flatten\quire.\seg_adder_vff_carry_3.$procmux$1581_Y, Q = \quire.seg_adder_vff_carry_3.not_ring_full).
Adding EN signal on $flatten\quire.\seg_adder_vff_carry_3.$procdff$2104 ($dff) from module mkPositCore (D = $flatten\quire.\seg_adder_vff_carry_3.$0\D_OUT[0:0], Q = \quire.seg_adder_vff_carry_3.D_OUT).
Adding SRST signal on $flatten\quire.\seg_adder_vff_carry_2.$procdff$2109 ($dff) from module mkPositCore (D = $flatten\quire.\seg_adder_vff_carry_2.$procmux$1545_Y, Q = \quire.seg_adder_vff_carry_2.hasodata, rval = 1'0).
Adding EN signal on $auto$ff.cc:266:slice$2920 ($sdff) from module mkPositCore (D = $flatten\quire.\seg_adder_vff_carry_2.$procmux$1545_Y, Q = \quire.seg_adder_vff_carry_2.hasodata).
Adding SRST signal on $flatten\quire.\seg_adder_vff_carry_2.$procdff$2108 ($dff) from module mkPositCore (D = $flatten\quire.\seg_adder_vff_carry_2.$procmux$1554_Y, Q = \quire.seg_adder_vff_carry_2.tail, rval = 2'00).
Adding EN signal on $auto$ff.cc:266:slice$2924 ($sdff) from module mkPositCore (D = $flatten\quire.\seg_adder_vff_carry_2.$procmux$1554_Y, Q = \quire.seg_adder_vff_carry_2.tail).
Adding SRST signal on $flatten\quire.\seg_adder_vff_carry_2.$procdff$2107 ($dff) from module mkPositCore (D = $flatten\quire.\seg_adder_vff_carry_2.$procmux$1563_Y, Q = \quire.seg_adder_vff_carry_2.head, rval = 2'00).
Adding EN signal on $auto$ff.cc:266:slice$2932 ($sdff) from module mkPositCore (D = \quire.seg_adder_vff_carry_2.next_head, Q = \quire.seg_adder_vff_carry_2.head).
Adding SRST signal on $flatten\quire.\seg_adder_vff_carry_2.$procdff$2106 ($dff) from module mkPositCore (D = $flatten\quire.\seg_adder_vff_carry_2.$procmux$1572_Y, Q = \quire.seg_adder_vff_carry_2.ring_empty, rval = 1'1).
Adding EN signal on $auto$ff.cc:266:slice$2934 ($sdff) from module mkPositCore (D = $flatten\quire.\seg_adder_vff_carry_2.$procmux$1572_Y, Q = \quire.seg_adder_vff_carry_2.ring_empty).
Adding SRST signal on $flatten\quire.\seg_adder_vff_carry_2.$procdff$2105 ($dff) from module mkPositCore (D = $flatten\quire.\seg_adder_vff_carry_2.$procmux$1581_Y, Q = \quire.seg_adder_vff_carry_2.not_ring_full, rval = 1'1).
Adding EN signal on $auto$ff.cc:266:slice$2942 ($sdff) from module mkPositCore (D = $flatten\quire.\seg_adder_vff_carry_2.$procmux$1581_Y, Q = \quire.seg_adder_vff_carry_2.not_ring_full).
Adding EN signal on $flatten\quire.\seg_adder_vff_carry_2.$procdff$2104 ($dff) from module mkPositCore (D = $flatten\quire.\seg_adder_vff_carry_2.$0\D_OUT[0:0], Q = \quire.seg_adder_vff_carry_2.D_OUT).
Adding SRST signal on $flatten\quire.\seg_adder_vff_carry_11.$procdff$2109 ($dff) from module mkPositCore (D = $flatten\quire.\seg_adder_vff_carry_11.$procmux$1545_Y, Q = \quire.seg_adder_vff_carry_11.hasodata, rval = 1'0).
Adding EN signal on $auto$ff.cc:266:slice$2949 ($sdff) from module mkPositCore (D = $flatten\quire.\seg_adder_vff_carry_11.$procmux$1545_Y, Q = \quire.seg_adder_vff_carry_11.hasodata).
Adding SRST signal on $flatten\quire.\seg_adder_vff_carry_11.$procdff$2108 ($dff) from module mkPositCore (D = $flatten\quire.\seg_adder_vff_carry_11.$procmux$1554_Y, Q = \quire.seg_adder_vff_carry_11.tail, rval = 2'00).
Adding EN signal on $auto$ff.cc:266:slice$2953 ($sdff) from module mkPositCore (D = $flatten\quire.\seg_adder_vff_carry_11.$procmux$1554_Y, Q = \quire.seg_adder_vff_carry_11.tail).
Adding SRST signal on $flatten\quire.\seg_adder_vff_carry_11.$procdff$2107 ($dff) from module mkPositCore (D = $flatten\quire.\seg_adder_vff_carry_11.$procmux$1563_Y, Q = \quire.seg_adder_vff_carry_11.head, rval = 2'00).
Adding EN signal on $auto$ff.cc:266:slice$2961 ($sdff) from module mkPositCore (D = \quire.seg_adder_vff_carry_11.next_head, Q = \quire.seg_adder_vff_carry_11.head).
Adding SRST signal on $flatten\quire.\seg_adder_vff_carry_11.$procdff$2106 ($dff) from module mkPositCore (D = $flatten\quire.\seg_adder_vff_carry_11.$procmux$1572_Y, Q = \quire.seg_adder_vff_carry_11.ring_empty, rval = 1'1).
Adding EN signal on $auto$ff.cc:266:slice$2963 ($sdff) from module mkPositCore (D = $flatten\quire.\seg_adder_vff_carry_11.$procmux$1572_Y, Q = \quire.seg_adder_vff_carry_11.ring_empty).
Adding SRST signal on $flatten\quire.\seg_adder_vff_carry_11.$procdff$2105 ($dff) from module mkPositCore (D = $flatten\quire.\seg_adder_vff_carry_11.$procmux$1581_Y, Q = \quire.seg_adder_vff_carry_11.not_ring_full, rval = 1'1).
Adding EN signal on $auto$ff.cc:266:slice$2971 ($sdff) from module mkPositCore (D = $flatten\quire.\seg_adder_vff_carry_11.$procmux$1581_Y, Q = \quire.seg_adder_vff_carry_11.not_ring_full).
Adding EN signal on $flatten\quire.\seg_adder_vff_carry_11.$procdff$2104 ($dff) from module mkPositCore (D = $flatten\quire.\seg_adder_vff_carry_11.$0\D_OUT[0:0], Q = \quire.seg_adder_vff_carry_11.D_OUT).
Adding SRST signal on $flatten\quire.\seg_adder_vff_carry_10.$procdff$2109 ($dff) from module mkPositCore (D = $flatten\quire.\seg_adder_vff_carry_10.$procmux$1545_Y, Q = \quire.seg_adder_vff_carry_10.hasodata, rval = 1'0).
Adding EN signal on $auto$ff.cc:266:slice$2978 ($sdff) from module mkPositCore (D = $flatten\quire.\seg_adder_vff_carry_10.$procmux$1545_Y, Q = \quire.seg_adder_vff_carry_10.hasodata).
Adding SRST signal on $flatten\quire.\seg_adder_vff_carry_10.$procdff$2108 ($dff) from module mkPositCore (D = $flatten\quire.\seg_adder_vff_carry_10.$procmux$1554_Y, Q = \quire.seg_adder_vff_carry_10.tail, rval = 2'00).
Adding EN signal on $auto$ff.cc:266:slice$2982 ($sdff) from module mkPositCore (D = $flatten\quire.\seg_adder_vff_carry_10.$procmux$1554_Y, Q = \quire.seg_adder_vff_carry_10.tail).
Adding SRST signal on $flatten\quire.\seg_adder_vff_carry_10.$procdff$2107 ($dff) from module mkPositCore (D = $flatten\quire.\seg_adder_vff_carry_10.$procmux$1563_Y, Q = \quire.seg_adder_vff_carry_10.head, rval = 2'00).
Adding EN signal on $auto$ff.cc:266:slice$2990 ($sdff) from module mkPositCore (D = \quire.seg_adder_vff_carry_10.next_head, Q = \quire.seg_adder_vff_carry_10.head).
Adding SRST signal on $flatten\quire.\seg_adder_vff_carry_10.$procdff$2106 ($dff) from module mkPositCore (D = $flatten\quire.\seg_adder_vff_carry_10.$procmux$1572_Y, Q = \quire.seg_adder_vff_carry_10.ring_empty, rval = 1'1).
Adding EN signal on $auto$ff.cc:266:slice$2992 ($sdff) from module mkPositCore (D = $flatten\quire.\seg_adder_vff_carry_10.$procmux$1572_Y, Q = \quire.seg_adder_vff_carry_10.ring_empty).
Adding SRST signal on $flatten\quire.\seg_adder_vff_carry_10.$procdff$2105 ($dff) from module mkPositCore (D = $flatten\quire.\seg_adder_vff_carry_10.$procmux$1581_Y, Q = \quire.seg_adder_vff_carry_10.not_ring_full, rval = 1'1).
Adding EN signal on $auto$ff.cc:266:slice$3000 ($sdff) from module mkPositCore (D = $flatten\quire.\seg_adder_vff_carry_10.$procmux$1581_Y, Q = \quire.seg_adder_vff_carry_10.not_ring_full).
Adding EN signal on $flatten\quire.\seg_adder_vff_carry_10.$procdff$2104 ($dff) from module mkPositCore (D = $flatten\quire.\seg_adder_vff_carry_10.$0\D_OUT[0:0], Q = \quire.seg_adder_vff_carry_10.D_OUT).
Adding SRST signal on $flatten\quire.\seg_adder_vff_carry_1.$procdff$2109 ($dff) from module mkPositCore (D = $flatten\quire.\seg_adder_vff_carry_1.$procmux$1545_Y, Q = \quire.seg_adder_vff_carry_1.hasodata, rval = 1'0).
Adding EN signal on $auto$ff.cc:266:slice$3007 ($sdff) from module mkPositCore (D = $flatten\quire.\seg_adder_vff_carry_1.$procmux$1545_Y, Q = \quire.seg_adder_vff_carry_1.hasodata).
Adding SRST signal on $flatten\quire.\seg_adder_vff_carry_1.$procdff$2108 ($dff) from module mkPositCore (D = $flatten\quire.\seg_adder_vff_carry_1.$procmux$1554_Y, Q = \quire.seg_adder_vff_carry_1.tail, rval = 2'00).
Adding EN signal on $auto$ff.cc:266:slice$3011 ($sdff) from module mkPositCore (D = $flatten\quire.\seg_adder_vff_carry_1.$procmux$1554_Y, Q = \quire.seg_adder_vff_carry_1.tail).
Adding SRST signal on $flatten\quire.\seg_adder_vff_carry_1.$procdff$2107 ($dff) from module mkPositCore (D = $flatten\quire.\seg_adder_vff_carry_1.$procmux$1563_Y, Q = \quire.seg_adder_vff_carry_1.head, rval = 2'00).
Adding EN signal on $auto$ff.cc:266:slice$3019 ($sdff) from module mkPositCore (D = \quire.seg_adder_vff_carry_1.next_head, Q = \quire.seg_adder_vff_carry_1.head).
Adding SRST signal on $flatten\quire.\seg_adder_vff_carry_1.$procdff$2106 ($dff) from module mkPositCore (D = $flatten\quire.\seg_adder_vff_carry_1.$procmux$1572_Y, Q = \quire.seg_adder_vff_carry_1.ring_empty, rval = 1'1).
Adding EN signal on $auto$ff.cc:266:slice$3021 ($sdff) from module mkPositCore (D = $flatten\quire.\seg_adder_vff_carry_1.$procmux$1572_Y, Q = \quire.seg_adder_vff_carry_1.ring_empty).
Adding SRST signal on $flatten\quire.\seg_adder_vff_carry_1.$procdff$2105 ($dff) from module mkPositCore (D = $flatten\quire.\seg_adder_vff_carry_1.$procmux$1581_Y, Q = \quire.seg_adder_vff_carry_1.not_ring_full, rval = 1'1).
Adding EN signal on $auto$ff.cc:266:slice$3029 ($sdff) from module mkPositCore (D = $flatten\quire.\seg_adder_vff_carry_1.$procmux$1581_Y, Q = \quire.seg_adder_vff_carry_1.not_ring_full).
Adding EN signal on $flatten\quire.\seg_adder_vff_carry_1.$procdff$2104 ($dff) from module mkPositCore (D = $flatten\quire.\seg_adder_vff_carry_1.$0\D_OUT[0:0], Q = \quire.seg_adder_vff_carry_1.D_OUT).
Adding SRST signal on $flatten\quire.\seg_adder_vff_carry_0.$procdff$2109 ($dff) from module mkPositCore (D = $flatten\quire.\seg_adder_vff_carry_0.$procmux$1545_Y, Q = \quire.seg_adder_vff_carry_0.hasodata, rval = 1'0).
Adding EN signal on $auto$ff.cc:266:slice$3036 ($sdff) from module mkPositCore (D = $flatten\quire.\seg_adder_vff_carry_0.$procmux$1545_Y, Q = \quire.seg_adder_vff_carry_0.hasodata).
Adding SRST signal on $flatten\quire.\seg_adder_vff_carry_0.$procdff$2108 ($dff) from module mkPositCore (D = $flatten\quire.\seg_adder_vff_carry_0.$procmux$1554_Y, Q = \quire.seg_adder_vff_carry_0.tail, rval = 2'00).
Adding EN signal on $auto$ff.cc:266:slice$3040 ($sdff) from module mkPositCore (D = $flatten\quire.\seg_adder_vff_carry_0.$procmux$1554_Y, Q = \quire.seg_adder_vff_carry_0.tail).
Adding SRST signal on $flatten\quire.\seg_adder_vff_carry_0.$procdff$2107 ($dff) from module mkPositCore (D = $flatten\quire.\seg_adder_vff_carry_0.$procmux$1563_Y, Q = \quire.seg_adder_vff_carry_0.head, rval = 2'00).
Adding EN signal on $auto$ff.cc:266:slice$3048 ($sdff) from module mkPositCore (D = \quire.seg_adder_vff_carry_0.next_head, Q = \quire.seg_adder_vff_carry_0.head).
Adding SRST signal on $flatten\quire.\seg_adder_vff_carry_0.$procdff$2106 ($dff) from module mkPositCore (D = $flatten\quire.\seg_adder_vff_carry_0.$procmux$1572_Y, Q = \quire.seg_adder_vff_carry_0.ring_empty, rval = 1'1).
Adding EN signal on $auto$ff.cc:266:slice$3050 ($sdff) from module mkPositCore (D = $flatten\quire.\seg_adder_vff_carry_0.$procmux$1572_Y, Q = \quire.seg_adder_vff_carry_0.ring_empty).
Adding SRST signal on $flatten\quire.\seg_adder_vff_carry_0.$procdff$2105 ($dff) from module mkPositCore (D = $flatten\quire.\seg_adder_vff_carry_0.$procmux$1581_Y, Q = \quire.seg_adder_vff_carry_0.not_ring_full, rval = 1'1).
Adding EN signal on $auto$ff.cc:266:slice$3058 ($sdff) from module mkPositCore (D = $flatten\quire.\seg_adder_vff_carry_0.$procmux$1581_Y, Q = \quire.seg_adder_vff_carry_0.not_ring_full).
Adding EN signal on $flatten\quire.\seg_adder_vff_carry_0.$procdff$2104 ($dff) from module mkPositCore (D = $flatten\quire.\seg_adder_vff_carry_0.$0\D_OUT[0:0], Q = \quire.seg_adder_vff_carry_0.D_OUT).
Adding SRST signal on $flatten\quire.\posit_rsp_f.$procdff$2100 ($dff) from module mkPositCore (D = $flatten\quire.\posit_rsp_f.$procmux$1522_Y, Q = \quire.posit_rsp_f.empty_reg, rval = 1'0).
Adding EN signal on $auto$ff.cc:266:slice$3065 ($sdff) from module mkPositCore (D = $flatten\quire.\posit_rsp_f.$procmux$1522_Y, Q = \quire.posit_rsp_f.empty_reg).
Adding EN signal on $flatten\quire.\posit_rsp_f.$procdff$2099 ($dff) from module mkPositCore (D = \quire.posit_rsp_f.D_IN, Q = \quire.posit_rsp_f.D_OUT).
Adding SRST signal on $auto$ff.cc:266:slice$3069 ($dffe) from module mkPositCore (D = \quire.IF_ff_num_msb_zeros_first__19_PLUS_1_20_BIT_9__ETC___d325 [4:0], Q = \quire.posit_rsp_f.D_OUT [31:27], rval = 5'00000).
Adding SRST signal on $auto$ff.cc:266:slice$3069 ($dffe) from module mkPositCore (D = $flatten\quire.$ternary$/teamspace/studios/this_studio/Melodica-Integration-into-Fife-Core/Learn_Bluespec_and_RISCV_Design/Code/Build/Fife/verilog/mkQuire.v:2374$755_Y [8:6], Q = \quire.posit_rsp_f.D_OUT [35:33], rval = 3'000).
Adding SRST signal on $auto$ff.cc:266:slice$3069 ($dffe) from module mkPositCore (D = { \quire.vrg_quire_12 [31] \quire.MUX_posit_rsp_f$enq_1__VAL_2 [37] \quire.IF_SEXT_IF_ff_num_msb_zeros_first__19_PLUS_1_2_ETC___d338 [9] \quire.IF_SEXT_IF_ff_num_msb_zeros_first__19_PLUS_1_2_ETC___d338 [5] \quire.prenorm_posit_frac__h20632 \quire.x__h29380 \quire.x__h32320 }, Q = { \quire.posit_rsp_f.D_OUT [40] \quire.posit_rsp_f.D_OUT [37:36] \quire.posit_rsp_f.D_OUT [32] \quire.posit_rsp_f.D_OUT [26:0] }, rval = 31'0000000000000000000000000000001).
Adding SRST signal on $flatten\quire.\ff_num_msb_zeros.$procdff$2098 ($dff) from module mkPositCore (D = $flatten\quire.\ff_num_msb_zeros.$procmux$1509_Y, Q = \quire.ff_num_msb_zeros.empty_reg, rval = 1'0).
Adding EN signal on $auto$ff.cc:266:slice$3080 ($sdff) from module mkPositCore (D = $flatten\quire.\ff_num_msb_zeros.$procmux$1509_Y, Q = \quire.ff_num_msb_zeros.empty_reg).
Adding EN signal on $flatten\quire.\ff_num_msb_zeros.$procdff$2097 ($dff) from module mkPositCore (D = \quire.ff_num_msb_zeros.D_IN, Q = \quire.ff_num_msb_zeros.D_OUT).
Adding SRST signal on $flatten\quire.$procdff$2151 ($dff) from module mkPositCore (D = $flatten\quire.$procmux$1670_Y, Q = \quire.zero_counter_rg_seg_counter_busy, rval = 1'0).
Adding EN signal on $auto$ff.cc:266:slice$3085 ($sdff) from module mkPositCore (D = \quire.MUX_rg_read_busy$write_1__SEL_1, Q = \quire.zero_counter_rg_seg_counter_busy).
Adding EN signal on $flatten\quire.$procdff$2150 ($dff) from module mkPositCore (D = \quire.x__h58298, Q = \quire.zero_counter_rg_numZeroSegs).
Adding EN signal on $flatten\quire.$procdff$2149 ($dff) from module mkPositCore (D = \quire.zero_counter_rg_firstNonZeroSeg$D_IN, Q = \quire.zero_counter_rg_firstNonZeroSeg).
Adding SRST signal on $flatten\quire.$procdff$2148 ($dff) from module mkPositCore (D = $flatten\quire.$procmux$1679_Y, Q = \quire.vrg_quire_seg_zero_9, rval = 1'1).
Adding EN signal on $auto$ff.cc:266:slice$3089 ($sdff) from module mkPositCore (D = \quire.vrg_quire_seg_zero_9$D_IN, Q = \quire.vrg_quire_seg_zero_9).
Adding SRST signal on $flatten\quire.$procdff$2147 ($dff) from module mkPositCore (D = $flatten\quire.$procmux$1684_Y, Q = \quire.vrg_quire_seg_zero_8, rval = 1'1).
Adding EN signal on $auto$ff.cc:266:slice$3091 ($sdff) from module mkPositCore (D = \quire.vrg_quire_seg_zero_8$D_IN, Q = \quire.vrg_quire_seg_zero_8).
Adding SRST signal on $flatten\quire.$procdff$2146 ($dff) from module mkPositCore (D = $flatten\quire.$procmux$1689_Y, Q = \quire.vrg_quire_seg_zero_7, rval = 1'1).
Adding EN signal on $auto$ff.cc:266:slice$3093 ($sdff) from module mkPositCore (D = \quire.vrg_quire_seg_zero_7$D_IN, Q = \quire.vrg_quire_seg_zero_7).
Adding SRST signal on $flatten\quire.$procdff$2145 ($dff) from module mkPositCore (D = $flatten\quire.$procmux$1694_Y, Q = \quire.vrg_quire_seg_zero_6, rval = 1'1).
Adding EN signal on $auto$ff.cc:266:slice$3095 ($sdff) from module mkPositCore (D = \quire.vrg_quire_seg_zero_6$D_IN, Q = \quire.vrg_quire_seg_zero_6).
Adding SRST signal on $flatten\quire.$procdff$2144 ($dff) from module mkPositCore (D = $flatten\quire.$procmux$1699_Y, Q = \quire.vrg_quire_seg_zero_5, rval = 1'1).
Adding EN signal on $auto$ff.cc:266:slice$3097 ($sdff) from module mkPositCore (D = \quire.vrg_quire_seg_zero_5$D_IN, Q = \quire.vrg_quire_seg_zero_5).
Adding SRST signal on $flatten\quire.$procdff$2143 ($dff) from module mkPositCore (D = $flatten\quire.$procmux$1704_Y, Q = \quire.vrg_quire_seg_zero_4, rval = 1'1).
Adding EN signal on $auto$ff.cc:266:slice$3099 ($sdff) from module mkPositCore (D = \quire.vrg_quire_seg_zero_4$D_IN, Q = \quire.vrg_quire_seg_zero_4).
Adding SRST signal on $flatten\quire.$procdff$2142 ($dff) from module mkPositCore (D = $flatten\quire.$procmux$1709_Y, Q = \quire.vrg_quire_seg_zero_3, rval = 1'1).
Adding EN signal on $auto$ff.cc:266:slice$3101 ($sdff) from module mkPositCore (D = \quire.vrg_quire_seg_zero_3$D_IN, Q = \quire.vrg_quire_seg_zero_3).
Adding SRST signal on $flatten\quire.$procdff$2141 ($dff) from module mkPositCore (D = $flatten\quire.$procmux$1714_Y, Q = \quire.vrg_quire_seg_zero_2, rval = 1'1).
Adding EN signal on $auto$ff.cc:266:slice$3103 ($sdff) from module mkPositCore (D = \quire.vrg_quire_seg_zero_2$D_IN, Q = \quire.vrg_quire_seg_zero_2).
Adding SRST signal on $flatten\quire.$procdff$2140 ($dff) from module mkPositCore (D = $flatten\quire.$procmux$1719_Y, Q = \quire.vrg_quire_seg_zero_12, rval = 1'1).
Adding EN signal on $auto$ff.cc:266:slice$3105 ($sdff) from module mkPositCore (D = \quire.vrg_quire_seg_zero_12$D_IN, Q = \quire.vrg_quire_seg_zero_12).
Adding SRST signal on $flatten\quire.$procdff$2139 ($dff) from module mkPositCore (D = $flatten\quire.$procmux$1724_Y, Q = \quire.vrg_quire_seg_zero_11, rval = 1'1).
Adding EN signal on $auto$ff.cc:266:slice$3107 ($sdff) from module mkPositCore (D = \quire.vrg_quire_seg_zero_11$D_IN, Q = \quire.vrg_quire_seg_zero_11).
Adding SRST signal on $flatten\quire.$procdff$2138 ($dff) from module mkPositCore (D = $flatten\quire.$procmux$1729_Y, Q = \quire.vrg_quire_seg_zero_10, rval = 1'1).
Adding EN signal on $auto$ff.cc:266:slice$3109 ($sdff) from module mkPositCore (D = \quire.vrg_quire_seg_zero_10$D_IN, Q = \quire.vrg_quire_seg_zero_10).
Adding SRST signal on $flatten\quire.$procdff$2137 ($dff) from module mkPositCore (D = $flatten\quire.$procmux$1734_Y, Q = \quire.vrg_quire_seg_zero_1, rval = 1'1).
Adding EN signal on $auto$ff.cc:266:slice$3111 ($sdff) from module mkPositCore (D = \quire.vrg_quire_seg_zero_1$D_IN, Q = \quire.vrg_quire_seg_zero_1).
Adding SRST signal on $flatten\quire.$procdff$2136 ($dff) from module mkPositCore (D = $flatten\quire.$procmux$1739_Y, Q = \quire.vrg_quire_seg_zero_0, rval = 1'1).
Adding EN signal on $auto$ff.cc:266:slice$3113 ($sdff) from module mkPositCore (D = \quire.vrg_quire_seg_zero_0$D_IN, Q = \quire.vrg_quire_seg_zero_0).
Adding SRST signal on $flatten\quire.$procdff$2135 ($dff) from module mkPositCore (D = $flatten\quire.$procmux$1744_Y, Q = \quire.vrg_quire_9, rval = 0).
Adding EN signal on $auto$ff.cc:266:slice$3115 ($sdff) from module mkPositCore (D = \quire.vrg_quire_9$D_IN, Q = \quire.vrg_quire_9).
Adding SRST signal on $flatten\quire.$procdff$2134 ($dff) from module mkPositCore (D = $flatten\quire.$procmux$1749_Y, Q = \quire.vrg_quire_8, rval = 0).
Adding EN signal on $auto$ff.cc:266:slice$3117 ($sdff) from module mkPositCore (D = \quire.vrg_quire_8$D_IN, Q = \quire.vrg_quire_8).
Adding SRST signal on $flatten\quire.$procdff$2133 ($dff) from module mkPositCore (D = $flatten\quire.$procmux$1754_Y, Q = \quire.vrg_quire_7, rval = 0).
Adding EN signal on $auto$ff.cc:266:slice$3119 ($sdff) from module mkPositCore (D = \quire.vrg_quire_7$D_IN, Q = \quire.vrg_quire_7).
Adding SRST signal on $flatten\quire.$procdff$2132 ($dff) from module mkPositCore (D = $flatten\quire.$procmux$1759_Y, Q = \quire.vrg_quire_6, rval = 0).
Adding EN signal on $auto$ff.cc:266:slice$3121 ($sdff) from module mkPositCore (D = \quire.vrg_quire_6$D_IN, Q = \quire.vrg_quire_6).
Adding SRST signal on $flatten\quire.$procdff$2131 ($dff) from module mkPositCore (D = $flatten\quire.$procmux$1764_Y, Q = \quire.vrg_quire_5, rval = 0).
Adding EN signal on $auto$ff.cc:266:slice$3123 ($sdff) from module mkPositCore (D = \quire.vrg_quire_5$D_IN, Q = \quire.vrg_quire_5).
Adding SRST signal on $flatten\quire.$procdff$2130 ($dff) from module mkPositCore (D = $flatten\quire.$procmux$1769_Y, Q = \quire.vrg_quire_4, rval = 0).
Adding EN signal on $auto$ff.cc:266:slice$3125 ($sdff) from module mkPositCore (D = \quire.vrg_quire_4$D_IN, Q = \quire.vrg_quire_4).
Adding SRST signal on $flatten\quire.$procdff$2129 ($dff) from module mkPositCore (D = $flatten\quire.$procmux$1774_Y, Q = \quire.vrg_quire_3, rval = 0).
Adding EN signal on $auto$ff.cc:266:slice$3127 ($sdff) from module mkPositCore (D = \quire.vrg_quire_3$D_IN, Q = \quire.vrg_quire_3).
Adding SRST signal on $flatten\quire.$procdff$2128 ($dff) from module mkPositCore (D = $flatten\quire.$procmux$1779_Y, Q = \quire.vrg_quire_2, rval = 0).
Adding EN signal on $auto$ff.cc:266:slice$3129 ($sdff) from module mkPositCore (D = \quire.vrg_quire_2$D_IN, Q = \quire.vrg_quire_2).
Adding SRST signal on $flatten\quire.$procdff$2127 ($dff) from module mkPositCore (D = $flatten\quire.$procmux$1784_Y, Q = \quire.vrg_quire_12, rval = 0).
Adding EN signal on $auto$ff.cc:266:slice$3131 ($sdff) from module mkPositCore (D = \quire.vrg_quire_12$D_IN, Q = \quire.vrg_quire_12).
Adding SRST signal on $flatten\quire.$procdff$2126 ($dff) from module mkPositCore (D = $flatten\quire.$procmux$1789_Y, Q = \quire.vrg_quire_11, rval = 0).
Adding EN signal on $auto$ff.cc:266:slice$3133 ($sdff) from module mkPositCore (D = \quire.vrg_quire_11$D_IN, Q = \quire.vrg_quire_11).
Adding SRST signal on $flatten\quire.$procdff$2125 ($dff) from module mkPositCore (D = $flatten\quire.$procmux$1794_Y, Q = \quire.vrg_quire_10, rval = 0).
Adding EN signal on $auto$ff.cc:266:slice$3135 ($sdff) from module mkPositCore (D = \quire.vrg_quire_10$D_IN, Q = \quire.vrg_quire_10).
Adding SRST signal on $flatten\quire.$procdff$2124 ($dff) from module mkPositCore (D = $flatten\quire.$procmux$1799_Y, Q = \quire.vrg_quire_1, rval = 0).
Adding EN signal on $auto$ff.cc:266:slice$3137 ($sdff) from module mkPositCore (D = \quire.vrg_quire_1$D_IN, Q = \quire.vrg_quire_1).
Adding SRST signal on $flatten\quire.$procdff$2123 ($dff) from module mkPositCore (D = $flatten\quire.$procmux$1804_Y, Q = \quire.vrg_quire_0, rval = 0).
Adding EN signal on $auto$ff.cc:266:slice$3139 ($sdff) from module mkPositCore (D = \quire.vrg_quire_0$D_IN, Q = \quire.vrg_quire_0).
Adding SRST signal on $flatten\quire.$procdff$2122 ($dff) from module mkPositCore (D = $flatten\quire.$procmux$1809_Y, Q = \quire.seg_adder_rg_inFlight, rval = 4'0000).
Adding EN signal on $auto$ff.cc:266:slice$3141 ($sdff) from module mkPositCore (D = \quire.seg_adder_rg_inFlight$D_IN, Q = \quire.seg_adder_rg_inFlight).
Adding SRST signal on $flatten\quire.$procdff$2121 ($dff) from module mkPositCore (D = $flatten\quire.$procmux$1814_Y, Q = \quire.rg_seg_zero_upd, rval = 1'1).
Adding EN signal on $auto$ff.cc:266:slice$3143 ($sdff) from module mkPositCore (D = \quire.rg_seg_zero_upd$D_IN, Q = \quire.rg_seg_zero_upd).
Adding SRST signal on $flatten\quire.$procdff$2120 ($dff) from module mkPositCore (D = $flatten\quire.$procmux$1819_Y, Q = \quire.rg_read_busy, rval = 1'0).
Adding EN signal on $auto$ff.cc:266:slice$3145 ($sdff) from module mkPositCore (D = \quire.MUX_rg_read_busy$write_1__SEL_1, Q = \quire.rg_read_busy).
Adding SRST signal on $flatten\ptof.\ffO.$procdff$2165 ($dff) from module mkPositCore (D = $flatten\ptof.\ffO.$procmux$2066_Y, Q = \ptof.ffO.full_reg, rval = 1'1).
Adding EN signal on $auto$ff.cc:266:slice$3147 ($sdff) from module mkPositCore (D = $flatten\ptof.\ffO.$procmux$2066_Y, Q = \ptof.ffO.full_reg).
Adding SRST signal on $flatten\ptof.\ffO.$procdff$2164 ($dff) from module mkPositCore (D = $flatten\ptof.\ffO.$procmux$2077_Y, Q = \ptof.ffO.empty_reg, rval = 1'0).
Adding EN signal on $auto$ff.cc:266:slice$3151 ($sdff) from module mkPositCore (D = $flatten\ptof.\ffO.$procmux$2077_Y, Q = \ptof.ffO.empty_reg).
Adding EN signal on $flatten\ptof.\ffO.$procdff$2163 ($dff) from module mkPositCore (D = { \ptof.float_no__h169 \ptof.ffO.D_IN [2:1] \ptof.add_round__h167 }, Q = \ptof.ffO.data1_reg).
Adding SRST signal on $flatten\normalizer.\fifo_output_reg.$procdff$2092 ($dff) from module mkPositCore (D = $flatten\normalizer.\fifo_output_reg.$procmux$1459_Y, Q = \normalizer.fifo_output_reg.full_reg, rval = 1'1).
Adding EN signal on $auto$ff.cc:266:slice$3156 ($sdff) from module mkPositCore (D = $flatten\normalizer.\fifo_output_reg.$procmux$1459_Y, Q = \normalizer.fifo_output_reg.full_reg).
Adding SRST signal on $flatten\normalizer.\fifo_output_reg.$procdff$2091 ($dff) from module mkPositCore (D = $flatten\normalizer.\fifo_output_reg.$procmux$1470_Y, Q = \normalizer.fifo_output_reg.empty_reg, rval = 1'0).
Adding EN signal on $auto$ff.cc:266:slice$3160 ($sdff) from module mkPositCore (D = $flatten\normalizer.\fifo_output_reg.$procmux$1470_Y, Q = \normalizer.fifo_output_reg.empty_reg).
Adding EN signal on $flatten\normalizer.\fifo_output_reg.$procdff$2090 ($dff) from module mkPositCore (D = { \normalizer.output_regf_posit__h174 \normalizer.request_put [39:37] 1'0 }, Q = \normalizer.fifo_output_reg.data1_reg).
Adding SRST signal on $flatten\multiplier.\ff_to_quire.$procdff$2096 ($dff) from module mkPositCore (D = $flatten\multiplier.\ff_to_quire.$procmux$1496_Y, Q = \multiplier.ff_to_quire.empty_reg, rval = 1'0).
Adding EN signal on $auto$ff.cc:266:slice$3165 ($sdff) from module mkPositCore (D = $flatten\multiplier.\ff_to_quire.$procmux$1496_Y, Q = \multiplier.ff_to_quire.empty_reg).
Adding EN signal on $flatten\multiplier.\ff_to_quire.$procdff$2095 ($dff) from module mkPositCore (D = { \multiplier.ff_pipe_reg.D_OUT [63] \multiplier.qif__h247 \multiplier.ff_pipe_reg.D_OUT [66:64] 2'01 }, Q = \multiplier.ff_to_quire.D_OUT).
Adding SRST signal on $flatten\multiplier.\ff_pipe_reg.$procdff$2094 ($dff) from module mkPositCore (D = $flatten\multiplier.\ff_pipe_reg.$procmux$1483_Y, Q = \multiplier.ff_pipe_reg.empty_reg, rval = 1'0).
Adding EN signal on $auto$ff.cc:266:slice$3170 ($sdff) from module mkPositCore (D = $flatten\multiplier.\ff_pipe_reg.$procmux$1483_Y, Q = \multiplier.ff_pipe_reg.empty_reg).
Adding EN signal on $flatten\multiplier.\ff_pipe_reg.$procdff$2093 ($dff) from module mkPositCore (D = { \multiplier.ff_pipe_reg.D_IN [66:64] \multiplier.stage0_regf_sign__h3850 \multiplier.SEXT_request_put_BITS_72_TO_63_5_6_PLUS_SEXT_r_ETC___d79 \multiplier._0_CONCAT_IF_request_put_BITS_75_TO_74_3_EQ_2_9_ETC___d86 [51:0] }, Q = \multiplier.ff_pipe_reg.D_OUT).
Adding SRST signal on $auto$ff.cc:266:slice$3174 ($dffe) from module mkPositCore (D = $flatten\multiplier.$ternary$/teamspace/studios/this_studio/Melodica-Integration-into-Fife-Core/Learn_Bluespec_and_RISCV_Design/Code/Build/Fife/verilog/mkMultiplier.v:155$877_Y, Q = \multiplier.ff_pipe_reg.D_OUT [65:64], rval = 2'10).
Adding SRST signal on $flatten\ftop.\ffO.$procdff$2100 ($dff) from module mkPositCore (D = $flatten\ftop.\ffO.$procmux$1522_Y, Q = \ftop.ffO.empty_reg, rval = 1'0).
Adding EN signal on $auto$ff.cc:266:slice$3177 ($sdff) from module mkPositCore (D = $flatten\ftop.\ffO.$procmux$1522_Y, Q = \ftop.ffO.empty_reg).
Adding EN signal on $flatten\ftop.\ffO.$procdff$2099 ($dff) from module mkPositCore (D = { \ffI.data0_reg [103] \ftop.ffO.D_IN [39:37] \ftop.x_scale__h164 \ftop.IF_IF_SEXT__0_CONCAT_request_put_BITS_30_TO_23_ETC___d53 }, Q = \ftop.ffO.D_OUT).
Adding SRST signal on $auto$ff.cc:266:slice$3181 ($dffe) from module mkPositCore (D = $flatten\ftop.$ternary$/teamspace/studios/this_studio/Melodica-Integration-into-Fife-Core/Learn_Bluespec_and_RISCV_Design/Code/Build/Fife/verilog/mkFtoP_PNE.v:120$979_Y, Q = \ftop.ffO.D_OUT [39:38], rval = 2'01).
Adding SRST signal on $auto$ff.cc:266:slice$3181 ($dffe) from module mkPositCore (D = \ftop._0_CONCAT_request_put_BITS_30_TO_23_MINUS_127__q1 [5:0], Q = \ftop.ffO.D_OUT [32:27], rval = 6'100000).
Adding SRST signal on $auto$ff.cc:266:slice$3181 ($dffe) from module mkPositCore (D = $flatten\ftop.$ternary$/teamspace/studios/this_studio/Melodica-Integration-into-Fife-Core/Learn_Bluespec_and_RISCV_Design/Code/Build/Fife/verilog/mkFtoP_PNE.v:200$1011_Y [9:6], Q = \ftop.ffO.D_OUT [36:33], rval = 4'1000).
Adding SRST signal on $flatten\ffO.$procdff$2161 ($dff) from module mkPositCore (D = $flatten\ffO.$procmux$2055_Y, Q = \ffO.empty_reg, rval = 1'0).
Adding EN signal on $auto$ff.cc:266:slice$3190 ($sdff) from module mkPositCore (D = $flatten\ffO.$procmux$2055_Y, Q = \ffO.empty_reg).
Adding EN signal on $flatten\ffO.$procdff$2160 ($dff) from module mkPositCore (D = \ffO.D_IN, Q = \ffO.D_OUT).
Adding SRST signal on $auto$ff.cc:266:slice$3194 ($dffe) from module mkPositCore (D = \normalizer.fifo_output_reg.data0_reg [1], Q = \ffO.D_OUT [4], rval = 1'0).
Adding SRST signal on $flatten\ffI.$procdff$2159 ($dff) from module mkPositCore (D = $flatten\ffI.$procmux$2031_Y, Q = \ffI.full_reg, rval = 1'1).
Adding EN signal on $auto$ff.cc:266:slice$3197 ($sdff) from module mkPositCore (D = $flatten\ffI.$procmux$2031_Y, Q = \ffI.full_reg).
Adding SRST signal on $flatten\ffI.$procdff$2158 ($dff) from module mkPositCore (D = $flatten\ffI.$procmux$2042_Y, Q = \ffI.empty_reg, rval = 1'0).
Adding EN signal on $auto$ff.cc:266:slice$3201 ($sdff) from module mkPositCore (D = $flatten\ffI.$procmux$2042_Y, Q = \ffI.empty_reg).
Adding EN signal on $flatten\ffI.$procdff$2157 ($dff) from module mkPositCore (D = \server_core_request_put, Q = \ffI.data1_reg).
Adding SRST signal on $flatten\extracter2.\ff_extract_out.$procdff$2088 ($dff) from module mkPositCore (D = $flatten\extracter2.\ff_extract_out.$procmux$1437_Y, Q = \extracter2.ff_extract_out.full_reg, rval = 1'1).
Adding EN signal on $auto$ff.cc:266:slice$3206 ($sdff) from module mkPositCore (D = $flatten\extracter2.\ff_extract_out.$procmux$1437_Y, Q = \extracter2.ff_extract_out.full_reg).
Adding SRST signal on $flatten\extracter2.\ff_extract_out.$procdff$2087 ($dff) from module mkPositCore (D = $flatten\extracter2.\ff_extract_out.$procmux$1448_Y, Q = \extracter2.ff_extract_out.empty_reg, rval = 1'0).
Adding EN signal on $auto$ff.cc:266:slice$3210 ($sdff) from module mkPositCore (D = $flatten\extracter2.\ff_extract_out.$procmux$1448_Y, Q = \extracter2.ff_extract_out.empty_reg).
Adding EN signal on $flatten\extracter2.\ff_extract_out.$procdff$2086 ($dff) from module mkPositCore (D = { \extracter2.ff_extract_out.D_IN [37:36] \extracter2.request_put [31] \extracter2.ff_extract_out.D_IN [34:0] }, Q = \extracter2.ff_extract_out.data1_reg).
Adding SRST signal on $flatten\extracter1.\ff_extract_out.$procdff$2088 ($dff) from module mkPositCore (D = $flatten\extracter1.\ff_extract_out.$procmux$1437_Y, Q = \extracter1.ff_extract_out.full_reg, rval = 1'1).
Adding EN signal on $auto$ff.cc:266:slice$3215 ($sdff) from module mkPositCore (D = $flatten\extracter1.\ff_extract_out.$procmux$1437_Y, Q = \extracter1.ff_extract_out.full_reg).
Adding SRST signal on $flatten\extracter1.\ff_extract_out.$procdff$2087 ($dff) from module mkPositCore (D = $flatten\extracter1.\ff_extract_out.$procmux$1448_Y, Q = \extracter1.ff_extract_out.empty_reg, rval = 1'0).
Adding EN signal on $auto$ff.cc:266:slice$3219 ($sdff) from module mkPositCore (D = $flatten\extracter1.\ff_extract_out.$procmux$1448_Y, Q = \extracter1.ff_extract_out.empty_reg).
Adding EN signal on $flatten\extracter1.\ff_extract_out.$procdff$2086 ($dff) from module mkPositCore (D = { \extracter1.ff_extract_out.D_IN [37:36] \ffI.data0_reg [103] \extracter1.ff_extract_out.D_IN [34:0] }, Q = \extracter1.ff_extract_out.data1_reg).
Adding SRST signal on $flatten\cmd_stg3_f.$procdff$2155 ($dff) from module mkPositCore (D = $flatten\cmd_stg3_f.$procmux$2009_Y, Q = \cmd_stg3_f.full_reg, rval = 1'1).
Adding EN signal on $auto$ff.cc:266:slice$3224 ($sdff) from module mkPositCore (D = $flatten\cmd_stg3_f.$procmux$2009_Y, Q = \cmd_stg3_f.full_reg).
Adding SRST signal on $flatten\cmd_stg3_f.$procdff$2154 ($dff) from module mkPositCore (D = $flatten\cmd_stg3_f.$procmux$2020_Y, Q = \cmd_stg3_f.empty_reg, rval = 1'0).
Adding EN signal on $auto$ff.cc:266:slice$3228 ($sdff) from module mkPositCore (D = $flatten\cmd_stg3_f.$procmux$2020_Y, Q = \cmd_stg3_f.empty_reg).
Adding EN signal on $flatten\cmd_stg3_f.$procdff$2153 ($dff) from module mkPositCore (D = \cmd_stg2_f.data0_reg, Q = \cmd_stg3_f.data1_reg).
Adding SRST signal on $flatten\cmd_stg2_f.$procdff$2155 ($dff) from module mkPositCore (D = $flatten\cmd_stg2_f.$procmux$2009_Y, Q = \cmd_stg2_f.full_reg, rval = 1'1).
Adding EN signal on $auto$ff.cc:266:slice$3233 ($sdff) from module mkPositCore (D = $flatten\cmd_stg2_f.$procmux$2009_Y, Q = \cmd_stg2_f.full_reg).
Adding SRST signal on $flatten\cmd_stg2_f.$procdff$2154 ($dff) from module mkPositCore (D = $flatten\cmd_stg2_f.$procmux$2020_Y, Q = \cmd_stg2_f.empty_reg, rval = 1'0).
Adding EN signal on $auto$ff.cc:266:slice$3237 ($sdff) from module mkPositCore (D = $flatten\cmd_stg2_f.$procmux$2020_Y, Q = \cmd_stg2_f.empty_reg).
Adding EN signal on $flatten\cmd_stg2_f.$procdff$2153 ($dff) from module mkPositCore (D = \ffI.data0_reg [2:0], Q = \cmd_stg2_f.data1_reg).
Setting constant 1-bit at position 0 on $auto$ff.cc:266:slice$3169 ($dffe) from module mkPositCore.
Setting constant 0-bit at position 1 on $auto$ff.cc:266:slice$3169 ($dffe) from module mkPositCore.
Setting constant 0-bit at position 0 on $auto$ff.cc:266:slice$3164 ($dffe) from module mkPositCore.

14.9.7. Executing OPT_CLEAN pass (remove unused cells and wires).
Finding unused cells or wires in module \mkPositCore..
Removed 250 unused cells and 247 unused wires.
<suppressed ~251 debug messages>

14.9.8. Executing OPT_EXPR pass (perform const folding).
Optimizing module mkPositCore.
<suppressed ~145 debug messages>

14.9.9. Rerunning OPT passes. (Maybe there is more to do..)

14.9.10. Executing OPT_MUXTREE pass (detect dead branches in mux trees).
Running muxtree optimizer on module \mkPositCore..
  Creating internal representation of mux trees.
  Evaluating internal representation of mux trees.
  Analyzing evaluation results.
Removed 0 multiplexer ports.
<suppressed ~341 debug messages>

14.9.11. Executing OPT_REDUCE pass (consolidate $*mux and $reduce_* inputs).
  Optimizing cells in module \mkPositCore.
Performed a total of 0 changes.

14.9.12. Executing OPT_MERGE pass (detect identical cells).
Finding identical cells in module `\mkPositCore'.
<suppressed ~177 debug messages>
Removed a total of 59 cells.

14.9.13. Executing OPT_DFF pass (perform DFF optimizations).

14.9.14. Executing OPT_CLEAN pass (remove unused cells and wires).
Finding unused cells or wires in module \mkPositCore..
Removed 0 unused cells and 59 unused wires.
<suppressed ~1 debug messages>

14.9.15. Executing OPT_EXPR pass (perform const folding).
Optimizing module mkPositCore.

14.9.16. Rerunning OPT passes. (Maybe there is more to do..)

14.9.17. Executing OPT_MUXTREE pass (detect dead branches in mux trees).
Running muxtree optimizer on module \mkPositCore..
  Creating internal representation of mux trees.
  Evaluating internal representation of mux trees.
  Analyzing evaluation results.
Removed 0 multiplexer ports.
<suppressed ~342 debug messages>

14.9.18. Executing OPT_REDUCE pass (consolidate $*mux and $reduce_* inputs).
  Optimizing cells in module \mkPositCore.
Performed a total of 0 changes.

14.9.19. Executing OPT_MERGE pass (detect identical cells).
Finding identical cells in module `\mkPositCore'.
Removed a total of 0 cells.

14.9.20. Executing OPT_DFF pass (perform DFF optimizations).

14.9.21. Executing OPT_CLEAN pass (remove unused cells and wires).
Finding unused cells or wires in module \mkPositCore..

14.9.22. Executing OPT_EXPR pass (perform const folding).
Optimizing module mkPositCore.

14.9.23. Finished OPT passes. (There is nothing left to do.)

14.10. Executing WREDUCE pass (reducing word size of cells).
Removed top 28 address bits (of 32) from memory init port mkPositCore.$flatten\normalizer.$auto$mem.cc:319:emit$1433 ($flatten\normalizer.$auto$proc_rom.cc:150:do_switch$1431).
Removed top 1 bits (of 3) from port B of cell mkPositCore.$ne$/teamspace/studios/this_studio/Melodica-Integration-into-Fife-Core/Learn_Bluespec_and_RISCV_Design/Code/Build/Fife/verilog/mkPositCore.v:329$1064 ($ne).
Removed top 1 bits (of 3) from port B of cell mkPositCore.$eq$/teamspace/studios/this_studio/Melodica-Integration-into-Fife-Core/Learn_Bluespec_and_RISCV_Design/Code/Build/Fife/verilog/mkPositCore.v:336$1070 ($eq).
Removed top 2 bits (of 3) from port B of cell mkPositCore.$eq$/teamspace/studios/this_studio/Melodica-Integration-into-Fife-Core/Learn_Bluespec_and_RISCV_Design/Code/Build/Fife/verilog/mkPositCore.v:353$1083 ($eq).
Removed top 1 bits (of 3) from port B of cell mkPositCore.$eq$/teamspace/studios/this_studio/Melodica-Integration-into-Fife-Core/Learn_Bluespec_and_RISCV_Design/Code/Build/Fife/verilog/mkPositCore.v:362$1090 ($eq).
Removed top 1 bits (of 3) from port B of cell mkPositCore.$eq$/teamspace/studios/this_studio/Melodica-Integration-into-Fife-Core/Learn_Bluespec_and_RISCV_Design/Code/Build/Fife/verilog/mkPositCore.v:371$1095 ($eq).
Removed top 2 bits (of 3) from port B of cell mkPositCore.$eq$/teamspace/studios/this_studio/Melodica-Integration-into-Fife-Core/Learn_Bluespec_and_RISCV_Design/Code/Build/Fife/verilog/mkPositCore.v:387$1105 ($eq).
Removed top 1 bits (of 3) from port B of cell mkPositCore.$eq$/teamspace/studios/this_studio/Melodica-Integration-into-Fife-Core/Learn_Bluespec_and_RISCV_Design/Code/Build/Fife/verilog/mkPositCore.v:407$1125 ($eq).
Removed top 1 bits (of 3) from port B of cell mkPositCore.$eq$/teamspace/studios/this_studio/Melodica-Integration-into-Fife-Core/Learn_Bluespec_and_RISCV_Design/Code/Build/Fife/verilog/mkPositCore.v:415$1129 ($eq).
Removed top 2 bits (of 3) from port B of cell mkPositCore.$eq$/teamspace/studios/this_studio/Melodica-Integration-into-Fife-Core/Learn_Bluespec_and_RISCV_Design/Code/Build/Fife/verilog/mkPositCore.v:432$1137 ($eq).
Removed top 1 bits (of 2) from port B of cell mkPositCore.$eq$/teamspace/studios/this_studio/Melodica-Integration-into-Fife-Core/Learn_Bluespec_and_RISCV_Design/Code/Build/Fife/verilog/mkPositCore.v:440$1144 ($eq).
Removed top 1 bits (of 2) from port B of cell mkPositCore.$eq$/teamspace/studios/this_studio/Melodica-Integration-into-Fife-Core/Learn_Bluespec_and_RISCV_Design/Code/Build/Fife/verilog/mkPositCore.v:449$1147 ($eq).
Removed top 7 bits (of 8) from port B of cell mkPositCore.$add$/teamspace/studios/this_studio/Melodica-Integration-into-Fife-Core/Learn_Bluespec_and_RISCV_Design/Code/Build/Fife/verilog/mkPositCore.v:452$1148 ($add).
Removed top 7 bits (of 8) from port B of cell mkPositCore.$sub$/teamspace/studios/this_studio/Melodica-Integration-into-Fife-Core/Learn_Bluespec_and_RISCV_Design/Code/Build/Fife/verilog/mkPositCore.v:453$1149 ($sub).
Removed top 31 bits (of 32) from port B of cell mkPositCore.$add$/teamspace/studios/this_studio/Melodica-Integration-into-Fife-Core/Learn_Bluespec_and_RISCV_Design/Code/Build/Fife/verilog/mkPositCore.v:506$1175 ($add).
Removed top 9 bits (of 10) from port B of cell mkPositCore.$flatten\extracter1.$add$/teamspace/studios/this_studio/Melodica-Integration-into-Fife-Core/Learn_Bluespec_and_RISCV_Design/Code/Build/Fife/verilog/mkExtracter.v:195$958 ($add).
Removed top 6 bits (of 10) from port B of cell mkPositCore.$flatten\extracter1.$add$/teamspace/studios/this_studio/Melodica-Integration-into-Fife-Core/Learn_Bluespec_and_RISCV_Design/Code/Build/Fife/verilog/mkExtracter.v:195$957 ($add).
Removed top 1 bits (of 2) from mux cell mkPositCore.$flatten\extracter1.$ternary$/teamspace/studios/this_studio/Melodica-Integration-into-Fife-Core/Learn_Bluespec_and_RISCV_Design/Code/Build/Fife/verilog/mkExtracter.v:134$937 ($mux).
Removed top 9 bits (of 10) from port B of cell mkPositCore.$flatten\extracter2.$add$/teamspace/studios/this_studio/Melodica-Integration-into-Fife-Core/Learn_Bluespec_and_RISCV_Design/Code/Build/Fife/verilog/mkExtracter.v:195$958 ($add).
Removed top 6 bits (of 10) from port B of cell mkPositCore.$flatten\extracter2.$add$/teamspace/studios/this_studio/Melodica-Integration-into-Fife-Core/Learn_Bluespec_and_RISCV_Design/Code/Build/Fife/verilog/mkExtracter.v:195$957 ($add).
Removed top 1 bits (of 2) from mux cell mkPositCore.$flatten\extracter2.$ternary$/teamspace/studios/this_studio/Melodica-Integration-into-Fife-Core/Learn_Bluespec_and_RISCV_Design/Code/Build/Fife/verilog/mkExtracter.v:134$937 ($mux).
Removed top 5 bits (of 6) from port B of cell mkPositCore.$flatten\ftop.$add$/teamspace/studios/this_studio/Melodica-Integration-into-Fife-Core/Learn_Bluespec_and_RISCV_Design/Code/Build/Fife/verilog/mkFtoP_PNE.v:196$1010 ($add).
Removed top 1 bits (of 26) from port Y of cell mkPositCore.$flatten\ftop.$shr$/teamspace/studios/this_studio/Melodica-Integration-into-Fife-Core/Learn_Bluespec_and_RISCV_Design/Code/Build/Fife/verilog/mkFtoP_PNE.v:194$1009 ($shr).
Removed top 1 bits (of 9) from port A of cell mkPositCore.$flatten\ftop.$sub$/teamspace/studios/this_studio/Melodica-Integration-into-Fife-Core/Learn_Bluespec_and_RISCV_Design/Code/Build/Fife/verilog/mkFtoP_PNE.v:191$1008 ($sub).
Removed top 2 bits (of 9) from port B of cell mkPositCore.$flatten\ftop.$sub$/teamspace/studios/this_studio/Melodica-Integration-into-Fife-Core/Learn_Bluespec_and_RISCV_Design/Code/Build/Fife/verilog/mkFtoP_PNE.v:191$1008 ($sub).
Removed top 1 bits (of 9) from port Y of cell mkPositCore.$flatten\ftop.$sub$/teamspace/studios/this_studio/Melodica-Integration-into-Fife-Core/Learn_Bluespec_and_RISCV_Design/Code/Build/Fife/verilog/mkFtoP_PNE.v:191$1008 ($sub).
Removed top 1 bits (of 10) from port B of cell mkPositCore.$flatten\ftop.$sub$/teamspace/studios/this_studio/Melodica-Integration-into-Fife-Core/Learn_Bluespec_and_RISCV_Design/Code/Build/Fife/verilog/mkFtoP_PNE.v:186$1007 ($sub).
Removed top 2 bits (of 10) from port Y of cell mkPositCore.$flatten\ftop.$sub$/teamspace/studios/this_studio/Melodica-Integration-into-Fife-Core/Learn_Bluespec_and_RISCV_Design/Code/Build/Fife/verilog/mkFtoP_PNE.v:186$1007 ($sub).
Removed top 2 bits (of 10) from port A of cell mkPositCore.$flatten\ftop.$sub$/teamspace/studios/this_studio/Melodica-Integration-into-Fife-Core/Learn_Bluespec_and_RISCV_Design/Code/Build/Fife/verilog/mkFtoP_PNE.v:186$1007 ($sub).
Removed top 1 bits (of 9) from port B of cell mkPositCore.$flatten\ftop.$sub$/teamspace/studios/this_studio/Melodica-Integration-into-Fife-Core/Learn_Bluespec_and_RISCV_Design/Code/Build/Fife/verilog/mkFtoP_PNE.v:186$1007 ($sub).
Removed top 2 bits (of 10) from port Y of cell mkPositCore.$flatten\ftop.$sub$/teamspace/studios/this_studio/Melodica-Integration-into-Fife-Core/Learn_Bluespec_and_RISCV_Design/Code/Build/Fife/verilog/mkFtoP_PNE.v:183$1006 ($sub).
Removed top 2 bits (of 10) from port A of cell mkPositCore.$flatten\ftop.$sub$/teamspace/studios/this_studio/Melodica-Integration-into-Fife-Core/Learn_Bluespec_and_RISCV_Design/Code/Build/Fife/verilog/mkFtoP_PNE.v:183$1006 ($sub).
Removed top 4 bits (of 10) from port B of cell mkPositCore.$flatten\ftop.$sub$/teamspace/studios/this_studio/Melodica-Integration-into-Fife-Core/Learn_Bluespec_and_RISCV_Design/Code/Build/Fife/verilog/mkFtoP_PNE.v:183$1006 ($sub).
Removed top 4 bits (of 10) from port B of cell mkPositCore.$flatten\ftop.$lt$/teamspace/studios/this_studio/Melodica-Integration-into-Fife-Core/Learn_Bluespec_and_RISCV_Design/Code/Build/Fife/verilog/mkFtoP_PNE.v:175$1003 ($lt).
Removed top 2 bits (of 8) from mux cell mkPositCore.$flatten\ftop.$ternary$/teamspace/studios/this_studio/Melodica-Integration-into-Fife-Core/Learn_Bluespec_and_RISCV_Design/Code/Build/Fife/verilog/mkFtoP_PNE.v:166$1001 ($mux).
Removed top 2 bits (of 8) from mux cell mkPositCore.$flatten\ftop.$ternary$/teamspace/studios/this_studio/Melodica-Integration-into-Fife-Core/Learn_Bluespec_and_RISCV_Design/Code/Build/Fife/verilog/mkFtoP_PNE.v:160$998 ($mux).
Removed top 1 bits (of 8) from port B of cell mkPositCore.$flatten\ftop.$le$/teamspace/studios/this_studio/Melodica-Integration-into-Fife-Core/Learn_Bluespec_and_RISCV_Design/Code/Build/Fife/verilog/mkFtoP_PNE.v:160$997 ($le).
Removed top 191 bits (of 384) from port A of cell mkPositCore.$flatten\multiplier.$shr$/teamspace/studios/this_studio/Melodica-Integration-into-Fife-Core/Learn_Bluespec_and_RISCV_Design/Code/Build/Fife/verilog/mkMultiplier.v:208$913 ($shr).
Removed top 373 bits (of 384) from port B of cell mkPositCore.$flatten\multiplier.$shr$/teamspace/studios/this_studio/Melodica-Integration-into-Fife-Core/Learn_Bluespec_and_RISCV_Design/Code/Build/Fife/verilog/mkMultiplier.v:208$913 ($shr).
Removed top 191 bits (of 384) from port A of cell mkPositCore.$flatten\multiplier.$shl$/teamspace/studios/this_studio/Melodica-Integration-into-Fife-Core/Learn_Bluespec_and_RISCV_Design/Code/Build/Fife/verilog/mkMultiplier.v:206$912 ($shl).
Removed top 373 bits (of 384) from port B of cell mkPositCore.$flatten\multiplier.$shl$/teamspace/studios/this_studio/Melodica-Integration-into-Fife-Core/Learn_Bluespec_and_RISCV_Design/Code/Build/Fife/verilog/mkMultiplier.v:206$912 ($shl).
Removed top 10 bits (of 11) from port B of cell mkPositCore.$flatten\multiplier.$add$/teamspace/studios/this_studio/Melodica-Integration-into-Fife-Core/Learn_Bluespec_and_RISCV_Design/Code/Build/Fife/verilog/mkMultiplier.v:204$911 ($add).
Removed top 78 bits (of 104) from port A of cell mkPositCore.$flatten\multiplier.$mul$/teamspace/studios/this_studio/Melodica-Integration-into-Fife-Core/Learn_Bluespec_and_RISCV_Design/Code/Build/Fife/verilog/mkMultiplier.v:196$910 ($mul).
Removed top 78 bits (of 104) from port B of cell mkPositCore.$flatten\multiplier.$mul$/teamspace/studios/this_studio/Melodica-Integration-into-Fife-Core/Learn_Bluespec_and_RISCV_Design/Code/Build/Fife/verilog/mkMultiplier.v:196$910 ($mul).
Removed top 52 bits (of 104) from port Y of cell mkPositCore.$flatten\multiplier.$mul$/teamspace/studios/this_studio/Melodica-Integration-into-Fife-Core/Learn_Bluespec_and_RISCV_Design/Code/Build/Fife/verilog/mkMultiplier.v:196$910 ($mul).
Removed top 1 bits (of 2) from port B of cell mkPositCore.$flatten\multiplier.$eq$/teamspace/studios/this_studio/Melodica-Integration-into-Fife-Core/Learn_Bluespec_and_RISCV_Design/Code/Build/Fife/verilog/mkMultiplier.v:152$882 ($eq).
Removed top 1 bits (of 2) from port B of cell mkPositCore.$flatten\multiplier.$eq$/teamspace/studios/this_studio/Melodica-Integration-into-Fife-Core/Learn_Bluespec_and_RISCV_Design/Code/Build/Fife/verilog/mkMultiplier.v:151$879 ($eq).
Removed top 1 bits (of 2) from mux cell mkPositCore.$flatten\multiplier.$ternary$/teamspace/studios/this_studio/Melodica-Integration-into-Fife-Core/Learn_Bluespec_and_RISCV_Design/Code/Build/Fife/verilog/mkMultiplier.v:155$877 ($mux).
Removed top 3 bits (of 4) from port B of cell mkPositCore.$flatten\normalizer.$procmux$1667_CMP0 ($eq).
Removed top 2 bits (of 4) from port B of cell mkPositCore.$flatten\normalizer.$procmux$1666_CMP0 ($eq).
Removed top 2 bits (of 4) from port B of cell mkPositCore.$flatten\normalizer.$procmux$1665_CMP0 ($eq).
Removed top 1 bits (of 2) from port B of cell mkPositCore.$flatten\normalizer.$procmux$1661_CMP0 ($eq).
Removed top 31 bits (of 32) from port B of cell mkPositCore.$flatten\ptof.$add$/teamspace/studios/this_studio/Melodica-Integration-into-Fife-Core/Learn_Bluespec_and_RISCV_Design/Code/Build/Fife/verilog/mkPtoF_PNE.v:217$1059 ($add).
Removed top 5 bits (of 6) from port B of cell mkPositCore.$flatten\ptof.$add$/teamspace/studios/this_studio/Melodica-Integration-into-Fife-Core/Learn_Bluespec_and_RISCV_Design/Code/Build/Fife/verilog/mkPtoF_PNE.v:201$1049 ($add).
Removed top 1 bits (of 24) from port Y of cell mkPositCore.$flatten\ptof.$shr$/teamspace/studios/this_studio/Melodica-Integration-into-Fife-Core/Learn_Bluespec_and_RISCV_Design/Code/Build/Fife/verilog/mkPtoF_PNE.v:199$1048 ($shr).
Removed top 2 bits (of 9) from port B of cell mkPositCore.$flatten\ptof.$add$/teamspace/studios/this_studio/Melodica-Integration-into-Fife-Core/Learn_Bluespec_and_RISCV_Design/Code/Build/Fife/verilog/mkPtoF_PNE.v:197$1047 ($add).
Removed top 1 bits (of 9) from port Y of cell mkPositCore.$flatten\ptof.$add$/teamspace/studios/this_studio/Melodica-Integration-into-Fife-Core/Learn_Bluespec_and_RISCV_Design/Code/Build/Fife/verilog/mkPtoF_PNE.v:197$1047 ($add).
Removed top 1 bits (of 9) from port A of cell mkPositCore.$flatten\ptof.$add$/teamspace/studios/this_studio/Melodica-Integration-into-Fife-Core/Learn_Bluespec_and_RISCV_Design/Code/Build/Fife/verilog/mkPtoF_PNE.v:197$1047 ($add).
Removed top 1 bits (of 10) from port B of cell mkPositCore.$flatten\ptof.$lt$/teamspace/studios/this_studio/Melodica-Integration-into-Fife-Core/Learn_Bluespec_and_RISCV_Design/Code/Build/Fife/verilog/mkPtoF_PNE.v:183$1037 ($lt).
Removed top 3 bits (of 10) from port B of cell mkPositCore.$flatten\ptof.$sub$/teamspace/studios/this_studio/Melodica-Integration-into-Fife-Core/Learn_Bluespec_and_RISCV_Design/Code/Build/Fife/verilog/mkPtoF_PNE.v:177$1032 ($sub).
Removed top 4 bits (of 10) from mux cell mkPositCore.$flatten\ptof.$ternary$/teamspace/studios/this_studio/Melodica-Integration-into-Fife-Core/Learn_Bluespec_and_RISCV_Design/Code/Build/Fife/verilog/mkPtoF_PNE.v:146$1022 ($mux).
Removed top 1 bits (of 10) from port B of cell mkPositCore.$flatten\ptof.$le$/teamspace/studios/this_studio/Melodica-Integration-into-Fife-Core/Learn_Bluespec_and_RISCV_Design/Code/Build/Fife/verilog/mkPtoF_PNE.v:146$1021 ($le).
Removed top 4 bits (of 10) from mux cell mkPositCore.$flatten\ptof.$ternary$/teamspace/studios/this_studio/Melodica-Integration-into-Fife-Core/Learn_Bluespec_and_RISCV_Design/Code/Build/Fife/verilog/mkPtoF_PNE.v:141$1019 ($mux).
Removed top 31 bits (of 32) from port B of cell mkPositCore.$flatten\quire.\instance_fn_twosC_quire_2.$add$/teamspace/studios/this_studio/Melodica-Integration-into-Fife-Core/Learn_Bluespec_and_RISCV_Design/Code/Build/Fife/verilog/module_fn_twosC_quire.v:80$84 ($add).
Removed top 31 bits (of 32) from port B of cell mkPositCore.$flatten\quire.\instance_fn_twosC_quire_2.$add$/teamspace/studios/this_studio/Melodica-Integration-into-Fife-Core/Learn_Bluespec_and_RISCV_Design/Code/Build/Fife/verilog/module_fn_twosC_quire.v:87$90 ($add).
Removed top 31 bits (of 32) from port B of cell mkPositCore.$flatten\quire.\instance_fn_twosC_quire_2.$add$/teamspace/studios/this_studio/Melodica-Integration-into-Fife-Core/Learn_Bluespec_and_RISCV_Design/Code/Build/Fife/verilog/module_fn_twosC_quire.v:94$96 ($add).
Removed top 1 bits (of 32) from mux cell mkPositCore.$flatten\quire.\instance_fn_twosC_quire_2.$ternary$/teamspace/studios/this_studio/Melodica-Integration-into-Fife-Core/Learn_Bluespec_and_RISCV_Design/Code/Build/Fife/verilog/module_fn_twosC_quire.v:97$104 ($mux).
Removed top 31 bits (of 32) from port B of cell mkPositCore.$flatten\quire.\instance_fn_twosC_quire_2.$add$/teamspace/studios/this_studio/Melodica-Integration-into-Fife-Core/Learn_Bluespec_and_RISCV_Design/Code/Build/Fife/verilog/module_fn_twosC_quire.v:108$108 ($add).
Removed top 31 bits (of 32) from port B of cell mkPositCore.$flatten\quire.\instance_fn_twosC_quire_2.$add$/teamspace/studios/this_studio/Melodica-Integration-into-Fife-Core/Learn_Bluespec_and_RISCV_Design/Code/Build/Fife/verilog/module_fn_twosC_quire.v:115$114 ($add).
Removed top 31 bits (of 32) from port B of cell mkPositCore.$flatten\quire.\instance_fn_twosC_quire_2.$add$/teamspace/studios/this_studio/Melodica-Integration-into-Fife-Core/Learn_Bluespec_and_RISCV_Design/Code/Build/Fife/verilog/module_fn_twosC_quire.v:122$120 ($add).
Removed top 31 bits (of 32) from port B of cell mkPositCore.$flatten\quire.\instance_fn_twosC_quire_2.$add$/teamspace/studios/this_studio/Melodica-Integration-into-Fife-Core/Learn_Bluespec_and_RISCV_Design/Code/Build/Fife/verilog/module_fn_twosC_quire.v:129$126 ($add).
Removed top 31 bits (of 32) from port B of cell mkPositCore.$flatten\quire.\instance_fn_twosC_quire_2.$add$/teamspace/studios/this_studio/Melodica-Integration-into-Fife-Core/Learn_Bluespec_and_RISCV_Design/Code/Build/Fife/verilog/module_fn_twosC_quire.v:136$132 ($add).
Removed top 31 bits (of 32) from port B of cell mkPositCore.$flatten\quire.\instance_fn_twosC_quire_2.$add$/teamspace/studios/this_studio/Melodica-Integration-into-Fife-Core/Learn_Bluespec_and_RISCV_Design/Code/Build/Fife/verilog/module_fn_twosC_quire.v:143$138 ($add).
Removed top 31 bits (of 32) from port B of cell mkPositCore.$flatten\quire.\instance_fn_twosC_quire_2.$add$/teamspace/studios/this_studio/Melodica-Integration-into-Fife-Core/Learn_Bluespec_and_RISCV_Design/Code/Build/Fife/verilog/module_fn_twosC_quire.v:150$144 ($add).
Removed top 31 bits (of 32) from port B of cell mkPositCore.$flatten\quire.\instance_fn_twosC_quire_2.$add$/teamspace/studios/this_studio/Melodica-Integration-into-Fife-Core/Learn_Bluespec_and_RISCV_Design/Code/Build/Fife/verilog/module_fn_twosC_quire.v:157$150 ($add).
Removed top 31 bits (of 32) from port B of cell mkPositCore.$flatten\quire.\instance_fn_twosC_quire_2.$add$/teamspace/studios/this_studio/Melodica-Integration-into-Fife-Core/Learn_Bluespec_and_RISCV_Design/Code/Build/Fife/verilog/module_fn_twosC_quire.v:164$156 ($add).
Removed top 12 bits (of 13) from port B of cell mkPositCore.$flatten\quire.\instance_fn_twosC_quire_2.$add$/teamspace/studios/this_studio/Melodica-Integration-into-Fife-Core/Learn_Bluespec_and_RISCV_Design/Code/Build/Fife/verilog/module_fn_twosC_quire.v:167$159 ($add).
Removed top 31 bits (of 32) from port B of cell mkPositCore.$flatten\quire.\instance_fn_twosC_quire_0.$add$/teamspace/studios/this_studio/Melodica-Integration-into-Fife-Core/Learn_Bluespec_and_RISCV_Design/Code/Build/Fife/verilog/module_fn_twosC_quire.v:80$84 ($add).
Removed top 31 bits (of 32) from port B of cell mkPositCore.$flatten\quire.\instance_fn_twosC_quire_0.$add$/teamspace/studios/this_studio/Melodica-Integration-into-Fife-Core/Learn_Bluespec_and_RISCV_Design/Code/Build/Fife/verilog/module_fn_twosC_quire.v:87$90 ($add).
Removed top 31 bits (of 32) from port B of cell mkPositCore.$flatten\quire.\instance_fn_twosC_quire_0.$add$/teamspace/studios/this_studio/Melodica-Integration-into-Fife-Core/Learn_Bluespec_and_RISCV_Design/Code/Build/Fife/verilog/module_fn_twosC_quire.v:94$96 ($add).
Removed top 1 bits (of 32) from mux cell mkPositCore.$flatten\quire.\instance_fn_twosC_quire_0.$ternary$/teamspace/studios/this_studio/Melodica-Integration-into-Fife-Core/Learn_Bluespec_and_RISCV_Design/Code/Build/Fife/verilog/module_fn_twosC_quire.v:97$104 ($mux).
Removed top 31 bits (of 32) from port B of cell mkPositCore.$flatten\quire.\instance_fn_twosC_quire_0.$add$/teamspace/studios/this_studio/Melodica-Integration-into-Fife-Core/Learn_Bluespec_and_RISCV_Design/Code/Build/Fife/verilog/module_fn_twosC_quire.v:108$108 ($add).
Removed top 31 bits (of 32) from port B of cell mkPositCore.$flatten\quire.\instance_fn_twosC_quire_0.$add$/teamspace/studios/this_studio/Melodica-Integration-into-Fife-Core/Learn_Bluespec_and_RISCV_Design/Code/Build/Fife/verilog/module_fn_twosC_quire.v:115$114 ($add).
Removed top 31 bits (of 32) from port B of cell mkPositCore.$flatten\quire.\instance_fn_twosC_quire_0.$add$/teamspace/studios/this_studio/Melodica-Integration-into-Fife-Core/Learn_Bluespec_and_RISCV_Design/Code/Build/Fife/verilog/module_fn_twosC_quire.v:122$120 ($add).
Removed top 31 bits (of 32) from port B of cell mkPositCore.$flatten\quire.\instance_fn_twosC_quire_0.$add$/teamspace/studios/this_studio/Melodica-Integration-into-Fife-Core/Learn_Bluespec_and_RISCV_Design/Code/Build/Fife/verilog/module_fn_twosC_quire.v:129$126 ($add).
Removed top 31 bits (of 32) from port B of cell mkPositCore.$flatten\quire.\instance_fn_twosC_quire_0.$add$/teamspace/studios/this_studio/Melodica-Integration-into-Fife-Core/Learn_Bluespec_and_RISCV_Design/Code/Build/Fife/verilog/module_fn_twosC_quire.v:136$132 ($add).
Removed top 31 bits (of 32) from port B of cell mkPositCore.$flatten\quire.\instance_fn_twosC_quire_0.$add$/teamspace/studios/this_studio/Melodica-Integration-into-Fife-Core/Learn_Bluespec_and_RISCV_Design/Code/Build/Fife/verilog/module_fn_twosC_quire.v:143$138 ($add).
Removed top 31 bits (of 32) from port B of cell mkPositCore.$flatten\quire.\instance_fn_twosC_quire_0.$add$/teamspace/studios/this_studio/Melodica-Integration-into-Fife-Core/Learn_Bluespec_and_RISCV_Design/Code/Build/Fife/verilog/module_fn_twosC_quire.v:150$144 ($add).
Removed top 31 bits (of 32) from port B of cell mkPositCore.$flatten\quire.\instance_fn_twosC_quire_0.$add$/teamspace/studios/this_studio/Melodica-Integration-into-Fife-Core/Learn_Bluespec_and_RISCV_Design/Code/Build/Fife/verilog/module_fn_twosC_quire.v:157$150 ($add).
Removed top 31 bits (of 32) from port B of cell mkPositCore.$flatten\quire.\instance_fn_twosC_quire_0.$add$/teamspace/studios/this_studio/Melodica-Integration-into-Fife-Core/Learn_Bluespec_and_RISCV_Design/Code/Build/Fife/verilog/module_fn_twosC_quire.v:164$156 ($add).
Removed top 12 bits (of 13) from port B of cell mkPositCore.$flatten\quire.\instance_fn_twosC_quire_0.$add$/teamspace/studios/this_studio/Melodica-Integration-into-Fife-Core/Learn_Bluespec_and_RISCV_Design/Code/Build/Fife/verilog/module_fn_twosC_quire.v:167$159 ($add).
Removed top 31 bits (of 32) from port B of cell mkPositCore.$flatten\quire.\instance_fn_twosC_quire_1.$add$/teamspace/studios/this_studio/Melodica-Integration-into-Fife-Core/Learn_Bluespec_and_RISCV_Design/Code/Build/Fife/verilog/module_fn_twosC_quire.v:80$84 ($add).
Removed top 31 bits (of 32) from port B of cell mkPositCore.$flatten\quire.\instance_fn_twosC_quire_1.$add$/teamspace/studios/this_studio/Melodica-Integration-into-Fife-Core/Learn_Bluespec_and_RISCV_Design/Code/Build/Fife/verilog/module_fn_twosC_quire.v:87$90 ($add).
Removed top 31 bits (of 32) from port B of cell mkPositCore.$flatten\quire.\instance_fn_twosC_quire_1.$add$/teamspace/studios/this_studio/Melodica-Integration-into-Fife-Core/Learn_Bluespec_and_RISCV_Design/Code/Build/Fife/verilog/module_fn_twosC_quire.v:94$96 ($add).
Removed top 31 bits (of 32) from port B of cell mkPositCore.$flatten\quire.\instance_fn_twosC_quire_1.$add$/teamspace/studios/this_studio/Melodica-Integration-into-Fife-Core/Learn_Bluespec_and_RISCV_Design/Code/Build/Fife/verilog/module_fn_twosC_quire.v:101$102 ($add).
Removed top 1 bits (of 32) from mux cell mkPositCore.$flatten\quire.\instance_fn_twosC_quire_1.$ternary$/teamspace/studios/this_studio/Melodica-Integration-into-Fife-Core/Learn_Bluespec_and_RISCV_Design/Code/Build/Fife/verilog/module_fn_twosC_quire.v:97$104 ($mux).
Removed top 31 bits (of 32) from port B of cell mkPositCore.$flatten\quire.\instance_fn_twosC_quire_1.$add$/teamspace/studios/this_studio/Melodica-Integration-into-Fife-Core/Learn_Bluespec_and_RISCV_Design/Code/Build/Fife/verilog/module_fn_twosC_quire.v:108$108 ($add).
Removed top 31 bits (of 32) from port B of cell mkPositCore.$flatten\quire.\instance_fn_twosC_quire_1.$add$/teamspace/studios/this_studio/Melodica-Integration-into-Fife-Core/Learn_Bluespec_and_RISCV_Design/Code/Build/Fife/verilog/module_fn_twosC_quire.v:115$114 ($add).
Removed top 31 bits (of 32) from port B of cell mkPositCore.$flatten\quire.\instance_fn_twosC_quire_1.$add$/teamspace/studios/this_studio/Melodica-Integration-into-Fife-Core/Learn_Bluespec_and_RISCV_Design/Code/Build/Fife/verilog/module_fn_twosC_quire.v:122$120 ($add).
Removed top 31 bits (of 32) from port B of cell mkPositCore.$flatten\quire.\instance_fn_twosC_quire_1.$add$/teamspace/studios/this_studio/Melodica-Integration-into-Fife-Core/Learn_Bluespec_and_RISCV_Design/Code/Build/Fife/verilog/module_fn_twosC_quire.v:129$126 ($add).
Removed top 31 bits (of 32) from port B of cell mkPositCore.$flatten\quire.\instance_fn_twosC_quire_1.$add$/teamspace/studios/this_studio/Melodica-Integration-into-Fife-Core/Learn_Bluespec_and_RISCV_Design/Code/Build/Fife/verilog/module_fn_twosC_quire.v:136$132 ($add).
Removed top 31 bits (of 32) from port B of cell mkPositCore.$flatten\quire.\instance_fn_twosC_quire_1.$add$/teamspace/studios/this_studio/Melodica-Integration-into-Fife-Core/Learn_Bluespec_and_RISCV_Design/Code/Build/Fife/verilog/module_fn_twosC_quire.v:143$138 ($add).
Removed top 31 bits (of 32) from port B of cell mkPositCore.$flatten\quire.\instance_fn_twosC_quire_1.$add$/teamspace/studios/this_studio/Melodica-Integration-into-Fife-Core/Learn_Bluespec_and_RISCV_Design/Code/Build/Fife/verilog/module_fn_twosC_quire.v:150$144 ($add).
Removed top 31 bits (of 32) from port B of cell mkPositCore.$flatten\quire.\instance_fn_twosC_quire_1.$add$/teamspace/studios/this_studio/Melodica-Integration-into-Fife-Core/Learn_Bluespec_and_RISCV_Design/Code/Build/Fife/verilog/module_fn_twosC_quire.v:157$150 ($add).
Removed top 31 bits (of 32) from port B of cell mkPositCore.$flatten\quire.\instance_fn_twosC_quire_1.$add$/teamspace/studios/this_studio/Melodica-Integration-into-Fife-Core/Learn_Bluespec_and_RISCV_Design/Code/Build/Fife/verilog/module_fn_twosC_quire.v:164$156 ($add).
Removed top 12 bits (of 13) from port B of cell mkPositCore.$flatten\quire.\instance_fn_twosC_quire_1.$add$/teamspace/studios/this_studio/Melodica-Integration-into-Fife-Core/Learn_Bluespec_and_RISCV_Design/Code/Build/Fife/verilog/module_fn_twosC_quire.v:167$159 ($add).
Removed top 1 bits (of 3) from port B of cell mkPositCore.$flatten\quire.\seg_adder_vff_in_9.$procmux$1598_CMP0 ($eq).
Removed top 1 bits (of 3) from port B of cell mkPositCore.$flatten\quire.\seg_adder_vff_in_9.$procmux$1613_CMP0 ($eq).
Removed top 1 bits (of 3) from port B of cell mkPositCore.$flatten\quire.\seg_adder_vff_in_8.$procmux$1598_CMP0 ($eq).
Removed top 1 bits (of 3) from port B of cell mkPositCore.$flatten\quire.\seg_adder_vff_in_8.$procmux$1613_CMP0 ($eq).
Removed top 1 bits (of 3) from port B of cell mkPositCore.$flatten\quire.\seg_adder_vff_in_7.$procmux$1598_CMP0 ($eq).
Removed top 1 bits (of 3) from port B of cell mkPositCore.$flatten\quire.\seg_adder_vff_in_7.$procmux$1613_CMP0 ($eq).
Removed top 1 bits (of 3) from port B of cell mkPositCore.$flatten\quire.\seg_adder_vff_in_6.$procmux$1598_CMP0 ($eq).
Removed top 1 bits (of 3) from port B of cell mkPositCore.$flatten\quire.\seg_adder_vff_in_6.$procmux$1613_CMP0 ($eq).
Removed top 1 bits (of 3) from port B of cell mkPositCore.$flatten\quire.\seg_adder_vff_in_5.$procmux$1598_CMP0 ($eq).
Removed top 1 bits (of 3) from port B of cell mkPositCore.$flatten\quire.\seg_adder_vff_in_5.$procmux$1613_CMP0 ($eq).
Removed top 1 bits (of 3) from port B of cell mkPositCore.$flatten\quire.\seg_adder_vff_in_4.$procmux$1598_CMP0 ($eq).
Removed top 1 bits (of 3) from port B of cell mkPositCore.$flatten\quire.\seg_adder_vff_in_4.$procmux$1613_CMP0 ($eq).
Removed top 1 bits (of 3) from port B of cell mkPositCore.$flatten\quire.\seg_adder_vff_in_3.$procmux$1598_CMP0 ($eq).
Removed top 1 bits (of 3) from port B of cell mkPositCore.$flatten\quire.\seg_adder_vff_in_3.$procmux$1613_CMP0 ($eq).
Removed top 1 bits (of 3) from port B of cell mkPositCore.$flatten\quire.\seg_adder_vff_in_2.$procmux$1598_CMP0 ($eq).
Removed top 1 bits (of 3) from port B of cell mkPositCore.$flatten\quire.\seg_adder_vff_in_2.$procmux$1613_CMP0 ($eq).
Removed top 1 bits (of 3) from port B of cell mkPositCore.$flatten\quire.\seg_adder_vff_in_12.$procmux$1598_CMP0 ($eq).
Removed top 1 bits (of 3) from port B of cell mkPositCore.$flatten\quire.\seg_adder_vff_in_12.$procmux$1613_CMP0 ($eq).
Removed top 1 bits (of 3) from port B of cell mkPositCore.$flatten\quire.\seg_adder_vff_in_11.$procmux$1598_CMP0 ($eq).
Removed top 1 bits (of 3) from port B of cell mkPositCore.$flatten\quire.\seg_adder_vff_in_11.$procmux$1613_CMP0 ($eq).
Removed top 1 bits (of 3) from port B of cell mkPositCore.$flatten\quire.\seg_adder_vff_in_10.$procmux$1598_CMP0 ($eq).
Removed top 1 bits (of 3) from port B of cell mkPositCore.$flatten\quire.\seg_adder_vff_in_10.$procmux$1613_CMP0 ($eq).
Removed top 1 bits (of 3) from port B of cell mkPositCore.$flatten\quire.\seg_adder_vff_in_1.$procmux$1598_CMP0 ($eq).
Removed top 1 bits (of 3) from port B of cell mkPositCore.$flatten\quire.\seg_adder_vff_in_1.$procmux$1613_CMP0 ($eq).
Removed top 1 bits (of 3) from port B of cell mkPositCore.$flatten\quire.\seg_adder_vff_in_0.$procmux$1598_CMP0 ($eq).
Removed top 1 bits (of 3) from port B of cell mkPositCore.$flatten\quire.\seg_adder_vff_in_0.$procmux$1613_CMP0 ($eq).
Removed top 1 bits (of 3) from port B of cell mkPositCore.$flatten\quire.\seg_adder_vff_carry_9.$procmux$1540_CMP0 ($eq).
Removed top 1 bits (of 3) from port B of cell mkPositCore.$flatten\quire.\seg_adder_vff_carry_9.$procmux$1555_CMP0 ($eq).
Removed top 1 bits (of 3) from port B of cell mkPositCore.$flatten\quire.\seg_adder_vff_carry_8.$procmux$1540_CMP0 ($eq).
Removed top 1 bits (of 3) from port B of cell mkPositCore.$flatten\quire.\seg_adder_vff_carry_8.$procmux$1555_CMP0 ($eq).
Removed top 1 bits (of 3) from port B of cell mkPositCore.$flatten\quire.\seg_adder_vff_carry_7.$procmux$1540_CMP0 ($eq).
Removed top 1 bits (of 3) from port B of cell mkPositCore.$flatten\quire.\seg_adder_vff_carry_7.$procmux$1555_CMP0 ($eq).
Removed top 1 bits (of 3) from port B of cell mkPositCore.$flatten\quire.\seg_adder_vff_carry_6.$procmux$1540_CMP0 ($eq).
Removed top 1 bits (of 3) from port B of cell mkPositCore.$flatten\quire.\seg_adder_vff_carry_6.$procmux$1555_CMP0 ($eq).
Removed top 1 bits (of 3) from port B of cell mkPositCore.$flatten\quire.\seg_adder_vff_carry_5.$procmux$1540_CMP0 ($eq).
Removed top 1 bits (of 3) from port B of cell mkPositCore.$flatten\quire.\seg_adder_vff_carry_5.$procmux$1555_CMP0 ($eq).
Removed top 1 bits (of 3) from port B of cell mkPositCore.$flatten\quire.\seg_adder_vff_carry_4.$procmux$1540_CMP0 ($eq).
Removed top 1 bits (of 3) from port B of cell mkPositCore.$flatten\quire.\seg_adder_vff_carry_4.$procmux$1555_CMP0 ($eq).
Removed top 1 bits (of 3) from port B of cell mkPositCore.$flatten\quire.\seg_adder_vff_carry_3.$procmux$1540_CMP0 ($eq).
Removed top 1 bits (of 3) from port B of cell mkPositCore.$flatten\quire.\seg_adder_vff_carry_3.$procmux$1555_CMP0 ($eq).
Removed top 1 bits (of 3) from port B of cell mkPositCore.$flatten\quire.\seg_adder_vff_carry_2.$procmux$1540_CMP0 ($eq).
Removed top 1 bits (of 3) from port B of cell mkPositCore.$flatten\quire.\seg_adder_vff_carry_2.$procmux$1555_CMP0 ($eq).
Removed top 1 bits (of 3) from port B of cell mkPositCore.$flatten\quire.\seg_adder_vff_carry_11.$procmux$1540_CMP0 ($eq).
Removed top 1 bits (of 3) from port B of cell mkPositCore.$flatten\quire.\seg_adder_vff_carry_11.$procmux$1555_CMP0 ($eq).
Removed top 1 bits (of 3) from port B of cell mkPositCore.$flatten\quire.\seg_adder_vff_carry_10.$procmux$1540_CMP0 ($eq).
Removed top 1 bits (of 3) from port B of cell mkPositCore.$flatten\quire.\seg_adder_vff_carry_10.$procmux$1555_CMP0 ($eq).
Removed top 1 bits (of 3) from port B of cell mkPositCore.$flatten\quire.\seg_adder_vff_carry_1.$procmux$1540_CMP0 ($eq).
Removed top 1 bits (of 3) from port B of cell mkPositCore.$flatten\quire.\seg_adder_vff_carry_1.$procmux$1555_CMP0 ($eq).
Removed top 1 bits (of 3) from port B of cell mkPositCore.$flatten\quire.\seg_adder_vff_carry_0.$procmux$1540_CMP0 ($eq).
Removed top 1 bits (of 3) from port B of cell mkPositCore.$flatten\quire.\seg_adder_vff_carry_0.$procmux$1555_CMP0 ($eq).
Removed top 1 bits (of 33) from port A of cell mkPositCore.$flatten\quire.$add$/teamspace/studios/this_studio/Melodica-Integration-into-Fife-Core/Learn_Bluespec_and_RISCV_Design/Code/Build/Fife/verilog/mkQuire.v:2704$867 ($add).
Removed top 1 bits (of 33) from port B of cell mkPositCore.$flatten\quire.$add$/teamspace/studios/this_studio/Melodica-Integration-into-Fife-Core/Learn_Bluespec_and_RISCV_Design/Code/Build/Fife/verilog/mkQuire.v:2704$867 ($add).
Removed top 1 bits (of 33) from port A of cell mkPositCore.$flatten\quire.$add$/teamspace/studios/this_studio/Melodica-Integration-into-Fife-Core/Learn_Bluespec_and_RISCV_Design/Code/Build/Fife/verilog/mkQuire.v:2703$866 ($add).
Removed top 1 bits (of 33) from port B of cell mkPositCore.$flatten\quire.$add$/teamspace/studios/this_studio/Melodica-Integration-into-Fife-Core/Learn_Bluespec_and_RISCV_Design/Code/Build/Fife/verilog/mkQuire.v:2703$866 ($add).
Removed top 1 bits (of 33) from port A of cell mkPositCore.$flatten\quire.$add$/teamspace/studios/this_studio/Melodica-Integration-into-Fife-Core/Learn_Bluespec_and_RISCV_Design/Code/Build/Fife/verilog/mkQuire.v:2702$865 ($add).
Removed top 1 bits (of 33) from port B of cell mkPositCore.$flatten\quire.$add$/teamspace/studios/this_studio/Melodica-Integration-into-Fife-Core/Learn_Bluespec_and_RISCV_Design/Code/Build/Fife/verilog/mkQuire.v:2702$865 ($add).
Removed top 1 bits (of 33) from port A of cell mkPositCore.$flatten\quire.$add$/teamspace/studios/this_studio/Melodica-Integration-into-Fife-Core/Learn_Bluespec_and_RISCV_Design/Code/Build/Fife/verilog/mkQuire.v:2701$864 ($add).
Removed top 1 bits (of 33) from port B of cell mkPositCore.$flatten\quire.$add$/teamspace/studios/this_studio/Melodica-Integration-into-Fife-Core/Learn_Bluespec_and_RISCV_Design/Code/Build/Fife/verilog/mkQuire.v:2701$864 ($add).
Removed top 1 bits (of 33) from port A of cell mkPositCore.$flatten\quire.$add$/teamspace/studios/this_studio/Melodica-Integration-into-Fife-Core/Learn_Bluespec_and_RISCV_Design/Code/Build/Fife/verilog/mkQuire.v:2700$863 ($add).
Removed top 1 bits (of 33) from port B of cell mkPositCore.$flatten\quire.$add$/teamspace/studios/this_studio/Melodica-Integration-into-Fife-Core/Learn_Bluespec_and_RISCV_Design/Code/Build/Fife/verilog/mkQuire.v:2700$863 ($add).
Removed top 1 bits (of 33) from port A of cell mkPositCore.$flatten\quire.$add$/teamspace/studios/this_studio/Melodica-Integration-into-Fife-Core/Learn_Bluespec_and_RISCV_Design/Code/Build/Fife/verilog/mkQuire.v:2699$862 ($add).
Removed top 1 bits (of 33) from port B of cell mkPositCore.$flatten\quire.$add$/teamspace/studios/this_studio/Melodica-Integration-into-Fife-Core/Learn_Bluespec_and_RISCV_Design/Code/Build/Fife/verilog/mkQuire.v:2699$862 ($add).
Removed top 1 bits (of 33) from port A of cell mkPositCore.$flatten\quire.$add$/teamspace/studios/this_studio/Melodica-Integration-into-Fife-Core/Learn_Bluespec_and_RISCV_Design/Code/Build/Fife/verilog/mkQuire.v:2698$861 ($add).
Removed top 1 bits (of 33) from port B of cell mkPositCore.$flatten\quire.$add$/teamspace/studios/this_studio/Melodica-Integration-into-Fife-Core/Learn_Bluespec_and_RISCV_Design/Code/Build/Fife/verilog/mkQuire.v:2698$861 ($add).
Removed top 1 bits (of 33) from port A of cell mkPositCore.$flatten\quire.$add$/teamspace/studios/this_studio/Melodica-Integration-into-Fife-Core/Learn_Bluespec_and_RISCV_Design/Code/Build/Fife/verilog/mkQuire.v:2614$815 ($add).
Removed top 1 bits (of 33) from port B of cell mkPositCore.$flatten\quire.$add$/teamspace/studios/this_studio/Melodica-Integration-into-Fife-Core/Learn_Bluespec_and_RISCV_Design/Code/Build/Fife/verilog/mkQuire.v:2614$815 ($add).
Removed top 1 bits (of 33) from port A of cell mkPositCore.$flatten\quire.$add$/teamspace/studios/this_studio/Melodica-Integration-into-Fife-Core/Learn_Bluespec_and_RISCV_Design/Code/Build/Fife/verilog/mkQuire.v:2613$814 ($add).
Removed top 1 bits (of 33) from port B of cell mkPositCore.$flatten\quire.$add$/teamspace/studios/this_studio/Melodica-Integration-into-Fife-Core/Learn_Bluespec_and_RISCV_Design/Code/Build/Fife/verilog/mkQuire.v:2613$814 ($add).
Removed top 1 bits (of 33) from port A of cell mkPositCore.$flatten\quire.$add$/teamspace/studios/this_studio/Melodica-Integration-into-Fife-Core/Learn_Bluespec_and_RISCV_Design/Code/Build/Fife/verilog/mkQuire.v:2612$813 ($add).
Removed top 1 bits (of 33) from port B of cell mkPositCore.$flatten\quire.$add$/teamspace/studios/this_studio/Melodica-Integration-into-Fife-Core/Learn_Bluespec_and_RISCV_Design/Code/Build/Fife/verilog/mkQuire.v:2612$813 ($add).
Removed top 1 bits (of 33) from port A of cell mkPositCore.$flatten\quire.$add$/teamspace/studios/this_studio/Melodica-Integration-into-Fife-Core/Learn_Bluespec_and_RISCV_Design/Code/Build/Fife/verilog/mkQuire.v:2611$812 ($add).
Removed top 1 bits (of 33) from port B of cell mkPositCore.$flatten\quire.$add$/teamspace/studios/this_studio/Melodica-Integration-into-Fife-Core/Learn_Bluespec_and_RISCV_Design/Code/Build/Fife/verilog/mkQuire.v:2611$812 ($add).
Removed top 1 bits (of 33) from port A of cell mkPositCore.$flatten\quire.$add$/teamspace/studios/this_studio/Melodica-Integration-into-Fife-Core/Learn_Bluespec_and_RISCV_Design/Code/Build/Fife/verilog/mkQuire.v:2610$811 ($add).
Removed top 1 bits (of 33) from port B of cell mkPositCore.$flatten\quire.$add$/teamspace/studios/this_studio/Melodica-Integration-into-Fife-Core/Learn_Bluespec_and_RISCV_Design/Code/Build/Fife/verilog/mkQuire.v:2610$811 ($add).
Removed top 191 bits (of 384) from port A of cell mkPositCore.$flatten\quire.$shr$/teamspace/studios/this_studio/Melodica-Integration-into-Fife-Core/Learn_Bluespec_and_RISCV_Design/Code/Build/Fife/verilog/mkQuire.v:2542$796 ($shr).
Removed top 374 bits (of 384) from port B of cell mkPositCore.$flatten\quire.$shr$/teamspace/studios/this_studio/Melodica-Integration-into-Fife-Core/Learn_Bluespec_and_RISCV_Design/Code/Build/Fife/verilog/mkQuire.v:2542$796 ($shr).
Removed top 191 bits (of 384) from port A of cell mkPositCore.$flatten\quire.$shl$/teamspace/studios/this_studio/Melodica-Integration-into-Fife-Core/Learn_Bluespec_and_RISCV_Design/Code/Build/Fife/verilog/mkQuire.v:2539$794 ($shl).
Removed top 374 bits (of 384) from port B of cell mkPositCore.$flatten\quire.$shl$/teamspace/studios/this_studio/Melodica-Integration-into-Fife-Core/Learn_Bluespec_and_RISCV_Design/Code/Build/Fife/verilog/mkQuire.v:2539$794 ($shl).
Removed top 1 bits (of 10) from port A of cell mkPositCore.$flatten\quire.$add$/teamspace/studios/this_studio/Melodica-Integration-into-Fife-Core/Learn_Bluespec_and_RISCV_Design/Code/Build/Fife/verilog/mkQuire.v:2510$790 ($add).
Removed top 4 bits (of 10) from port B of cell mkPositCore.$flatten\quire.$add$/teamspace/studios/this_studio/Melodica-Integration-into-Fife-Core/Learn_Bluespec_and_RISCV_Design/Code/Build/Fife/verilog/mkQuire.v:2510$790 ($add).
Removed top 9 bits (of 10) from port B of cell mkPositCore.$flatten\quire.$add$/teamspace/studios/this_studio/Melodica-Integration-into-Fife-Core/Learn_Bluespec_and_RISCV_Design/Code/Build/Fife/verilog/mkQuire.v:2495$789 ($add).
Removed top 32 bits (of 33) from port B of cell mkPositCore.$flatten\quire.$add$/teamspace/studios/this_studio/Melodica-Integration-into-Fife-Core/Learn_Bluespec_and_RISCV_Design/Code/Build/Fife/verilog/mkQuire.v:2479$787 ($add).
Removed top 32 bits (of 33) from port B of cell mkPositCore.$flatten\quire.$add$/teamspace/studios/this_studio/Melodica-Integration-into-Fife-Core/Learn_Bluespec_and_RISCV_Design/Code/Build/Fife/verilog/mkQuire.v:2477$786 ($add).
Removed top 32 bits (of 33) from port B of cell mkPositCore.$flatten\quire.$add$/teamspace/studios/this_studio/Melodica-Integration-into-Fife-Core/Learn_Bluespec_and_RISCV_Design/Code/Build/Fife/verilog/mkQuire.v:2475$785 ($add).
Removed top 32 bits (of 33) from port B of cell mkPositCore.$flatten\quire.$add$/teamspace/studios/this_studio/Melodica-Integration-into-Fife-Core/Learn_Bluespec_and_RISCV_Design/Code/Build/Fife/verilog/mkQuire.v:2473$784 ($add).
Removed top 32 bits (of 33) from port B of cell mkPositCore.$flatten\quire.$add$/teamspace/studios/this_studio/Melodica-Integration-into-Fife-Core/Learn_Bluespec_and_RISCV_Design/Code/Build/Fife/verilog/mkQuire.v:2471$783 ($add).
Removed top 32 bits (of 33) from port B of cell mkPositCore.$flatten\quire.$add$/teamspace/studios/this_studio/Melodica-Integration-into-Fife-Core/Learn_Bluespec_and_RISCV_Design/Code/Build/Fife/verilog/mkQuire.v:2469$782 ($add).
Removed top 32 bits (of 33) from port B of cell mkPositCore.$flatten\quire.$add$/teamspace/studios/this_studio/Melodica-Integration-into-Fife-Core/Learn_Bluespec_and_RISCV_Design/Code/Build/Fife/verilog/mkQuire.v:2467$781 ($add).
Removed top 1 bits (of 33) from port A of cell mkPositCore.$flatten\quire.$add$/teamspace/studios/this_studio/Melodica-Integration-into-Fife-Core/Learn_Bluespec_and_RISCV_Design/Code/Build/Fife/verilog/mkQuire.v:2465$780 ($add).
Removed top 1 bits (of 33) from port B of cell mkPositCore.$flatten\quire.$add$/teamspace/studios/this_studio/Melodica-Integration-into-Fife-Core/Learn_Bluespec_and_RISCV_Design/Code/Build/Fife/verilog/mkQuire.v:2465$780 ($add).
Removed top 32 bits (of 33) from port B of cell mkPositCore.$flatten\quire.$add$/teamspace/studios/this_studio/Melodica-Integration-into-Fife-Core/Learn_Bluespec_and_RISCV_Design/Code/Build/Fife/verilog/mkQuire.v:2463$779 ($add).
Removed top 1 bits (of 33) from port Y of cell mkPositCore.$flatten\quire.$add$/teamspace/studios/this_studio/Melodica-Integration-into-Fife-Core/Learn_Bluespec_and_RISCV_Design/Code/Build/Fife/verilog/mkQuire.v:2463$779 ($add).
Removed top 1 bits (of 33) from port A of cell mkPositCore.$flatten\quire.$add$/teamspace/studios/this_studio/Melodica-Integration-into-Fife-Core/Learn_Bluespec_and_RISCV_Design/Code/Build/Fife/verilog/mkQuire.v:2463$779 ($add).
Removed top 32 bits (of 33) from port B of cell mkPositCore.$flatten\quire.$add$/teamspace/studios/this_studio/Melodica-Integration-into-Fife-Core/Learn_Bluespec_and_RISCV_Design/Code/Build/Fife/verilog/mkQuire.v:2461$778 ($add).
Removed top 32 bits (of 33) from port B of cell mkPositCore.$flatten\quire.$add$/teamspace/studios/this_studio/Melodica-Integration-into-Fife-Core/Learn_Bluespec_and_RISCV_Design/Code/Build/Fife/verilog/mkQuire.v:2459$777 ($add).
Removed top 32 bits (of 33) from port B of cell mkPositCore.$flatten\quire.$add$/teamspace/studios/this_studio/Melodica-Integration-into-Fife-Core/Learn_Bluespec_and_RISCV_Design/Code/Build/Fife/verilog/mkQuire.v:2457$776 ($add).
Removed top 32 bits (of 33) from port B of cell mkPositCore.$flatten\quire.$add$/teamspace/studios/this_studio/Melodica-Integration-into-Fife-Core/Learn_Bluespec_and_RISCV_Design/Code/Build/Fife/verilog/mkQuire.v:2455$775 ($add).
Removed top 2 bits (of 10) from port A of cell mkPositCore.$flatten\quire.$sub$/teamspace/studios/this_studio/Melodica-Integration-into-Fife-Core/Learn_Bluespec_and_RISCV_Design/Code/Build/Fife/verilog/mkQuire.v:2436$773 ($sub).
Removed top 1 bits (of 100) from port B of cell mkPositCore.$flatten\quire.$lt$/teamspace/studios/this_studio/Melodica-Integration-into-Fife-Core/Learn_Bluespec_and_RISCV_Design/Code/Build/Fife/verilog/mkQuire.v:2428$770 ($lt).
Removed top 405 bits (of 415) from port B of cell mkPositCore.$flatten\quire.$shl$/teamspace/studios/this_studio/Melodica-Integration-into-Fife-Core/Learn_Bluespec_and_RISCV_Design/Code/Build/Fife/verilog/mkQuire.v:2389$761 ($shl).
Removed top 1 bits (of 415) from port Y of cell mkPositCore.$flatten\quire.$shl$/teamspace/studios/this_studio/Melodica-Integration-into-Fife-Core/Learn_Bluespec_and_RISCV_Design/Code/Build/Fife/verilog/mkQuire.v:2389$761 ($shl).
Removed top 3 bits (of 4) from mux cell mkPositCore.$flatten\quire.$ternary$/teamspace/studios/this_studio/Melodica-Integration-into-Fife-Core/Learn_Bluespec_and_RISCV_Design/Code/Build/Fife/verilog/mkQuire.v:2352$740 ($mux).
Removed top 1 bits (of 41) from mux cell mkPositCore.$flatten\quire.$ternary$/teamspace/studios/this_studio/Melodica-Integration-into-Fife-Core/Learn_Bluespec_and_RISCV_Design/Code/Build/Fife/verilog/mkQuire.v:2061$682 ($mux).
Removed top 9 bits (of 10) from port B of cell mkPositCore.$flatten\quire.$sub$/teamspace/studios/this_studio/Melodica-Integration-into-Fife-Core/Learn_Bluespec_and_RISCV_Design/Code/Build/Fife/verilog/mkQuire.v:2053$681 ($sub).
Removed top 3 bits (of 4) from port B of cell mkPositCore.$flatten\quire.$sub$/teamspace/studios/this_studio/Melodica-Integration-into-Fife-Core/Learn_Bluespec_and_RISCV_Design/Code/Build/Fife/verilog/mkQuire.v:1252$289 ($sub).
Removed top 3 bits (of 4) from port B of cell mkPositCore.$flatten\quire.$add$/teamspace/studios/this_studio/Melodica-Integration-into-Fife-Core/Learn_Bluespec_and_RISCV_Design/Code/Build/Fife/verilog/mkQuire.v:1250$288 ($add).
Removed top 1 bits (of 32) from mux cell mkPositCore.$flatten\quire.\instance_fn_twosC_quire_1.$ternary$/teamspace/studios/this_studio/Melodica-Integration-into-Fife-Core/Learn_Bluespec_and_RISCV_Design/Code/Build/Fife/verilog/module_fn_twosC_quire.v:100$103 ($mux).
Removed top 1 bits (of 33) from port Y of cell mkPositCore.$flatten\quire.$add$/teamspace/studios/this_studio/Melodica-Integration-into-Fife-Core/Learn_Bluespec_and_RISCV_Design/Code/Build/Fife/verilog/mkQuire.v:2614$815 ($add).
Removed top 1 bits (of 32) from port Y of cell mkPositCore.$flatten\quire.\instance_fn_twosC_quire_1.$add$/teamspace/studios/this_studio/Melodica-Integration-into-Fife-Core/Learn_Bluespec_and_RISCV_Design/Code/Build/Fife/verilog/module_fn_twosC_quire.v:101$102 ($add).
Removed top 1 bits (of 32) from port A of cell mkPositCore.$flatten\quire.\instance_fn_twosC_quire_1.$add$/teamspace/studios/this_studio/Melodica-Integration-into-Fife-Core/Learn_Bluespec_and_RISCV_Design/Code/Build/Fife/verilog/module_fn_twosC_quire.v:101$102 ($add).
Removed top 1 bits (of 32) from port Y of cell mkPositCore.$flatten\quire.\instance_fn_twosC_quire_1.$not$/teamspace/studios/this_studio/Melodica-Integration-into-Fife-Core/Learn_Bluespec_and_RISCV_Design/Code/Build/Fife/verilog/module_fn_twosC_quire.v:101$101 ($not).
Removed top 1 bits (of 32) from port A of cell mkPositCore.$flatten\quire.\instance_fn_twosC_quire_1.$not$/teamspace/studios/this_studio/Melodica-Integration-into-Fife-Core/Learn_Bluespec_and_RISCV_Design/Code/Build/Fife/verilog/module_fn_twosC_quire.v:101$101 ($not).
Removed top 1 bits (of 2) from wire mkPositCore.$flatten\extracter1.$ternary$/teamspace/studios/this_studio/Melodica-Integration-into-Fife-Core/Learn_Bluespec_and_RISCV_Design/Code/Build/Fife/verilog/mkExtracter.v:134$937_Y.
Removed top 1 bits (of 2) from wire mkPositCore.$flatten\extracter2.$ternary$/teamspace/studios/this_studio/Melodica-Integration-into-Fife-Core/Learn_Bluespec_and_RISCV_Design/Code/Build/Fife/verilog/mkExtracter.v:134$937_Y.
Removed top 1 bits (of 2) from wire mkPositCore.$flatten\multiplier.$ternary$/teamspace/studios/this_studio/Melodica-Integration-into-Fife-Core/Learn_Bluespec_and_RISCV_Design/Code/Build/Fife/verilog/mkMultiplier.v:155$877_Y.
Removed top 3 bits (of 4) from wire mkPositCore.$flatten\quire.$ternary$/teamspace/studios/this_studio/Melodica-Integration-into-Fife-Core/Learn_Bluespec_and_RISCV_Design/Code/Build/Fife/verilog/mkQuire.v:2352$740_Y.
Removed top 1 bits (of 32) from wire mkPositCore.$flatten\quire.\instance_fn_twosC_quire_1.$add$/teamspace/studios/this_studio/Melodica-Integration-into-Fife-Core/Learn_Bluespec_and_RISCV_Design/Code/Build/Fife/verilog/module_fn_twosC_quire.v:101$102_Y.
Removed top 1 bits (of 32) from wire mkPositCore.$flatten\quire.\instance_fn_twosC_quire_1.$ternary$/teamspace/studios/this_studio/Melodica-Integration-into-Fife-Core/Learn_Bluespec_and_RISCV_Design/Code/Build/Fife/verilog/module_fn_twosC_quire.v:100$103_Y.
Removed top 34 bits (of 71) from wire mkPositCore.MUX_ffO$enq_1__VAL_1.
Removed top 34 bits (of 71) from wire mkPositCore.MUX_ffO$enq_1__VAL_2.

14.11. Executing PEEPOPT pass (run peephole optimizers).

14.12. Executing OPT_CLEAN pass (remove unused cells and wires).
Finding unused cells or wires in module \mkPositCore..
Removed 0 unused cells and 8 unused wires.
<suppressed ~1 debug messages>

14.13. Executing ALUMACC pass (create $alu and $macc cells).
Extracting $alu and $macc cells in module mkPositCore:
  creating $macc model for $add$/teamspace/studios/this_studio/Melodica-Integration-into-Fife-Core/Learn_Bluespec_and_RISCV_Design/Code/Build/Fife/verilog/mkPositCore.v:452$1148 ($add).
  creating $macc model for $add$/teamspace/studios/this_studio/Melodica-Integration-into-Fife-Core/Learn_Bluespec_and_RISCV_Design/Code/Build/Fife/verilog/mkPositCore.v:506$1175 ($add).
  creating $macc model for $flatten\extracter1.$add$/teamspace/studios/this_studio/Melodica-Integration-into-Fife-Core/Learn_Bluespec_and_RISCV_Design/Code/Build/Fife/verilog/mkExtracter.v:195$957 ($add).
  creating $macc model for $flatten\extracter1.$add$/teamspace/studios/this_studio/Melodica-Integration-into-Fife-Core/Learn_Bluespec_and_RISCV_Design/Code/Build/Fife/verilog/mkExtracter.v:195$958 ($add).
  creating $macc model for $flatten\extracter2.$add$/teamspace/studios/this_studio/Melodica-Integration-into-Fife-Core/Learn_Bluespec_and_RISCV_Design/Code/Build/Fife/verilog/mkExtracter.v:195$957 ($add).
  creating $macc model for $flatten\extracter2.$add$/teamspace/studios/this_studio/Melodica-Integration-into-Fife-Core/Learn_Bluespec_and_RISCV_Design/Code/Build/Fife/verilog/mkExtracter.v:195$958 ($add).
  creating $macc model for $flatten\ftop.$add$/teamspace/studios/this_studio/Melodica-Integration-into-Fife-Core/Learn_Bluespec_and_RISCV_Design/Code/Build/Fife/verilog/mkFtoP_PNE.v:196$1010 ($add).
  creating $macc model for $flatten\ftop.$neg$/teamspace/studios/this_studio/Melodica-Integration-into-Fife-Core/Learn_Bluespec_and_RISCV_Design/Code/Build/Fife/verilog/mkFtoP_PNE.v:133$981 ($neg).
  creating $macc model for $flatten\ftop.$sub$/teamspace/studios/this_studio/Melodica-Integration-into-Fife-Core/Learn_Bluespec_and_RISCV_Design/Code/Build/Fife/verilog/mkFtoP_PNE.v:183$1006 ($sub).
  creating $macc model for $flatten\ftop.$sub$/teamspace/studios/this_studio/Melodica-Integration-into-Fife-Core/Learn_Bluespec_and_RISCV_Design/Code/Build/Fife/verilog/mkFtoP_PNE.v:186$1007 ($sub).
  creating $macc model for $flatten\ftop.$sub$/teamspace/studios/this_studio/Melodica-Integration-into-Fife-Core/Learn_Bluespec_and_RISCV_Design/Code/Build/Fife/verilog/mkFtoP_PNE.v:191$1008 ($sub).
  creating $macc model for $flatten\multiplier.$add$/teamspace/studios/this_studio/Melodica-Integration-into-Fife-Core/Learn_Bluespec_and_RISCV_Design/Code/Build/Fife/verilog/mkMultiplier.v:191$909 ($add).
  creating $macc model for $flatten\multiplier.$add$/teamspace/studios/this_studio/Melodica-Integration-into-Fife-Core/Learn_Bluespec_and_RISCV_Design/Code/Build/Fife/verilog/mkMultiplier.v:204$911 ($add).
  creating $macc model for $flatten\multiplier.$mul$/teamspace/studios/this_studio/Melodica-Integration-into-Fife-Core/Learn_Bluespec_and_RISCV_Design/Code/Build/Fife/verilog/mkMultiplier.v:196$910 ($mul).
  creating $macc model for $flatten\multiplier.$neg$/teamspace/studios/this_studio/Melodica-Integration-into-Fife-Core/Learn_Bluespec_and_RISCV_Design/Code/Build/Fife/verilog/mkMultiplier.v:230$921 ($neg).
  creating $macc model for $flatten\ptof.$add$/teamspace/studios/this_studio/Melodica-Integration-into-Fife-Core/Learn_Bluespec_and_RISCV_Design/Code/Build/Fife/verilog/mkPtoF_PNE.v:197$1047 ($add).
  creating $macc model for $flatten\ptof.$add$/teamspace/studios/this_studio/Melodica-Integration-into-Fife-Core/Learn_Bluespec_and_RISCV_Design/Code/Build/Fife/verilog/mkPtoF_PNE.v:201$1049 ($add).
  creating $macc model for $flatten\ptof.$add$/teamspace/studios/this_studio/Melodica-Integration-into-Fife-Core/Learn_Bluespec_and_RISCV_Design/Code/Build/Fife/verilog/mkPtoF_PNE.v:217$1059 ($add).
  creating $macc model for $flatten\ptof.$neg$/teamspace/studios/this_studio/Melodica-Integration-into-Fife-Core/Learn_Bluespec_and_RISCV_Design/Code/Build/Fife/verilog/mkPtoF_PNE.v:138$1015 ($neg).
  creating $macc model for $flatten\ptof.$sub$/teamspace/studios/this_studio/Melodica-Integration-into-Fife-Core/Learn_Bluespec_and_RISCV_Design/Code/Build/Fife/verilog/mkPtoF_PNE.v:177$1032 ($sub).
  creating $macc model for $flatten\ptof.$sub$/teamspace/studios/this_studio/Melodica-Integration-into-Fife-Core/Learn_Bluespec_and_RISCV_Design/Code/Build/Fife/verilog/mkPtoF_PNE.v:179$1033 ($sub).
  creating $macc model for $flatten\quire.$add$/teamspace/studios/this_studio/Melodica-Integration-into-Fife-Core/Learn_Bluespec_and_RISCV_Design/Code/Build/Fife/verilog/mkQuire.v:1250$288 ($add).
  creating $macc model for $flatten\quire.$add$/teamspace/studios/this_studio/Melodica-Integration-into-Fife-Core/Learn_Bluespec_and_RISCV_Design/Code/Build/Fife/verilog/mkQuire.v:2455$775 ($add).
  creating $macc model for $flatten\quire.$add$/teamspace/studios/this_studio/Melodica-Integration-into-Fife-Core/Learn_Bluespec_and_RISCV_Design/Code/Build/Fife/verilog/mkQuire.v:2457$776 ($add).
  creating $macc model for $flatten\quire.$add$/teamspace/studios/this_studio/Melodica-Integration-into-Fife-Core/Learn_Bluespec_and_RISCV_Design/Code/Build/Fife/verilog/mkQuire.v:2459$777 ($add).
  creating $macc model for $flatten\quire.$add$/teamspace/studios/this_studio/Melodica-Integration-into-Fife-Core/Learn_Bluespec_and_RISCV_Design/Code/Build/Fife/verilog/mkQuire.v:2461$778 ($add).
  creating $macc model for $flatten\quire.$add$/teamspace/studios/this_studio/Melodica-Integration-into-Fife-Core/Learn_Bluespec_and_RISCV_Design/Code/Build/Fife/verilog/mkQuire.v:2463$779 ($add).
  creating $macc model for $flatten\quire.$add$/teamspace/studios/this_studio/Melodica-Integration-into-Fife-Core/Learn_Bluespec_and_RISCV_Design/Code/Build/Fife/verilog/mkQuire.v:2465$780 ($add).
  creating $macc model for $flatten\quire.$add$/teamspace/studios/this_studio/Melodica-Integration-into-Fife-Core/Learn_Bluespec_and_RISCV_Design/Code/Build/Fife/verilog/mkQuire.v:2467$781 ($add).
  creating $macc model for $flatten\quire.$add$/teamspace/studios/this_studio/Melodica-Integration-into-Fife-Core/Learn_Bluespec_and_RISCV_Design/Code/Build/Fife/verilog/mkQuire.v:2469$782 ($add).
  creating $macc model for $flatten\quire.$add$/teamspace/studios/this_studio/Melodica-Integration-into-Fife-Core/Learn_Bluespec_and_RISCV_Design/Code/Build/Fife/verilog/mkQuire.v:2471$783 ($add).
  creating $macc model for $flatten\quire.$add$/teamspace/studios/this_studio/Melodica-Integration-into-Fife-Core/Learn_Bluespec_and_RISCV_Design/Code/Build/Fife/verilog/mkQuire.v:2473$784 ($add).
  creating $macc model for $flatten\quire.$add$/teamspace/studios/this_studio/Melodica-Integration-into-Fife-Core/Learn_Bluespec_and_RISCV_Design/Code/Build/Fife/verilog/mkQuire.v:2475$785 ($add).
  creating $macc model for $flatten\quire.$add$/teamspace/studios/this_studio/Melodica-Integration-into-Fife-Core/Learn_Bluespec_and_RISCV_Design/Code/Build/Fife/verilog/mkQuire.v:2477$786 ($add).
  creating $macc model for $flatten\quire.$add$/teamspace/studios/this_studio/Melodica-Integration-into-Fife-Core/Learn_Bluespec_and_RISCV_Design/Code/Build/Fife/verilog/mkQuire.v:2479$787 ($add).
  creating $macc model for $flatten\quire.$add$/teamspace/studios/this_studio/Melodica-Integration-into-Fife-Core/Learn_Bluespec_and_RISCV_Design/Code/Build/Fife/verilog/mkQuire.v:2495$789 ($add).
  creating $macc model for $flatten\quire.$add$/teamspace/studios/this_studio/Melodica-Integration-into-Fife-Core/Learn_Bluespec_and_RISCV_Design/Code/Build/Fife/verilog/mkQuire.v:2510$790 ($add).
  creating $macc model for $flatten\quire.$add$/teamspace/studios/this_studio/Melodica-Integration-into-Fife-Core/Learn_Bluespec_and_RISCV_Design/Code/Build/Fife/verilog/mkQuire.v:2610$811 ($add).
  creating $macc model for $flatten\quire.$add$/teamspace/studios/this_studio/Melodica-Integration-into-Fife-Core/Learn_Bluespec_and_RISCV_Design/Code/Build/Fife/verilog/mkQuire.v:2611$812 ($add).
  creating $macc model for $flatten\quire.$add$/teamspace/studios/this_studio/Melodica-Integration-into-Fife-Core/Learn_Bluespec_and_RISCV_Design/Code/Build/Fife/verilog/mkQuire.v:2612$813 ($add).
  creating $macc model for $flatten\quire.$add$/teamspace/studios/this_studio/Melodica-Integration-into-Fife-Core/Learn_Bluespec_and_RISCV_Design/Code/Build/Fife/verilog/mkQuire.v:2613$814 ($add).
  creating $macc model for $flatten\quire.$add$/teamspace/studios/this_studio/Melodica-Integration-into-Fife-Core/Learn_Bluespec_and_RISCV_Design/Code/Build/Fife/verilog/mkQuire.v:2614$815 ($add).
  creating $macc model for $flatten\quire.$add$/teamspace/studios/this_studio/Melodica-Integration-into-Fife-Core/Learn_Bluespec_and_RISCV_Design/Code/Build/Fife/verilog/mkQuire.v:2698$861 ($add).
  creating $macc model for $flatten\quire.$add$/teamspace/studios/this_studio/Melodica-Integration-into-Fife-Core/Learn_Bluespec_and_RISCV_Design/Code/Build/Fife/verilog/mkQuire.v:2699$862 ($add).
  creating $macc model for $flatten\quire.$add$/teamspace/studios/this_studio/Melodica-Integration-into-Fife-Core/Learn_Bluespec_and_RISCV_Design/Code/Build/Fife/verilog/mkQuire.v:2700$863 ($add).
  creating $macc model for $flatten\quire.$add$/teamspace/studios/this_studio/Melodica-Integration-into-Fife-Core/Learn_Bluespec_and_RISCV_Design/Code/Build/Fife/verilog/mkQuire.v:2701$864 ($add).
  creating $macc model for $flatten\quire.$add$/teamspace/studios/this_studio/Melodica-Integration-into-Fife-Core/Learn_Bluespec_and_RISCV_Design/Code/Build/Fife/verilog/mkQuire.v:2702$865 ($add).
  creating $macc model for $flatten\quire.$add$/teamspace/studios/this_studio/Melodica-Integration-into-Fife-Core/Learn_Bluespec_and_RISCV_Design/Code/Build/Fife/verilog/mkQuire.v:2703$866 ($add).
  creating $macc model for $flatten\quire.$add$/teamspace/studios/this_studio/Melodica-Integration-into-Fife-Core/Learn_Bluespec_and_RISCV_Design/Code/Build/Fife/verilog/mkQuire.v:2704$867 ($add).
  creating $macc model for $flatten\quire.$neg$/teamspace/studios/this_studio/Melodica-Integration-into-Fife-Core/Learn_Bluespec_and_RISCV_Design/Code/Build/Fife/verilog/mkQuire.v:2691$855 ($neg).
  creating $macc model for $flatten\quire.$sub$/teamspace/studios/this_studio/Melodica-Integration-into-Fife-Core/Learn_Bluespec_and_RISCV_Design/Code/Build/Fife/verilog/mkQuire.v:1252$289 ($sub).
  creating $macc model for $flatten\quire.$sub$/teamspace/studios/this_studio/Melodica-Integration-into-Fife-Core/Learn_Bluespec_and_RISCV_Design/Code/Build/Fife/verilog/mkQuire.v:2053$681 ($sub).
  creating $macc model for $flatten\quire.$sub$/teamspace/studios/this_studio/Melodica-Integration-into-Fife-Core/Learn_Bluespec_and_RISCV_Design/Code/Build/Fife/verilog/mkQuire.v:2436$773 ($sub).
  creating $macc model for $flatten\quire.\instance_fn_twosC_quire_0.$add$/teamspace/studios/this_studio/Melodica-Integration-into-Fife-Core/Learn_Bluespec_and_RISCV_Design/Code/Build/Fife/verilog/module_fn_twosC_quire.v:108$108 ($add).
  creating $macc model for $flatten\quire.\instance_fn_twosC_quire_0.$add$/teamspace/studios/this_studio/Melodica-Integration-into-Fife-Core/Learn_Bluespec_and_RISCV_Design/Code/Build/Fife/verilog/module_fn_twosC_quire.v:115$114 ($add).
  creating $macc model for $flatten\quire.\instance_fn_twosC_quire_0.$add$/teamspace/studios/this_studio/Melodica-Integration-into-Fife-Core/Learn_Bluespec_and_RISCV_Design/Code/Build/Fife/verilog/module_fn_twosC_quire.v:122$120 ($add).
  creating $macc model for $flatten\quire.\instance_fn_twosC_quire_0.$add$/teamspace/studios/this_studio/Melodica-Integration-into-Fife-Core/Learn_Bluespec_and_RISCV_Design/Code/Build/Fife/verilog/module_fn_twosC_quire.v:129$126 ($add).
  creating $macc model for $flatten\quire.\instance_fn_twosC_quire_0.$add$/teamspace/studios/this_studio/Melodica-Integration-into-Fife-Core/Learn_Bluespec_and_RISCV_Design/Code/Build/Fife/verilog/module_fn_twosC_quire.v:136$132 ($add).
  creating $macc model for $flatten\quire.\instance_fn_twosC_quire_0.$add$/teamspace/studios/this_studio/Melodica-Integration-into-Fife-Core/Learn_Bluespec_and_RISCV_Design/Code/Build/Fife/verilog/module_fn_twosC_quire.v:143$138 ($add).
  creating $macc model for $flatten\quire.\instance_fn_twosC_quire_0.$add$/teamspace/studios/this_studio/Melodica-Integration-into-Fife-Core/Learn_Bluespec_and_RISCV_Design/Code/Build/Fife/verilog/module_fn_twosC_quire.v:150$144 ($add).
  creating $macc model for $flatten\quire.\instance_fn_twosC_quire_0.$add$/teamspace/studios/this_studio/Melodica-Integration-into-Fife-Core/Learn_Bluespec_and_RISCV_Design/Code/Build/Fife/verilog/module_fn_twosC_quire.v:157$150 ($add).
  creating $macc model for $flatten\quire.\instance_fn_twosC_quire_0.$add$/teamspace/studios/this_studio/Melodica-Integration-into-Fife-Core/Learn_Bluespec_and_RISCV_Design/Code/Build/Fife/verilog/module_fn_twosC_quire.v:164$156 ($add).
  creating $macc model for $flatten\quire.\instance_fn_twosC_quire_0.$add$/teamspace/studios/this_studio/Melodica-Integration-into-Fife-Core/Learn_Bluespec_and_RISCV_Design/Code/Build/Fife/verilog/module_fn_twosC_quire.v:167$159 ($add).
  creating $macc model for $flatten\quire.\instance_fn_twosC_quire_0.$add$/teamspace/studios/this_studio/Melodica-Integration-into-Fife-Core/Learn_Bluespec_and_RISCV_Design/Code/Build/Fife/verilog/module_fn_twosC_quire.v:80$84 ($add).
  creating $macc model for $flatten\quire.\instance_fn_twosC_quire_0.$add$/teamspace/studios/this_studio/Melodica-Integration-into-Fife-Core/Learn_Bluespec_and_RISCV_Design/Code/Build/Fife/verilog/module_fn_twosC_quire.v:87$90 ($add).
  creating $macc model for $flatten\quire.\instance_fn_twosC_quire_0.$add$/teamspace/studios/this_studio/Melodica-Integration-into-Fife-Core/Learn_Bluespec_and_RISCV_Design/Code/Build/Fife/verilog/module_fn_twosC_quire.v:94$96 ($add).
  creating $macc model for $flatten\quire.\instance_fn_twosC_quire_1.$add$/teamspace/studios/this_studio/Melodica-Integration-into-Fife-Core/Learn_Bluespec_and_RISCV_Design/Code/Build/Fife/verilog/module_fn_twosC_quire.v:101$102 ($add).
  creating $macc model for $flatten\quire.\instance_fn_twosC_quire_1.$add$/teamspace/studios/this_studio/Melodica-Integration-into-Fife-Core/Learn_Bluespec_and_RISCV_Design/Code/Build/Fife/verilog/module_fn_twosC_quire.v:108$108 ($add).
  creating $macc model for $flatten\quire.\instance_fn_twosC_quire_1.$add$/teamspace/studios/this_studio/Melodica-Integration-into-Fife-Core/Learn_Bluespec_and_RISCV_Design/Code/Build/Fife/verilog/module_fn_twosC_quire.v:115$114 ($add).
  creating $macc model for $flatten\quire.\instance_fn_twosC_quire_1.$add$/teamspace/studios/this_studio/Melodica-Integration-into-Fife-Core/Learn_Bluespec_and_RISCV_Design/Code/Build/Fife/verilog/module_fn_twosC_quire.v:122$120 ($add).
  creating $macc model for $flatten\quire.\instance_fn_twosC_quire_1.$add$/teamspace/studios/this_studio/Melodica-Integration-into-Fife-Core/Learn_Bluespec_and_RISCV_Design/Code/Build/Fife/verilog/module_fn_twosC_quire.v:129$126 ($add).
  creating $macc model for $flatten\quire.\instance_fn_twosC_quire_1.$add$/teamspace/studios/this_studio/Melodica-Integration-into-Fife-Core/Learn_Bluespec_and_RISCV_Design/Code/Build/Fife/verilog/module_fn_twosC_quire.v:136$132 ($add).
  creating $macc model for $flatten\quire.\instance_fn_twosC_quire_1.$add$/teamspace/studios/this_studio/Melodica-Integration-into-Fife-Core/Learn_Bluespec_and_RISCV_Design/Code/Build/Fife/verilog/module_fn_twosC_quire.v:143$138 ($add).
  creating $macc model for $flatten\quire.\instance_fn_twosC_quire_1.$add$/teamspace/studios/this_studio/Melodica-Integration-into-Fife-Core/Learn_Bluespec_and_RISCV_Design/Code/Build/Fife/verilog/module_fn_twosC_quire.v:150$144 ($add).
  creating $macc model for $flatten\quire.\instance_fn_twosC_quire_1.$add$/teamspace/studios/this_studio/Melodica-Integration-into-Fife-Core/Learn_Bluespec_and_RISCV_Design/Code/Build/Fife/verilog/module_fn_twosC_quire.v:157$150 ($add).
  creating $macc model for $flatten\quire.\instance_fn_twosC_quire_1.$add$/teamspace/studios/this_studio/Melodica-Integration-into-Fife-Core/Learn_Bluespec_and_RISCV_Design/Code/Build/Fife/verilog/module_fn_twosC_quire.v:164$156 ($add).
  creating $macc model for $flatten\quire.\instance_fn_twosC_quire_1.$add$/teamspace/studios/this_studio/Melodica-Integration-into-Fife-Core/Learn_Bluespec_and_RISCV_Design/Code/Build/Fife/verilog/module_fn_twosC_quire.v:167$159 ($add).
  creating $macc model for $flatten\quire.\instance_fn_twosC_quire_1.$add$/teamspace/studios/this_studio/Melodica-Integration-into-Fife-Core/Learn_Bluespec_and_RISCV_Design/Code/Build/Fife/verilog/module_fn_twosC_quire.v:80$84 ($add).
  creating $macc model for $flatten\quire.\instance_fn_twosC_quire_1.$add$/teamspace/studios/this_studio/Melodica-Integration-into-Fife-Core/Learn_Bluespec_and_RISCV_Design/Code/Build/Fife/verilog/module_fn_twosC_quire.v:87$90 ($add).
  creating $macc model for $flatten\quire.\instance_fn_twosC_quire_1.$add$/teamspace/studios/this_studio/Melodica-Integration-into-Fife-Core/Learn_Bluespec_and_RISCV_Design/Code/Build/Fife/verilog/module_fn_twosC_quire.v:94$96 ($add).
  creating $macc model for $flatten\quire.\instance_fn_twosC_quire_2.$add$/teamspace/studios/this_studio/Melodica-Integration-into-Fife-Core/Learn_Bluespec_and_RISCV_Design/Code/Build/Fife/verilog/module_fn_twosC_quire.v:108$108 ($add).
  creating $macc model for $flatten\quire.\instance_fn_twosC_quire_2.$add$/teamspace/studios/this_studio/Melodica-Integration-into-Fife-Core/Learn_Bluespec_and_RISCV_Design/Code/Build/Fife/verilog/module_fn_twosC_quire.v:115$114 ($add).
  creating $macc model for $flatten\quire.\instance_fn_twosC_quire_2.$add$/teamspace/studios/this_studio/Melodica-Integration-into-Fife-Core/Learn_Bluespec_and_RISCV_Design/Code/Build/Fife/verilog/module_fn_twosC_quire.v:122$120 ($add).
  creating $macc model for $flatten\quire.\instance_fn_twosC_quire_2.$add$/teamspace/studios/this_studio/Melodica-Integration-into-Fife-Core/Learn_Bluespec_and_RISCV_Design/Code/Build/Fife/verilog/module_fn_twosC_quire.v:129$126 ($add).
  creating $macc model for $flatten\quire.\instance_fn_twosC_quire_2.$add$/teamspace/studios/this_studio/Melodica-Integration-into-Fife-Core/Learn_Bluespec_and_RISCV_Design/Code/Build/Fife/verilog/module_fn_twosC_quire.v:136$132 ($add).
  creating $macc model for $flatten\quire.\instance_fn_twosC_quire_2.$add$/teamspace/studios/this_studio/Melodica-Integration-into-Fife-Core/Learn_Bluespec_and_RISCV_Design/Code/Build/Fife/verilog/module_fn_twosC_quire.v:143$138 ($add).
  creating $macc model for $flatten\quire.\instance_fn_twosC_quire_2.$add$/teamspace/studios/this_studio/Melodica-Integration-into-Fife-Core/Learn_Bluespec_and_RISCV_Design/Code/Build/Fife/verilog/module_fn_twosC_quire.v:150$144 ($add).
  creating $macc model for $flatten\quire.\instance_fn_twosC_quire_2.$add$/teamspace/studios/this_studio/Melodica-Integration-into-Fife-Core/Learn_Bluespec_and_RISCV_Design/Code/Build/Fife/verilog/module_fn_twosC_quire.v:157$150 ($add).
  creating $macc model for $flatten\quire.\instance_fn_twosC_quire_2.$add$/teamspace/studios/this_studio/Melodica-Integration-into-Fife-Core/Learn_Bluespec_and_RISCV_Design/Code/Build/Fife/verilog/module_fn_twosC_quire.v:164$156 ($add).
  creating $macc model for $flatten\quire.\instance_fn_twosC_quire_2.$add$/teamspace/studios/this_studio/Melodica-Integration-into-Fife-Core/Learn_Bluespec_and_RISCV_Design/Code/Build/Fife/verilog/module_fn_twosC_quire.v:167$159 ($add).
  creating $macc model for $flatten\quire.\instance_fn_twosC_quire_2.$add$/teamspace/studios/this_studio/Melodica-Integration-into-Fife-Core/Learn_Bluespec_and_RISCV_Design/Code/Build/Fife/verilog/module_fn_twosC_quire.v:80$84 ($add).
  creating $macc model for $flatten\quire.\instance_fn_twosC_quire_2.$add$/teamspace/studios/this_studio/Melodica-Integration-into-Fife-Core/Learn_Bluespec_and_RISCV_Design/Code/Build/Fife/verilog/module_fn_twosC_quire.v:87$90 ($add).
  creating $macc model for $flatten\quire.\instance_fn_twosC_quire_2.$add$/teamspace/studios/this_studio/Melodica-Integration-into-Fife-Core/Learn_Bluespec_and_RISCV_Design/Code/Build/Fife/verilog/module_fn_twosC_quire.v:94$96 ($add).
  creating $macc model for $flatten\quire.\seg_adder_vff_carry_0.$add$/teamspace/studios/this_studio/Melodica-Integration-into-Fife-Core/bsc/lib/Verilog/SizedFIFO.v:75$1220 ($add).
  creating $macc model for $flatten\quire.\seg_adder_vff_carry_0.$add$/teamspace/studios/this_studio/Melodica-Integration-into-Fife-Core/bsc/lib/Verilog/SizedFIFO.v:76$1221 ($add).
  creating $macc model for $flatten\quire.\seg_adder_vff_carry_1.$add$/teamspace/studios/this_studio/Melodica-Integration-into-Fife-Core/bsc/lib/Verilog/SizedFIFO.v:75$1220 ($add).
  creating $macc model for $flatten\quire.\seg_adder_vff_carry_1.$add$/teamspace/studios/this_studio/Melodica-Integration-into-Fife-Core/bsc/lib/Verilog/SizedFIFO.v:76$1221 ($add).
  creating $macc model for $flatten\quire.\seg_adder_vff_carry_10.$add$/teamspace/studios/this_studio/Melodica-Integration-into-Fife-Core/bsc/lib/Verilog/SizedFIFO.v:75$1220 ($add).
  creating $macc model for $flatten\quire.\seg_adder_vff_carry_10.$add$/teamspace/studios/this_studio/Melodica-Integration-into-Fife-Core/bsc/lib/Verilog/SizedFIFO.v:76$1221 ($add).
  creating $macc model for $flatten\quire.\seg_adder_vff_carry_11.$add$/teamspace/studios/this_studio/Melodica-Integration-into-Fife-Core/bsc/lib/Verilog/SizedFIFO.v:75$1220 ($add).
  creating $macc model for $flatten\quire.\seg_adder_vff_carry_11.$add$/teamspace/studios/this_studio/Melodica-Integration-into-Fife-Core/bsc/lib/Verilog/SizedFIFO.v:76$1221 ($add).
  creating $macc model for $flatten\quire.\seg_adder_vff_carry_2.$add$/teamspace/studios/this_studio/Melodica-Integration-into-Fife-Core/bsc/lib/Verilog/SizedFIFO.v:75$1220 ($add).
  creating $macc model for $flatten\quire.\seg_adder_vff_carry_2.$add$/teamspace/studios/this_studio/Melodica-Integration-into-Fife-Core/bsc/lib/Verilog/SizedFIFO.v:76$1221 ($add).
  creating $macc model for $flatten\quire.\seg_adder_vff_carry_3.$add$/teamspace/studios/this_studio/Melodica-Integration-into-Fife-Core/bsc/lib/Verilog/SizedFIFO.v:75$1220 ($add).
  creating $macc model for $flatten\quire.\seg_adder_vff_carry_3.$add$/teamspace/studios/this_studio/Melodica-Integration-into-Fife-Core/bsc/lib/Verilog/SizedFIFO.v:76$1221 ($add).
  creating $macc model for $flatten\quire.\seg_adder_vff_carry_4.$add$/teamspace/studios/this_studio/Melodica-Integration-into-Fife-Core/bsc/lib/Verilog/SizedFIFO.v:75$1220 ($add).
  creating $macc model for $flatten\quire.\seg_adder_vff_carry_4.$add$/teamspace/studios/this_studio/Melodica-Integration-into-Fife-Core/bsc/lib/Verilog/SizedFIFO.v:76$1221 ($add).
  creating $macc model for $flatten\quire.\seg_adder_vff_carry_5.$add$/teamspace/studios/this_studio/Melodica-Integration-into-Fife-Core/bsc/lib/Verilog/SizedFIFO.v:75$1220 ($add).
  creating $macc model for $flatten\quire.\seg_adder_vff_carry_5.$add$/teamspace/studios/this_studio/Melodica-Integration-into-Fife-Core/bsc/lib/Verilog/SizedFIFO.v:76$1221 ($add).
  creating $macc model for $flatten\quire.\seg_adder_vff_carry_6.$add$/teamspace/studios/this_studio/Melodica-Integration-into-Fife-Core/bsc/lib/Verilog/SizedFIFO.v:75$1220 ($add).
  creating $macc model for $flatten\quire.\seg_adder_vff_carry_6.$add$/teamspace/studios/this_studio/Melodica-Integration-into-Fife-Core/bsc/lib/Verilog/SizedFIFO.v:76$1221 ($add).
  creating $macc model for $flatten\quire.\seg_adder_vff_carry_7.$add$/teamspace/studios/this_studio/Melodica-Integration-into-Fife-Core/bsc/lib/Verilog/SizedFIFO.v:75$1220 ($add).
  creating $macc model for $flatten\quire.\seg_adder_vff_carry_7.$add$/teamspace/studios/this_studio/Melodica-Integration-into-Fife-Core/bsc/lib/Verilog/SizedFIFO.v:76$1221 ($add).
  creating $macc model for $flatten\quire.\seg_adder_vff_carry_8.$add$/teamspace/studios/this_studio/Melodica-Integration-into-Fife-Core/bsc/lib/Verilog/SizedFIFO.v:75$1220 ($add).
  creating $macc model for $flatten\quire.\seg_adder_vff_carry_8.$add$/teamspace/studios/this_studio/Melodica-Integration-into-Fife-Core/bsc/lib/Verilog/SizedFIFO.v:76$1221 ($add).
  creating $macc model for $flatten\quire.\seg_adder_vff_carry_9.$add$/teamspace/studios/this_studio/Melodica-Integration-into-Fife-Core/bsc/lib/Verilog/SizedFIFO.v:75$1220 ($add).
  creating $macc model for $flatten\quire.\seg_adder_vff_carry_9.$add$/teamspace/studios/this_studio/Melodica-Integration-into-Fife-Core/bsc/lib/Verilog/SizedFIFO.v:76$1221 ($add).
  creating $macc model for $flatten\quire.\seg_adder_vff_in_0.$add$/teamspace/studios/this_studio/Melodica-Integration-into-Fife-Core/bsc/lib/Verilog/SizedFIFO.v:75$1189 ($add).
  creating $macc model for $flatten\quire.\seg_adder_vff_in_0.$add$/teamspace/studios/this_studio/Melodica-Integration-into-Fife-Core/bsc/lib/Verilog/SizedFIFO.v:76$1190 ($add).
  creating $macc model for $flatten\quire.\seg_adder_vff_in_1.$add$/teamspace/studios/this_studio/Melodica-Integration-into-Fife-Core/bsc/lib/Verilog/SizedFIFO.v:75$1189 ($add).
  creating $macc model for $flatten\quire.\seg_adder_vff_in_1.$add$/teamspace/studios/this_studio/Melodica-Integration-into-Fife-Core/bsc/lib/Verilog/SizedFIFO.v:76$1190 ($add).
  creating $macc model for $flatten\quire.\seg_adder_vff_in_10.$add$/teamspace/studios/this_studio/Melodica-Integration-into-Fife-Core/bsc/lib/Verilog/SizedFIFO.v:75$1189 ($add).
  creating $macc model for $flatten\quire.\seg_adder_vff_in_10.$add$/teamspace/studios/this_studio/Melodica-Integration-into-Fife-Core/bsc/lib/Verilog/SizedFIFO.v:76$1190 ($add).
  creating $macc model for $flatten\quire.\seg_adder_vff_in_11.$add$/teamspace/studios/this_studio/Melodica-Integration-into-Fife-Core/bsc/lib/Verilog/SizedFIFO.v:75$1189 ($add).
  creating $macc model for $flatten\quire.\seg_adder_vff_in_11.$add$/teamspace/studios/this_studio/Melodica-Integration-into-Fife-Core/bsc/lib/Verilog/SizedFIFO.v:76$1190 ($add).
  creating $macc model for $flatten\quire.\seg_adder_vff_in_12.$add$/teamspace/studios/this_studio/Melodica-Integration-into-Fife-Core/bsc/lib/Verilog/SizedFIFO.v:75$1189 ($add).
  creating $macc model for $flatten\quire.\seg_adder_vff_in_12.$add$/teamspace/studios/this_studio/Melodica-Integration-into-Fife-Core/bsc/lib/Verilog/SizedFIFO.v:76$1190 ($add).
  creating $macc model for $flatten\quire.\seg_adder_vff_in_2.$add$/teamspace/studios/this_studio/Melodica-Integration-into-Fife-Core/bsc/lib/Verilog/SizedFIFO.v:75$1189 ($add).
  creating $macc model for $flatten\quire.\seg_adder_vff_in_2.$add$/teamspace/studios/this_studio/Melodica-Integration-into-Fife-Core/bsc/lib/Verilog/SizedFIFO.v:76$1190 ($add).
  creating $macc model for $flatten\quire.\seg_adder_vff_in_3.$add$/teamspace/studios/this_studio/Melodica-Integration-into-Fife-Core/bsc/lib/Verilog/SizedFIFO.v:75$1189 ($add).
  creating $macc model for $flatten\quire.\seg_adder_vff_in_3.$add$/teamspace/studios/this_studio/Melodica-Integration-into-Fife-Core/bsc/lib/Verilog/SizedFIFO.v:76$1190 ($add).
  creating $macc model for $flatten\quire.\seg_adder_vff_in_4.$add$/teamspace/studios/this_studio/Melodica-Integration-into-Fife-Core/bsc/lib/Verilog/SizedFIFO.v:75$1189 ($add).
  creating $macc model for $flatten\quire.\seg_adder_vff_in_4.$add$/teamspace/studios/this_studio/Melodica-Integration-into-Fife-Core/bsc/lib/Verilog/SizedFIFO.v:76$1190 ($add).
  creating $macc model for $flatten\quire.\seg_adder_vff_in_5.$add$/teamspace/studios/this_studio/Melodica-Integration-into-Fife-Core/bsc/lib/Verilog/SizedFIFO.v:75$1189 ($add).
  creating $macc model for $flatten\quire.\seg_adder_vff_in_5.$add$/teamspace/studios/this_studio/Melodica-Integration-into-Fife-Core/bsc/lib/Verilog/SizedFIFO.v:76$1190 ($add).
  creating $macc model for $flatten\quire.\seg_adder_vff_in_6.$add$/teamspace/studios/this_studio/Melodica-Integration-into-Fife-Core/bsc/lib/Verilog/SizedFIFO.v:75$1189 ($add).
  creating $macc model for $flatten\quire.\seg_adder_vff_in_6.$add$/teamspace/studios/this_studio/Melodica-Integration-into-Fife-Core/bsc/lib/Verilog/SizedFIFO.v:76$1190 ($add).
  creating $macc model for $flatten\quire.\seg_adder_vff_in_7.$add$/teamspace/studios/this_studio/Melodica-Integration-into-Fife-Core/bsc/lib/Verilog/SizedFIFO.v:75$1189 ($add).
  creating $macc model for $flatten\quire.\seg_adder_vff_in_7.$add$/teamspace/studios/this_studio/Melodica-Integration-into-Fife-Core/bsc/lib/Verilog/SizedFIFO.v:76$1190 ($add).
  creating $macc model for $flatten\quire.\seg_adder_vff_in_8.$add$/teamspace/studios/this_studio/Melodica-Integration-into-Fife-Core/bsc/lib/Verilog/SizedFIFO.v:75$1189 ($add).
  creating $macc model for $flatten\quire.\seg_adder_vff_in_8.$add$/teamspace/studios/this_studio/Melodica-Integration-into-Fife-Core/bsc/lib/Verilog/SizedFIFO.v:76$1190 ($add).
  creating $macc model for $flatten\quire.\seg_adder_vff_in_9.$add$/teamspace/studios/this_studio/Melodica-Integration-into-Fife-Core/bsc/lib/Verilog/SizedFIFO.v:75$1189 ($add).
  creating $macc model for $flatten\quire.\seg_adder_vff_in_9.$add$/teamspace/studios/this_studio/Melodica-Integration-into-Fife-Core/bsc/lib/Verilog/SizedFIFO.v:76$1190 ($add).
  creating $macc model for $sub$/teamspace/studios/this_studio/Melodica-Integration-into-Fife-Core/Learn_Bluespec_and_RISCV_Design/Code/Build/Fife/verilog/mkPositCore.v:453$1149 ($sub).
  merging $macc model for $flatten\quire.$add$/teamspace/studios/this_studio/Melodica-Integration-into-Fife-Core/Learn_Bluespec_and_RISCV_Design/Code/Build/Fife/verilog/mkQuire.v:2510$790 into $flatten\quire.$sub$/teamspace/studios/this_studio/Melodica-Integration-into-Fife-Core/Learn_Bluespec_and_RISCV_Design/Code/Build/Fife/verilog/mkQuire.v:2053$681.
  merging $macc model for $flatten\quire.$add$/teamspace/studios/this_studio/Melodica-Integration-into-Fife-Core/Learn_Bluespec_and_RISCV_Design/Code/Build/Fife/verilog/mkQuire.v:2704$867 into $flatten\quire.$add$/teamspace/studios/this_studio/Melodica-Integration-into-Fife-Core/Learn_Bluespec_and_RISCV_Design/Code/Build/Fife/verilog/mkQuire.v:2479$787.
  merging $macc model for $flatten\quire.$add$/teamspace/studios/this_studio/Melodica-Integration-into-Fife-Core/Learn_Bluespec_and_RISCV_Design/Code/Build/Fife/verilog/mkQuire.v:2703$866 into $flatten\quire.$add$/teamspace/studios/this_studio/Melodica-Integration-into-Fife-Core/Learn_Bluespec_and_RISCV_Design/Code/Build/Fife/verilog/mkQuire.v:2477$786.
  merging $macc model for $flatten\quire.$add$/teamspace/studios/this_studio/Melodica-Integration-into-Fife-Core/Learn_Bluespec_and_RISCV_Design/Code/Build/Fife/verilog/mkQuire.v:2702$865 into $flatten\quire.$add$/teamspace/studios/this_studio/Melodica-Integration-into-Fife-Core/Learn_Bluespec_and_RISCV_Design/Code/Build/Fife/verilog/mkQuire.v:2475$785.
  merging $macc model for $flatten\quire.$add$/teamspace/studios/this_studio/Melodica-Integration-into-Fife-Core/Learn_Bluespec_and_RISCV_Design/Code/Build/Fife/verilog/mkQuire.v:2701$864 into $flatten\quire.$add$/teamspace/studios/this_studio/Melodica-Integration-into-Fife-Core/Learn_Bluespec_and_RISCV_Design/Code/Build/Fife/verilog/mkQuire.v:2473$784.
  merging $macc model for $flatten\quire.$add$/teamspace/studios/this_studio/Melodica-Integration-into-Fife-Core/Learn_Bluespec_and_RISCV_Design/Code/Build/Fife/verilog/mkQuire.v:2700$863 into $flatten\quire.$add$/teamspace/studios/this_studio/Melodica-Integration-into-Fife-Core/Learn_Bluespec_and_RISCV_Design/Code/Build/Fife/verilog/mkQuire.v:2471$783.
  merging $macc model for $flatten\quire.$add$/teamspace/studios/this_studio/Melodica-Integration-into-Fife-Core/Learn_Bluespec_and_RISCV_Design/Code/Build/Fife/verilog/mkQuire.v:2699$862 into $flatten\quire.$add$/teamspace/studios/this_studio/Melodica-Integration-into-Fife-Core/Learn_Bluespec_and_RISCV_Design/Code/Build/Fife/verilog/mkQuire.v:2469$782.
  merging $macc model for $flatten\quire.$add$/teamspace/studios/this_studio/Melodica-Integration-into-Fife-Core/Learn_Bluespec_and_RISCV_Design/Code/Build/Fife/verilog/mkQuire.v:2698$861 into $flatten\quire.$add$/teamspace/studios/this_studio/Melodica-Integration-into-Fife-Core/Learn_Bluespec_and_RISCV_Design/Code/Build/Fife/verilog/mkQuire.v:2467$781.
  merging $macc model for $flatten\quire.$add$/teamspace/studios/this_studio/Melodica-Integration-into-Fife-Core/Learn_Bluespec_and_RISCV_Design/Code/Build/Fife/verilog/mkQuire.v:2614$815 into $flatten\quire.$add$/teamspace/studios/this_studio/Melodica-Integration-into-Fife-Core/Learn_Bluespec_and_RISCV_Design/Code/Build/Fife/verilog/mkQuire.v:2463$779.
  merging $macc model for $flatten\quire.$add$/teamspace/studios/this_studio/Melodica-Integration-into-Fife-Core/Learn_Bluespec_and_RISCV_Design/Code/Build/Fife/verilog/mkQuire.v:2613$814 into $flatten\quire.$add$/teamspace/studios/this_studio/Melodica-Integration-into-Fife-Core/Learn_Bluespec_and_RISCV_Design/Code/Build/Fife/verilog/mkQuire.v:2461$778.
  merging $macc model for $flatten\quire.$add$/teamspace/studios/this_studio/Melodica-Integration-into-Fife-Core/Learn_Bluespec_and_RISCV_Design/Code/Build/Fife/verilog/mkQuire.v:2612$813 into $flatten\quire.$add$/teamspace/studios/this_studio/Melodica-Integration-into-Fife-Core/Learn_Bluespec_and_RISCV_Design/Code/Build/Fife/verilog/mkQuire.v:2459$777.
  merging $macc model for $flatten\quire.$add$/teamspace/studios/this_studio/Melodica-Integration-into-Fife-Core/Learn_Bluespec_and_RISCV_Design/Code/Build/Fife/verilog/mkQuire.v:2611$812 into $flatten\quire.$add$/teamspace/studios/this_studio/Melodica-Integration-into-Fife-Core/Learn_Bluespec_and_RISCV_Design/Code/Build/Fife/verilog/mkQuire.v:2457$776.
  merging $macc model for $flatten\quire.$add$/teamspace/studios/this_studio/Melodica-Integration-into-Fife-Core/Learn_Bluespec_and_RISCV_Design/Code/Build/Fife/verilog/mkQuire.v:2610$811 into $flatten\quire.$add$/teamspace/studios/this_studio/Melodica-Integration-into-Fife-Core/Learn_Bluespec_and_RISCV_Design/Code/Build/Fife/verilog/mkQuire.v:2455$775.
  merging $macc model for $flatten\extracter2.$add$/teamspace/studios/this_studio/Melodica-Integration-into-Fife-Core/Learn_Bluespec_and_RISCV_Design/Code/Build/Fife/verilog/mkExtracter.v:195$957 into $flatten\extracter2.$add$/teamspace/studios/this_studio/Melodica-Integration-into-Fife-Core/Learn_Bluespec_and_RISCV_Design/Code/Build/Fife/verilog/mkExtracter.v:195$958.
  merging $macc model for $flatten\extracter1.$add$/teamspace/studios/this_studio/Melodica-Integration-into-Fife-Core/Learn_Bluespec_and_RISCV_Design/Code/Build/Fife/verilog/mkExtracter.v:195$957 into $flatten\extracter1.$add$/teamspace/studios/this_studio/Melodica-Integration-into-Fife-Core/Learn_Bluespec_and_RISCV_Design/Code/Build/Fife/verilog/mkExtracter.v:195$958.
  creating $alu model for $macc $flatten\quire.\seg_adder_vff_in_2.$add$/teamspace/studios/this_studio/Melodica-Integration-into-Fife-Core/bsc/lib/Verilog/SizedFIFO.v:76$1190.
  creating $alu model for $macc $flatten\quire.\seg_adder_vff_in_2.$add$/teamspace/studios/this_studio/Melodica-Integration-into-Fife-Core/bsc/lib/Verilog/SizedFIFO.v:75$1189.
  creating $alu model for $macc $flatten\quire.\seg_adder_vff_in_12.$add$/teamspace/studios/this_studio/Melodica-Integration-into-Fife-Core/bsc/lib/Verilog/SizedFIFO.v:76$1190.
  creating $alu model for $macc $flatten\quire.\seg_adder_vff_in_12.$add$/teamspace/studios/this_studio/Melodica-Integration-into-Fife-Core/bsc/lib/Verilog/SizedFIFO.v:75$1189.
  creating $alu model for $macc $flatten\quire.\seg_adder_vff_in_11.$add$/teamspace/studios/this_studio/Melodica-Integration-into-Fife-Core/bsc/lib/Verilog/SizedFIFO.v:76$1190.
  creating $alu model for $macc $flatten\quire.\seg_adder_vff_in_11.$add$/teamspace/studios/this_studio/Melodica-Integration-into-Fife-Core/bsc/lib/Verilog/SizedFIFO.v:75$1189.
  creating $alu model for $macc $flatten\quire.\seg_adder_vff_in_10.$add$/teamspace/studios/this_studio/Melodica-Integration-into-Fife-Core/bsc/lib/Verilog/SizedFIFO.v:76$1190.
  creating $alu model for $macc $flatten\quire.\seg_adder_vff_in_10.$add$/teamspace/studios/this_studio/Melodica-Integration-into-Fife-Core/bsc/lib/Verilog/SizedFIFO.v:75$1189.
  creating $alu model for $macc $flatten\quire.\seg_adder_vff_in_1.$add$/teamspace/studios/this_studio/Melodica-Integration-into-Fife-Core/bsc/lib/Verilog/SizedFIFO.v:76$1190.
  creating $alu model for $macc $flatten\quire.\seg_adder_vff_in_1.$add$/teamspace/studios/this_studio/Melodica-Integration-into-Fife-Core/bsc/lib/Verilog/SizedFIFO.v:75$1189.
  creating $alu model for $macc $flatten\quire.\seg_adder_vff_in_0.$add$/teamspace/studios/this_studio/Melodica-Integration-into-Fife-Core/bsc/lib/Verilog/SizedFIFO.v:76$1190.
  creating $alu model for $macc $flatten\quire.\seg_adder_vff_in_0.$add$/teamspace/studios/this_studio/Melodica-Integration-into-Fife-Core/bsc/lib/Verilog/SizedFIFO.v:75$1189.
  creating $alu model for $macc $flatten\quire.\seg_adder_vff_carry_9.$add$/teamspace/studios/this_studio/Melodica-Integration-into-Fife-Core/bsc/lib/Verilog/SizedFIFO.v:76$1221.
  creating $alu model for $macc $flatten\quire.\seg_adder_vff_carry_9.$add$/teamspace/studios/this_studio/Melodica-Integration-into-Fife-Core/bsc/lib/Verilog/SizedFIFO.v:75$1220.
  creating $alu model for $macc $flatten\quire.\seg_adder_vff_carry_8.$add$/teamspace/studios/this_studio/Melodica-Integration-into-Fife-Core/bsc/lib/Verilog/SizedFIFO.v:76$1221.
  creating $alu model for $macc $flatten\quire.\seg_adder_vff_carry_8.$add$/teamspace/studios/this_studio/Melodica-Integration-into-Fife-Core/bsc/lib/Verilog/SizedFIFO.v:75$1220.
  creating $alu model for $macc $flatten\quire.\seg_adder_vff_carry_7.$add$/teamspace/studios/this_studio/Melodica-Integration-into-Fife-Core/bsc/lib/Verilog/SizedFIFO.v:76$1221.
  creating $alu model for $macc $flatten\quire.\seg_adder_vff_carry_7.$add$/teamspace/studios/this_studio/Melodica-Integration-into-Fife-Core/bsc/lib/Verilog/SizedFIFO.v:75$1220.
  creating $alu model for $macc $flatten\quire.\seg_adder_vff_carry_6.$add$/teamspace/studios/this_studio/Melodica-Integration-into-Fife-Core/bsc/lib/Verilog/SizedFIFO.v:76$1221.
  creating $alu model for $macc $flatten\quire.\seg_adder_vff_carry_6.$add$/teamspace/studios/this_studio/Melodica-Integration-into-Fife-Core/bsc/lib/Verilog/SizedFIFO.v:75$1220.
  creating $alu model for $macc $flatten\quire.\seg_adder_vff_carry_5.$add$/teamspace/studios/this_studio/Melodica-Integration-into-Fife-Core/bsc/lib/Verilog/SizedFIFO.v:76$1221.
  creating $alu model for $macc $flatten\quire.\seg_adder_vff_carry_5.$add$/teamspace/studios/this_studio/Melodica-Integration-into-Fife-Core/bsc/lib/Verilog/SizedFIFO.v:75$1220.
  creating $alu model for $macc $flatten\quire.\seg_adder_vff_carry_4.$add$/teamspace/studios/this_studio/Melodica-Integration-into-Fife-Core/bsc/lib/Verilog/SizedFIFO.v:76$1221.
  creating $alu model for $macc $flatten\quire.\seg_adder_vff_carry_4.$add$/teamspace/studios/this_studio/Melodica-Integration-into-Fife-Core/bsc/lib/Verilog/SizedFIFO.v:75$1220.
  creating $alu model for $macc $flatten\quire.\seg_adder_vff_carry_3.$add$/teamspace/studios/this_studio/Melodica-Integration-into-Fife-Core/bsc/lib/Verilog/SizedFIFO.v:76$1221.
  creating $alu model for $macc $flatten\quire.\seg_adder_vff_carry_3.$add$/teamspace/studios/this_studio/Melodica-Integration-into-Fife-Core/bsc/lib/Verilog/SizedFIFO.v:75$1220.
  creating $alu model for $macc $flatten\quire.\seg_adder_vff_carry_2.$add$/teamspace/studios/this_studio/Melodica-Integration-into-Fife-Core/bsc/lib/Verilog/SizedFIFO.v:76$1221.
  creating $alu model for $macc $flatten\quire.\seg_adder_vff_carry_2.$add$/teamspace/studios/this_studio/Melodica-Integration-into-Fife-Core/bsc/lib/Verilog/SizedFIFO.v:75$1220.
  creating $alu model for $macc $flatten\quire.\seg_adder_vff_carry_11.$add$/teamspace/studios/this_studio/Melodica-Integration-into-Fife-Core/bsc/lib/Verilog/SizedFIFO.v:76$1221.
  creating $alu model for $macc $flatten\quire.\seg_adder_vff_carry_11.$add$/teamspace/studios/this_studio/Melodica-Integration-into-Fife-Core/bsc/lib/Verilog/SizedFIFO.v:75$1220.
  creating $alu model for $macc $flatten\quire.\seg_adder_vff_carry_10.$add$/teamspace/studios/this_studio/Melodica-Integration-into-Fife-Core/bsc/lib/Verilog/SizedFIFO.v:76$1221.
  creating $alu model for $macc $flatten\quire.\seg_adder_vff_carry_10.$add$/teamspace/studios/this_studio/Melodica-Integration-into-Fife-Core/bsc/lib/Verilog/SizedFIFO.v:75$1220.
  creating $alu model for $macc $flatten\quire.\seg_adder_vff_carry_1.$add$/teamspace/studios/this_studio/Melodica-Integration-into-Fife-Core/bsc/lib/Verilog/SizedFIFO.v:76$1221.
  creating $alu model for $macc $flatten\quire.\seg_adder_vff_carry_1.$add$/teamspace/studios/this_studio/Melodica-Integration-into-Fife-Core/bsc/lib/Verilog/SizedFIFO.v:75$1220.
  creating $alu model for $macc $flatten\quire.\seg_adder_vff_carry_0.$add$/teamspace/studios/this_studio/Melodica-Integration-into-Fife-Core/bsc/lib/Verilog/SizedFIFO.v:76$1221.
  creating $alu model for $macc $flatten\quire.\seg_adder_vff_carry_0.$add$/teamspace/studios/this_studio/Melodica-Integration-into-Fife-Core/bsc/lib/Verilog/SizedFIFO.v:75$1220.
  creating $alu model for $macc $flatten\quire.\instance_fn_twosC_quire_2.$add$/teamspace/studios/this_studio/Melodica-Integration-into-Fife-Core/Learn_Bluespec_and_RISCV_Design/Code/Build/Fife/verilog/module_fn_twosC_quire.v:94$96.
  creating $alu model for $macc $flatten\quire.\instance_fn_twosC_quire_2.$add$/teamspace/studios/this_studio/Melodica-Integration-into-Fife-Core/Learn_Bluespec_and_RISCV_Design/Code/Build/Fife/verilog/module_fn_twosC_quire.v:87$90.
  creating $alu model for $macc $flatten\quire.\instance_fn_twosC_quire_2.$add$/teamspace/studios/this_studio/Melodica-Integration-into-Fife-Core/Learn_Bluespec_and_RISCV_Design/Code/Build/Fife/verilog/module_fn_twosC_quire.v:80$84.
  creating $alu model for $macc $flatten\quire.\instance_fn_twosC_quire_2.$add$/teamspace/studios/this_studio/Melodica-Integration-into-Fife-Core/Learn_Bluespec_and_RISCV_Design/Code/Build/Fife/verilog/module_fn_twosC_quire.v:167$159.
  creating $alu model for $macc $flatten\quire.\instance_fn_twosC_quire_2.$add$/teamspace/studios/this_studio/Melodica-Integration-into-Fife-Core/Learn_Bluespec_and_RISCV_Design/Code/Build/Fife/verilog/module_fn_twosC_quire.v:164$156.
  creating $alu model for $macc $flatten\quire.\instance_fn_twosC_quire_2.$add$/teamspace/studios/this_studio/Melodica-Integration-into-Fife-Core/Learn_Bluespec_and_RISCV_Design/Code/Build/Fife/verilog/module_fn_twosC_quire.v:157$150.
  creating $alu model for $macc $flatten\quire.\instance_fn_twosC_quire_2.$add$/teamspace/studios/this_studio/Melodica-Integration-into-Fife-Core/Learn_Bluespec_and_RISCV_Design/Code/Build/Fife/verilog/module_fn_twosC_quire.v:150$144.
  creating $alu model for $macc $flatten\quire.\instance_fn_twosC_quire_2.$add$/teamspace/studios/this_studio/Melodica-Integration-into-Fife-Core/Learn_Bluespec_and_RISCV_Design/Code/Build/Fife/verilog/module_fn_twosC_quire.v:143$138.
  creating $alu model for $macc $flatten\quire.\instance_fn_twosC_quire_2.$add$/teamspace/studios/this_studio/Melodica-Integration-into-Fife-Core/Learn_Bluespec_and_RISCV_Design/Code/Build/Fife/verilog/module_fn_twosC_quire.v:136$132.
  creating $alu model for $macc $flatten\quire.\instance_fn_twosC_quire_2.$add$/teamspace/studios/this_studio/Melodica-Integration-into-Fife-Core/Learn_Bluespec_and_RISCV_Design/Code/Build/Fife/verilog/module_fn_twosC_quire.v:129$126.
  creating $alu model for $macc $flatten\quire.\instance_fn_twosC_quire_2.$add$/teamspace/studios/this_studio/Melodica-Integration-into-Fife-Core/Learn_Bluespec_and_RISCV_Design/Code/Build/Fife/verilog/module_fn_twosC_quire.v:122$120.
  creating $alu model for $macc $flatten\quire.\instance_fn_twosC_quire_2.$add$/teamspace/studios/this_studio/Melodica-Integration-into-Fife-Core/Learn_Bluespec_and_RISCV_Design/Code/Build/Fife/verilog/module_fn_twosC_quire.v:115$114.
  creating $alu model for $macc $flatten\quire.\instance_fn_twosC_quire_2.$add$/teamspace/studios/this_studio/Melodica-Integration-into-Fife-Core/Learn_Bluespec_and_RISCV_Design/Code/Build/Fife/verilog/module_fn_twosC_quire.v:108$108.
  creating $alu model for $macc $flatten\quire.\instance_fn_twosC_quire_1.$add$/teamspace/studios/this_studio/Melodica-Integration-into-Fife-Core/Learn_Bluespec_and_RISCV_Design/Code/Build/Fife/verilog/module_fn_twosC_quire.v:94$96.
  creating $alu model for $macc $flatten\quire.\instance_fn_twosC_quire_1.$add$/teamspace/studios/this_studio/Melodica-Integration-into-Fife-Core/Learn_Bluespec_and_RISCV_Design/Code/Build/Fife/verilog/module_fn_twosC_quire.v:87$90.
  creating $alu model for $macc $flatten\quire.\instance_fn_twosC_quire_1.$add$/teamspace/studios/this_studio/Melodica-Integration-into-Fife-Core/Learn_Bluespec_and_RISCV_Design/Code/Build/Fife/verilog/module_fn_twosC_quire.v:80$84.
  creating $alu model for $macc $flatten\quire.\instance_fn_twosC_quire_1.$add$/teamspace/studios/this_studio/Melodica-Integration-into-Fife-Core/Learn_Bluespec_and_RISCV_Design/Code/Build/Fife/verilog/module_fn_twosC_quire.v:167$159.
  creating $alu model for $macc $flatten\quire.\instance_fn_twosC_quire_1.$add$/teamspace/studios/this_studio/Melodica-Integration-into-Fife-Core/Learn_Bluespec_and_RISCV_Design/Code/Build/Fife/verilog/module_fn_twosC_quire.v:164$156.
  creating $alu model for $macc $flatten\quire.\instance_fn_twosC_quire_1.$add$/teamspace/studios/this_studio/Melodica-Integration-into-Fife-Core/Learn_Bluespec_and_RISCV_Design/Code/Build/Fife/verilog/module_fn_twosC_quire.v:157$150.
  creating $alu model for $macc $flatten\quire.\instance_fn_twosC_quire_1.$add$/teamspace/studios/this_studio/Melodica-Integration-into-Fife-Core/Learn_Bluespec_and_RISCV_Design/Code/Build/Fife/verilog/module_fn_twosC_quire.v:150$144.
  creating $alu model for $macc $flatten\quire.\instance_fn_twosC_quire_1.$add$/teamspace/studios/this_studio/Melodica-Integration-into-Fife-Core/Learn_Bluespec_and_RISCV_Design/Code/Build/Fife/verilog/module_fn_twosC_quire.v:143$138.
  creating $alu model for $macc $flatten\quire.\instance_fn_twosC_quire_1.$add$/teamspace/studios/this_studio/Melodica-Integration-into-Fife-Core/Learn_Bluespec_and_RISCV_Design/Code/Build/Fife/verilog/module_fn_twosC_quire.v:136$132.
  creating $alu model for $macc $flatten\quire.\instance_fn_twosC_quire_1.$add$/teamspace/studios/this_studio/Melodica-Integration-into-Fife-Core/Learn_Bluespec_and_RISCV_Design/Code/Build/Fife/verilog/module_fn_twosC_quire.v:129$126.
  creating $alu model for $macc $flatten\quire.\instance_fn_twosC_quire_1.$add$/teamspace/studios/this_studio/Melodica-Integration-into-Fife-Core/Learn_Bluespec_and_RISCV_Design/Code/Build/Fife/verilog/module_fn_twosC_quire.v:122$120.
  creating $alu model for $macc $flatten\quire.\instance_fn_twosC_quire_1.$add$/teamspace/studios/this_studio/Melodica-Integration-into-Fife-Core/Learn_Bluespec_and_RISCV_Design/Code/Build/Fife/verilog/module_fn_twosC_quire.v:115$114.
  creating $alu model for $macc $flatten\quire.\instance_fn_twosC_quire_1.$add$/teamspace/studios/this_studio/Melodica-Integration-into-Fife-Core/Learn_Bluespec_and_RISCV_Design/Code/Build/Fife/verilog/module_fn_twosC_quire.v:108$108.
  creating $alu model for $macc $flatten\quire.\instance_fn_twosC_quire_1.$add$/teamspace/studios/this_studio/Melodica-Integration-into-Fife-Core/Learn_Bluespec_and_RISCV_Design/Code/Build/Fife/verilog/module_fn_twosC_quire.v:101$102.
  creating $alu model for $macc $flatten\quire.\instance_fn_twosC_quire_0.$add$/teamspace/studios/this_studio/Melodica-Integration-into-Fife-Core/Learn_Bluespec_and_RISCV_Design/Code/Build/Fife/verilog/module_fn_twosC_quire.v:94$96.
  creating $alu model for $macc $flatten\quire.\instance_fn_twosC_quire_0.$add$/teamspace/studios/this_studio/Melodica-Integration-into-Fife-Core/Learn_Bluespec_and_RISCV_Design/Code/Build/Fife/verilog/module_fn_twosC_quire.v:87$90.
  creating $alu model for $macc $flatten\quire.\instance_fn_twosC_quire_0.$add$/teamspace/studios/this_studio/Melodica-Integration-into-Fife-Core/Learn_Bluespec_and_RISCV_Design/Code/Build/Fife/verilog/module_fn_twosC_quire.v:80$84.
  creating $alu model for $macc $flatten\quire.\instance_fn_twosC_quire_0.$add$/teamspace/studios/this_studio/Melodica-Integration-into-Fife-Core/Learn_Bluespec_and_RISCV_Design/Code/Build/Fife/verilog/module_fn_twosC_quire.v:167$159.
  creating $alu model for $macc $flatten\quire.\instance_fn_twosC_quire_0.$add$/teamspace/studios/this_studio/Melodica-Integration-into-Fife-Core/Learn_Bluespec_and_RISCV_Design/Code/Build/Fife/verilog/module_fn_twosC_quire.v:164$156.
  creating $alu model for $macc $flatten\quire.\instance_fn_twosC_quire_0.$add$/teamspace/studios/this_studio/Melodica-Integration-into-Fife-Core/Learn_Bluespec_and_RISCV_Design/Code/Build/Fife/verilog/module_fn_twosC_quire.v:157$150.
  creating $alu model for $macc $flatten\quire.\instance_fn_twosC_quire_0.$add$/teamspace/studios/this_studio/Melodica-Integration-into-Fife-Core/Learn_Bluespec_and_RISCV_Design/Code/Build/Fife/verilog/module_fn_twosC_quire.v:150$144.
  creating $alu model for $macc $flatten\quire.\instance_fn_twosC_quire_0.$add$/teamspace/studios/this_studio/Melodica-Integration-into-Fife-Core/Learn_Bluespec_and_RISCV_Design/Code/Build/Fife/verilog/module_fn_twosC_quire.v:143$138.
  creating $alu model for $macc $flatten\quire.\instance_fn_twosC_quire_0.$add$/teamspace/studios/this_studio/Melodica-Integration-into-Fife-Core/Learn_Bluespec_and_RISCV_Design/Code/Build/Fife/verilog/module_fn_twosC_quire.v:136$132.
  creating $alu model for $macc $flatten\quire.\instance_fn_twosC_quire_0.$add$/teamspace/studios/this_studio/Melodica-Integration-into-Fife-Core/Learn_Bluespec_and_RISCV_Design/Code/Build/Fife/verilog/module_fn_twosC_quire.v:129$126.
  creating $alu model for $macc $flatten\quire.\instance_fn_twosC_quire_0.$add$/teamspace/studios/this_studio/Melodica-Integration-into-Fife-Core/Learn_Bluespec_and_RISCV_Design/Code/Build/Fife/verilog/module_fn_twosC_quire.v:122$120.
  creating $alu model for $macc $flatten\quire.\instance_fn_twosC_quire_0.$add$/teamspace/studios/this_studio/Melodica-Integration-into-Fife-Core/Learn_Bluespec_and_RISCV_Design/Code/Build/Fife/verilog/module_fn_twosC_quire.v:115$114.
  creating $alu model for $macc $flatten\quire.\instance_fn_twosC_quire_0.$add$/teamspace/studios/this_studio/Melodica-Integration-into-Fife-Core/Learn_Bluespec_and_RISCV_Design/Code/Build/Fife/verilog/module_fn_twosC_quire.v:108$108.
  creating $alu model for $macc $flatten\quire.$sub$/teamspace/studios/this_studio/Melodica-Integration-into-Fife-Core/Learn_Bluespec_and_RISCV_Design/Code/Build/Fife/verilog/mkQuire.v:2436$773.
  creating $alu model for $macc $flatten\quire.$sub$/teamspace/studios/this_studio/Melodica-Integration-into-Fife-Core/Learn_Bluespec_and_RISCV_Design/Code/Build/Fife/verilog/mkQuire.v:1252$289.
  creating $alu model for $macc $flatten\quire.$neg$/teamspace/studios/this_studio/Melodica-Integration-into-Fife-Core/Learn_Bluespec_and_RISCV_Design/Code/Build/Fife/verilog/mkQuire.v:2691$855.
  creating $alu model for $macc $flatten\quire.\seg_adder_vff_in_3.$add$/teamspace/studios/this_studio/Melodica-Integration-into-Fife-Core/bsc/lib/Verilog/SizedFIFO.v:76$1190.
  creating $alu model for $macc $flatten\quire.\seg_adder_vff_in_4.$add$/teamspace/studios/this_studio/Melodica-Integration-into-Fife-Core/bsc/lib/Verilog/SizedFIFO.v:75$1189.
  creating $alu model for $macc $flatten\quire.\seg_adder_vff_in_4.$add$/teamspace/studios/this_studio/Melodica-Integration-into-Fife-Core/bsc/lib/Verilog/SizedFIFO.v:76$1190.
  creating $alu model for $macc $flatten\quire.\seg_adder_vff_in_5.$add$/teamspace/studios/this_studio/Melodica-Integration-into-Fife-Core/bsc/lib/Verilog/SizedFIFO.v:75$1189.
  creating $alu model for $macc $flatten\quire.\seg_adder_vff_in_5.$add$/teamspace/studios/this_studio/Melodica-Integration-into-Fife-Core/bsc/lib/Verilog/SizedFIFO.v:76$1190.
  creating $alu model for $macc $flatten\quire.\seg_adder_vff_in_6.$add$/teamspace/studios/this_studio/Melodica-Integration-into-Fife-Core/bsc/lib/Verilog/SizedFIFO.v:75$1189.
  creating $alu model for $macc $flatten\quire.\seg_adder_vff_in_6.$add$/teamspace/studios/this_studio/Melodica-Integration-into-Fife-Core/bsc/lib/Verilog/SizedFIFO.v:76$1190.
  creating $alu model for $macc $flatten\quire.\seg_adder_vff_in_7.$add$/teamspace/studios/this_studio/Melodica-Integration-into-Fife-Core/bsc/lib/Verilog/SizedFIFO.v:75$1189.
  creating $alu model for $macc $flatten\quire.\seg_adder_vff_in_7.$add$/teamspace/studios/this_studio/Melodica-Integration-into-Fife-Core/bsc/lib/Verilog/SizedFIFO.v:76$1190.
  creating $alu model for $macc $flatten\quire.\seg_adder_vff_in_8.$add$/teamspace/studios/this_studio/Melodica-Integration-into-Fife-Core/bsc/lib/Verilog/SizedFIFO.v:75$1189.
  creating $alu model for $macc $flatten\quire.\seg_adder_vff_in_8.$add$/teamspace/studios/this_studio/Melodica-Integration-into-Fife-Core/bsc/lib/Verilog/SizedFIFO.v:76$1190.
  creating $alu model for $macc $flatten\quire.\seg_adder_vff_in_9.$add$/teamspace/studios/this_studio/Melodica-Integration-into-Fife-Core/bsc/lib/Verilog/SizedFIFO.v:75$1189.
  creating $alu model for $macc $flatten\quire.\seg_adder_vff_in_3.$add$/teamspace/studios/this_studio/Melodica-Integration-into-Fife-Core/bsc/lib/Verilog/SizedFIFO.v:75$1189.
  creating $alu model for $macc $flatten\quire.$add$/teamspace/studios/this_studio/Melodica-Integration-into-Fife-Core/Learn_Bluespec_and_RISCV_Design/Code/Build/Fife/verilog/mkQuire.v:2495$789.
  creating $alu model for $macc $flatten\quire.$add$/teamspace/studios/this_studio/Melodica-Integration-into-Fife-Core/Learn_Bluespec_and_RISCV_Design/Code/Build/Fife/verilog/mkQuire.v:2479$787.
  creating $alu model for $macc $flatten\quire.$add$/teamspace/studios/this_studio/Melodica-Integration-into-Fife-Core/Learn_Bluespec_and_RISCV_Design/Code/Build/Fife/verilog/mkQuire.v:2477$786.
  creating $alu model for $macc $flatten\quire.$add$/teamspace/studios/this_studio/Melodica-Integration-into-Fife-Core/Learn_Bluespec_and_RISCV_Design/Code/Build/Fife/verilog/mkQuire.v:2475$785.
  creating $alu model for $macc $flatten\quire.$add$/teamspace/studios/this_studio/Melodica-Integration-into-Fife-Core/Learn_Bluespec_and_RISCV_Design/Code/Build/Fife/verilog/mkQuire.v:2473$784.
  creating $alu model for $macc $flatten\quire.$add$/teamspace/studios/this_studio/Melodica-Integration-into-Fife-Core/Learn_Bluespec_and_RISCV_Design/Code/Build/Fife/verilog/mkQuire.v:2471$783.
  creating $alu model for $macc $flatten\quire.$add$/teamspace/studios/this_studio/Melodica-Integration-into-Fife-Core/Learn_Bluespec_and_RISCV_Design/Code/Build/Fife/verilog/mkQuire.v:2469$782.
  creating $alu model for $macc $flatten\quire.$add$/teamspace/studios/this_studio/Melodica-Integration-into-Fife-Core/Learn_Bluespec_and_RISCV_Design/Code/Build/Fife/verilog/mkQuire.v:2467$781.
  creating $alu model for $macc $flatten\quire.$add$/teamspace/studios/this_studio/Melodica-Integration-into-Fife-Core/Learn_Bluespec_and_RISCV_Design/Code/Build/Fife/verilog/mkQuire.v:2465$780.
  creating $alu model for $macc $flatten\quire.$add$/teamspace/studios/this_studio/Melodica-Integration-into-Fife-Core/Learn_Bluespec_and_RISCV_Design/Code/Build/Fife/verilog/mkQuire.v:2463$779.
  creating $alu model for $macc $flatten\quire.$add$/teamspace/studios/this_studio/Melodica-Integration-into-Fife-Core/Learn_Bluespec_and_RISCV_Design/Code/Build/Fife/verilog/mkQuire.v:2461$778.
  creating $alu model for $macc $flatten\quire.$add$/teamspace/studios/this_studio/Melodica-Integration-into-Fife-Core/Learn_Bluespec_and_RISCV_Design/Code/Build/Fife/verilog/mkQuire.v:2459$777.
  creating $alu model for $macc $flatten\quire.$add$/teamspace/studios/this_studio/Melodica-Integration-into-Fife-Core/Learn_Bluespec_and_RISCV_Design/Code/Build/Fife/verilog/mkQuire.v:2457$776.
  creating $alu model for $macc $flatten\quire.$add$/teamspace/studios/this_studio/Melodica-Integration-into-Fife-Core/Learn_Bluespec_and_RISCV_Design/Code/Build/Fife/verilog/mkQuire.v:2455$775.
  creating $alu model for $macc $flatten\quire.$add$/teamspace/studios/this_studio/Melodica-Integration-into-Fife-Core/Learn_Bluespec_and_RISCV_Design/Code/Build/Fife/verilog/mkQuire.v:1250$288.
  creating $alu model for $macc $flatten\ptof.$sub$/teamspace/studios/this_studio/Melodica-Integration-into-Fife-Core/Learn_Bluespec_and_RISCV_Design/Code/Build/Fife/verilog/mkPtoF_PNE.v:179$1033.
  creating $alu model for $macc $flatten\ptof.$sub$/teamspace/studios/this_studio/Melodica-Integration-into-Fife-Core/Learn_Bluespec_and_RISCV_Design/Code/Build/Fife/verilog/mkPtoF_PNE.v:177$1032.
  creating $alu model for $macc $flatten\ptof.$neg$/teamspace/studios/this_studio/Melodica-Integration-into-Fife-Core/Learn_Bluespec_and_RISCV_Design/Code/Build/Fife/verilog/mkPtoF_PNE.v:138$1015.
  creating $alu model for $macc $flatten\ptof.$add$/teamspace/studios/this_studio/Melodica-Integration-into-Fife-Core/Learn_Bluespec_and_RISCV_Design/Code/Build/Fife/verilog/mkPtoF_PNE.v:217$1059.
  creating $alu model for $macc $flatten\ptof.$add$/teamspace/studios/this_studio/Melodica-Integration-into-Fife-Core/Learn_Bluespec_and_RISCV_Design/Code/Build/Fife/verilog/mkPtoF_PNE.v:201$1049.
  creating $alu model for $macc $flatten\ptof.$add$/teamspace/studios/this_studio/Melodica-Integration-into-Fife-Core/Learn_Bluespec_and_RISCV_Design/Code/Build/Fife/verilog/mkPtoF_PNE.v:197$1047.
  creating $alu model for $macc $flatten\multiplier.$neg$/teamspace/studios/this_studio/Melodica-Integration-into-Fife-Core/Learn_Bluespec_and_RISCV_Design/Code/Build/Fife/verilog/mkMultiplier.v:230$921.
  creating $alu model for $macc $flatten\multiplier.$add$/teamspace/studios/this_studio/Melodica-Integration-into-Fife-Core/Learn_Bluespec_and_RISCV_Design/Code/Build/Fife/verilog/mkMultiplier.v:204$911.
  creating $alu model for $macc $flatten\multiplier.$add$/teamspace/studios/this_studio/Melodica-Integration-into-Fife-Core/Learn_Bluespec_and_RISCV_Design/Code/Build/Fife/verilog/mkMultiplier.v:191$909.
  creating $alu model for $macc $flatten\ftop.$sub$/teamspace/studios/this_studio/Melodica-Integration-into-Fife-Core/Learn_Bluespec_and_RISCV_Design/Code/Build/Fife/verilog/mkFtoP_PNE.v:191$1008.
  creating $alu model for $macc $flatten\ftop.$sub$/teamspace/studios/this_studio/Melodica-Integration-into-Fife-Core/Learn_Bluespec_and_RISCV_Design/Code/Build/Fife/verilog/mkFtoP_PNE.v:186$1007.
  creating $alu model for $macc $flatten\ftop.$sub$/teamspace/studios/this_studio/Melodica-Integration-into-Fife-Core/Learn_Bluespec_and_RISCV_Design/Code/Build/Fife/verilog/mkFtoP_PNE.v:183$1006.
  creating $alu model for $macc $flatten\ftop.$neg$/teamspace/studios/this_studio/Melodica-Integration-into-Fife-Core/Learn_Bluespec_and_RISCV_Design/Code/Build/Fife/verilog/mkFtoP_PNE.v:133$981.
  creating $alu model for $macc $flatten\ftop.$add$/teamspace/studios/this_studio/Melodica-Integration-into-Fife-Core/Learn_Bluespec_and_RISCV_Design/Code/Build/Fife/verilog/mkFtoP_PNE.v:196$1010.
  creating $alu model for $macc $flatten\extracter2.$add$/teamspace/studios/this_studio/Melodica-Integration-into-Fife-Core/Learn_Bluespec_and_RISCV_Design/Code/Build/Fife/verilog/mkExtracter.v:195$958.
  creating $alu model for $macc $flatten\quire.\seg_adder_vff_in_9.$add$/teamspace/studios/this_studio/Melodica-Integration-into-Fife-Core/bsc/lib/Verilog/SizedFIFO.v:76$1190.
  creating $alu model for $macc $flatten\extracter1.$add$/teamspace/studios/this_studio/Melodica-Integration-into-Fife-Core/Learn_Bluespec_and_RISCV_Design/Code/Build/Fife/verilog/mkExtracter.v:195$958.
  creating $alu model for $macc $sub$/teamspace/studios/this_studio/Melodica-Integration-into-Fife-Core/Learn_Bluespec_and_RISCV_Design/Code/Build/Fife/verilog/mkPositCore.v:453$1149.
  creating $alu model for $macc $add$/teamspace/studios/this_studio/Melodica-Integration-into-Fife-Core/Learn_Bluespec_and_RISCV_Design/Code/Build/Fife/verilog/mkPositCore.v:506$1175.
  creating $alu model for $macc $add$/teamspace/studios/this_studio/Melodica-Integration-into-Fife-Core/Learn_Bluespec_and_RISCV_Design/Code/Build/Fife/verilog/mkPositCore.v:452$1148.
  creating $macc cell for $flatten\multiplier.$mul$/teamspace/studios/this_studio/Melodica-Integration-into-Fife-Core/Learn_Bluespec_and_RISCV_Design/Code/Build/Fife/verilog/mkMultiplier.v:196$910: $auto$alumacc.cc:365:replace_macc$3252
  creating $macc cell for $flatten\quire.$sub$/teamspace/studios/this_studio/Melodica-Integration-into-Fife-Core/Learn_Bluespec_and_RISCV_Design/Code/Build/Fife/verilog/mkQuire.v:2053$681: $auto$alumacc.cc:365:replace_macc$3253
  creating $alu model for $flatten\ftop.$le$/teamspace/studios/this_studio/Melodica-Integration-into-Fife-Core/Learn_Bluespec_and_RISCV_Design/Code/Build/Fife/verilog/mkFtoP_PNE.v:160$997 ($le): new $alu
  creating $alu model for $flatten\ftop.$le$/teamspace/studios/this_studio/Melodica-Integration-into-Fife-Core/Learn_Bluespec_and_RISCV_Design/Code/Build/Fife/verilog/mkFtoP_PNE.v:166$1000 ($le): new $alu
  creating $alu model for $flatten\ftop.$le$/teamspace/studios/this_studio/Melodica-Integration-into-Fife-Core/Learn_Bluespec_and_RISCV_Design/Code/Build/Fife/verilog/mkFtoP_PNE.v:179$1005 ($le): new $alu
  creating $alu model for $flatten\ftop.$lt$/teamspace/studios/this_studio/Melodica-Integration-into-Fife-Core/Learn_Bluespec_and_RISCV_Design/Code/Build/Fife/verilog/mkFtoP_PNE.v:175$1003 ($lt): new $alu
  creating $alu model for $flatten\ptof.$le$/teamspace/studios/this_studio/Melodica-Integration-into-Fife-Core/Learn_Bluespec_and_RISCV_Design/Code/Build/Fife/verilog/mkPtoF_PNE.v:141$1018 ($le): new $alu
  creating $alu model for $flatten\ptof.$le$/teamspace/studios/this_studio/Melodica-Integration-into-Fife-Core/Learn_Bluespec_and_RISCV_Design/Code/Build/Fife/verilog/mkPtoF_PNE.v:146$1021 ($le): new $alu
  creating $alu model for $flatten\ptof.$le$/teamspace/studios/this_studio/Melodica-Integration-into-Fife-Core/Learn_Bluespec_and_RISCV_Design/Code/Build/Fife/verilog/mkPtoF_PNE.v:181$1035 ($le): new $alu
  creating $alu model for $flatten\ptof.$lt$/teamspace/studios/this_studio/Melodica-Integration-into-Fife-Core/Learn_Bluespec_and_RISCV_Design/Code/Build/Fife/verilog/mkPtoF_PNE.v:183$1037 ($lt): new $alu
  creating $alu model for $flatten\quire.$le$/teamspace/studios/this_studio/Melodica-Integration-into-Fife-Core/Learn_Bluespec_and_RISCV_Design/Code/Build/Fife/verilog/mkQuire.v:2432$772 ($le): new $alu
  creating $alu model for $flatten\quire.$lt$/teamspace/studios/this_studio/Melodica-Integration-into-Fife-Core/Learn_Bluespec_and_RISCV_Design/Code/Build/Fife/verilog/mkQuire.v:2428$770 ($lt): new $alu
  creating $alu cell for $flatten\quire.$lt$/teamspace/studios/this_studio/Melodica-Integration-into-Fife-Core/Learn_Bluespec_and_RISCV_Design/Code/Build/Fife/verilog/mkQuire.v:2428$770: $auto$alumacc.cc:485:replace_alu$3264
  creating $alu cell for $flatten\quire.$le$/teamspace/studios/this_studio/Melodica-Integration-into-Fife-Core/Learn_Bluespec_and_RISCV_Design/Code/Build/Fife/verilog/mkQuire.v:2432$772: $auto$alumacc.cc:485:replace_alu$3275
  creating $alu cell for $flatten\ptof.$lt$/teamspace/studios/this_studio/Melodica-Integration-into-Fife-Core/Learn_Bluespec_and_RISCV_Design/Code/Build/Fife/verilog/mkPtoF_PNE.v:183$1037: $auto$alumacc.cc:485:replace_alu$3288
  creating $alu cell for $flatten\ptof.$le$/teamspace/studios/this_studio/Melodica-Integration-into-Fife-Core/Learn_Bluespec_and_RISCV_Design/Code/Build/Fife/verilog/mkPtoF_PNE.v:181$1035: $auto$alumacc.cc:485:replace_alu$3299
  creating $alu cell for $flatten\ptof.$le$/teamspace/studios/this_studio/Melodica-Integration-into-Fife-Core/Learn_Bluespec_and_RISCV_Design/Code/Build/Fife/verilog/mkPtoF_PNE.v:146$1021: $auto$alumacc.cc:485:replace_alu$3312
  creating $alu cell for $flatten\ptof.$le$/teamspace/studios/this_studio/Melodica-Integration-into-Fife-Core/Learn_Bluespec_and_RISCV_Design/Code/Build/Fife/verilog/mkPtoF_PNE.v:141$1018: $auto$alumacc.cc:485:replace_alu$3325
  creating $alu cell for $flatten\ftop.$lt$/teamspace/studios/this_studio/Melodica-Integration-into-Fife-Core/Learn_Bluespec_and_RISCV_Design/Code/Build/Fife/verilog/mkFtoP_PNE.v:175$1003: $auto$alumacc.cc:485:replace_alu$3338
  creating $alu cell for $flatten\ftop.$le$/teamspace/studios/this_studio/Melodica-Integration-into-Fife-Core/Learn_Bluespec_and_RISCV_Design/Code/Build/Fife/verilog/mkFtoP_PNE.v:179$1005: $auto$alumacc.cc:485:replace_alu$3349
  creating $alu cell for $flatten\ftop.$le$/teamspace/studios/this_studio/Melodica-Integration-into-Fife-Core/Learn_Bluespec_and_RISCV_Design/Code/Build/Fife/verilog/mkFtoP_PNE.v:166$1000: $auto$alumacc.cc:485:replace_alu$3362
  creating $alu cell for $flatten\ftop.$le$/teamspace/studios/this_studio/Melodica-Integration-into-Fife-Core/Learn_Bluespec_and_RISCV_Design/Code/Build/Fife/verilog/mkFtoP_PNE.v:160$997: $auto$alumacc.cc:485:replace_alu$3375
  creating $alu cell for $add$/teamspace/studios/this_studio/Melodica-Integration-into-Fife-Core/Learn_Bluespec_and_RISCV_Design/Code/Build/Fife/verilog/mkPositCore.v:452$1148: $auto$alumacc.cc:485:replace_alu$3388
  creating $alu cell for $add$/teamspace/studios/this_studio/Melodica-Integration-into-Fife-Core/Learn_Bluespec_and_RISCV_Design/Code/Build/Fife/verilog/mkPositCore.v:506$1175: $auto$alumacc.cc:485:replace_alu$3391
  creating $alu cell for $sub$/teamspace/studios/this_studio/Melodica-Integration-into-Fife-Core/Learn_Bluespec_and_RISCV_Design/Code/Build/Fife/verilog/mkPositCore.v:453$1149: $auto$alumacc.cc:485:replace_alu$3394
  creating $alu cell for $flatten\extracter1.$add$/teamspace/studios/this_studio/Melodica-Integration-into-Fife-Core/Learn_Bluespec_and_RISCV_Design/Code/Build/Fife/verilog/mkExtracter.v:195$958: $auto$alumacc.cc:485:replace_alu$3397
  creating $alu cell for $flatten\quire.\seg_adder_vff_in_9.$add$/teamspace/studios/this_studio/Melodica-Integration-into-Fife-Core/bsc/lib/Verilog/SizedFIFO.v:76$1190: $auto$alumacc.cc:485:replace_alu$3400
  creating $alu cell for $flatten\extracter2.$add$/teamspace/studios/this_studio/Melodica-Integration-into-Fife-Core/Learn_Bluespec_and_RISCV_Design/Code/Build/Fife/verilog/mkExtracter.v:195$958: $auto$alumacc.cc:485:replace_alu$3403
  creating $alu cell for $flatten\ftop.$add$/teamspace/studios/this_studio/Melodica-Integration-into-Fife-Core/Learn_Bluespec_and_RISCV_Design/Code/Build/Fife/verilog/mkFtoP_PNE.v:196$1010: $auto$alumacc.cc:485:replace_alu$3406
  creating $alu cell for $flatten\ftop.$neg$/teamspace/studios/this_studio/Melodica-Integration-into-Fife-Core/Learn_Bluespec_and_RISCV_Design/Code/Build/Fife/verilog/mkFtoP_PNE.v:133$981: $auto$alumacc.cc:485:replace_alu$3409
  creating $alu cell for $flatten\ftop.$sub$/teamspace/studios/this_studio/Melodica-Integration-into-Fife-Core/Learn_Bluespec_and_RISCV_Design/Code/Build/Fife/verilog/mkFtoP_PNE.v:183$1006: $auto$alumacc.cc:485:replace_alu$3412
  creating $alu cell for $flatten\ftop.$sub$/teamspace/studios/this_studio/Melodica-Integration-into-Fife-Core/Learn_Bluespec_and_RISCV_Design/Code/Build/Fife/verilog/mkFtoP_PNE.v:186$1007: $auto$alumacc.cc:485:replace_alu$3415
  creating $alu cell for $flatten\ftop.$sub$/teamspace/studios/this_studio/Melodica-Integration-into-Fife-Core/Learn_Bluespec_and_RISCV_Design/Code/Build/Fife/verilog/mkFtoP_PNE.v:191$1008: $auto$alumacc.cc:485:replace_alu$3418
  creating $alu cell for $flatten\multiplier.$add$/teamspace/studios/this_studio/Melodica-Integration-into-Fife-Core/Learn_Bluespec_and_RISCV_Design/Code/Build/Fife/verilog/mkMultiplier.v:191$909: $auto$alumacc.cc:485:replace_alu$3421
  creating $alu cell for $flatten\multiplier.$add$/teamspace/studios/this_studio/Melodica-Integration-into-Fife-Core/Learn_Bluespec_and_RISCV_Design/Code/Build/Fife/verilog/mkMultiplier.v:204$911: $auto$alumacc.cc:485:replace_alu$3424
  creating $alu cell for $flatten\multiplier.$neg$/teamspace/studios/this_studio/Melodica-Integration-into-Fife-Core/Learn_Bluespec_and_RISCV_Design/Code/Build/Fife/verilog/mkMultiplier.v:230$921: $auto$alumacc.cc:485:replace_alu$3427
  creating $alu cell for $flatten\ptof.$add$/teamspace/studios/this_studio/Melodica-Integration-into-Fife-Core/Learn_Bluespec_and_RISCV_Design/Code/Build/Fife/verilog/mkPtoF_PNE.v:197$1047: $auto$alumacc.cc:485:replace_alu$3430
  creating $alu cell for $flatten\ptof.$add$/teamspace/studios/this_studio/Melodica-Integration-into-Fife-Core/Learn_Bluespec_and_RISCV_Design/Code/Build/Fife/verilog/mkPtoF_PNE.v:201$1049: $auto$alumacc.cc:485:replace_alu$3433
  creating $alu cell for $flatten\ptof.$add$/teamspace/studios/this_studio/Melodica-Integration-into-Fife-Core/Learn_Bluespec_and_RISCV_Design/Code/Build/Fife/verilog/mkPtoF_PNE.v:217$1059: $auto$alumacc.cc:485:replace_alu$3436
  creating $alu cell for $flatten\ptof.$neg$/teamspace/studios/this_studio/Melodica-Integration-into-Fife-Core/Learn_Bluespec_and_RISCV_Design/Code/Build/Fife/verilog/mkPtoF_PNE.v:138$1015: $auto$alumacc.cc:485:replace_alu$3439
  creating $alu cell for $flatten\ptof.$sub$/teamspace/studios/this_studio/Melodica-Integration-into-Fife-Core/Learn_Bluespec_and_RISCV_Design/Code/Build/Fife/verilog/mkPtoF_PNE.v:177$1032: $auto$alumacc.cc:485:replace_alu$3442
  creating $alu cell for $flatten\ptof.$sub$/teamspace/studios/this_studio/Melodica-Integration-into-Fife-Core/Learn_Bluespec_and_RISCV_Design/Code/Build/Fife/verilog/mkPtoF_PNE.v:179$1033: $auto$alumacc.cc:485:replace_alu$3445
  creating $alu cell for $flatten\quire.$add$/teamspace/studios/this_studio/Melodica-Integration-into-Fife-Core/Learn_Bluespec_and_RISCV_Design/Code/Build/Fife/verilog/mkQuire.v:1250$288: $auto$alumacc.cc:485:replace_alu$3448
  creating $alu cell for $flatten\quire.$add$/teamspace/studios/this_studio/Melodica-Integration-into-Fife-Core/Learn_Bluespec_and_RISCV_Design/Code/Build/Fife/verilog/mkQuire.v:2455$775: $auto$alumacc.cc:485:replace_alu$3451
  creating $alu cell for $flatten\quire.$add$/teamspace/studios/this_studio/Melodica-Integration-into-Fife-Core/Learn_Bluespec_and_RISCV_Design/Code/Build/Fife/verilog/mkQuire.v:2457$776: $auto$alumacc.cc:485:replace_alu$3454
  creating $alu cell for $flatten\quire.$add$/teamspace/studios/this_studio/Melodica-Integration-into-Fife-Core/Learn_Bluespec_and_RISCV_Design/Code/Build/Fife/verilog/mkQuire.v:2459$777: $auto$alumacc.cc:485:replace_alu$3457
  creating $alu cell for $flatten\quire.$add$/teamspace/studios/this_studio/Melodica-Integration-into-Fife-Core/Learn_Bluespec_and_RISCV_Design/Code/Build/Fife/verilog/mkQuire.v:2461$778: $auto$alumacc.cc:485:replace_alu$3460
  creating $alu cell for $flatten\quire.$add$/teamspace/studios/this_studio/Melodica-Integration-into-Fife-Core/Learn_Bluespec_and_RISCV_Design/Code/Build/Fife/verilog/mkQuire.v:2463$779: $auto$alumacc.cc:485:replace_alu$3463
  creating $alu cell for $flatten\quire.$add$/teamspace/studios/this_studio/Melodica-Integration-into-Fife-Core/Learn_Bluespec_and_RISCV_Design/Code/Build/Fife/verilog/mkQuire.v:2465$780: $auto$alumacc.cc:485:replace_alu$3466
  creating $alu cell for $flatten\quire.$add$/teamspace/studios/this_studio/Melodica-Integration-into-Fife-Core/Learn_Bluespec_and_RISCV_Design/Code/Build/Fife/verilog/mkQuire.v:2467$781: $auto$alumacc.cc:485:replace_alu$3469
  creating $alu cell for $flatten\quire.$add$/teamspace/studios/this_studio/Melodica-Integration-into-Fife-Core/Learn_Bluespec_and_RISCV_Design/Code/Build/Fife/verilog/mkQuire.v:2469$782: $auto$alumacc.cc:485:replace_alu$3472
  creating $alu cell for $flatten\quire.$add$/teamspace/studios/this_studio/Melodica-Integration-into-Fife-Core/Learn_Bluespec_and_RISCV_Design/Code/Build/Fife/verilog/mkQuire.v:2471$783: $auto$alumacc.cc:485:replace_alu$3475
  creating $alu cell for $flatten\quire.$add$/teamspace/studios/this_studio/Melodica-Integration-into-Fife-Core/Learn_Bluespec_and_RISCV_Design/Code/Build/Fife/verilog/mkQuire.v:2473$784: $auto$alumacc.cc:485:replace_alu$3478
  creating $alu cell for $flatten\quire.$add$/teamspace/studios/this_studio/Melodica-Integration-into-Fife-Core/Learn_Bluespec_and_RISCV_Design/Code/Build/Fife/verilog/mkQuire.v:2475$785: $auto$alumacc.cc:485:replace_alu$3481
  creating $alu cell for $flatten\quire.$add$/teamspace/studios/this_studio/Melodica-Integration-into-Fife-Core/Learn_Bluespec_and_RISCV_Design/Code/Build/Fife/verilog/mkQuire.v:2477$786: $auto$alumacc.cc:485:replace_alu$3484
  creating $alu cell for $flatten\quire.$add$/teamspace/studios/this_studio/Melodica-Integration-into-Fife-Core/Learn_Bluespec_and_RISCV_Design/Code/Build/Fife/verilog/mkQuire.v:2479$787: $auto$alumacc.cc:485:replace_alu$3487
  creating $alu cell for $flatten\quire.$add$/teamspace/studios/this_studio/Melodica-Integration-into-Fife-Core/Learn_Bluespec_and_RISCV_Design/Code/Build/Fife/verilog/mkQuire.v:2495$789: $auto$alumacc.cc:485:replace_alu$3490
  creating $alu cell for $flatten\quire.\seg_adder_vff_in_3.$add$/teamspace/studios/this_studio/Melodica-Integration-into-Fife-Core/bsc/lib/Verilog/SizedFIFO.v:75$1189: $auto$alumacc.cc:485:replace_alu$3493
  creating $alu cell for $flatten\quire.\seg_adder_vff_in_9.$add$/teamspace/studios/this_studio/Melodica-Integration-into-Fife-Core/bsc/lib/Verilog/SizedFIFO.v:75$1189: $auto$alumacc.cc:485:replace_alu$3496
  creating $alu cell for $flatten\quire.\seg_adder_vff_in_8.$add$/teamspace/studios/this_studio/Melodica-Integration-into-Fife-Core/bsc/lib/Verilog/SizedFIFO.v:76$1190: $auto$alumacc.cc:485:replace_alu$3499
  creating $alu cell for $flatten\quire.\seg_adder_vff_in_8.$add$/teamspace/studios/this_studio/Melodica-Integration-into-Fife-Core/bsc/lib/Verilog/SizedFIFO.v:75$1189: $auto$alumacc.cc:485:replace_alu$3502
  creating $alu cell for $flatten\quire.\seg_adder_vff_in_7.$add$/teamspace/studios/this_studio/Melodica-Integration-into-Fife-Core/bsc/lib/Verilog/SizedFIFO.v:76$1190: $auto$alumacc.cc:485:replace_alu$3505
  creating $alu cell for $flatten\quire.\seg_adder_vff_in_7.$add$/teamspace/studios/this_studio/Melodica-Integration-into-Fife-Core/bsc/lib/Verilog/SizedFIFO.v:75$1189: $auto$alumacc.cc:485:replace_alu$3508
  creating $alu cell for $flatten\quire.\seg_adder_vff_in_6.$add$/teamspace/studios/this_studio/Melodica-Integration-into-Fife-Core/bsc/lib/Verilog/SizedFIFO.v:76$1190: $auto$alumacc.cc:485:replace_alu$3511
  creating $alu cell for $flatten\quire.\seg_adder_vff_in_6.$add$/teamspace/studios/this_studio/Melodica-Integration-into-Fife-Core/bsc/lib/Verilog/SizedFIFO.v:75$1189: $auto$alumacc.cc:485:replace_alu$3514
  creating $alu cell for $flatten\quire.\seg_adder_vff_in_5.$add$/teamspace/studios/this_studio/Melodica-Integration-into-Fife-Core/bsc/lib/Verilog/SizedFIFO.v:76$1190: $auto$alumacc.cc:485:replace_alu$3517
  creating $alu cell for $flatten\quire.\seg_adder_vff_in_5.$add$/teamspace/studios/this_studio/Melodica-Integration-into-Fife-Core/bsc/lib/Verilog/SizedFIFO.v:75$1189: $auto$alumacc.cc:485:replace_alu$3520
  creating $alu cell for $flatten\quire.\seg_adder_vff_in_4.$add$/teamspace/studios/this_studio/Melodica-Integration-into-Fife-Core/bsc/lib/Verilog/SizedFIFO.v:76$1190: $auto$alumacc.cc:485:replace_alu$3523
  creating $alu cell for $flatten\quire.\seg_adder_vff_in_4.$add$/teamspace/studios/this_studio/Melodica-Integration-into-Fife-Core/bsc/lib/Verilog/SizedFIFO.v:75$1189: $auto$alumacc.cc:485:replace_alu$3526
  creating $alu cell for $flatten\quire.\seg_adder_vff_in_3.$add$/teamspace/studios/this_studio/Melodica-Integration-into-Fife-Core/bsc/lib/Verilog/SizedFIFO.v:76$1190: $auto$alumacc.cc:485:replace_alu$3529
  creating $alu cell for $flatten\quire.$neg$/teamspace/studios/this_studio/Melodica-Integration-into-Fife-Core/Learn_Bluespec_and_RISCV_Design/Code/Build/Fife/verilog/mkQuire.v:2691$855: $auto$alumacc.cc:485:replace_alu$3532
  creating $alu cell for $flatten\quire.$sub$/teamspace/studios/this_studio/Melodica-Integration-into-Fife-Core/Learn_Bluespec_and_RISCV_Design/Code/Build/Fife/verilog/mkQuire.v:1252$289: $auto$alumacc.cc:485:replace_alu$3535
  creating $alu cell for $flatten\quire.$sub$/teamspace/studios/this_studio/Melodica-Integration-into-Fife-Core/Learn_Bluespec_and_RISCV_Design/Code/Build/Fife/verilog/mkQuire.v:2436$773: $auto$alumacc.cc:485:replace_alu$3538
  creating $alu cell for $flatten\quire.\instance_fn_twosC_quire_0.$add$/teamspace/studios/this_studio/Melodica-Integration-into-Fife-Core/Learn_Bluespec_and_RISCV_Design/Code/Build/Fife/verilog/module_fn_twosC_quire.v:108$108: $auto$alumacc.cc:485:replace_alu$3541
  creating $alu cell for $flatten\quire.\instance_fn_twosC_quire_0.$add$/teamspace/studios/this_studio/Melodica-Integration-into-Fife-Core/Learn_Bluespec_and_RISCV_Design/Code/Build/Fife/verilog/module_fn_twosC_quire.v:115$114: $auto$alumacc.cc:485:replace_alu$3544
  creating $alu cell for $flatten\quire.\instance_fn_twosC_quire_0.$add$/teamspace/studios/this_studio/Melodica-Integration-into-Fife-Core/Learn_Bluespec_and_RISCV_Design/Code/Build/Fife/verilog/module_fn_twosC_quire.v:122$120: $auto$alumacc.cc:485:replace_alu$3547
  creating $alu cell for $flatten\quire.\instance_fn_twosC_quire_0.$add$/teamspace/studios/this_studio/Melodica-Integration-into-Fife-Core/Learn_Bluespec_and_RISCV_Design/Code/Build/Fife/verilog/module_fn_twosC_quire.v:129$126: $auto$alumacc.cc:485:replace_alu$3550
  creating $alu cell for $flatten\quire.\instance_fn_twosC_quire_0.$add$/teamspace/studios/this_studio/Melodica-Integration-into-Fife-Core/Learn_Bluespec_and_RISCV_Design/Code/Build/Fife/verilog/module_fn_twosC_quire.v:136$132: $auto$alumacc.cc:485:replace_alu$3553
  creating $alu cell for $flatten\quire.\instance_fn_twosC_quire_0.$add$/teamspace/studios/this_studio/Melodica-Integration-into-Fife-Core/Learn_Bluespec_and_RISCV_Design/Code/Build/Fife/verilog/module_fn_twosC_quire.v:143$138: $auto$alumacc.cc:485:replace_alu$3556
  creating $alu cell for $flatten\quire.\instance_fn_twosC_quire_0.$add$/teamspace/studios/this_studio/Melodica-Integration-into-Fife-Core/Learn_Bluespec_and_RISCV_Design/Code/Build/Fife/verilog/module_fn_twosC_quire.v:150$144: $auto$alumacc.cc:485:replace_alu$3559
  creating $alu cell for $flatten\quire.\instance_fn_twosC_quire_0.$add$/teamspace/studios/this_studio/Melodica-Integration-into-Fife-Core/Learn_Bluespec_and_RISCV_Design/Code/Build/Fife/verilog/module_fn_twosC_quire.v:157$150: $auto$alumacc.cc:485:replace_alu$3562
  creating $alu cell for $flatten\quire.\instance_fn_twosC_quire_0.$add$/teamspace/studios/this_studio/Melodica-Integration-into-Fife-Core/Learn_Bluespec_and_RISCV_Design/Code/Build/Fife/verilog/module_fn_twosC_quire.v:164$156: $auto$alumacc.cc:485:replace_alu$3565
  creating $alu cell for $flatten\quire.\instance_fn_twosC_quire_0.$add$/teamspace/studios/this_studio/Melodica-Integration-into-Fife-Core/Learn_Bluespec_and_RISCV_Design/Code/Build/Fife/verilog/module_fn_twosC_quire.v:167$159: $auto$alumacc.cc:485:replace_alu$3568
  creating $alu cell for $flatten\quire.\instance_fn_twosC_quire_0.$add$/teamspace/studios/this_studio/Melodica-Integration-into-Fife-Core/Learn_Bluespec_and_RISCV_Design/Code/Build/Fife/verilog/module_fn_twosC_quire.v:80$84: $auto$alumacc.cc:485:replace_alu$3571
  creating $alu cell for $flatten\quire.\instance_fn_twosC_quire_0.$add$/teamspace/studios/this_studio/Melodica-Integration-into-Fife-Core/Learn_Bluespec_and_RISCV_Design/Code/Build/Fife/verilog/module_fn_twosC_quire.v:87$90: $auto$alumacc.cc:485:replace_alu$3574
  creating $alu cell for $flatten\quire.\instance_fn_twosC_quire_0.$add$/teamspace/studios/this_studio/Melodica-Integration-into-Fife-Core/Learn_Bluespec_and_RISCV_Design/Code/Build/Fife/verilog/module_fn_twosC_quire.v:94$96: $auto$alumacc.cc:485:replace_alu$3577
  creating $alu cell for $flatten\quire.\instance_fn_twosC_quire_1.$add$/teamspace/studios/this_studio/Melodica-Integration-into-Fife-Core/Learn_Bluespec_and_RISCV_Design/Code/Build/Fife/verilog/module_fn_twosC_quire.v:101$102: $auto$alumacc.cc:485:replace_alu$3580
  creating $alu cell for $flatten\quire.\instance_fn_twosC_quire_1.$add$/teamspace/studios/this_studio/Melodica-Integration-into-Fife-Core/Learn_Bluespec_and_RISCV_Design/Code/Build/Fife/verilog/module_fn_twosC_quire.v:108$108: $auto$alumacc.cc:485:replace_alu$3583
  creating $alu cell for $flatten\quire.\instance_fn_twosC_quire_1.$add$/teamspace/studios/this_studio/Melodica-Integration-into-Fife-Core/Learn_Bluespec_and_RISCV_Design/Code/Build/Fife/verilog/module_fn_twosC_quire.v:115$114: $auto$alumacc.cc:485:replace_alu$3586
  creating $alu cell for $flatten\quire.\instance_fn_twosC_quire_1.$add$/teamspace/studios/this_studio/Melodica-Integration-into-Fife-Core/Learn_Bluespec_and_RISCV_Design/Code/Build/Fife/verilog/module_fn_twosC_quire.v:122$120: $auto$alumacc.cc:485:replace_alu$3589
  creating $alu cell for $flatten\quire.\instance_fn_twosC_quire_1.$add$/teamspace/studios/this_studio/Melodica-Integration-into-Fife-Core/Learn_Bluespec_and_RISCV_Design/Code/Build/Fife/verilog/module_fn_twosC_quire.v:129$126: $auto$alumacc.cc:485:replace_alu$3592
  creating $alu cell for $flatten\quire.\instance_fn_twosC_quire_1.$add$/teamspace/studios/this_studio/Melodica-Integration-into-Fife-Core/Learn_Bluespec_and_RISCV_Design/Code/Build/Fife/verilog/module_fn_twosC_quire.v:136$132: $auto$alumacc.cc:485:replace_alu$3595
  creating $alu cell for $flatten\quire.\instance_fn_twosC_quire_1.$add$/teamspace/studios/this_studio/Melodica-Integration-into-Fife-Core/Learn_Bluespec_and_RISCV_Design/Code/Build/Fife/verilog/module_fn_twosC_quire.v:143$138: $auto$alumacc.cc:485:replace_alu$3598
  creating $alu cell for $flatten\quire.\instance_fn_twosC_quire_1.$add$/teamspace/studios/this_studio/Melodica-Integration-into-Fife-Core/Learn_Bluespec_and_RISCV_Design/Code/Build/Fife/verilog/module_fn_twosC_quire.v:150$144: $auto$alumacc.cc:485:replace_alu$3601
  creating $alu cell for $flatten\quire.\instance_fn_twosC_quire_1.$add$/teamspace/studios/this_studio/Melodica-Integration-into-Fife-Core/Learn_Bluespec_and_RISCV_Design/Code/Build/Fife/verilog/module_fn_twosC_quire.v:157$150: $auto$alumacc.cc:485:replace_alu$3604
  creating $alu cell for $flatten\quire.\instance_fn_twosC_quire_1.$add$/teamspace/studios/this_studio/Melodica-Integration-into-Fife-Core/Learn_Bluespec_and_RISCV_Design/Code/Build/Fife/verilog/module_fn_twosC_quire.v:164$156: $auto$alumacc.cc:485:replace_alu$3607
  creating $alu cell for $flatten\quire.\instance_fn_twosC_quire_1.$add$/teamspace/studios/this_studio/Melodica-Integration-into-Fife-Core/Learn_Bluespec_and_RISCV_Design/Code/Build/Fife/verilog/module_fn_twosC_quire.v:167$159: $auto$alumacc.cc:485:replace_alu$3610
  creating $alu cell for $flatten\quire.\instance_fn_twosC_quire_1.$add$/teamspace/studios/this_studio/Melodica-Integration-into-Fife-Core/Learn_Bluespec_and_RISCV_Design/Code/Build/Fife/verilog/module_fn_twosC_quire.v:80$84: $auto$alumacc.cc:485:replace_alu$3613
  creating $alu cell for $flatten\quire.\instance_fn_twosC_quire_1.$add$/teamspace/studios/this_studio/Melodica-Integration-into-Fife-Core/Learn_Bluespec_and_RISCV_Design/Code/Build/Fife/verilog/module_fn_twosC_quire.v:87$90: $auto$alumacc.cc:485:replace_alu$3616
  creating $alu cell for $flatten\quire.\instance_fn_twosC_quire_1.$add$/teamspace/studios/this_studio/Melodica-Integration-into-Fife-Core/Learn_Bluespec_and_RISCV_Design/Code/Build/Fife/verilog/module_fn_twosC_quire.v:94$96: $auto$alumacc.cc:485:replace_alu$3619
  creating $alu cell for $flatten\quire.\instance_fn_twosC_quire_2.$add$/teamspace/studios/this_studio/Melodica-Integration-into-Fife-Core/Learn_Bluespec_and_RISCV_Design/Code/Build/Fife/verilog/module_fn_twosC_quire.v:108$108: $auto$alumacc.cc:485:replace_alu$3622
  creating $alu cell for $flatten\quire.\instance_fn_twosC_quire_2.$add$/teamspace/studios/this_studio/Melodica-Integration-into-Fife-Core/Learn_Bluespec_and_RISCV_Design/Code/Build/Fife/verilog/module_fn_twosC_quire.v:115$114: $auto$alumacc.cc:485:replace_alu$3625
  creating $alu cell for $flatten\quire.\instance_fn_twosC_quire_2.$add$/teamspace/studios/this_studio/Melodica-Integration-into-Fife-Core/Learn_Bluespec_and_RISCV_Design/Code/Build/Fife/verilog/module_fn_twosC_quire.v:122$120: $auto$alumacc.cc:485:replace_alu$3628
  creating $alu cell for $flatten\quire.\instance_fn_twosC_quire_2.$add$/teamspace/studios/this_studio/Melodica-Integration-into-Fife-Core/Learn_Bluespec_and_RISCV_Design/Code/Build/Fife/verilog/module_fn_twosC_quire.v:129$126: $auto$alumacc.cc:485:replace_alu$3631
  creating $alu cell for $flatten\quire.\instance_fn_twosC_quire_2.$add$/teamspace/studios/this_studio/Melodica-Integration-into-Fife-Core/Learn_Bluespec_and_RISCV_Design/Code/Build/Fife/verilog/module_fn_twosC_quire.v:136$132: $auto$alumacc.cc:485:replace_alu$3634
  creating $alu cell for $flatten\quire.\instance_fn_twosC_quire_2.$add$/teamspace/studios/this_studio/Melodica-Integration-into-Fife-Core/Learn_Bluespec_and_RISCV_Design/Code/Build/Fife/verilog/module_fn_twosC_quire.v:143$138: $auto$alumacc.cc:485:replace_alu$3637
  creating $alu cell for $flatten\quire.\instance_fn_twosC_quire_2.$add$/teamspace/studios/this_studio/Melodica-Integration-into-Fife-Core/Learn_Bluespec_and_RISCV_Design/Code/Build/Fife/verilog/module_fn_twosC_quire.v:150$144: $auto$alumacc.cc:485:replace_alu$3640
  creating $alu cell for $flatten\quire.\instance_fn_twosC_quire_2.$add$/teamspace/studios/this_studio/Melodica-Integration-into-Fife-Core/Learn_Bluespec_and_RISCV_Design/Code/Build/Fife/verilog/module_fn_twosC_quire.v:157$150: $auto$alumacc.cc:485:replace_alu$3643
  creating $alu cell for $flatten\quire.\instance_fn_twosC_quire_2.$add$/teamspace/studios/this_studio/Melodica-Integration-into-Fife-Core/Learn_Bluespec_and_RISCV_Design/Code/Build/Fife/verilog/module_fn_twosC_quire.v:164$156: $auto$alumacc.cc:485:replace_alu$3646
  creating $alu cell for $flatten\quire.\instance_fn_twosC_quire_2.$add$/teamspace/studios/this_studio/Melodica-Integration-into-Fife-Core/Learn_Bluespec_and_RISCV_Design/Code/Build/Fife/verilog/module_fn_twosC_quire.v:167$159: $auto$alumacc.cc:485:replace_alu$3649
  creating $alu cell for $flatten\quire.\instance_fn_twosC_quire_2.$add$/teamspace/studios/this_studio/Melodica-Integration-into-Fife-Core/Learn_Bluespec_and_RISCV_Design/Code/Build/Fife/verilog/module_fn_twosC_quire.v:80$84: $auto$alumacc.cc:485:replace_alu$3652
  creating $alu cell for $flatten\quire.\instance_fn_twosC_quire_2.$add$/teamspace/studios/this_studio/Melodica-Integration-into-Fife-Core/Learn_Bluespec_and_RISCV_Design/Code/Build/Fife/verilog/module_fn_twosC_quire.v:87$90: $auto$alumacc.cc:485:replace_alu$3655
  creating $alu cell for $flatten\quire.\instance_fn_twosC_quire_2.$add$/teamspace/studios/this_studio/Melodica-Integration-into-Fife-Core/Learn_Bluespec_and_RISCV_Design/Code/Build/Fife/verilog/module_fn_twosC_quire.v:94$96: $auto$alumacc.cc:485:replace_alu$3658
  creating $alu cell for $flatten\quire.\seg_adder_vff_carry_0.$add$/teamspace/studios/this_studio/Melodica-Integration-into-Fife-Core/bsc/lib/Verilog/SizedFIFO.v:75$1220: $auto$alumacc.cc:485:replace_alu$3661
  creating $alu cell for $flatten\quire.\seg_adder_vff_carry_0.$add$/teamspace/studios/this_studio/Melodica-Integration-into-Fife-Core/bsc/lib/Verilog/SizedFIFO.v:76$1221: $auto$alumacc.cc:485:replace_alu$3664
  creating $alu cell for $flatten\quire.\seg_adder_vff_carry_1.$add$/teamspace/studios/this_studio/Melodica-Integration-into-Fife-Core/bsc/lib/Verilog/SizedFIFO.v:75$1220: $auto$alumacc.cc:485:replace_alu$3667
  creating $alu cell for $flatten\quire.\seg_adder_vff_carry_1.$add$/teamspace/studios/this_studio/Melodica-Integration-into-Fife-Core/bsc/lib/Verilog/SizedFIFO.v:76$1221: $auto$alumacc.cc:485:replace_alu$3670
  creating $alu cell for $flatten\quire.\seg_adder_vff_carry_10.$add$/teamspace/studios/this_studio/Melodica-Integration-into-Fife-Core/bsc/lib/Verilog/SizedFIFO.v:75$1220: $auto$alumacc.cc:485:replace_alu$3673
  creating $alu cell for $flatten\quire.\seg_adder_vff_carry_10.$add$/teamspace/studios/this_studio/Melodica-Integration-into-Fife-Core/bsc/lib/Verilog/SizedFIFO.v:76$1221: $auto$alumacc.cc:485:replace_alu$3676
  creating $alu cell for $flatten\quire.\seg_adder_vff_carry_11.$add$/teamspace/studios/this_studio/Melodica-Integration-into-Fife-Core/bsc/lib/Verilog/SizedFIFO.v:75$1220: $auto$alumacc.cc:485:replace_alu$3679
  creating $alu cell for $flatten\quire.\seg_adder_vff_carry_11.$add$/teamspace/studios/this_studio/Melodica-Integration-into-Fife-Core/bsc/lib/Verilog/SizedFIFO.v:76$1221: $auto$alumacc.cc:485:replace_alu$3682
  creating $alu cell for $flatten\quire.\seg_adder_vff_carry_2.$add$/teamspace/studios/this_studio/Melodica-Integration-into-Fife-Core/bsc/lib/Verilog/SizedFIFO.v:75$1220: $auto$alumacc.cc:485:replace_alu$3685
  creating $alu cell for $flatten\quire.\seg_adder_vff_carry_2.$add$/teamspace/studios/this_studio/Melodica-Integration-into-Fife-Core/bsc/lib/Verilog/SizedFIFO.v:76$1221: $auto$alumacc.cc:485:replace_alu$3688
  creating $alu cell for $flatten\quire.\seg_adder_vff_carry_3.$add$/teamspace/studios/this_studio/Melodica-Integration-into-Fife-Core/bsc/lib/Verilog/SizedFIFO.v:75$1220: $auto$alumacc.cc:485:replace_alu$3691
  creating $alu cell for $flatten\quire.\seg_adder_vff_carry_3.$add$/teamspace/studios/this_studio/Melodica-Integration-into-Fife-Core/bsc/lib/Verilog/SizedFIFO.v:76$1221: $auto$alumacc.cc:485:replace_alu$3694
  creating $alu cell for $flatten\quire.\seg_adder_vff_carry_4.$add$/teamspace/studios/this_studio/Melodica-Integration-into-Fife-Core/bsc/lib/Verilog/SizedFIFO.v:75$1220: $auto$alumacc.cc:485:replace_alu$3697
  creating $alu cell for $flatten\quire.\seg_adder_vff_carry_4.$add$/teamspace/studios/this_studio/Melodica-Integration-into-Fife-Core/bsc/lib/Verilog/SizedFIFO.v:76$1221: $auto$alumacc.cc:485:replace_alu$3700
  creating $alu cell for $flatten\quire.\seg_adder_vff_carry_5.$add$/teamspace/studios/this_studio/Melodica-Integration-into-Fife-Core/bsc/lib/Verilog/SizedFIFO.v:75$1220: $auto$alumacc.cc:485:replace_alu$3703
  creating $alu cell for $flatten\quire.\seg_adder_vff_carry_5.$add$/teamspace/studios/this_studio/Melodica-Integration-into-Fife-Core/bsc/lib/Verilog/SizedFIFO.v:76$1221: $auto$alumacc.cc:485:replace_alu$3706
  creating $alu cell for $flatten\quire.\seg_adder_vff_carry_6.$add$/teamspace/studios/this_studio/Melodica-Integration-into-Fife-Core/bsc/lib/Verilog/SizedFIFO.v:75$1220: $auto$alumacc.cc:485:replace_alu$3709
  creating $alu cell for $flatten\quire.\seg_adder_vff_carry_6.$add$/teamspace/studios/this_studio/Melodica-Integration-into-Fife-Core/bsc/lib/Verilog/SizedFIFO.v:76$1221: $auto$alumacc.cc:485:replace_alu$3712
  creating $alu cell for $flatten\quire.\seg_adder_vff_carry_7.$add$/teamspace/studios/this_studio/Melodica-Integration-into-Fife-Core/bsc/lib/Verilog/SizedFIFO.v:75$1220: $auto$alumacc.cc:485:replace_alu$3715
  creating $alu cell for $flatten\quire.\seg_adder_vff_carry_7.$add$/teamspace/studios/this_studio/Melodica-Integration-into-Fife-Core/bsc/lib/Verilog/SizedFIFO.v:76$1221: $auto$alumacc.cc:485:replace_alu$3718
  creating $alu cell for $flatten\quire.\seg_adder_vff_carry_8.$add$/teamspace/studios/this_studio/Melodica-Integration-into-Fife-Core/bsc/lib/Verilog/SizedFIFO.v:75$1220: $auto$alumacc.cc:485:replace_alu$3721
  creating $alu cell for $flatten\quire.\seg_adder_vff_carry_8.$add$/teamspace/studios/this_studio/Melodica-Integration-into-Fife-Core/bsc/lib/Verilog/SizedFIFO.v:76$1221: $auto$alumacc.cc:485:replace_alu$3724
  creating $alu cell for $flatten\quire.\seg_adder_vff_carry_9.$add$/teamspace/studios/this_studio/Melodica-Integration-into-Fife-Core/bsc/lib/Verilog/SizedFIFO.v:75$1220: $auto$alumacc.cc:485:replace_alu$3727
  creating $alu cell for $flatten\quire.\seg_adder_vff_carry_9.$add$/teamspace/studios/this_studio/Melodica-Integration-into-Fife-Core/bsc/lib/Verilog/SizedFIFO.v:76$1221: $auto$alumacc.cc:485:replace_alu$3730
  creating $alu cell for $flatten\quire.\seg_adder_vff_in_0.$add$/teamspace/studios/this_studio/Melodica-Integration-into-Fife-Core/bsc/lib/Verilog/SizedFIFO.v:75$1189: $auto$alumacc.cc:485:replace_alu$3733
  creating $alu cell for $flatten\quire.\seg_adder_vff_in_0.$add$/teamspace/studios/this_studio/Melodica-Integration-into-Fife-Core/bsc/lib/Verilog/SizedFIFO.v:76$1190: $auto$alumacc.cc:485:replace_alu$3736
  creating $alu cell for $flatten\quire.\seg_adder_vff_in_1.$add$/teamspace/studios/this_studio/Melodica-Integration-into-Fife-Core/bsc/lib/Verilog/SizedFIFO.v:75$1189: $auto$alumacc.cc:485:replace_alu$3739
  creating $alu cell for $flatten\quire.\seg_adder_vff_in_1.$add$/teamspace/studios/this_studio/Melodica-Integration-into-Fife-Core/bsc/lib/Verilog/SizedFIFO.v:76$1190: $auto$alumacc.cc:485:replace_alu$3742
  creating $alu cell for $flatten\quire.\seg_adder_vff_in_10.$add$/teamspace/studios/this_studio/Melodica-Integration-into-Fife-Core/bsc/lib/Verilog/SizedFIFO.v:75$1189: $auto$alumacc.cc:485:replace_alu$3745
  creating $alu cell for $flatten\quire.\seg_adder_vff_in_10.$add$/teamspace/studios/this_studio/Melodica-Integration-into-Fife-Core/bsc/lib/Verilog/SizedFIFO.v:76$1190: $auto$alumacc.cc:485:replace_alu$3748
  creating $alu cell for $flatten\quire.\seg_adder_vff_in_11.$add$/teamspace/studios/this_studio/Melodica-Integration-into-Fife-Core/bsc/lib/Verilog/SizedFIFO.v:75$1189: $auto$alumacc.cc:485:replace_alu$3751
  creating $alu cell for $flatten\quire.\seg_adder_vff_in_11.$add$/teamspace/studios/this_studio/Melodica-Integration-into-Fife-Core/bsc/lib/Verilog/SizedFIFO.v:76$1190: $auto$alumacc.cc:485:replace_alu$3754
  creating $alu cell for $flatten\quire.\seg_adder_vff_in_12.$add$/teamspace/studios/this_studio/Melodica-Integration-into-Fife-Core/bsc/lib/Verilog/SizedFIFO.v:75$1189: $auto$alumacc.cc:485:replace_alu$3757
  creating $alu cell for $flatten\quire.\seg_adder_vff_in_12.$add$/teamspace/studios/this_studio/Melodica-Integration-into-Fife-Core/bsc/lib/Verilog/SizedFIFO.v:76$1190: $auto$alumacc.cc:485:replace_alu$3760
  creating $alu cell for $flatten\quire.\seg_adder_vff_in_2.$add$/teamspace/studios/this_studio/Melodica-Integration-into-Fife-Core/bsc/lib/Verilog/SizedFIFO.v:75$1189: $auto$alumacc.cc:485:replace_alu$3763
  creating $alu cell for $flatten\quire.\seg_adder_vff_in_2.$add$/teamspace/studios/this_studio/Melodica-Integration-into-Fife-Core/bsc/lib/Verilog/SizedFIFO.v:76$1190: $auto$alumacc.cc:485:replace_alu$3766
  created 137 $alu and 2 $macc cells.

14.14. Executing SHARE pass (SAT-based resource sharing).
Found 34 cells in module mkPositCore that may be considered for resource sharing.
  Analyzing resource sharing options for $flatten\quire.\seg_adder_vff_in_9.$memrd$\arr$/teamspace/studios/this_studio/Melodica-Integration-into-Fife-Core/bsc/lib/Verilog/SizedFIFO.v:179$1201 ($memrd):
    Found 1 activation_patterns using ctrl signal $auto$opt_reduce.cc:134:opt_pmux$2335.
    No candidates found.
  Analyzing resource sharing options for $flatten\quire.\seg_adder_vff_in_8.$memrd$\arr$/teamspace/studios/this_studio/Melodica-Integration-into-Fife-Core/bsc/lib/Verilog/SizedFIFO.v:179$1201 ($memrd):
    Found 1 activation_patterns using ctrl signal $auto$opt_reduce.cc:134:opt_pmux$2329.
    No candidates found.
  Analyzing resource sharing options for $flatten\quire.\seg_adder_vff_in_7.$memrd$\arr$/teamspace/studios/this_studio/Melodica-Integration-into-Fife-Core/bsc/lib/Verilog/SizedFIFO.v:179$1201 ($memrd):
    Found 1 activation_patterns using ctrl signal $auto$opt_reduce.cc:134:opt_pmux$2323.
    No candidates found.
  Analyzing resource sharing options for $flatten\quire.\seg_adder_vff_in_6.$memrd$\arr$/teamspace/studios/this_studio/Melodica-Integration-into-Fife-Core/bsc/lib/Verilog/SizedFIFO.v:179$1201 ($memrd):
    Found 1 activation_patterns using ctrl signal $auto$opt_reduce.cc:134:opt_pmux$2317.
    No candidates found.
  Analyzing resource sharing options for $flatten\quire.\seg_adder_vff_in_5.$memrd$\arr$/teamspace/studios/this_studio/Melodica-Integration-into-Fife-Core/bsc/lib/Verilog/SizedFIFO.v:179$1201 ($memrd):
    Found 1 activation_patterns using ctrl signal $auto$opt_reduce.cc:134:opt_pmux$2311.
    No candidates found.
  Analyzing resource sharing options for $flatten\quire.\seg_adder_vff_in_4.$memrd$\arr$/teamspace/studios/this_studio/Melodica-Integration-into-Fife-Core/bsc/lib/Verilog/SizedFIFO.v:179$1201 ($memrd):
    Found 1 activation_patterns using ctrl signal $auto$opt_reduce.cc:134:opt_pmux$2305.
    No candidates found.
  Analyzing resource sharing options for $flatten\quire.\seg_adder_vff_in_3.$memrd$\arr$/teamspace/studios/this_studio/Melodica-Integration-into-Fife-Core/bsc/lib/Verilog/SizedFIFO.v:179$1201 ($memrd):
    Found 1 activation_patterns using ctrl signal $auto$opt_reduce.cc:134:opt_pmux$2299.
    No candidates found.
  Analyzing resource sharing options for $flatten\quire.\seg_adder_vff_in_2.$memrd$\arr$/teamspace/studios/this_studio/Melodica-Integration-into-Fife-Core/bsc/lib/Verilog/SizedFIFO.v:179$1201 ($memrd):
    Found 1 activation_patterns using ctrl signal $auto$opt_reduce.cc:134:opt_pmux$2293.
    No candidates found.
  Analyzing resource sharing options for $flatten\quire.\seg_adder_vff_in_12.$memrd$\arr$/teamspace/studios/this_studio/Melodica-Integration-into-Fife-Core/bsc/lib/Verilog/SizedFIFO.v:179$1201 ($memrd):
    Found 1 activation_patterns using ctrl signal $auto$opt_reduce.cc:134:opt_pmux$2287.
    No candidates found.
  Analyzing resource sharing options for $flatten\quire.\seg_adder_vff_in_11.$memrd$\arr$/teamspace/studios/this_studio/Melodica-Integration-into-Fife-Core/bsc/lib/Verilog/SizedFIFO.v:179$1201 ($memrd):
    Found 1 activation_patterns using ctrl signal $auto$opt_reduce.cc:134:opt_pmux$2281.
    No candidates found.
  Analyzing resource sharing options for $flatten\quire.\seg_adder_vff_in_10.$memrd$\arr$/teamspace/studios/this_studio/Melodica-Integration-into-Fife-Core/bsc/lib/Verilog/SizedFIFO.v:179$1201 ($memrd):
    Found 1 activation_patterns using ctrl signal $auto$opt_reduce.cc:134:opt_pmux$2275.
    No candidates found.
  Analyzing resource sharing options for $flatten\quire.\seg_adder_vff_in_1.$memrd$\arr$/teamspace/studios/this_studio/Melodica-Integration-into-Fife-Core/bsc/lib/Verilog/SizedFIFO.v:179$1201 ($memrd):
    Found 1 activation_patterns using ctrl signal $auto$opt_reduce.cc:134:opt_pmux$2269.
    No candidates found.
  Analyzing resource sharing options for $flatten\quire.\seg_adder_vff_in_0.$memrd$\arr$/teamspace/studios/this_studio/Melodica-Integration-into-Fife-Core/bsc/lib/Verilog/SizedFIFO.v:179$1201 ($memrd):
    Found 1 activation_patterns using ctrl signal $auto$opt_reduce.cc:134:opt_pmux$2263.
    No candidates found.
  Analyzing resource sharing options for $flatten\quire.\seg_adder_vff_carry_9.$memrd$\arr$/teamspace/studios/this_studio/Melodica-Integration-into-Fife-Core/bsc/lib/Verilog/SizedFIFO.v:179$1232 ($memrd):
    Found 1 activation_patterns using ctrl signal $auto$opt_reduce.cc:134:opt_pmux$2257.
    No candidates found.
  Analyzing resource sharing options for $flatten\quire.\seg_adder_vff_carry_8.$memrd$\arr$/teamspace/studios/this_studio/Melodica-Integration-into-Fife-Core/bsc/lib/Verilog/SizedFIFO.v:179$1232 ($memrd):
    Found 1 activation_patterns using ctrl signal $auto$opt_reduce.cc:134:opt_pmux$2251.
    No candidates found.
  Analyzing resource sharing options for $flatten\quire.\seg_adder_vff_carry_7.$memrd$\arr$/teamspace/studios/this_studio/Melodica-Integration-into-Fife-Core/bsc/lib/Verilog/SizedFIFO.v:179$1232 ($memrd):
    Found 1 activation_patterns using ctrl signal $auto$opt_reduce.cc:134:opt_pmux$2245.
    No candidates found.
  Analyzing resource sharing options for $flatten\quire.\seg_adder_vff_carry_6.$memrd$\arr$/teamspace/studios/this_studio/Melodica-Integration-into-Fife-Core/bsc/lib/Verilog/SizedFIFO.v:179$1232 ($memrd):
    Found 1 activation_patterns using ctrl signal $auto$opt_reduce.cc:134:opt_pmux$2239.
    No candidates found.
  Analyzing resource sharing options for $flatten\quire.\seg_adder_vff_carry_5.$memrd$\arr$/teamspace/studios/this_studio/Melodica-Integration-into-Fife-Core/bsc/lib/Verilog/SizedFIFO.v:179$1232 ($memrd):
    Found 1 activation_patterns using ctrl signal $auto$opt_reduce.cc:134:opt_pmux$2233.
    No candidates found.
  Analyzing resource sharing options for $flatten\quire.\seg_adder_vff_carry_4.$memrd$\arr$/teamspace/studios/this_studio/Melodica-Integration-into-Fife-Core/bsc/lib/Verilog/SizedFIFO.v:179$1232 ($memrd):
    Found 1 activation_patterns using ctrl signal $auto$opt_reduce.cc:134:opt_pmux$2227.
    No candidates found.
  Analyzing resource sharing options for $flatten\quire.\seg_adder_vff_carry_3.$memrd$\arr$/teamspace/studios/this_studio/Melodica-Integration-into-Fife-Core/bsc/lib/Verilog/SizedFIFO.v:179$1232 ($memrd):
    Found 1 activation_patterns using ctrl signal $auto$opt_reduce.cc:134:opt_pmux$2221.
    No candidates found.
  Analyzing resource sharing options for $flatten\quire.\seg_adder_vff_carry_2.$memrd$\arr$/teamspace/studios/this_studio/Melodica-Integration-into-Fife-Core/bsc/lib/Verilog/SizedFIFO.v:179$1232 ($memrd):
    Found 1 activation_patterns using ctrl signal $auto$opt_reduce.cc:134:opt_pmux$2215.
    No candidates found.
  Analyzing resource sharing options for $flatten\quire.\seg_adder_vff_carry_11.$memrd$\arr$/teamspace/studios/this_studio/Melodica-Integration-into-Fife-Core/bsc/lib/Verilog/SizedFIFO.v:179$1232 ($memrd):
    Found 1 activation_patterns using ctrl signal $auto$opt_reduce.cc:134:opt_pmux$2209.
    No candidates found.
  Analyzing resource sharing options for $flatten\quire.\seg_adder_vff_carry_10.$memrd$\arr$/teamspace/studios/this_studio/Melodica-Integration-into-Fife-Core/bsc/lib/Verilog/SizedFIFO.v:179$1232 ($memrd):
    Found 1 activation_patterns using ctrl signal $auto$opt_reduce.cc:134:opt_pmux$2203.
    No candidates found.
  Analyzing resource sharing options for $flatten\quire.\seg_adder_vff_carry_1.$memrd$\arr$/teamspace/studios/this_studio/Melodica-Integration-into-Fife-Core/bsc/lib/Verilog/SizedFIFO.v:179$1232 ($memrd):
    Found 1 activation_patterns using ctrl signal $auto$opt_reduce.cc:134:opt_pmux$2197.
    No candidates found.
  Analyzing resource sharing options for $flatten\quire.\seg_adder_vff_carry_0.$memrd$\arr$/teamspace/studios/this_studio/Melodica-Integration-into-Fife-Core/bsc/lib/Verilog/SizedFIFO.v:179$1232 ($memrd):
    Found 1 activation_patterns using ctrl signal $auto$opt_reduce.cc:134:opt_pmux$2191.
    No candidates found.
  Analyzing resource sharing options for $flatten\quire.$shr$/teamspace/studios/this_studio/Melodica-Integration-into-Fife-Core/Learn_Bluespec_and_RISCV_Design/Code/Build/Fife/verilog/mkQuire.v:2542$796 ($shr):
    Found 25 activation_patterns using ctrl signal { \quire.EN_init \quire.WILL_FIRE_RL_seg_adder_acc_stage_0 \quire.WILL_FIRE_RL_seg_adder_acc_stage_i \quire.WILL_FIRE_RL_seg_adder_acc_stage_i_1 \quire.WILL_FIRE_RL_seg_adder_acc_stage_i_10 \quire.WILL_FIRE_RL_seg_adder_acc_stage_i_2 \quire.WILL_FIRE_RL_seg_adder_acc_stage_i_3 \quire.WILL_FIRE_RL_seg_adder_acc_stage_i_4 \quire.WILL_FIRE_RL_seg_adder_acc_stage_i_5 \quire.WILL_FIRE_RL_seg_adder_acc_stage_i_6 \quire.WILL_FIRE_RL_seg_adder_acc_stage_i_7 \quire.WILL_FIRE_RL_seg_adder_acc_stage_i_8 \quire.WILL_FIRE_RL_seg_adder_acc_stage_i_9 $flatten\quire.\instance_fn_twosC_quire_2.$eq$/teamspace/studios/this_studio/Melodica-Integration-into-Fife-Core/Learn_Bluespec_and_RISCV_Design/Code/Build/Fife/verilog/module_fn_twosC_quire.v:160$153_Y $flatten\quire.\instance_fn_twosC_quire_2.$eq$/teamspace/studios/this_studio/Melodica-Integration-into-Fife-Core/Learn_Bluespec_and_RISCV_Design/Code/Build/Fife/verilog/module_fn_twosC_quire.v:153$147_Y $flatten\quire.\instance_fn_twosC_quire_2.$eq$/teamspace/studios/this_studio/Melodica-Integration-into-Fife-Core/Learn_Bluespec_and_RISCV_Design/Code/Build/Fife/verilog/module_fn_twosC_quire.v:146$141_Y $flatten\quire.\instance_fn_twosC_quire_2.$eq$/teamspace/studios/this_studio/Melodica-Integration-into-Fife-Core/Learn_Bluespec_and_RISCV_Design/Code/Build/Fife/verilog/module_fn_twosC_quire.v:139$135_Y $flatten\quire.\instance_fn_twosC_quire_2.$eq$/teamspace/studios/this_studio/Melodica-Integration-into-Fife-Core/Learn_Bluespec_and_RISCV_Design/Code/Build/Fife/verilog/module_fn_twosC_quire.v:132$129_Y $flatten\quire.\instance_fn_twosC_quire_2.$eq$/teamspace/studios/this_studio/Melodica-Integration-into-Fife-Core/Learn_Bluespec_and_RISCV_Design/Code/Build/Fife/verilog/module_fn_twosC_quire.v:125$123_Y $flatten\quire.\instance_fn_twosC_quire_2.$eq$/teamspace/studios/this_studio/Melodica-Integration-into-Fife-Core/Learn_Bluespec_and_RISCV_Design/Code/Build/Fife/verilog/module_fn_twosC_quire.v:118$117_Y $flatten\quire.\instance_fn_twosC_quire_2.$eq$/teamspace/studios/this_studio/Melodica-Integration-into-Fife-Core/Learn_Bluespec_and_RISCV_Design/Code/Build/Fife/verilog/module_fn_twosC_quire.v:111$111_Y $flatten\quire.\instance_fn_twosC_quire_2.$eq$/teamspace/studios/this_studio/Melodica-Integration-into-Fife-Core/Learn_Bluespec_and_RISCV_Design/Code/Build/Fife/verilog/module_fn_twosC_quire.v:104$105_Y $flatten\quire.\instance_fn_twosC_quire_2.$eq$/teamspace/studios/this_studio/Melodica-Integration-into-Fife-Core/Learn_Bluespec_and_RISCV_Design/Code/Build/Fife/verilog/module_fn_twosC_quire.v:90$93_Y $flatten\quire.\instance_fn_twosC_quire_2.$eq$/teamspace/studios/this_studio/Melodica-Integration-into-Fife-Core/Learn_Bluespec_and_RISCV_Design/Code/Build/Fife/verilog/module_fn_twosC_quire.v:83$87_Y $flatten\quire.\instance_fn_twosC_quire_2.$eq$/teamspace/studios/this_studio/Melodica-Integration-into-Fife-Core/Learn_Bluespec_and_RISCV_Design/Code/Build/Fife/verilog/module_fn_twosC_quire.v:76$81_Y \extracter1.ff_extract_out.data0_reg [35:34] }.
    Found 1 candidates: $flatten\multiplier.$shr$/teamspace/studios/this_studio/Melodica-Integration-into-Fife-Core/Learn_Bluespec_and_RISCV_Design/Code/Build/Fife/verilog/mkMultiplier.v:208$913
    Analyzing resource sharing with $flatten\multiplier.$shr$/teamspace/studios/this_studio/Melodica-Integration-into-Fife-Core/Learn_Bluespec_and_RISCV_Design/Code/Build/Fife/verilog/mkMultiplier.v:208$913 ($shr):
      Found 1 activation_patterns using ctrl signal \multiplier.ff_pipe_reg_first_BITS_62_TO_52_PLUS_1___d7 [10].
      Forbidden control signals for this pair of cells: { $flatten\quire.\instance_fn_twosC_quire_2.$eq$/teamspace/studios/this_studio/Melodica-Integration-into-Fife-Core/Learn_Bluespec_and_RISCV_Design/Code/Build/Fife/verilog/module_fn_twosC_quire.v:160$153_Y $flatten\quire.\instance_fn_twosC_quire_2.$eq$/teamspace/studios/this_studio/Melodica-Integration-into-Fife-Core/Learn_Bluespec_and_RISCV_Design/Code/Build/Fife/verilog/module_fn_twosC_quire.v:153$147_Y $flatten\quire.\instance_fn_twosC_quire_2.$eq$/teamspace/studios/this_studio/Melodica-Integration-into-Fife-Core/Learn_Bluespec_and_RISCV_Design/Code/Build/Fife/verilog/module_fn_twosC_quire.v:146$141_Y $flatten\quire.\instance_fn_twosC_quire_2.$eq$/teamspace/studios/this_studio/Melodica-Integration-into-Fife-Core/Learn_Bluespec_and_RISCV_Design/Code/Build/Fife/verilog/module_fn_twosC_quire.v:139$135_Y $flatten\quire.\instance_fn_twosC_quire_2.$eq$/teamspace/studios/this_studio/Melodica-Integration-into-Fife-Core/Learn_Bluespec_and_RISCV_Design/Code/Build/Fife/verilog/module_fn_twosC_quire.v:132$129_Y $flatten\quire.\instance_fn_twosC_quire_2.$eq$/teamspace/studios/this_studio/Melodica-Integration-into-Fife-Core/Learn_Bluespec_and_RISCV_Design/Code/Build/Fife/verilog/module_fn_twosC_quire.v:125$123_Y $flatten\quire.\instance_fn_twosC_quire_2.$eq$/teamspace/studios/this_studio/Melodica-Integration-into-Fife-Core/Learn_Bluespec_and_RISCV_Design/Code/Build/Fife/verilog/module_fn_twosC_quire.v:118$117_Y $flatten\quire.\instance_fn_twosC_quire_2.$eq$/teamspace/studios/this_studio/Melodica-Integration-into-Fife-Core/Learn_Bluespec_and_RISCV_Design/Code/Build/Fife/verilog/module_fn_twosC_quire.v:111$111_Y $flatten\quire.\instance_fn_twosC_quire_2.$eq$/teamspace/studios/this_studio/Melodica-Integration-into-Fife-Core/Learn_Bluespec_and_RISCV_Design/Code/Build/Fife/verilog/module_fn_twosC_quire.v:104$105_Y $flatten\quire.\instance_fn_twosC_quire_2.$eq$/teamspace/studios/this_studio/Melodica-Integration-into-Fife-Core/Learn_Bluespec_and_RISCV_Design/Code/Build/Fife/verilog/module_fn_twosC_quire.v:90$93_Y $flatten\quire.\instance_fn_twosC_quire_2.$eq$/teamspace/studios/this_studio/Melodica-Integration-into-Fife-Core/Learn_Bluespec_and_RISCV_Design/Code/Build/Fife/verilog/module_fn_twosC_quire.v:83$87_Y $flatten\quire.\instance_fn_twosC_quire_2.$eq$/teamspace/studios/this_studio/Melodica-Integration-into-Fife-Core/Learn_Bluespec_and_RISCV_Design/Code/Build/Fife/verilog/module_fn_twosC_quire.v:76$81_Y \quire.instance_fn_twosC_quire_2.fn_twosC_quire_quire_seg_zero_PLUS_1___d1 }
      Activation pattern for cell $flatten\quire.$shr$/teamspace/studios/this_studio/Melodica-Integration-into-Fife-Core/Learn_Bluespec_and_RISCV_Design/Code/Build/Fife/verilog/mkQuire.v:2542$796: { \quire.EN_init \quire.WILL_FIRE_RL_seg_adder_acc_stage_i_10 \extracter1.ff_extract_out.data0_reg [34] } = 3'101
      Activation pattern for cell $flatten\quire.$shr$/teamspace/studios/this_studio/Melodica-Integration-into-Fife-Core/Learn_Bluespec_and_RISCV_Design/Code/Build/Fife/verilog/mkQuire.v:2542$796: { \quire.EN_init \quire.WILL_FIRE_RL_seg_adder_acc_stage_i_9 \extracter1.ff_extract_out.data0_reg [34] } = 3'101
      Activation pattern for cell $flatten\quire.$shr$/teamspace/studios/this_studio/Melodica-Integration-into-Fife-Core/Learn_Bluespec_and_RISCV_Design/Code/Build/Fife/verilog/mkQuire.v:2542$796: { \quire.EN_init \quire.WILL_FIRE_RL_seg_adder_acc_stage_i_8 \extracter1.ff_extract_out.data0_reg [34] } = 3'101
      Activation pattern for cell $flatten\quire.$shr$/teamspace/studios/this_studio/Melodica-Integration-into-Fife-Core/Learn_Bluespec_and_RISCV_Design/Code/Build/Fife/verilog/mkQuire.v:2542$796: { \quire.EN_init \quire.WILL_FIRE_RL_seg_adder_acc_stage_i_7 \extracter1.ff_extract_out.data0_reg [34] } = 3'101
      Activation pattern for cell $flatten\quire.$shr$/teamspace/studios/this_studio/Melodica-Integration-into-Fife-Core/Learn_Bluespec_and_RISCV_Design/Code/Build/Fife/verilog/mkQuire.v:2542$796: { \quire.EN_init \quire.WILL_FIRE_RL_seg_adder_acc_stage_i_6 \extracter1.ff_extract_out.data0_reg [34] } = 3'101
      Activation pattern for cell $flatten\quire.$shr$/teamspace/studios/this_studio/Melodica-Integration-into-Fife-Core/Learn_Bluespec_and_RISCV_Design/Code/Build/Fife/verilog/mkQuire.v:2542$796: { \quire.EN_init \quire.WILL_FIRE_RL_seg_adder_acc_stage_i_5 \extracter1.ff_extract_out.data0_reg [34] } = 3'101
      Activation pattern for cell $flatten\quire.$shr$/teamspace/studios/this_studio/Melodica-Integration-into-Fife-Core/Learn_Bluespec_and_RISCV_Design/Code/Build/Fife/verilog/mkQuire.v:2542$796: { \quire.EN_init \quire.WILL_FIRE_RL_seg_adder_acc_stage_i_4 \extracter1.ff_extract_out.data0_reg [34] } = 3'101
      Activation pattern for cell $flatten\quire.$shr$/teamspace/studios/this_studio/Melodica-Integration-into-Fife-Core/Learn_Bluespec_and_RISCV_Design/Code/Build/Fife/verilog/mkQuire.v:2542$796: { \quire.EN_init \quire.WILL_FIRE_RL_seg_adder_acc_stage_i_3 \extracter1.ff_extract_out.data0_reg [34] } = 3'101
      Activation pattern for cell $flatten\quire.$shr$/teamspace/studios/this_studio/Melodica-Integration-into-Fife-Core/Learn_Bluespec_and_RISCV_Design/Code/Build/Fife/verilog/mkQuire.v:2542$796: { \quire.EN_init \quire.WILL_FIRE_RL_seg_adder_acc_stage_i_2 \extracter1.ff_extract_out.data0_reg [34] } = 3'101
      Activation pattern for cell $flatten\quire.$shr$/teamspace/studios/this_studio/Melodica-Integration-into-Fife-Core/Learn_Bluespec_and_RISCV_Design/Code/Build/Fife/verilog/mkQuire.v:2542$796: { \quire.EN_init \quire.WILL_FIRE_RL_seg_adder_acc_stage_i_1 \extracter1.ff_extract_out.data0_reg [34] } = 3'101
      Activation pattern for cell $flatten\quire.$shr$/teamspace/studios/this_studio/Melodica-Integration-into-Fife-Core/Learn_Bluespec_and_RISCV_Design/Code/Build/Fife/verilog/mkQuire.v:2542$796: { \quire.EN_init \quire.WILL_FIRE_RL_seg_adder_acc_stage_i \extracter1.ff_extract_out.data0_reg [34] } = 3'101
      Activation pattern for cell $flatten\quire.$shr$/teamspace/studios/this_studio/Melodica-Integration-into-Fife-Core/Learn_Bluespec_and_RISCV_Design/Code/Build/Fife/verilog/mkQuire.v:2542$796: { \quire.EN_init \extracter1.ff_extract_out.data0_reg [35:34] } = 3'111
      Activation pattern for cell $flatten\quire.$shr$/teamspace/studios/this_studio/Melodica-Integration-into-Fife-Core/Learn_Bluespec_and_RISCV_Design/Code/Build/Fife/verilog/mkQuire.v:2542$796: { \quire.EN_init \quire.WILL_FIRE_RL_seg_adder_acc_stage_0 \extracter1.ff_extract_out.data0_reg [34] } = 3'101
      Activation pattern for cell $flatten\quire.$shr$/teamspace/studios/this_studio/Melodica-Integration-into-Fife-Core/Learn_Bluespec_and_RISCV_Design/Code/Build/Fife/verilog/mkQuire.v:2542$796: { \quire.EN_init \extracter1.ff_extract_out.data0_reg [34] } = 2'11
      Activation pattern for cell $flatten\multiplier.$shr$/teamspace/studios/this_studio/Melodica-Integration-into-Fife-Core/Learn_Bluespec_and_RISCV_Design/Code/Build/Fife/verilog/mkMultiplier.v:208$913: \multiplier.ff_pipe_reg_first_BITS_62_TO_52_PLUS_1___d7 [10] = 1'1
      Size of SAT problem: 0 cells, 964 variables, 2372 clauses
      According to the SAT solver this pair of cells can not be shared.
      Model from SAT solver: { \quire.EN_init \quire.WILL_FIRE_RL_seg_adder_acc_stage_0 \quire.WILL_FIRE_RL_seg_adder_acc_stage_i \quire.WILL_FIRE_RL_seg_adder_acc_stage_i_1 \quire.WILL_FIRE_RL_seg_adder_acc_stage_i_10 \quire.WILL_FIRE_RL_seg_adder_acc_stage_i_2 \quire.WILL_FIRE_RL_seg_adder_acc_stage_i_3 \quire.WILL_FIRE_RL_seg_adder_acc_stage_i_4 \quire.WILL_FIRE_RL_seg_adder_acc_stage_i_5 \quire.WILL_FIRE_RL_seg_adder_acc_stage_i_6 \quire.WILL_FIRE_RL_seg_adder_acc_stage_i_7 \quire.WILL_FIRE_RL_seg_adder_acc_stage_i_8 \quire.WILL_FIRE_RL_seg_adder_acc_stage_i_9 \multiplier.ff_pipe_reg_first_BITS_62_TO_52_PLUS_1___d7 [10] \extracter1.ff_extract_out.data0_reg [35:34] } = 16'1000000000000101
  Analyzing resource sharing options for $flatten\quire.$shl$/teamspace/studios/this_studio/Melodica-Integration-into-Fife-Core/Learn_Bluespec_and_RISCV_Design/Code/Build/Fife/verilog/mkQuire.v:2539$794 ($shl):
    Found 25 activation_patterns using ctrl signal { \quire.EN_init \quire.WILL_FIRE_RL_seg_adder_acc_stage_0 \quire.WILL_FIRE_RL_seg_adder_acc_stage_i \quire.WILL_FIRE_RL_seg_adder_acc_stage_i_1 \quire.WILL_FIRE_RL_seg_adder_acc_stage_i_10 \quire.WILL_FIRE_RL_seg_adder_acc_stage_i_2 \quire.WILL_FIRE_RL_seg_adder_acc_stage_i_3 \quire.WILL_FIRE_RL_seg_adder_acc_stage_i_4 \quire.WILL_FIRE_RL_seg_adder_acc_stage_i_5 \quire.WILL_FIRE_RL_seg_adder_acc_stage_i_6 \quire.WILL_FIRE_RL_seg_adder_acc_stage_i_7 \quire.WILL_FIRE_RL_seg_adder_acc_stage_i_8 \quire.WILL_FIRE_RL_seg_adder_acc_stage_i_9 $flatten\quire.\instance_fn_twosC_quire_2.$eq$/teamspace/studios/this_studio/Melodica-Integration-into-Fife-Core/Learn_Bluespec_and_RISCV_Design/Code/Build/Fife/verilog/module_fn_twosC_quire.v:160$153_Y $flatten\quire.\instance_fn_twosC_quire_2.$eq$/teamspace/studios/this_studio/Melodica-Integration-into-Fife-Core/Learn_Bluespec_and_RISCV_Design/Code/Build/Fife/verilog/module_fn_twosC_quire.v:153$147_Y $flatten\quire.\instance_fn_twosC_quire_2.$eq$/teamspace/studios/this_studio/Melodica-Integration-into-Fife-Core/Learn_Bluespec_and_RISCV_Design/Code/Build/Fife/verilog/module_fn_twosC_quire.v:146$141_Y $flatten\quire.\instance_fn_twosC_quire_2.$eq$/teamspace/studios/this_studio/Melodica-Integration-into-Fife-Core/Learn_Bluespec_and_RISCV_Design/Code/Build/Fife/verilog/module_fn_twosC_quire.v:139$135_Y $flatten\quire.\instance_fn_twosC_quire_2.$eq$/teamspace/studios/this_studio/Melodica-Integration-into-Fife-Core/Learn_Bluespec_and_RISCV_Design/Code/Build/Fife/verilog/module_fn_twosC_quire.v:132$129_Y $flatten\quire.\instance_fn_twosC_quire_2.$eq$/teamspace/studios/this_studio/Melodica-Integration-into-Fife-Core/Learn_Bluespec_and_RISCV_Design/Code/Build/Fife/verilog/module_fn_twosC_quire.v:125$123_Y $flatten\quire.\instance_fn_twosC_quire_2.$eq$/teamspace/studios/this_studio/Melodica-Integration-into-Fife-Core/Learn_Bluespec_and_RISCV_Design/Code/Build/Fife/verilog/module_fn_twosC_quire.v:118$117_Y $flatten\quire.\instance_fn_twosC_quire_2.$eq$/teamspace/studios/this_studio/Melodica-Integration-into-Fife-Core/Learn_Bluespec_and_RISCV_Design/Code/Build/Fife/verilog/module_fn_twosC_quire.v:111$111_Y $flatten\quire.\instance_fn_twosC_quire_2.$eq$/teamspace/studios/this_studio/Melodica-Integration-into-Fife-Core/Learn_Bluespec_and_RISCV_Design/Code/Build/Fife/verilog/module_fn_twosC_quire.v:104$105_Y $flatten\quire.\instance_fn_twosC_quire_2.$eq$/teamspace/studios/this_studio/Melodica-Integration-into-Fife-Core/Learn_Bluespec_and_RISCV_Design/Code/Build/Fife/verilog/module_fn_twosC_quire.v:90$93_Y $flatten\quire.\instance_fn_twosC_quire_2.$eq$/teamspace/studios/this_studio/Melodica-Integration-into-Fife-Core/Learn_Bluespec_and_RISCV_Design/Code/Build/Fife/verilog/module_fn_twosC_quire.v:83$87_Y $flatten\quire.\instance_fn_twosC_quire_2.$eq$/teamspace/studios/this_studio/Melodica-Integration-into-Fife-Core/Learn_Bluespec_and_RISCV_Design/Code/Build/Fife/verilog/module_fn_twosC_quire.v:76$81_Y \extracter1.ff_extract_out.data0_reg [35:34] }.
    Found 1 candidates: $flatten\multiplier.$shl$/teamspace/studios/this_studio/Melodica-Integration-into-Fife-Core/Learn_Bluespec_and_RISCV_Design/Code/Build/Fife/verilog/mkMultiplier.v:206$912
    Analyzing resource sharing with $flatten\multiplier.$shl$/teamspace/studios/this_studio/Melodica-Integration-into-Fife-Core/Learn_Bluespec_and_RISCV_Design/Code/Build/Fife/verilog/mkMultiplier.v:206$912 ($shl):
      Found 1 activation_patterns using ctrl signal \multiplier.ff_pipe_reg_first_BITS_62_TO_52_PLUS_1___d7 [10].
      Forbidden control signals for this pair of cells: { $flatten\quire.\instance_fn_twosC_quire_2.$eq$/teamspace/studios/this_studio/Melodica-Integration-into-Fife-Core/Learn_Bluespec_and_RISCV_Design/Code/Build/Fife/verilog/module_fn_twosC_quire.v:160$153_Y $flatten\quire.\instance_fn_twosC_quire_2.$eq$/teamspace/studios/this_studio/Melodica-Integration-into-Fife-Core/Learn_Bluespec_and_RISCV_Design/Code/Build/Fife/verilog/module_fn_twosC_quire.v:153$147_Y $flatten\quire.\instance_fn_twosC_quire_2.$eq$/teamspace/studios/this_studio/Melodica-Integration-into-Fife-Core/Learn_Bluespec_and_RISCV_Design/Code/Build/Fife/verilog/module_fn_twosC_quire.v:146$141_Y $flatten\quire.\instance_fn_twosC_quire_2.$eq$/teamspace/studios/this_studio/Melodica-Integration-into-Fife-Core/Learn_Bluespec_and_RISCV_Design/Code/Build/Fife/verilog/module_fn_twosC_quire.v:139$135_Y $flatten\quire.\instance_fn_twosC_quire_2.$eq$/teamspace/studios/this_studio/Melodica-Integration-into-Fife-Core/Learn_Bluespec_and_RISCV_Design/Code/Build/Fife/verilog/module_fn_twosC_quire.v:132$129_Y $flatten\quire.\instance_fn_twosC_quire_2.$eq$/teamspace/studios/this_studio/Melodica-Integration-into-Fife-Core/Learn_Bluespec_and_RISCV_Design/Code/Build/Fife/verilog/module_fn_twosC_quire.v:125$123_Y $flatten\quire.\instance_fn_twosC_quire_2.$eq$/teamspace/studios/this_studio/Melodica-Integration-into-Fife-Core/Learn_Bluespec_and_RISCV_Design/Code/Build/Fife/verilog/module_fn_twosC_quire.v:118$117_Y $flatten\quire.\instance_fn_twosC_quire_2.$eq$/teamspace/studios/this_studio/Melodica-Integration-into-Fife-Core/Learn_Bluespec_and_RISCV_Design/Code/Build/Fife/verilog/module_fn_twosC_quire.v:111$111_Y $flatten\quire.\instance_fn_twosC_quire_2.$eq$/teamspace/studios/this_studio/Melodica-Integration-into-Fife-Core/Learn_Bluespec_and_RISCV_Design/Code/Build/Fife/verilog/module_fn_twosC_quire.v:104$105_Y $flatten\quire.\instance_fn_twosC_quire_2.$eq$/teamspace/studios/this_studio/Melodica-Integration-into-Fife-Core/Learn_Bluespec_and_RISCV_Design/Code/Build/Fife/verilog/module_fn_twosC_quire.v:90$93_Y $flatten\quire.\instance_fn_twosC_quire_2.$eq$/teamspace/studios/this_studio/Melodica-Integration-into-Fife-Core/Learn_Bluespec_and_RISCV_Design/Code/Build/Fife/verilog/module_fn_twosC_quire.v:83$87_Y $flatten\quire.\instance_fn_twosC_quire_2.$eq$/teamspace/studios/this_studio/Melodica-Integration-into-Fife-Core/Learn_Bluespec_and_RISCV_Design/Code/Build/Fife/verilog/module_fn_twosC_quire.v:76$81_Y \quire.instance_fn_twosC_quire_2.fn_twosC_quire_quire_seg_zero_PLUS_1___d1 }
      Activation pattern for cell $flatten\quire.$shl$/teamspace/studios/this_studio/Melodica-Integration-into-Fife-Core/Learn_Bluespec_and_RISCV_Design/Code/Build/Fife/verilog/mkQuire.v:2539$794: { \quire.EN_init \quire.WILL_FIRE_RL_seg_adder_acc_stage_i_10 \extracter1.ff_extract_out.data0_reg [34] } = 3'100
      Activation pattern for cell $flatten\quire.$shl$/teamspace/studios/this_studio/Melodica-Integration-into-Fife-Core/Learn_Bluespec_and_RISCV_Design/Code/Build/Fife/verilog/mkQuire.v:2539$794: { \quire.EN_init \quire.WILL_FIRE_RL_seg_adder_acc_stage_i_9 \extracter1.ff_extract_out.data0_reg [34] } = 3'100
      Activation pattern for cell $flatten\quire.$shl$/teamspace/studios/this_studio/Melodica-Integration-into-Fife-Core/Learn_Bluespec_and_RISCV_Design/Code/Build/Fife/verilog/mkQuire.v:2539$794: { \quire.EN_init \quire.WILL_FIRE_RL_seg_adder_acc_stage_i_8 \extracter1.ff_extract_out.data0_reg [34] } = 3'100
      Activation pattern for cell $flatten\quire.$shl$/teamspace/studios/this_studio/Melodica-Integration-into-Fife-Core/Learn_Bluespec_and_RISCV_Design/Code/Build/Fife/verilog/mkQuire.v:2539$794: { \quire.EN_init \quire.WILL_FIRE_RL_seg_adder_acc_stage_i_7 \extracter1.ff_extract_out.data0_reg [34] } = 3'100
      Activation pattern for cell $flatten\quire.$shl$/teamspace/studios/this_studio/Melodica-Integration-into-Fife-Core/Learn_Bluespec_and_RISCV_Design/Code/Build/Fife/verilog/mkQuire.v:2539$794: { \quire.EN_init \quire.WILL_FIRE_RL_seg_adder_acc_stage_i_6 \extracter1.ff_extract_out.data0_reg [34] } = 3'100
      Activation pattern for cell $flatten\quire.$shl$/teamspace/studios/this_studio/Melodica-Integration-into-Fife-Core/Learn_Bluespec_and_RISCV_Design/Code/Build/Fife/verilog/mkQuire.v:2539$794: { \quire.EN_init \quire.WILL_FIRE_RL_seg_adder_acc_stage_i_5 \extracter1.ff_extract_out.data0_reg [34] } = 3'100
      Activation pattern for cell $flatten\quire.$shl$/teamspace/studios/this_studio/Melodica-Integration-into-Fife-Core/Learn_Bluespec_and_RISCV_Design/Code/Build/Fife/verilog/mkQuire.v:2539$794: { \quire.EN_init \quire.WILL_FIRE_RL_seg_adder_acc_stage_i_4 \extracter1.ff_extract_out.data0_reg [34] } = 3'100
      Activation pattern for cell $flatten\quire.$shl$/teamspace/studios/this_studio/Melodica-Integration-into-Fife-Core/Learn_Bluespec_and_RISCV_Design/Code/Build/Fife/verilog/mkQuire.v:2539$794: { \quire.EN_init \quire.WILL_FIRE_RL_seg_adder_acc_stage_i_3 \extracter1.ff_extract_out.data0_reg [34] } = 3'100
      Activation pattern for cell $flatten\quire.$shl$/teamspace/studios/this_studio/Melodica-Integration-into-Fife-Core/Learn_Bluespec_and_RISCV_Design/Code/Build/Fife/verilog/mkQuire.v:2539$794: { \quire.EN_init \quire.WILL_FIRE_RL_seg_adder_acc_stage_i_2 \extracter1.ff_extract_out.data0_reg [34] } = 3'100
      Activation pattern for cell $flatten\quire.$shl$/teamspace/studios/this_studio/Melodica-Integration-into-Fife-Core/Learn_Bluespec_and_RISCV_Design/Code/Build/Fife/verilog/mkQuire.v:2539$794: { \quire.EN_init \quire.WILL_FIRE_RL_seg_adder_acc_stage_i_1 \extracter1.ff_extract_out.data0_reg [34] } = 3'100
      Activation pattern for cell $flatten\quire.$shl$/teamspace/studios/this_studio/Melodica-Integration-into-Fife-Core/Learn_Bluespec_and_RISCV_Design/Code/Build/Fife/verilog/mkQuire.v:2539$794: { \quire.EN_init \quire.WILL_FIRE_RL_seg_adder_acc_stage_i \extracter1.ff_extract_out.data0_reg [34] } = 3'100
      Activation pattern for cell $flatten\quire.$shl$/teamspace/studios/this_studio/Melodica-Integration-into-Fife-Core/Learn_Bluespec_and_RISCV_Design/Code/Build/Fife/verilog/mkQuire.v:2539$794: { \quire.EN_init \extracter1.ff_extract_out.data0_reg [35:34] } = 3'110
      Activation pattern for cell $flatten\quire.$shl$/teamspace/studios/this_studio/Melodica-Integration-into-Fife-Core/Learn_Bluespec_and_RISCV_Design/Code/Build/Fife/verilog/mkQuire.v:2539$794: { \quire.EN_init \quire.WILL_FIRE_RL_seg_adder_acc_stage_0 \extracter1.ff_extract_out.data0_reg [34] } = 3'100
      Activation pattern for cell $flatten\quire.$shl$/teamspace/studios/this_studio/Melodica-Integration-into-Fife-Core/Learn_Bluespec_and_RISCV_Design/Code/Build/Fife/verilog/mkQuire.v:2539$794: { \quire.EN_init \extracter1.ff_extract_out.data0_reg [34] } = 2'10
      Activation pattern for cell $flatten\multiplier.$shl$/teamspace/studios/this_studio/Melodica-Integration-into-Fife-Core/Learn_Bluespec_and_RISCV_Design/Code/Build/Fife/verilog/mkMultiplier.v:206$912: \multiplier.ff_pipe_reg_first_BITS_62_TO_52_PLUS_1___d7 [10] = 1'0
      Size of SAT problem: 0 cells, 964 variables, 2372 clauses
      According to the SAT solver this pair of cells can not be shared.
      Model from SAT solver: { \quire.EN_init \quire.WILL_FIRE_RL_seg_adder_acc_stage_0 \quire.WILL_FIRE_RL_seg_adder_acc_stage_i \quire.WILL_FIRE_RL_seg_adder_acc_stage_i_1 \quire.WILL_FIRE_RL_seg_adder_acc_stage_i_10 \quire.WILL_FIRE_RL_seg_adder_acc_stage_i_2 \quire.WILL_FIRE_RL_seg_adder_acc_stage_i_3 \quire.WILL_FIRE_RL_seg_adder_acc_stage_i_4 \quire.WILL_FIRE_RL_seg_adder_acc_stage_i_5 \quire.WILL_FIRE_RL_seg_adder_acc_stage_i_6 \quire.WILL_FIRE_RL_seg_adder_acc_stage_i_7 \quire.WILL_FIRE_RL_seg_adder_acc_stage_i_8 \quire.WILL_FIRE_RL_seg_adder_acc_stage_i_9 \multiplier.ff_pipe_reg_first_BITS_62_TO_52_PLUS_1___d7 [10] \extracter1.ff_extract_out.data0_reg [35:34] } = 16'1000000000000000
  Analyzing resource sharing options for $flatten\ptof.$shr$/teamspace/studios/this_studio/Melodica-Integration-into-Fife-Core/Learn_Bluespec_and_RISCV_Design/Code/Build/Fife/verilog/mkPtoF_PNE.v:199$1048 ($shr):
    Found 1 activation_patterns using ctrl signal \ptof.IF_request_put_BITS_34_TO_25_SLT_897_THEN_IF_r_ETC___d22 [5].
    Found 1 candidates: $flatten\ftop.$shr$/teamspace/studios/this_studio/Melodica-Integration-into-Fife-Core/Learn_Bluespec_and_RISCV_Design/Code/Build/Fife/verilog/mkFtoP_PNE.v:194$1009
    Analyzing resource sharing with $flatten\ftop.$shr$/teamspace/studios/this_studio/Melodica-Integration-into-Fife-Core/Learn_Bluespec_and_RISCV_Design/Code/Build/Fife/verilog/mkFtoP_PNE.v:194$1009 ($shr):
      Found 1 activation_patterns using ctrl signal \ftop.IF_SEXT__0_CONCAT_request_put_BITS_30_TO_23_3__ETC___d32 [5].
      Forbidden control signals for this pair of cells: { $flatten\ptof.$procmux$1653_CMP $flatten\ptof.$procmux$1654_CMP }
      Activation pattern for cell $flatten\ptof.$shr$/teamspace/studios/this_studio/Melodica-Integration-into-Fife-Core/Learn_Bluespec_and_RISCV_Design/Code/Build/Fife/verilog/mkPtoF_PNE.v:199$1048: \ptof.IF_request_put_BITS_34_TO_25_SLT_897_THEN_IF_r_ETC___d22 [5] = 1'1
      Activation pattern for cell $flatten\ftop.$shr$/teamspace/studios/this_studio/Melodica-Integration-into-Fife-Core/Learn_Bluespec_and_RISCV_Design/Code/Build/Fife/verilog/mkFtoP_PNE.v:194$1009: \ftop.IF_SEXT__0_CONCAT_request_put_BITS_30_TO_23_3__ETC___d32 [5] = 1'1
      According to the SAT solver the cell $flatten\ftop.$shr$/teamspace/studios/this_studio/Melodica-Integration-into-Fife-Core/Learn_Bluespec_and_RISCV_Design/Code/Build/Fife/verilog/mkFtoP_PNE.v:194$1009 is never active. Sharing is pointless, we simply remove it.
  Analyzing resource sharing options for $flatten\normalizer.$auto$mem.cc:273:emit$1432 ($memrd_v2):
    Found 5 activation_patterns using ctrl signal { $flatten\normalizer.$procmux$1662_CMP $flatten\normalizer.$procmux$1665_CTRL $flatten\normalizer.$procmux$1666_CTRL $flatten\normalizer.$procmux$1667_CTRL $flatten\normalizer.$procmux$1668_CTRL }.
    No candidates found.
  Analyzing resource sharing options for $flatten\multiplier.$shr$/teamspace/studios/this_studio/Melodica-Integration-into-Fife-Core/Learn_Bluespec_and_RISCV_Design/Code/Build/Fife/verilog/mkMultiplier.v:208$913 ($shr):
    Found 1 activation_patterns using ctrl signal \multiplier.ff_pipe_reg_first_BITS_62_TO_52_PLUS_1___d7 [10].
    No candidates found.
  Analyzing resource sharing options for $flatten\multiplier.$shl$/teamspace/studios/this_studio/Melodica-Integration-into-Fife-Core/Learn_Bluespec_and_RISCV_Design/Code/Build/Fife/verilog/mkMultiplier.v:206$912 ($shl):
    Found 1 activation_patterns using ctrl signal \multiplier.ff_pipe_reg_first_BITS_62_TO_52_PLUS_1___d7 [10].
    No candidates found.
  Analyzing resource sharing options for $flatten\ptof.$shl$/teamspace/studios/this_studio/Melodica-Integration-into-Fife-Core/Learn_Bluespec_and_RISCV_Design/Code/Build/Fife/verilog/mkPtoF_PNE.v:208$1053 ($shl):
    Found 1 activation_patterns using ctrl signal \ptof.IF_request_put_BITS_34_TO_25_SLT_897_THEN_IF_r_ETC___d22 [5].
    Found 1 candidates: $flatten\ftop.$shl$/teamspace/studios/this_studio/Melodica-Integration-into-Fife-Core/Learn_Bluespec_and_RISCV_Design/Code/Build/Fife/verilog/mkFtoP_PNE.v:141$983
    Analyzing resource sharing with $flatten\ftop.$shl$/teamspace/studios/this_studio/Melodica-Integration-into-Fife-Core/Learn_Bluespec_and_RISCV_Design/Code/Build/Fife/verilog/mkFtoP_PNE.v:141$983 ($shl):
      Found 1 activation_patterns using ctrl signal \ftop.IF_SEXT__0_CONCAT_request_put_BITS_30_TO_23_3__ETC___d32 [5].
      Forbidden control signals for this pair of cells: { $flatten\ptof.$procmux$1653_CMP $flatten\ptof.$procmux$1654_CMP }
      Activation pattern for cell $flatten\ptof.$shl$/teamspace/studios/this_studio/Melodica-Integration-into-Fife-Core/Learn_Bluespec_and_RISCV_Design/Code/Build/Fife/verilog/mkPtoF_PNE.v:208$1053: \ptof.IF_request_put_BITS_34_TO_25_SLT_897_THEN_IF_r_ETC___d22 [5] = 1'1
      Activation pattern for cell $flatten\ftop.$shl$/teamspace/studios/this_studio/Melodica-Integration-into-Fife-Core/Learn_Bluespec_and_RISCV_Design/Code/Build/Fife/verilog/mkFtoP_PNE.v:141$983: \ftop.IF_SEXT__0_CONCAT_request_put_BITS_30_TO_23_3__ETC___d32 [5] = 1'1
      According to the SAT solver the cell $flatten\ftop.$shl$/teamspace/studios/this_studio/Melodica-Integration-into-Fife-Core/Learn_Bluespec_and_RISCV_Design/Code/Build/Fife/verilog/mkFtoP_PNE.v:141$983 is never active. Sharing is pointless, we simply remove it.
Removing 2 cells in module mkPositCore:
  Removing cell $flatten\ftop.$shl$/teamspace/studios/this_studio/Melodica-Integration-into-Fife-Core/Learn_Bluespec_and_RISCV_Design/Code/Build/Fife/verilog/mkFtoP_PNE.v:141$983 ($shl).
  Removing cell $flatten\ftop.$shr$/teamspace/studios/this_studio/Melodica-Integration-into-Fife-Core/Learn_Bluespec_and_RISCV_Design/Code/Build/Fife/verilog/mkFtoP_PNE.v:194$1009 ($shr).

14.15. Executing OPT pass (performing simple optimizations).

14.15.1. Executing OPT_EXPR pass (perform const folding).
Optimizing module mkPositCore.
<suppressed ~6 debug messages>

14.15.2. Executing OPT_MERGE pass (detect identical cells).
Finding identical cells in module `\mkPositCore'.
Removed a total of 0 cells.

14.15.3. Executing OPT_MUXTREE pass (detect dead branches in mux trees).
Running muxtree optimizer on module \mkPositCore..
  Creating internal representation of mux trees.
  Evaluating internal representation of mux trees.
  Analyzing evaluation results.
Removed 0 multiplexer ports.
<suppressed ~342 debug messages>

14.15.4. Executing OPT_REDUCE pass (consolidate $*mux and $reduce_* inputs).
  Optimizing cells in module \mkPositCore.
Performed a total of 0 changes.

14.15.5. Executing OPT_MERGE pass (detect identical cells).
Finding identical cells in module `\mkPositCore'.
Removed a total of 0 cells.

14.15.6. Executing OPT_DFF pass (perform DFF optimizations).

14.15.7. Executing OPT_CLEAN pass (remove unused cells and wires).
Finding unused cells or wires in module \mkPositCore..
Removed 16 unused cells and 27 unused wires.
<suppressed ~31 debug messages>

14.15.8. Executing OPT_EXPR pass (perform const folding).
Optimizing module mkPositCore.

14.15.9. Rerunning OPT passes. (Maybe there is more to do..)

14.15.10. Executing OPT_MUXTREE pass (detect dead branches in mux trees).
Running muxtree optimizer on module \mkPositCore..
  Creating internal representation of mux trees.
  Evaluating internal representation of mux trees.
  Analyzing evaluation results.
Removed 0 multiplexer ports.
<suppressed ~342 debug messages>

14.15.11. Executing OPT_REDUCE pass (consolidate $*mux and $reduce_* inputs).
  Optimizing cells in module \mkPositCore.
Performed a total of 0 changes.

14.15.12. Executing OPT_MERGE pass (detect identical cells).
Finding identical cells in module `\mkPositCore'.
Removed a total of 0 cells.

14.15.13. Executing OPT_DFF pass (perform DFF optimizations).

14.15.14. Executing OPT_CLEAN pass (remove unused cells and wires).
Finding unused cells or wires in module \mkPositCore..

14.15.15. Executing OPT_EXPR pass (perform const folding).
Optimizing module mkPositCore.

14.15.16. Finished OPT passes. (There is nothing left to do.)

14.16. Executing MEMORY pass.

14.16.1. Executing OPT_MEM pass (optimize memories).
Performed a total of 0 transformations.

14.16.2. Executing OPT_MEM_PRIORITY pass (removing unnecessary memory write priority relations).
Performed a total of 0 transformations.

14.16.3. Executing OPT_MEM_FEEDBACK pass (finding memory read-to-write feedback paths).
  Analyzing mkPositCore.quire.seg_adder_vff_carry_0.arr write port 0.
  Analyzing mkPositCore.quire.seg_adder_vff_carry_1.arr write port 0.
  Analyzing mkPositCore.quire.seg_adder_vff_carry_10.arr write port 0.
  Analyzing mkPositCore.quire.seg_adder_vff_carry_11.arr write port 0.
  Analyzing mkPositCore.quire.seg_adder_vff_carry_2.arr write port 0.
  Analyzing mkPositCore.quire.seg_adder_vff_carry_3.arr write port 0.
  Analyzing mkPositCore.quire.seg_adder_vff_carry_4.arr write port 0.
  Analyzing mkPositCore.quire.seg_adder_vff_carry_5.arr write port 0.
  Analyzing mkPositCore.quire.seg_adder_vff_carry_6.arr write port 0.
  Analyzing mkPositCore.quire.seg_adder_vff_carry_7.arr write port 0.
  Analyzing mkPositCore.quire.seg_adder_vff_carry_8.arr write port 0.
  Analyzing mkPositCore.quire.seg_adder_vff_carry_9.arr write port 0.
  Analyzing mkPositCore.quire.seg_adder_vff_in_0.arr write port 0.
  Analyzing mkPositCore.quire.seg_adder_vff_in_1.arr write port 0.
  Analyzing mkPositCore.quire.seg_adder_vff_in_10.arr write port 0.
  Analyzing mkPositCore.quire.seg_adder_vff_in_11.arr write port 0.
  Analyzing mkPositCore.quire.seg_adder_vff_in_12.arr write port 0.
  Analyzing mkPositCore.quire.seg_adder_vff_in_2.arr write port 0.
  Analyzing mkPositCore.quire.seg_adder_vff_in_3.arr write port 0.
  Analyzing mkPositCore.quire.seg_adder_vff_in_4.arr write port 0.
  Analyzing mkPositCore.quire.seg_adder_vff_in_5.arr write port 0.
  Analyzing mkPositCore.quire.seg_adder_vff_in_6.arr write port 0.
  Analyzing mkPositCore.quire.seg_adder_vff_in_7.arr write port 0.
  Analyzing mkPositCore.quire.seg_adder_vff_in_8.arr write port 0.
  Analyzing mkPositCore.quire.seg_adder_vff_in_9.arr write port 0.

14.16.4. Executing MEMORY_BMUX2ROM pass (converting muxes to ROMs).

14.16.5. Executing MEMORY_DFF pass (merging $dff cells to $memrd).
Checking read port `$flatten\normalizer.$auto$proc_rom.cc:150:do_switch$1431'[0] in module `\mkPositCore': no output FF found.
Checking read port `\quire.seg_adder_vff_carry_0.arr'[0] in module `\mkPositCore': no output FF found.
Checking read port `\quire.seg_adder_vff_carry_1.arr'[0] in module `\mkPositCore': no output FF found.
Checking read port `\quire.seg_adder_vff_carry_10.arr'[0] in module `\mkPositCore': no output FF found.
Checking read port `\quire.seg_adder_vff_carry_11.arr'[0] in module `\mkPositCore': no output FF found.
Checking read port `\quire.seg_adder_vff_carry_2.arr'[0] in module `\mkPositCore': no output FF found.
Checking read port `\quire.seg_adder_vff_carry_3.arr'[0] in module `\mkPositCore': no output FF found.
Checking read port `\quire.seg_adder_vff_carry_4.arr'[0] in module `\mkPositCore': no output FF found.
Checking read port `\quire.seg_adder_vff_carry_5.arr'[0] in module `\mkPositCore': no output FF found.
Checking read port `\quire.seg_adder_vff_carry_6.arr'[0] in module `\mkPositCore': no output FF found.
Checking read port `\quire.seg_adder_vff_carry_7.arr'[0] in module `\mkPositCore': no output FF found.
Checking read port `\quire.seg_adder_vff_carry_8.arr'[0] in module `\mkPositCore': no output FF found.
Checking read port `\quire.seg_adder_vff_carry_9.arr'[0] in module `\mkPositCore': no output FF found.
Checking read port `\quire.seg_adder_vff_in_0.arr'[0] in module `\mkPositCore': no output FF found.
Checking read port `\quire.seg_adder_vff_in_1.arr'[0] in module `\mkPositCore': no output FF found.
Checking read port `\quire.seg_adder_vff_in_10.arr'[0] in module `\mkPositCore': no output FF found.
Checking read port `\quire.seg_adder_vff_in_11.arr'[0] in module `\mkPositCore': no output FF found.
Checking read port `\quire.seg_adder_vff_in_12.arr'[0] in module `\mkPositCore': no output FF found.
Checking read port `\quire.seg_adder_vff_in_2.arr'[0] in module `\mkPositCore': no output FF found.
Checking read port `\quire.seg_adder_vff_in_3.arr'[0] in module `\mkPositCore': no output FF found.
Checking read port `\quire.seg_adder_vff_in_4.arr'[0] in module `\mkPositCore': no output FF found.
Checking read port `\quire.seg_adder_vff_in_5.arr'[0] in module `\mkPositCore': no output FF found.
Checking read port `\quire.seg_adder_vff_in_6.arr'[0] in module `\mkPositCore': no output FF found.
Checking read port `\quire.seg_adder_vff_in_7.arr'[0] in module `\mkPositCore': no output FF found.
Checking read port `\quire.seg_adder_vff_in_8.arr'[0] in module `\mkPositCore': no output FF found.
Checking read port `\quire.seg_adder_vff_in_9.arr'[0] in module `\mkPositCore': no output FF found.
Checking read port address `$flatten\normalizer.$auto$proc_rom.cc:150:do_switch$1431'[0] in module `\mkPositCore': no address FF found.
Checking read port address `\quire.seg_adder_vff_carry_0.arr'[0] in module `\mkPositCore': merged address FF to cell.
Checking read port address `\quire.seg_adder_vff_carry_1.arr'[0] in module `\mkPositCore': merged address FF to cell.
Checking read port address `\quire.seg_adder_vff_carry_10.arr'[0] in module `\mkPositCore': merged address FF to cell.
Checking read port address `\quire.seg_adder_vff_carry_11.arr'[0] in module `\mkPositCore': merged address FF to cell.
Checking read port address `\quire.seg_adder_vff_carry_2.arr'[0] in module `\mkPositCore': merged address FF to cell.
Checking read port address `\quire.seg_adder_vff_carry_3.arr'[0] in module `\mkPositCore': merged address FF to cell.
Checking read port address `\quire.seg_adder_vff_carry_4.arr'[0] in module `\mkPositCore': merged address FF to cell.
Checking read port address `\quire.seg_adder_vff_carry_5.arr'[0] in module `\mkPositCore': merged address FF to cell.
Checking read port address `\quire.seg_adder_vff_carry_6.arr'[0] in module `\mkPositCore': merged address FF to cell.
Checking read port address `\quire.seg_adder_vff_carry_7.arr'[0] in module `\mkPositCore': merged address FF to cell.
Checking read port address `\quire.seg_adder_vff_carry_8.arr'[0] in module `\mkPositCore': merged address FF to cell.
Checking read port address `\quire.seg_adder_vff_carry_9.arr'[0] in module `\mkPositCore': merged address FF to cell.
Checking read port address `\quire.seg_adder_vff_in_0.arr'[0] in module `\mkPositCore': merged address FF to cell.
Checking read port address `\quire.seg_adder_vff_in_1.arr'[0] in module `\mkPositCore': merged address FF to cell.
Checking read port address `\quire.seg_adder_vff_in_10.arr'[0] in module `\mkPositCore': merged address FF to cell.
Checking read port address `\quire.seg_adder_vff_in_11.arr'[0] in module `\mkPositCore': merged address FF to cell.
Checking read port address `\quire.seg_adder_vff_in_12.arr'[0] in module `\mkPositCore': merged address FF to cell.
Checking read port address `\quire.seg_adder_vff_in_2.arr'[0] in module `\mkPositCore': merged address FF to cell.
Checking read port address `\quire.seg_adder_vff_in_3.arr'[0] in module `\mkPositCore': merged address FF to cell.
Checking read port address `\quire.seg_adder_vff_in_4.arr'[0] in module `\mkPositCore': merged address FF to cell.
Checking read port address `\quire.seg_adder_vff_in_5.arr'[0] in module `\mkPositCore': merged address FF to cell.
Checking read port address `\quire.seg_adder_vff_in_6.arr'[0] in module `\mkPositCore': merged address FF to cell.
Checking read port address `\quire.seg_adder_vff_in_7.arr'[0] in module `\mkPositCore': merged address FF to cell.
Checking read port address `\quire.seg_adder_vff_in_8.arr'[0] in module `\mkPositCore': merged address FF to cell.
Checking read port address `\quire.seg_adder_vff_in_9.arr'[0] in module `\mkPositCore': merged address FF to cell.

14.16.6. Executing OPT_CLEAN pass (remove unused cells and wires).
Finding unused cells or wires in module \mkPositCore..

14.16.7. Executing MEMORY_SHARE pass (consolidating $memrd/$memwr cells).

14.16.8. Executing OPT_MEM_WIDEN pass (optimize memories where all ports are wide).
Performed a total of 0 transformations.

14.16.9. Executing OPT_CLEAN pass (remove unused cells and wires).
Finding unused cells or wires in module \mkPositCore..

14.16.10. Executing MEMORY_COLLECT pass (generating $mem cells).

14.17. Executing OPT_CLEAN pass (remove unused cells and wires).
Finding unused cells or wires in module \mkPositCore..

14.18. Executing OPT pass (performing simple optimizations).

14.18.1. Executing OPT_EXPR pass (perform const folding).
Optimizing module mkPositCore.
<suppressed ~921 debug messages>

14.18.2. Executing OPT_MERGE pass (detect identical cells).
Finding identical cells in module `\mkPositCore'.
<suppressed ~36 debug messages>
Removed a total of 12 cells.

14.18.3. Executing OPT_DFF pass (perform DFF optimizations).

14.18.4. Executing OPT_CLEAN pass (remove unused cells and wires).
Finding unused cells or wires in module \mkPositCore..
Removed 18 unused cells and 268 unused wires.
<suppressed ~19 debug messages>

14.18.5. Finished fast OPT passes.

14.19. Executing MEMORY_MAP pass (converting memories to logic and flip-flops).
Mapping memory $flatten\normalizer.$auto$proc_rom.cc:150:do_switch$1431 in module \mkPositCore:
  created 16 $dff cells and 0 static cells of width 6.
  read interface: 0 $dff and 15 $mux cells.
  write interface: 0 write mux blocks.
Mapping memory \quire.seg_adder_vff_carry_0.arr in module \mkPositCore:
  created 3 $dff cells and 0 static cells of width 1.
Extracted addr FF from read port 0 of mkPositCore.quire.seg_adder_vff_carry_0.arr: $\quire.seg_adder_vff_carry_0.arr$rdreg[0]
  read interface: 1 $dff and 3 $mux cells.
  write interface: 3 write mux blocks.
Mapping memory \quire.seg_adder_vff_carry_1.arr in module \mkPositCore:
  created 3 $dff cells and 0 static cells of width 1.
Extracted addr FF from read port 0 of mkPositCore.quire.seg_adder_vff_carry_1.arr: $\quire.seg_adder_vff_carry_1.arr$rdreg[0]
  read interface: 1 $dff and 3 $mux cells.
  write interface: 3 write mux blocks.
Mapping memory \quire.seg_adder_vff_carry_10.arr in module \mkPositCore:
  created 3 $dff cells and 0 static cells of width 1.
Extracted addr FF from read port 0 of mkPositCore.quire.seg_adder_vff_carry_10.arr: $\quire.seg_adder_vff_carry_10.arr$rdreg[0]
  read interface: 1 $dff and 3 $mux cells.
  write interface: 3 write mux blocks.
Mapping memory \quire.seg_adder_vff_carry_11.arr in module \mkPositCore:
  created 3 $dff cells and 0 static cells of width 1.
Extracted addr FF from read port 0 of mkPositCore.quire.seg_adder_vff_carry_11.arr: $\quire.seg_adder_vff_carry_11.arr$rdreg[0]
  read interface: 1 $dff and 3 $mux cells.
  write interface: 3 write mux blocks.
Mapping memory \quire.seg_adder_vff_carry_2.arr in module \mkPositCore:
  created 3 $dff cells and 0 static cells of width 1.
Extracted addr FF from read port 0 of mkPositCore.quire.seg_adder_vff_carry_2.arr: $\quire.seg_adder_vff_carry_2.arr$rdreg[0]
  read interface: 1 $dff and 3 $mux cells.
  write interface: 3 write mux blocks.
Mapping memory \quire.seg_adder_vff_carry_3.arr in module \mkPositCore:
  created 3 $dff cells and 0 static cells of width 1.
Extracted addr FF from read port 0 of mkPositCore.quire.seg_adder_vff_carry_3.arr: $\quire.seg_adder_vff_carry_3.arr$rdreg[0]
  read interface: 1 $dff and 3 $mux cells.
  write interface: 3 write mux blocks.
Mapping memory \quire.seg_adder_vff_carry_4.arr in module \mkPositCore:
  created 3 $dff cells and 0 static cells of width 1.
Extracted addr FF from read port 0 of mkPositCore.quire.seg_adder_vff_carry_4.arr: $\quire.seg_adder_vff_carry_4.arr$rdreg[0]
  read interface: 1 $dff and 3 $mux cells.
  write interface: 3 write mux blocks.
Mapping memory \quire.seg_adder_vff_carry_5.arr in module \mkPositCore:
  created 3 $dff cells and 0 static cells of width 1.
Extracted addr FF from read port 0 of mkPositCore.quire.seg_adder_vff_carry_5.arr: $\quire.seg_adder_vff_carry_5.arr$rdreg[0]
  read interface: 1 $dff and 3 $mux cells.
  write interface: 3 write mux blocks.
Mapping memory \quire.seg_adder_vff_carry_6.arr in module \mkPositCore:
  created 3 $dff cells and 0 static cells of width 1.
Extracted addr FF from read port 0 of mkPositCore.quire.seg_adder_vff_carry_6.arr: $\quire.seg_adder_vff_carry_6.arr$rdreg[0]
  read interface: 1 $dff and 3 $mux cells.
  write interface: 3 write mux blocks.
Mapping memory \quire.seg_adder_vff_carry_7.arr in module \mkPositCore:
  created 3 $dff cells and 0 static cells of width 1.
Extracted addr FF from read port 0 of mkPositCore.quire.seg_adder_vff_carry_7.arr: $\quire.seg_adder_vff_carry_7.arr$rdreg[0]
  read interface: 1 $dff and 3 $mux cells.
  write interface: 3 write mux blocks.
Mapping memory \quire.seg_adder_vff_carry_8.arr in module \mkPositCore:
  created 3 $dff cells and 0 static cells of width 1.
Extracted addr FF from read port 0 of mkPositCore.quire.seg_adder_vff_carry_8.arr: $\quire.seg_adder_vff_carry_8.arr$rdreg[0]
  read interface: 1 $dff and 3 $mux cells.
  write interface: 3 write mux blocks.
Mapping memory \quire.seg_adder_vff_carry_9.arr in module \mkPositCore:
  created 3 $dff cells and 0 static cells of width 1.
Extracted addr FF from read port 0 of mkPositCore.quire.seg_adder_vff_carry_9.arr: $\quire.seg_adder_vff_carry_9.arr$rdreg[0]
  read interface: 1 $dff and 3 $mux cells.
  write interface: 3 write mux blocks.
Mapping memory \quire.seg_adder_vff_in_0.arr in module \mkPositCore:
  created 3 $dff cells and 0 static cells of width 32.
Extracted addr FF from read port 0 of mkPositCore.quire.seg_adder_vff_in_0.arr: $\quire.seg_adder_vff_in_0.arr$rdreg[0]
  read interface: 1 $dff and 3 $mux cells.
  write interface: 3 write mux blocks.
Mapping memory \quire.seg_adder_vff_in_1.arr in module \mkPositCore:
  created 3 $dff cells and 0 static cells of width 32.
Extracted addr FF from read port 0 of mkPositCore.quire.seg_adder_vff_in_1.arr: $\quire.seg_adder_vff_in_1.arr$rdreg[0]
  read interface: 1 $dff and 3 $mux cells.
  write interface: 3 write mux blocks.
Mapping memory \quire.seg_adder_vff_in_10.arr in module \mkPositCore:
  created 3 $dff cells and 0 static cells of width 32.
Extracted addr FF from read port 0 of mkPositCore.quire.seg_adder_vff_in_10.arr: $\quire.seg_adder_vff_in_10.arr$rdreg[0]
  read interface: 1 $dff and 3 $mux cells.
  write interface: 3 write mux blocks.
Mapping memory \quire.seg_adder_vff_in_11.arr in module \mkPositCore:
  created 3 $dff cells and 0 static cells of width 32.
Extracted addr FF from read port 0 of mkPositCore.quire.seg_adder_vff_in_11.arr: $\quire.seg_adder_vff_in_11.arr$rdreg[0]
  read interface: 1 $dff and 3 $mux cells.
  write interface: 3 write mux blocks.
Mapping memory \quire.seg_adder_vff_in_12.arr in module \mkPositCore:
  created 3 $dff cells and 0 static cells of width 32.
Extracted addr FF from read port 0 of mkPositCore.quire.seg_adder_vff_in_12.arr: $\quire.seg_adder_vff_in_12.arr$rdreg[0]
  read interface: 1 $dff and 3 $mux cells.
  write interface: 3 write mux blocks.
Mapping memory \quire.seg_adder_vff_in_2.arr in module \mkPositCore:
  created 3 $dff cells and 0 static cells of width 32.
Extracted addr FF from read port 0 of mkPositCore.quire.seg_adder_vff_in_2.arr: $\quire.seg_adder_vff_in_2.arr$rdreg[0]
  read interface: 1 $dff and 3 $mux cells.
  write interface: 3 write mux blocks.
Mapping memory \quire.seg_adder_vff_in_3.arr in module \mkPositCore:
  created 3 $dff cells and 0 static cells of width 32.
Extracted addr FF from read port 0 of mkPositCore.quire.seg_adder_vff_in_3.arr: $\quire.seg_adder_vff_in_3.arr$rdreg[0]
  read interface: 1 $dff and 3 $mux cells.
  write interface: 3 write mux blocks.
Mapping memory \quire.seg_adder_vff_in_4.arr in module \mkPositCore:
  created 3 $dff cells and 0 static cells of width 32.
Extracted addr FF from read port 0 of mkPositCore.quire.seg_adder_vff_in_4.arr: $\quire.seg_adder_vff_in_4.arr$rdreg[0]
  read interface: 1 $dff and 3 $mux cells.
  write interface: 3 write mux blocks.
Mapping memory \quire.seg_adder_vff_in_5.arr in module \mkPositCore:
  created 3 $dff cells and 0 static cells of width 32.
Extracted addr FF from read port 0 of mkPositCore.quire.seg_adder_vff_in_5.arr: $\quire.seg_adder_vff_in_5.arr$rdreg[0]
  read interface: 1 $dff and 3 $mux cells.
  write interface: 3 write mux blocks.
Mapping memory \quire.seg_adder_vff_in_6.arr in module \mkPositCore:
  created 3 $dff cells and 0 static cells of width 32.
Extracted addr FF from read port 0 of mkPositCore.quire.seg_adder_vff_in_6.arr: $\quire.seg_adder_vff_in_6.arr$rdreg[0]
  read interface: 1 $dff and 3 $mux cells.
  write interface: 3 write mux blocks.
Mapping memory \quire.seg_adder_vff_in_7.arr in module \mkPositCore:
  created 3 $dff cells and 0 static cells of width 32.
Extracted addr FF from read port 0 of mkPositCore.quire.seg_adder_vff_in_7.arr: $\quire.seg_adder_vff_in_7.arr$rdreg[0]
  read interface: 1 $dff and 3 $mux cells.
  write interface: 3 write mux blocks.
Mapping memory \quire.seg_adder_vff_in_8.arr in module \mkPositCore:
  created 3 $dff cells and 0 static cells of width 32.
Extracted addr FF from read port 0 of mkPositCore.quire.seg_adder_vff_in_8.arr: $\quire.seg_adder_vff_in_8.arr$rdreg[0]
  read interface: 1 $dff and 3 $mux cells.
  write interface: 3 write mux blocks.
Mapping memory \quire.seg_adder_vff_in_9.arr in module \mkPositCore:
  created 3 $dff cells and 0 static cells of width 32.
Extracted addr FF from read port 0 of mkPositCore.quire.seg_adder_vff_in_9.arr: $\quire.seg_adder_vff_in_9.arr$rdreg[0]
  read interface: 1 $dff and 3 $mux cells.
  write interface: 3 write mux blocks.

14.20. Executing OPT pass (performing simple optimizations).

14.20.1. Executing OPT_EXPR pass (perform const folding).
Optimizing module mkPositCore.
<suppressed ~328 debug messages>

14.20.2. Executing OPT_MERGE pass (detect identical cells).
Finding identical cells in module `\mkPositCore'.
Removed a total of 0 cells.

14.20.3. Executing OPT_MUXTREE pass (detect dead branches in mux trees).
Running muxtree optimizer on module \mkPositCore..
  Creating internal representation of mux trees.
  Evaluating internal representation of mux trees.
  Analyzing evaluation results.
Removed 0 multiplexer ports.
<suppressed ~304 debug messages>

14.20.4. Executing OPT_REDUCE pass (consolidate $*mux and $reduce_* inputs).
  Optimizing cells in module \mkPositCore.
    Consolidated identical input bits for $mux cell $memory$flatten\normalizer.$auto$proc_rom.cc:150:do_switch$1431$rdmux[0][3][5]$4052:
      Old ports: A=6'000000, B=6'000001, Y=$memory$flatten\normalizer.$auto$proc_rom.cc:150:do_switch$1431$rdmux[0][2][2]$b$4033
      New ports: A=1'0, B=1'1, Y=$memory$flatten\normalizer.$auto$proc_rom.cc:150:do_switch$1431$rdmux[0][2][2]$b$4033 [0]
      New connections: $memory$flatten\normalizer.$auto$proc_rom.cc:150:do_switch$1431$rdmux[0][2][2]$b$4033 [5:1] = 5'00000
    Consolidated identical input bits for $mux cell $memory$flatten\normalizer.$auto$proc_rom.cc:150:do_switch$1431$rdmux[0][3][2]$4043:
      Old ports: A=6'111110, B=6'111111, Y=$memory$flatten\normalizer.$auto$proc_rom.cc:150:do_switch$1431$rdmux[0][2][1]$a$4029
      New ports: A=1'0, B=1'1, Y=$memory$flatten\normalizer.$auto$proc_rom.cc:150:do_switch$1431$rdmux[0][2][1]$a$4029 [0]
      New connections: $memory$flatten\normalizer.$auto$proc_rom.cc:150:do_switch$1431$rdmux[0][2][1]$a$4029 [5:1] = 5'11111
    Consolidated identical input bits for $mux cell $memory$flatten\normalizer.$auto$proc_rom.cc:150:do_switch$1431$rdmux[0][3][1]$4040:
      Old ports: A=6'001110, B=6'011110, Y=$memory$flatten\normalizer.$auto$proc_rom.cc:150:do_switch$1431$rdmux[0][2][0]$b$4027
      New ports: A=1'0, B=1'1, Y=$memory$flatten\normalizer.$auto$proc_rom.cc:150:do_switch$1431$rdmux[0][2][0]$b$4027 [4]
      New connections: { $memory$flatten\normalizer.$auto$proc_rom.cc:150:do_switch$1431$rdmux[0][2][0]$b$4027 [5] $memory$flatten\normalizer.$auto$proc_rom.cc:150:do_switch$1431$rdmux[0][2][0]$b$4027 [3:0] } = 5'01110
    Consolidated identical input bits for $mux cell $memory$flatten\normalizer.$auto$proc_rom.cc:150:do_switch$1431$rdmux[0][3][0]$4037:
      Old ports: A=6'000010, B=6'000110, Y=$memory$flatten\normalizer.$auto$proc_rom.cc:150:do_switch$1431$rdmux[0][2][0]$a$4026
      New ports: A=1'0, B=1'1, Y=$memory$flatten\normalizer.$auto$proc_rom.cc:150:do_switch$1431$rdmux[0][2][0]$a$4026 [2]
      New connections: { $memory$flatten\normalizer.$auto$proc_rom.cc:150:do_switch$1431$rdmux[0][2][0]$a$4026 [5:3] $memory$flatten\normalizer.$auto$proc_rom.cc:150:do_switch$1431$rdmux[0][2][0]$a$4026 [1:0] } = 5'00010
    Consolidated identical input bits for $mux cell $flatten\extracter1.$ternary$/teamspace/studios/this_studio/Melodica-Integration-into-Fife-Core/Learn_Bluespec_and_RISCV_Design/Code/Build/Fife/verilog/mkExtracter.v:149$939:
      Old ports: A=6'111101, B=6'000010, Y=$flatten\extracter1.$ternary$/teamspace/studios/this_studio/Melodica-Integration-into-Fife-Core/Learn_Bluespec_and_RISCV_Design/Code/Build/Fife/verilog/mkExtracter.v:149$939_Y
      New ports: A=2'01, B=2'10, Y=$flatten\extracter1.$ternary$/teamspace/studios/this_studio/Melodica-Integration-into-Fife-Core/Learn_Bluespec_and_RISCV_Design/Code/Build/Fife/verilog/mkExtracter.v:149$939_Y [1:0]
      New connections: $flatten\extracter1.$ternary$/teamspace/studios/this_studio/Melodica-Integration-into-Fife-Core/Learn_Bluespec_and_RISCV_Design/Code/Build/Fife/verilog/mkExtracter.v:149$939_Y [5:2] = { $flatten\extracter1.$ternary$/teamspace/studios/this_studio/Melodica-Integration-into-Fife-Core/Learn_Bluespec_and_RISCV_Design/Code/Build/Fife/verilog/mkExtracter.v:149$939_Y [0] $flatten\extracter1.$ternary$/teamspace/studios/this_studio/Melodica-Integration-into-Fife-Core/Learn_Bluespec_and_RISCV_Design/Code/Build/Fife/verilog/mkExtracter.v:149$939_Y [0] $flatten\extracter1.$ternary$/teamspace/studios/this_studio/Melodica-Integration-into-Fife-Core/Learn_Bluespec_and_RISCV_Design/Code/Build/Fife/verilog/mkExtracter.v:149$939_Y [0] $flatten\extracter1.$ternary$/teamspace/studios/this_studio/Melodica-Integration-into-Fife-Core/Learn_Bluespec_and_RISCV_Design/Code/Build/Fife/verilog/mkExtracter.v:149$939_Y [0] }
    Consolidated identical input bits for $mux cell $flatten\extracter1.$ternary$/teamspace/studios/this_studio/Melodica-Integration-into-Fife-Core/Learn_Bluespec_and_RISCV_Design/Code/Build/Fife/verilog/mkExtracter.v:153$940:
      Old ports: A=6'111100, B=6'000011, Y=$flatten\extracter1.$ternary$/teamspace/studios/this_studio/Melodica-Integration-into-Fife-Core/Learn_Bluespec_and_RISCV_Design/Code/Build/Fife/verilog/mkExtracter.v:153$940_Y
      New ports: A=2'10, B=2'01, Y={ $flatten\extracter1.$ternary$/teamspace/studios/this_studio/Melodica-Integration-into-Fife-Core/Learn_Bluespec_and_RISCV_Design/Code/Build/Fife/verilog/mkExtracter.v:153$940_Y [2] $flatten\extracter1.$ternary$/teamspace/studios/this_studio/Melodica-Integration-into-Fife-Core/Learn_Bluespec_and_RISCV_Design/Code/Build/Fife/verilog/mkExtracter.v:153$940_Y [0] }
      New connections: { $flatten\extracter1.$ternary$/teamspace/studios/this_studio/Melodica-Integration-into-Fife-Core/Learn_Bluespec_and_RISCV_Design/Code/Build/Fife/verilog/mkExtracter.v:153$940_Y [5:3] $flatten\extracter1.$ternary$/teamspace/studios/this_studio/Melodica-Integration-into-Fife-Core/Learn_Bluespec_and_RISCV_Design/Code/Build/Fife/verilog/mkExtracter.v:153$940_Y [1] } = { $flatten\extracter1.$ternary$/teamspace/studios/this_studio/Melodica-Integration-into-Fife-Core/Learn_Bluespec_and_RISCV_Design/Code/Build/Fife/verilog/mkExtracter.v:153$940_Y [2] $flatten\extracter1.$ternary$/teamspace/studios/this_studio/Melodica-Integration-into-Fife-Core/Learn_Bluespec_and_RISCV_Design/Code/Build/Fife/verilog/mkExtracter.v:153$940_Y [2] $flatten\extracter1.$ternary$/teamspace/studios/this_studio/Melodica-Integration-into-Fife-Core/Learn_Bluespec_and_RISCV_Design/Code/Build/Fife/verilog/mkExtracter.v:153$940_Y [2] $flatten\extracter1.$ternary$/teamspace/studios/this_studio/Melodica-Integration-into-Fife-Core/Learn_Bluespec_and_RISCV_Design/Code/Build/Fife/verilog/mkExtracter.v:153$940_Y [0] }
    Consolidated identical input bits for $mux cell $flatten\extracter1.$ternary$/teamspace/studios/this_studio/Melodica-Integration-into-Fife-Core/Learn_Bluespec_and_RISCV_Design/Code/Build/Fife/verilog/mkExtracter.v:156$941:
      Old ports: A=6'111011, B=6'000100, Y=$flatten\extracter1.$ternary$/teamspace/studios/this_studio/Melodica-Integration-into-Fife-Core/Learn_Bluespec_and_RISCV_Design/Code/Build/Fife/verilog/mkExtracter.v:156$941_Y
      New ports: A=2'01, B=2'10, Y={ $flatten\extracter1.$ternary$/teamspace/studios/this_studio/Melodica-Integration-into-Fife-Core/Learn_Bluespec_and_RISCV_Design/Code/Build/Fife/verilog/mkExtracter.v:156$941_Y [2] $flatten\extracter1.$ternary$/teamspace/studios/this_studio/Melodica-Integration-into-Fife-Core/Learn_Bluespec_and_RISCV_Design/Code/Build/Fife/verilog/mkExtracter.v:156$941_Y [0] }
      New connections: { $flatten\extracter1.$ternary$/teamspace/studios/this_studio/Melodica-Integration-into-Fife-Core/Learn_Bluespec_and_RISCV_Design/Code/Build/Fife/verilog/mkExtracter.v:156$941_Y [5:3] $flatten\extracter1.$ternary$/teamspace/studios/this_studio/Melodica-Integration-into-Fife-Core/Learn_Bluespec_and_RISCV_Design/Code/Build/Fife/verilog/mkExtracter.v:156$941_Y [1] } = { $flatten\extracter1.$ternary$/teamspace/studios/this_studio/Melodica-Integration-into-Fife-Core/Learn_Bluespec_and_RISCV_Design/Code/Build/Fife/verilog/mkExtracter.v:156$941_Y [0] $flatten\extracter1.$ternary$/teamspace/studios/this_studio/Melodica-Integration-into-Fife-Core/Learn_Bluespec_and_RISCV_Design/Code/Build/Fife/verilog/mkExtracter.v:156$941_Y [0] $flatten\extracter1.$ternary$/teamspace/studios/this_studio/Melodica-Integration-into-Fife-Core/Learn_Bluespec_and_RISCV_Design/Code/Build/Fife/verilog/mkExtracter.v:156$941_Y [0] $flatten\extracter1.$ternary$/teamspace/studios/this_studio/Melodica-Integration-into-Fife-Core/Learn_Bluespec_and_RISCV_Design/Code/Build/Fife/verilog/mkExtracter.v:156$941_Y [0] }
    Consolidated identical input bits for $mux cell $flatten\extracter1.$ternary$/teamspace/studios/this_studio/Melodica-Integration-into-Fife-Core/Learn_Bluespec_and_RISCV_Design/Code/Build/Fife/verilog/mkExtracter.v:161$944:
      Old ports: A=6'111110, B=6'000001, Y=$flatten\extracter1.$ternary$/teamspace/studios/this_studio/Melodica-Integration-into-Fife-Core/Learn_Bluespec_and_RISCV_Design/Code/Build/Fife/verilog/mkExtracter.v:161$944_Y
      New ports: A=2'10, B=2'01, Y=$flatten\extracter1.$ternary$/teamspace/studios/this_studio/Melodica-Integration-into-Fife-Core/Learn_Bluespec_and_RISCV_Design/Code/Build/Fife/verilog/mkExtracter.v:161$944_Y [1:0]
      New connections: $flatten\extracter1.$ternary$/teamspace/studios/this_studio/Melodica-Integration-into-Fife-Core/Learn_Bluespec_and_RISCV_Design/Code/Build/Fife/verilog/mkExtracter.v:161$944_Y [5:2] = { $flatten\extracter1.$ternary$/teamspace/studios/this_studio/Melodica-Integration-into-Fife-Core/Learn_Bluespec_and_RISCV_Design/Code/Build/Fife/verilog/mkExtracter.v:161$944_Y [1] $flatten\extracter1.$ternary$/teamspace/studios/this_studio/Melodica-Integration-into-Fife-Core/Learn_Bluespec_and_RISCV_Design/Code/Build/Fife/verilog/mkExtracter.v:161$944_Y [1] $flatten\extracter1.$ternary$/teamspace/studios/this_studio/Melodica-Integration-into-Fife-Core/Learn_Bluespec_and_RISCV_Design/Code/Build/Fife/verilog/mkExtracter.v:161$944_Y [1] $flatten\extracter1.$ternary$/teamspace/studios/this_studio/Melodica-Integration-into-Fife-Core/Learn_Bluespec_and_RISCV_Design/Code/Build/Fife/verilog/mkExtracter.v:161$944_Y [1] }
    Consolidated identical input bits for $mux cell $flatten\extracter1.$ternary$/teamspace/studios/this_studio/Melodica-Integration-into-Fife-Core/Learn_Bluespec_and_RISCV_Design/Code/Build/Fife/verilog/mkExtracter.v:168$947:
      Old ports: A=29'00000000000000000000000000000, B={ \ffI.data0_reg [96:72] 4'0000 }, Y=$flatten\extracter1.$ternary$/teamspace/studios/this_studio/Melodica-Integration-into-Fife-Core/Learn_Bluespec_and_RISCV_Design/Code/Build/Fife/verilog/mkExtracter.v:168$947_Y
      New ports: A=25'0000000000000000000000000, B=\ffI.data0_reg [96:72], Y=$flatten\extracter1.$ternary$/teamspace/studios/this_studio/Melodica-Integration-into-Fife-Core/Learn_Bluespec_and_RISCV_Design/Code/Build/Fife/verilog/mkExtracter.v:168$947_Y [28:4]
      New connections: $flatten\extracter1.$ternary$/teamspace/studios/this_studio/Melodica-Integration-into-Fife-Core/Learn_Bluespec_and_RISCV_Design/Code/Build/Fife/verilog/mkExtracter.v:168$947_Y [3:0] = 4'0000
    Consolidated identical input bits for $mux cell $flatten\extracter1.$ternary$/teamspace/studios/this_studio/Melodica-Integration-into-Fife-Core/Learn_Bluespec_and_RISCV_Design/Code/Build/Fife/verilog/mkExtracter.v:177$951:
      Old ports: A=6'111111, B=6'000000, Y=$flatten\extracter1.$ternary$/teamspace/studios/this_studio/Melodica-Integration-into-Fife-Core/Learn_Bluespec_and_RISCV_Design/Code/Build/Fife/verilog/mkExtracter.v:177$951_Y
      New ports: A=1'1, B=1'0, Y=$flatten\extracter1.$ternary$/teamspace/studios/this_studio/Melodica-Integration-into-Fife-Core/Learn_Bluespec_and_RISCV_Design/Code/Build/Fife/verilog/mkExtracter.v:177$951_Y [0]
      New connections: $flatten\extracter1.$ternary$/teamspace/studios/this_studio/Melodica-Integration-into-Fife-Core/Learn_Bluespec_and_RISCV_Design/Code/Build/Fife/verilog/mkExtracter.v:177$951_Y [5:1] = { $flatten\extracter1.$ternary$/teamspace/studios/this_studio/Melodica-Integration-into-Fife-Core/Learn_Bluespec_and_RISCV_Design/Code/Build/Fife/verilog/mkExtracter.v:177$951_Y [0] $flatten\extracter1.$ternary$/teamspace/studios/this_studio/Melodica-Integration-into-Fife-Core/Learn_Bluespec_and_RISCV_Design/Code/Build/Fife/verilog/mkExtracter.v:177$951_Y [0] $flatten\extracter1.$ternary$/teamspace/studios/this_studio/Melodica-Integration-into-Fife-Core/Learn_Bluespec_and_RISCV_Design/Code/Build/Fife/verilog/mkExtracter.v:177$951_Y [0] $flatten\extracter1.$ternary$/teamspace/studios/this_studio/Melodica-Integration-into-Fife-Core/Learn_Bluespec_and_RISCV_Design/Code/Build/Fife/verilog/mkExtracter.v:177$951_Y [0] $flatten\extracter1.$ternary$/teamspace/studios/this_studio/Melodica-Integration-into-Fife-Core/Learn_Bluespec_and_RISCV_Design/Code/Build/Fife/verilog/mkExtracter.v:177$951_Y [0] }
    Consolidated identical input bits for $mux cell $flatten\extracter2.$ternary$/teamspace/studios/this_studio/Melodica-Integration-into-Fife-Core/Learn_Bluespec_and_RISCV_Design/Code/Build/Fife/verilog/mkExtracter.v:149$939:
      Old ports: A=6'111101, B=6'000010, Y=$flatten\extracter2.$ternary$/teamspace/studios/this_studio/Melodica-Integration-into-Fife-Core/Learn_Bluespec_and_RISCV_Design/Code/Build/Fife/verilog/mkExtracter.v:149$939_Y
      New ports: A=2'01, B=2'10, Y=$flatten\extracter2.$ternary$/teamspace/studios/this_studio/Melodica-Integration-into-Fife-Core/Learn_Bluespec_and_RISCV_Design/Code/Build/Fife/verilog/mkExtracter.v:149$939_Y [1:0]
      New connections: $flatten\extracter2.$ternary$/teamspace/studios/this_studio/Melodica-Integration-into-Fife-Core/Learn_Bluespec_and_RISCV_Design/Code/Build/Fife/verilog/mkExtracter.v:149$939_Y [5:2] = { $flatten\extracter2.$ternary$/teamspace/studios/this_studio/Melodica-Integration-into-Fife-Core/Learn_Bluespec_and_RISCV_Design/Code/Build/Fife/verilog/mkExtracter.v:149$939_Y [0] $flatten\extracter2.$ternary$/teamspace/studios/this_studio/Melodica-Integration-into-Fife-Core/Learn_Bluespec_and_RISCV_Design/Code/Build/Fife/verilog/mkExtracter.v:149$939_Y [0] $flatten\extracter2.$ternary$/teamspace/studios/this_studio/Melodica-Integration-into-Fife-Core/Learn_Bluespec_and_RISCV_Design/Code/Build/Fife/verilog/mkExtracter.v:149$939_Y [0] $flatten\extracter2.$ternary$/teamspace/studios/this_studio/Melodica-Integration-into-Fife-Core/Learn_Bluespec_and_RISCV_Design/Code/Build/Fife/verilog/mkExtracter.v:149$939_Y [0] }
    Consolidated identical input bits for $mux cell $flatten\extracter2.$ternary$/teamspace/studios/this_studio/Melodica-Integration-into-Fife-Core/Learn_Bluespec_and_RISCV_Design/Code/Build/Fife/verilog/mkExtracter.v:153$940:
      Old ports: A=6'111100, B=6'000011, Y=$flatten\extracter2.$ternary$/teamspace/studios/this_studio/Melodica-Integration-into-Fife-Core/Learn_Bluespec_and_RISCV_Design/Code/Build/Fife/verilog/mkExtracter.v:153$940_Y
      New ports: A=2'10, B=2'01, Y={ $flatten\extracter2.$ternary$/teamspace/studios/this_studio/Melodica-Integration-into-Fife-Core/Learn_Bluespec_and_RISCV_Design/Code/Build/Fife/verilog/mkExtracter.v:153$940_Y [2] $flatten\extracter2.$ternary$/teamspace/studios/this_studio/Melodica-Integration-into-Fife-Core/Learn_Bluespec_and_RISCV_Design/Code/Build/Fife/verilog/mkExtracter.v:153$940_Y [0] }
      New connections: { $flatten\extracter2.$ternary$/teamspace/studios/this_studio/Melodica-Integration-into-Fife-Core/Learn_Bluespec_and_RISCV_Design/Code/Build/Fife/verilog/mkExtracter.v:153$940_Y [5:3] $flatten\extracter2.$ternary$/teamspace/studios/this_studio/Melodica-Integration-into-Fife-Core/Learn_Bluespec_and_RISCV_Design/Code/Build/Fife/verilog/mkExtracter.v:153$940_Y [1] } = { $flatten\extracter2.$ternary$/teamspace/studios/this_studio/Melodica-Integration-into-Fife-Core/Learn_Bluespec_and_RISCV_Design/Code/Build/Fife/verilog/mkExtracter.v:153$940_Y [2] $flatten\extracter2.$ternary$/teamspace/studios/this_studio/Melodica-Integration-into-Fife-Core/Learn_Bluespec_and_RISCV_Design/Code/Build/Fife/verilog/mkExtracter.v:153$940_Y [2] $flatten\extracter2.$ternary$/teamspace/studios/this_studio/Melodica-Integration-into-Fife-Core/Learn_Bluespec_and_RISCV_Design/Code/Build/Fife/verilog/mkExtracter.v:153$940_Y [2] $flatten\extracter2.$ternary$/teamspace/studios/this_studio/Melodica-Integration-into-Fife-Core/Learn_Bluespec_and_RISCV_Design/Code/Build/Fife/verilog/mkExtracter.v:153$940_Y [0] }
    Consolidated identical input bits for $mux cell $flatten\extracter2.$ternary$/teamspace/studios/this_studio/Melodica-Integration-into-Fife-Core/Learn_Bluespec_and_RISCV_Design/Code/Build/Fife/verilog/mkExtracter.v:156$941:
      Old ports: A=6'111011, B=6'000100, Y=$flatten\extracter2.$ternary$/teamspace/studios/this_studio/Melodica-Integration-into-Fife-Core/Learn_Bluespec_and_RISCV_Design/Code/Build/Fife/verilog/mkExtracter.v:156$941_Y
      New ports: A=2'01, B=2'10, Y={ $flatten\extracter2.$ternary$/teamspace/studios/this_studio/Melodica-Integration-into-Fife-Core/Learn_Bluespec_and_RISCV_Design/Code/Build/Fife/verilog/mkExtracter.v:156$941_Y [2] $flatten\extracter2.$ternary$/teamspace/studios/this_studio/Melodica-Integration-into-Fife-Core/Learn_Bluespec_and_RISCV_Design/Code/Build/Fife/verilog/mkExtracter.v:156$941_Y [0] }
      New connections: { $flatten\extracter2.$ternary$/teamspace/studios/this_studio/Melodica-Integration-into-Fife-Core/Learn_Bluespec_and_RISCV_Design/Code/Build/Fife/verilog/mkExtracter.v:156$941_Y [5:3] $flatten\extracter2.$ternary$/teamspace/studios/this_studio/Melodica-Integration-into-Fife-Core/Learn_Bluespec_and_RISCV_Design/Code/Build/Fife/verilog/mkExtracter.v:156$941_Y [1] } = { $flatten\extracter2.$ternary$/teamspace/studios/this_studio/Melodica-Integration-into-Fife-Core/Learn_Bluespec_and_RISCV_Design/Code/Build/Fife/verilog/mkExtracter.v:156$941_Y [0] $flatten\extracter2.$ternary$/teamspace/studios/this_studio/Melodica-Integration-into-Fife-Core/Learn_Bluespec_and_RISCV_Design/Code/Build/Fife/verilog/mkExtracter.v:156$941_Y [0] $flatten\extracter2.$ternary$/teamspace/studios/this_studio/Melodica-Integration-into-Fife-Core/Learn_Bluespec_and_RISCV_Design/Code/Build/Fife/verilog/mkExtracter.v:156$941_Y [0] $flatten\extracter2.$ternary$/teamspace/studios/this_studio/Melodica-Integration-into-Fife-Core/Learn_Bluespec_and_RISCV_Design/Code/Build/Fife/verilog/mkExtracter.v:156$941_Y [0] }
    Consolidated identical input bits for $mux cell $flatten\extracter2.$ternary$/teamspace/studios/this_studio/Melodica-Integration-into-Fife-Core/Learn_Bluespec_and_RISCV_Design/Code/Build/Fife/verilog/mkExtracter.v:161$944:
      Old ports: A=6'111110, B=6'000001, Y=$flatten\extracter2.$ternary$/teamspace/studios/this_studio/Melodica-Integration-into-Fife-Core/Learn_Bluespec_and_RISCV_Design/Code/Build/Fife/verilog/mkExtracter.v:161$944_Y
      New ports: A=2'10, B=2'01, Y=$flatten\extracter2.$ternary$/teamspace/studios/this_studio/Melodica-Integration-into-Fife-Core/Learn_Bluespec_and_RISCV_Design/Code/Build/Fife/verilog/mkExtracter.v:161$944_Y [1:0]
      New connections: $flatten\extracter2.$ternary$/teamspace/studios/this_studio/Melodica-Integration-into-Fife-Core/Learn_Bluespec_and_RISCV_Design/Code/Build/Fife/verilog/mkExtracter.v:161$944_Y [5:2] = { $flatten\extracter2.$ternary$/teamspace/studios/this_studio/Melodica-Integration-into-Fife-Core/Learn_Bluespec_and_RISCV_Design/Code/Build/Fife/verilog/mkExtracter.v:161$944_Y [1] $flatten\extracter2.$ternary$/teamspace/studios/this_studio/Melodica-Integration-into-Fife-Core/Learn_Bluespec_and_RISCV_Design/Code/Build/Fife/verilog/mkExtracter.v:161$944_Y [1] $flatten\extracter2.$ternary$/teamspace/studios/this_studio/Melodica-Integration-into-Fife-Core/Learn_Bluespec_and_RISCV_Design/Code/Build/Fife/verilog/mkExtracter.v:161$944_Y [1] $flatten\extracter2.$ternary$/teamspace/studios/this_studio/Melodica-Integration-into-Fife-Core/Learn_Bluespec_and_RISCV_Design/Code/Build/Fife/verilog/mkExtracter.v:161$944_Y [1] }
    Consolidated identical input bits for $mux cell $flatten\extracter2.$ternary$/teamspace/studios/this_studio/Melodica-Integration-into-Fife-Core/Learn_Bluespec_and_RISCV_Design/Code/Build/Fife/verilog/mkExtracter.v:168$947:
      Old ports: A=29'00000000000000000000000000000, B={ \extracter2.request_put [24:0] 4'0000 }, Y=$flatten\extracter2.$ternary$/teamspace/studios/this_studio/Melodica-Integration-into-Fife-Core/Learn_Bluespec_and_RISCV_Design/Code/Build/Fife/verilog/mkExtracter.v:168$947_Y
      New ports: A=25'0000000000000000000000000, B=\extracter2.request_put [24:0], Y=$flatten\extracter2.$ternary$/teamspace/studios/this_studio/Melodica-Integration-into-Fife-Core/Learn_Bluespec_and_RISCV_Design/Code/Build/Fife/verilog/mkExtracter.v:168$947_Y [28:4]
      New connections: $flatten\extracter2.$ternary$/teamspace/studios/this_studio/Melodica-Integration-into-Fife-Core/Learn_Bluespec_and_RISCV_Design/Code/Build/Fife/verilog/mkExtracter.v:168$947_Y [3:0] = 4'0000
    Consolidated identical input bits for $mux cell $flatten\extracter2.$ternary$/teamspace/studios/this_studio/Melodica-Integration-into-Fife-Core/Learn_Bluespec_and_RISCV_Design/Code/Build/Fife/verilog/mkExtracter.v:177$951:
      Old ports: A=6'111111, B=6'000000, Y=$flatten\extracter2.$ternary$/teamspace/studios/this_studio/Melodica-Integration-into-Fife-Core/Learn_Bluespec_and_RISCV_Design/Code/Build/Fife/verilog/mkExtracter.v:177$951_Y
      New ports: A=1'1, B=1'0, Y=$flatten\extracter2.$ternary$/teamspace/studios/this_studio/Melodica-Integration-into-Fife-Core/Learn_Bluespec_and_RISCV_Design/Code/Build/Fife/verilog/mkExtracter.v:177$951_Y [0]
      New connections: $flatten\extracter2.$ternary$/teamspace/studios/this_studio/Melodica-Integration-into-Fife-Core/Learn_Bluespec_and_RISCV_Design/Code/Build/Fife/verilog/mkExtracter.v:177$951_Y [5:1] = { $flatten\extracter2.$ternary$/teamspace/studios/this_studio/Melodica-Integration-into-Fife-Core/Learn_Bluespec_and_RISCV_Design/Code/Build/Fife/verilog/mkExtracter.v:177$951_Y [0] $flatten\extracter2.$ternary$/teamspace/studios/this_studio/Melodica-Integration-into-Fife-Core/Learn_Bluespec_and_RISCV_Design/Code/Build/Fife/verilog/mkExtracter.v:177$951_Y [0] $flatten\extracter2.$ternary$/teamspace/studios/this_studio/Melodica-Integration-into-Fife-Core/Learn_Bluespec_and_RISCV_Design/Code/Build/Fife/verilog/mkExtracter.v:177$951_Y [0] $flatten\extracter2.$ternary$/teamspace/studios/this_studio/Melodica-Integration-into-Fife-Core/Learn_Bluespec_and_RISCV_Design/Code/Build/Fife/verilog/mkExtracter.v:177$951_Y [0] $flatten\extracter2.$ternary$/teamspace/studios/this_studio/Melodica-Integration-into-Fife-Core/Learn_Bluespec_and_RISCV_Design/Code/Build/Fife/verilog/mkExtracter.v:177$951_Y [0] }
    Consolidated identical input bits for $mux cell $flatten\ftop.$ternary$/teamspace/studios/this_studio/Melodica-Integration-into-Fife-Core/Learn_Bluespec_and_RISCV_Design/Code/Build/Fife/verilog/mkFtoP_PNE.v:120$979:
      Old ports: A=2'00, B=2'10, Y=$flatten\ftop.$ternary$/teamspace/studios/this_studio/Melodica-Integration-into-Fife-Core/Learn_Bluespec_and_RISCV_Design/Code/Build/Fife/verilog/mkFtoP_PNE.v:120$979_Y
      New ports: A=1'0, B=1'1, Y=$flatten\ftop.$ternary$/teamspace/studios/this_studio/Melodica-Integration-into-Fife-Core/Learn_Bluespec_and_RISCV_Design/Code/Build/Fife/verilog/mkFtoP_PNE.v:120$979_Y [1]
      New connections: $flatten\ftop.$ternary$/teamspace/studios/this_studio/Melodica-Integration-into-Fife-Core/Learn_Bluespec_and_RISCV_Design/Code/Build/Fife/verilog/mkFtoP_PNE.v:120$979_Y [0] = 1'0
    Consolidated identical input bits for $mux cell $flatten\ftop.$ternary$/teamspace/studios/this_studio/Melodica-Integration-into-Fife-Core/Learn_Bluespec_and_RISCV_Design/Code/Build/Fife/verilog/mkFtoP_PNE.v:145$992:
      Old ports: A=25'1111111111111111111111111, B={ \ffI.data0_reg [94:72] 2'00 }, Y=$flatten\ftop.$ternary$/teamspace/studios/this_studio/Melodica-Integration-into-Fife-Core/Learn_Bluespec_and_RISCV_Design/Code/Build/Fife/verilog/mkFtoP_PNE.v:145$992_Y
      New ports: A=24'111111111111111111111111, B={ \ffI.data0_reg [94:72] 1'0 }, Y={ $flatten\ftop.$ternary$/teamspace/studios/this_studio/Melodica-Integration-into-Fife-Core/Learn_Bluespec_and_RISCV_Design/Code/Build/Fife/verilog/mkFtoP_PNE.v:145$992_Y [24:2] $flatten\ftop.$ternary$/teamspace/studios/this_studio/Melodica-Integration-into-Fife-Core/Learn_Bluespec_and_RISCV_Design/Code/Build/Fife/verilog/mkFtoP_PNE.v:145$992_Y [0] }
      New connections: $flatten\ftop.$ternary$/teamspace/studios/this_studio/Melodica-Integration-into-Fife-Core/Learn_Bluespec_and_RISCV_Design/Code/Build/Fife/verilog/mkFtoP_PNE.v:145$992_Y [1] = $flatten\ftop.$ternary$/teamspace/studios/this_studio/Melodica-Integration-into-Fife-Core/Learn_Bluespec_and_RISCV_Design/Code/Build/Fife/verilog/mkFtoP_PNE.v:145$992_Y [0]
    Consolidated identical input bits for $mux cell $flatten\ftop.$ternary$/teamspace/studios/this_studio/Melodica-Integration-into-Fife-Core/Learn_Bluespec_and_RISCV_Design/Code/Build/Fife/verilog/mkFtoP_PNE.v:200$1011:
      Old ports: A=10'0111100000, B={ \ftop._0_CONCAT_request_put_BITS_30_TO_23_MINUS_127_B_ETC__q2 [7] \ftop._0_CONCAT_request_put_BITS_30_TO_23_MINUS_127_B_ETC__q2 [7] \ftop._0_CONCAT_request_put_BITS_30_TO_23_MINUS_127_B_ETC__q2 }, Y=$flatten\ftop.$ternary$/teamspace/studios/this_studio/Melodica-Integration-into-Fife-Core/Learn_Bluespec_and_RISCV_Design/Code/Build/Fife/verilog/mkFtoP_PNE.v:200$1011_Y
      New ports: A=9'011100000, B={ \ftop._0_CONCAT_request_put_BITS_30_TO_23_MINUS_127_B_ETC__q2 [7] \ftop._0_CONCAT_request_put_BITS_30_TO_23_MINUS_127_B_ETC__q2 }, Y={ $flatten\ftop.$ternary$/teamspace/studios/this_studio/Melodica-Integration-into-Fife-Core/Learn_Bluespec_and_RISCV_Design/Code/Build/Fife/verilog/mkFtoP_PNE.v:200$1011_Y [9] $flatten\ftop.$ternary$/teamspace/studios/this_studio/Melodica-Integration-into-Fife-Core/Learn_Bluespec_and_RISCV_Design/Code/Build/Fife/verilog/mkFtoP_PNE.v:200$1011_Y [7:0] }
      New connections: $flatten\ftop.$ternary$/teamspace/studios/this_studio/Melodica-Integration-into-Fife-Core/Learn_Bluespec_and_RISCV_Design/Code/Build/Fife/verilog/mkFtoP_PNE.v:200$1011_Y [8] = $flatten\ftop.$ternary$/teamspace/studios/this_studio/Melodica-Integration-into-Fife-Core/Learn_Bluespec_and_RISCV_Design/Code/Build/Fife/verilog/mkFtoP_PNE.v:200$1011_Y [7]
    Consolidated identical input bits for $mux cell $flatten\quire.$ternary$/teamspace/studios/this_studio/Melodica-Integration-into-Fife-Core/Learn_Bluespec_and_RISCV_Design/Code/Build/Fife/verilog/mkQuire.v:2061$682:
      Old ports: A={ 2'00 \quire.MUX_posit_rsp_f$enq_1__VAL_2 [37] \quire.IF_SEXT_IF_ff_num_msb_zeros_first__19_PLUS_1_2_ETC___d338 \quire.prenorm_posit_frac__h20632 \quire.x__h29380 \quire.x__h32320 }, B=40'1000000000000000000000000000000000000001, Y=\quire.posit_rsp_f.D_IN [39:0]
      New ports: A={ 1'0 \quire.MUX_posit_rsp_f$enq_1__VAL_2 [37] \quire.IF_SEXT_IF_ff_num_msb_zeros_first__19_PLUS_1_2_ETC___d338 \quire.prenorm_posit_frac__h20632 \quire.x__h29380 \quire.x__h32320 }, B=39'100000000000000000000000000000000000001, Y={ \quire.posit_rsp_f.D_IN [39] \quire.posit_rsp_f.D_IN [37:0] }
      New connections: \quire.posit_rsp_f.D_IN [38] = 1'0
    Consolidated identical input bits for $mux cell $flatten\quire.$ternary$/teamspace/studios/this_studio/Melodica-Integration-into-Fife-Core/Learn_Bluespec_and_RISCV_Design/Code/Build/Fife/verilog/mkQuire.v:2350$741:
      Old ports: A=4'1011, B={ 3'110 \quire.vrg_quire_seg_zero_0 }, Y=$flatten\quire.$ternary$/teamspace/studios/this_studio/Melodica-Integration-into-Fife-Core/Learn_Bluespec_and_RISCV_Design/Code/Build/Fife/verilog/mkQuire.v:2350$741_Y
      New ports: A=3'011, B={ 2'10 \quire.vrg_quire_seg_zero_0 }, Y=$flatten\quire.$ternary$/teamspace/studios/this_studio/Melodica-Integration-into-Fife-Core/Learn_Bluespec_and_RISCV_Design/Code/Build/Fife/verilog/mkQuire.v:2350$741_Y [2:0]
      New connections: $flatten\quire.$ternary$/teamspace/studios/this_studio/Melodica-Integration-into-Fife-Core/Learn_Bluespec_and_RISCV_Design/Code/Build/Fife/verilog/mkQuire.v:2350$741_Y [3] = 1'1
    Consolidated identical input bits for $mux cell $flatten\quire.$ternary$/teamspace/studios/this_studio/Melodica-Integration-into-Fife-Core/Learn_Bluespec_and_RISCV_Design/Code/Build/Fife/verilog/mkQuire.v:2678$816:
      Old ports: A=6'100000, B=6'011111, Y=$flatten\quire.$ternary$/teamspace/studios/this_studio/Melodica-Integration-into-Fife-Core/Learn_Bluespec_and_RISCV_Design/Code/Build/Fife/verilog/mkQuire.v:2678$816_Y
      New ports: A=2'10, B=2'01, Y={ $flatten\quire.$ternary$/teamspace/studios/this_studio/Melodica-Integration-into-Fife-Core/Learn_Bluespec_and_RISCV_Design/Code/Build/Fife/verilog/mkQuire.v:2678$816_Y [5] $flatten\quire.$ternary$/teamspace/studios/this_studio/Melodica-Integration-into-Fife-Core/Learn_Bluespec_and_RISCV_Design/Code/Build/Fife/verilog/mkQuire.v:2678$816_Y [0] }
      New connections: $flatten\quire.$ternary$/teamspace/studios/this_studio/Melodica-Integration-into-Fife-Core/Learn_Bluespec_and_RISCV_Design/Code/Build/Fife/verilog/mkQuire.v:2678$816_Y [4:1] = { $flatten\quire.$ternary$/teamspace/studios/this_studio/Melodica-Integration-into-Fife-Core/Learn_Bluespec_and_RISCV_Design/Code/Build/Fife/verilog/mkQuire.v:2678$816_Y [0] $flatten\quire.$ternary$/teamspace/studios/this_studio/Melodica-Integration-into-Fife-Core/Learn_Bluespec_and_RISCV_Design/Code/Build/Fife/verilog/mkQuire.v:2678$816_Y [0] $flatten\quire.$ternary$/teamspace/studios/this_studio/Melodica-Integration-into-Fife-Core/Learn_Bluespec_and_RISCV_Design/Code/Build/Fife/verilog/mkQuire.v:2678$816_Y [0] $flatten\quire.$ternary$/teamspace/studios/this_studio/Melodica-Integration-into-Fife-Core/Learn_Bluespec_and_RISCV_Design/Code/Build/Fife/verilog/mkQuire.v:2678$816_Y [0] }
    Consolidated identical input bits for $mux cell $flatten\quire.\instance_fn_twosC_quire_0.$ternary$/teamspace/studios/this_studio/Melodica-Integration-into-Fife-Core/Learn_Bluespec_and_RISCV_Design/Code/Build/Fife/verilog/module_fn_twosC_quire.v:97$104:
      Old ports: A=31'0000000000000000000000000000000, B=31'1111111111111111111111111111111, Y=\quire.instance_fn_twosC_quire_0.IF_fn_twosC_quire_quire_seg_zero_PLUS_1_BIT_12_ETC___d9 [30:0]
      New ports: A=1'0, B=1'1, Y=\quire.instance_fn_twosC_quire_0.IF_fn_twosC_quire_quire_seg_zero_PLUS_1_BIT_12_ETC___d9 [0]
      New connections: \quire.instance_fn_twosC_quire_0.IF_fn_twosC_quire_quire_seg_zero_PLUS_1_BIT_12_ETC___d9 [30:1] = { \quire.instance_fn_twosC_quire_0.IF_fn_twosC_quire_quire_seg_zero_PLUS_1_BIT_12_ETC___d9 [0] \quire.instance_fn_twosC_quire_0.IF_fn_twosC_quire_quire_seg_zero_PLUS_1_BIT_12_ETC___d9 [0] \quire.instance_fn_twosC_quire_0.IF_fn_twosC_quire_quire_seg_zero_PLUS_1_BIT_12_ETC___d9 [0] \quire.instance_fn_twosC_quire_0.IF_fn_twosC_quire_quire_seg_zero_PLUS_1_BIT_12_ETC___d9 [0] \quire.instance_fn_twosC_quire_0.IF_fn_twosC_quire_quire_seg_zero_PLUS_1_BIT_12_ETC___d9 [0] \quire.instance_fn_twosC_quire_0.IF_fn_twosC_quire_quire_seg_zero_PLUS_1_BIT_12_ETC___d9 [0] \quire.instance_fn_twosC_quire_0.IF_fn_twosC_quire_quire_seg_zero_PLUS_1_BIT_12_ETC___d9 [0] \quire.instance_fn_twosC_quire_0.IF_fn_twosC_quire_quire_seg_zero_PLUS_1_BIT_12_ETC___d9 [0] \quire.instance_fn_twosC_quire_0.IF_fn_twosC_quire_quire_seg_zero_PLUS_1_BIT_12_ETC___d9 [0] \quire.instance_fn_twosC_quire_0.IF_fn_twosC_quire_quire_seg_zero_PLUS_1_BIT_12_ETC___d9 [0] \quire.instance_fn_twosC_quire_0.IF_fn_twosC_quire_quire_seg_zero_PLUS_1_BIT_12_ETC___d9 [0] \quire.instance_fn_twosC_quire_0.IF_fn_twosC_quire_quire_seg_zero_PLUS_1_BIT_12_ETC___d9 [0] \quire.instance_fn_twosC_quire_0.IF_fn_twosC_quire_quire_seg_zero_PLUS_1_BIT_12_ETC___d9 [0] \quire.instance_fn_twosC_quire_0.IF_fn_twosC_quire_quire_seg_zero_PLUS_1_BIT_12_ETC___d9 [0] \quire.instance_fn_twosC_quire_0.IF_fn_twosC_quire_quire_seg_zero_PLUS_1_BIT_12_ETC___d9 [0] \quire.instance_fn_twosC_quire_0.IF_fn_twosC_quire_quire_seg_zero_PLUS_1_BIT_12_ETC___d9 [0] \quire.instance_fn_twosC_quire_0.IF_fn_twosC_quire_quire_seg_zero_PLUS_1_BIT_12_ETC___d9 [0] \quire.instance_fn_twosC_quire_0.IF_fn_twosC_quire_quire_seg_zero_PLUS_1_BIT_12_ETC___d9 [0] \quire.instance_fn_twosC_quire_0.IF_fn_twosC_quire_quire_seg_zero_PLUS_1_BIT_12_ETC___d9 [0] \quire.instance_fn_twosC_quire_0.IF_fn_twosC_quire_quire_seg_zero_PLUS_1_BIT_12_ETC___d9 [0] \quire.instance_fn_twosC_quire_0.IF_fn_twosC_quire_quire_seg_zero_PLUS_1_BIT_12_ETC___d9 [0] \quire.instance_fn_twosC_quire_0.IF_fn_twosC_quire_quire_seg_zero_PLUS_1_BIT_12_ETC___d9 [0] \quire.instance_fn_twosC_quire_0.IF_fn_twosC_quire_quire_seg_zero_PLUS_1_BIT_12_ETC___d9 [0] \quire.instance_fn_twosC_quire_0.IF_fn_twosC_quire_quire_seg_zero_PLUS_1_BIT_12_ETC___d9 [0] \quire.instance_fn_twosC_quire_0.IF_fn_twosC_quire_quire_seg_zero_PLUS_1_BIT_12_ETC___d9 [0] \quire.instance_fn_twosC_quire_0.IF_fn_twosC_quire_quire_seg_zero_PLUS_1_BIT_12_ETC___d9 [0] \quire.instance_fn_twosC_quire_0.IF_fn_twosC_quire_quire_seg_zero_PLUS_1_BIT_12_ETC___d9 [0] \quire.instance_fn_twosC_quire_0.IF_fn_twosC_quire_quire_seg_zero_PLUS_1_BIT_12_ETC___d9 [0] \quire.instance_fn_twosC_quire_0.IF_fn_twosC_quire_quire_seg_zero_PLUS_1_BIT_12_ETC___d9 [0] \quire.instance_fn_twosC_quire_0.IF_fn_twosC_quire_quire_seg_zero_PLUS_1_BIT_12_ETC___d9 [0] }
    Consolidated identical input bits for $mux cell $flatten\quire.\instance_fn_twosC_quire_2.$ternary$/teamspace/studios/this_studio/Melodica-Integration-into-Fife-Core/Learn_Bluespec_and_RISCV_Design/Code/Build/Fife/verilog/module_fn_twosC_quire.v:97$104:
      Old ports: A=31'0000000000000000000000000000000, B=31'1111111111111111111111111111111, Y=\quire.instance_fn_twosC_quire_2.IF_fn_twosC_quire_quire_seg_zero_PLUS_1_BIT_12_ETC___d9 [30:0]
      New ports: A=1'0, B=1'1, Y=\quire.instance_fn_twosC_quire_2.IF_fn_twosC_quire_quire_seg_zero_PLUS_1_BIT_12_ETC___d9 [0]
      New connections: \quire.instance_fn_twosC_quire_2.IF_fn_twosC_quire_quire_seg_zero_PLUS_1_BIT_12_ETC___d9 [30:1] = { \quire.instance_fn_twosC_quire_2.IF_fn_twosC_quire_quire_seg_zero_PLUS_1_BIT_12_ETC___d9 [0] \quire.instance_fn_twosC_quire_2.IF_fn_twosC_quire_quire_seg_zero_PLUS_1_BIT_12_ETC___d9 [0] \quire.instance_fn_twosC_quire_2.IF_fn_twosC_quire_quire_seg_zero_PLUS_1_BIT_12_ETC___d9 [0] \quire.instance_fn_twosC_quire_2.IF_fn_twosC_quire_quire_seg_zero_PLUS_1_BIT_12_ETC___d9 [0] \quire.instance_fn_twosC_quire_2.IF_fn_twosC_quire_quire_seg_zero_PLUS_1_BIT_12_ETC___d9 [0] \quire.instance_fn_twosC_quire_2.IF_fn_twosC_quire_quire_seg_zero_PLUS_1_BIT_12_ETC___d9 [0] \quire.instance_fn_twosC_quire_2.IF_fn_twosC_quire_quire_seg_zero_PLUS_1_BIT_12_ETC___d9 [0] \quire.instance_fn_twosC_quire_2.IF_fn_twosC_quire_quire_seg_zero_PLUS_1_BIT_12_ETC___d9 [0] \quire.instance_fn_twosC_quire_2.IF_fn_twosC_quire_quire_seg_zero_PLUS_1_BIT_12_ETC___d9 [0] \quire.instance_fn_twosC_quire_2.IF_fn_twosC_quire_quire_seg_zero_PLUS_1_BIT_12_ETC___d9 [0] \quire.instance_fn_twosC_quire_2.IF_fn_twosC_quire_quire_seg_zero_PLUS_1_BIT_12_ETC___d9 [0] \quire.instance_fn_twosC_quire_2.IF_fn_twosC_quire_quire_seg_zero_PLUS_1_BIT_12_ETC___d9 [0] \quire.instance_fn_twosC_quire_2.IF_fn_twosC_quire_quire_seg_zero_PLUS_1_BIT_12_ETC___d9 [0] \quire.instance_fn_twosC_quire_2.IF_fn_twosC_quire_quire_seg_zero_PLUS_1_BIT_12_ETC___d9 [0] \quire.instance_fn_twosC_quire_2.IF_fn_twosC_quire_quire_seg_zero_PLUS_1_BIT_12_ETC___d9 [0] \quire.instance_fn_twosC_quire_2.IF_fn_twosC_quire_quire_seg_zero_PLUS_1_BIT_12_ETC___d9 [0] \quire.instance_fn_twosC_quire_2.IF_fn_twosC_quire_quire_seg_zero_PLUS_1_BIT_12_ETC___d9 [0] \quire.instance_fn_twosC_quire_2.IF_fn_twosC_quire_quire_seg_zero_PLUS_1_BIT_12_ETC___d9 [0] \quire.instance_fn_twosC_quire_2.IF_fn_twosC_quire_quire_seg_zero_PLUS_1_BIT_12_ETC___d9 [0] \quire.instance_fn_twosC_quire_2.IF_fn_twosC_quire_quire_seg_zero_PLUS_1_BIT_12_ETC___d9 [0] \quire.instance_fn_twosC_quire_2.IF_fn_twosC_quire_quire_seg_zero_PLUS_1_BIT_12_ETC___d9 [0] \quire.instance_fn_twosC_quire_2.IF_fn_twosC_quire_quire_seg_zero_PLUS_1_BIT_12_ETC___d9 [0] \quire.instance_fn_twosC_quire_2.IF_fn_twosC_quire_quire_seg_zero_PLUS_1_BIT_12_ETC___d9 [0] \quire.instance_fn_twosC_quire_2.IF_fn_twosC_quire_quire_seg_zero_PLUS_1_BIT_12_ETC___d9 [0] \quire.instance_fn_twosC_quire_2.IF_fn_twosC_quire_quire_seg_zero_PLUS_1_BIT_12_ETC___d9 [0] \quire.instance_fn_twosC_quire_2.IF_fn_twosC_quire_quire_seg_zero_PLUS_1_BIT_12_ETC___d9 [0] \quire.instance_fn_twosC_quire_2.IF_fn_twosC_quire_quire_seg_zero_PLUS_1_BIT_12_ETC___d9 [0] \quire.instance_fn_twosC_quire_2.IF_fn_twosC_quire_quire_seg_zero_PLUS_1_BIT_12_ETC___d9 [0] \quire.instance_fn_twosC_quire_2.IF_fn_twosC_quire_quire_seg_zero_PLUS_1_BIT_12_ETC___d9 [0] \quire.instance_fn_twosC_quire_2.IF_fn_twosC_quire_quire_seg_zero_PLUS_1_BIT_12_ETC___d9 [0] }
    Consolidated identical input bits for $mux cell $ternary$/teamspace/studios/this_studio/Melodica-Integration-into-Fife-Core/Learn_Bluespec_and_RISCV_Design/Code/Build/Fife/verilog/mkPositCore.v:525$1181:
      Old ports: A={ 34'01xxxxxxxxxxxxxxxxxxxxxxxxxxxxxxxx \ptof.ffO.data0_reg [34:3] 2'00 \MUX_ffO$enq_1__VAL_2 [2:1] \ptof.ffO.data0_reg [0] }, B={ 34'10xxxxxxxxxxxxxxxxxxxxxxxxxxxxxxxx \normalizer.fifo_output_reg.data0_reg [35:4] \normalizer.fifo_output_reg.data0_reg [1] 1'0 \MUX_ffO$enq_1__VAL_1 [2:1] \normalizer.fifo_output_reg.data0_reg [0] }, Y=\ffO.D_IN
      New ports: A={ 2'01 \ptof.ffO.data0_reg [34:3] 1'0 \MUX_ffO$enq_1__VAL_2 [2:1] \ptof.ffO.data0_reg [0] }, B={ 2'10 \normalizer.fifo_output_reg.data0_reg [35:4] \normalizer.fifo_output_reg.data0_reg [1] \MUX_ffO$enq_1__VAL_1 [2:1] \normalizer.fifo_output_reg.data0_reg [0] }, Y={ \ffO.D_IN [70:69] \ffO.D_IN [36:4] \ffO.D_IN [2:0] }
      New connections: { \ffO.D_IN [68:37] \ffO.D_IN [3] } = 33'xxxxxxxxxxxxxxxxxxxxxxxxxxxxxxxx0
  Optimizing cells in module \mkPositCore.
    Consolidated identical input bits for $mux cell $memory$flatten\normalizer.$auto$proc_rom.cc:150:do_switch$1431$rdmux[0][2][2]$4031:
      Old ports: A=6'000000, B=$memory$flatten\normalizer.$auto$proc_rom.cc:150:do_switch$1431$rdmux[0][2][2]$b$4033, Y=$memory$flatten\normalizer.$auto$proc_rom.cc:150:do_switch$1431$rdmux[0][1][1]$a$4023
      New ports: A=1'0, B=$memory$flatten\normalizer.$auto$proc_rom.cc:150:do_switch$1431$rdmux[0][2][2]$b$4033 [0], Y=$memory$flatten\normalizer.$auto$proc_rom.cc:150:do_switch$1431$rdmux[0][1][1]$a$4023 [0]
      New connections: $memory$flatten\normalizer.$auto$proc_rom.cc:150:do_switch$1431$rdmux[0][1][1]$a$4023 [5:1] = 5'00000
    Consolidated identical input bits for $mux cell $memory$flatten\normalizer.$auto$proc_rom.cc:150:do_switch$1431$rdmux[0][2][1]$4028:
      Old ports: A=$memory$flatten\normalizer.$auto$proc_rom.cc:150:do_switch$1431$rdmux[0][2][1]$a$4029, B=6'000000, Y=$memory$flatten\normalizer.$auto$proc_rom.cc:150:do_switch$1431$rdmux[0][1][0]$b$4021
      New ports: A={ 1'1 $memory$flatten\normalizer.$auto$proc_rom.cc:150:do_switch$1431$rdmux[0][2][1]$a$4029 [0] }, B=2'00, Y=$memory$flatten\normalizer.$auto$proc_rom.cc:150:do_switch$1431$rdmux[0][1][0]$b$4021 [1:0]
      New connections: $memory$flatten\normalizer.$auto$proc_rom.cc:150:do_switch$1431$rdmux[0][1][0]$b$4021 [5:2] = { $memory$flatten\normalizer.$auto$proc_rom.cc:150:do_switch$1431$rdmux[0][1][0]$b$4021 [1] $memory$flatten\normalizer.$auto$proc_rom.cc:150:do_switch$1431$rdmux[0][1][0]$b$4021 [1] $memory$flatten\normalizer.$auto$proc_rom.cc:150:do_switch$1431$rdmux[0][1][0]$b$4021 [1] $memory$flatten\normalizer.$auto$proc_rom.cc:150:do_switch$1431$rdmux[0][1][0]$b$4021 [1] }
    Consolidated identical input bits for $mux cell $memory$flatten\normalizer.$auto$proc_rom.cc:150:do_switch$1431$rdmux[0][2][0]$4025:
      Old ports: A=$memory$flatten\normalizer.$auto$proc_rom.cc:150:do_switch$1431$rdmux[0][2][0]$a$4026, B=$memory$flatten\normalizer.$auto$proc_rom.cc:150:do_switch$1431$rdmux[0][2][0]$b$4027, Y=$memory$flatten\normalizer.$auto$proc_rom.cc:150:do_switch$1431$rdmux[0][1][0]$a$4020
      New ports: A={ 2'00 $memory$flatten\normalizer.$auto$proc_rom.cc:150:do_switch$1431$rdmux[0][2][0]$a$4026 [2] }, B={ $memory$flatten\normalizer.$auto$proc_rom.cc:150:do_switch$1431$rdmux[0][2][0]$b$4027 [4] 2'11 }, Y=$memory$flatten\normalizer.$auto$proc_rom.cc:150:do_switch$1431$rdmux[0][1][0]$a$4020 [4:2]
      New connections: { $memory$flatten\normalizer.$auto$proc_rom.cc:150:do_switch$1431$rdmux[0][1][0]$a$4020 [5] $memory$flatten\normalizer.$auto$proc_rom.cc:150:do_switch$1431$rdmux[0][1][0]$a$4020 [1:0] } = 3'010
    Consolidated identical input bits for $mux cell $flatten\extracter1.$ternary$/teamspace/studios/this_studio/Melodica-Integration-into-Fife-Core/Learn_Bluespec_and_RISCV_Design/Code/Build/Fife/verilog/mkExtracter.v:152$942:
      Old ports: A=$flatten\extracter1.$ternary$/teamspace/studios/this_studio/Melodica-Integration-into-Fife-Core/Learn_Bluespec_and_RISCV_Design/Code/Build/Fife/verilog/mkExtracter.v:156$941_Y, B=$flatten\extracter1.$ternary$/teamspace/studios/this_studio/Melodica-Integration-into-Fife-Core/Learn_Bluespec_and_RISCV_Design/Code/Build/Fife/verilog/mkExtracter.v:153$940_Y, Y=$flatten\extracter1.$ternary$/teamspace/studios/this_studio/Melodica-Integration-into-Fife-Core/Learn_Bluespec_and_RISCV_Design/Code/Build/Fife/verilog/mkExtracter.v:152$942_Y
      New ports: A={ $flatten\extracter1.$ternary$/teamspace/studios/this_studio/Melodica-Integration-into-Fife-Core/Learn_Bluespec_and_RISCV_Design/Code/Build/Fife/verilog/mkExtracter.v:156$941_Y [0] $flatten\extracter1.$ternary$/teamspace/studios/this_studio/Melodica-Integration-into-Fife-Core/Learn_Bluespec_and_RISCV_Design/Code/Build/Fife/verilog/mkExtracter.v:156$941_Y [2] $flatten\extracter1.$ternary$/teamspace/studios/this_studio/Melodica-Integration-into-Fife-Core/Learn_Bluespec_and_RISCV_Design/Code/Build/Fife/verilog/mkExtracter.v:156$941_Y [0] }, B={ $flatten\extracter1.$ternary$/teamspace/studios/this_studio/Melodica-Integration-into-Fife-Core/Learn_Bluespec_and_RISCV_Design/Code/Build/Fife/verilog/mkExtracter.v:153$940_Y [2] $flatten\extracter1.$ternary$/teamspace/studios/this_studio/Melodica-Integration-into-Fife-Core/Learn_Bluespec_and_RISCV_Design/Code/Build/Fife/verilog/mkExtracter.v:153$940_Y [2] $flatten\extracter1.$ternary$/teamspace/studios/this_studio/Melodica-Integration-into-Fife-Core/Learn_Bluespec_and_RISCV_Design/Code/Build/Fife/verilog/mkExtracter.v:153$940_Y [0] }, Y={ $flatten\extracter1.$ternary$/teamspace/studios/this_studio/Melodica-Integration-into-Fife-Core/Learn_Bluespec_and_RISCV_Design/Code/Build/Fife/verilog/mkExtracter.v:152$942_Y [3:2] $flatten\extracter1.$ternary$/teamspace/studios/this_studio/Melodica-Integration-into-Fife-Core/Learn_Bluespec_and_RISCV_Design/Code/Build/Fife/verilog/mkExtracter.v:152$942_Y [0] }
      New connections: { $flatten\extracter1.$ternary$/teamspace/studios/this_studio/Melodica-Integration-into-Fife-Core/Learn_Bluespec_and_RISCV_Design/Code/Build/Fife/verilog/mkExtracter.v:152$942_Y [5:4] $flatten\extracter1.$ternary$/teamspace/studios/this_studio/Melodica-Integration-into-Fife-Core/Learn_Bluespec_and_RISCV_Design/Code/Build/Fife/verilog/mkExtracter.v:152$942_Y [1] } = { $flatten\extracter1.$ternary$/teamspace/studios/this_studio/Melodica-Integration-into-Fife-Core/Learn_Bluespec_and_RISCV_Design/Code/Build/Fife/verilog/mkExtracter.v:152$942_Y [3] $flatten\extracter1.$ternary$/teamspace/studios/this_studio/Melodica-Integration-into-Fife-Core/Learn_Bluespec_and_RISCV_Design/Code/Build/Fife/verilog/mkExtracter.v:152$942_Y [3] $flatten\extracter1.$ternary$/teamspace/studios/this_studio/Melodica-Integration-into-Fife-Core/Learn_Bluespec_and_RISCV_Design/Code/Build/Fife/verilog/mkExtracter.v:152$942_Y [0] }
    Consolidated identical input bits for $mux cell $flatten\extracter1.$ternary$/teamspace/studios/this_studio/Melodica-Integration-into-Fife-Core/Learn_Bluespec_and_RISCV_Design/Code/Build/Fife/verilog/mkExtracter.v:166$948:
      Old ports: A=$flatten\extracter1.$ternary$/teamspace/studios/this_studio/Melodica-Integration-into-Fife-Core/Learn_Bluespec_and_RISCV_Design/Code/Build/Fife/verilog/mkExtracter.v:168$947_Y, B={ \ffI.data0_reg [97:72] 3'000 }, Y=\extracter1.IF_INV_request_put_BITS_29_TO_25_XOR_SEXT_requ_ETC___d50
      New ports: A={ $flatten\extracter1.$ternary$/teamspace/studios/this_studio/Melodica-Integration-into-Fife-Core/Learn_Bluespec_and_RISCV_Design/Code/Build/Fife/verilog/mkExtracter.v:168$947_Y [28:4] 1'0 }, B=\ffI.data0_reg [97:72], Y=\extracter1.IF_INV_request_put_BITS_29_TO_25_XOR_SEXT_requ_ETC___d50 [28:3]
      New connections: \extracter1.IF_INV_request_put_BITS_29_TO_25_XOR_SEXT_requ_ETC___d50 [2:0] = 3'000
    Consolidated identical input bits for $mux cell $flatten\extracter2.$ternary$/teamspace/studios/this_studio/Melodica-Integration-into-Fife-Core/Learn_Bluespec_and_RISCV_Design/Code/Build/Fife/verilog/mkExtracter.v:152$942:
      Old ports: A=$flatten\extracter2.$ternary$/teamspace/studios/this_studio/Melodica-Integration-into-Fife-Core/Learn_Bluespec_and_RISCV_Design/Code/Build/Fife/verilog/mkExtracter.v:156$941_Y, B=$flatten\extracter2.$ternary$/teamspace/studios/this_studio/Melodica-Integration-into-Fife-Core/Learn_Bluespec_and_RISCV_Design/Code/Build/Fife/verilog/mkExtracter.v:153$940_Y, Y=$flatten\extracter2.$ternary$/teamspace/studios/this_studio/Melodica-Integration-into-Fife-Core/Learn_Bluespec_and_RISCV_Design/Code/Build/Fife/verilog/mkExtracter.v:152$942_Y
      New ports: A={ $flatten\extracter2.$ternary$/teamspace/studios/this_studio/Melodica-Integration-into-Fife-Core/Learn_Bluespec_and_RISCV_Design/Code/Build/Fife/verilog/mkExtracter.v:156$941_Y [0] $flatten\extracter2.$ternary$/teamspace/studios/this_studio/Melodica-Integration-into-Fife-Core/Learn_Bluespec_and_RISCV_Design/Code/Build/Fife/verilog/mkExtracter.v:156$941_Y [2] $flatten\extracter2.$ternary$/teamspace/studios/this_studio/Melodica-Integration-into-Fife-Core/Learn_Bluespec_and_RISCV_Design/Code/Build/Fife/verilog/mkExtracter.v:156$941_Y [0] }, B={ $flatten\extracter2.$ternary$/teamspace/studios/this_studio/Melodica-Integration-into-Fife-Core/Learn_Bluespec_and_RISCV_Design/Code/Build/Fife/verilog/mkExtracter.v:153$940_Y [2] $flatten\extracter2.$ternary$/teamspace/studios/this_studio/Melodica-Integration-into-Fife-Core/Learn_Bluespec_and_RISCV_Design/Code/Build/Fife/verilog/mkExtracter.v:153$940_Y [2] $flatten\extracter2.$ternary$/teamspace/studios/this_studio/Melodica-Integration-into-Fife-Core/Learn_Bluespec_and_RISCV_Design/Code/Build/Fife/verilog/mkExtracter.v:153$940_Y [0] }, Y={ $flatten\extracter2.$ternary$/teamspace/studios/this_studio/Melodica-Integration-into-Fife-Core/Learn_Bluespec_and_RISCV_Design/Code/Build/Fife/verilog/mkExtracter.v:152$942_Y [3:2] $flatten\extracter2.$ternary$/teamspace/studios/this_studio/Melodica-Integration-into-Fife-Core/Learn_Bluespec_and_RISCV_Design/Code/Build/Fife/verilog/mkExtracter.v:152$942_Y [0] }
      New connections: { $flatten\extracter2.$ternary$/teamspace/studios/this_studio/Melodica-Integration-into-Fife-Core/Learn_Bluespec_and_RISCV_Design/Code/Build/Fife/verilog/mkExtracter.v:152$942_Y [5:4] $flatten\extracter2.$ternary$/teamspace/studios/this_studio/Melodica-Integration-into-Fife-Core/Learn_Bluespec_and_RISCV_Design/Code/Build/Fife/verilog/mkExtracter.v:152$942_Y [1] } = { $flatten\extracter2.$ternary$/teamspace/studios/this_studio/Melodica-Integration-into-Fife-Core/Learn_Bluespec_and_RISCV_Design/Code/Build/Fife/verilog/mkExtracter.v:152$942_Y [3] $flatten\extracter2.$ternary$/teamspace/studios/this_studio/Melodica-Integration-into-Fife-Core/Learn_Bluespec_and_RISCV_Design/Code/Build/Fife/verilog/mkExtracter.v:152$942_Y [3] $flatten\extracter2.$ternary$/teamspace/studios/this_studio/Melodica-Integration-into-Fife-Core/Learn_Bluespec_and_RISCV_Design/Code/Build/Fife/verilog/mkExtracter.v:152$942_Y [0] }
    Consolidated identical input bits for $mux cell $flatten\extracter2.$ternary$/teamspace/studios/this_studio/Melodica-Integration-into-Fife-Core/Learn_Bluespec_and_RISCV_Design/Code/Build/Fife/verilog/mkExtracter.v:166$948:
      Old ports: A=$flatten\extracter2.$ternary$/teamspace/studios/this_studio/Melodica-Integration-into-Fife-Core/Learn_Bluespec_and_RISCV_Design/Code/Build/Fife/verilog/mkExtracter.v:168$947_Y, B={ \extracter2.request_put [25:0] 3'000 }, Y=\extracter2.IF_INV_request_put_BITS_29_TO_25_XOR_SEXT_requ_ETC___d50
      New ports: A={ $flatten\extracter2.$ternary$/teamspace/studios/this_studio/Melodica-Integration-into-Fife-Core/Learn_Bluespec_and_RISCV_Design/Code/Build/Fife/verilog/mkExtracter.v:168$947_Y [28:4] 1'0 }, B=\extracter2.request_put [25:0], Y=\extracter2.IF_INV_request_put_BITS_29_TO_25_XOR_SEXT_requ_ETC___d50 [28:3]
      New connections: \extracter2.IF_INV_request_put_BITS_29_TO_25_XOR_SEXT_requ_ETC___d50 [2:0] = 3'000
    Consolidated identical input bits for $mux cell $flatten\ftop.$ternary$/teamspace/studios/this_studio/Melodica-Integration-into-Fife-Core/Learn_Bluespec_and_RISCV_Design/Code/Build/Fife/verilog/mkFtoP_PNE.v:136$993:
      Old ports: A={ $flatten\ftop.$ternary$/teamspace/studios/this_studio/Melodica-Integration-into-Fife-Core/Learn_Bluespec_and_RISCV_Design/Code/Build/Fife/verilog/mkFtoP_PNE.v:145$992_Y $flatten\ftop.$ne$/teamspace/studios/this_studio/Melodica-Integration-into-Fife-Core/Learn_Bluespec_and_RISCV_Design/Code/Build/Fife/verilog/mkFtoP_PNE.v:149$990_Y $flatten\ftop.$eq$/teamspace/studios/this_studio/Melodica-Integration-into-Fife-Core/Learn_Bluespec_and_RISCV_Design/Code/Build/Fife/verilog/mkFtoP_PNE.v:145$991_Y }, B={ 25'x $flatten\ftop.$shiftx$/teamspace/studios/this_studio/Melodica-Integration-into-Fife-Core/Learn_Bluespec_and_RISCV_Design/Code/Build/Fife/verilog/mkFtoP_PNE.v:0$988_Y 1'x }, Y=\ftop.IF_IF_SEXT__0_CONCAT_request_put_BITS_30_TO_23_ETC___d53
      New ports: A={ $flatten\ftop.$ternary$/teamspace/studios/this_studio/Melodica-Integration-into-Fife-Core/Learn_Bluespec_and_RISCV_Design/Code/Build/Fife/verilog/mkFtoP_PNE.v:145$992_Y [24:2] $flatten\ftop.$ternary$/teamspace/studios/this_studio/Melodica-Integration-into-Fife-Core/Learn_Bluespec_and_RISCV_Design/Code/Build/Fife/verilog/mkFtoP_PNE.v:145$992_Y [0] $flatten\ftop.$ne$/teamspace/studios/this_studio/Melodica-Integration-into-Fife-Core/Learn_Bluespec_and_RISCV_Design/Code/Build/Fife/verilog/mkFtoP_PNE.v:149$990_Y $flatten\ftop.$eq$/teamspace/studios/this_studio/Melodica-Integration-into-Fife-Core/Learn_Bluespec_and_RISCV_Design/Code/Build/Fife/verilog/mkFtoP_PNE.v:145$991_Y }, B={ 24'x $flatten\ftop.$shiftx$/teamspace/studios/this_studio/Melodica-Integration-into-Fife-Core/Learn_Bluespec_and_RISCV_Design/Code/Build/Fife/verilog/mkFtoP_PNE.v:0$988_Y 1'x }, Y={ \ftop.IF_IF_SEXT__0_CONCAT_request_put_BITS_30_TO_23_ETC___d53 [26:4] \ftop.IF_IF_SEXT__0_CONCAT_request_put_BITS_30_TO_23_ETC___d53 [2:0] }
      New connections: \ftop.IF_IF_SEXT__0_CONCAT_request_put_BITS_30_TO_23_ETC___d53 [3] = \ftop.IF_IF_SEXT__0_CONCAT_request_put_BITS_30_TO_23_ETC___d53 [2]
    Consolidated identical input bits for $mux cell $flatten\quire.$ternary$/teamspace/studios/this_studio/Melodica-Integration-into-Fife-Core/Learn_Bluespec_and_RISCV_Design/Code/Build/Fife/verilog/mkQuire.v:1264$293:
      Old ports: A=0, B={ 1'1 \quire.instance_fn_twosC_quire_2.IF_fn_twosC_quire_quire_seg_zero_PLUS_1_BIT_12_ETC___d9 [30:0] }, Y=\quire.MUX_vrg_quire_12$write_1__VAL_2
      New ports: A=2'00, B={ 1'1 \quire.instance_fn_twosC_quire_2.IF_fn_twosC_quire_quire_seg_zero_PLUS_1_BIT_12_ETC___d9 [0] }, Y={ \quire.MUX_vrg_quire_12$write_1__VAL_2 [31] \quire.MUX_vrg_quire_12$write_1__VAL_2 [0] }
      New connections: \quire.MUX_vrg_quire_12$write_1__VAL_2 [30:1] = { \quire.MUX_vrg_quire_12$write_1__VAL_2 [0] \quire.MUX_vrg_quire_12$write_1__VAL_2 [0] \quire.MUX_vrg_quire_12$write_1__VAL_2 [0] \quire.MUX_vrg_quire_12$write_1__VAL_2 [0] \quire.MUX_vrg_quire_12$write_1__VAL_2 [0] \quire.MUX_vrg_quire_12$write_1__VAL_2 [0] \quire.MUX_vrg_quire_12$write_1__VAL_2 [0] \quire.MUX_vrg_quire_12$write_1__VAL_2 [0] \quire.MUX_vrg_quire_12$write_1__VAL_2 [0] \quire.MUX_vrg_quire_12$write_1__VAL_2 [0] \quire.MUX_vrg_quire_12$write_1__VAL_2 [0] \quire.MUX_vrg_quire_12$write_1__VAL_2 [0] \quire.MUX_vrg_quire_12$write_1__VAL_2 [0] \quire.MUX_vrg_quire_12$write_1__VAL_2 [0] \quire.MUX_vrg_quire_12$write_1__VAL_2 [0] \quire.MUX_vrg_quire_12$write_1__VAL_2 [0] \quire.MUX_vrg_quire_12$write_1__VAL_2 [0] \quire.MUX_vrg_quire_12$write_1__VAL_2 [0] \quire.MUX_vrg_quire_12$write_1__VAL_2 [0] \quire.MUX_vrg_quire_12$write_1__VAL_2 [0] \quire.MUX_vrg_quire_12$write_1__VAL_2 [0] \quire.MUX_vrg_quire_12$write_1__VAL_2 [0] \quire.MUX_vrg_quire_12$write_1__VAL_2 [0] \quire.MUX_vrg_quire_12$write_1__VAL_2 [0] \quire.MUX_vrg_quire_12$write_1__VAL_2 [0] \quire.MUX_vrg_quire_12$write_1__VAL_2 [0] \quire.MUX_vrg_quire_12$write_1__VAL_2 [0] \quire.MUX_vrg_quire_12$write_1__VAL_2 [0] \quire.MUX_vrg_quire_12$write_1__VAL_2 [0] \quire.MUX_vrg_quire_12$write_1__VAL_2 [0] }
    Consolidated identical input bits for $mux cell $flatten\quire.$ternary$/teamspace/studios/this_studio/Melodica-Integration-into-Fife-Core/Learn_Bluespec_and_RISCV_Design/Code/Build/Fife/verilog/mkQuire.v:2348$742:
      Old ports: A=4'1010, B=$flatten\quire.$ternary$/teamspace/studios/this_studio/Melodica-Integration-into-Fife-Core/Learn_Bluespec_and_RISCV_Design/Code/Build/Fife/verilog/mkQuire.v:2350$741_Y, Y=\quire.IF_INV_vrg_quire_seg_zero_2_63_93_THEN_10_ELSE_ETC___d598
      New ports: A=3'010, B=$flatten\quire.$ternary$/teamspace/studios/this_studio/Melodica-Integration-into-Fife-Core/Learn_Bluespec_and_RISCV_Design/Code/Build/Fife/verilog/mkQuire.v:2350$741_Y [2:0], Y=\quire.IF_INV_vrg_quire_seg_zero_2_63_93_THEN_10_ELSE_ETC___d598 [2:0]
      New connections: \quire.IF_INV_vrg_quire_seg_zero_2_63_93_THEN_10_ELSE_ETC___d598 [3] = 1'1
    Consolidated identical input bits for $mux cell $flatten\quire.$ternary$/teamspace/studios/this_studio/Melodica-Integration-into-Fife-Core/Learn_Bluespec_and_RISCV_Design/Code/Build/Fife/verilog/mkQuire.v:2378$757:
      Old ports: A={ 32'00000000000000000000000000000000 \multiplier.ff_to_quire.D_OUT [388:5] }, B={ 1'1 \quire.instance_fn_twosC_quire_0.IF_fn_twosC_quire_quire_seg_zero_PLUS_1_BIT_12_ETC___d9 [30:0] \quire.instance_fn_twosC_quire_0.IF_fn_twosC_quire_quire_seg_zero_PLUS_1_BIT_11_ETC___d18 \quire.instance_fn_twosC_quire_0.IF_fn_twosC_quire_quire_seg_zero_PLUS_1_BIT_10_ETC___d26 \quire.instance_fn_twosC_quire_0.IF_fn_twosC_quire_quire_seg_zero_PLUS_1_BIT_9__ETC___d35 \quire.instance_fn_twosC_quire_0.IF_fn_twosC_quire_quire_seg_zero_PLUS_1_BIT_8__ETC___d43 \quire.instance_fn_twosC_quire_0.IF_fn_twosC_quire_quire_seg_zero_PLUS_1_BIT_7__ETC___d52 \quire.instance_fn_twosC_quire_0.IF_fn_twosC_quire_quire_seg_zero_PLUS_1_BIT_6__ETC___d60 \quire.instance_fn_twosC_quire_0.IF_fn_twosC_quire_quire_seg_zero_PLUS_1_BIT_5__ETC___d69 \quire.instance_fn_twosC_quire_0.IF_fn_twosC_quire_quire_seg_zero_PLUS_1_BIT_4__ETC___d77 \quire.instance_fn_twosC_quire_0.IF_fn_twosC_quire_quire_seg_zero_PLUS_1_BIT_3__ETC___d86 \quire.instance_fn_twosC_quire_0.IF_fn_twosC_quire_quire_seg_zero_PLUS_1_BIT_2__ETC___d94 \quire.instance_fn_twosC_quire_0.IF_fn_twosC_quire_quire_seg_zero_PLUS_1_BIT_1__ETC___d103 \quire.instance_fn_twosC_quire_0.IF_fn_twosC_quire_quire_seg_zero_PLUS_1_BIT_0__ETC___d111 }, Y=\quire.IF_accumulate_x_BIT_389_06_THEN_0b1_CONCAT_fn__ETC___d441
      New ports: A={ 2'00 \multiplier.ff_to_quire.D_OUT [388:5] }, B={ 1'1 \quire.instance_fn_twosC_quire_0.IF_fn_twosC_quire_quire_seg_zero_PLUS_1_BIT_12_ETC___d9 [0] \quire.instance_fn_twosC_quire_0.IF_fn_twosC_quire_quire_seg_zero_PLUS_1_BIT_11_ETC___d18 \quire.instance_fn_twosC_quire_0.IF_fn_twosC_quire_quire_seg_zero_PLUS_1_BIT_10_ETC___d26 \quire.instance_fn_twosC_quire_0.IF_fn_twosC_quire_quire_seg_zero_PLUS_1_BIT_9__ETC___d35 \quire.instance_fn_twosC_quire_0.IF_fn_twosC_quire_quire_seg_zero_PLUS_1_BIT_8__ETC___d43 \quire.instance_fn_twosC_quire_0.IF_fn_twosC_quire_quire_seg_zero_PLUS_1_BIT_7__ETC___d52 \quire.instance_fn_twosC_quire_0.IF_fn_twosC_quire_quire_seg_zero_PLUS_1_BIT_6__ETC___d60 \quire.instance_fn_twosC_quire_0.IF_fn_twosC_quire_quire_seg_zero_PLUS_1_BIT_5__ETC___d69 \quire.instance_fn_twosC_quire_0.IF_fn_twosC_quire_quire_seg_zero_PLUS_1_BIT_4__ETC___d77 \quire.instance_fn_twosC_quire_0.IF_fn_twosC_quire_quire_seg_zero_PLUS_1_BIT_3__ETC___d86 \quire.instance_fn_twosC_quire_0.IF_fn_twosC_quire_quire_seg_zero_PLUS_1_BIT_2__ETC___d94 \quire.instance_fn_twosC_quire_0.IF_fn_twosC_quire_quire_seg_zero_PLUS_1_BIT_1__ETC___d103 \quire.instance_fn_twosC_quire_0.IF_fn_twosC_quire_quire_seg_zero_PLUS_1_BIT_0__ETC___d111 }, Y={ \quire.IF_accumulate_x_BIT_389_06_THEN_0b1_CONCAT_fn__ETC___d441 [415] \quire.IF_accumulate_x_BIT_389_06_THEN_0b1_CONCAT_fn__ETC___d441 [384:0] }
      New connections: \quire.IF_accumulate_x_BIT_389_06_THEN_0b1_CONCAT_fn__ETC___d441 [414:385] = { \quire.IF_accumulate_x_BIT_389_06_THEN_0b1_CONCAT_fn__ETC___d441 [384] \quire.IF_accumulate_x_BIT_389_06_THEN_0b1_CONCAT_fn__ETC___d441 [384] \quire.IF_accumulate_x_BIT_389_06_THEN_0b1_CONCAT_fn__ETC___d441 [384] \quire.IF_accumulate_x_BIT_389_06_THEN_0b1_CONCAT_fn__ETC___d441 [384] \quire.IF_accumulate_x_BIT_389_06_THEN_0b1_CONCAT_fn__ETC___d441 [384] \quire.IF_accumulate_x_BIT_389_06_THEN_0b1_CONCAT_fn__ETC___d441 [384] \quire.IF_accumulate_x_BIT_389_06_THEN_0b1_CONCAT_fn__ETC___d441 [384] \quire.IF_accumulate_x_BIT_389_06_THEN_0b1_CONCAT_fn__ETC___d441 [384] \quire.IF_accumulate_x_BIT_389_06_THEN_0b1_CONCAT_fn__ETC___d441 [384] \quire.IF_accumulate_x_BIT_389_06_THEN_0b1_CONCAT_fn__ETC___d441 [384] \quire.IF_accumulate_x_BIT_389_06_THEN_0b1_CONCAT_fn__ETC___d441 [384] \quire.IF_accumulate_x_BIT_389_06_THEN_0b1_CONCAT_fn__ETC___d441 [384] \quire.IF_accumulate_x_BIT_389_06_THEN_0b1_CONCAT_fn__ETC___d441 [384] \quire.IF_accumulate_x_BIT_389_06_THEN_0b1_CONCAT_fn__ETC___d441 [384] \quire.IF_accumulate_x_BIT_389_06_THEN_0b1_CONCAT_fn__ETC___d441 [384] \quire.IF_accumulate_x_BIT_389_06_THEN_0b1_CONCAT_fn__ETC___d441 [384] \quire.IF_accumulate_x_BIT_389_06_THEN_0b1_CONCAT_fn__ETC___d441 [384] \quire.IF_accumulate_x_BIT_389_06_THEN_0b1_CONCAT_fn__ETC___d441 [384] \quire.IF_accumulate_x_BIT_389_06_THEN_0b1_CONCAT_fn__ETC___d441 [384] \quire.IF_accumulate_x_BIT_389_06_THEN_0b1_CONCAT_fn__ETC___d441 [384] \quire.IF_accumulate_x_BIT_389_06_THEN_0b1_CONCAT_fn__ETC___d441 [384] \quire.IF_accumulate_x_BIT_389_06_THEN_0b1_CONCAT_fn__ETC___d441 [384] \quire.IF_accumulate_x_BIT_389_06_THEN_0b1_CONCAT_fn__ETC___d441 [384] \quire.IF_accumulate_x_BIT_389_06_THEN_0b1_CONCAT_fn__ETC___d441 [384] \quire.IF_accumulate_x_BIT_389_06_THEN_0b1_CONCAT_fn__ETC___d441 [384] \quire.IF_accumulate_x_BIT_389_06_THEN_0b1_CONCAT_fn__ETC___d441 [384] \quire.IF_accumulate_x_BIT_389_06_THEN_0b1_CONCAT_fn__ETC___d441 [384] \quire.IF_accumulate_x_BIT_389_06_THEN_0b1_CONCAT_fn__ETC___d441 [384] \quire.IF_accumulate_x_BIT_389_06_THEN_0b1_CONCAT_fn__ETC___d441 [384] \quire.IF_accumulate_x_BIT_389_06_THEN_0b1_CONCAT_fn__ETC___d441 [384] }
    Consolidated identical input bits for $mux cell $flatten\quire.$ternary$/teamspace/studios/this_studio/Melodica-Integration-into-Fife-Core/Learn_Bluespec_and_RISCV_Design/Code/Build/Fife/verilog/mkQuire.v:2676$817:
      Old ports: A=$flatten\quire.$ternary$/teamspace/studios/this_studio/Melodica-Integration-into-Fife-Core/Learn_Bluespec_and_RISCV_Design/Code/Build/Fife/verilog/mkQuire.v:2678$816_Y, B=6'011110, Y=$flatten\quire.$ternary$/teamspace/studios/this_studio/Melodica-Integration-into-Fife-Core/Learn_Bluespec_and_RISCV_Design/Code/Build/Fife/verilog/mkQuire.v:2676$817_Y
      New ports: A={ $flatten\quire.$ternary$/teamspace/studios/this_studio/Melodica-Integration-into-Fife-Core/Learn_Bluespec_and_RISCV_Design/Code/Build/Fife/verilog/mkQuire.v:2678$816_Y [5] $flatten\quire.$ternary$/teamspace/studios/this_studio/Melodica-Integration-into-Fife-Core/Learn_Bluespec_and_RISCV_Design/Code/Build/Fife/verilog/mkQuire.v:2678$816_Y [0] $flatten\quire.$ternary$/teamspace/studios/this_studio/Melodica-Integration-into-Fife-Core/Learn_Bluespec_and_RISCV_Design/Code/Build/Fife/verilog/mkQuire.v:2678$816_Y [0] }, B=3'010, Y={ $flatten\quire.$ternary$/teamspace/studios/this_studio/Melodica-Integration-into-Fife-Core/Learn_Bluespec_and_RISCV_Design/Code/Build/Fife/verilog/mkQuire.v:2676$817_Y [5] $flatten\quire.$ternary$/teamspace/studios/this_studio/Melodica-Integration-into-Fife-Core/Learn_Bluespec_and_RISCV_Design/Code/Build/Fife/verilog/mkQuire.v:2676$817_Y [1:0] }
      New connections: $flatten\quire.$ternary$/teamspace/studios/this_studio/Melodica-Integration-into-Fife-Core/Learn_Bluespec_and_RISCV_Design/Code/Build/Fife/verilog/mkQuire.v:2676$817_Y [4:2] = { $flatten\quire.$ternary$/teamspace/studios/this_studio/Melodica-Integration-into-Fife-Core/Learn_Bluespec_and_RISCV_Design/Code/Build/Fife/verilog/mkQuire.v:2676$817_Y [1] $flatten\quire.$ternary$/teamspace/studios/this_studio/Melodica-Integration-into-Fife-Core/Learn_Bluespec_and_RISCV_Design/Code/Build/Fife/verilog/mkQuire.v:2676$817_Y [1] $flatten\quire.$ternary$/teamspace/studios/this_studio/Melodica-Integration-into-Fife-Core/Learn_Bluespec_and_RISCV_Design/Code/Build/Fife/verilog/mkQuire.v:2676$817_Y [1] }
  Optimizing cells in module \mkPositCore.
    Consolidated identical input bits for $mux cell $memory$flatten\normalizer.$auto$proc_rom.cc:150:do_switch$1431$rdmux[0][1][1]$4022:
      Old ports: A=$memory$flatten\normalizer.$auto$proc_rom.cc:150:do_switch$1431$rdmux[0][1][1]$a$4023, B=6'000001, Y=$memory$flatten\normalizer.$auto$proc_rom.cc:150:do_switch$1431$rdmux[0][0][0]$b$4018
      New ports: A=$memory$flatten\normalizer.$auto$proc_rom.cc:150:do_switch$1431$rdmux[0][1][1]$a$4023 [0], B=1'1, Y=$memory$flatten\normalizer.$auto$proc_rom.cc:150:do_switch$1431$rdmux[0][0][0]$b$4018 [0]
      New connections: $memory$flatten\normalizer.$auto$proc_rom.cc:150:do_switch$1431$rdmux[0][0][0]$b$4018 [5:1] = 5'00000
    Consolidated identical input bits for $mux cell $flatten\extracter1.$ternary$/teamspace/studios/this_studio/Melodica-Integration-into-Fife-Core/Learn_Bluespec_and_RISCV_Design/Code/Build/Fife/verilog/mkExtracter.v:148$943:
      Old ports: A=$flatten\extracter1.$ternary$/teamspace/studios/this_studio/Melodica-Integration-into-Fife-Core/Learn_Bluespec_and_RISCV_Design/Code/Build/Fife/verilog/mkExtracter.v:152$942_Y, B=$flatten\extracter1.$ternary$/teamspace/studios/this_studio/Melodica-Integration-into-Fife-Core/Learn_Bluespec_and_RISCV_Design/Code/Build/Fife/verilog/mkExtracter.v:149$939_Y, Y=\extracter1.IF_INV_request_put_BITS_29_TO_25_XOR_SEXT_requ_ETC___d32
      New ports: A={ $flatten\extracter1.$ternary$/teamspace/studios/this_studio/Melodica-Integration-into-Fife-Core/Learn_Bluespec_and_RISCV_Design/Code/Build/Fife/verilog/mkExtracter.v:152$942_Y [3:2] $flatten\extracter1.$ternary$/teamspace/studios/this_studio/Melodica-Integration-into-Fife-Core/Learn_Bluespec_and_RISCV_Design/Code/Build/Fife/verilog/mkExtracter.v:152$942_Y [0] $flatten\extracter1.$ternary$/teamspace/studios/this_studio/Melodica-Integration-into-Fife-Core/Learn_Bluespec_and_RISCV_Design/Code/Build/Fife/verilog/mkExtracter.v:152$942_Y [0] }, B={ $flatten\extracter1.$ternary$/teamspace/studios/this_studio/Melodica-Integration-into-Fife-Core/Learn_Bluespec_and_RISCV_Design/Code/Build/Fife/verilog/mkExtracter.v:149$939_Y [0] $flatten\extracter1.$ternary$/teamspace/studios/this_studio/Melodica-Integration-into-Fife-Core/Learn_Bluespec_and_RISCV_Design/Code/Build/Fife/verilog/mkExtracter.v:149$939_Y [0] $flatten\extracter1.$ternary$/teamspace/studios/this_studio/Melodica-Integration-into-Fife-Core/Learn_Bluespec_and_RISCV_Design/Code/Build/Fife/verilog/mkExtracter.v:149$939_Y [1:0] }, Y=\extracter1.IF_INV_request_put_BITS_29_TO_25_XOR_SEXT_requ_ETC___d32 [3:0]
      New connections: \extracter1.IF_INV_request_put_BITS_29_TO_25_XOR_SEXT_requ_ETC___d32 [5:4] = { \extracter1.IF_INV_request_put_BITS_29_TO_25_XOR_SEXT_requ_ETC___d32 [3] \extracter1.IF_INV_request_put_BITS_29_TO_25_XOR_SEXT_requ_ETC___d32 [3] }
    Consolidated identical input bits for $mux cell $flatten\extracter1.$ternary$/teamspace/studios/this_studio/Melodica-Integration-into-Fife-Core/Learn_Bluespec_and_RISCV_Design/Code/Build/Fife/verilog/mkExtracter.v:172$949:
      Old ports: A=\extracter1.IF_INV_request_put_BITS_29_TO_25_XOR_SEXT_requ_ETC___d50, B={ \ffI.data0_reg [98:72] 2'00 }, Y=$flatten\extracter1.$ternary$/teamspace/studios/this_studio/Melodica-Integration-into-Fife-Core/Learn_Bluespec_and_RISCV_Design/Code/Build/Fife/verilog/mkExtracter.v:172$949_Y
      New ports: A={ \extracter1.IF_INV_request_put_BITS_29_TO_25_XOR_SEXT_requ_ETC___d50 [28:3] 1'0 }, B=\ffI.data0_reg [98:72], Y=$flatten\extracter1.$ternary$/teamspace/studios/this_studio/Melodica-Integration-into-Fife-Core/Learn_Bluespec_and_RISCV_Design/Code/Build/Fife/verilog/mkExtracter.v:172$949_Y [28:2]
      New connections: $flatten\extracter1.$ternary$/teamspace/studios/this_studio/Melodica-Integration-into-Fife-Core/Learn_Bluespec_and_RISCV_Design/Code/Build/Fife/verilog/mkExtracter.v:172$949_Y [1:0] = 2'00
    Consolidated identical input bits for $mux cell $flatten\extracter2.$ternary$/teamspace/studios/this_studio/Melodica-Integration-into-Fife-Core/Learn_Bluespec_and_RISCV_Design/Code/Build/Fife/verilog/mkExtracter.v:148$943:
      Old ports: A=$flatten\extracter2.$ternary$/teamspace/studios/this_studio/Melodica-Integration-into-Fife-Core/Learn_Bluespec_and_RISCV_Design/Code/Build/Fife/verilog/mkExtracter.v:152$942_Y, B=$flatten\extracter2.$ternary$/teamspace/studios/this_studio/Melodica-Integration-into-Fife-Core/Learn_Bluespec_and_RISCV_Design/Code/Build/Fife/verilog/mkExtracter.v:149$939_Y, Y=\extracter2.IF_INV_request_put_BITS_29_TO_25_XOR_SEXT_requ_ETC___d32
      New ports: A={ $flatten\extracter2.$ternary$/teamspace/studios/this_studio/Melodica-Integration-into-Fife-Core/Learn_Bluespec_and_RISCV_Design/Code/Build/Fife/verilog/mkExtracter.v:152$942_Y [3:2] $flatten\extracter2.$ternary$/teamspace/studios/this_studio/Melodica-Integration-into-Fife-Core/Learn_Bluespec_and_RISCV_Design/Code/Build/Fife/verilog/mkExtracter.v:152$942_Y [0] $flatten\extracter2.$ternary$/teamspace/studios/this_studio/Melodica-Integration-into-Fife-Core/Learn_Bluespec_and_RISCV_Design/Code/Build/Fife/verilog/mkExtracter.v:152$942_Y [0] }, B={ $flatten\extracter2.$ternary$/teamspace/studios/this_studio/Melodica-Integration-into-Fife-Core/Learn_Bluespec_and_RISCV_Design/Code/Build/Fife/verilog/mkExtracter.v:149$939_Y [0] $flatten\extracter2.$ternary$/teamspace/studios/this_studio/Melodica-Integration-into-Fife-Core/Learn_Bluespec_and_RISCV_Design/Code/Build/Fife/verilog/mkExtracter.v:149$939_Y [0] $flatten\extracter2.$ternary$/teamspace/studios/this_studio/Melodica-Integration-into-Fife-Core/Learn_Bluespec_and_RISCV_Design/Code/Build/Fife/verilog/mkExtracter.v:149$939_Y [1:0] }, Y=\extracter2.IF_INV_request_put_BITS_29_TO_25_XOR_SEXT_requ_ETC___d32 [3:0]
      New connections: \extracter2.IF_INV_request_put_BITS_29_TO_25_XOR_SEXT_requ_ETC___d32 [5:4] = { \extracter2.IF_INV_request_put_BITS_29_TO_25_XOR_SEXT_requ_ETC___d32 [3] \extracter2.IF_INV_request_put_BITS_29_TO_25_XOR_SEXT_requ_ETC___d32 [3] }
    Consolidated identical input bits for $mux cell $flatten\extracter2.$ternary$/teamspace/studios/this_studio/Melodica-Integration-into-Fife-Core/Learn_Bluespec_and_RISCV_Design/Code/Build/Fife/verilog/mkExtracter.v:172$949:
      Old ports: A=\extracter2.IF_INV_request_put_BITS_29_TO_25_XOR_SEXT_requ_ETC___d50, B={ \extracter2.request_put [26:0] 2'00 }, Y=$flatten\extracter2.$ternary$/teamspace/studios/this_studio/Melodica-Integration-into-Fife-Core/Learn_Bluespec_and_RISCV_Design/Code/Build/Fife/verilog/mkExtracter.v:172$949_Y
      New ports: A={ \extracter2.IF_INV_request_put_BITS_29_TO_25_XOR_SEXT_requ_ETC___d50 [28:3] 1'0 }, B=\extracter2.request_put [26:0], Y=$flatten\extracter2.$ternary$/teamspace/studios/this_studio/Melodica-Integration-into-Fife-Core/Learn_Bluespec_and_RISCV_Design/Code/Build/Fife/verilog/mkExtracter.v:172$949_Y [28:2]
      New connections: $flatten\extracter2.$ternary$/teamspace/studios/this_studio/Melodica-Integration-into-Fife-Core/Learn_Bluespec_and_RISCV_Design/Code/Build/Fife/verilog/mkExtracter.v:172$949_Y [1:0] = 2'00
    Consolidated identical input bits for $mux cell $flatten\quire.$ternary$/teamspace/studios/this_studio/Melodica-Integration-into-Fife-Core/Learn_Bluespec_and_RISCV_Design/Code/Build/Fife/verilog/mkQuire.v:2356$745:
      Old ports: A=4'1001, B=\quire.IF_INV_vrg_quire_seg_zero_2_63_93_THEN_10_ELSE_ETC___d598, Y=$flatten\quire.$ternary$/teamspace/studios/this_studio/Melodica-Integration-into-Fife-Core/Learn_Bluespec_and_RISCV_Design/Code/Build/Fife/verilog/mkQuire.v:2356$745_Y
      New ports: A=3'001, B=\quire.IF_INV_vrg_quire_seg_zero_2_63_93_THEN_10_ELSE_ETC___d598 [2:0], Y=$flatten\quire.$ternary$/teamspace/studios/this_studio/Melodica-Integration-into-Fife-Core/Learn_Bluespec_and_RISCV_Design/Code/Build/Fife/verilog/mkQuire.v:2356$745_Y [2:0]
      New connections: $flatten\quire.$ternary$/teamspace/studios/this_studio/Melodica-Integration-into-Fife-Core/Learn_Bluespec_and_RISCV_Design/Code/Build/Fife/verilog/mkQuire.v:2356$745_Y [3] = 1'1
    Consolidated identical input bits for $mux cell $flatten\quire.$ternary$/teamspace/studios/this_studio/Melodica-Integration-into-Fife-Core/Learn_Bluespec_and_RISCV_Design/Code/Build/Fife/verilog/mkQuire.v:2674$818:
      Old ports: A=$flatten\quire.$ternary$/teamspace/studios/this_studio/Melodica-Integration-into-Fife-Core/Learn_Bluespec_and_RISCV_Design/Code/Build/Fife/verilog/mkQuire.v:2676$817_Y, B=6'011101, Y=$flatten\quire.$ternary$/teamspace/studios/this_studio/Melodica-Integration-into-Fife-Core/Learn_Bluespec_and_RISCV_Design/Code/Build/Fife/verilog/mkQuire.v:2674$818_Y
      New ports: A={ $flatten\quire.$ternary$/teamspace/studios/this_studio/Melodica-Integration-into-Fife-Core/Learn_Bluespec_and_RISCV_Design/Code/Build/Fife/verilog/mkQuire.v:2676$817_Y [5] $flatten\quire.$ternary$/teamspace/studios/this_studio/Melodica-Integration-into-Fife-Core/Learn_Bluespec_and_RISCV_Design/Code/Build/Fife/verilog/mkQuire.v:2676$817_Y [1] $flatten\quire.$ternary$/teamspace/studios/this_studio/Melodica-Integration-into-Fife-Core/Learn_Bluespec_and_RISCV_Design/Code/Build/Fife/verilog/mkQuire.v:2676$817_Y [1:0] }, B=4'0101, Y={ $flatten\quire.$ternary$/teamspace/studios/this_studio/Melodica-Integration-into-Fife-Core/Learn_Bluespec_and_RISCV_Design/Code/Build/Fife/verilog/mkQuire.v:2674$818_Y [5] $flatten\quire.$ternary$/teamspace/studios/this_studio/Melodica-Integration-into-Fife-Core/Learn_Bluespec_and_RISCV_Design/Code/Build/Fife/verilog/mkQuire.v:2674$818_Y [2:0] }
      New connections: $flatten\quire.$ternary$/teamspace/studios/this_studio/Melodica-Integration-into-Fife-Core/Learn_Bluespec_and_RISCV_Design/Code/Build/Fife/verilog/mkQuire.v:2674$818_Y [4:3] = { $flatten\quire.$ternary$/teamspace/studios/this_studio/Melodica-Integration-into-Fife-Core/Learn_Bluespec_and_RISCV_Design/Code/Build/Fife/verilog/mkQuire.v:2674$818_Y [2] $flatten\quire.$ternary$/teamspace/studios/this_studio/Melodica-Integration-into-Fife-Core/Learn_Bluespec_and_RISCV_Design/Code/Build/Fife/verilog/mkQuire.v:2674$818_Y [2] }
  Optimizing cells in module \mkPositCore.
    Consolidated identical input bits for $mux cell $flatten\extracter1.$ternary$/teamspace/studios/this_studio/Melodica-Integration-into-Fife-Core/Learn_Bluespec_and_RISCV_Design/Code/Build/Fife/verilog/mkExtracter.v:160$945:
      Old ports: A=\extracter1.IF_INV_request_put_BITS_29_TO_25_XOR_SEXT_requ_ETC___d32, B=$flatten\extracter1.$ternary$/teamspace/studios/this_studio/Melodica-Integration-into-Fife-Core/Learn_Bluespec_and_RISCV_Design/Code/Build/Fife/verilog/mkExtracter.v:161$944_Y, Y=\extracter1.IF_INV_request_put_BITS_29_TO_25_XOR_SEXT_requ_ETC___d33
      New ports: A=\extracter1.IF_INV_request_put_BITS_29_TO_25_XOR_SEXT_requ_ETC___d32 [3:0], B={ $flatten\extracter1.$ternary$/teamspace/studios/this_studio/Melodica-Integration-into-Fife-Core/Learn_Bluespec_and_RISCV_Design/Code/Build/Fife/verilog/mkExtracter.v:161$944_Y [1] $flatten\extracter1.$ternary$/teamspace/studios/this_studio/Melodica-Integration-into-Fife-Core/Learn_Bluespec_and_RISCV_Design/Code/Build/Fife/verilog/mkExtracter.v:161$944_Y [1] $flatten\extracter1.$ternary$/teamspace/studios/this_studio/Melodica-Integration-into-Fife-Core/Learn_Bluespec_and_RISCV_Design/Code/Build/Fife/verilog/mkExtracter.v:161$944_Y [1:0] }, Y=\extracter1.IF_INV_request_put_BITS_29_TO_25_XOR_SEXT_requ_ETC___d33 [3:0]
      New connections: \extracter1.IF_INV_request_put_BITS_29_TO_25_XOR_SEXT_requ_ETC___d33 [5:4] = { \extracter1.IF_INV_request_put_BITS_29_TO_25_XOR_SEXT_requ_ETC___d33 [3] \extracter1.IF_INV_request_put_BITS_29_TO_25_XOR_SEXT_requ_ETC___d33 [3] }
    Consolidated identical input bits for $mux cell $flatten\extracter1.$ternary$/teamspace/studios/this_studio/Melodica-Integration-into-Fife-Core/Learn_Bluespec_and_RISCV_Design/Code/Build/Fife/verilog/mkExtracter.v:170$950:
      Old ports: A=$flatten\extracter1.$ternary$/teamspace/studios/this_studio/Melodica-Integration-into-Fife-Core/Learn_Bluespec_and_RISCV_Design/Code/Build/Fife/verilog/mkExtracter.v:172$949_Y, B={ \ffI.data0_reg [99:72] 1'0 }, Y=\extracter1.IF_INV_request_put_BITS_29_TO_25_XOR_SEXT_requ_ETC___d52
      New ports: A={ $flatten\extracter1.$ternary$/teamspace/studios/this_studio/Melodica-Integration-into-Fife-Core/Learn_Bluespec_and_RISCV_Design/Code/Build/Fife/verilog/mkExtracter.v:172$949_Y [28:2] 1'0 }, B=\ffI.data0_reg [99:72], Y=\extracter1.IF_INV_request_put_BITS_29_TO_25_XOR_SEXT_requ_ETC___d52 [28:1]
      New connections: \extracter1.IF_INV_request_put_BITS_29_TO_25_XOR_SEXT_requ_ETC___d52 [0] = 1'0
    Consolidated identical input bits for $mux cell $flatten\extracter2.$ternary$/teamspace/studios/this_studio/Melodica-Integration-into-Fife-Core/Learn_Bluespec_and_RISCV_Design/Code/Build/Fife/verilog/mkExtracter.v:160$945:
      Old ports: A=\extracter2.IF_INV_request_put_BITS_29_TO_25_XOR_SEXT_requ_ETC___d32, B=$flatten\extracter2.$ternary$/teamspace/studios/this_studio/Melodica-Integration-into-Fife-Core/Learn_Bluespec_and_RISCV_Design/Code/Build/Fife/verilog/mkExtracter.v:161$944_Y, Y=\extracter2.IF_INV_request_put_BITS_29_TO_25_XOR_SEXT_requ_ETC___d33
      New ports: A=\extracter2.IF_INV_request_put_BITS_29_TO_25_XOR_SEXT_requ_ETC___d32 [3:0], B={ $flatten\extracter2.$ternary$/teamspace/studios/this_studio/Melodica-Integration-into-Fife-Core/Learn_Bluespec_and_RISCV_Design/Code/Build/Fife/verilog/mkExtracter.v:161$944_Y [1] $flatten\extracter2.$ternary$/teamspace/studios/this_studio/Melodica-Integration-into-Fife-Core/Learn_Bluespec_and_RISCV_Design/Code/Build/Fife/verilog/mkExtracter.v:161$944_Y [1] $flatten\extracter2.$ternary$/teamspace/studios/this_studio/Melodica-Integration-into-Fife-Core/Learn_Bluespec_and_RISCV_Design/Code/Build/Fife/verilog/mkExtracter.v:161$944_Y [1:0] }, Y=\extracter2.IF_INV_request_put_BITS_29_TO_25_XOR_SEXT_requ_ETC___d33 [3:0]
      New connections: \extracter2.IF_INV_request_put_BITS_29_TO_25_XOR_SEXT_requ_ETC___d33 [5:4] = { \extracter2.IF_INV_request_put_BITS_29_TO_25_XOR_SEXT_requ_ETC___d33 [3] \extracter2.IF_INV_request_put_BITS_29_TO_25_XOR_SEXT_requ_ETC___d33 [3] }
    Consolidated identical input bits for $mux cell $flatten\extracter2.$ternary$/teamspace/studios/this_studio/Melodica-Integration-into-Fife-Core/Learn_Bluespec_and_RISCV_Design/Code/Build/Fife/verilog/mkExtracter.v:170$950:
      Old ports: A=$flatten\extracter2.$ternary$/teamspace/studios/this_studio/Melodica-Integration-into-Fife-Core/Learn_Bluespec_and_RISCV_Design/Code/Build/Fife/verilog/mkExtracter.v:172$949_Y, B={ \extracter2.request_put [27:0] 1'0 }, Y=\extracter2.IF_INV_request_put_BITS_29_TO_25_XOR_SEXT_requ_ETC___d52
      New ports: A={ $flatten\extracter2.$ternary$/teamspace/studios/this_studio/Melodica-Integration-into-Fife-Core/Learn_Bluespec_and_RISCV_Design/Code/Build/Fife/verilog/mkExtracter.v:172$949_Y [28:2] 1'0 }, B=\extracter2.request_put [27:0], Y=\extracter2.IF_INV_request_put_BITS_29_TO_25_XOR_SEXT_requ_ETC___d52 [28:1]
      New connections: \extracter2.IF_INV_request_put_BITS_29_TO_25_XOR_SEXT_requ_ETC___d52 [0] = 1'0
    Consolidated identical input bits for $mux cell $flatten\quire.$ternary$/teamspace/studios/this_studio/Melodica-Integration-into-Fife-Core/Learn_Bluespec_and_RISCV_Design/Code/Build/Fife/verilog/mkQuire.v:2354$746:
      Old ports: A=4'1000, B=$flatten\quire.$ternary$/teamspace/studios/this_studio/Melodica-Integration-into-Fife-Core/Learn_Bluespec_and_RISCV_Design/Code/Build/Fife/verilog/mkQuire.v:2356$745_Y, Y=\quire.IF_INV_vrg_quire_seg_zero_4_60_91_THEN_8_ELSE__ETC___d600
      New ports: A=3'000, B=$flatten\quire.$ternary$/teamspace/studios/this_studio/Melodica-Integration-into-Fife-Core/Learn_Bluespec_and_RISCV_Design/Code/Build/Fife/verilog/mkQuire.v:2356$745_Y [2:0], Y=\quire.IF_INV_vrg_quire_seg_zero_4_60_91_THEN_8_ELSE__ETC___d600 [2:0]
      New connections: \quire.IF_INV_vrg_quire_seg_zero_4_60_91_THEN_8_ELSE__ETC___d600 [3] = 1'1
    Consolidated identical input bits for $mux cell $flatten\quire.$ternary$/teamspace/studios/this_studio/Melodica-Integration-into-Fife-Core/Learn_Bluespec_and_RISCV_Design/Code/Build/Fife/verilog/mkQuire.v:2672$819:
      Old ports: A=$flatten\quire.$ternary$/teamspace/studios/this_studio/Melodica-Integration-into-Fife-Core/Learn_Bluespec_and_RISCV_Design/Code/Build/Fife/verilog/mkQuire.v:2674$818_Y, B=6'011100, Y=$flatten\quire.$ternary$/teamspace/studios/this_studio/Melodica-Integration-into-Fife-Core/Learn_Bluespec_and_RISCV_Design/Code/Build/Fife/verilog/mkQuire.v:2672$819_Y
      New ports: A={ $flatten\quire.$ternary$/teamspace/studios/this_studio/Melodica-Integration-into-Fife-Core/Learn_Bluespec_and_RISCV_Design/Code/Build/Fife/verilog/mkQuire.v:2674$818_Y [5] $flatten\quire.$ternary$/teamspace/studios/this_studio/Melodica-Integration-into-Fife-Core/Learn_Bluespec_and_RISCV_Design/Code/Build/Fife/verilog/mkQuire.v:2674$818_Y [2:0] }, B=4'0100, Y={ $flatten\quire.$ternary$/teamspace/studios/this_studio/Melodica-Integration-into-Fife-Core/Learn_Bluespec_and_RISCV_Design/Code/Build/Fife/verilog/mkQuire.v:2672$819_Y [5] $flatten\quire.$ternary$/teamspace/studios/this_studio/Melodica-Integration-into-Fife-Core/Learn_Bluespec_and_RISCV_Design/Code/Build/Fife/verilog/mkQuire.v:2672$819_Y [2:0] }
      New connections: $flatten\quire.$ternary$/teamspace/studios/this_studio/Melodica-Integration-into-Fife-Core/Learn_Bluespec_and_RISCV_Design/Code/Build/Fife/verilog/mkQuire.v:2672$819_Y [4:3] = { $flatten\quire.$ternary$/teamspace/studios/this_studio/Melodica-Integration-into-Fife-Core/Learn_Bluespec_and_RISCV_Design/Code/Build/Fife/verilog/mkQuire.v:2672$819_Y [2] $flatten\quire.$ternary$/teamspace/studios/this_studio/Melodica-Integration-into-Fife-Core/Learn_Bluespec_and_RISCV_Design/Code/Build/Fife/verilog/mkQuire.v:2672$819_Y [2] }
  Optimizing cells in module \mkPositCore.
    Consolidated identical input bits for $mux cell $flatten\extracter1.$ternary$/teamspace/studios/this_studio/Melodica-Integration-into-Fife-Core/Learn_Bluespec_and_RISCV_Design/Code/Build/Fife/verilog/mkExtracter.v:176$952:
      Old ports: A=\extracter1.IF_INV_request_put_BITS_29_TO_25_XOR_SEXT_requ_ETC___d33, B=$flatten\extracter1.$ternary$/teamspace/studios/this_studio/Melodica-Integration-into-Fife-Core/Learn_Bluespec_and_RISCV_Design/Code/Build/Fife/verilog/mkExtracter.v:177$951_Y, Y=\extracter1.IF_request_put_BITS_29_TO_25_XOR_SEXT_request__ETC___d34
      New ports: A=\extracter1.IF_INV_request_put_BITS_29_TO_25_XOR_SEXT_requ_ETC___d33 [3:0], B={ $flatten\extracter1.$ternary$/teamspace/studios/this_studio/Melodica-Integration-into-Fife-Core/Learn_Bluespec_and_RISCV_Design/Code/Build/Fife/verilog/mkExtracter.v:177$951_Y [0] $flatten\extracter1.$ternary$/teamspace/studios/this_studio/Melodica-Integration-into-Fife-Core/Learn_Bluespec_and_RISCV_Design/Code/Build/Fife/verilog/mkExtracter.v:177$951_Y [0] $flatten\extracter1.$ternary$/teamspace/studios/this_studio/Melodica-Integration-into-Fife-Core/Learn_Bluespec_and_RISCV_Design/Code/Build/Fife/verilog/mkExtracter.v:177$951_Y [0] $flatten\extracter1.$ternary$/teamspace/studios/this_studio/Melodica-Integration-into-Fife-Core/Learn_Bluespec_and_RISCV_Design/Code/Build/Fife/verilog/mkExtracter.v:177$951_Y [0] }, Y=\extracter1.IF_request_put_BITS_29_TO_25_XOR_SEXT_request__ETC___d34 [3:0]
      New connections: \extracter1.IF_request_put_BITS_29_TO_25_XOR_SEXT_request__ETC___d34 [5:4] = { \extracter1.IF_request_put_BITS_29_TO_25_XOR_SEXT_request__ETC___d34 [3] \extracter1.IF_request_put_BITS_29_TO_25_XOR_SEXT_request__ETC___d34 [3] }
    Consolidated identical input bits for $mux cell $flatten\extracter2.$ternary$/teamspace/studios/this_studio/Melodica-Integration-into-Fife-Core/Learn_Bluespec_and_RISCV_Design/Code/Build/Fife/verilog/mkExtracter.v:176$952:
      Old ports: A=\extracter2.IF_INV_request_put_BITS_29_TO_25_XOR_SEXT_requ_ETC___d33, B=$flatten\extracter2.$ternary$/teamspace/studios/this_studio/Melodica-Integration-into-Fife-Core/Learn_Bluespec_and_RISCV_Design/Code/Build/Fife/verilog/mkExtracter.v:177$951_Y, Y=\extracter2.IF_request_put_BITS_29_TO_25_XOR_SEXT_request__ETC___d34
      New ports: A=\extracter2.IF_INV_request_put_BITS_29_TO_25_XOR_SEXT_requ_ETC___d33 [3:0], B={ $flatten\extracter2.$ternary$/teamspace/studios/this_studio/Melodica-Integration-into-Fife-Core/Learn_Bluespec_and_RISCV_Design/Code/Build/Fife/verilog/mkExtracter.v:177$951_Y [0] $flatten\extracter2.$ternary$/teamspace/studios/this_studio/Melodica-Integration-into-Fife-Core/Learn_Bluespec_and_RISCV_Design/Code/Build/Fife/verilog/mkExtracter.v:177$951_Y [0] $flatten\extracter2.$ternary$/teamspace/studios/this_studio/Melodica-Integration-into-Fife-Core/Learn_Bluespec_and_RISCV_Design/Code/Build/Fife/verilog/mkExtracter.v:177$951_Y [0] $flatten\extracter2.$ternary$/teamspace/studios/this_studio/Melodica-Integration-into-Fife-Core/Learn_Bluespec_and_RISCV_Design/Code/Build/Fife/verilog/mkExtracter.v:177$951_Y [0] }, Y=\extracter2.IF_request_put_BITS_29_TO_25_XOR_SEXT_request__ETC___d34 [3:0]
      New connections: \extracter2.IF_request_put_BITS_29_TO_25_XOR_SEXT_request__ETC___d34 [5:4] = { \extracter2.IF_request_put_BITS_29_TO_25_XOR_SEXT_request__ETC___d34 [3] \extracter2.IF_request_put_BITS_29_TO_25_XOR_SEXT_request__ETC___d34 [3] }
    Consolidated identical input bits for $mux cell $flatten\quire.$ternary$/teamspace/studios/this_studio/Melodica-Integration-into-Fife-Core/Learn_Bluespec_and_RISCV_Design/Code/Build/Fife/verilog/mkQuire.v:2670$820:
      Old ports: A=$flatten\quire.$ternary$/teamspace/studios/this_studio/Melodica-Integration-into-Fife-Core/Learn_Bluespec_and_RISCV_Design/Code/Build/Fife/verilog/mkQuire.v:2672$819_Y, B=6'011011, Y=$flatten\quire.$ternary$/teamspace/studios/this_studio/Melodica-Integration-into-Fife-Core/Learn_Bluespec_and_RISCV_Design/Code/Build/Fife/verilog/mkQuire.v:2670$820_Y
      New ports: A={ $flatten\quire.$ternary$/teamspace/studios/this_studio/Melodica-Integration-into-Fife-Core/Learn_Bluespec_and_RISCV_Design/Code/Build/Fife/verilog/mkQuire.v:2672$819_Y [5] $flatten\quire.$ternary$/teamspace/studios/this_studio/Melodica-Integration-into-Fife-Core/Learn_Bluespec_and_RISCV_Design/Code/Build/Fife/verilog/mkQuire.v:2672$819_Y [2] $flatten\quire.$ternary$/teamspace/studios/this_studio/Melodica-Integration-into-Fife-Core/Learn_Bluespec_and_RISCV_Design/Code/Build/Fife/verilog/mkQuire.v:2672$819_Y [2:0] }, B=5'01011, Y={ $flatten\quire.$ternary$/teamspace/studios/this_studio/Melodica-Integration-into-Fife-Core/Learn_Bluespec_and_RISCV_Design/Code/Build/Fife/verilog/mkQuire.v:2670$820_Y [5] $flatten\quire.$ternary$/teamspace/studios/this_studio/Melodica-Integration-into-Fife-Core/Learn_Bluespec_and_RISCV_Design/Code/Build/Fife/verilog/mkQuire.v:2670$820_Y [3:0] }
      New connections: $flatten\quire.$ternary$/teamspace/studios/this_studio/Melodica-Integration-into-Fife-Core/Learn_Bluespec_and_RISCV_Design/Code/Build/Fife/verilog/mkQuire.v:2670$820_Y [4] = $flatten\quire.$ternary$/teamspace/studios/this_studio/Melodica-Integration-into-Fife-Core/Learn_Bluespec_and_RISCV_Design/Code/Build/Fife/verilog/mkQuire.v:2670$820_Y [3]
  Optimizing cells in module \mkPositCore.
    Consolidated identical input bits for $mux cell $flatten\quire.$ternary$/teamspace/studios/this_studio/Melodica-Integration-into-Fife-Core/Learn_Bluespec_and_RISCV_Design/Code/Build/Fife/verilog/mkQuire.v:2668$821:
      Old ports: A=$flatten\quire.$ternary$/teamspace/studios/this_studio/Melodica-Integration-into-Fife-Core/Learn_Bluespec_and_RISCV_Design/Code/Build/Fife/verilog/mkQuire.v:2670$820_Y, B=6'011010, Y=$flatten\quire.$ternary$/teamspace/studios/this_studio/Melodica-Integration-into-Fife-Core/Learn_Bluespec_and_RISCV_Design/Code/Build/Fife/verilog/mkQuire.v:2668$821_Y
      New ports: A={ $flatten\quire.$ternary$/teamspace/studios/this_studio/Melodica-Integration-into-Fife-Core/Learn_Bluespec_and_RISCV_Design/Code/Build/Fife/verilog/mkQuire.v:2670$820_Y [5] $flatten\quire.$ternary$/teamspace/studios/this_studio/Melodica-Integration-into-Fife-Core/Learn_Bluespec_and_RISCV_Design/Code/Build/Fife/verilog/mkQuire.v:2670$820_Y [3:0] }, B=5'01010, Y={ $flatten\quire.$ternary$/teamspace/studios/this_studio/Melodica-Integration-into-Fife-Core/Learn_Bluespec_and_RISCV_Design/Code/Build/Fife/verilog/mkQuire.v:2668$821_Y [5] $flatten\quire.$ternary$/teamspace/studios/this_studio/Melodica-Integration-into-Fife-Core/Learn_Bluespec_and_RISCV_Design/Code/Build/Fife/verilog/mkQuire.v:2668$821_Y [3:0] }
      New connections: $flatten\quire.$ternary$/teamspace/studios/this_studio/Melodica-Integration-into-Fife-Core/Learn_Bluespec_and_RISCV_Design/Code/Build/Fife/verilog/mkQuire.v:2668$821_Y [4] = $flatten\quire.$ternary$/teamspace/studios/this_studio/Melodica-Integration-into-Fife-Core/Learn_Bluespec_and_RISCV_Design/Code/Build/Fife/verilog/mkQuire.v:2668$821_Y [3]
  Optimizing cells in module \mkPositCore.
    Consolidated identical input bits for $mux cell $flatten\quire.$ternary$/teamspace/studios/this_studio/Melodica-Integration-into-Fife-Core/Learn_Bluespec_and_RISCV_Design/Code/Build/Fife/verilog/mkQuire.v:2666$822:
      Old ports: A=$flatten\quire.$ternary$/teamspace/studios/this_studio/Melodica-Integration-into-Fife-Core/Learn_Bluespec_and_RISCV_Design/Code/Build/Fife/verilog/mkQuire.v:2668$821_Y, B=6'011001, Y=$flatten\quire.$ternary$/teamspace/studios/this_studio/Melodica-Integration-into-Fife-Core/Learn_Bluespec_and_RISCV_Design/Code/Build/Fife/verilog/mkQuire.v:2666$822_Y
      New ports: A={ $flatten\quire.$ternary$/teamspace/studios/this_studio/Melodica-Integration-into-Fife-Core/Learn_Bluespec_and_RISCV_Design/Code/Build/Fife/verilog/mkQuire.v:2668$821_Y [5] $flatten\quire.$ternary$/teamspace/studios/this_studio/Melodica-Integration-into-Fife-Core/Learn_Bluespec_and_RISCV_Design/Code/Build/Fife/verilog/mkQuire.v:2668$821_Y [3:0] }, B=5'01001, Y={ $flatten\quire.$ternary$/teamspace/studios/this_studio/Melodica-Integration-into-Fife-Core/Learn_Bluespec_and_RISCV_Design/Code/Build/Fife/verilog/mkQuire.v:2666$822_Y [5] $flatten\quire.$ternary$/teamspace/studios/this_studio/Melodica-Integration-into-Fife-Core/Learn_Bluespec_and_RISCV_Design/Code/Build/Fife/verilog/mkQuire.v:2666$822_Y [3:0] }
      New connections: $flatten\quire.$ternary$/teamspace/studios/this_studio/Melodica-Integration-into-Fife-Core/Learn_Bluespec_and_RISCV_Design/Code/Build/Fife/verilog/mkQuire.v:2666$822_Y [4] = $flatten\quire.$ternary$/teamspace/studios/this_studio/Melodica-Integration-into-Fife-Core/Learn_Bluespec_and_RISCV_Design/Code/Build/Fife/verilog/mkQuire.v:2666$822_Y [3]
  Optimizing cells in module \mkPositCore.
    Consolidated identical input bits for $mux cell $flatten\quire.$ternary$/teamspace/studios/this_studio/Melodica-Integration-into-Fife-Core/Learn_Bluespec_and_RISCV_Design/Code/Build/Fife/verilog/mkQuire.v:2664$823:
      Old ports: A=$flatten\quire.$ternary$/teamspace/studios/this_studio/Melodica-Integration-into-Fife-Core/Learn_Bluespec_and_RISCV_Design/Code/Build/Fife/verilog/mkQuire.v:2666$822_Y, B=6'011000, Y=$flatten\quire.$ternary$/teamspace/studios/this_studio/Melodica-Integration-into-Fife-Core/Learn_Bluespec_and_RISCV_Design/Code/Build/Fife/verilog/mkQuire.v:2664$823_Y
      New ports: A={ $flatten\quire.$ternary$/teamspace/studios/this_studio/Melodica-Integration-into-Fife-Core/Learn_Bluespec_and_RISCV_Design/Code/Build/Fife/verilog/mkQuire.v:2666$822_Y [5] $flatten\quire.$ternary$/teamspace/studios/this_studio/Melodica-Integration-into-Fife-Core/Learn_Bluespec_and_RISCV_Design/Code/Build/Fife/verilog/mkQuire.v:2666$822_Y [3:0] }, B=5'01000, Y={ $flatten\quire.$ternary$/teamspace/studios/this_studio/Melodica-Integration-into-Fife-Core/Learn_Bluespec_and_RISCV_Design/Code/Build/Fife/verilog/mkQuire.v:2664$823_Y [5] $flatten\quire.$ternary$/teamspace/studios/this_studio/Melodica-Integration-into-Fife-Core/Learn_Bluespec_and_RISCV_Design/Code/Build/Fife/verilog/mkQuire.v:2664$823_Y [3:0] }
      New connections: $flatten\quire.$ternary$/teamspace/studios/this_studio/Melodica-Integration-into-Fife-Core/Learn_Bluespec_and_RISCV_Design/Code/Build/Fife/verilog/mkQuire.v:2664$823_Y [4] = $flatten\quire.$ternary$/teamspace/studios/this_studio/Melodica-Integration-into-Fife-Core/Learn_Bluespec_and_RISCV_Design/Code/Build/Fife/verilog/mkQuire.v:2664$823_Y [3]
  Optimizing cells in module \mkPositCore.
Performed a total of 56 changes.

14.20.5. Executing OPT_MERGE pass (detect identical cells).
Finding identical cells in module `\mkPositCore'.
<suppressed ~21 debug messages>
Removed a total of 7 cells.

14.20.6. Executing OPT_SHARE pass.
    Found cells that share an operand and can be merged by moving the $mux $flatten\quire.$ternary$/teamspace/studios/this_studio/Melodica-Integration-into-Fife-Core/Learn_Bluespec_and_RISCV_Design/Code/Build/Fife/verilog/mkQuire.v:1338$346 in front of them:
        $auto$alumacc.cc:485:replace_alu$3448
        $auto$alumacc.cc:485:replace_alu$3535

    Found cells that share an operand and can be merged by moving the $mux $ternary$/teamspace/studios/this_studio/Melodica-Integration-into-Fife-Core/Learn_Bluespec_and_RISCV_Design/Code/Build/Fife/verilog/mkPositCore.v:457$1150 in front of them:
        $auto$alumacc.cc:485:replace_alu$3388
        $auto$alumacc.cc:485:replace_alu$3394

    Found cells that share an operand and can be merged by moving the $mux $ternary$/teamspace/studios/this_studio/Melodica-Integration-into-Fife-Core/Learn_Bluespec_and_RISCV_Design/Code/Build/Fife/verilog/mkPositCore.v:525$1181 in front of them:
        $eq$/teamspace/studios/this_studio/Melodica-Integration-into-Fife-Core/Learn_Bluespec_and_RISCV_Design/Code/Build/Fife/verilog/mkPositCore.v:440$1144
        $eq$/teamspace/studios/this_studio/Melodica-Integration-into-Fife-Core/Learn_Bluespec_and_RISCV_Design/Code/Build/Fife/verilog/mkPositCore.v:449$1147

14.20.7. Executing OPT_DFF pass (perform DFF optimizations).
Adding SRST signal on $\quire.seg_adder_vff_carry_0.arr$rdreg[0] ($dff) from module mkPositCore (D = $auto$rtlil.cc:2498:Mux$3798, Q = $\quire.seg_adder_vff_carry_0.arr$rdreg[0]$q, rval = 2'00).
Adding SRST signal on $\quire.seg_adder_vff_carry_1.arr$rdreg[0] ($dff) from module mkPositCore (D = $auto$rtlil.cc:2498:Mux$3803, Q = $\quire.seg_adder_vff_carry_1.arr$rdreg[0]$q, rval = 2'00).
Adding SRST signal on $\quire.seg_adder_vff_carry_10.arr$rdreg[0] ($dff) from module mkPositCore (D = $auto$rtlil.cc:2498:Mux$3808, Q = $\quire.seg_adder_vff_carry_10.arr$rdreg[0]$q, rval = 2'00).
Adding SRST signal on $\quire.seg_adder_vff_carry_11.arr$rdreg[0] ($dff) from module mkPositCore (D = $auto$rtlil.cc:2498:Mux$3813, Q = $\quire.seg_adder_vff_carry_11.arr$rdreg[0]$q, rval = 2'00).
Adding SRST signal on $\quire.seg_adder_vff_carry_2.arr$rdreg[0] ($dff) from module mkPositCore (D = $auto$rtlil.cc:2498:Mux$3818, Q = $\quire.seg_adder_vff_carry_2.arr$rdreg[0]$q, rval = 2'00).
Adding SRST signal on $\quire.seg_adder_vff_carry_3.arr$rdreg[0] ($dff) from module mkPositCore (D = $auto$rtlil.cc:2498:Mux$3823, Q = $\quire.seg_adder_vff_carry_3.arr$rdreg[0]$q, rval = 2'00).
Adding SRST signal on $\quire.seg_adder_vff_carry_4.arr$rdreg[0] ($dff) from module mkPositCore (D = $auto$rtlil.cc:2498:Mux$3828, Q = $\quire.seg_adder_vff_carry_4.arr$rdreg[0]$q, rval = 2'00).
Adding SRST signal on $\quire.seg_adder_vff_carry_5.arr$rdreg[0] ($dff) from module mkPositCore (D = $auto$rtlil.cc:2498:Mux$3833, Q = $\quire.seg_adder_vff_carry_5.arr$rdreg[0]$q, rval = 2'00).
Adding SRST signal on $\quire.seg_adder_vff_carry_6.arr$rdreg[0] ($dff) from module mkPositCore (D = $auto$rtlil.cc:2498:Mux$3838, Q = $\quire.seg_adder_vff_carry_6.arr$rdreg[0]$q, rval = 2'00).
Adding SRST signal on $\quire.seg_adder_vff_carry_7.arr$rdreg[0] ($dff) from module mkPositCore (D = $auto$rtlil.cc:2498:Mux$3843, Q = $\quire.seg_adder_vff_carry_7.arr$rdreg[0]$q, rval = 2'00).
Adding SRST signal on $\quire.seg_adder_vff_carry_8.arr$rdreg[0] ($dff) from module mkPositCore (D = $auto$rtlil.cc:2498:Mux$3848, Q = $\quire.seg_adder_vff_carry_8.arr$rdreg[0]$q, rval = 2'00).
Adding SRST signal on $\quire.seg_adder_vff_in_7.arr$rdreg[0] ($dff) from module mkPositCore (D = $auto$rtlil.cc:2498:Mux$3908, Q = $\quire.seg_adder_vff_in_7.arr$rdreg[0]$q, rval = 2'00).
Adding SRST signal on $\quire.seg_adder_vff_carry_9.arr$rdreg[0] ($dff) from module mkPositCore (D = $auto$rtlil.cc:2498:Mux$3853, Q = $\quire.seg_adder_vff_carry_9.arr$rdreg[0]$q, rval = 2'00).
Adding SRST signal on $\quire.seg_adder_vff_in_0.arr$rdreg[0] ($dff) from module mkPositCore (D = $auto$rtlil.cc:2498:Mux$3858, Q = $\quire.seg_adder_vff_in_0.arr$rdreg[0]$q, rval = 2'00).
Adding SRST signal on $\quire.seg_adder_vff_in_1.arr$rdreg[0] ($dff) from module mkPositCore (D = $auto$rtlil.cc:2498:Mux$3863, Q = $\quire.seg_adder_vff_in_1.arr$rdreg[0]$q, rval = 2'00).
Adding SRST signal on $\quire.seg_adder_vff_in_10.arr$rdreg[0] ($dff) from module mkPositCore (D = $auto$rtlil.cc:2498:Mux$3868, Q = $\quire.seg_adder_vff_in_10.arr$rdreg[0]$q, rval = 2'00).
Adding SRST signal on $\quire.seg_adder_vff_in_9.arr$rdreg[0] ($dff) from module mkPositCore (D = $auto$rtlil.cc:2498:Mux$3918, Q = $\quire.seg_adder_vff_in_9.arr$rdreg[0]$q, rval = 2'00).
Adding SRST signal on $\quire.seg_adder_vff_in_11.arr$rdreg[0] ($dff) from module mkPositCore (D = $auto$rtlil.cc:2498:Mux$3873, Q = $\quire.seg_adder_vff_in_11.arr$rdreg[0]$q, rval = 2'00).
Adding SRST signal on $\quire.seg_adder_vff_in_12.arr$rdreg[0] ($dff) from module mkPositCore (D = $auto$rtlil.cc:2498:Mux$3878, Q = $\quire.seg_adder_vff_in_12.arr$rdreg[0]$q, rval = 2'00).
Adding SRST signal on $\quire.seg_adder_vff_in_2.arr$rdreg[0] ($dff) from module mkPositCore (D = $auto$rtlil.cc:2498:Mux$3883, Q = $\quire.seg_adder_vff_in_2.arr$rdreg[0]$q, rval = 2'00).
Adding SRST signal on $\quire.seg_adder_vff_in_3.arr$rdreg[0] ($dff) from module mkPositCore (D = $auto$rtlil.cc:2498:Mux$3888, Q = $\quire.seg_adder_vff_in_3.arr$rdreg[0]$q, rval = 2'00).
Adding SRST signal on $\quire.seg_adder_vff_in_8.arr$rdreg[0] ($dff) from module mkPositCore (D = $auto$rtlil.cc:2498:Mux$3913, Q = $\quire.seg_adder_vff_in_8.arr$rdreg[0]$q, rval = 2'00).
Adding SRST signal on $\quire.seg_adder_vff_in_4.arr$rdreg[0] ($dff) from module mkPositCore (D = $auto$rtlil.cc:2498:Mux$3893, Q = $\quire.seg_adder_vff_in_4.arr$rdreg[0]$q, rval = 2'00).
Adding SRST signal on $\quire.seg_adder_vff_in_5.arr$rdreg[0] ($dff) from module mkPositCore (D = $auto$rtlil.cc:2498:Mux$3898, Q = $\quire.seg_adder_vff_in_5.arr$rdreg[0]$q, rval = 2'00).
Adding SRST signal on $\quire.seg_adder_vff_in_6.arr$rdreg[0] ($dff) from module mkPositCore (D = $auto$rtlil.cc:2498:Mux$3903, Q = $\quire.seg_adder_vff_in_6.arr$rdreg[0]$q, rval = 2'00).

14.20.8. Executing OPT_CLEAN pass (remove unused cells and wires).
Finding unused cells or wires in module \mkPositCore..
Removed 25 unused cells and 290 unused wires.
<suppressed ~30 debug messages>

14.20.9. Executing OPT_EXPR pass (perform const folding).
Optimizing module mkPositCore.
<suppressed ~39 debug messages>

14.20.10. Rerunning OPT passes. (Maybe there is more to do..)

14.20.11. Executing OPT_MUXTREE pass (detect dead branches in mux trees).
Running muxtree optimizer on module \mkPositCore..
  Creating internal representation of mux trees.
  Evaluating internal representation of mux trees.
  Analyzing evaluation results.
Removed 0 multiplexer ports.
<suppressed ~308 debug messages>

14.20.12. Executing OPT_REDUCE pass (consolidate $*mux and $reduce_* inputs).
  Optimizing cells in module \mkPositCore.
    Consolidated identical input bits for $mux cell $auto$opt_share.cc:244:merge_operators$5089:
      Old ports: A=4'1111, B=4'0001, Y=$auto$rtlil.cc:2498:Mux$5090
      New ports: A=1'1, B=1'0, Y=$auto$rtlil.cc:2498:Mux$5090 [1]
      New connections: { $auto$rtlil.cc:2498:Mux$5090 [3:2] $auto$rtlil.cc:2498:Mux$5090 [0] } = { $auto$rtlil.cc:2498:Mux$5090 [1] $auto$rtlil.cc:2498:Mux$5090 [1] 1'1 }
    Consolidated identical input bits for $mux cell $auto$opt_share.cc:244:merge_operators$5096:
      Old ports: A=8'11111111, B=8'00000001, Y=$auto$rtlil.cc:2498:Mux$5097
      New ports: A=1'1, B=1'0, Y=$auto$rtlil.cc:2498:Mux$5097 [1]
      New connections: { $auto$rtlil.cc:2498:Mux$5097 [7:2] $auto$rtlil.cc:2498:Mux$5097 [0] } = { $auto$rtlil.cc:2498:Mux$5097 [1] $auto$rtlil.cc:2498:Mux$5097 [1] $auto$rtlil.cc:2498:Mux$5097 [1] $auto$rtlil.cc:2498:Mux$5097 [1] $auto$rtlil.cc:2498:Mux$5097 [1] $auto$rtlil.cc:2498:Mux$5097 [1] 1'1 }
    Consolidated identical input bits for $mux cell $ternary$/teamspace/studios/this_studio/Melodica-Integration-into-Fife-Core/Learn_Bluespec_and_RISCV_Design/Code/Build/Fife/verilog/mkPositCore.v:525$1181:
      Old ports: A={ 2'01 \ptof.ffO.data0_reg [34:3] 1'0 $auto$opt_share.cc:222:merge_operators$5100 \MUX_ffO$enq_1__VAL_2 [1] \ptof.ffO.data0_reg [0] }, B={ 2'10 \normalizer.fifo_output_reg.data0_reg [35:4] \normalizer.fifo_output_reg.data0_reg [1] $auto$opt_share.cc:222:merge_operators$5100 \MUX_ffO$enq_1__VAL_1 [1] \normalizer.fifo_output_reg.data0_reg [0] }, Y={ \ffO.D_IN [70:69] \ffO.D_IN [36:4] \ffO.D_IN [2:0] }
      New ports: A={ 2'01 \ptof.ffO.data0_reg [34:3] 1'0 \MUX_ffO$enq_1__VAL_2 [1] \ptof.ffO.data0_reg [0] }, B={ 2'10 \normalizer.fifo_output_reg.data0_reg [35:4] \normalizer.fifo_output_reg.data0_reg [1] \MUX_ffO$enq_1__VAL_1 [1] \normalizer.fifo_output_reg.data0_reg [0] }, Y={ \ffO.D_IN [70:69] \ffO.D_IN [36:4] \ffO.D_IN [1:0] }
      New connections: \ffO.D_IN [2] = $auto$opt_share.cc:222:merge_operators$5100
  Optimizing cells in module \mkPositCore.
Performed a total of 3 changes.

14.20.13. Executing OPT_MERGE pass (detect identical cells).
Finding identical cells in module `\mkPositCore'.
Removed a total of 0 cells.

14.20.14. Executing OPT_SHARE pass.

14.20.15. Executing OPT_DFF pass (perform DFF optimizations).
Adding EN signal on $memory\quire.seg_adder_vff_in_9.arr[2]$5049 ($dff) from module mkPositCore (D = \quire.IF_accumulate_x_BIT_389_06_THEN_0b1_CONCAT_fn__ETC___d441 [319:288], Q = \quire.seg_adder_vff_in_9.arr[2]).
Adding EN signal on $memory\quire.seg_adder_vff_in_9.arr[1]$5047 ($dff) from module mkPositCore (D = \quire.IF_accumulate_x_BIT_389_06_THEN_0b1_CONCAT_fn__ETC___d441 [319:288], Q = \quire.seg_adder_vff_in_9.arr[1]).
Adding EN signal on $memory\quire.seg_adder_vff_in_9.arr[0]$5045 ($dff) from module mkPositCore (D = \quire.IF_accumulate_x_BIT_389_06_THEN_0b1_CONCAT_fn__ETC___d441 [319:288], Q = \quire.seg_adder_vff_in_9.arr[0]).
Adding EN signal on $memory\quire.seg_adder_vff_in_8.arr[2]$5008 ($dff) from module mkPositCore (D = \quire.IF_accumulate_x_BIT_389_06_THEN_0b1_CONCAT_fn__ETC___d441 [287:256], Q = \quire.seg_adder_vff_in_8.arr[2]).
Adding EN signal on $memory\quire.seg_adder_vff_in_8.arr[1]$5006 ($dff) from module mkPositCore (D = \quire.IF_accumulate_x_BIT_389_06_THEN_0b1_CONCAT_fn__ETC___d441 [287:256], Q = \quire.seg_adder_vff_in_8.arr[1]).
Adding EN signal on $memory\quire.seg_adder_vff_in_8.arr[0]$5004 ($dff) from module mkPositCore (D = \quire.IF_accumulate_x_BIT_389_06_THEN_0b1_CONCAT_fn__ETC___d441 [287:256], Q = \quire.seg_adder_vff_in_8.arr[0]).
Adding EN signal on $memory\quire.seg_adder_vff_in_7.arr[2]$4967 ($dff) from module mkPositCore (D = \quire.IF_accumulate_x_BIT_389_06_THEN_0b1_CONCAT_fn__ETC___d441 [255:224], Q = \quire.seg_adder_vff_in_7.arr[2]).
Adding EN signal on $memory\quire.seg_adder_vff_in_7.arr[1]$4965 ($dff) from module mkPositCore (D = \quire.IF_accumulate_x_BIT_389_06_THEN_0b1_CONCAT_fn__ETC___d441 [255:224], Q = \quire.seg_adder_vff_in_7.arr[1]).
Adding EN signal on $memory\quire.seg_adder_vff_in_7.arr[0]$4963 ($dff) from module mkPositCore (D = \quire.IF_accumulate_x_BIT_389_06_THEN_0b1_CONCAT_fn__ETC___d441 [255:224], Q = \quire.seg_adder_vff_in_7.arr[0]).
Adding EN signal on $memory\quire.seg_adder_vff_in_6.arr[2]$4926 ($dff) from module mkPositCore (D = \quire.IF_accumulate_x_BIT_389_06_THEN_0b1_CONCAT_fn__ETC___d441 [223:192], Q = \quire.seg_adder_vff_in_6.arr[2]).
Adding EN signal on $memory\quire.seg_adder_vff_in_6.arr[1]$4924 ($dff) from module mkPositCore (D = \quire.IF_accumulate_x_BIT_389_06_THEN_0b1_CONCAT_fn__ETC___d441 [223:192], Q = \quire.seg_adder_vff_in_6.arr[1]).
Adding EN signal on $memory\quire.seg_adder_vff_in_6.arr[0]$4922 ($dff) from module mkPositCore (D = \quire.IF_accumulate_x_BIT_389_06_THEN_0b1_CONCAT_fn__ETC___d441 [223:192], Q = \quire.seg_adder_vff_in_6.arr[0]).
Adding EN signal on $memory\quire.seg_adder_vff_in_5.arr[2]$4885 ($dff) from module mkPositCore (D = \quire.IF_accumulate_x_BIT_389_06_THEN_0b1_CONCAT_fn__ETC___d441 [191:160], Q = \quire.seg_adder_vff_in_5.arr[2]).
Adding EN signal on $memory\quire.seg_adder_vff_in_5.arr[1]$4883 ($dff) from module mkPositCore (D = \quire.IF_accumulate_x_BIT_389_06_THEN_0b1_CONCAT_fn__ETC___d441 [191:160], Q = \quire.seg_adder_vff_in_5.arr[1]).
Adding EN signal on $memory\quire.seg_adder_vff_in_5.arr[0]$4881 ($dff) from module mkPositCore (D = \quire.IF_accumulate_x_BIT_389_06_THEN_0b1_CONCAT_fn__ETC___d441 [191:160], Q = \quire.seg_adder_vff_in_5.arr[0]).
Adding EN signal on $memory\quire.seg_adder_vff_in_4.arr[2]$4844 ($dff) from module mkPositCore (D = \quire.IF_accumulate_x_BIT_389_06_THEN_0b1_CONCAT_fn__ETC___d441 [159:128], Q = \quire.seg_adder_vff_in_4.arr[2]).
Adding EN signal on $memory\quire.seg_adder_vff_in_4.arr[1]$4842 ($dff) from module mkPositCore (D = \quire.IF_accumulate_x_BIT_389_06_THEN_0b1_CONCAT_fn__ETC___d441 [159:128], Q = \quire.seg_adder_vff_in_4.arr[1]).
Adding EN signal on $memory\quire.seg_adder_vff_in_4.arr[0]$4840 ($dff) from module mkPositCore (D = \quire.IF_accumulate_x_BIT_389_06_THEN_0b1_CONCAT_fn__ETC___d441 [159:128], Q = \quire.seg_adder_vff_in_4.arr[0]).
Adding EN signal on $memory\quire.seg_adder_vff_in_3.arr[2]$4803 ($dff) from module mkPositCore (D = \quire.IF_accumulate_x_BIT_389_06_THEN_0b1_CONCAT_fn__ETC___d441 [127:96], Q = \quire.seg_adder_vff_in_3.arr[2]).
Adding EN signal on $memory\quire.seg_adder_vff_in_3.arr[1]$4801 ($dff) from module mkPositCore (D = \quire.IF_accumulate_x_BIT_389_06_THEN_0b1_CONCAT_fn__ETC___d441 [127:96], Q = \quire.seg_adder_vff_in_3.arr[1]).
Adding EN signal on $memory\quire.seg_adder_vff_in_3.arr[0]$4799 ($dff) from module mkPositCore (D = \quire.IF_accumulate_x_BIT_389_06_THEN_0b1_CONCAT_fn__ETC___d441 [127:96], Q = \quire.seg_adder_vff_in_3.arr[0]).
Adding EN signal on $memory\quire.seg_adder_vff_in_2.arr[2]$4762 ($dff) from module mkPositCore (D = \quire.IF_accumulate_x_BIT_389_06_THEN_0b1_CONCAT_fn__ETC___d441 [95:64], Q = \quire.seg_adder_vff_in_2.arr[2]).
Adding EN signal on $memory\quire.seg_adder_vff_in_2.arr[1]$4760 ($dff) from module mkPositCore (D = \quire.IF_accumulate_x_BIT_389_06_THEN_0b1_CONCAT_fn__ETC___d441 [95:64], Q = \quire.seg_adder_vff_in_2.arr[1]).
Adding EN signal on $memory\quire.seg_adder_vff_in_2.arr[0]$4758 ($dff) from module mkPositCore (D = \quire.IF_accumulate_x_BIT_389_06_THEN_0b1_CONCAT_fn__ETC___d441 [95:64], Q = \quire.seg_adder_vff_in_2.arr[0]).
Adding EN signal on $memory\quire.seg_adder_vff_in_12.arr[2]$4721 ($dff) from module mkPositCore (D = { \quire.IF_accumulate_x_BIT_389_06_THEN_0b1_CONCAT_fn__ETC___d441 [415:414] \quire.IF_accumulate_x_BIT_389_06_THEN_0b1_CONCAT_fn__ETC___d441 [414] \quire.IF_accumulate_x_BIT_389_06_THEN_0b1_CONCAT_fn__ETC___d441 [414] \quire.IF_accumulate_x_BIT_389_06_THEN_0b1_CONCAT_fn__ETC___d441 [414] \quire.IF_accumulate_x_BIT_389_06_THEN_0b1_CONCAT_fn__ETC___d441 [414] \quire.IF_accumulate_x_BIT_389_06_THEN_0b1_CONCAT_fn__ETC___d441 [414] \quire.IF_accumulate_x_BIT_389_06_THEN_0b1_CONCAT_fn__ETC___d441 [414] \quire.IF_accumulate_x_BIT_389_06_THEN_0b1_CONCAT_fn__ETC___d441 [414] \quire.IF_accumulate_x_BIT_389_06_THEN_0b1_CONCAT_fn__ETC___d441 [414] \quire.IF_accumulate_x_BIT_389_06_THEN_0b1_CONCAT_fn__ETC___d441 [414] \quire.IF_accumulate_x_BIT_389_06_THEN_0b1_CONCAT_fn__ETC___d441 [414] \quire.IF_accumulate_x_BIT_389_06_THEN_0b1_CONCAT_fn__ETC___d441 [414] \quire.IF_accumulate_x_BIT_389_06_THEN_0b1_CONCAT_fn__ETC___d441 [414] \quire.IF_accumulate_x_BIT_389_06_THEN_0b1_CONCAT_fn__ETC___d441 [414] \quire.IF_accumulate_x_BIT_389_06_THEN_0b1_CONCAT_fn__ETC___d441 [414] \quire.IF_accumulate_x_BIT_389_06_THEN_0b1_CONCAT_fn__ETC___d441 [414] \quire.IF_accumulate_x_BIT_389_06_THEN_0b1_CONCAT_fn__ETC___d441 [414] \quire.IF_accumulate_x_BIT_389_06_THEN_0b1_CONCAT_fn__ETC___d441 [414] \quire.IF_accumulate_x_BIT_389_06_THEN_0b1_CONCAT_fn__ETC___d441 [414] \quire.IF_accumulate_x_BIT_389_06_THEN_0b1_CONCAT_fn__ETC___d441 [414] \quire.IF_accumulate_x_BIT_389_06_THEN_0b1_CONCAT_fn__ETC___d441 [414] \quire.IF_accumulate_x_BIT_389_06_THEN_0b1_CONCAT_fn__ETC___d441 [414] \quire.IF_accumulate_x_BIT_389_06_THEN_0b1_CONCAT_fn__ETC___d441 [414] \quire.IF_accumulate_x_BIT_389_06_THEN_0b1_CONCAT_fn__ETC___d441 [414] \quire.IF_accumulate_x_BIT_389_06_THEN_0b1_CONCAT_fn__ETC___d441 [414] \quire.IF_accumulate_x_BIT_389_06_THEN_0b1_CONCAT_fn__ETC___d441 [414] \quire.IF_accumulate_x_BIT_389_06_THEN_0b1_CONCAT_fn__ETC___d441 [414] \quire.IF_accumulate_x_BIT_389_06_THEN_0b1_CONCAT_fn__ETC___d441 [414] \quire.IF_accumulate_x_BIT_389_06_THEN_0b1_CONCAT_fn__ETC___d441 [414] \quire.IF_accumulate_x_BIT_389_06_THEN_0b1_CONCAT_fn__ETC___d441 [414] \quire.IF_accumulate_x_BIT_389_06_THEN_0b1_CONCAT_fn__ETC___d441 [414] }, Q = \quire.seg_adder_vff_in_12.arr[2]).
Adding EN signal on $memory\quire.seg_adder_vff_in_12.arr[1]$4719 ($dff) from module mkPositCore (D = { \quire.IF_accumulate_x_BIT_389_06_THEN_0b1_CONCAT_fn__ETC___d441 [415:414] \quire.IF_accumulate_x_BIT_389_06_THEN_0b1_CONCAT_fn__ETC___d441 [414] \quire.IF_accumulate_x_BIT_389_06_THEN_0b1_CONCAT_fn__ETC___d441 [414] \quire.IF_accumulate_x_BIT_389_06_THEN_0b1_CONCAT_fn__ETC___d441 [414] \quire.IF_accumulate_x_BIT_389_06_THEN_0b1_CONCAT_fn__ETC___d441 [414] \quire.IF_accumulate_x_BIT_389_06_THEN_0b1_CONCAT_fn__ETC___d441 [414] \quire.IF_accumulate_x_BIT_389_06_THEN_0b1_CONCAT_fn__ETC___d441 [414] \quire.IF_accumulate_x_BIT_389_06_THEN_0b1_CONCAT_fn__ETC___d441 [414] \quire.IF_accumulate_x_BIT_389_06_THEN_0b1_CONCAT_fn__ETC___d441 [414] \quire.IF_accumulate_x_BIT_389_06_THEN_0b1_CONCAT_fn__ETC___d441 [414] \quire.IF_accumulate_x_BIT_389_06_THEN_0b1_CONCAT_fn__ETC___d441 [414] \quire.IF_accumulate_x_BIT_389_06_THEN_0b1_CONCAT_fn__ETC___d441 [414] \quire.IF_accumulate_x_BIT_389_06_THEN_0b1_CONCAT_fn__ETC___d441 [414] \quire.IF_accumulate_x_BIT_389_06_THEN_0b1_CONCAT_fn__ETC___d441 [414] \quire.IF_accumulate_x_BIT_389_06_THEN_0b1_CONCAT_fn__ETC___d441 [414] \quire.IF_accumulate_x_BIT_389_06_THEN_0b1_CONCAT_fn__ETC___d441 [414] \quire.IF_accumulate_x_BIT_389_06_THEN_0b1_CONCAT_fn__ETC___d441 [414] \quire.IF_accumulate_x_BIT_389_06_THEN_0b1_CONCAT_fn__ETC___d441 [414] \quire.IF_accumulate_x_BIT_389_06_THEN_0b1_CONCAT_fn__ETC___d441 [414] \quire.IF_accumulate_x_BIT_389_06_THEN_0b1_CONCAT_fn__ETC___d441 [414] \quire.IF_accumulate_x_BIT_389_06_THEN_0b1_CONCAT_fn__ETC___d441 [414] \quire.IF_accumulate_x_BIT_389_06_THEN_0b1_CONCAT_fn__ETC___d441 [414] \quire.IF_accumulate_x_BIT_389_06_THEN_0b1_CONCAT_fn__ETC___d441 [414] \quire.IF_accumulate_x_BIT_389_06_THEN_0b1_CONCAT_fn__ETC___d441 [414] \quire.IF_accumulate_x_BIT_389_06_THEN_0b1_CONCAT_fn__ETC___d441 [414] \quire.IF_accumulate_x_BIT_389_06_THEN_0b1_CONCAT_fn__ETC___d441 [414] \quire.IF_accumulate_x_BIT_389_06_THEN_0b1_CONCAT_fn__ETC___d441 [414] \quire.IF_accumulate_x_BIT_389_06_THEN_0b1_CONCAT_fn__ETC___d441 [414] \quire.IF_accumulate_x_BIT_389_06_THEN_0b1_CONCAT_fn__ETC___d441 [414] \quire.IF_accumulate_x_BIT_389_06_THEN_0b1_CONCAT_fn__ETC___d441 [414] \quire.IF_accumulate_x_BIT_389_06_THEN_0b1_CONCAT_fn__ETC___d441 [414] }, Q = \quire.seg_adder_vff_in_12.arr[1]).
Adding EN signal on $memory\quire.seg_adder_vff_in_12.arr[0]$4717 ($dff) from module mkPositCore (D = { \quire.IF_accumulate_x_BIT_389_06_THEN_0b1_CONCAT_fn__ETC___d441 [415:414] \quire.IF_accumulate_x_BIT_389_06_THEN_0b1_CONCAT_fn__ETC___d441 [414] \quire.IF_accumulate_x_BIT_389_06_THEN_0b1_CONCAT_fn__ETC___d441 [414] \quire.IF_accumulate_x_BIT_389_06_THEN_0b1_CONCAT_fn__ETC___d441 [414] \quire.IF_accumulate_x_BIT_389_06_THEN_0b1_CONCAT_fn__ETC___d441 [414] \quire.IF_accumulate_x_BIT_389_06_THEN_0b1_CONCAT_fn__ETC___d441 [414] \quire.IF_accumulate_x_BIT_389_06_THEN_0b1_CONCAT_fn__ETC___d441 [414] \quire.IF_accumulate_x_BIT_389_06_THEN_0b1_CONCAT_fn__ETC___d441 [414] \quire.IF_accumulate_x_BIT_389_06_THEN_0b1_CONCAT_fn__ETC___d441 [414] \quire.IF_accumulate_x_BIT_389_06_THEN_0b1_CONCAT_fn__ETC___d441 [414] \quire.IF_accumulate_x_BIT_389_06_THEN_0b1_CONCAT_fn__ETC___d441 [414] \quire.IF_accumulate_x_BIT_389_06_THEN_0b1_CONCAT_fn__ETC___d441 [414] \quire.IF_accumulate_x_BIT_389_06_THEN_0b1_CONCAT_fn__ETC___d441 [414] \quire.IF_accumulate_x_BIT_389_06_THEN_0b1_CONCAT_fn__ETC___d441 [414] \quire.IF_accumulate_x_BIT_389_06_THEN_0b1_CONCAT_fn__ETC___d441 [414] \quire.IF_accumulate_x_BIT_389_06_THEN_0b1_CONCAT_fn__ETC___d441 [414] \quire.IF_accumulate_x_BIT_389_06_THEN_0b1_CONCAT_fn__ETC___d441 [414] \quire.IF_accumulate_x_BIT_389_06_THEN_0b1_CONCAT_fn__ETC___d441 [414] \quire.IF_accumulate_x_BIT_389_06_THEN_0b1_CONCAT_fn__ETC___d441 [414] \quire.IF_accumulate_x_BIT_389_06_THEN_0b1_CONCAT_fn__ETC___d441 [414] \quire.IF_accumulate_x_BIT_389_06_THEN_0b1_CONCAT_fn__ETC___d441 [414] \quire.IF_accumulate_x_BIT_389_06_THEN_0b1_CONCAT_fn__ETC___d441 [414] \quire.IF_accumulate_x_BIT_389_06_THEN_0b1_CONCAT_fn__ETC___d441 [414] \quire.IF_accumulate_x_BIT_389_06_THEN_0b1_CONCAT_fn__ETC___d441 [414] \quire.IF_accumulate_x_BIT_389_06_THEN_0b1_CONCAT_fn__ETC___d441 [414] \quire.IF_accumulate_x_BIT_389_06_THEN_0b1_CONCAT_fn__ETC___d441 [414] \quire.IF_accumulate_x_BIT_389_06_THEN_0b1_CONCAT_fn__ETC___d441 [414] \quire.IF_accumulate_x_BIT_389_06_THEN_0b1_CONCAT_fn__ETC___d441 [414] \quire.IF_accumulate_x_BIT_389_06_THEN_0b1_CONCAT_fn__ETC___d441 [414] \quire.IF_accumulate_x_BIT_389_06_THEN_0b1_CONCAT_fn__ETC___d441 [414] \quire.IF_accumulate_x_BIT_389_06_THEN_0b1_CONCAT_fn__ETC___d441 [414] }, Q = \quire.seg_adder_vff_in_12.arr[0]).
Adding EN signal on $memory\quire.seg_adder_vff_in_11.arr[2]$4680 ($dff) from module mkPositCore (D = \quire.IF_accumulate_x_BIT_389_06_THEN_0b1_CONCAT_fn__ETC___d441 [383:352], Q = \quire.seg_adder_vff_in_11.arr[2]).
Adding EN signal on $memory\quire.seg_adder_vff_in_11.arr[1]$4678 ($dff) from module mkPositCore (D = \quire.IF_accumulate_x_BIT_389_06_THEN_0b1_CONCAT_fn__ETC___d441 [383:352], Q = \quire.seg_adder_vff_in_11.arr[1]).
Adding EN signal on $memory\quire.seg_adder_vff_in_11.arr[0]$4676 ($dff) from module mkPositCore (D = \quire.IF_accumulate_x_BIT_389_06_THEN_0b1_CONCAT_fn__ETC___d441 [383:352], Q = \quire.seg_adder_vff_in_11.arr[0]).
Adding EN signal on $memory\quire.seg_adder_vff_in_10.arr[2]$4639 ($dff) from module mkPositCore (D = \quire.IF_accumulate_x_BIT_389_06_THEN_0b1_CONCAT_fn__ETC___d441 [351:320], Q = \quire.seg_adder_vff_in_10.arr[2]).
Adding EN signal on $memory\quire.seg_adder_vff_in_10.arr[1]$4637 ($dff) from module mkPositCore (D = \quire.IF_accumulate_x_BIT_389_06_THEN_0b1_CONCAT_fn__ETC___d441 [351:320], Q = \quire.seg_adder_vff_in_10.arr[1]).
Adding EN signal on $memory\quire.seg_adder_vff_in_10.arr[0]$4635 ($dff) from module mkPositCore (D = \quire.IF_accumulate_x_BIT_389_06_THEN_0b1_CONCAT_fn__ETC___d441 [351:320], Q = \quire.seg_adder_vff_in_10.arr[0]).
Adding EN signal on $memory\quire.seg_adder_vff_in_1.arr[2]$4598 ($dff) from module mkPositCore (D = \quire.IF_accumulate_x_BIT_389_06_THEN_0b1_CONCAT_fn__ETC___d441 [63:32], Q = \quire.seg_adder_vff_in_1.arr[2]).
Adding EN signal on $memory\quire.seg_adder_vff_in_1.arr[1]$4596 ($dff) from module mkPositCore (D = \quire.IF_accumulate_x_BIT_389_06_THEN_0b1_CONCAT_fn__ETC___d441 [63:32], Q = \quire.seg_adder_vff_in_1.arr[1]).
Adding EN signal on $memory\quire.seg_adder_vff_in_1.arr[0]$4594 ($dff) from module mkPositCore (D = \quire.IF_accumulate_x_BIT_389_06_THEN_0b1_CONCAT_fn__ETC___d441 [63:32], Q = \quire.seg_adder_vff_in_1.arr[0]).
Adding EN signal on $memory\quire.seg_adder_vff_in_0.arr[2]$4557 ($dff) from module mkPositCore (D = \quire.IF_accumulate_x_BIT_389_06_THEN_0b1_CONCAT_fn__ETC___d441 [31:0], Q = \quire.seg_adder_vff_in_0.arr[2]).
Adding EN signal on $memory\quire.seg_adder_vff_in_0.arr[1]$4555 ($dff) from module mkPositCore (D = \quire.IF_accumulate_x_BIT_389_06_THEN_0b1_CONCAT_fn__ETC___d441 [31:0], Q = \quire.seg_adder_vff_in_0.arr[1]).
Adding EN signal on $memory\quire.seg_adder_vff_in_0.arr[0]$4553 ($dff) from module mkPositCore (D = \quire.IF_accumulate_x_BIT_389_06_THEN_0b1_CONCAT_fn__ETC___d441 [31:0], Q = \quire.seg_adder_vff_in_0.arr[0]).
Adding EN signal on $memory\quire.seg_adder_vff_carry_9.arr[2]$4516 ($dff) from module mkPositCore (D = \quire.acc__h10618 [32], Q = \quire.seg_adder_vff_carry_9.arr[2]).
Adding EN signal on $memory\quire.seg_adder_vff_carry_9.arr[1]$4514 ($dff) from module mkPositCore (D = \quire.acc__h10618 [32], Q = \quire.seg_adder_vff_carry_9.arr[1]).
Adding EN signal on $memory\quire.seg_adder_vff_carry_9.arr[0]$4512 ($dff) from module mkPositCore (D = \quire.acc__h10618 [32], Q = \quire.seg_adder_vff_carry_9.arr[0]).
Adding EN signal on $memory\quire.seg_adder_vff_carry_8.arr[2]$4475 ($dff) from module mkPositCore (D = \quire.acc__h10115 [32], Q = \quire.seg_adder_vff_carry_8.arr[2]).
Adding EN signal on $memory\quire.seg_adder_vff_carry_8.arr[1]$4473 ($dff) from module mkPositCore (D = \quire.acc__h10115 [32], Q = \quire.seg_adder_vff_carry_8.arr[1]).
Adding EN signal on $memory\quire.seg_adder_vff_carry_8.arr[0]$4471 ($dff) from module mkPositCore (D = \quire.acc__h10115 [32], Q = \quire.seg_adder_vff_carry_8.arr[0]).
Adding EN signal on $memory\quire.seg_adder_vff_carry_7.arr[2]$4434 ($dff) from module mkPositCore (D = \quire.acc__h9612 [32], Q = \quire.seg_adder_vff_carry_7.arr[2]).
Adding EN signal on $memory\quire.seg_adder_vff_carry_7.arr[1]$4432 ($dff) from module mkPositCore (D = \quire.acc__h9612 [32], Q = \quire.seg_adder_vff_carry_7.arr[1]).
Adding EN signal on $memory\quire.seg_adder_vff_carry_7.arr[0]$4430 ($dff) from module mkPositCore (D = \quire.acc__h9612 [32], Q = \quire.seg_adder_vff_carry_7.arr[0]).
Adding EN signal on $memory\quire.seg_adder_vff_carry_6.arr[2]$4393 ($dff) from module mkPositCore (D = \quire.acc__h9109 [32], Q = \quire.seg_adder_vff_carry_6.arr[2]).
Adding EN signal on $memory\quire.seg_adder_vff_carry_6.arr[1]$4391 ($dff) from module mkPositCore (D = \quire.acc__h9109 [32], Q = \quire.seg_adder_vff_carry_6.arr[1]).
Adding EN signal on $memory\quire.seg_adder_vff_carry_6.arr[0]$4389 ($dff) from module mkPositCore (D = \quire.acc__h9109 [32], Q = \quire.seg_adder_vff_carry_6.arr[0]).
Adding EN signal on $memory\quire.seg_adder_vff_carry_5.arr[2]$4352 ($dff) from module mkPositCore (D = \quire.acc__h8606 [32], Q = \quire.seg_adder_vff_carry_5.arr[2]).
Adding EN signal on $memory\quire.seg_adder_vff_carry_5.arr[1]$4350 ($dff) from module mkPositCore (D = \quire.acc__h8606 [32], Q = \quire.seg_adder_vff_carry_5.arr[1]).
Adding EN signal on $memory\quire.seg_adder_vff_carry_5.arr[0]$4348 ($dff) from module mkPositCore (D = \quire.acc__h8606 [32], Q = \quire.seg_adder_vff_carry_5.arr[0]).
Adding EN signal on $memory\quire.seg_adder_vff_carry_4.arr[2]$4311 ($dff) from module mkPositCore (D = \quire.acc__h8103 [32], Q = \quire.seg_adder_vff_carry_4.arr[2]).
Adding EN signal on $memory\quire.seg_adder_vff_carry_4.arr[1]$4309 ($dff) from module mkPositCore (D = \quire.acc__h8103 [32], Q = \quire.seg_adder_vff_carry_4.arr[1]).
Adding EN signal on $memory\quire.seg_adder_vff_carry_4.arr[0]$4307 ($dff) from module mkPositCore (D = \quire.acc__h8103 [32], Q = \quire.seg_adder_vff_carry_4.arr[0]).
Adding EN signal on $memory\quire.seg_adder_vff_carry_3.arr[2]$4270 ($dff) from module mkPositCore (D = \quire.acc__h7600 [32], Q = \quire.seg_adder_vff_carry_3.arr[2]).
Adding EN signal on $memory\quire.seg_adder_vff_carry_3.arr[1]$4268 ($dff) from module mkPositCore (D = \quire.acc__h7600 [32], Q = \quire.seg_adder_vff_carry_3.arr[1]).
Adding EN signal on $memory\quire.seg_adder_vff_carry_3.arr[0]$4266 ($dff) from module mkPositCore (D = \quire.acc__h7600 [32], Q = \quire.seg_adder_vff_carry_3.arr[0]).
Adding EN signal on $memory\quire.seg_adder_vff_carry_2.arr[2]$4229 ($dff) from module mkPositCore (D = \quire.acc__h7097 [32], Q = \quire.seg_adder_vff_carry_2.arr[2]).
Adding EN signal on $memory\quire.seg_adder_vff_carry_2.arr[1]$4227 ($dff) from module mkPositCore (D = \quire.acc__h7097 [32], Q = \quire.seg_adder_vff_carry_2.arr[1]).
Adding EN signal on $memory\quire.seg_adder_vff_carry_2.arr[0]$4225 ($dff) from module mkPositCore (D = \quire.acc__h7097 [32], Q = \quire.seg_adder_vff_carry_2.arr[0]).
Adding EN signal on $memory\quire.seg_adder_vff_carry_11.arr[2]$4188 ($dff) from module mkPositCore (D = \quire.acc__h11624 [32], Q = \quire.seg_adder_vff_carry_11.arr[2]).
Adding EN signal on $memory\quire.seg_adder_vff_carry_11.arr[1]$4186 ($dff) from module mkPositCore (D = \quire.acc__h11624 [32], Q = \quire.seg_adder_vff_carry_11.arr[1]).
Adding EN signal on $memory\quire.seg_adder_vff_carry_11.arr[0]$4184 ($dff) from module mkPositCore (D = \quire.acc__h11624 [32], Q = \quire.seg_adder_vff_carry_11.arr[0]).
Adding EN signal on $memory\quire.seg_adder_vff_carry_10.arr[2]$4147 ($dff) from module mkPositCore (D = \quire.acc__h11121 [32], Q = \quire.seg_adder_vff_carry_10.arr[2]).
Adding EN signal on $memory\quire.seg_adder_vff_carry_10.arr[1]$4145 ($dff) from module mkPositCore (D = \quire.acc__h11121 [32], Q = \quire.seg_adder_vff_carry_10.arr[1]).
Adding EN signal on $memory\quire.seg_adder_vff_carry_10.arr[0]$4143 ($dff) from module mkPositCore (D = \quire.acc__h11121 [32], Q = \quire.seg_adder_vff_carry_10.arr[0]).
Adding EN signal on $memory\quire.seg_adder_vff_carry_1.arr[2]$4106 ($dff) from module mkPositCore (D = \quire.acc__h6594 [32], Q = \quire.seg_adder_vff_carry_1.arr[2]).
Adding EN signal on $memory\quire.seg_adder_vff_carry_1.arr[1]$4104 ($dff) from module mkPositCore (D = \quire.acc__h6594 [32], Q = \quire.seg_adder_vff_carry_1.arr[1]).
Adding EN signal on $memory\quire.seg_adder_vff_carry_1.arr[0]$4102 ($dff) from module mkPositCore (D = \quire.acc__h6594 [32], Q = \quire.seg_adder_vff_carry_1.arr[0]).
Adding EN signal on $memory\quire.seg_adder_vff_carry_0.arr[2]$4065 ($dff) from module mkPositCore (D = \quire.acc__h5054 [32], Q = \quire.seg_adder_vff_carry_0.arr[2]).
Adding EN signal on $memory\quire.seg_adder_vff_carry_0.arr[1]$4063 ($dff) from module mkPositCore (D = \quire.acc__h5054 [32], Q = \quire.seg_adder_vff_carry_0.arr[1]).
Adding EN signal on $memory\quire.seg_adder_vff_carry_0.arr[0]$4061 ($dff) from module mkPositCore (D = \quire.acc__h5054 [32], Q = \quire.seg_adder_vff_carry_0.arr[0]).
Setting constant 0-bit at position 0 on $auto$ff.cc:266:slice$3079 ($dffe) from module mkPositCore.
Setting constant 0-bit at position 3 on $auto$ff.cc:266:slice$3196 ($dffe) from module mkPositCore.
Setting constant 1-bit at position 36 on $auto$ff.cc:266:slice$3196 ($dffe) from module mkPositCore.
Setting constant 1-bit at position 37 on $auto$ff.cc:266:slice$3196 ($dffe) from module mkPositCore.
Setting constant 1-bit at position 38 on $auto$ff.cc:266:slice$3196 ($dffe) from module mkPositCore.
Setting constant 1-bit at position 39 on $auto$ff.cc:266:slice$3196 ($dffe) from module mkPositCore.
Setting constant 1-bit at position 40 on $auto$ff.cc:266:slice$3196 ($dffe) from module mkPositCore.
Setting constant 1-bit at position 41 on $auto$ff.cc:266:slice$3196 ($dffe) from module mkPositCore.
Setting constant 1-bit at position 42 on $auto$ff.cc:266:slice$3196 ($dffe) from module mkPositCore.
Setting constant 1-bit at position 43 on $auto$ff.cc:266:slice$3196 ($dffe) from module mkPositCore.
Setting constant 1-bit at position 44 on $auto$ff.cc:266:slice$3196 ($dffe) from module mkPositCore.
Setting constant 1-bit at position 45 on $auto$ff.cc:266:slice$3196 ($dffe) from module mkPositCore.
Setting constant 1-bit at position 46 on $auto$ff.cc:266:slice$3196 ($dffe) from module mkPositCore.
Setting constant 1-bit at position 47 on $auto$ff.cc:266:slice$3196 ($dffe) from module mkPositCore.
Setting constant 1-bit at position 48 on $auto$ff.cc:266:slice$3196 ($dffe) from module mkPositCore.
Setting constant 1-bit at position 49 on $auto$ff.cc:266:slice$3196 ($dffe) from module mkPositCore.
Setting constant 1-bit at position 50 on $auto$ff.cc:266:slice$3196 ($dffe) from module mkPositCore.
Setting constant 1-bit at position 51 on $auto$ff.cc:266:slice$3196 ($dffe) from module mkPositCore.
Setting constant 1-bit at position 52 on $auto$ff.cc:266:slice$3196 ($dffe) from module mkPositCore.
Setting constant 1-bit at position 53 on $auto$ff.cc:266:slice$3196 ($dffe) from module mkPositCore.
Setting constant 1-bit at position 54 on $auto$ff.cc:266:slice$3196 ($dffe) from module mkPositCore.
Setting constant 1-bit at position 55 on $auto$ff.cc:266:slice$3196 ($dffe) from module mkPositCore.
Setting constant 1-bit at position 56 on $auto$ff.cc:266:slice$3196 ($dffe) from module mkPositCore.
Setting constant 1-bit at position 57 on $auto$ff.cc:266:slice$3196 ($dffe) from module mkPositCore.
Setting constant 1-bit at position 58 on $auto$ff.cc:266:slice$3196 ($dffe) from module mkPositCore.
Setting constant 1-bit at position 59 on $auto$ff.cc:266:slice$3196 ($dffe) from module mkPositCore.
Setting constant 1-bit at position 60 on $auto$ff.cc:266:slice$3196 ($dffe) from module mkPositCore.
Setting constant 1-bit at position 61 on $auto$ff.cc:266:slice$3196 ($dffe) from module mkPositCore.
Setting constant 1-bit at position 62 on $auto$ff.cc:266:slice$3196 ($dffe) from module mkPositCore.
Setting constant 1-bit at position 63 on $auto$ff.cc:266:slice$3196 ($dffe) from module mkPositCore.
Setting constant 1-bit at position 64 on $auto$ff.cc:266:slice$3196 ($dffe) from module mkPositCore.
Setting constant 1-bit at position 65 on $auto$ff.cc:266:slice$3196 ($dffe) from module mkPositCore.
Setting constant 1-bit at position 66 on $auto$ff.cc:266:slice$3196 ($dffe) from module mkPositCore.
Setting constant 1-bit at position 67 on $auto$ff.cc:266:slice$3196 ($dffe) from module mkPositCore.

14.20.16. Executing OPT_CLEAN pass (remove unused cells and wires).
Finding unused cells or wires in module \mkPositCore..
Removed 75 unused cells and 107 unused wires.
<suppressed ~76 debug messages>

14.20.17. Executing OPT_EXPR pass (perform const folding).
Optimizing module mkPositCore.
<suppressed ~2 debug messages>

14.20.18. Rerunning OPT passes. (Maybe there is more to do..)

14.20.19. Executing OPT_MUXTREE pass (detect dead branches in mux trees).
Running muxtree optimizer on module \mkPositCore..
  Creating internal representation of mux trees.
  Evaluating internal representation of mux trees.
  Analyzing evaluation results.
Removed 0 multiplexer ports.
<suppressed ~231 debug messages>

14.20.20. Executing OPT_REDUCE pass (consolidate $*mux and $reduce_* inputs).
  Optimizing cells in module \mkPositCore.
Performed a total of 0 changes.

14.20.21. Executing OPT_MERGE pass (detect identical cells).
Finding identical cells in module `\mkPositCore'.
Removed a total of 0 cells.

14.20.22. Executing OPT_SHARE pass.

14.20.23. Executing OPT_DFF pass (perform DFF optimizations).

14.20.24. Executing OPT_CLEAN pass (remove unused cells and wires).
Finding unused cells or wires in module \mkPositCore..

14.20.25. Executing OPT_EXPR pass (perform const folding).
Optimizing module mkPositCore.

14.20.26. Finished OPT passes. (There is nothing left to do.)

14.21. Executing TECHMAP pass (map to technology primitives).

14.21.1. Executing Verilog-2005 frontend: /usr/bin/../share/yosys/techmap.v
Parsing Verilog input from `/usr/bin/../share/yosys/techmap.v' to AST representation.
Generating RTLIL representation for module `\_90_simplemap_bool_ops'.
Generating RTLIL representation for module `\_90_simplemap_reduce_ops'.
Generating RTLIL representation for module `\_90_simplemap_logic_ops'.
Generating RTLIL representation for module `\_90_simplemap_compare_ops'.
Generating RTLIL representation for module `\_90_simplemap_various'.
Generating RTLIL representation for module `\_90_simplemap_registers'.
Generating RTLIL representation for module `\_90_shift_ops_shr_shl_sshl_sshr'.
Generating RTLIL representation for module `\_90_shift_shiftx'.
Generating RTLIL representation for module `\_90_fa'.
Generating RTLIL representation for module `\_90_lcu'.
Generating RTLIL representation for module `\_90_alu'.
Generating RTLIL representation for module `\_90_macc'.
Generating RTLIL representation for module `\_90_alumacc'.
Generating RTLIL representation for module `\$__div_mod_u'.
Generating RTLIL representation for module `\$__div_mod_trunc'.
Generating RTLIL representation for module `\_90_div'.
Generating RTLIL representation for module `\_90_mod'.
Generating RTLIL representation for module `\$__div_mod_floor'.
Generating RTLIL representation for module `\_90_divfloor'.
Generating RTLIL representation for module `\_90_modfloor'.
Generating RTLIL representation for module `\_90_pow'.
Generating RTLIL representation for module `\_90_pmux'.
Generating RTLIL representation for module `\_90_demux'.
Generating RTLIL representation for module `\_90_lut'.
Successfully finished Verilog frontend.

14.21.2. Continuing TECHMAP pass.
Using extmapper simplemap for cells of type $logic_and.
Using extmapper simplemap for cells of type $ne.
Using extmapper simplemap for cells of type $eq.
Using extmapper simplemap for cells of type $logic_not.
Using extmapper simplemap for cells of type $logic_or.
Using extmapper simplemap for cells of type $dffe.
Using extmapper simplemap for cells of type $mux.
Using extmapper simplemap for cells of type $reduce_or.
Using template $paramod$6a42b6fefed750f8a1c58eab59479d960557103c\_90_alu for cells of type $alu.
Using template $paramod$b016129edba87ad27a7393da6fa50baa1808cfd8\_90_alu for cells of type $alu.
Using extmapper simplemap for cells of type $reduce_and.
Using extmapper simplemap for cells of type $not.
Using extmapper simplemap for cells of type $and.
Using extmapper simplemap for cells of type $sdffe.
Using extmapper simplemap for cells of type $or.
Using extmapper simplemap for cells of type $reduce_bool.
Using extmapper simplemap for cells of type $dff.
Using extmapper simplemap for cells of type $xor.
Using template $paramod$175e67c02b86e96b1288b9dc100122520d7240d8\_90_alu for cells of type $alu.
Using template $paramod$32efbfac1c4dc57230cf86180788fdfd12e3b511\_90_alu for cells of type $alu.
Using extmapper simplemap for cells of type $sdff.
Using extmapper maccmap for cells of type $macc.
  add { \multiplier.IF_request_put_BITS_75_TO_74_3_EQ_2_9_THEN_0b1_ETC___d70 [1] \extracter1.ff_extract_out.data0_reg [24:0] } * { \multiplier.IF_request_put_BITS_75_TO_74_3_EQ_2_9_THEN_0b1_ETC___d70 [0] \extracter2.ff_extract_out.data0_reg [24:0] } (26x26 bits, unsigned)
Using extmapper simplemap for cells of type $sdffce.
Using template $paramod$821d2886e47353e724eaca46af4992e9c3e6ac1d\_90_alu for cells of type $alu.
Using template $paramod$ec32b97001540459632a2df9accd677d3703ea0f\_90_alu for cells of type $alu.
Using template $paramod$befd47b1c77b68561d11d0cb61a0fae29b79f34c\_90_alu for cells of type $alu.
Using template $paramod$78e969f2586efcf3a5b0b0440bcca0db83d5cca2\_90_alu for cells of type $alu.
Using template $paramod$484d51534650924b7ed4c69e46eed3a56904771f\_90_alu for cells of type $alu.
Using template $paramod$b8c0a997bce700f23568a5ada79cc6781d1f5ca0\_90_alu for cells of type $alu.
Using template $paramod$c4905825bb8ecc38b98eb4167e8b007447af7884\_90_alu for cells of type $alu.
Using template $paramod$a1bc51c02ce12ac21eb18988e83292af48ed7d72\_90_alu for cells of type $alu.
Using template $paramod$constmap:4f0c6bb2f406eaf26e59cee0bc63de9404e6afae$paramod$bb3e95d90e8f4cb44e0ceacafb178bf89d186031\_90_shift_shiftx for cells of type $shiftx.
Using template $paramod$dfca81329cbbac01700318224209a5f2318c7128\_90_alu for cells of type $alu.
Using template $paramod$constmap:cd55dda5c48176f2926370d81413c8d378d2276f$paramod$9aadba65c46af7549c81cad7ec48cfb2e55df2fe\_90_shift_ops_shr_shl_sshl_sshr for cells of type $shr.
Using template $paramod$2f5fb04daf2da94d981bf9455fa4454c6ec8b705\_90_alu for cells of type $alu.
Using template $paramod$constmap:cd55dda5c48176f2926370d81413c8d378d2276f$paramod$8e57fbefbd88d42bb08d76a549e6ea7a3e77afa6\_90_shift_ops_shr_shl_sshl_sshr for cells of type $shl.
Using template $paramod$b88c814db3182f0c444e9827cc183ec51bbd865d\_90_alu for cells of type $alu.
  add { \quire.zero_counter_rg_numZeroSegs 5'00000 } (9 bits, unsigned)
  add \quire.x__h12429 (6 bits, unsigned)
  add 10'1111111111 (10 bits, unsigned)
Using template $paramod$0ae36a7056fbae1b1191049d3533163e46c0843a\_90_pmux for cells of type $pmux.
Using template $paramod$8fabc56b80a569262acfc42757a02ca0b8e91278\_90_pmux for cells of type $pmux.
Using template $paramod$ccf850e03d245b24a3ec7bc4d75de879f619fc7b\_90_alu for cells of type $alu.
Using template $paramod$521ce43182eecb9f60c72393a788160d2c356bf5\_90_pmux for cells of type $pmux.
Using template $paramod$constmap:962766be3b03db751bd41b56901e9e0158cd641a$paramod$baa86c99689aa906d63eea8fa5f76ad95a37e9da\_90_shift_ops_shr_shl_sshl_sshr for cells of type $shl.
Using template $paramod$constmap:516d3344d79674e46af06072969b74bfde95d6d2$paramod$364418a307f123f8357e6b476fa9381a6e1a7c2b\_90_shift_ops_shr_shl_sshl_sshr for cells of type $shr.
Using template $paramod$constmap:0d0f735b2c33663b8db1f3723fc3f729345a890b$paramod$36bcedab95bc008bdb3be17850b72f55052ea47a\_90_shift_shiftx for cells of type $shiftx.
Using template $paramod$78464f9f65d57061f7490f3fe5dd257e4a61e2b7\_90_alu for cells of type $alu.
Using template $paramod$740b056ede97228d3eae64ea2fdc81f0a33e0fe7\_90_alu for cells of type $alu.
Using template $paramod$94b2d39efe5cee36393111e3a7a149e3dba7e8c5\_90_alu for cells of type $alu.
Using template $paramod$b18e16801adf491a64caa0542270798e5d4ac6b6\_90_alu for cells of type $alu.
Using template $paramod$9c32b45917accb56be6667e7eba7742d064d7fbb\_90_alu for cells of type $alu.
Using template $paramod$215440792383f7884e57d9c95f84e9552d0bf4ac\_90_alu for cells of type $alu.
Using template $paramod$788c3d57e5abb3a3f89aea6d4acd665be37f4e9b\_90_alu for cells of type $alu.
Using template $paramod$bd91b1311a7e26328ec7b35acb363a89aa87e033\_90_alu for cells of type $alu.
Using template $paramod$857150d3a9b7fb38b73bbaa31ff652415e553f98\_90_alu for cells of type $alu.
Using template $paramod$fbc7873bff55778c0b3173955b7e4bce1d9d6834\_90_alu for cells of type $alu.
Using template $paramod$constmap:aa3fa988bc5278c39d5847bba58df7b176938c6b$paramod$bcf15a601e69d01d56f5204c5424626671a3af28\_90_shift_ops_shr_shl_sshl_sshr for cells of type $shr.
Using template $paramod$constmap:aa3fa988bc5278c39d5847bba58df7b176938c6b$paramod$5a4dd5f4bb00eea2b51e50ad230d8c7db56a9f37\_90_shift_ops_shr_shl_sshl_sshr for cells of type $shl.
Using template $paramod$754650b284649a026620fc6856e5b6886cbfe794\_90_alu for cells of type $alu.
Using template $paramod$4bff87f89c86fe7fb8a2fc2d582304796a9f90ab\_90_alu for cells of type $alu.
Using template $paramod$constmap:62d27f70e29815d584d1b294772639ff6ae9bf1d$paramod$7be6e3da21c9676309cafaffe0796eb3363093b8\_90_shift_ops_shr_shl_sshl_sshr for cells of type $shl.
Using template $paramod$03eba0cdd46566f6651a3011e0b5671fa6b5e494\_90_alu for cells of type $alu.
Using template $paramod\_90_lcu\WIDTH=32'00000000000000000000000000001000 for cells of type $lcu.
Using extmapper simplemap for cells of type $pos.
Using template $paramod\_90_lcu\WIDTH=32'00000000000000000000000000000111 for cells of type $lcu.
Using template $paramod\_90_lcu\WIDTH=32'00000000000000000000000000000011 for cells of type $lcu.
Using template $paramod\_90_lcu\WIDTH=32'00000000000000000000000000001010 for cells of type $lcu.
Using template $paramod\_90_lcu\WIDTH=32'00000000000000000000000000001011 for cells of type $lcu.
Using template $paramod\_90_lcu\WIDTH=32'00000000000000000000000000000110 for cells of type $lcu.
Using template $paramod\_90_fa\WIDTH=32'00000000000000000000000000110100 for cells of type $fa.
Using template $paramod$cc23faa4302ed2a717f4fd0b175ca8ec4dc7bbd3\_90_alu for cells of type $alu.
Using template $paramod\_90_lcu\WIDTH=32'00000000000000000000000000100000 for cells of type $lcu.
Using template $paramod\_90_lcu\WIDTH=32'00000000000000000000000000000010 for cells of type $lcu.
Using template $paramod\_90_fa\WIDTH=32'00000000000000000000000000001010 for cells of type $fa.
Using template $paramod\_90_lcu\WIDTH=32'00000000000000000000000001100100 for cells of type $lcu.
Using template $paramod\_90_lcu\WIDTH=32'00000000000000000000000000001001 for cells of type $lcu.
Using template $paramod\_90_lcu\WIDTH=32'00000000000000000000000000000100 for cells of type $lcu.
Using template $paramod\_90_lcu\WIDTH=32'00000000000000000000000000000101 for cells of type $lcu.
Using template $paramod\_90_lcu\WIDTH=32'00000000000000000000000000001101 for cells of type $lcu.
Using template $paramod\_90_lcu\WIDTH=32'00000000000000000000000000011111 for cells of type $lcu.
Using template $paramod\_90_lcu\WIDTH=32'00000000000000000000000000100001 for cells of type $lcu.
Using template $paramod\_90_lcu\WIDTH=32'00000000000000000000000000110100 for cells of type $lcu.
No more expansions possible.
<suppressed ~56313 debug messages>

14.22. Executing OPT pass (performing simple optimizations).

14.22.1. Executing OPT_EXPR pass (perform const folding).
Optimizing module mkPositCore.
<suppressed ~18609 debug messages>

14.22.2. Executing OPT_MERGE pass (detect identical cells).
Finding identical cells in module `\mkPositCore'.
<suppressed ~5754 debug messages>
Removed a total of 1918 cells.

14.22.3. Executing OPT_DFF pass (perform DFF optimizations).
Removing never-active SRST on $auto$ff.cc:266:slice$30911 ($_SDFFCE_PN1P_) from module mkPositCore.
Adding SRST signal on $auto$ff.cc:266:slice$30911 ($_SDFFCE_PN1P_) from module mkPositCore (D = \ftop._0_CONCAT_request_put_BITS_30_TO_23_MINUS_127_B_ETC__q2 [7], Q = \ftop.ffO.D_OUT [36], rval = 1'0).
Adding SRST signal on $auto$ff.cc:266:slice$5893 ($_DFFE_PP_) from module mkPositCore (D = $techmap$flatten\multiplier.$shr$/teamspace/studios/this_studio/Melodica-Integration-into-Fife-Core/Learn_Bluespec_and_RISCV_Design/Code/Build/Fife/verilog/mkMultiplier.v:208$913.$19\buffer[383:0] [128], Q = \multiplier.ff_to_quire.D_OUT [5], rval = 1'0).
Adding SRST signal on $auto$ff.cc:266:slice$5894 ($_DFFE_PP_) from module mkPositCore (D = $techmap$flatten\multiplier.$shr$/teamspace/studios/this_studio/Melodica-Integration-into-Fife-Core/Learn_Bluespec_and_RISCV_Design/Code/Build/Fife/verilog/mkMultiplier.v:208$913.$19\buffer[383:0] [129], Q = \multiplier.ff_to_quire.D_OUT [6], rval = 1'0).
Adding SRST signal on $auto$ff.cc:266:slice$5895 ($_DFFE_PP_) from module mkPositCore (D = $techmap$flatten\multiplier.$shr$/teamspace/studios/this_studio/Melodica-Integration-into-Fife-Core/Learn_Bluespec_and_RISCV_Design/Code/Build/Fife/verilog/mkMultiplier.v:208$913.$19\buffer[383:0] [130], Q = \multiplier.ff_to_quire.D_OUT [7], rval = 1'0).
Adding SRST signal on $auto$ff.cc:266:slice$5896 ($_DFFE_PP_) from module mkPositCore (D = $techmap$flatten\multiplier.$shr$/teamspace/studios/this_studio/Melodica-Integration-into-Fife-Core/Learn_Bluespec_and_RISCV_Design/Code/Build/Fife/verilog/mkMultiplier.v:208$913.$19\buffer[383:0] [131], Q = \multiplier.ff_to_quire.D_OUT [8], rval = 1'0).
Adding SRST signal on $auto$ff.cc:266:slice$5897 ($_DFFE_PP_) from module mkPositCore (D = $techmap$flatten\multiplier.$shr$/teamspace/studios/this_studio/Melodica-Integration-into-Fife-Core/Learn_Bluespec_and_RISCV_Design/Code/Build/Fife/verilog/mkMultiplier.v:208$913.$19\buffer[383:0] [132], Q = \multiplier.ff_to_quire.D_OUT [9], rval = 1'0).
Adding SRST signal on $auto$ff.cc:266:slice$5898 ($_DFFE_PP_) from module mkPositCore (D = $techmap$flatten\multiplier.$shr$/teamspace/studios/this_studio/Melodica-Integration-into-Fife-Core/Learn_Bluespec_and_RISCV_Design/Code/Build/Fife/verilog/mkMultiplier.v:208$913.$19\buffer[383:0] [133], Q = \multiplier.ff_to_quire.D_OUT [10], rval = 1'0).
Adding SRST signal on $auto$ff.cc:266:slice$5899 ($_DFFE_PP_) from module mkPositCore (D = $techmap$flatten\multiplier.$shr$/teamspace/studios/this_studio/Melodica-Integration-into-Fife-Core/Learn_Bluespec_and_RISCV_Design/Code/Build/Fife/verilog/mkMultiplier.v:208$913.$19\buffer[383:0] [134], Q = \multiplier.ff_to_quire.D_OUT [11], rval = 1'0).
Adding SRST signal on $auto$ff.cc:266:slice$5900 ($_DFFE_PP_) from module mkPositCore (D = $techmap$flatten\multiplier.$shr$/teamspace/studios/this_studio/Melodica-Integration-into-Fife-Core/Learn_Bluespec_and_RISCV_Design/Code/Build/Fife/verilog/mkMultiplier.v:208$913.$19\buffer[383:0] [135], Q = \multiplier.ff_to_quire.D_OUT [12], rval = 1'0).
Adding SRST signal on $auto$ff.cc:266:slice$5901 ($_DFFE_PP_) from module mkPositCore (D = $techmap$flatten\multiplier.$shr$/teamspace/studios/this_studio/Melodica-Integration-into-Fife-Core/Learn_Bluespec_and_RISCV_Design/Code/Build/Fife/verilog/mkMultiplier.v:208$913.$19\buffer[383:0] [136], Q = \multiplier.ff_to_quire.D_OUT [13], rval = 1'0).
Adding SRST signal on $auto$ff.cc:266:slice$5902 ($_DFFE_PP_) from module mkPositCore (D = $techmap$flatten\multiplier.$shr$/teamspace/studios/this_studio/Melodica-Integration-into-Fife-Core/Learn_Bluespec_and_RISCV_Design/Code/Build/Fife/verilog/mkMultiplier.v:208$913.$19\buffer[383:0] [137], Q = \multiplier.ff_to_quire.D_OUT [14], rval = 1'0).
Adding SRST signal on $auto$ff.cc:266:slice$5903 ($_DFFE_PP_) from module mkPositCore (D = $techmap$flatten\multiplier.$shr$/teamspace/studios/this_studio/Melodica-Integration-into-Fife-Core/Learn_Bluespec_and_RISCV_Design/Code/Build/Fife/verilog/mkMultiplier.v:208$913.$19\buffer[383:0] [138], Q = \multiplier.ff_to_quire.D_OUT [15], rval = 1'0).
Adding SRST signal on $auto$ff.cc:266:slice$5904 ($_DFFE_PP_) from module mkPositCore (D = $techmap$flatten\multiplier.$shr$/teamspace/studios/this_studio/Melodica-Integration-into-Fife-Core/Learn_Bluespec_and_RISCV_Design/Code/Build/Fife/verilog/mkMultiplier.v:208$913.$19\buffer[383:0] [139], Q = \multiplier.ff_to_quire.D_OUT [16], rval = 1'0).
Adding SRST signal on $auto$ff.cc:266:slice$5905 ($_DFFE_PP_) from module mkPositCore (D = $techmap$flatten\multiplier.$shr$/teamspace/studios/this_studio/Melodica-Integration-into-Fife-Core/Learn_Bluespec_and_RISCV_Design/Code/Build/Fife/verilog/mkMultiplier.v:208$913.$19\buffer[383:0] [140], Q = \multiplier.ff_to_quire.D_OUT [17], rval = 1'0).
Adding SRST signal on $auto$ff.cc:266:slice$5906 ($_DFFE_PP_) from module mkPositCore (D = $techmap$flatten\multiplier.$shr$/teamspace/studios/this_studio/Melodica-Integration-into-Fife-Core/Learn_Bluespec_and_RISCV_Design/Code/Build/Fife/verilog/mkMultiplier.v:208$913.$19\buffer[383:0] [141], Q = \multiplier.ff_to_quire.D_OUT [18], rval = 1'0).
Adding SRST signal on $auto$ff.cc:266:slice$5907 ($_DFFE_PP_) from module mkPositCore (D = $techmap$flatten\multiplier.$shr$/teamspace/studios/this_studio/Melodica-Integration-into-Fife-Core/Learn_Bluespec_and_RISCV_Design/Code/Build/Fife/verilog/mkMultiplier.v:208$913.$22\buffer[383:0] [14], Q = \multiplier.ff_to_quire.D_OUT [19], rval = 1'0).
Adding SRST signal on $auto$ff.cc:266:slice$5908 ($_DFFE_PP_) from module mkPositCore (D = $techmap$flatten\multiplier.$shr$/teamspace/studios/this_studio/Melodica-Integration-into-Fife-Core/Learn_Bluespec_and_RISCV_Design/Code/Build/Fife/verilog/mkMultiplier.v:208$913.$22\buffer[383:0] [15], Q = \multiplier.ff_to_quire.D_OUT [20], rval = 1'0).
Adding SRST signal on $auto$ff.cc:266:slice$5909 ($_DFFE_PP_) from module mkPositCore (D = $techmap$flatten\multiplier.$shr$/teamspace/studios/this_studio/Melodica-Integration-into-Fife-Core/Learn_Bluespec_and_RISCV_Design/Code/Build/Fife/verilog/mkMultiplier.v:208$913.$22\buffer[383:0] [16], Q = \multiplier.ff_to_quire.D_OUT [21], rval = 1'0).
Adding SRST signal on $auto$ff.cc:266:slice$5910 ($_DFFE_PP_) from module mkPositCore (D = $techmap$flatten\multiplier.$shr$/teamspace/studios/this_studio/Melodica-Integration-into-Fife-Core/Learn_Bluespec_and_RISCV_Design/Code/Build/Fife/verilog/mkMultiplier.v:208$913.$22\buffer[383:0] [17], Q = \multiplier.ff_to_quire.D_OUT [22], rval = 1'0).
Adding SRST signal on $auto$ff.cc:266:slice$5911 ($_DFFE_PP_) from module mkPositCore (D = $techmap$flatten\multiplier.$shr$/teamspace/studios/this_studio/Melodica-Integration-into-Fife-Core/Learn_Bluespec_and_RISCV_Design/Code/Build/Fife/verilog/mkMultiplier.v:208$913.$22\buffer[383:0] [18], Q = \multiplier.ff_to_quire.D_OUT [23], rval = 1'0).
Adding SRST signal on $auto$ff.cc:266:slice$5912 ($_DFFE_PP_) from module mkPositCore (D = $techmap$flatten\multiplier.$shr$/teamspace/studios/this_studio/Melodica-Integration-into-Fife-Core/Learn_Bluespec_and_RISCV_Design/Code/Build/Fife/verilog/mkMultiplier.v:208$913.$22\buffer[383:0] [19], Q = \multiplier.ff_to_quire.D_OUT [24], rval = 1'0).
Adding SRST signal on $auto$ff.cc:266:slice$5913 ($_DFFE_PP_) from module mkPositCore (D = $techmap$flatten\multiplier.$shr$/teamspace/studios/this_studio/Melodica-Integration-into-Fife-Core/Learn_Bluespec_and_RISCV_Design/Code/Build/Fife/verilog/mkMultiplier.v:208$913.$22\buffer[383:0] [20], Q = \multiplier.ff_to_quire.D_OUT [25], rval = 1'0).
Adding SRST signal on $auto$ff.cc:266:slice$5914 ($_DFFE_PP_) from module mkPositCore (D = $techmap$flatten\multiplier.$shr$/teamspace/studios/this_studio/Melodica-Integration-into-Fife-Core/Learn_Bluespec_and_RISCV_Design/Code/Build/Fife/verilog/mkMultiplier.v:208$913.$22\buffer[383:0] [21], Q = \multiplier.ff_to_quire.D_OUT [26], rval = 1'0).
Adding SRST signal on $auto$ff.cc:266:slice$5915 ($_DFFE_PP_) from module mkPositCore (D = $techmap$flatten\multiplier.$shr$/teamspace/studios/this_studio/Melodica-Integration-into-Fife-Core/Learn_Bluespec_and_RISCV_Design/Code/Build/Fife/verilog/mkMultiplier.v:208$913.$22\buffer[383:0] [22], Q = \multiplier.ff_to_quire.D_OUT [27], rval = 1'0).
Adding SRST signal on $auto$ff.cc:266:slice$5916 ($_DFFE_PP_) from module mkPositCore (D = $techmap$flatten\multiplier.$shr$/teamspace/studios/this_studio/Melodica-Integration-into-Fife-Core/Learn_Bluespec_and_RISCV_Design/Code/Build/Fife/verilog/mkMultiplier.v:208$913.$22\buffer[383:0] [23], Q = \multiplier.ff_to_quire.D_OUT [28], rval = 1'0).
Adding SRST signal on $auto$ff.cc:266:slice$5917 ($_DFFE_PP_) from module mkPositCore (D = $techmap$flatten\multiplier.$shr$/teamspace/studios/this_studio/Melodica-Integration-into-Fife-Core/Learn_Bluespec_and_RISCV_Design/Code/Build/Fife/verilog/mkMultiplier.v:208$913.$22\buffer[383:0] [24], Q = \multiplier.ff_to_quire.D_OUT [29], rval = 1'0).
Adding SRST signal on $auto$ff.cc:266:slice$5918 ($_DFFE_PP_) from module mkPositCore (D = $techmap$flatten\multiplier.$shr$/teamspace/studios/this_studio/Melodica-Integration-into-Fife-Core/Learn_Bluespec_and_RISCV_Design/Code/Build/Fife/verilog/mkMultiplier.v:208$913.$22\buffer[383:0] [25], Q = \multiplier.ff_to_quire.D_OUT [30], rval = 1'0).
Adding SRST signal on $auto$ff.cc:266:slice$5919 ($_DFFE_PP_) from module mkPositCore (D = $techmap$flatten\multiplier.$shr$/teamspace/studios/this_studio/Melodica-Integration-into-Fife-Core/Learn_Bluespec_and_RISCV_Design/Code/Build/Fife/verilog/mkMultiplier.v:208$913.$22\buffer[383:0] [26], Q = \multiplier.ff_to_quire.D_OUT [31], rval = 1'0).
Adding SRST signal on $auto$ff.cc:266:slice$5920 ($_DFFE_PP_) from module mkPositCore (D = $techmap$flatten\multiplier.$shr$/teamspace/studios/this_studio/Melodica-Integration-into-Fife-Core/Learn_Bluespec_and_RISCV_Design/Code/Build/Fife/verilog/mkMultiplier.v:208$913.$22\buffer[383:0] [27], Q = \multiplier.ff_to_quire.D_OUT [32], rval = 1'0).
Adding SRST signal on $auto$ff.cc:266:slice$5921 ($_DFFE_PP_) from module mkPositCore (D = $techmap$flatten\multiplier.$shr$/teamspace/studios/this_studio/Melodica-Integration-into-Fife-Core/Learn_Bluespec_and_RISCV_Design/Code/Build/Fife/verilog/mkMultiplier.v:208$913.$22\buffer[383:0] [28], Q = \multiplier.ff_to_quire.D_OUT [33], rval = 1'0).
Adding SRST signal on $auto$ff.cc:266:slice$5922 ($_DFFE_PP_) from module mkPositCore (D = $techmap$flatten\multiplier.$shr$/teamspace/studios/this_studio/Melodica-Integration-into-Fife-Core/Learn_Bluespec_and_RISCV_Design/Code/Build/Fife/verilog/mkMultiplier.v:208$913.$22\buffer[383:0] [29], Q = \multiplier.ff_to_quire.D_OUT [34], rval = 1'0).
Adding SRST signal on $auto$ff.cc:266:slice$5923 ($_DFFE_PP_) from module mkPositCore (D = $techmap$flatten\multiplier.$shr$/teamspace/studios/this_studio/Melodica-Integration-into-Fife-Core/Learn_Bluespec_and_RISCV_Design/Code/Build/Fife/verilog/mkMultiplier.v:208$913.$22\buffer[383:0] [30], Q = \multiplier.ff_to_quire.D_OUT [35], rval = 1'0).
Adding SRST signal on $auto$ff.cc:266:slice$5924 ($_DFFE_PP_) from module mkPositCore (D = $techmap$flatten\multiplier.$shr$/teamspace/studios/this_studio/Melodica-Integration-into-Fife-Core/Learn_Bluespec_and_RISCV_Design/Code/Build/Fife/verilog/mkMultiplier.v:208$913.$22\buffer[383:0] [31], Q = \multiplier.ff_to_quire.D_OUT [36], rval = 1'0).
Adding SRST signal on $auto$ff.cc:266:slice$5925 ($_DFFE_PP_) from module mkPositCore (D = $techmap$flatten\multiplier.$shr$/teamspace/studios/this_studio/Melodica-Integration-into-Fife-Core/Learn_Bluespec_and_RISCV_Design/Code/Build/Fife/verilog/mkMultiplier.v:208$913.$22\buffer[383:0] [32], Q = \multiplier.ff_to_quire.D_OUT [37], rval = 1'0).
Adding SRST signal on $auto$ff.cc:266:slice$5926 ($_DFFE_PP_) from module mkPositCore (D = $techmap$flatten\multiplier.$shr$/teamspace/studios/this_studio/Melodica-Integration-into-Fife-Core/Learn_Bluespec_and_RISCV_Design/Code/Build/Fife/verilog/mkMultiplier.v:208$913.$22\buffer[383:0] [33], Q = \multiplier.ff_to_quire.D_OUT [38], rval = 1'0).
Adding SRST signal on $auto$ff.cc:266:slice$5927 ($_DFFE_PP_) from module mkPositCore (D = $techmap$flatten\multiplier.$shr$/teamspace/studios/this_studio/Melodica-Integration-into-Fife-Core/Learn_Bluespec_and_RISCV_Design/Code/Build/Fife/verilog/mkMultiplier.v:208$913.$22\buffer[383:0] [34], Q = \multiplier.ff_to_quire.D_OUT [39], rval = 1'0).
Adding SRST signal on $auto$ff.cc:266:slice$5928 ($_DFFE_PP_) from module mkPositCore (D = $techmap$flatten\multiplier.$shr$/teamspace/studios/this_studio/Melodica-Integration-into-Fife-Core/Learn_Bluespec_and_RISCV_Design/Code/Build/Fife/verilog/mkMultiplier.v:208$913.$22\buffer[383:0] [35], Q = \multiplier.ff_to_quire.D_OUT [40], rval = 1'0).
Adding SRST signal on $auto$ff.cc:266:slice$5929 ($_DFFE_PP_) from module mkPositCore (D = $techmap$flatten\multiplier.$shr$/teamspace/studios/this_studio/Melodica-Integration-into-Fife-Core/Learn_Bluespec_and_RISCV_Design/Code/Build/Fife/verilog/mkMultiplier.v:208$913.$22\buffer[383:0] [36], Q = \multiplier.ff_to_quire.D_OUT [41], rval = 1'0).
Adding SRST signal on $auto$ff.cc:266:slice$5930 ($_DFFE_PP_) from module mkPositCore (D = $techmap$flatten\multiplier.$shr$/teamspace/studios/this_studio/Melodica-Integration-into-Fife-Core/Learn_Bluespec_and_RISCV_Design/Code/Build/Fife/verilog/mkMultiplier.v:208$913.$22\buffer[383:0] [37], Q = \multiplier.ff_to_quire.D_OUT [42], rval = 1'0).
Adding SRST signal on $auto$ff.cc:266:slice$5931 ($_DFFE_PP_) from module mkPositCore (D = $techmap$flatten\multiplier.$shr$/teamspace/studios/this_studio/Melodica-Integration-into-Fife-Core/Learn_Bluespec_and_RISCV_Design/Code/Build/Fife/verilog/mkMultiplier.v:208$913.$22\buffer[383:0] [38], Q = \multiplier.ff_to_quire.D_OUT [43], rval = 1'0).
Adding SRST signal on $auto$ff.cc:266:slice$5932 ($_DFFE_PP_) from module mkPositCore (D = $techmap$flatten\multiplier.$shr$/teamspace/studios/this_studio/Melodica-Integration-into-Fife-Core/Learn_Bluespec_and_RISCV_Design/Code/Build/Fife/verilog/mkMultiplier.v:208$913.$22\buffer[383:0] [39], Q = \multiplier.ff_to_quire.D_OUT [44], rval = 1'0).
Adding SRST signal on $auto$ff.cc:266:slice$5933 ($_DFFE_PP_) from module mkPositCore (D = $techmap$flatten\multiplier.$shr$/teamspace/studios/this_studio/Melodica-Integration-into-Fife-Core/Learn_Bluespec_and_RISCV_Design/Code/Build/Fife/verilog/mkMultiplier.v:208$913.$22\buffer[383:0] [40], Q = \multiplier.ff_to_quire.D_OUT [45], rval = 1'0).
Adding SRST signal on $auto$ff.cc:266:slice$5934 ($_DFFE_PP_) from module mkPositCore (D = $techmap$flatten\multiplier.$shr$/teamspace/studios/this_studio/Melodica-Integration-into-Fife-Core/Learn_Bluespec_and_RISCV_Design/Code/Build/Fife/verilog/mkMultiplier.v:208$913.$22\buffer[383:0] [41], Q = \multiplier.ff_to_quire.D_OUT [46], rval = 1'0).
Adding SRST signal on $auto$ff.cc:266:slice$5935 ($_DFFE_PP_) from module mkPositCore (D = $techmap$flatten\multiplier.$shr$/teamspace/studios/this_studio/Melodica-Integration-into-Fife-Core/Learn_Bluespec_and_RISCV_Design/Code/Build/Fife/verilog/mkMultiplier.v:208$913.$22\buffer[383:0] [42], Q = \multiplier.ff_to_quire.D_OUT [47], rval = 1'0).
Adding SRST signal on $auto$ff.cc:266:slice$5936 ($_DFFE_PP_) from module mkPositCore (D = $techmap$flatten\multiplier.$shr$/teamspace/studios/this_studio/Melodica-Integration-into-Fife-Core/Learn_Bluespec_and_RISCV_Design/Code/Build/Fife/verilog/mkMultiplier.v:208$913.$22\buffer[383:0] [43], Q = \multiplier.ff_to_quire.D_OUT [48], rval = 1'0).
Adding SRST signal on $auto$ff.cc:266:slice$5937 ($_DFFE_PP_) from module mkPositCore (D = $techmap$flatten\multiplier.$shr$/teamspace/studios/this_studio/Melodica-Integration-into-Fife-Core/Learn_Bluespec_and_RISCV_Design/Code/Build/Fife/verilog/mkMultiplier.v:208$913.$22\buffer[383:0] [44], Q = \multiplier.ff_to_quire.D_OUT [49], rval = 1'0).
Adding SRST signal on $auto$ff.cc:266:slice$5938 ($_DFFE_PP_) from module mkPositCore (D = $techmap$flatten\multiplier.$shr$/teamspace/studios/this_studio/Melodica-Integration-into-Fife-Core/Learn_Bluespec_and_RISCV_Design/Code/Build/Fife/verilog/mkMultiplier.v:208$913.$22\buffer[383:0] [45], Q = \multiplier.ff_to_quire.D_OUT [50], rval = 1'0).
Adding SRST signal on $auto$ff.cc:266:slice$5939 ($_DFFE_PP_) from module mkPositCore (D = $techmap$flatten\multiplier.$shr$/teamspace/studios/this_studio/Melodica-Integration-into-Fife-Core/Learn_Bluespec_and_RISCV_Design/Code/Build/Fife/verilog/mkMultiplier.v:208$913.$22\buffer[383:0] [46], Q = \multiplier.ff_to_quire.D_OUT [51], rval = 1'0).
Adding SRST signal on $auto$ff.cc:266:slice$5940 ($_DFFE_PP_) from module mkPositCore (D = $techmap$flatten\multiplier.$shr$/teamspace/studios/this_studio/Melodica-Integration-into-Fife-Core/Learn_Bluespec_and_RISCV_Design/Code/Build/Fife/verilog/mkMultiplier.v:208$913.$22\buffer[383:0] [47], Q = \multiplier.ff_to_quire.D_OUT [52], rval = 1'0).
Adding SRST signal on $auto$ff.cc:266:slice$5941 ($_DFFE_PP_) from module mkPositCore (D = $techmap$flatten\multiplier.$shr$/teamspace/studios/this_studio/Melodica-Integration-into-Fife-Core/Learn_Bluespec_and_RISCV_Design/Code/Build/Fife/verilog/mkMultiplier.v:208$913.$22\buffer[383:0] [48], Q = \multiplier.ff_to_quire.D_OUT [53], rval = 1'0).
Adding SRST signal on $auto$ff.cc:266:slice$5942 ($_DFFE_PP_) from module mkPositCore (D = $techmap$flatten\multiplier.$shr$/teamspace/studios/this_studio/Melodica-Integration-into-Fife-Core/Learn_Bluespec_and_RISCV_Design/Code/Build/Fife/verilog/mkMultiplier.v:208$913.$22\buffer[383:0] [49], Q = \multiplier.ff_to_quire.D_OUT [54], rval = 1'0).
Adding SRST signal on $auto$ff.cc:266:slice$5943 ($_DFFE_PP_) from module mkPositCore (D = $techmap$flatten\multiplier.$shr$/teamspace/studios/this_studio/Melodica-Integration-into-Fife-Core/Learn_Bluespec_and_RISCV_Design/Code/Build/Fife/verilog/mkMultiplier.v:208$913.$22\buffer[383:0] [50], Q = \multiplier.ff_to_quire.D_OUT [55], rval = 1'0).
Adding SRST signal on $auto$ff.cc:266:slice$5944 ($_DFFE_PP_) from module mkPositCore (D = $techmap$flatten\multiplier.$shr$/teamspace/studios/this_studio/Melodica-Integration-into-Fife-Core/Learn_Bluespec_and_RISCV_Design/Code/Build/Fife/verilog/mkMultiplier.v:208$913.$22\buffer[383:0] [51], Q = \multiplier.ff_to_quire.D_OUT [56], rval = 1'0).
Adding SRST signal on $auto$ff.cc:266:slice$5945 ($_DFFE_PP_) from module mkPositCore (D = $techmap$flatten\multiplier.$shr$/teamspace/studios/this_studio/Melodica-Integration-into-Fife-Core/Learn_Bluespec_and_RISCV_Design/Code/Build/Fife/verilog/mkMultiplier.v:208$913.$22\buffer[383:0] [52], Q = \multiplier.ff_to_quire.D_OUT [57], rval = 1'0).
Adding SRST signal on $auto$ff.cc:266:slice$5946 ($_DFFE_PP_) from module mkPositCore (D = $techmap$flatten\multiplier.$shr$/teamspace/studios/this_studio/Melodica-Integration-into-Fife-Core/Learn_Bluespec_and_RISCV_Design/Code/Build/Fife/verilog/mkMultiplier.v:208$913.$22\buffer[383:0] [53], Q = \multiplier.ff_to_quire.D_OUT [58], rval = 1'0).
Adding SRST signal on $auto$ff.cc:266:slice$5947 ($_DFFE_PP_) from module mkPositCore (D = $techmap$flatten\multiplier.$shr$/teamspace/studios/this_studio/Melodica-Integration-into-Fife-Core/Learn_Bluespec_and_RISCV_Design/Code/Build/Fife/verilog/mkMultiplier.v:208$913.$22\buffer[383:0] [54], Q = \multiplier.ff_to_quire.D_OUT [59], rval = 1'0).
Adding SRST signal on $auto$ff.cc:266:slice$5948 ($_DFFE_PP_) from module mkPositCore (D = $techmap$flatten\multiplier.$shr$/teamspace/studios/this_studio/Melodica-Integration-into-Fife-Core/Learn_Bluespec_and_RISCV_Design/Code/Build/Fife/verilog/mkMultiplier.v:208$913.$22\buffer[383:0] [55], Q = \multiplier.ff_to_quire.D_OUT [60], rval = 1'0).
Adding SRST signal on $auto$ff.cc:266:slice$5949 ($_DFFE_PP_) from module mkPositCore (D = $techmap$flatten\multiplier.$shr$/teamspace/studios/this_studio/Melodica-Integration-into-Fife-Core/Learn_Bluespec_and_RISCV_Design/Code/Build/Fife/verilog/mkMultiplier.v:208$913.$22\buffer[383:0] [56], Q = \multiplier.ff_to_quire.D_OUT [61], rval = 1'0).
Adding SRST signal on $auto$ff.cc:266:slice$5950 ($_DFFE_PP_) from module mkPositCore (D = $techmap$flatten\multiplier.$shr$/teamspace/studios/this_studio/Melodica-Integration-into-Fife-Core/Learn_Bluespec_and_RISCV_Design/Code/Build/Fife/verilog/mkMultiplier.v:208$913.$22\buffer[383:0] [57], Q = \multiplier.ff_to_quire.D_OUT [62], rval = 1'0).
Adding SRST signal on $auto$ff.cc:266:slice$5951 ($_DFFE_PP_) from module mkPositCore (D = $techmap$flatten\multiplier.$shr$/teamspace/studios/this_studio/Melodica-Integration-into-Fife-Core/Learn_Bluespec_and_RISCV_Design/Code/Build/Fife/verilog/mkMultiplier.v:208$913.$22\buffer[383:0] [58], Q = \multiplier.ff_to_quire.D_OUT [63], rval = 1'0).
Adding SRST signal on $auto$ff.cc:266:slice$5952 ($_DFFE_PP_) from module mkPositCore (D = $techmap$flatten\multiplier.$shr$/teamspace/studios/this_studio/Melodica-Integration-into-Fife-Core/Learn_Bluespec_and_RISCV_Design/Code/Build/Fife/verilog/mkMultiplier.v:208$913.$22\buffer[383:0] [59], Q = \multiplier.ff_to_quire.D_OUT [64], rval = 1'0).
Adding SRST signal on $auto$ff.cc:266:slice$5953 ($_DFFE_PP_) from module mkPositCore (D = $techmap$flatten\multiplier.$shr$/teamspace/studios/this_studio/Melodica-Integration-into-Fife-Core/Learn_Bluespec_and_RISCV_Design/Code/Build/Fife/verilog/mkMultiplier.v:208$913.$22\buffer[383:0] [60], Q = \multiplier.ff_to_quire.D_OUT [65], rval = 1'0).
Adding SRST signal on $auto$ff.cc:266:slice$5954 ($_DFFE_PP_) from module mkPositCore (D = $techmap$flatten\multiplier.$shr$/teamspace/studios/this_studio/Melodica-Integration-into-Fife-Core/Learn_Bluespec_and_RISCV_Design/Code/Build/Fife/verilog/mkMultiplier.v:208$913.$22\buffer[383:0] [61], Q = \multiplier.ff_to_quire.D_OUT [66], rval = 1'0).
Adding SRST signal on $auto$ff.cc:266:slice$5955 ($_DFFE_PP_) from module mkPositCore (D = $techmap$flatten\multiplier.$shr$/teamspace/studios/this_studio/Melodica-Integration-into-Fife-Core/Learn_Bluespec_and_RISCV_Design/Code/Build/Fife/verilog/mkMultiplier.v:208$913.$22\buffer[383:0] [62], Q = \multiplier.ff_to_quire.D_OUT [67], rval = 1'0).
Adding SRST signal on $auto$ff.cc:266:slice$5956 ($_DFFE_PP_) from module mkPositCore (D = $techmap$flatten\multiplier.$shr$/teamspace/studios/this_studio/Melodica-Integration-into-Fife-Core/Learn_Bluespec_and_RISCV_Design/Code/Build/Fife/verilog/mkMultiplier.v:208$913.$22\buffer[383:0] [63], Q = \multiplier.ff_to_quire.D_OUT [68], rval = 1'0).
Adding SRST signal on $auto$ff.cc:266:slice$5957 ($_DFFE_PP_) from module mkPositCore (D = $techmap$flatten\multiplier.$shr$/teamspace/studios/this_studio/Melodica-Integration-into-Fife-Core/Learn_Bluespec_and_RISCV_Design/Code/Build/Fife/verilog/mkMultiplier.v:208$913.$22\buffer[383:0] [64], Q = \multiplier.ff_to_quire.D_OUT [69], rval = 1'0).
Adding SRST signal on $auto$ff.cc:266:slice$5958 ($_DFFE_PP_) from module mkPositCore (D = $techmap$flatten\multiplier.$shr$/teamspace/studios/this_studio/Melodica-Integration-into-Fife-Core/Learn_Bluespec_and_RISCV_Design/Code/Build/Fife/verilog/mkMultiplier.v:208$913.$16\buffer[383:0] [129], Q = \multiplier.ff_to_quire.D_OUT [70], rval = 1'0).
Adding SRST signal on $auto$ff.cc:266:slice$5959 ($_DFFE_PP_) from module mkPositCore (D = $techmap$flatten\multiplier.$shr$/teamspace/studios/this_studio/Melodica-Integration-into-Fife-Core/Learn_Bluespec_and_RISCV_Design/Code/Build/Fife/verilog/mkMultiplier.v:208$913.$16\buffer[383:0] [130], Q = \multiplier.ff_to_quire.D_OUT [71], rval = 1'0).
Adding SRST signal on $auto$ff.cc:266:slice$5960 ($_DFFE_PP_) from module mkPositCore (D = $techmap$flatten\multiplier.$shr$/teamspace/studios/this_studio/Melodica-Integration-into-Fife-Core/Learn_Bluespec_and_RISCV_Design/Code/Build/Fife/verilog/mkMultiplier.v:208$913.$16\buffer[383:0] [131], Q = \multiplier.ff_to_quire.D_OUT [72], rval = 1'0).
Adding SRST signal on $auto$ff.cc:266:slice$5961 ($_DFFE_PP_) from module mkPositCore (D = $techmap$flatten\multiplier.$shr$/teamspace/studios/this_studio/Melodica-Integration-into-Fife-Core/Learn_Bluespec_and_RISCV_Design/Code/Build/Fife/verilog/mkMultiplier.v:208$913.$16\buffer[383:0] [132], Q = \multiplier.ff_to_quire.D_OUT [73], rval = 1'0).
Adding SRST signal on $auto$ff.cc:266:slice$5962 ($_DFFE_PP_) from module mkPositCore (D = $techmap$flatten\multiplier.$shr$/teamspace/studios/this_studio/Melodica-Integration-into-Fife-Core/Learn_Bluespec_and_RISCV_Design/Code/Build/Fife/verilog/mkMultiplier.v:208$913.$16\buffer[383:0] [133], Q = \multiplier.ff_to_quire.D_OUT [74], rval = 1'0).
Adding SRST signal on $auto$ff.cc:266:slice$5963 ($_DFFE_PP_) from module mkPositCore (D = $techmap$flatten\multiplier.$shr$/teamspace/studios/this_studio/Melodica-Integration-into-Fife-Core/Learn_Bluespec_and_RISCV_Design/Code/Build/Fife/verilog/mkMultiplier.v:208$913.$16\buffer[383:0] [134], Q = \multiplier.ff_to_quire.D_OUT [75], rval = 1'0).
Adding SRST signal on $auto$ff.cc:266:slice$5964 ($_DFFE_PP_) from module mkPositCore (D = $techmap$flatten\multiplier.$shr$/teamspace/studios/this_studio/Melodica-Integration-into-Fife-Core/Learn_Bluespec_and_RISCV_Design/Code/Build/Fife/verilog/mkMultiplier.v:208$913.$16\buffer[383:0] [135], Q = \multiplier.ff_to_quire.D_OUT [76], rval = 1'0).
Adding SRST signal on $auto$ff.cc:266:slice$5965 ($_DFFE_PP_) from module mkPositCore (D = $techmap$flatten\multiplier.$shr$/teamspace/studios/this_studio/Melodica-Integration-into-Fife-Core/Learn_Bluespec_and_RISCV_Design/Code/Build/Fife/verilog/mkMultiplier.v:208$913.$16\buffer[383:0] [136], Q = \multiplier.ff_to_quire.D_OUT [77], rval = 1'0).
Adding SRST signal on $auto$ff.cc:266:slice$5966 ($_DFFE_PP_) from module mkPositCore (D = $techmap$flatten\multiplier.$shr$/teamspace/studios/this_studio/Melodica-Integration-into-Fife-Core/Learn_Bluespec_and_RISCV_Design/Code/Build/Fife/verilog/mkMultiplier.v:208$913.$16\buffer[383:0] [137], Q = \multiplier.ff_to_quire.D_OUT [78], rval = 1'0).
Adding SRST signal on $auto$ff.cc:266:slice$5967 ($_DFFE_PP_) from module mkPositCore (D = $techmap$flatten\multiplier.$shr$/teamspace/studios/this_studio/Melodica-Integration-into-Fife-Core/Learn_Bluespec_and_RISCV_Design/Code/Build/Fife/verilog/mkMultiplier.v:208$913.$16\buffer[383:0] [138], Q = \multiplier.ff_to_quire.D_OUT [79], rval = 1'0).
Adding SRST signal on $auto$ff.cc:266:slice$5968 ($_DFFE_PP_) from module mkPositCore (D = $techmap$flatten\multiplier.$shr$/teamspace/studios/this_studio/Melodica-Integration-into-Fife-Core/Learn_Bluespec_and_RISCV_Design/Code/Build/Fife/verilog/mkMultiplier.v:208$913.$16\buffer[383:0] [139], Q = \multiplier.ff_to_quire.D_OUT [80], rval = 1'0).
Adding SRST signal on $auto$ff.cc:266:slice$5969 ($_DFFE_PP_) from module mkPositCore (D = $techmap$flatten\multiplier.$shr$/teamspace/studios/this_studio/Melodica-Integration-into-Fife-Core/Learn_Bluespec_and_RISCV_Design/Code/Build/Fife/verilog/mkMultiplier.v:208$913.$16\buffer[383:0] [140], Q = \multiplier.ff_to_quire.D_OUT [81], rval = 1'0).
Adding SRST signal on $auto$ff.cc:266:slice$5970 ($_DFFE_PP_) from module mkPositCore (D = $techmap$flatten\multiplier.$shr$/teamspace/studios/this_studio/Melodica-Integration-into-Fife-Core/Learn_Bluespec_and_RISCV_Design/Code/Build/Fife/verilog/mkMultiplier.v:208$913.$16\buffer[383:0] [141], Q = \multiplier.ff_to_quire.D_OUT [82], rval = 1'0).
Adding SRST signal on $auto$ff.cc:266:slice$5971 ($_DFFE_PP_) from module mkPositCore (D = $techmap$flatten\multiplier.$shr$/teamspace/studios/this_studio/Melodica-Integration-into-Fife-Core/Learn_Bluespec_and_RISCV_Design/Code/Build/Fife/verilog/mkMultiplier.v:208$913.$19\buffer[383:0] [78], Q = \multiplier.ff_to_quire.D_OUT [83], rval = 1'0).
Adding SRST signal on $auto$ff.cc:266:slice$5972 ($_DFFE_PP_) from module mkPositCore (D = $techmap$flatten\multiplier.$shr$/teamspace/studios/this_studio/Melodica-Integration-into-Fife-Core/Learn_Bluespec_and_RISCV_Design/Code/Build/Fife/verilog/mkMultiplier.v:208$913.$19\buffer[383:0] [79], Q = \multiplier.ff_to_quire.D_OUT [84], rval = 1'0).
Adding SRST signal on $auto$ff.cc:266:slice$5973 ($_DFFE_PP_) from module mkPositCore (D = $techmap$flatten\multiplier.$shr$/teamspace/studios/this_studio/Melodica-Integration-into-Fife-Core/Learn_Bluespec_and_RISCV_Design/Code/Build/Fife/verilog/mkMultiplier.v:208$913.$19\buffer[383:0] [80], Q = \multiplier.ff_to_quire.D_OUT [85], rval = 1'0).
Adding SRST signal on $auto$ff.cc:266:slice$5974 ($_DFFE_PP_) from module mkPositCore (D = $techmap$flatten\multiplier.$shr$/teamspace/studios/this_studio/Melodica-Integration-into-Fife-Core/Learn_Bluespec_and_RISCV_Design/Code/Build/Fife/verilog/mkMultiplier.v:208$913.$19\buffer[383:0] [81], Q = \multiplier.ff_to_quire.D_OUT [86], rval = 1'0).
Adding SRST signal on $auto$ff.cc:266:slice$5975 ($_DFFE_PP_) from module mkPositCore (D = $techmap$flatten\multiplier.$shr$/teamspace/studios/this_studio/Melodica-Integration-into-Fife-Core/Learn_Bluespec_and_RISCV_Design/Code/Build/Fife/verilog/mkMultiplier.v:208$913.$19\buffer[383:0] [82], Q = \multiplier.ff_to_quire.D_OUT [87], rval = 1'0).
Adding SRST signal on $auto$ff.cc:266:slice$5976 ($_DFFE_PP_) from module mkPositCore (D = $techmap$flatten\multiplier.$shr$/teamspace/studios/this_studio/Melodica-Integration-into-Fife-Core/Learn_Bluespec_and_RISCV_Design/Code/Build/Fife/verilog/mkMultiplier.v:208$913.$19\buffer[383:0] [83], Q = \multiplier.ff_to_quire.D_OUT [88], rval = 1'0).
Adding SRST signal on $auto$ff.cc:266:slice$5977 ($_DFFE_PP_) from module mkPositCore (D = $techmap$flatten\multiplier.$shr$/teamspace/studios/this_studio/Melodica-Integration-into-Fife-Core/Learn_Bluespec_and_RISCV_Design/Code/Build/Fife/verilog/mkMultiplier.v:208$913.$19\buffer[383:0] [84], Q = \multiplier.ff_to_quire.D_OUT [89], rval = 1'0).
Adding SRST signal on $auto$ff.cc:266:slice$5978 ($_DFFE_PP_) from module mkPositCore (D = $techmap$flatten\multiplier.$shr$/teamspace/studios/this_studio/Melodica-Integration-into-Fife-Core/Learn_Bluespec_and_RISCV_Design/Code/Build/Fife/verilog/mkMultiplier.v:208$913.$19\buffer[383:0] [85], Q = \multiplier.ff_to_quire.D_OUT [90], rval = 1'0).
Adding SRST signal on $auto$ff.cc:266:slice$5979 ($_DFFE_PP_) from module mkPositCore (D = $techmap$flatten\multiplier.$shr$/teamspace/studios/this_studio/Melodica-Integration-into-Fife-Core/Learn_Bluespec_and_RISCV_Design/Code/Build/Fife/verilog/mkMultiplier.v:208$913.$19\buffer[383:0] [86], Q = \multiplier.ff_to_quire.D_OUT [91], rval = 1'0).
Adding SRST signal on $auto$ff.cc:266:slice$5980 ($_DFFE_PP_) from module mkPositCore (D = $techmap$flatten\multiplier.$shr$/teamspace/studios/this_studio/Melodica-Integration-into-Fife-Core/Learn_Bluespec_and_RISCV_Design/Code/Build/Fife/verilog/mkMultiplier.v:208$913.$19\buffer[383:0] [87], Q = \multiplier.ff_to_quire.D_OUT [92], rval = 1'0).
Adding SRST signal on $auto$ff.cc:266:slice$5981 ($_DFFE_PP_) from module mkPositCore (D = $techmap$flatten\multiplier.$shr$/teamspace/studios/this_studio/Melodica-Integration-into-Fife-Core/Learn_Bluespec_and_RISCV_Design/Code/Build/Fife/verilog/mkMultiplier.v:208$913.$19\buffer[383:0] [88], Q = \multiplier.ff_to_quire.D_OUT [93], rval = 1'0).
Adding SRST signal on $auto$ff.cc:266:slice$5982 ($_DFFE_PP_) from module mkPositCore (D = $techmap$flatten\multiplier.$shr$/teamspace/studios/this_studio/Melodica-Integration-into-Fife-Core/Learn_Bluespec_and_RISCV_Design/Code/Build/Fife/verilog/mkMultiplier.v:208$913.$19\buffer[383:0] [89], Q = \multiplier.ff_to_quire.D_OUT [94], rval = 1'0).
Adding SRST signal on $auto$ff.cc:266:slice$5983 ($_DFFE_PP_) from module mkPositCore (D = $techmap$flatten\multiplier.$shr$/teamspace/studios/this_studio/Melodica-Integration-into-Fife-Core/Learn_Bluespec_and_RISCV_Design/Code/Build/Fife/verilog/mkMultiplier.v:208$913.$19\buffer[383:0] [90], Q = \multiplier.ff_to_quire.D_OUT [95], rval = 1'0).
Adding SRST signal on $auto$ff.cc:266:slice$5984 ($_DFFE_PP_) from module mkPositCore (D = $techmap$flatten\multiplier.$shr$/teamspace/studios/this_studio/Melodica-Integration-into-Fife-Core/Learn_Bluespec_and_RISCV_Design/Code/Build/Fife/verilog/mkMultiplier.v:208$913.$19\buffer[383:0] [91], Q = \multiplier.ff_to_quire.D_OUT [96], rval = 1'0).
Adding SRST signal on $auto$ff.cc:266:slice$5985 ($_DFFE_PP_) from module mkPositCore (D = $techmap$flatten\multiplier.$shr$/teamspace/studios/this_studio/Melodica-Integration-into-Fife-Core/Learn_Bluespec_and_RISCV_Design/Code/Build/Fife/verilog/mkMultiplier.v:208$913.$19\buffer[383:0] [92], Q = \multiplier.ff_to_quire.D_OUT [97], rval = 1'0).
Adding SRST signal on $auto$ff.cc:266:slice$5986 ($_DFFE_PP_) from module mkPositCore (D = $techmap$flatten\multiplier.$shr$/teamspace/studios/this_studio/Melodica-Integration-into-Fife-Core/Learn_Bluespec_and_RISCV_Design/Code/Build/Fife/verilog/mkMultiplier.v:208$913.$19\buffer[383:0] [93], Q = \multiplier.ff_to_quire.D_OUT [98], rval = 1'0).
Adding SRST signal on $auto$ff.cc:266:slice$5987 ($_DFFE_PP_) from module mkPositCore (D = $techmap$flatten\multiplier.$shr$/teamspace/studios/this_studio/Melodica-Integration-into-Fife-Core/Learn_Bluespec_and_RISCV_Design/Code/Build/Fife/verilog/mkMultiplier.v:208$913.$19\buffer[383:0] [94], Q = \multiplier.ff_to_quire.D_OUT [99], rval = 1'0).
Adding SRST signal on $auto$ff.cc:266:slice$5988 ($_DFFE_PP_) from module mkPositCore (D = $techmap$flatten\multiplier.$shr$/teamspace/studios/this_studio/Melodica-Integration-into-Fife-Core/Learn_Bluespec_and_RISCV_Design/Code/Build/Fife/verilog/mkMultiplier.v:208$913.$19\buffer[383:0] [95], Q = \multiplier.ff_to_quire.D_OUT [100], rval = 1'0).
Adding SRST signal on $auto$ff.cc:266:slice$5989 ($_DFFE_PP_) from module mkPositCore (D = $techmap$flatten\multiplier.$shr$/teamspace/studios/this_studio/Melodica-Integration-into-Fife-Core/Learn_Bluespec_and_RISCV_Design/Code/Build/Fife/verilog/mkMultiplier.v:208$913.$19\buffer[383:0] [96], Q = \multiplier.ff_to_quire.D_OUT [101], rval = 1'0).
Adding SRST signal on $auto$ff.cc:266:slice$5990 ($_DFFE_PP_) from module mkPositCore (D = $techmap$flatten\multiplier.$shr$/teamspace/studios/this_studio/Melodica-Integration-into-Fife-Core/Learn_Bluespec_and_RISCV_Design/Code/Build/Fife/verilog/mkMultiplier.v:208$913.$19\buffer[383:0] [97], Q = \multiplier.ff_to_quire.D_OUT [102], rval = 1'0).
Adding SRST signal on $auto$ff.cc:266:slice$5991 ($_DFFE_PP_) from module mkPositCore (D = $techmap$flatten\multiplier.$shr$/teamspace/studios/this_studio/Melodica-Integration-into-Fife-Core/Learn_Bluespec_and_RISCV_Design/Code/Build/Fife/verilog/mkMultiplier.v:208$913.$19\buffer[383:0] [98], Q = \multiplier.ff_to_quire.D_OUT [103], rval = 1'0).
Adding SRST signal on $auto$ff.cc:266:slice$5992 ($_DFFE_PP_) from module mkPositCore (D = $techmap$flatten\multiplier.$shr$/teamspace/studios/this_studio/Melodica-Integration-into-Fife-Core/Learn_Bluespec_and_RISCV_Design/Code/Build/Fife/verilog/mkMultiplier.v:208$913.$19\buffer[383:0] [99], Q = \multiplier.ff_to_quire.D_OUT [104], rval = 1'0).
Adding SRST signal on $auto$ff.cc:266:slice$5993 ($_DFFE_PP_) from module mkPositCore (D = $techmap$flatten\multiplier.$shr$/teamspace/studios/this_studio/Melodica-Integration-into-Fife-Core/Learn_Bluespec_and_RISCV_Design/Code/Build/Fife/verilog/mkMultiplier.v:208$913.$19\buffer[383:0] [100], Q = \multiplier.ff_to_quire.D_OUT [105], rval = 1'0).
Adding SRST signal on $auto$ff.cc:266:slice$5994 ($_DFFE_PP_) from module mkPositCore (D = $techmap$flatten\multiplier.$shr$/teamspace/studios/this_studio/Melodica-Integration-into-Fife-Core/Learn_Bluespec_and_RISCV_Design/Code/Build/Fife/verilog/mkMultiplier.v:208$913.$19\buffer[383:0] [101], Q = \multiplier.ff_to_quire.D_OUT [106], rval = 1'0).
Adding SRST signal on $auto$ff.cc:266:slice$5995 ($_DFFE_PP_) from module mkPositCore (D = $techmap$flatten\multiplier.$shr$/teamspace/studios/this_studio/Melodica-Integration-into-Fife-Core/Learn_Bluespec_and_RISCV_Design/Code/Build/Fife/verilog/mkMultiplier.v:208$913.$19\buffer[383:0] [102], Q = \multiplier.ff_to_quire.D_OUT [107], rval = 1'0).
Adding SRST signal on $auto$ff.cc:266:slice$5996 ($_DFFE_PP_) from module mkPositCore (D = $techmap$flatten\multiplier.$shr$/teamspace/studios/this_studio/Melodica-Integration-into-Fife-Core/Learn_Bluespec_and_RISCV_Design/Code/Build/Fife/verilog/mkMultiplier.v:208$913.$19\buffer[383:0] [103], Q = \multiplier.ff_to_quire.D_OUT [108], rval = 1'0).
Adding SRST signal on $auto$ff.cc:266:slice$5997 ($_DFFE_PP_) from module mkPositCore (D = $techmap$flatten\multiplier.$shr$/teamspace/studios/this_studio/Melodica-Integration-into-Fife-Core/Learn_Bluespec_and_RISCV_Design/Code/Build/Fife/verilog/mkMultiplier.v:208$913.$19\buffer[383:0] [104], Q = \multiplier.ff_to_quire.D_OUT [109], rval = 1'0).
Adding SRST signal on $auto$ff.cc:266:slice$5998 ($_DFFE_PP_) from module mkPositCore (D = $techmap$flatten\multiplier.$shr$/teamspace/studios/this_studio/Melodica-Integration-into-Fife-Core/Learn_Bluespec_and_RISCV_Design/Code/Build/Fife/verilog/mkMultiplier.v:208$913.$19\buffer[383:0] [105], Q = \multiplier.ff_to_quire.D_OUT [110], rval = 1'0).
Adding SRST signal on $auto$ff.cc:266:slice$5999 ($_DFFE_PP_) from module mkPositCore (D = $techmap$flatten\multiplier.$shr$/teamspace/studios/this_studio/Melodica-Integration-into-Fife-Core/Learn_Bluespec_and_RISCV_Design/Code/Build/Fife/verilog/mkMultiplier.v:208$913.$19\buffer[383:0] [106], Q = \multiplier.ff_to_quire.D_OUT [111], rval = 1'0).
Adding SRST signal on $auto$ff.cc:266:slice$6000 ($_DFFE_PP_) from module mkPositCore (D = $techmap$flatten\multiplier.$shr$/teamspace/studios/this_studio/Melodica-Integration-into-Fife-Core/Learn_Bluespec_and_RISCV_Design/Code/Build/Fife/verilog/mkMultiplier.v:208$913.$19\buffer[383:0] [107], Q = \multiplier.ff_to_quire.D_OUT [112], rval = 1'0).
Adding SRST signal on $auto$ff.cc:266:slice$6001 ($_DFFE_PP_) from module mkPositCore (D = $techmap$flatten\multiplier.$shr$/teamspace/studios/this_studio/Melodica-Integration-into-Fife-Core/Learn_Bluespec_and_RISCV_Design/Code/Build/Fife/verilog/mkMultiplier.v:208$913.$19\buffer[383:0] [108], Q = \multiplier.ff_to_quire.D_OUT [113], rval = 1'0).
Adding SRST signal on $auto$ff.cc:266:slice$6002 ($_DFFE_PP_) from module mkPositCore (D = $techmap$flatten\multiplier.$shr$/teamspace/studios/this_studio/Melodica-Integration-into-Fife-Core/Learn_Bluespec_and_RISCV_Design/Code/Build/Fife/verilog/mkMultiplier.v:208$913.$19\buffer[383:0] [109], Q = \multiplier.ff_to_quire.D_OUT [114], rval = 1'0).
Adding SRST signal on $auto$ff.cc:266:slice$6003 ($_DFFE_PP_) from module mkPositCore (D = $techmap$flatten\multiplier.$shr$/teamspace/studios/this_studio/Melodica-Integration-into-Fife-Core/Learn_Bluespec_and_RISCV_Design/Code/Build/Fife/verilog/mkMultiplier.v:208$913.$19\buffer[383:0] [110], Q = \multiplier.ff_to_quire.D_OUT [115], rval = 1'0).
Adding SRST signal on $auto$ff.cc:266:slice$6004 ($_DFFE_PP_) from module mkPositCore (D = $techmap$flatten\multiplier.$shr$/teamspace/studios/this_studio/Melodica-Integration-into-Fife-Core/Learn_Bluespec_and_RISCV_Design/Code/Build/Fife/verilog/mkMultiplier.v:208$913.$19\buffer[383:0] [111], Q = \multiplier.ff_to_quire.D_OUT [116], rval = 1'0).
Adding SRST signal on $auto$ff.cc:266:slice$6005 ($_DFFE_PP_) from module mkPositCore (D = $techmap$flatten\multiplier.$shr$/teamspace/studios/this_studio/Melodica-Integration-into-Fife-Core/Learn_Bluespec_and_RISCV_Design/Code/Build/Fife/verilog/mkMultiplier.v:208$913.$19\buffer[383:0] [112], Q = \multiplier.ff_to_quire.D_OUT [117], rval = 1'0).
Adding SRST signal on $auto$ff.cc:266:slice$6006 ($_DFFE_PP_) from module mkPositCore (D = $techmap$flatten\multiplier.$shr$/teamspace/studios/this_studio/Melodica-Integration-into-Fife-Core/Learn_Bluespec_and_RISCV_Design/Code/Build/Fife/verilog/mkMultiplier.v:208$913.$19\buffer[383:0] [113], Q = \multiplier.ff_to_quire.D_OUT [118], rval = 1'0).
Adding SRST signal on $auto$ff.cc:266:slice$6007 ($_DFFE_PP_) from module mkPositCore (D = $techmap$flatten\multiplier.$shr$/teamspace/studios/this_studio/Melodica-Integration-into-Fife-Core/Learn_Bluespec_and_RISCV_Design/Code/Build/Fife/verilog/mkMultiplier.v:208$913.$19\buffer[383:0] [114], Q = \multiplier.ff_to_quire.D_OUT [119], rval = 1'0).
Adding SRST signal on $auto$ff.cc:266:slice$6008 ($_DFFE_PP_) from module mkPositCore (D = $techmap$flatten\multiplier.$shr$/teamspace/studios/this_studio/Melodica-Integration-into-Fife-Core/Learn_Bluespec_and_RISCV_Design/Code/Build/Fife/verilog/mkMultiplier.v:208$913.$19\buffer[383:0] [115], Q = \multiplier.ff_to_quire.D_OUT [120], rval = 1'0).
Adding SRST signal on $auto$ff.cc:266:slice$6009 ($_DFFE_PP_) from module mkPositCore (D = $techmap$flatten\multiplier.$shr$/teamspace/studios/this_studio/Melodica-Integration-into-Fife-Core/Learn_Bluespec_and_RISCV_Design/Code/Build/Fife/verilog/mkMultiplier.v:208$913.$19\buffer[383:0] [116], Q = \multiplier.ff_to_quire.D_OUT [121], rval = 1'0).
Adding SRST signal on $auto$ff.cc:266:slice$6010 ($_DFFE_PP_) from module mkPositCore (D = $techmap$flatten\multiplier.$shr$/teamspace/studios/this_studio/Melodica-Integration-into-Fife-Core/Learn_Bluespec_and_RISCV_Design/Code/Build/Fife/verilog/mkMultiplier.v:208$913.$19\buffer[383:0] [117], Q = \multiplier.ff_to_quire.D_OUT [122], rval = 1'0).
Adding SRST signal on $auto$ff.cc:266:slice$6011 ($_DFFE_PP_) from module mkPositCore (D = $techmap$flatten\multiplier.$shr$/teamspace/studios/this_studio/Melodica-Integration-into-Fife-Core/Learn_Bluespec_and_RISCV_Design/Code/Build/Fife/verilog/mkMultiplier.v:208$913.$19\buffer[383:0] [118], Q = \multiplier.ff_to_quire.D_OUT [123], rval = 1'0).
Adding SRST signal on $auto$ff.cc:266:slice$6012 ($_DFFE_PP_) from module mkPositCore (D = $techmap$flatten\multiplier.$shr$/teamspace/studios/this_studio/Melodica-Integration-into-Fife-Core/Learn_Bluespec_and_RISCV_Design/Code/Build/Fife/verilog/mkMultiplier.v:208$913.$19\buffer[383:0] [119], Q = \multiplier.ff_to_quire.D_OUT [124], rval = 1'0).
Adding SRST signal on $auto$ff.cc:266:slice$6013 ($_DFFE_PP_) from module mkPositCore (D = $techmap$flatten\multiplier.$shr$/teamspace/studios/this_studio/Melodica-Integration-into-Fife-Core/Learn_Bluespec_and_RISCV_Design/Code/Build/Fife/verilog/mkMultiplier.v:208$913.$19\buffer[383:0] [120], Q = \multiplier.ff_to_quire.D_OUT [125], rval = 1'0).
Adding SRST signal on $auto$ff.cc:266:slice$6014 ($_DFFE_PP_) from module mkPositCore (D = $techmap$flatten\multiplier.$shr$/teamspace/studios/this_studio/Melodica-Integration-into-Fife-Core/Learn_Bluespec_and_RISCV_Design/Code/Build/Fife/verilog/mkMultiplier.v:208$913.$19\buffer[383:0] [121], Q = \multiplier.ff_to_quire.D_OUT [126], rval = 1'0).
Adding SRST signal on $auto$ff.cc:266:slice$6015 ($_DFFE_PP_) from module mkPositCore (D = $techmap$flatten\multiplier.$shr$/teamspace/studios/this_studio/Melodica-Integration-into-Fife-Core/Learn_Bluespec_and_RISCV_Design/Code/Build/Fife/verilog/mkMultiplier.v:208$913.$19\buffer[383:0] [122], Q = \multiplier.ff_to_quire.D_OUT [127], rval = 1'0).
Adding SRST signal on $auto$ff.cc:266:slice$6016 ($_DFFE_PP_) from module mkPositCore (D = $techmap$flatten\multiplier.$shr$/teamspace/studios/this_studio/Melodica-Integration-into-Fife-Core/Learn_Bluespec_and_RISCV_Design/Code/Build/Fife/verilog/mkMultiplier.v:208$913.$19\buffer[383:0] [123], Q = \multiplier.ff_to_quire.D_OUT [128], rval = 1'0).
Adding SRST signal on $auto$ff.cc:266:slice$6017 ($_DFFE_PP_) from module mkPositCore (D = $techmap$flatten\multiplier.$shr$/teamspace/studios/this_studio/Melodica-Integration-into-Fife-Core/Learn_Bluespec_and_RISCV_Design/Code/Build/Fife/verilog/mkMultiplier.v:208$913.$19\buffer[383:0] [124], Q = \multiplier.ff_to_quire.D_OUT [129], rval = 1'0).
Adding SRST signal on $auto$ff.cc:266:slice$6018 ($_DFFE_PP_) from module mkPositCore (D = $techmap$flatten\multiplier.$shr$/teamspace/studios/this_studio/Melodica-Integration-into-Fife-Core/Learn_Bluespec_and_RISCV_Design/Code/Build/Fife/verilog/mkMultiplier.v:208$913.$19\buffer[383:0] [125], Q = \multiplier.ff_to_quire.D_OUT [130], rval = 1'0).
Adding SRST signal on $auto$ff.cc:266:slice$6019 ($_DFFE_PP_) from module mkPositCore (D = $techmap$flatten\multiplier.$shr$/teamspace/studios/this_studio/Melodica-Integration-into-Fife-Core/Learn_Bluespec_and_RISCV_Design/Code/Build/Fife/verilog/mkMultiplier.v:208$913.$19\buffer[383:0] [126], Q = \multiplier.ff_to_quire.D_OUT [131], rval = 1'0).
Adding SRST signal on $auto$ff.cc:266:slice$6020 ($_DFFE_PP_) from module mkPositCore (D = $techmap$flatten\multiplier.$shr$/teamspace/studios/this_studio/Melodica-Integration-into-Fife-Core/Learn_Bluespec_and_RISCV_Design/Code/Build/Fife/verilog/mkMultiplier.v:208$913.$19\buffer[383:0] [127], Q = \multiplier.ff_to_quire.D_OUT [132], rval = 1'0).
Adding SRST signal on $auto$ff.cc:266:slice$6021 ($_DFFE_PP_) from module mkPositCore (D = $techmap$flatten\multiplier.$shr$/teamspace/studios/this_studio/Melodica-Integration-into-Fife-Core/Learn_Bluespec_and_RISCV_Design/Code/Build/Fife/verilog/mkMultiplier.v:208$913.$19\buffer[383:0] [128], Q = \multiplier.ff_to_quire.D_OUT [133], rval = 1'0).
Adding SRST signal on $auto$ff.cc:266:slice$6022 ($_DFFE_PP_) from module mkPositCore (D = $techmap$flatten\multiplier.$shr$/teamspace/studios/this_studio/Melodica-Integration-into-Fife-Core/Learn_Bluespec_and_RISCV_Design/Code/Build/Fife/verilog/mkMultiplier.v:208$913.$19\buffer[383:0] [129], Q = \multiplier.ff_to_quire.D_OUT [134], rval = 1'0).
Adding SRST signal on $auto$ff.cc:266:slice$6023 ($_DFFE_PP_) from module mkPositCore (D = $techmap$flatten\multiplier.$shr$/teamspace/studios/this_studio/Melodica-Integration-into-Fife-Core/Learn_Bluespec_and_RISCV_Design/Code/Build/Fife/verilog/mkMultiplier.v:208$913.$19\buffer[383:0] [130], Q = \multiplier.ff_to_quire.D_OUT [135], rval = 1'0).
Adding SRST signal on $auto$ff.cc:266:slice$6024 ($_DFFE_PP_) from module mkPositCore (D = $techmap$flatten\multiplier.$shr$/teamspace/studios/this_studio/Melodica-Integration-into-Fife-Core/Learn_Bluespec_and_RISCV_Design/Code/Build/Fife/verilog/mkMultiplier.v:208$913.$19\buffer[383:0] [131], Q = \multiplier.ff_to_quire.D_OUT [136], rval = 1'0).
Adding SRST signal on $auto$ff.cc:266:slice$6025 ($_DFFE_PP_) from module mkPositCore (D = $techmap$flatten\multiplier.$shr$/teamspace/studios/this_studio/Melodica-Integration-into-Fife-Core/Learn_Bluespec_and_RISCV_Design/Code/Build/Fife/verilog/mkMultiplier.v:208$913.$19\buffer[383:0] [132], Q = \multiplier.ff_to_quire.D_OUT [137], rval = 1'0).
Adding SRST signal on $auto$ff.cc:266:slice$6026 ($_DFFE_PP_) from module mkPositCore (D = $techmap$flatten\multiplier.$shr$/teamspace/studios/this_studio/Melodica-Integration-into-Fife-Core/Learn_Bluespec_and_RISCV_Design/Code/Build/Fife/verilog/mkMultiplier.v:208$913.$19\buffer[383:0] [133], Q = \multiplier.ff_to_quire.D_OUT [138], rval = 1'0).
Adding SRST signal on $auto$ff.cc:266:slice$6027 ($_DFFE_PP_) from module mkPositCore (D = $techmap$flatten\multiplier.$shr$/teamspace/studios/this_studio/Melodica-Integration-into-Fife-Core/Learn_Bluespec_and_RISCV_Design/Code/Build/Fife/verilog/mkMultiplier.v:208$913.$19\buffer[383:0] [134], Q = \multiplier.ff_to_quire.D_OUT [139], rval = 1'0).
Adding SRST signal on $auto$ff.cc:266:slice$6028 ($_DFFE_PP_) from module mkPositCore (D = $techmap$flatten\multiplier.$shr$/teamspace/studios/this_studio/Melodica-Integration-into-Fife-Core/Learn_Bluespec_and_RISCV_Design/Code/Build/Fife/verilog/mkMultiplier.v:208$913.$19\buffer[383:0] [135], Q = \multiplier.ff_to_quire.D_OUT [140], rval = 1'0).
Adding SRST signal on $auto$ff.cc:266:slice$6029 ($_DFFE_PP_) from module mkPositCore (D = $techmap$flatten\multiplier.$shr$/teamspace/studios/this_studio/Melodica-Integration-into-Fife-Core/Learn_Bluespec_and_RISCV_Design/Code/Build/Fife/verilog/mkMultiplier.v:208$913.$19\buffer[383:0] [136], Q = \multiplier.ff_to_quire.D_OUT [141], rval = 1'0).
Adding SRST signal on $auto$ff.cc:266:slice$6030 ($_DFFE_PP_) from module mkPositCore (D = $techmap$flatten\multiplier.$shr$/teamspace/studios/this_studio/Melodica-Integration-into-Fife-Core/Learn_Bluespec_and_RISCV_Design/Code/Build/Fife/verilog/mkMultiplier.v:208$913.$19\buffer[383:0] [137], Q = \multiplier.ff_to_quire.D_OUT [142], rval = 1'0).
Adding SRST signal on $auto$ff.cc:266:slice$6031 ($_DFFE_PP_) from module mkPositCore (D = $techmap$flatten\multiplier.$shr$/teamspace/studios/this_studio/Melodica-Integration-into-Fife-Core/Learn_Bluespec_and_RISCV_Design/Code/Build/Fife/verilog/mkMultiplier.v:208$913.$19\buffer[383:0] [138], Q = \multiplier.ff_to_quire.D_OUT [143], rval = 1'0).
Adding SRST signal on $auto$ff.cc:266:slice$6032 ($_DFFE_PP_) from module mkPositCore (D = $techmap$flatten\multiplier.$shr$/teamspace/studios/this_studio/Melodica-Integration-into-Fife-Core/Learn_Bluespec_and_RISCV_Design/Code/Build/Fife/verilog/mkMultiplier.v:208$913.$19\buffer[383:0] [139], Q = \multiplier.ff_to_quire.D_OUT [144], rval = 1'0).
Adding SRST signal on $auto$ff.cc:266:slice$6033 ($_DFFE_PP_) from module mkPositCore (D = $techmap$flatten\multiplier.$shr$/teamspace/studios/this_studio/Melodica-Integration-into-Fife-Core/Learn_Bluespec_and_RISCV_Design/Code/Build/Fife/verilog/mkMultiplier.v:208$913.$19\buffer[383:0] [140], Q = \multiplier.ff_to_quire.D_OUT [145], rval = 1'0).
Adding SRST signal on $auto$ff.cc:266:slice$6086 ($_DFFE_PP_) from module mkPositCore (D = $techmap$flatten\multiplier.$shl$/teamspace/studios/this_studio/Melodica-Integration-into-Fife-Core/Learn_Bluespec_and_RISCV_Design/Code/Build/Fife/verilog/mkMultiplier.v:206$912.$13\buffer[383:0] [193], Q = \multiplier.ff_to_quire.D_OUT [198], rval = 1'0).
Adding SRST signal on $auto$ff.cc:266:slice$6087 ($_DFFE_PP_) from module mkPositCore (D = $techmap$flatten\multiplier.$shl$/teamspace/studios/this_studio/Melodica-Integration-into-Fife-Core/Learn_Bluespec_and_RISCV_Design/Code/Build/Fife/verilog/mkMultiplier.v:206$912.$13\buffer[383:0] [194], Q = \multiplier.ff_to_quire.D_OUT [199], rval = 1'0).
Adding SRST signal on $auto$ff.cc:266:slice$6088 ($_DFFE_PP_) from module mkPositCore (D = $techmap$flatten\multiplier.$shl$/teamspace/studios/this_studio/Melodica-Integration-into-Fife-Core/Learn_Bluespec_and_RISCV_Design/Code/Build/Fife/verilog/mkMultiplier.v:206$912.$13\buffer[383:0] [195], Q = \multiplier.ff_to_quire.D_OUT [200], rval = 1'0).
Adding SRST signal on $auto$ff.cc:266:slice$6089 ($_DFFE_PP_) from module mkPositCore (D = $techmap$flatten\multiplier.$shl$/teamspace/studios/this_studio/Melodica-Integration-into-Fife-Core/Learn_Bluespec_and_RISCV_Design/Code/Build/Fife/verilog/mkMultiplier.v:206$912.$13\buffer[383:0] [196], Q = \multiplier.ff_to_quire.D_OUT [201], rval = 1'0).
Adding SRST signal on $auto$ff.cc:266:slice$6090 ($_DFFE_PP_) from module mkPositCore (D = $techmap$flatten\multiplier.$shl$/teamspace/studios/this_studio/Melodica-Integration-into-Fife-Core/Learn_Bluespec_and_RISCV_Design/Code/Build/Fife/verilog/mkMultiplier.v:206$912.$13\buffer[383:0] [197], Q = \multiplier.ff_to_quire.D_OUT [202], rval = 1'0).
Adding SRST signal on $auto$ff.cc:266:slice$6091 ($_DFFE_PP_) from module mkPositCore (D = $techmap$flatten\multiplier.$shl$/teamspace/studios/this_studio/Melodica-Integration-into-Fife-Core/Learn_Bluespec_and_RISCV_Design/Code/Build/Fife/verilog/mkMultiplier.v:206$912.$13\buffer[383:0] [198], Q = \multiplier.ff_to_quire.D_OUT [203], rval = 1'0).
Adding SRST signal on $auto$ff.cc:266:slice$6092 ($_DFFE_PP_) from module mkPositCore (D = $techmap$flatten\multiplier.$shl$/teamspace/studios/this_studio/Melodica-Integration-into-Fife-Core/Learn_Bluespec_and_RISCV_Design/Code/Build/Fife/verilog/mkMultiplier.v:206$912.$13\buffer[383:0] [199], Q = \multiplier.ff_to_quire.D_OUT [204], rval = 1'0).
Adding SRST signal on $auto$ff.cc:266:slice$6093 ($_DFFE_PP_) from module mkPositCore (D = $techmap$flatten\multiplier.$shl$/teamspace/studios/this_studio/Melodica-Integration-into-Fife-Core/Learn_Bluespec_and_RISCV_Design/Code/Build/Fife/verilog/mkMultiplier.v:206$912.$13\buffer[383:0] [200], Q = \multiplier.ff_to_quire.D_OUT [205], rval = 1'0).
Adding SRST signal on $auto$ff.cc:266:slice$6094 ($_DFFE_PP_) from module mkPositCore (D = $techmap$flatten\multiplier.$shl$/teamspace/studios/this_studio/Melodica-Integration-into-Fife-Core/Learn_Bluespec_and_RISCV_Design/Code/Build/Fife/verilog/mkMultiplier.v:206$912.$13\buffer[383:0] [201], Q = \multiplier.ff_to_quire.D_OUT [206], rval = 1'0).
Adding SRST signal on $auto$ff.cc:266:slice$6095 ($_DFFE_PP_) from module mkPositCore (D = $techmap$flatten\multiplier.$shl$/teamspace/studios/this_studio/Melodica-Integration-into-Fife-Core/Learn_Bluespec_and_RISCV_Design/Code/Build/Fife/verilog/mkMultiplier.v:206$912.$13\buffer[383:0] [202], Q = \multiplier.ff_to_quire.D_OUT [207], rval = 1'0).
Adding SRST signal on $auto$ff.cc:266:slice$6096 ($_DFFE_PP_) from module mkPositCore (D = $techmap$flatten\multiplier.$shl$/teamspace/studios/this_studio/Melodica-Integration-into-Fife-Core/Learn_Bluespec_and_RISCV_Design/Code/Build/Fife/verilog/mkMultiplier.v:206$912.$13\buffer[383:0] [203], Q = \multiplier.ff_to_quire.D_OUT [208], rval = 1'0).
Adding SRST signal on $auto$ff.cc:266:slice$6097 ($_DFFE_PP_) from module mkPositCore (D = $techmap$flatten\multiplier.$shl$/teamspace/studios/this_studio/Melodica-Integration-into-Fife-Core/Learn_Bluespec_and_RISCV_Design/Code/Build/Fife/verilog/mkMultiplier.v:206$912.$13\buffer[383:0] [204], Q = \multiplier.ff_to_quire.D_OUT [209], rval = 1'0).
Adding SRST signal on $auto$ff.cc:266:slice$6098 ($_DFFE_PP_) from module mkPositCore (D = $techmap$flatten\multiplier.$shl$/teamspace/studios/this_studio/Melodica-Integration-into-Fife-Core/Learn_Bluespec_and_RISCV_Design/Code/Build/Fife/verilog/mkMultiplier.v:206$912.$13\buffer[383:0] [205], Q = \multiplier.ff_to_quire.D_OUT [210], rval = 1'0).
Adding SRST signal on $auto$ff.cc:266:slice$6099 ($_DFFE_PP_) from module mkPositCore (D = $techmap$flatten\multiplier.$shl$/teamspace/studios/this_studio/Melodica-Integration-into-Fife-Core/Learn_Bluespec_and_RISCV_Design/Code/Build/Fife/verilog/mkMultiplier.v:206$912.$13\buffer[383:0] [206], Q = \multiplier.ff_to_quire.D_OUT [211], rval = 1'0).
Adding SRST signal on $auto$ff.cc:266:slice$6100 ($_DFFE_PP_) from module mkPositCore (D = $techmap$flatten\multiplier.$shl$/teamspace/studios/this_studio/Melodica-Integration-into-Fife-Core/Learn_Bluespec_and_RISCV_Design/Code/Build/Fife/verilog/mkMultiplier.v:206$912.$13\buffer[383:0] [207], Q = \multiplier.ff_to_quire.D_OUT [212], rval = 1'0).
Adding SRST signal on $auto$ff.cc:266:slice$6101 ($_DFFE_PP_) from module mkPositCore (D = $techmap$flatten\multiplier.$shl$/teamspace/studios/this_studio/Melodica-Integration-into-Fife-Core/Learn_Bluespec_and_RISCV_Design/Code/Build/Fife/verilog/mkMultiplier.v:206$912.$13\buffer[383:0] [208], Q = \multiplier.ff_to_quire.D_OUT [213], rval = 1'0).
Adding SRST signal on $auto$ff.cc:266:slice$6102 ($_DFFE_PP_) from module mkPositCore (D = $techmap$flatten\multiplier.$shl$/teamspace/studios/this_studio/Melodica-Integration-into-Fife-Core/Learn_Bluespec_and_RISCV_Design/Code/Build/Fife/verilog/mkMultiplier.v:206$912.$13\buffer[383:0] [209], Q = \multiplier.ff_to_quire.D_OUT [214], rval = 1'0).
Adding SRST signal on $auto$ff.cc:266:slice$6103 ($_DFFE_PP_) from module mkPositCore (D = $techmap$flatten\multiplier.$shl$/teamspace/studios/this_studio/Melodica-Integration-into-Fife-Core/Learn_Bluespec_and_RISCV_Design/Code/Build/Fife/verilog/mkMultiplier.v:206$912.$13\buffer[383:0] [210], Q = \multiplier.ff_to_quire.D_OUT [215], rval = 1'0).
Adding SRST signal on $auto$ff.cc:266:slice$6104 ($_DFFE_PP_) from module mkPositCore (D = $techmap$flatten\multiplier.$shl$/teamspace/studios/this_studio/Melodica-Integration-into-Fife-Core/Learn_Bluespec_and_RISCV_Design/Code/Build/Fife/verilog/mkMultiplier.v:206$912.$13\buffer[383:0] [211], Q = \multiplier.ff_to_quire.D_OUT [216], rval = 1'0).
Adding SRST signal on $auto$ff.cc:266:slice$6105 ($_DFFE_PP_) from module mkPositCore (D = $techmap$flatten\multiplier.$shl$/teamspace/studios/this_studio/Melodica-Integration-into-Fife-Core/Learn_Bluespec_and_RISCV_Design/Code/Build/Fife/verilog/mkMultiplier.v:206$912.$13\buffer[383:0] [212], Q = \multiplier.ff_to_quire.D_OUT [217], rval = 1'0).
Adding SRST signal on $auto$ff.cc:266:slice$6106 ($_DFFE_PP_) from module mkPositCore (D = $techmap$flatten\multiplier.$shl$/teamspace/studios/this_studio/Melodica-Integration-into-Fife-Core/Learn_Bluespec_and_RISCV_Design/Code/Build/Fife/verilog/mkMultiplier.v:206$912.$13\buffer[383:0] [213], Q = \multiplier.ff_to_quire.D_OUT [218], rval = 1'0).
Adding SRST signal on $auto$ff.cc:266:slice$6107 ($_DFFE_PP_) from module mkPositCore (D = $techmap$flatten\multiplier.$shl$/teamspace/studios/this_studio/Melodica-Integration-into-Fife-Core/Learn_Bluespec_and_RISCV_Design/Code/Build/Fife/verilog/mkMultiplier.v:206$912.$13\buffer[383:0] [214], Q = \multiplier.ff_to_quire.D_OUT [219], rval = 1'0).
Adding SRST signal on $auto$ff.cc:266:slice$6108 ($_DFFE_PP_) from module mkPositCore (D = $techmap$flatten\multiplier.$shl$/teamspace/studios/this_studio/Melodica-Integration-into-Fife-Core/Learn_Bluespec_and_RISCV_Design/Code/Build/Fife/verilog/mkMultiplier.v:206$912.$13\buffer[383:0] [215], Q = \multiplier.ff_to_quire.D_OUT [220], rval = 1'0).
Adding SRST signal on $auto$ff.cc:266:slice$6109 ($_DFFE_PP_) from module mkPositCore (D = $techmap$flatten\multiplier.$shl$/teamspace/studios/this_studio/Melodica-Integration-into-Fife-Core/Learn_Bluespec_and_RISCV_Design/Code/Build/Fife/verilog/mkMultiplier.v:206$912.$13\buffer[383:0] [216], Q = \multiplier.ff_to_quire.D_OUT [221], rval = 1'0).
Adding SRST signal on $auto$ff.cc:266:slice$6110 ($_DFFE_PP_) from module mkPositCore (D = $techmap$flatten\multiplier.$shl$/teamspace/studios/this_studio/Melodica-Integration-into-Fife-Core/Learn_Bluespec_and_RISCV_Design/Code/Build/Fife/verilog/mkMultiplier.v:206$912.$13\buffer[383:0] [217], Q = \multiplier.ff_to_quire.D_OUT [222], rval = 1'0).
Adding SRST signal on $auto$ff.cc:266:slice$6111 ($_DFFE_PP_) from module mkPositCore (D = $techmap$flatten\multiplier.$shl$/teamspace/studios/this_studio/Melodica-Integration-into-Fife-Core/Learn_Bluespec_and_RISCV_Design/Code/Build/Fife/verilog/mkMultiplier.v:206$912.$13\buffer[383:0] [218], Q = \multiplier.ff_to_quire.D_OUT [223], rval = 1'0).
Adding SRST signal on $auto$ff.cc:266:slice$6112 ($_DFFE_PP_) from module mkPositCore (D = $techmap$flatten\multiplier.$shl$/teamspace/studios/this_studio/Melodica-Integration-into-Fife-Core/Learn_Bluespec_and_RISCV_Design/Code/Build/Fife/verilog/mkMultiplier.v:206$912.$13\buffer[383:0] [219], Q = \multiplier.ff_to_quire.D_OUT [224], rval = 1'0).
Adding SRST signal on $auto$ff.cc:266:slice$6113 ($_DFFE_PP_) from module mkPositCore (D = $techmap$flatten\multiplier.$shl$/teamspace/studios/this_studio/Melodica-Integration-into-Fife-Core/Learn_Bluespec_and_RISCV_Design/Code/Build/Fife/verilog/mkMultiplier.v:206$912.$13\buffer[383:0] [220], Q = \multiplier.ff_to_quire.D_OUT [225], rval = 1'0).
Adding SRST signal on $auto$ff.cc:266:slice$6114 ($_DFFE_PP_) from module mkPositCore (D = $techmap$flatten\multiplier.$shl$/teamspace/studios/this_studio/Melodica-Integration-into-Fife-Core/Learn_Bluespec_and_RISCV_Design/Code/Build/Fife/verilog/mkMultiplier.v:206$912.$13\buffer[383:0] [221], Q = \multiplier.ff_to_quire.D_OUT [226], rval = 1'0).
Adding SRST signal on $auto$ff.cc:266:slice$6115 ($_DFFE_PP_) from module mkPositCore (D = $techmap$flatten\multiplier.$shl$/teamspace/studios/this_studio/Melodica-Integration-into-Fife-Core/Learn_Bluespec_and_RISCV_Design/Code/Build/Fife/verilog/mkMultiplier.v:206$912.$13\buffer[383:0] [222], Q = \multiplier.ff_to_quire.D_OUT [227], rval = 1'0).
Adding SRST signal on $auto$ff.cc:266:slice$6116 ($_DFFE_PP_) from module mkPositCore (D = $techmap$flatten\multiplier.$shl$/teamspace/studios/this_studio/Melodica-Integration-into-Fife-Core/Learn_Bluespec_and_RISCV_Design/Code/Build/Fife/verilog/mkMultiplier.v:206$912.$13\buffer[383:0] [223], Q = \multiplier.ff_to_quire.D_OUT [228], rval = 1'0).
Adding SRST signal on $auto$ff.cc:266:slice$6117 ($_DFFE_PP_) from module mkPositCore (D = $techmap$flatten\multiplier.$shl$/teamspace/studios/this_studio/Melodica-Integration-into-Fife-Core/Learn_Bluespec_and_RISCV_Design/Code/Build/Fife/verilog/mkMultiplier.v:206$912.$13\buffer[383:0] [224], Q = \multiplier.ff_to_quire.D_OUT [229], rval = 1'0).
Adding SRST signal on $auto$ff.cc:266:slice$6118 ($_DFFE_PP_) from module mkPositCore (D = $techmap$flatten\multiplier.$shl$/teamspace/studios/this_studio/Melodica-Integration-into-Fife-Core/Learn_Bluespec_and_RISCV_Design/Code/Build/Fife/verilog/mkMultiplier.v:206$912.$13\buffer[383:0] [225], Q = \multiplier.ff_to_quire.D_OUT [230], rval = 1'0).
Adding SRST signal on $auto$ff.cc:266:slice$6119 ($_DFFE_PP_) from module mkPositCore (D = $techmap$flatten\multiplier.$shl$/teamspace/studios/this_studio/Melodica-Integration-into-Fife-Core/Learn_Bluespec_and_RISCV_Design/Code/Build/Fife/verilog/mkMultiplier.v:206$912.$13\buffer[383:0] [226], Q = \multiplier.ff_to_quire.D_OUT [231], rval = 1'0).
Adding SRST signal on $auto$ff.cc:266:slice$6120 ($_DFFE_PP_) from module mkPositCore (D = $techmap$flatten\multiplier.$shl$/teamspace/studios/this_studio/Melodica-Integration-into-Fife-Core/Learn_Bluespec_and_RISCV_Design/Code/Build/Fife/verilog/mkMultiplier.v:206$912.$13\buffer[383:0] [227], Q = \multiplier.ff_to_quire.D_OUT [232], rval = 1'0).
Adding SRST signal on $auto$ff.cc:266:slice$6121 ($_DFFE_PP_) from module mkPositCore (D = $techmap$flatten\multiplier.$shl$/teamspace/studios/this_studio/Melodica-Integration-into-Fife-Core/Learn_Bluespec_and_RISCV_Design/Code/Build/Fife/verilog/mkMultiplier.v:206$912.$13\buffer[383:0] [228], Q = \multiplier.ff_to_quire.D_OUT [233], rval = 1'0).
Adding SRST signal on $auto$ff.cc:266:slice$6122 ($_DFFE_PP_) from module mkPositCore (D = $techmap$flatten\multiplier.$shl$/teamspace/studios/this_studio/Melodica-Integration-into-Fife-Core/Learn_Bluespec_and_RISCV_Design/Code/Build/Fife/verilog/mkMultiplier.v:206$912.$13\buffer[383:0] [229], Q = \multiplier.ff_to_quire.D_OUT [234], rval = 1'0).
Adding SRST signal on $auto$ff.cc:266:slice$6123 ($_DFFE_PP_) from module mkPositCore (D = $techmap$flatten\multiplier.$shl$/teamspace/studios/this_studio/Melodica-Integration-into-Fife-Core/Learn_Bluespec_and_RISCV_Design/Code/Build/Fife/verilog/mkMultiplier.v:206$912.$13\buffer[383:0] [230], Q = \multiplier.ff_to_quire.D_OUT [235], rval = 1'0).
Adding SRST signal on $auto$ff.cc:266:slice$6124 ($_DFFE_PP_) from module mkPositCore (D = $techmap$flatten\multiplier.$shl$/teamspace/studios/this_studio/Melodica-Integration-into-Fife-Core/Learn_Bluespec_and_RISCV_Design/Code/Build/Fife/verilog/mkMultiplier.v:206$912.$13\buffer[383:0] [231], Q = \multiplier.ff_to_quire.D_OUT [236], rval = 1'0).
Adding SRST signal on $auto$ff.cc:266:slice$6125 ($_DFFE_PP_) from module mkPositCore (D = $techmap$flatten\multiplier.$shl$/teamspace/studios/this_studio/Melodica-Integration-into-Fife-Core/Learn_Bluespec_and_RISCV_Design/Code/Build/Fife/verilog/mkMultiplier.v:206$912.$13\buffer[383:0] [232], Q = \multiplier.ff_to_quire.D_OUT [237], rval = 1'0).
Adding SRST signal on $auto$ff.cc:266:slice$6126 ($_DFFE_PP_) from module mkPositCore (D = $techmap$flatten\multiplier.$shl$/teamspace/studios/this_studio/Melodica-Integration-into-Fife-Core/Learn_Bluespec_and_RISCV_Design/Code/Build/Fife/verilog/mkMultiplier.v:206$912.$13\buffer[383:0] [233], Q = \multiplier.ff_to_quire.D_OUT [238], rval = 1'0).
Adding SRST signal on $auto$ff.cc:266:slice$6127 ($_DFFE_PP_) from module mkPositCore (D = $techmap$flatten\multiplier.$shl$/teamspace/studios/this_studio/Melodica-Integration-into-Fife-Core/Learn_Bluespec_and_RISCV_Design/Code/Build/Fife/verilog/mkMultiplier.v:206$912.$13\buffer[383:0] [234], Q = \multiplier.ff_to_quire.D_OUT [239], rval = 1'0).
Adding SRST signal on $auto$ff.cc:266:slice$6128 ($_DFFE_PP_) from module mkPositCore (D = $techmap$flatten\multiplier.$shl$/teamspace/studios/this_studio/Melodica-Integration-into-Fife-Core/Learn_Bluespec_and_RISCV_Design/Code/Build/Fife/verilog/mkMultiplier.v:206$912.$13\buffer[383:0] [235], Q = \multiplier.ff_to_quire.D_OUT [240], rval = 1'0).
Adding SRST signal on $auto$ff.cc:266:slice$6129 ($_DFFE_PP_) from module mkPositCore (D = $techmap$flatten\multiplier.$shl$/teamspace/studios/this_studio/Melodica-Integration-into-Fife-Core/Learn_Bluespec_and_RISCV_Design/Code/Build/Fife/verilog/mkMultiplier.v:206$912.$13\buffer[383:0] [236], Q = \multiplier.ff_to_quire.D_OUT [241], rval = 1'0).
Adding SRST signal on $auto$ff.cc:266:slice$6130 ($_DFFE_PP_) from module mkPositCore (D = $techmap$flatten\multiplier.$shl$/teamspace/studios/this_studio/Melodica-Integration-into-Fife-Core/Learn_Bluespec_and_RISCV_Design/Code/Build/Fife/verilog/mkMultiplier.v:206$912.$13\buffer[383:0] [237], Q = \multiplier.ff_to_quire.D_OUT [242], rval = 1'0).
Adding SRST signal on $auto$ff.cc:266:slice$6131 ($_DFFE_PP_) from module mkPositCore (D = $techmap$flatten\multiplier.$shl$/teamspace/studios/this_studio/Melodica-Integration-into-Fife-Core/Learn_Bluespec_and_RISCV_Design/Code/Build/Fife/verilog/mkMultiplier.v:206$912.$13\buffer[383:0] [238], Q = \multiplier.ff_to_quire.D_OUT [243], rval = 1'0).
Adding SRST signal on $auto$ff.cc:266:slice$6132 ($_DFFE_PP_) from module mkPositCore (D = $techmap$flatten\multiplier.$shl$/teamspace/studios/this_studio/Melodica-Integration-into-Fife-Core/Learn_Bluespec_and_RISCV_Design/Code/Build/Fife/verilog/mkMultiplier.v:206$912.$13\buffer[383:0] [239], Q = \multiplier.ff_to_quire.D_OUT [244], rval = 1'0).
Adding SRST signal on $auto$ff.cc:266:slice$6133 ($_DFFE_PP_) from module mkPositCore (D = $techmap$flatten\multiplier.$shl$/teamspace/studios/this_studio/Melodica-Integration-into-Fife-Core/Learn_Bluespec_and_RISCV_Design/Code/Build/Fife/verilog/mkMultiplier.v:206$912.$13\buffer[383:0] [240], Q = \multiplier.ff_to_quire.D_OUT [245], rval = 1'0).
Adding SRST signal on $auto$ff.cc:266:slice$6134 ($_DFFE_PP_) from module mkPositCore (D = $techmap$flatten\multiplier.$shl$/teamspace/studios/this_studio/Melodica-Integration-into-Fife-Core/Learn_Bluespec_and_RISCV_Design/Code/Build/Fife/verilog/mkMultiplier.v:206$912.$13\buffer[383:0] [241], Q = \multiplier.ff_to_quire.D_OUT [246], rval = 1'0).
Adding SRST signal on $auto$ff.cc:266:slice$6135 ($_DFFE_PP_) from module mkPositCore (D = $techmap$flatten\multiplier.$shl$/teamspace/studios/this_studio/Melodica-Integration-into-Fife-Core/Learn_Bluespec_and_RISCV_Design/Code/Build/Fife/verilog/mkMultiplier.v:206$912.$13\buffer[383:0] [242], Q = \multiplier.ff_to_quire.D_OUT [247], rval = 1'0).
Adding SRST signal on $auto$ff.cc:266:slice$6136 ($_DFFE_PP_) from module mkPositCore (D = $techmap$flatten\multiplier.$shl$/teamspace/studios/this_studio/Melodica-Integration-into-Fife-Core/Learn_Bluespec_and_RISCV_Design/Code/Build/Fife/verilog/mkMultiplier.v:206$912.$13\buffer[383:0] [243], Q = \multiplier.ff_to_quire.D_OUT [248], rval = 1'0).
Adding SRST signal on $auto$ff.cc:266:slice$6137 ($_DFFE_PP_) from module mkPositCore (D = $techmap$flatten\multiplier.$shl$/teamspace/studios/this_studio/Melodica-Integration-into-Fife-Core/Learn_Bluespec_and_RISCV_Design/Code/Build/Fife/verilog/mkMultiplier.v:206$912.$13\buffer[383:0] [244], Q = \multiplier.ff_to_quire.D_OUT [249], rval = 1'0).
Adding SRST signal on $auto$ff.cc:266:slice$6138 ($_DFFE_PP_) from module mkPositCore (D = $techmap$flatten\multiplier.$shl$/teamspace/studios/this_studio/Melodica-Integration-into-Fife-Core/Learn_Bluespec_and_RISCV_Design/Code/Build/Fife/verilog/mkMultiplier.v:206$912.$13\buffer[383:0] [245], Q = \multiplier.ff_to_quire.D_OUT [250], rval = 1'0).
Adding SRST signal on $auto$ff.cc:266:slice$6139 ($_DFFE_PP_) from module mkPositCore (D = $techmap$flatten\multiplier.$shl$/teamspace/studios/this_studio/Melodica-Integration-into-Fife-Core/Learn_Bluespec_and_RISCV_Design/Code/Build/Fife/verilog/mkMultiplier.v:206$912.$13\buffer[383:0] [246], Q = \multiplier.ff_to_quire.D_OUT [251], rval = 1'0).
Adding SRST signal on $auto$ff.cc:266:slice$6140 ($_DFFE_PP_) from module mkPositCore (D = $techmap$flatten\multiplier.$shl$/teamspace/studios/this_studio/Melodica-Integration-into-Fife-Core/Learn_Bluespec_and_RISCV_Design/Code/Build/Fife/verilog/mkMultiplier.v:206$912.$13\buffer[383:0] [247], Q = \multiplier.ff_to_quire.D_OUT [252], rval = 1'0).
Adding SRST signal on $auto$ff.cc:266:slice$6141 ($_DFFE_PP_) from module mkPositCore (D = $techmap$flatten\multiplier.$shl$/teamspace/studios/this_studio/Melodica-Integration-into-Fife-Core/Learn_Bluespec_and_RISCV_Design/Code/Build/Fife/verilog/mkMultiplier.v:206$912.$13\buffer[383:0] [248], Q = \multiplier.ff_to_quire.D_OUT [253], rval = 1'0).
Adding SRST signal on $auto$ff.cc:266:slice$6142 ($_DFFE_PP_) from module mkPositCore (D = $techmap$flatten\multiplier.$shl$/teamspace/studios/this_studio/Melodica-Integration-into-Fife-Core/Learn_Bluespec_and_RISCV_Design/Code/Build/Fife/verilog/mkMultiplier.v:206$912.$13\buffer[383:0] [249], Q = \multiplier.ff_to_quire.D_OUT [254], rval = 1'0).
Adding SRST signal on $auto$ff.cc:266:slice$6143 ($_DFFE_PP_) from module mkPositCore (D = $techmap$flatten\multiplier.$shl$/teamspace/studios/this_studio/Melodica-Integration-into-Fife-Core/Learn_Bluespec_and_RISCV_Design/Code/Build/Fife/verilog/mkMultiplier.v:206$912.$13\buffer[383:0] [250], Q = \multiplier.ff_to_quire.D_OUT [255], rval = 1'0).
Adding SRST signal on $auto$ff.cc:266:slice$6144 ($_DFFE_PP_) from module mkPositCore (D = $techmap$flatten\multiplier.$shl$/teamspace/studios/this_studio/Melodica-Integration-into-Fife-Core/Learn_Bluespec_and_RISCV_Design/Code/Build/Fife/verilog/mkMultiplier.v:206$912.$13\buffer[383:0] [251], Q = \multiplier.ff_to_quire.D_OUT [256], rval = 1'0).
Adding SRST signal on $auto$ff.cc:266:slice$6145 ($_DFFE_PP_) from module mkPositCore (D = $techmap$flatten\multiplier.$shl$/teamspace/studios/this_studio/Melodica-Integration-into-Fife-Core/Learn_Bluespec_and_RISCV_Design/Code/Build/Fife/verilog/mkMultiplier.v:206$912.$13\buffer[383:0] [252], Q = \multiplier.ff_to_quire.D_OUT [257], rval = 1'0).
Adding SRST signal on $auto$ff.cc:266:slice$6146 ($_DFFE_PP_) from module mkPositCore (D = $techmap$flatten\multiplier.$shl$/teamspace/studios/this_studio/Melodica-Integration-into-Fife-Core/Learn_Bluespec_and_RISCV_Design/Code/Build/Fife/verilog/mkMultiplier.v:206$912.$13\buffer[383:0] [253], Q = \multiplier.ff_to_quire.D_OUT [258], rval = 1'0).
Adding SRST signal on $auto$ff.cc:266:slice$6147 ($_DFFE_PP_) from module mkPositCore (D = $techmap$flatten\multiplier.$shl$/teamspace/studios/this_studio/Melodica-Integration-into-Fife-Core/Learn_Bluespec_and_RISCV_Design/Code/Build/Fife/verilog/mkMultiplier.v:206$912.$13\buffer[383:0] [254], Q = \multiplier.ff_to_quire.D_OUT [259], rval = 1'0).
Adding SRST signal on $auto$ff.cc:266:slice$6148 ($_DFFE_PP_) from module mkPositCore (D = $techmap$flatten\multiplier.$shl$/teamspace/studios/this_studio/Melodica-Integration-into-Fife-Core/Learn_Bluespec_and_RISCV_Design/Code/Build/Fife/verilog/mkMultiplier.v:206$912.$13\buffer[383:0] [255], Q = \multiplier.ff_to_quire.D_OUT [260], rval = 1'0).
Adding SRST signal on $auto$ff.cc:266:slice$6149 ($_DFFE_PP_) from module mkPositCore (D = $techmap$flatten\multiplier.$shl$/teamspace/studios/this_studio/Melodica-Integration-into-Fife-Core/Learn_Bluespec_and_RISCV_Design/Code/Build/Fife/verilog/mkMultiplier.v:206$912.$11\buffer[383:0] [192], Q = \multiplier.ff_to_quire.D_OUT [261], rval = 1'0).
Adding SRST signal on $auto$ff.cc:266:slice$6150 ($_DFFE_PP_) from module mkPositCore (D = $techmap$flatten\multiplier.$shl$/teamspace/studios/this_studio/Melodica-Integration-into-Fife-Core/Learn_Bluespec_and_RISCV_Design/Code/Build/Fife/verilog/mkMultiplier.v:206$912.$11\buffer[383:0] [193], Q = \multiplier.ff_to_quire.D_OUT [262], rval = 1'0).
Adding SRST signal on $auto$ff.cc:266:slice$6151 ($_DFFE_PP_) from module mkPositCore (D = $techmap$flatten\multiplier.$shl$/teamspace/studios/this_studio/Melodica-Integration-into-Fife-Core/Learn_Bluespec_and_RISCV_Design/Code/Build/Fife/verilog/mkMultiplier.v:206$912.$11\buffer[383:0] [194], Q = \multiplier.ff_to_quire.D_OUT [263], rval = 1'0).
Adding SRST signal on $auto$ff.cc:266:slice$6152 ($_DFFE_PP_) from module mkPositCore (D = $techmap$flatten\multiplier.$shl$/teamspace/studios/this_studio/Melodica-Integration-into-Fife-Core/Learn_Bluespec_and_RISCV_Design/Code/Build/Fife/verilog/mkMultiplier.v:206$912.$11\buffer[383:0] [195], Q = \multiplier.ff_to_quire.D_OUT [264], rval = 1'0).
Adding SRST signal on $auto$ff.cc:266:slice$6153 ($_DFFE_PP_) from module mkPositCore (D = $techmap$flatten\multiplier.$shl$/teamspace/studios/this_studio/Melodica-Integration-into-Fife-Core/Learn_Bluespec_and_RISCV_Design/Code/Build/Fife/verilog/mkMultiplier.v:206$912.$11\buffer[383:0] [196], Q = \multiplier.ff_to_quire.D_OUT [265], rval = 1'0).
Adding SRST signal on $auto$ff.cc:266:slice$6154 ($_DFFE_PP_) from module mkPositCore (D = $techmap$flatten\multiplier.$shl$/teamspace/studios/this_studio/Melodica-Integration-into-Fife-Core/Learn_Bluespec_and_RISCV_Design/Code/Build/Fife/verilog/mkMultiplier.v:206$912.$11\buffer[383:0] [197], Q = \multiplier.ff_to_quire.D_OUT [266], rval = 1'0).
Adding SRST signal on $auto$ff.cc:266:slice$6155 ($_DFFE_PP_) from module mkPositCore (D = $techmap$flatten\multiplier.$shl$/teamspace/studios/this_studio/Melodica-Integration-into-Fife-Core/Learn_Bluespec_and_RISCV_Design/Code/Build/Fife/verilog/mkMultiplier.v:206$912.$11\buffer[383:0] [198], Q = \multiplier.ff_to_quire.D_OUT [267], rval = 1'0).
Adding SRST signal on $auto$ff.cc:266:slice$6156 ($_DFFE_PP_) from module mkPositCore (D = $techmap$flatten\multiplier.$shl$/teamspace/studios/this_studio/Melodica-Integration-into-Fife-Core/Learn_Bluespec_and_RISCV_Design/Code/Build/Fife/verilog/mkMultiplier.v:206$912.$11\buffer[383:0] [199], Q = \multiplier.ff_to_quire.D_OUT [268], rval = 1'0).
Adding SRST signal on $auto$ff.cc:266:slice$6157 ($_DFFE_PP_) from module mkPositCore (D = $techmap$flatten\multiplier.$shl$/teamspace/studios/this_studio/Melodica-Integration-into-Fife-Core/Learn_Bluespec_and_RISCV_Design/Code/Build/Fife/verilog/mkMultiplier.v:206$912.$11\buffer[383:0] [200], Q = \multiplier.ff_to_quire.D_OUT [269], rval = 1'0).
Adding SRST signal on $auto$ff.cc:266:slice$6158 ($_DFFE_PP_) from module mkPositCore (D = $techmap$flatten\multiplier.$shl$/teamspace/studios/this_studio/Melodica-Integration-into-Fife-Core/Learn_Bluespec_and_RISCV_Design/Code/Build/Fife/verilog/mkMultiplier.v:206$912.$11\buffer[383:0] [201], Q = \multiplier.ff_to_quire.D_OUT [270], rval = 1'0).
Adding SRST signal on $auto$ff.cc:266:slice$6159 ($_DFFE_PP_) from module mkPositCore (D = $techmap$flatten\multiplier.$shl$/teamspace/studios/this_studio/Melodica-Integration-into-Fife-Core/Learn_Bluespec_and_RISCV_Design/Code/Build/Fife/verilog/mkMultiplier.v:206$912.$11\buffer[383:0] [202], Q = \multiplier.ff_to_quire.D_OUT [271], rval = 1'0).
Adding SRST signal on $auto$ff.cc:266:slice$6160 ($_DFFE_PP_) from module mkPositCore (D = $techmap$flatten\multiplier.$shl$/teamspace/studios/this_studio/Melodica-Integration-into-Fife-Core/Learn_Bluespec_and_RISCV_Design/Code/Build/Fife/verilog/mkMultiplier.v:206$912.$11\buffer[383:0] [203], Q = \multiplier.ff_to_quire.D_OUT [272], rval = 1'0).
Adding SRST signal on $auto$ff.cc:266:slice$6161 ($_DFFE_PP_) from module mkPositCore (D = $techmap$flatten\multiplier.$shl$/teamspace/studios/this_studio/Melodica-Integration-into-Fife-Core/Learn_Bluespec_and_RISCV_Design/Code/Build/Fife/verilog/mkMultiplier.v:206$912.$11\buffer[383:0] [204], Q = \multiplier.ff_to_quire.D_OUT [273], rval = 1'0).
Adding SRST signal on $auto$ff.cc:266:slice$6162 ($_DFFE_PP_) from module mkPositCore (D = $techmap$flatten\multiplier.$shl$/teamspace/studios/this_studio/Melodica-Integration-into-Fife-Core/Learn_Bluespec_and_RISCV_Design/Code/Build/Fife/verilog/mkMultiplier.v:206$912.$15\buffer[383:0] [269], Q = \multiplier.ff_to_quire.D_OUT [274], rval = 1'0).
Adding SRST signal on $auto$ff.cc:266:slice$6163 ($_DFFE_PP_) from module mkPositCore (D = $techmap$flatten\multiplier.$shl$/teamspace/studios/this_studio/Melodica-Integration-into-Fife-Core/Learn_Bluespec_and_RISCV_Design/Code/Build/Fife/verilog/mkMultiplier.v:206$912.$15\buffer[383:0] [270], Q = \multiplier.ff_to_quire.D_OUT [275], rval = 1'0).
Adding SRST signal on $auto$ff.cc:266:slice$6164 ($_DFFE_PP_) from module mkPositCore (D = $techmap$flatten\multiplier.$shl$/teamspace/studios/this_studio/Melodica-Integration-into-Fife-Core/Learn_Bluespec_and_RISCV_Design/Code/Build/Fife/verilog/mkMultiplier.v:206$912.$15\buffer[383:0] [271], Q = \multiplier.ff_to_quire.D_OUT [276], rval = 1'0).
Adding SRST signal on $auto$ff.cc:266:slice$6165 ($_DFFE_PP_) from module mkPositCore (D = $techmap$flatten\multiplier.$shl$/teamspace/studios/this_studio/Melodica-Integration-into-Fife-Core/Learn_Bluespec_and_RISCV_Design/Code/Build/Fife/verilog/mkMultiplier.v:206$912.$15\buffer[383:0] [272], Q = \multiplier.ff_to_quire.D_OUT [277], rval = 1'0).
Adding SRST signal on $auto$ff.cc:266:slice$6166 ($_DFFE_PP_) from module mkPositCore (D = $techmap$flatten\multiplier.$shl$/teamspace/studios/this_studio/Melodica-Integration-into-Fife-Core/Learn_Bluespec_and_RISCV_Design/Code/Build/Fife/verilog/mkMultiplier.v:206$912.$15\buffer[383:0] [273], Q = \multiplier.ff_to_quire.D_OUT [278], rval = 1'0).
Adding SRST signal on $auto$ff.cc:266:slice$6167 ($_DFFE_PP_) from module mkPositCore (D = $techmap$flatten\multiplier.$shl$/teamspace/studios/this_studio/Melodica-Integration-into-Fife-Core/Learn_Bluespec_and_RISCV_Design/Code/Build/Fife/verilog/mkMultiplier.v:206$912.$15\buffer[383:0] [274], Q = \multiplier.ff_to_quire.D_OUT [279], rval = 1'0).
Adding SRST signal on $auto$ff.cc:266:slice$6168 ($_DFFE_PP_) from module mkPositCore (D = $techmap$flatten\multiplier.$shl$/teamspace/studios/this_studio/Melodica-Integration-into-Fife-Core/Learn_Bluespec_and_RISCV_Design/Code/Build/Fife/verilog/mkMultiplier.v:206$912.$15\buffer[383:0] [275], Q = \multiplier.ff_to_quire.D_OUT [280], rval = 1'0).
Adding SRST signal on $auto$ff.cc:266:slice$6169 ($_DFFE_PP_) from module mkPositCore (D = $techmap$flatten\multiplier.$shl$/teamspace/studios/this_studio/Melodica-Integration-into-Fife-Core/Learn_Bluespec_and_RISCV_Design/Code/Build/Fife/verilog/mkMultiplier.v:206$912.$15\buffer[383:0] [276], Q = \multiplier.ff_to_quire.D_OUT [281], rval = 1'0).
Adding SRST signal on $auto$ff.cc:266:slice$6170 ($_DFFE_PP_) from module mkPositCore (D = $techmap$flatten\multiplier.$shl$/teamspace/studios/this_studio/Melodica-Integration-into-Fife-Core/Learn_Bluespec_and_RISCV_Design/Code/Build/Fife/verilog/mkMultiplier.v:206$912.$15\buffer[383:0] [277], Q = \multiplier.ff_to_quire.D_OUT [282], rval = 1'0).
Adding SRST signal on $auto$ff.cc:266:slice$6171 ($_DFFE_PP_) from module mkPositCore (D = $techmap$flatten\multiplier.$shl$/teamspace/studios/this_studio/Melodica-Integration-into-Fife-Core/Learn_Bluespec_and_RISCV_Design/Code/Build/Fife/verilog/mkMultiplier.v:206$912.$15\buffer[383:0] [278], Q = \multiplier.ff_to_quire.D_OUT [283], rval = 1'0).
Adding SRST signal on $auto$ff.cc:266:slice$6172 ($_DFFE_PP_) from module mkPositCore (D = $techmap$flatten\multiplier.$shl$/teamspace/studios/this_studio/Melodica-Integration-into-Fife-Core/Learn_Bluespec_and_RISCV_Design/Code/Build/Fife/verilog/mkMultiplier.v:206$912.$15\buffer[383:0] [279], Q = \multiplier.ff_to_quire.D_OUT [284], rval = 1'0).
Adding SRST signal on $auto$ff.cc:266:slice$6173 ($_DFFE_PP_) from module mkPositCore (D = $techmap$flatten\multiplier.$shl$/teamspace/studios/this_studio/Melodica-Integration-into-Fife-Core/Learn_Bluespec_and_RISCV_Design/Code/Build/Fife/verilog/mkMultiplier.v:206$912.$15\buffer[383:0] [280], Q = \multiplier.ff_to_quire.D_OUT [285], rval = 1'0).
Adding SRST signal on $auto$ff.cc:266:slice$6174 ($_DFFE_PP_) from module mkPositCore (D = $techmap$flatten\multiplier.$shl$/teamspace/studios/this_studio/Melodica-Integration-into-Fife-Core/Learn_Bluespec_and_RISCV_Design/Code/Build/Fife/verilog/mkMultiplier.v:206$912.$15\buffer[383:0] [281], Q = \multiplier.ff_to_quire.D_OUT [286], rval = 1'0).
Adding SRST signal on $auto$ff.cc:266:slice$6175 ($_DFFE_PP_) from module mkPositCore (D = $techmap$flatten\multiplier.$shl$/teamspace/studios/this_studio/Melodica-Integration-into-Fife-Core/Learn_Bluespec_and_RISCV_Design/Code/Build/Fife/verilog/mkMultiplier.v:206$912.$15\buffer[383:0] [282], Q = \multiplier.ff_to_quire.D_OUT [287], rval = 1'0).
Adding SRST signal on $auto$ff.cc:266:slice$6176 ($_DFFE_PP_) from module mkPositCore (D = $techmap$flatten\multiplier.$shl$/teamspace/studios/this_studio/Melodica-Integration-into-Fife-Core/Learn_Bluespec_and_RISCV_Design/Code/Build/Fife/verilog/mkMultiplier.v:206$912.$15\buffer[383:0] [283], Q = \multiplier.ff_to_quire.D_OUT [288], rval = 1'0).
Adding SRST signal on $auto$ff.cc:266:slice$6177 ($_DFFE_PP_) from module mkPositCore (D = $techmap$flatten\multiplier.$shl$/teamspace/studios/this_studio/Melodica-Integration-into-Fife-Core/Learn_Bluespec_and_RISCV_Design/Code/Build/Fife/verilog/mkMultiplier.v:206$912.$15\buffer[383:0] [284], Q = \multiplier.ff_to_quire.D_OUT [289], rval = 1'0).
Adding SRST signal on $auto$ff.cc:266:slice$6178 ($_DFFE_PP_) from module mkPositCore (D = $techmap$flatten\multiplier.$shl$/teamspace/studios/this_studio/Melodica-Integration-into-Fife-Core/Learn_Bluespec_and_RISCV_Design/Code/Build/Fife/verilog/mkMultiplier.v:206$912.$15\buffer[383:0] [285], Q = \multiplier.ff_to_quire.D_OUT [290], rval = 1'0).
Adding SRST signal on $auto$ff.cc:266:slice$6179 ($_DFFE_PP_) from module mkPositCore (D = $techmap$flatten\multiplier.$shl$/teamspace/studios/this_studio/Melodica-Integration-into-Fife-Core/Learn_Bluespec_and_RISCV_Design/Code/Build/Fife/verilog/mkMultiplier.v:206$912.$15\buffer[383:0] [286], Q = \multiplier.ff_to_quire.D_OUT [291], rval = 1'0).
Adding SRST signal on $auto$ff.cc:266:slice$6180 ($_DFFE_PP_) from module mkPositCore (D = $techmap$flatten\multiplier.$shl$/teamspace/studios/this_studio/Melodica-Integration-into-Fife-Core/Learn_Bluespec_and_RISCV_Design/Code/Build/Fife/verilog/mkMultiplier.v:206$912.$15\buffer[383:0] [287], Q = \multiplier.ff_to_quire.D_OUT [292], rval = 1'0).
Adding SRST signal on $auto$ff.cc:266:slice$6181 ($_DFFE_PP_) from module mkPositCore (D = $techmap$flatten\multiplier.$shl$/teamspace/studios/this_studio/Melodica-Integration-into-Fife-Core/Learn_Bluespec_and_RISCV_Design/Code/Build/Fife/verilog/mkMultiplier.v:206$912.$15\buffer[383:0] [288], Q = \multiplier.ff_to_quire.D_OUT [293], rval = 1'0).
Adding SRST signal on $auto$ff.cc:266:slice$6182 ($_DFFE_PP_) from module mkPositCore (D = $techmap$flatten\multiplier.$shl$/teamspace/studios/this_studio/Melodica-Integration-into-Fife-Core/Learn_Bluespec_and_RISCV_Design/Code/Build/Fife/verilog/mkMultiplier.v:206$912.$15\buffer[383:0] [289], Q = \multiplier.ff_to_quire.D_OUT [294], rval = 1'0).
Adding SRST signal on $auto$ff.cc:266:slice$6183 ($_DFFE_PP_) from module mkPositCore (D = $techmap$flatten\multiplier.$shl$/teamspace/studios/this_studio/Melodica-Integration-into-Fife-Core/Learn_Bluespec_and_RISCV_Design/Code/Build/Fife/verilog/mkMultiplier.v:206$912.$15\buffer[383:0] [290], Q = \multiplier.ff_to_quire.D_OUT [295], rval = 1'0).
Adding SRST signal on $auto$ff.cc:266:slice$6184 ($_DFFE_PP_) from module mkPositCore (D = $techmap$flatten\multiplier.$shl$/teamspace/studios/this_studio/Melodica-Integration-into-Fife-Core/Learn_Bluespec_and_RISCV_Design/Code/Build/Fife/verilog/mkMultiplier.v:206$912.$15\buffer[383:0] [291], Q = \multiplier.ff_to_quire.D_OUT [296], rval = 1'0).
Adding SRST signal on $auto$ff.cc:266:slice$6185 ($_DFFE_PP_) from module mkPositCore (D = $techmap$flatten\multiplier.$shl$/teamspace/studios/this_studio/Melodica-Integration-into-Fife-Core/Learn_Bluespec_and_RISCV_Design/Code/Build/Fife/verilog/mkMultiplier.v:206$912.$15\buffer[383:0] [292], Q = \multiplier.ff_to_quire.D_OUT [297], rval = 1'0).
Adding SRST signal on $auto$ff.cc:266:slice$6186 ($_DFFE_PP_) from module mkPositCore (D = $techmap$flatten\multiplier.$shl$/teamspace/studios/this_studio/Melodica-Integration-into-Fife-Core/Learn_Bluespec_and_RISCV_Design/Code/Build/Fife/verilog/mkMultiplier.v:206$912.$15\buffer[383:0] [293], Q = \multiplier.ff_to_quire.D_OUT [298], rval = 1'0).
Adding SRST signal on $auto$ff.cc:266:slice$6187 ($_DFFE_PP_) from module mkPositCore (D = $techmap$flatten\multiplier.$shl$/teamspace/studios/this_studio/Melodica-Integration-into-Fife-Core/Learn_Bluespec_and_RISCV_Design/Code/Build/Fife/verilog/mkMultiplier.v:206$912.$15\buffer[383:0] [294], Q = \multiplier.ff_to_quire.D_OUT [299], rval = 1'0).
Adding SRST signal on $auto$ff.cc:266:slice$6188 ($_DFFE_PP_) from module mkPositCore (D = $techmap$flatten\multiplier.$shl$/teamspace/studios/this_studio/Melodica-Integration-into-Fife-Core/Learn_Bluespec_and_RISCV_Design/Code/Build/Fife/verilog/mkMultiplier.v:206$912.$15\buffer[383:0] [295], Q = \multiplier.ff_to_quire.D_OUT [300], rval = 1'0).
Adding SRST signal on $auto$ff.cc:266:slice$6189 ($_DFFE_PP_) from module mkPositCore (D = $techmap$flatten\multiplier.$shl$/teamspace/studios/this_studio/Melodica-Integration-into-Fife-Core/Learn_Bluespec_and_RISCV_Design/Code/Build/Fife/verilog/mkMultiplier.v:206$912.$15\buffer[383:0] [296], Q = \multiplier.ff_to_quire.D_OUT [301], rval = 1'0).
Adding SRST signal on $auto$ff.cc:266:slice$6190 ($_DFFE_PP_) from module mkPositCore (D = $techmap$flatten\multiplier.$shl$/teamspace/studios/this_studio/Melodica-Integration-into-Fife-Core/Learn_Bluespec_and_RISCV_Design/Code/Build/Fife/verilog/mkMultiplier.v:206$912.$15\buffer[383:0] [297], Q = \multiplier.ff_to_quire.D_OUT [302], rval = 1'0).
Adding SRST signal on $auto$ff.cc:266:slice$6191 ($_DFFE_PP_) from module mkPositCore (D = $techmap$flatten\multiplier.$shl$/teamspace/studios/this_studio/Melodica-Integration-into-Fife-Core/Learn_Bluespec_and_RISCV_Design/Code/Build/Fife/verilog/mkMultiplier.v:206$912.$15\buffer[383:0] [298], Q = \multiplier.ff_to_quire.D_OUT [303], rval = 1'0).
Adding SRST signal on $auto$ff.cc:266:slice$6192 ($_DFFE_PP_) from module mkPositCore (D = $techmap$flatten\multiplier.$shl$/teamspace/studios/this_studio/Melodica-Integration-into-Fife-Core/Learn_Bluespec_and_RISCV_Design/Code/Build/Fife/verilog/mkMultiplier.v:206$912.$15\buffer[383:0] [299], Q = \multiplier.ff_to_quire.D_OUT [304], rval = 1'0).
Adding SRST signal on $auto$ff.cc:266:slice$6193 ($_DFFE_PP_) from module mkPositCore (D = $techmap$flatten\multiplier.$shl$/teamspace/studios/this_studio/Melodica-Integration-into-Fife-Core/Learn_Bluespec_and_RISCV_Design/Code/Build/Fife/verilog/mkMultiplier.v:206$912.$15\buffer[383:0] [300], Q = \multiplier.ff_to_quire.D_OUT [305], rval = 1'0).
Adding SRST signal on $auto$ff.cc:266:slice$6194 ($_DFFE_PP_) from module mkPositCore (D = $techmap$flatten\multiplier.$shl$/teamspace/studios/this_studio/Melodica-Integration-into-Fife-Core/Learn_Bluespec_and_RISCV_Design/Code/Build/Fife/verilog/mkMultiplier.v:206$912.$15\buffer[383:0] [301], Q = \multiplier.ff_to_quire.D_OUT [306], rval = 1'0).
Adding SRST signal on $auto$ff.cc:266:slice$6195 ($_DFFE_PP_) from module mkPositCore (D = $techmap$flatten\multiplier.$shl$/teamspace/studios/this_studio/Melodica-Integration-into-Fife-Core/Learn_Bluespec_and_RISCV_Design/Code/Build/Fife/verilog/mkMultiplier.v:206$912.$15\buffer[383:0] [302], Q = \multiplier.ff_to_quire.D_OUT [307], rval = 1'0).
Adding SRST signal on $auto$ff.cc:266:slice$6196 ($_DFFE_PP_) from module mkPositCore (D = $techmap$flatten\multiplier.$shl$/teamspace/studios/this_studio/Melodica-Integration-into-Fife-Core/Learn_Bluespec_and_RISCV_Design/Code/Build/Fife/verilog/mkMultiplier.v:206$912.$15\buffer[383:0] [303], Q = \multiplier.ff_to_quire.D_OUT [308], rval = 1'0).
Adding SRST signal on $auto$ff.cc:266:slice$6197 ($_DFFE_PP_) from module mkPositCore (D = $techmap$flatten\multiplier.$shl$/teamspace/studios/this_studio/Melodica-Integration-into-Fife-Core/Learn_Bluespec_and_RISCV_Design/Code/Build/Fife/verilog/mkMultiplier.v:206$912.$15\buffer[383:0] [304], Q = \multiplier.ff_to_quire.D_OUT [309], rval = 1'0).
Adding SRST signal on $auto$ff.cc:266:slice$6198 ($_DFFE_PP_) from module mkPositCore (D = $techmap$flatten\multiplier.$shl$/teamspace/studios/this_studio/Melodica-Integration-into-Fife-Core/Learn_Bluespec_and_RISCV_Design/Code/Build/Fife/verilog/mkMultiplier.v:206$912.$15\buffer[383:0] [305], Q = \multiplier.ff_to_quire.D_OUT [310], rval = 1'0).
Adding SRST signal on $auto$ff.cc:266:slice$6199 ($_DFFE_PP_) from module mkPositCore (D = $techmap$flatten\multiplier.$shl$/teamspace/studios/this_studio/Melodica-Integration-into-Fife-Core/Learn_Bluespec_and_RISCV_Design/Code/Build/Fife/verilog/mkMultiplier.v:206$912.$15\buffer[383:0] [306], Q = \multiplier.ff_to_quire.D_OUT [311], rval = 1'0).
Adding SRST signal on $auto$ff.cc:266:slice$6200 ($_DFFE_PP_) from module mkPositCore (D = $techmap$flatten\multiplier.$shl$/teamspace/studios/this_studio/Melodica-Integration-into-Fife-Core/Learn_Bluespec_and_RISCV_Design/Code/Build/Fife/verilog/mkMultiplier.v:206$912.$15\buffer[383:0] [307], Q = \multiplier.ff_to_quire.D_OUT [312], rval = 1'0).
Adding SRST signal on $auto$ff.cc:266:slice$6201 ($_DFFE_PP_) from module mkPositCore (D = $techmap$flatten\multiplier.$shl$/teamspace/studios/this_studio/Melodica-Integration-into-Fife-Core/Learn_Bluespec_and_RISCV_Design/Code/Build/Fife/verilog/mkMultiplier.v:206$912.$15\buffer[383:0] [308], Q = \multiplier.ff_to_quire.D_OUT [313], rval = 1'0).
Adding SRST signal on $auto$ff.cc:266:slice$6202 ($_DFFE_PP_) from module mkPositCore (D = $techmap$flatten\multiplier.$shl$/teamspace/studios/this_studio/Melodica-Integration-into-Fife-Core/Learn_Bluespec_and_RISCV_Design/Code/Build/Fife/verilog/mkMultiplier.v:206$912.$15\buffer[383:0] [309], Q = \multiplier.ff_to_quire.D_OUT [314], rval = 1'0).
Adding SRST signal on $auto$ff.cc:266:slice$6203 ($_DFFE_PP_) from module mkPositCore (D = $techmap$flatten\multiplier.$shl$/teamspace/studios/this_studio/Melodica-Integration-into-Fife-Core/Learn_Bluespec_and_RISCV_Design/Code/Build/Fife/verilog/mkMultiplier.v:206$912.$15\buffer[383:0] [310], Q = \multiplier.ff_to_quire.D_OUT [315], rval = 1'0).
Adding SRST signal on $auto$ff.cc:266:slice$6204 ($_DFFE_PP_) from module mkPositCore (D = $techmap$flatten\multiplier.$shl$/teamspace/studios/this_studio/Melodica-Integration-into-Fife-Core/Learn_Bluespec_and_RISCV_Design/Code/Build/Fife/verilog/mkMultiplier.v:206$912.$15\buffer[383:0] [311], Q = \multiplier.ff_to_quire.D_OUT [316], rval = 1'0).
Adding SRST signal on $auto$ff.cc:266:slice$6205 ($_DFFE_PP_) from module mkPositCore (D = $techmap$flatten\multiplier.$shl$/teamspace/studios/this_studio/Melodica-Integration-into-Fife-Core/Learn_Bluespec_and_RISCV_Design/Code/Build/Fife/verilog/mkMultiplier.v:206$912.$15\buffer[383:0] [312], Q = \multiplier.ff_to_quire.D_OUT [317], rval = 1'0).
Adding SRST signal on $auto$ff.cc:266:slice$6206 ($_DFFE_PP_) from module mkPositCore (D = $techmap$flatten\multiplier.$shl$/teamspace/studios/this_studio/Melodica-Integration-into-Fife-Core/Learn_Bluespec_and_RISCV_Design/Code/Build/Fife/verilog/mkMultiplier.v:206$912.$15\buffer[383:0] [313], Q = \multiplier.ff_to_quire.D_OUT [318], rval = 1'0).
Adding SRST signal on $auto$ff.cc:266:slice$6207 ($_DFFE_PP_) from module mkPositCore (D = $techmap$flatten\multiplier.$shl$/teamspace/studios/this_studio/Melodica-Integration-into-Fife-Core/Learn_Bluespec_and_RISCV_Design/Code/Build/Fife/verilog/mkMultiplier.v:206$912.$15\buffer[383:0] [314], Q = \multiplier.ff_to_quire.D_OUT [319], rval = 1'0).
Adding SRST signal on $auto$ff.cc:266:slice$6208 ($_DFFE_PP_) from module mkPositCore (D = $techmap$flatten\multiplier.$shl$/teamspace/studios/this_studio/Melodica-Integration-into-Fife-Core/Learn_Bluespec_and_RISCV_Design/Code/Build/Fife/verilog/mkMultiplier.v:206$912.$15\buffer[383:0] [315], Q = \multiplier.ff_to_quire.D_OUT [320], rval = 1'0).
Adding SRST signal on $auto$ff.cc:266:slice$6209 ($_DFFE_PP_) from module mkPositCore (D = $techmap$flatten\multiplier.$shl$/teamspace/studios/this_studio/Melodica-Integration-into-Fife-Core/Learn_Bluespec_and_RISCV_Design/Code/Build/Fife/verilog/mkMultiplier.v:206$912.$15\buffer[383:0] [316], Q = \multiplier.ff_to_quire.D_OUT [321], rval = 1'0).
Adding SRST signal on $auto$ff.cc:266:slice$6210 ($_DFFE_PP_) from module mkPositCore (D = $techmap$flatten\multiplier.$shl$/teamspace/studios/this_studio/Melodica-Integration-into-Fife-Core/Learn_Bluespec_and_RISCV_Design/Code/Build/Fife/verilog/mkMultiplier.v:206$912.$15\buffer[383:0] [317], Q = \multiplier.ff_to_quire.D_OUT [322], rval = 1'0).
Adding SRST signal on $auto$ff.cc:266:slice$6211 ($_DFFE_PP_) from module mkPositCore (D = $techmap$flatten\multiplier.$shl$/teamspace/studios/this_studio/Melodica-Integration-into-Fife-Core/Learn_Bluespec_and_RISCV_Design/Code/Build/Fife/verilog/mkMultiplier.v:206$912.$15\buffer[383:0] [318], Q = \multiplier.ff_to_quire.D_OUT [323], rval = 1'0).
Adding SRST signal on $auto$ff.cc:266:slice$6212 ($_DFFE_PP_) from module mkPositCore (D = $techmap$flatten\multiplier.$shl$/teamspace/studios/this_studio/Melodica-Integration-into-Fife-Core/Learn_Bluespec_and_RISCV_Design/Code/Build/Fife/verilog/mkMultiplier.v:206$912.$15\buffer[383:0] [319], Q = \multiplier.ff_to_quire.D_OUT [324], rval = 1'0).
Adding SRST signal on $auto$ff.cc:266:slice$6213 ($_DFFE_PP_) from module mkPositCore (D = $techmap$flatten\multiplier.$shl$/teamspace/studios/this_studio/Melodica-Integration-into-Fife-Core/Learn_Bluespec_and_RISCV_Design/Code/Build/Fife/verilog/mkMultiplier.v:206$912.$13\buffer[383:0] [192], Q = \multiplier.ff_to_quire.D_OUT [325], rval = 1'0).
Adding SRST signal on $auto$ff.cc:266:slice$6214 ($_DFFE_PP_) from module mkPositCore (D = $techmap$flatten\multiplier.$shl$/teamspace/studios/this_studio/Melodica-Integration-into-Fife-Core/Learn_Bluespec_and_RISCV_Design/Code/Build/Fife/verilog/mkMultiplier.v:206$912.$13\buffer[383:0] [193], Q = \multiplier.ff_to_quire.D_OUT [326], rval = 1'0).
Adding SRST signal on $auto$ff.cc:266:slice$6215 ($_DFFE_PP_) from module mkPositCore (D = $techmap$flatten\multiplier.$shl$/teamspace/studios/this_studio/Melodica-Integration-into-Fife-Core/Learn_Bluespec_and_RISCV_Design/Code/Build/Fife/verilog/mkMultiplier.v:206$912.$13\buffer[383:0] [194], Q = \multiplier.ff_to_quire.D_OUT [327], rval = 1'0).
Adding SRST signal on $auto$ff.cc:266:slice$6216 ($_DFFE_PP_) from module mkPositCore (D = $techmap$flatten\multiplier.$shl$/teamspace/studios/this_studio/Melodica-Integration-into-Fife-Core/Learn_Bluespec_and_RISCV_Design/Code/Build/Fife/verilog/mkMultiplier.v:206$912.$13\buffer[383:0] [195], Q = \multiplier.ff_to_quire.D_OUT [328], rval = 1'0).
Adding SRST signal on $auto$ff.cc:266:slice$6217 ($_DFFE_PP_) from module mkPositCore (D = $techmap$flatten\multiplier.$shl$/teamspace/studios/this_studio/Melodica-Integration-into-Fife-Core/Learn_Bluespec_and_RISCV_Design/Code/Build/Fife/verilog/mkMultiplier.v:206$912.$13\buffer[383:0] [196], Q = \multiplier.ff_to_quire.D_OUT [329], rval = 1'0).
Adding SRST signal on $auto$ff.cc:266:slice$6218 ($_DFFE_PP_) from module mkPositCore (D = $techmap$flatten\multiplier.$shl$/teamspace/studios/this_studio/Melodica-Integration-into-Fife-Core/Learn_Bluespec_and_RISCV_Design/Code/Build/Fife/verilog/mkMultiplier.v:206$912.$13\buffer[383:0] [197], Q = \multiplier.ff_to_quire.D_OUT [330], rval = 1'0).
Adding SRST signal on $auto$ff.cc:266:slice$6219 ($_DFFE_PP_) from module mkPositCore (D = $techmap$flatten\multiplier.$shl$/teamspace/studios/this_studio/Melodica-Integration-into-Fife-Core/Learn_Bluespec_and_RISCV_Design/Code/Build/Fife/verilog/mkMultiplier.v:206$912.$13\buffer[383:0] [198], Q = \multiplier.ff_to_quire.D_OUT [331], rval = 1'0).
Adding SRST signal on $auto$ff.cc:266:slice$6220 ($_DFFE_PP_) from module mkPositCore (D = $techmap$flatten\multiplier.$shl$/teamspace/studios/this_studio/Melodica-Integration-into-Fife-Core/Learn_Bluespec_and_RISCV_Design/Code/Build/Fife/verilog/mkMultiplier.v:206$912.$13\buffer[383:0] [199], Q = \multiplier.ff_to_quire.D_OUT [332], rval = 1'0).
Adding SRST signal on $auto$ff.cc:266:slice$6221 ($_DFFE_PP_) from module mkPositCore (D = $techmap$flatten\multiplier.$shl$/teamspace/studios/this_studio/Melodica-Integration-into-Fife-Core/Learn_Bluespec_and_RISCV_Design/Code/Build/Fife/verilog/mkMultiplier.v:206$912.$13\buffer[383:0] [200], Q = \multiplier.ff_to_quire.D_OUT [333], rval = 1'0).
Adding SRST signal on $auto$ff.cc:266:slice$6222 ($_DFFE_PP_) from module mkPositCore (D = $techmap$flatten\multiplier.$shl$/teamspace/studios/this_studio/Melodica-Integration-into-Fife-Core/Learn_Bluespec_and_RISCV_Design/Code/Build/Fife/verilog/mkMultiplier.v:206$912.$13\buffer[383:0] [201], Q = \multiplier.ff_to_quire.D_OUT [334], rval = 1'0).
Adding SRST signal on $auto$ff.cc:266:slice$6223 ($_DFFE_PP_) from module mkPositCore (D = $techmap$flatten\multiplier.$shl$/teamspace/studios/this_studio/Melodica-Integration-into-Fife-Core/Learn_Bluespec_and_RISCV_Design/Code/Build/Fife/verilog/mkMultiplier.v:206$912.$13\buffer[383:0] [202], Q = \multiplier.ff_to_quire.D_OUT [335], rval = 1'0).
Adding SRST signal on $auto$ff.cc:266:slice$6224 ($_DFFE_PP_) from module mkPositCore (D = $techmap$flatten\multiplier.$shl$/teamspace/studios/this_studio/Melodica-Integration-into-Fife-Core/Learn_Bluespec_and_RISCV_Design/Code/Build/Fife/verilog/mkMultiplier.v:206$912.$13\buffer[383:0] [203], Q = \multiplier.ff_to_quire.D_OUT [336], rval = 1'0).
Adding SRST signal on $auto$ff.cc:266:slice$6225 ($_DFFE_PP_) from module mkPositCore (D = $techmap$flatten\multiplier.$shl$/teamspace/studios/this_studio/Melodica-Integration-into-Fife-Core/Learn_Bluespec_and_RISCV_Design/Code/Build/Fife/verilog/mkMultiplier.v:206$912.$13\buffer[383:0] [204], Q = \multiplier.ff_to_quire.D_OUT [337], rval = 1'0).
Adding SRST signal on $auto$ff.cc:266:slice$6226 ($_DFFE_PP_) from module mkPositCore (D = $techmap$flatten\multiplier.$shl$/teamspace/studios/this_studio/Melodica-Integration-into-Fife-Core/Learn_Bluespec_and_RISCV_Design/Code/Build/Fife/verilog/mkMultiplier.v:206$912.$13\buffer[383:0] [205], Q = \multiplier.ff_to_quire.D_OUT [338], rval = 1'0).
Adding SRST signal on $auto$ff.cc:266:slice$6227 ($_DFFE_PP_) from module mkPositCore (D = $techmap$flatten\multiplier.$shl$/teamspace/studios/this_studio/Melodica-Integration-into-Fife-Core/Learn_Bluespec_and_RISCV_Design/Code/Build/Fife/verilog/mkMultiplier.v:206$912.$13\buffer[383:0] [206], Q = \multiplier.ff_to_quire.D_OUT [339], rval = 1'0).
Adding SRST signal on $auto$ff.cc:266:slice$6228 ($_DFFE_PP_) from module mkPositCore (D = $techmap$flatten\multiplier.$shl$/teamspace/studios/this_studio/Melodica-Integration-into-Fife-Core/Learn_Bluespec_and_RISCV_Design/Code/Build/Fife/verilog/mkMultiplier.v:206$912.$13\buffer[383:0] [207], Q = \multiplier.ff_to_quire.D_OUT [340], rval = 1'0).
Adding SRST signal on $auto$ff.cc:266:slice$6229 ($_DFFE_PP_) from module mkPositCore (D = $techmap$flatten\multiplier.$shl$/teamspace/studios/this_studio/Melodica-Integration-into-Fife-Core/Learn_Bluespec_and_RISCV_Design/Code/Build/Fife/verilog/mkMultiplier.v:206$912.$13\buffer[383:0] [208], Q = \multiplier.ff_to_quire.D_OUT [341], rval = 1'0).
Adding SRST signal on $auto$ff.cc:266:slice$6230 ($_DFFE_PP_) from module mkPositCore (D = $techmap$flatten\multiplier.$shl$/teamspace/studios/this_studio/Melodica-Integration-into-Fife-Core/Learn_Bluespec_and_RISCV_Design/Code/Build/Fife/verilog/mkMultiplier.v:206$912.$13\buffer[383:0] [209], Q = \multiplier.ff_to_quire.D_OUT [342], rval = 1'0).
Adding SRST signal on $auto$ff.cc:266:slice$6231 ($_DFFE_PP_) from module mkPositCore (D = $techmap$flatten\multiplier.$shl$/teamspace/studios/this_studio/Melodica-Integration-into-Fife-Core/Learn_Bluespec_and_RISCV_Design/Code/Build/Fife/verilog/mkMultiplier.v:206$912.$13\buffer[383:0] [210], Q = \multiplier.ff_to_quire.D_OUT [343], rval = 1'0).
Adding SRST signal on $auto$ff.cc:266:slice$6232 ($_DFFE_PP_) from module mkPositCore (D = $techmap$flatten\multiplier.$shl$/teamspace/studios/this_studio/Melodica-Integration-into-Fife-Core/Learn_Bluespec_and_RISCV_Design/Code/Build/Fife/verilog/mkMultiplier.v:206$912.$13\buffer[383:0] [211], Q = \multiplier.ff_to_quire.D_OUT [344], rval = 1'0).
Adding SRST signal on $auto$ff.cc:266:slice$6233 ($_DFFE_PP_) from module mkPositCore (D = $techmap$flatten\multiplier.$shl$/teamspace/studios/this_studio/Melodica-Integration-into-Fife-Core/Learn_Bluespec_and_RISCV_Design/Code/Build/Fife/verilog/mkMultiplier.v:206$912.$13\buffer[383:0] [212], Q = \multiplier.ff_to_quire.D_OUT [345], rval = 1'0).
Adding SRST signal on $auto$ff.cc:266:slice$6234 ($_DFFE_PP_) from module mkPositCore (D = $techmap$flatten\multiplier.$shl$/teamspace/studios/this_studio/Melodica-Integration-into-Fife-Core/Learn_Bluespec_and_RISCV_Design/Code/Build/Fife/verilog/mkMultiplier.v:206$912.$13\buffer[383:0] [213], Q = \multiplier.ff_to_quire.D_OUT [346], rval = 1'0).
Adding SRST signal on $auto$ff.cc:266:slice$6235 ($_DFFE_PP_) from module mkPositCore (D = $techmap$flatten\multiplier.$shl$/teamspace/studios/this_studio/Melodica-Integration-into-Fife-Core/Learn_Bluespec_and_RISCV_Design/Code/Build/Fife/verilog/mkMultiplier.v:206$912.$13\buffer[383:0] [214], Q = \multiplier.ff_to_quire.D_OUT [347], rval = 1'0).
Adding SRST signal on $auto$ff.cc:266:slice$6236 ($_DFFE_PP_) from module mkPositCore (D = $techmap$flatten\multiplier.$shl$/teamspace/studios/this_studio/Melodica-Integration-into-Fife-Core/Learn_Bluespec_and_RISCV_Design/Code/Build/Fife/verilog/mkMultiplier.v:206$912.$13\buffer[383:0] [215], Q = \multiplier.ff_to_quire.D_OUT [348], rval = 1'0).
Adding SRST signal on $auto$ff.cc:266:slice$6237 ($_DFFE_PP_) from module mkPositCore (D = $techmap$flatten\multiplier.$shl$/teamspace/studios/this_studio/Melodica-Integration-into-Fife-Core/Learn_Bluespec_and_RISCV_Design/Code/Build/Fife/verilog/mkMultiplier.v:206$912.$13\buffer[383:0] [216], Q = \multiplier.ff_to_quire.D_OUT [349], rval = 1'0).
Adding SRST signal on $auto$ff.cc:266:slice$6238 ($_DFFE_PP_) from module mkPositCore (D = $techmap$flatten\multiplier.$shl$/teamspace/studios/this_studio/Melodica-Integration-into-Fife-Core/Learn_Bluespec_and_RISCV_Design/Code/Build/Fife/verilog/mkMultiplier.v:206$912.$13\buffer[383:0] [217], Q = \multiplier.ff_to_quire.D_OUT [350], rval = 1'0).
Adding SRST signal on $auto$ff.cc:266:slice$6239 ($_DFFE_PP_) from module mkPositCore (D = $techmap$flatten\multiplier.$shl$/teamspace/studios/this_studio/Melodica-Integration-into-Fife-Core/Learn_Bluespec_and_RISCV_Design/Code/Build/Fife/verilog/mkMultiplier.v:206$912.$13\buffer[383:0] [218], Q = \multiplier.ff_to_quire.D_OUT [351], rval = 1'0).
Adding SRST signal on $auto$ff.cc:266:slice$6240 ($_DFFE_PP_) from module mkPositCore (D = $techmap$flatten\multiplier.$shl$/teamspace/studios/this_studio/Melodica-Integration-into-Fife-Core/Learn_Bluespec_and_RISCV_Design/Code/Build/Fife/verilog/mkMultiplier.v:206$912.$13\buffer[383:0] [219], Q = \multiplier.ff_to_quire.D_OUT [352], rval = 1'0).
Adding SRST signal on $auto$ff.cc:266:slice$6241 ($_DFFE_PP_) from module mkPositCore (D = $techmap$flatten\multiplier.$shl$/teamspace/studios/this_studio/Melodica-Integration-into-Fife-Core/Learn_Bluespec_and_RISCV_Design/Code/Build/Fife/verilog/mkMultiplier.v:206$912.$13\buffer[383:0] [220], Q = \multiplier.ff_to_quire.D_OUT [353], rval = 1'0).
Adding SRST signal on $auto$ff.cc:266:slice$6242 ($_DFFE_PP_) from module mkPositCore (D = $techmap$flatten\multiplier.$shl$/teamspace/studios/this_studio/Melodica-Integration-into-Fife-Core/Learn_Bluespec_and_RISCV_Design/Code/Build/Fife/verilog/mkMultiplier.v:206$912.$13\buffer[383:0] [221], Q = \multiplier.ff_to_quire.D_OUT [354], rval = 1'0).
Adding SRST signal on $auto$ff.cc:266:slice$6243 ($_DFFE_PP_) from module mkPositCore (D = $techmap$flatten\multiplier.$shl$/teamspace/studios/this_studio/Melodica-Integration-into-Fife-Core/Learn_Bluespec_and_RISCV_Design/Code/Build/Fife/verilog/mkMultiplier.v:206$912.$13\buffer[383:0] [222], Q = \multiplier.ff_to_quire.D_OUT [355], rval = 1'0).
Adding SRST signal on $auto$ff.cc:266:slice$6244 ($_DFFE_PP_) from module mkPositCore (D = $techmap$flatten\multiplier.$shl$/teamspace/studios/this_studio/Melodica-Integration-into-Fife-Core/Learn_Bluespec_and_RISCV_Design/Code/Build/Fife/verilog/mkMultiplier.v:206$912.$13\buffer[383:0] [223], Q = \multiplier.ff_to_quire.D_OUT [356], rval = 1'0).
Adding SRST signal on $auto$ff.cc:266:slice$6245 ($_DFFE_PP_) from module mkPositCore (D = $techmap$flatten\multiplier.$shl$/teamspace/studios/this_studio/Melodica-Integration-into-Fife-Core/Learn_Bluespec_and_RISCV_Design/Code/Build/Fife/verilog/mkMultiplier.v:206$912.$13\buffer[383:0] [224], Q = \multiplier.ff_to_quire.D_OUT [357], rval = 1'0).
Adding SRST signal on $auto$ff.cc:266:slice$6246 ($_DFFE_PP_) from module mkPositCore (D = $techmap$flatten\multiplier.$shl$/teamspace/studios/this_studio/Melodica-Integration-into-Fife-Core/Learn_Bluespec_and_RISCV_Design/Code/Build/Fife/verilog/mkMultiplier.v:206$912.$13\buffer[383:0] [225], Q = \multiplier.ff_to_quire.D_OUT [358], rval = 1'0).
Adding SRST signal on $auto$ff.cc:266:slice$6247 ($_DFFE_PP_) from module mkPositCore (D = $techmap$flatten\multiplier.$shl$/teamspace/studios/this_studio/Melodica-Integration-into-Fife-Core/Learn_Bluespec_and_RISCV_Design/Code/Build/Fife/verilog/mkMultiplier.v:206$912.$13\buffer[383:0] [226], Q = \multiplier.ff_to_quire.D_OUT [359], rval = 1'0).
Adding SRST signal on $auto$ff.cc:266:slice$6248 ($_DFFE_PP_) from module mkPositCore (D = $techmap$flatten\multiplier.$shl$/teamspace/studios/this_studio/Melodica-Integration-into-Fife-Core/Learn_Bluespec_and_RISCV_Design/Code/Build/Fife/verilog/mkMultiplier.v:206$912.$13\buffer[383:0] [227], Q = \multiplier.ff_to_quire.D_OUT [360], rval = 1'0).
Adding SRST signal on $auto$ff.cc:266:slice$6249 ($_DFFE_PP_) from module mkPositCore (D = $techmap$flatten\multiplier.$shl$/teamspace/studios/this_studio/Melodica-Integration-into-Fife-Core/Learn_Bluespec_and_RISCV_Design/Code/Build/Fife/verilog/mkMultiplier.v:206$912.$13\buffer[383:0] [228], Q = \multiplier.ff_to_quire.D_OUT [361], rval = 1'0).
Adding SRST signal on $auto$ff.cc:266:slice$6250 ($_DFFE_PP_) from module mkPositCore (D = $techmap$flatten\multiplier.$shl$/teamspace/studios/this_studio/Melodica-Integration-into-Fife-Core/Learn_Bluespec_and_RISCV_Design/Code/Build/Fife/verilog/mkMultiplier.v:206$912.$13\buffer[383:0] [229], Q = \multiplier.ff_to_quire.D_OUT [362], rval = 1'0).
Adding SRST signal on $auto$ff.cc:266:slice$6251 ($_DFFE_PP_) from module mkPositCore (D = $techmap$flatten\multiplier.$shl$/teamspace/studios/this_studio/Melodica-Integration-into-Fife-Core/Learn_Bluespec_and_RISCV_Design/Code/Build/Fife/verilog/mkMultiplier.v:206$912.$13\buffer[383:0] [230], Q = \multiplier.ff_to_quire.D_OUT [363], rval = 1'0).
Adding SRST signal on $auto$ff.cc:266:slice$6252 ($_DFFE_PP_) from module mkPositCore (D = $techmap$flatten\multiplier.$shl$/teamspace/studios/this_studio/Melodica-Integration-into-Fife-Core/Learn_Bluespec_and_RISCV_Design/Code/Build/Fife/verilog/mkMultiplier.v:206$912.$13\buffer[383:0] [231], Q = \multiplier.ff_to_quire.D_OUT [364], rval = 1'0).
Adding SRST signal on $auto$ff.cc:266:slice$6253 ($_DFFE_PP_) from module mkPositCore (D = $techmap$flatten\multiplier.$shl$/teamspace/studios/this_studio/Melodica-Integration-into-Fife-Core/Learn_Bluespec_and_RISCV_Design/Code/Build/Fife/verilog/mkMultiplier.v:206$912.$13\buffer[383:0] [232], Q = \multiplier.ff_to_quire.D_OUT [365], rval = 1'0).
Adding SRST signal on $auto$ff.cc:266:slice$6254 ($_DFFE_PP_) from module mkPositCore (D = $techmap$flatten\multiplier.$shl$/teamspace/studios/this_studio/Melodica-Integration-into-Fife-Core/Learn_Bluespec_and_RISCV_Design/Code/Build/Fife/verilog/mkMultiplier.v:206$912.$13\buffer[383:0] [233], Q = \multiplier.ff_to_quire.D_OUT [366], rval = 1'0).
Adding SRST signal on $auto$ff.cc:266:slice$6255 ($_DFFE_PP_) from module mkPositCore (D = $techmap$flatten\multiplier.$shl$/teamspace/studios/this_studio/Melodica-Integration-into-Fife-Core/Learn_Bluespec_and_RISCV_Design/Code/Build/Fife/verilog/mkMultiplier.v:206$912.$13\buffer[383:0] [234], Q = \multiplier.ff_to_quire.D_OUT [367], rval = 1'0).
Adding SRST signal on $auto$ff.cc:266:slice$6256 ($_DFFE_PP_) from module mkPositCore (D = $techmap$flatten\multiplier.$shl$/teamspace/studios/this_studio/Melodica-Integration-into-Fife-Core/Learn_Bluespec_and_RISCV_Design/Code/Build/Fife/verilog/mkMultiplier.v:206$912.$13\buffer[383:0] [235], Q = \multiplier.ff_to_quire.D_OUT [368], rval = 1'0).
Adding SRST signal on $auto$ff.cc:266:slice$6257 ($_DFFE_PP_) from module mkPositCore (D = $techmap$flatten\multiplier.$shl$/teamspace/studios/this_studio/Melodica-Integration-into-Fife-Core/Learn_Bluespec_and_RISCV_Design/Code/Build/Fife/verilog/mkMultiplier.v:206$912.$13\buffer[383:0] [236], Q = \multiplier.ff_to_quire.D_OUT [369], rval = 1'0).
Adding SRST signal on $auto$ff.cc:266:slice$6258 ($_DFFE_PP_) from module mkPositCore (D = $techmap$flatten\multiplier.$shl$/teamspace/studios/this_studio/Melodica-Integration-into-Fife-Core/Learn_Bluespec_and_RISCV_Design/Code/Build/Fife/verilog/mkMultiplier.v:206$912.$13\buffer[383:0] [237], Q = \multiplier.ff_to_quire.D_OUT [370], rval = 1'0).
Adding SRST signal on $auto$ff.cc:266:slice$6259 ($_DFFE_PP_) from module mkPositCore (D = $techmap$flatten\multiplier.$shl$/teamspace/studios/this_studio/Melodica-Integration-into-Fife-Core/Learn_Bluespec_and_RISCV_Design/Code/Build/Fife/verilog/mkMultiplier.v:206$912.$13\buffer[383:0] [238], Q = \multiplier.ff_to_quire.D_OUT [371], rval = 1'0).
Adding SRST signal on $auto$ff.cc:266:slice$6260 ($_DFFE_PP_) from module mkPositCore (D = $techmap$flatten\multiplier.$shl$/teamspace/studios/this_studio/Melodica-Integration-into-Fife-Core/Learn_Bluespec_and_RISCV_Design/Code/Build/Fife/verilog/mkMultiplier.v:206$912.$13\buffer[383:0] [239], Q = \multiplier.ff_to_quire.D_OUT [372], rval = 1'0).
Adding SRST signal on $auto$ff.cc:266:slice$6261 ($_DFFE_PP_) from module mkPositCore (D = $techmap$flatten\multiplier.$shl$/teamspace/studios/this_studio/Melodica-Integration-into-Fife-Core/Learn_Bluespec_and_RISCV_Design/Code/Build/Fife/verilog/mkMultiplier.v:206$912.$13\buffer[383:0] [240], Q = \multiplier.ff_to_quire.D_OUT [373], rval = 1'0).
Adding SRST signal on $auto$ff.cc:266:slice$6262 ($_DFFE_PP_) from module mkPositCore (D = $techmap$flatten\multiplier.$shl$/teamspace/studios/this_studio/Melodica-Integration-into-Fife-Core/Learn_Bluespec_and_RISCV_Design/Code/Build/Fife/verilog/mkMultiplier.v:206$912.$13\buffer[383:0] [241], Q = \multiplier.ff_to_quire.D_OUT [374], rval = 1'0).
Adding SRST signal on $auto$ff.cc:266:slice$6263 ($_DFFE_PP_) from module mkPositCore (D = $techmap$flatten\multiplier.$shl$/teamspace/studios/this_studio/Melodica-Integration-into-Fife-Core/Learn_Bluespec_and_RISCV_Design/Code/Build/Fife/verilog/mkMultiplier.v:206$912.$13\buffer[383:0] [242], Q = \multiplier.ff_to_quire.D_OUT [375], rval = 1'0).
Adding SRST signal on $auto$ff.cc:266:slice$6264 ($_DFFE_PP_) from module mkPositCore (D = $techmap$flatten\multiplier.$shl$/teamspace/studios/this_studio/Melodica-Integration-into-Fife-Core/Learn_Bluespec_and_RISCV_Design/Code/Build/Fife/verilog/mkMultiplier.v:206$912.$13\buffer[383:0] [243], Q = \multiplier.ff_to_quire.D_OUT [376], rval = 1'0).
Adding SRST signal on $auto$ff.cc:266:slice$6265 ($_DFFE_PP_) from module mkPositCore (D = $techmap$flatten\multiplier.$shl$/teamspace/studios/this_studio/Melodica-Integration-into-Fife-Core/Learn_Bluespec_and_RISCV_Design/Code/Build/Fife/verilog/mkMultiplier.v:206$912.$13\buffer[383:0] [244], Q = \multiplier.ff_to_quire.D_OUT [377], rval = 1'0).
Adding SRST signal on $auto$ff.cc:266:slice$6266 ($_DFFE_PP_) from module mkPositCore (D = $techmap$flatten\multiplier.$shl$/teamspace/studios/this_studio/Melodica-Integration-into-Fife-Core/Learn_Bluespec_and_RISCV_Design/Code/Build/Fife/verilog/mkMultiplier.v:206$912.$13\buffer[383:0] [245], Q = \multiplier.ff_to_quire.D_OUT [378], rval = 1'0).
Adding SRST signal on $auto$ff.cc:266:slice$6267 ($_DFFE_PP_) from module mkPositCore (D = $techmap$flatten\multiplier.$shl$/teamspace/studios/this_studio/Melodica-Integration-into-Fife-Core/Learn_Bluespec_and_RISCV_Design/Code/Build/Fife/verilog/mkMultiplier.v:206$912.$13\buffer[383:0] [246], Q = \multiplier.ff_to_quire.D_OUT [379], rval = 1'0).
Adding SRST signal on $auto$ff.cc:266:slice$6268 ($_DFFE_PP_) from module mkPositCore (D = $techmap$flatten\multiplier.$shl$/teamspace/studios/this_studio/Melodica-Integration-into-Fife-Core/Learn_Bluespec_and_RISCV_Design/Code/Build/Fife/verilog/mkMultiplier.v:206$912.$13\buffer[383:0] [247], Q = \multiplier.ff_to_quire.D_OUT [380], rval = 1'0).
Adding SRST signal on $auto$ff.cc:266:slice$6269 ($_DFFE_PP_) from module mkPositCore (D = $techmap$flatten\multiplier.$shl$/teamspace/studios/this_studio/Melodica-Integration-into-Fife-Core/Learn_Bluespec_and_RISCV_Design/Code/Build/Fife/verilog/mkMultiplier.v:206$912.$13\buffer[383:0] [248], Q = \multiplier.ff_to_quire.D_OUT [381], rval = 1'0).
Adding SRST signal on $auto$ff.cc:266:slice$6270 ($_DFFE_PP_) from module mkPositCore (D = $techmap$flatten\multiplier.$shl$/teamspace/studios/this_studio/Melodica-Integration-into-Fife-Core/Learn_Bluespec_and_RISCV_Design/Code/Build/Fife/verilog/mkMultiplier.v:206$912.$13\buffer[383:0] [249], Q = \multiplier.ff_to_quire.D_OUT [382], rval = 1'0).
Adding SRST signal on $auto$ff.cc:266:slice$6271 ($_DFFE_PP_) from module mkPositCore (D = $techmap$flatten\multiplier.$shl$/teamspace/studios/this_studio/Melodica-Integration-into-Fife-Core/Learn_Bluespec_and_RISCV_Design/Code/Build/Fife/verilog/mkMultiplier.v:206$912.$13\buffer[383:0] [250], Q = \multiplier.ff_to_quire.D_OUT [383], rval = 1'0).
Adding SRST signal on $auto$ff.cc:266:slice$6272 ($_DFFE_PP_) from module mkPositCore (D = $techmap$flatten\multiplier.$shl$/teamspace/studios/this_studio/Melodica-Integration-into-Fife-Core/Learn_Bluespec_and_RISCV_Design/Code/Build/Fife/verilog/mkMultiplier.v:206$912.$13\buffer[383:0] [251], Q = \multiplier.ff_to_quire.D_OUT [384], rval = 1'0).
Adding SRST signal on $auto$ff.cc:266:slice$6273 ($_DFFE_PP_) from module mkPositCore (D = $techmap$flatten\multiplier.$shl$/teamspace/studios/this_studio/Melodica-Integration-into-Fife-Core/Learn_Bluespec_and_RISCV_Design/Code/Build/Fife/verilog/mkMultiplier.v:206$912.$13\buffer[383:0] [252], Q = \multiplier.ff_to_quire.D_OUT [385], rval = 1'0).
Adding SRST signal on $auto$ff.cc:266:slice$6274 ($_DFFE_PP_) from module mkPositCore (D = $techmap$flatten\multiplier.$shl$/teamspace/studios/this_studio/Melodica-Integration-into-Fife-Core/Learn_Bluespec_and_RISCV_Design/Code/Build/Fife/verilog/mkMultiplier.v:206$912.$13\buffer[383:0] [253], Q = \multiplier.ff_to_quire.D_OUT [386], rval = 1'0).
Adding SRST signal on $auto$ff.cc:266:slice$6275 ($_DFFE_PP_) from module mkPositCore (D = $techmap$flatten\multiplier.$shl$/teamspace/studios/this_studio/Melodica-Integration-into-Fife-Core/Learn_Bluespec_and_RISCV_Design/Code/Build/Fife/verilog/mkMultiplier.v:206$912.$13\buffer[383:0] [254], Q = \multiplier.ff_to_quire.D_OUT [387], rval = 1'0).
Adding SRST signal on $auto$ff.cc:266:slice$6276 ($_DFFE_PP_) from module mkPositCore (D = $techmap$flatten\multiplier.$shl$/teamspace/studios/this_studio/Melodica-Integration-into-Fife-Core/Learn_Bluespec_and_RISCV_Design/Code/Build/Fife/verilog/mkMultiplier.v:206$912.$13\buffer[383:0] [255], Q = \multiplier.ff_to_quire.D_OUT [388], rval = 1'0).
Removing never-active SRST on $auto$ff.cc:266:slice$30908 ($_SDFFCE_PN0P_) from module mkPositCore.
Adding SRST signal on $auto$ff.cc:266:slice$30908 ($_SDFFCE_PN0P_) from module mkPositCore (D = \ftop._0_CONCAT_request_put_BITS_30_TO_23_MINUS_127_B_ETC__q2 [6], Q = \ftop.ffO.D_OUT [33], rval = 1'1).
Removing never-active SRST on $auto$ff.cc:266:slice$30910 ($_SDFFCE_PN0P_) from module mkPositCore.
Adding SRST signal on $auto$ff.cc:266:slice$30910 ($_SDFFCE_PN0P_) from module mkPositCore (D = \ftop._0_CONCAT_request_put_BITS_30_TO_23_MINUS_127_B_ETC__q2 [7], Q = \ftop.ffO.D_OUT [35], rval = 1'1).

14.22.4. Executing OPT_CLEAN pass (remove unused cells and wires).
Finding unused cells or wires in module \mkPositCore..
Removed 5144 unused cells and 12341 unused wires.
<suppressed ~5146 debug messages>

14.22.5. Rerunning OPT passes. (Removed registers in this run.)

14.22.6. Executing OPT_EXPR pass (perform const folding).
Optimizing module mkPositCore.
<suppressed ~128 debug messages>

14.22.7. Executing OPT_MERGE pass (detect identical cells).
Finding identical cells in module `\mkPositCore'.
<suppressed ~3015 debug messages>
Removed a total of 1005 cells.

14.22.8. Executing OPT_DFF pass (perform DFF optimizations).
Removing never-active SRST on $auto$ff.cc:266:slice$31026 ($_SDFFCE_PN1P_) from module mkPositCore.
Removing never-active SRST on $auto$ff.cc:266:slice$31025 ($_SDFFCE_PN0P_) from module mkPositCore.
Removing never-active SRST on $auto$ff.cc:266:slice$31024 ($_SDFFCE_PN0P_) from module mkPositCore.
Removing never-active SRST on $auto$ff.cc:266:slice$31023 ($_SDFFCE_PN0P_) from module mkPositCore.
Removing never-active SRST on $auto$ff.cc:266:slice$31022 ($_SDFFCE_PN0P_) from module mkPositCore.
Removing never-active SRST on $auto$ff.cc:266:slice$31021 ($_SDFFCE_PN0P_) from module mkPositCore.
Removing never-active SRST on $auto$ff.cc:266:slice$112131 ($_SDFFCE_PN1P_) from module mkPositCore.
Removing never-active SRST on $auto$ff.cc:266:slice$112130 ($_SDFFCE_PN1P_) from module mkPositCore.
Setting constant 0-bit at position 0 on $auto$ff.cc:266:slice$30916 ($_DFFE_PP_) from module mkPositCore.

14.22.9. Executing OPT_CLEAN pass (remove unused cells and wires).
Finding unused cells or wires in module \mkPositCore..
Removed 28 unused cells and 874 unused wires.
<suppressed ~29 debug messages>

14.22.10. Rerunning OPT passes. (Removed registers in this run.)

14.22.11. Executing OPT_EXPR pass (perform const folding).
Optimizing module mkPositCore.

14.22.12. Executing OPT_MERGE pass (detect identical cells).
Finding identical cells in module `\mkPositCore'.
Removed a total of 0 cells.

14.22.13. Executing OPT_DFF pass (perform DFF optimizations).

14.22.14. Executing OPT_CLEAN pass (remove unused cells and wires).
Finding unused cells or wires in module \mkPositCore..

14.22.15. Finished fast OPT passes.

14.23. Executing ABC pass (technology mapping using ABC).

14.23.1. Extracting gate netlist of module `\mkPositCore' to `<abc-temp-dir>/input.blif'..
Extracted 32323 gates and 35682 wires to a netlist network with 3356 inputs and 2636 outputs.

14.23.1.1. Executing ABC.
Running ABC command: "<yosys-exe-dir>/yosys-abc" -s -f <abc-temp-dir>/abc.script 2>&1
ABC: ABC command line: "source <abc-temp-dir>/abc.script".
ABC: 
ABC: + read_blif <abc-temp-dir>/input.blif 
ABC: + read_library <abc-temp-dir>/stdcells.genlib 
ABC: Entered genlib library with 13 gates from file "<abc-temp-dir>/stdcells.genlib".
ABC: + strash 
ABC: + dretime 
ABC: + map 
ABC: + write_blif <abc-temp-dir>/output.blif 

14.23.1.2. Re-integrating ABC results.
ABC RESULTS:               AND cells:      975
ABC RESULTS:              NAND cells:     1250
ABC RESULTS:              XNOR cells:     1256
ABC RESULTS:                OR cells:     4401
ABC RESULTS:             ORNOT cells:      354
ABC RESULTS:               XOR cells:     2570
ABC RESULTS:               NOT cells:     2331
ABC RESULTS:               NOR cells:     1353
ABC RESULTS:            ANDNOT cells:     7007
ABC RESULTS:               MUX cells:     9724
ABC RESULTS:        internal signals:    29690
ABC RESULTS:           input signals:     3356
ABC RESULTS:          output signals:     2636
Removing temp directory.

14.24. Executing OPT pass (performing simple optimizations).

14.24.1. Executing OPT_EXPR pass (perform const folding).
Optimizing module mkPositCore.
<suppressed ~4512 debug messages>

14.24.2. Executing OPT_MERGE pass (detect identical cells).
Finding identical cells in module `\mkPositCore'.
<suppressed ~153 debug messages>
Removed a total of 51 cells.

14.24.3. Executing OPT_DFF pass (perform DFF optimizations).

14.24.4. Executing OPT_CLEAN pass (remove unused cells and wires).
Finding unused cells or wires in module \mkPositCore..
Removed 30 unused cells and 10648 unused wires.
<suppressed ~350 debug messages>

14.24.5. Finished fast OPT passes.

14.25. Executing HIERARCHY pass (managing design hierarchy).

14.25.1. Analyzing design hierarchy..
Top module:  \mkPositCore

14.25.2. Analyzing design hierarchy..
Top module:  \mkPositCore
Removed 0 unused modules.

14.26. Printing statistics.

=== mkPositCore ===

   Number of wires:              31136
   Number of wire bits:          58084
   Number of public wires:        1341
   Number of public wire bits:   28264
   Number of memories:               0
   Number of memory bits:            0
   Number of processes:              0
   Number of cells:              34468
     $_ANDNOT_                    6978
     $_AND_                        973
     $_DFFE_PP_                   2047
     $_DFF_P_                      220
     $_MUX_                       9724
     $_NAND_                      1243
     $_NOR_                       1343
     $_NOT_                       2301
     $_ORNOT_                      353
     $_OR_                        4401
     $_SDFFCE_PP0P_                370
     $_SDFFCE_PP1P_                  2
     $_SDFFE_PN0N_                  50
     $_SDFFE_PN0P_                 518
     $_SDFFE_PN1P_                  71
     $_SDFF_PN0_                    50
     $_XNOR_                      1256
     $_XOR_                       2568

14.27. Executing CHECK pass (checking for obvious problems).
Checking module mkPositCore...
Found and reported 0 problems.

15. Executing DFFLIBMAP pass (mapping DFF cells to sequential cells from liberty file).
  cell DFF_P (noninv, pins=3, area=0.00) is a direct match for cell type $_DFF_P_.
  cell DFF_PP0 (noninv, pins=4, area=0.00) is a direct match for cell type $_DFF_PN0_.
  final dff cell mappings:
    unmapped dff cell: $_DFF_N_
    \DFF_P _DFF_P_ (.C( C), .D( D), .Q( Q));
    unmapped dff cell: $_DFF_NN0_
    unmapped dff cell: $_DFF_NN1_
    unmapped dff cell: $_DFF_NP0_
    unmapped dff cell: $_DFF_NP1_
    \DFF_PP0 _DFF_PN0_ (.C( C), .D( D), .Q( Q), .R( R));
    unmapped dff cell: $_DFF_PN1_
    unmapped dff cell: $_DFF_PP0_
    unmapped dff cell: $_DFF_PP1_
    unmapped dff cell: $_DFFSR_NNN_
    unmapped dff cell: $_DFFSR_NNP_
    unmapped dff cell: $_DFFSR_NPN_
    unmapped dff cell: $_DFFSR_NPP_
    unmapped dff cell: $_DFFSR_PNN_
    unmapped dff cell: $_DFFSR_PNP_
    unmapped dff cell: $_DFFSR_PPN_
    unmapped dff cell: $_DFFSR_PPP_

15.1. Executing DFFLEGALIZE pass (convert FFs to types supported by the target).
Mapping DFF cells in module `\mkPositCore':
  mapped 3328 $_DFF_P_ cells to \DFF_P cells.

16. Executing ABC pass (technology mapping using ABC).

16.1. Extracting gate netlist of module `\mkPositCore' to `<abc-temp-dir>/input.blif'..
Extracted 35259 gates and 38659 wires to a netlist network with 3398 inputs and 3328 outputs.

16.1.1. Executing ABC.
Running ABC command: "<yosys-exe-dir>/yosys-abc" -s -f <abc-temp-dir>/abc.script 2>&1
ABC: ABC command line: "source <abc-temp-dir>/abc.script".
ABC: 
ABC: + read_blif <abc-temp-dir>/input.blif 
ABC: + read_lib -w /teamspace/studios/this_studio/Melodica-Integration-into-Fife-Core/generic45nm_fixed.lib 
ABC: Parsing finished successfully.  Parsing time =     0.00 sec
ABC: Scl_LibertyReadGenlib() skipped sequential cell "DFF_P".
ABC: Scl_LibertyReadGenlib() skipped sequential cell "DFF_PP0".
ABC: Scl_LibertyReadGenlib() skipped sequential cell "DFFE_PP".
ABC: Library "generic45nm" from "/teamspace/studios/this_studio/Melodica-Integration-into-Fife-Core/generic45nm_fixed.lib" has 11 cells (3 skipped: 3 seq; 0 tri-state; 0 no func; 0 dont_use).  Time =     0.00 sec
ABC: Memory =    0.04 MB. Time =     0.00 sec
ABC: + read_lib /teamspace/studios/this_studio/Melodica-Integration-into-Fife-Core/generic45nm_fixed.lib 
ABC: Library "generic45nm" from "/teamspace/studios/this_studio/Melodica-Integration-into-Fife-Core/generic45nm_fixed.lib" has 11 cells (3 skipped: 3 seq; 0 tri-state; 0 no func; 0 dont_use).  Time =     0.00 sec
ABC: + strash 
ABC: + dch 
ABC: + map 
ABC: + topo 
ABC: + buffer 
ABC: + upsize 
ABC: + dnsize 
ABC: + stime -p 
ABC: WireLoad = "none"  Gates =  33228 (  8.9 %)   Cap =  0.0 ff (  0.0 %)   Area =    33228.00 (100.0 %)   Delay =   879.00 ps  (  2.7 %)               
ABC: Path  0 --    2803 : 0    3 pi     A =   0.00  Df =   0.0   -0.0 ps  S =   0.0 ps  Cin =  0.0 ff  Cout =   0.0 ff  Cmax =   0.0 ff  G =    0  
ABC: Path  1 --   24392 : 2    2 XOR2   A =   1.00  Df =  28.0   -0.0 ps  S =   6.0 ps  Cin =  0.0 ff  Cout =   0.0 ff  Cmax =   0.0 ff  G =-2147483648  
ABC: Path  2 --   24394 : 2    1 NAND2  A =   1.00  Df =  45.0   -3.0 ps  S =   5.0 ps  Cin =  0.0 ff  Cout =   0.0 ff  Cmax =   0.0 ff  G =-2147483648  
ABC: Path  3 --   24396 : 2    2 NAND2  A =   1.00  Df =  62.0   -3.0 ps  S =   5.0 ps  Cin =  0.0 ff  Cout =   0.0 ff  Cmax =   0.0 ff  G =-2147483648  
ABC: Path  4 --   24397 : 2    1 NAND2  A =   1.00  Df =  79.0   -3.0 ps  S =   5.0 ps  Cin =  0.0 ff  Cout =   0.0 ff  Cmax =   0.0 ff  G =-2147483648  
ABC: Path  5 --   24399 : 2    2 NAND2  A =   1.00  Df =  96.0   -3.0 ps  S =   5.0 ps  Cin =  0.0 ff  Cout =   0.0 ff  Cmax =   0.0 ff  G =-2147483648  
ABC: Path  6 --   24401 : 2    1 NAND2  A =   1.00  Df = 113.0   -3.0 ps  S =   5.0 ps  Cin =  0.0 ff  Cout =   0.0 ff  Cmax =   0.0 ff  G =-2147483648  
ABC: Path  7 --   24403 : 2    2 NAND2  A =   1.00  Df = 130.0   -3.0 ps  S =   5.0 ps  Cin =  0.0 ff  Cout =   0.0 ff  Cmax =   0.0 ff  G =-2147483648  
ABC: Path  8 --   24404 : 2    1 NAND2  A =   1.00  Df = 147.0   -3.0 ps  S =   5.0 ps  Cin =  0.0 ff  Cout =   0.0 ff  Cmax =   0.0 ff  G =-2147483648  
ABC: Path  9 --   24406 : 2    2 NAND2  A =   1.00  Df = 164.0   -3.0 ps  S =   5.0 ps  Cin =  0.0 ff  Cout =   0.0 ff  Cmax =   0.0 ff  G =-2147483648  
ABC: Path 10 --   24408 : 2    1 NAND2  A =   1.00  Df = 181.0   -3.0 ps  S =   5.0 ps  Cin =  0.0 ff  Cout =   0.0 ff  Cmax =   0.0 ff  G =-2147483648  
ABC: Path 11 --   24410 : 2    2 NAND2  A =   1.00  Df = 198.0   -3.0 ps  S =   5.0 ps  Cin =  0.0 ff  Cout =   0.0 ff  Cmax =   0.0 ff  G =-2147483648  
ABC: Path 12 --   24412 : 2    1 NAND2  A =   1.00  Df = 215.0   -3.0 ps  S =   5.0 ps  Cin =  0.0 ff  Cout =   0.0 ff  Cmax =   0.0 ff  G =-2147483648  
ABC: Path 13 --   24414 : 2    2 NAND2  A =   1.00  Df = 232.0   -3.0 ps  S =   5.0 ps  Cin =  0.0 ff  Cout =   0.0 ff  Cmax =   0.0 ff  G =-2147483648  
ABC: Path 14 --   24416 : 2    1 NAND2  A =   1.00  Df = 249.0   -3.0 ps  S =   5.0 ps  Cin =  0.0 ff  Cout =   0.0 ff  Cmax =   0.0 ff  G =-2147483648  
ABC: Path 15 --   24418 : 2    2 NAND2  A =   1.00  Df = 266.0   -3.0 ps  S =   5.0 ps  Cin =  0.0 ff  Cout =   0.0 ff  Cmax =   0.0 ff  G =-2147483648  
ABC: Path 16 --   24419 : 2    1 NAND2  A =   1.00  Df = 283.0   -3.0 ps  S =   5.0 ps  Cin =  0.0 ff  Cout =   0.0 ff  Cmax =   0.0 ff  G =-2147483648  
ABC: Path 17 --   24421 : 2    2 NAND2  A =   1.00  Df = 300.0   -3.0 ps  S =   5.0 ps  Cin =  0.0 ff  Cout =   0.0 ff  Cmax =   0.0 ff  G =-2147483648  
ABC: Path 18 --   24423 : 2    1 NAND2  A =   1.00  Df = 317.0   -3.0 ps  S =   5.0 ps  Cin =  0.0 ff  Cout =   0.0 ff  Cmax =   0.0 ff  G =-2147483648  
ABC: Path 19 --   24425 : 2    2 NAND2  A =   1.00  Df = 334.0   -3.0 ps  S =   5.0 ps  Cin =  0.0 ff  Cout =   0.0 ff  Cmax =   0.0 ff  G =-2147483648  
ABC: Path 20 --   24427 : 2    1 NAND2  A =   1.00  Df = 351.0   -3.0 ps  S =   5.0 ps  Cin =  0.0 ff  Cout =   0.0 ff  Cmax =   0.0 ff  G =-2147483648  
ABC: Path 21 --   24429 : 2    2 NAND2  A =   1.00  Df = 368.0   -3.0 ps  S =   5.0 ps  Cin =  0.0 ff  Cout =   0.0 ff  Cmax =   0.0 ff  G =-2147483648  
ABC: Path 22 --   24431 : 2    1 NAND2  A =   1.00  Df = 385.0   -3.0 ps  S =   5.0 ps  Cin =  0.0 ff  Cout =   0.0 ff  Cmax =   0.0 ff  G =-2147483648  
ABC: Path 23 --   24433 : 2    2 NAND2  A =   1.00  Df = 402.0   -3.0 ps  S =   5.0 ps  Cin =  0.0 ff  Cout =   0.0 ff  Cmax =   0.0 ff  G =-2147483648  
ABC: Path 24 --   24435 : 2    1 NAND2  A =   1.00  Df = 419.0   -3.0 ps  S =   5.0 ps  Cin =  0.0 ff  Cout =   0.0 ff  Cmax =   0.0 ff  G =-2147483648  
ABC: Path 25 --   24437 : 2    2 NAND2  A =   1.00  Df = 436.0   -3.0 ps  S =   5.0 ps  Cin =  0.0 ff  Cout =   0.0 ff  Cmax =   0.0 ff  G =-2147483648  
ABC: Path 26 --   24439 : 2    1 NOR2   A =   1.00  Df = 453.0   -3.0 ps  S =   5.0 ps  Cin =  0.0 ff  Cout =   0.0 ff  Cmax =   0.0 ff  G =-2147483648  
ABC: Path 27 --   24441 : 2    3 NOR2   A =   1.00  Df = 470.0   -3.0 ps  S =   5.0 ps  Cin =  0.0 ff  Cout =   0.0 ff  Cmax =   0.0 ff  G =-2147483648  
ABC: Path 28 --   24445 : 2    1 NAND2  A =   1.00  Df = 487.0   -3.0 ps  S =   5.0 ps  Cin =  0.0 ff  Cout =   0.0 ff  Cmax =   0.0 ff  G =-2147483648  
ABC: Path 29 --   24450 : 2    5 NAND2  A =   1.00  Df = 504.0   -3.0 ps  S =   5.0 ps  Cin =  0.0 ff  Cout =   0.0 ff  Cmax =   0.0 ff  G =-2147483648  
ABC: Path 30 --   24451 : 2    1 NAND2  A =   1.00  Df = 521.0   -3.0 ps  S =   5.0 ps  Cin =  0.0 ff  Cout =   0.0 ff  Cmax =   0.0 ff  G =-2147483648  
ABC: Path 31 --   24474 : 2    2 NAND2  A =   1.00  Df = 538.0   -3.0 ps  S =   5.0 ps  Cin =  0.0 ff  Cout =   0.0 ff  Cmax =   0.0 ff  G =-2147483648  
ABC: Path 32 --   24476 : 2    1 NAND2  A =   1.00  Df = 555.0   -3.0 ps  S =   5.0 ps  Cin =  0.0 ff  Cout =   0.0 ff  Cmax =   0.0 ff  G =-2147483648  
ABC: Path 33 --   24478 : 2    2 NAND2  A =   1.00  Df = 572.0   -3.0 ps  S =   5.0 ps  Cin =  0.0 ff  Cout =   0.0 ff  Cmax =   0.0 ff  G =-2147483648  
ABC: Path 34 --   24480 : 2    1 NAND2  A =   1.00  Df = 589.0   -3.0 ps  S =   5.0 ps  Cin =  0.0 ff  Cout =   0.0 ff  Cmax =   0.0 ff  G =-2147483648  
ABC: Path 35 --   24482 : 2    3 NAND2  A =   1.00  Df = 606.0   -3.0 ps  S =   5.0 ps  Cin =  0.0 ff  Cout =   0.0 ff  Cmax =   0.0 ff  G =-2147483648  
ABC: Path 36 --   24483 : 2    1 NAND2  A =   1.00  Df = 623.0   -3.0 ps  S =   5.0 ps  Cin =  0.0 ff  Cout =   0.0 ff  Cmax =   0.0 ff  G =-2147483648  
ABC: Path 37 --   24488 : 2    3 NAND2  A =   1.00  Df = 640.0   -3.0 ps  S =   5.0 ps  Cin =  0.0 ff  Cout =   0.0 ff  Cmax =   0.0 ff  G =-2147483648  
ABC: Path 38 --   24492 : 2    1 NAND2  A =   1.00  Df = 657.0   -3.0 ps  S =   5.0 ps  Cin =  0.0 ff  Cout =   0.0 ff  Cmax =   0.0 ff  G =-2147483648  
ABC: Path 39 --   24497 : 2    2 NAND2  A =   1.00  Df = 674.0   -3.0 ps  S =   5.0 ps  Cin =  0.0 ff  Cout =   0.0 ff  Cmax =   0.0 ff  G =-2147483648  
ABC: Path 40 --   24499 : 2    1 NAND2  A =   1.00  Df = 691.0   -3.0 ps  S =   5.0 ps  Cin =  0.0 ff  Cout =   0.0 ff  Cmax =   0.0 ff  G =-2147483648  
ABC: Path 41 --   24501 : 2    2 NAND2  A =   1.00  Df = 708.0   -3.0 ps  S =   5.0 ps  Cin =  0.0 ff  Cout =   0.0 ff  Cmax =   0.0 ff  G =-2147483648  
ABC: Path 42 --   30921 : 2    2 XOR2   A =   1.00  Df = 736.0   -0.0 ps  S =   6.0 ps  Cin =  0.0 ff  Cout =   0.0 ff  Cmax =   0.0 ff  G =-2147483648  
ABC: Path 43 --   37864 : 2    1 NOR2   A =   1.00  Df = 753.0   -3.0 ps  S =   5.0 ps  Cin =  0.0 ff  Cout =   0.0 ff  Cmax =   0.0 ff  G =-2147483648  
ABC: Path 44 --   37865 : 2    1 NAND2  A =   1.00  Df = 770.0   -3.0 ps  S =   5.0 ps  Cin =  0.0 ff  Cout =   0.0 ff  Cmax =   0.0 ff  G =-2147483648  
ABC: Path 45 --   37866 : 2    1 NOR2   A =   1.00  Df = 787.0   -3.0 ps  S =   5.0 ps  Cin =  0.0 ff  Cout =   0.0 ff  Cmax =   0.0 ff  G =-2147483648  
ABC: Path 46 --   37867 : 2    1 NAND2  A =   1.00  Df = 804.0   -3.0 ps  S =   5.0 ps  Cin =  0.0 ff  Cout =   0.0 ff  Cmax =   0.0 ff  G =-2147483648  
ABC: Path 47 --   37883 : 2    1 NOR2   A =   1.00  Df = 821.0   -3.0 ps  S =   5.0 ps  Cin =  0.0 ff  Cout =   0.0 ff  Cmax =   0.0 ff  G =-2147483648  
ABC: Path 48 --   37887 : 3    1 MUX2   A =   1.00  Df = 843.0   -0.0 ps  S =   6.0 ps  Cin =  0.0 ff  Cout =   0.0 ff  Cmax =   0.0 ff  G =-2147483648  
ABC: Path 49 --   37888 : 2    1 ORNOT2 A =   1.00  Df = 862.0   -2.0 ps  S =   5.0 ps  Cin =  0.0 ff  Cout =   0.0 ff  Cmax =   0.0 ff  G =-2147483648  
ABC: Path 50 --   37889 : 2    1 NAND2  A =   1.00  Df = 879.0   -3.0 ps  S =   5.0 ps  Cin =  0.0 ff  Cout =   0.0 ff  Cmax =   0.0 ff  G =-2147483648  
ABC: Start-point = pi2802 (\quire.seg_adder_vff_in_0.D_OUT [1]).  End-point = po2649 ($auto$rtlil.cc:2609:MuxGate$150155).
ABC: + print_stats -t 
ABC: netlist                       : i/o = 3398/ 3328  lat =    0  nd = 33228  edge =  72457  area =33228.00  delay =770.00  lev = 50
ABC: elapse: 12.87 seconds, total: 12.87 seconds
ABC: + write_blif <abc-temp-dir>/output.blif 

16.1.2. Re-integrating ABC results.
ABC RESULTS:             XNOR2 cells:      852
ABC RESULTS:              XOR2 cells:     2872
ABC RESULTS:               OR2 cells:      675
ABC RESULTS:              NOT1 cells:     1720
ABC RESULTS:           ANDNOT2 cells:     3833
ABC RESULTS:             NAND2 cells:     8818
ABC RESULTS:              BUF1 cells:     1221
ABC RESULTS:            ORNOT2 cells:      607
ABC RESULTS:              MUX2 cells:     8942
ABC RESULTS:              AND2 cells:     1441
ABC RESULTS:              NOR2 cells:     2247
ABC RESULTS:        internal signals:    31933
ABC RESULTS:           input signals:     3398
ABC RESULTS:          output signals:     3328
Removing temp directory.

17. Printing statistics.

=== mkPositCore ===

   Number of wires:              71881
   Number of wire bits:          98829
   Number of public wires:        1341
   Number of public wire bits:   28264
   Number of memories:               0
   Number of memory bits:            0
   Number of processes:              0
   Number of cells:              36556
     AND2                         1441
     ANDNOT2                      3833
     BUF1                         1221
     DFF_P                        3328
     MUX2                         8942
     NAND2                        8818
     NOR2                         2247
     NOT1                         1720
     OR2                           675
     ORNOT2                        607
     XNOR2                         852
     XOR2                         2872

Warnings: 2 unique messages, 2 total
End of script. Logfile hash: 50785a444b, CPU: user 40.33s system 0.35s, MEM: 473.54 MB peak
Yosys 0.33 (git sha1 2584903a060)
Time spent: 30% 2x abc (17 sec), 19% 71x opt_expr (11 sec), ...
