
 /----------------------------------------------------------------------------\
 |                                                                            |
 |  yosys -- Yosys Open SYnthesis Suite                                       |
 |                                                                            |
 |  Copyright (C) 2012 - 2020  Claire Xenia Wolf <claire@yosyshq.com>         |
 |                                                                            |
 |  Permission to use, copy, modify, and/or distribute this software for any  |
 |  purpose with or without fee is hereby granted, provided that the above    |
 |  copyright notice and this permission notice appear in all copies.         |
 |                                                                            |
 |  THE SOFTWARE IS PROVIDED "AS IS" AND THE AUTHOR DISCLAIMS ALL WARRANTIES  |
 |  WITH REGARD TO THIS SOFTWARE INCLUDING ALL IMPLIED WARRANTIES OF          |
 |  MERCHANTABILITY AND FITNESS. IN NO EVENT SHALL THE AUTHOR BE LIABLE FOR   |
 |  ANY SPECIAL, DIRECT, INDIRECT, OR CONSEQUENTIAL DAMAGES OR ANY DAMAGES    |
 |  WHATSOEVER RESULTING FROM LOSS OF USE, DATA OR PROFITS, WHETHER IN AN     |
 |  ACTION OF CONTRACT, NEGLIGENCE OR OTHER TORTIOUS ACTION, ARISING OUT OF   |
 |  OR IN CONNECTION WITH THE USE OR PERFORMANCE OF THIS SOFTWARE.            |
 |                                                                            |
 \----------------------------------------------------------------------------/

 Yosys 0.33 (git sha1 2584903a060)


-- Executing script file `/teamspace/studios/this_studio/Melodica-Integration-into-Fife-Core/synth_script_mkQuire_es2_bposit.ys' --

1. Executing Verilog-2005 frontend: /teamspace/studios/this_studio/Melodica-Integration-into-Fife-Core/bsc/lib/Verilog/FIFO1.v
Parsing Verilog input from `/teamspace/studios/this_studio/Melodica-Integration-into-Fife-Core/bsc/lib/Verilog/FIFO1.v' to AST representation.
Warning: Encountered `translate_off' comment! Such legacy hot comments are supported by Yosys, but are not part of any formal language specification. Using a portable and standards-compliant construct such as `ifdef is recommended!
Generating RTLIL representation for module `\FIFO1'.
Successfully finished Verilog frontend.

2. Executing Verilog-2005 frontend: /teamspace/studios/this_studio/Melodica-Integration-into-Fife-Core/bsc/lib/Verilog/FIFO2.v
Parsing Verilog input from `/teamspace/studios/this_studio/Melodica-Integration-into-Fife-Core/bsc/lib/Verilog/FIFO2.v' to AST representation.
Generating RTLIL representation for module `\FIFO2'.
Successfully finished Verilog frontend.

3. Executing Verilog-2005 frontend: /teamspace/studios/this_studio/Melodica-Integration-into-Fife-Core/bsc/lib/Verilog/SizedFIFO.v
Parsing Verilog input from `/teamspace/studios/this_studio/Melodica-Integration-into-Fife-Core/bsc/lib/Verilog/SizedFIFO.v' to AST representation.
Generating RTLIL representation for module `\SizedFIFO'.
Successfully finished Verilog frontend.

4. Executing Verilog-2005 frontend: /teamspace/studios/this_studio/Melodica-Integration-into-Fife-Core/bsc/lib/Verilog/RegFile.v
Parsing Verilog input from `/teamspace/studios/this_studio/Melodica-Integration-into-Fife-Core/bsc/lib/Verilog/RegFile.v' to AST representation.
Generating RTLIL representation for module `\RegFile'.
Successfully finished Verilog frontend.

5. Executing Verilog-2005 frontend: /teamspace/studios/this_studio/Melodica-Integration-into-Fife-Core/Learn_Bluespec_and_RISCV_Design/Code/Build/Fife/verilog/module_fn_twosC_quire.v
Parsing Verilog input from `/teamspace/studios/this_studio/Melodica-Integration-into-Fife-Core/Learn_Bluespec_and_RISCV_Design/Code/Build/Fife/verilog/module_fn_twosC_quire.v' to AST representation.
Generating RTLIL representation for module `\module_fn_twosC_quire'.
Successfully finished Verilog frontend.

6. Executing Verilog-2005 frontend: /teamspace/studios/this_studio/Melodica-Integration-into-Fife-Core/Learn_Bluespec_and_RISCV_Design/Code/Build/Fife/verilog/mkQuire.v
Parsing Verilog input from `/teamspace/studios/this_studio/Melodica-Integration-into-Fife-Core/Learn_Bluespec_and_RISCV_Design/Code/Build/Fife/verilog/mkQuire.v' to AST representation.
Warning: Encountered `parallel_case' comment! Such legacy hot comments are supported by Yosys, but are not part of any formal language specification. Using the Verilog `parallel_case' attribute or the SystemVerilog `unique' or `priority' keywords is recommended!
Generating RTLIL representation for module `\mkQuire'.
Note: Assuming pure combinatorial block at /teamspace/studios/this_studio/Melodica-Integration-into-Fife-Core/Learn_Bluespec_and_RISCV_Design/Code/Build/Fife/verilog/mkQuire.v:614.3-628.6 in
compliance with IEC 62142(E):2005 / IEEE Std. 1364.1(E):2002. Recommending
use of @* instead of @(...) for better match of synthesis and simulation.
Note: Assuming pure combinatorial block at /teamspace/studios/this_studio/Melodica-Integration-into-Fife-Core/Learn_Bluespec_and_RISCV_Design/Code/Build/Fife/verilog/mkQuire.v:637.3-652.6 in
compliance with IEC 62142(E):2005 / IEEE Std. 1364.1(E):2002. Recommending
use of @* instead of @(...) for better match of synthesis and simulation.
Note: Assuming pure combinatorial block at /teamspace/studios/this_studio/Melodica-Integration-into-Fife-Core/Learn_Bluespec_and_RISCV_Design/Code/Build/Fife/verilog/mkQuire.v:661.3-677.6 in
compliance with IEC 62142(E):2005 / IEEE Std. 1364.1(E):2002. Recommending
use of @* instead of @(...) for better match of synthesis and simulation.
Note: Assuming pure combinatorial block at /teamspace/studios/this_studio/Melodica-Integration-into-Fife-Core/Learn_Bluespec_and_RISCV_Design/Code/Build/Fife/verilog/mkQuire.v:686.3-702.6 in
compliance with IEC 62142(E):2005 / IEEE Std. 1364.1(E):2002. Recommending
use of @* instead of @(...) for better match of synthesis and simulation.
Note: Assuming pure combinatorial block at /teamspace/studios/this_studio/Melodica-Integration-into-Fife-Core/Learn_Bluespec_and_RISCV_Design/Code/Build/Fife/verilog/mkQuire.v:711.3-727.10 in
compliance with IEC 62142(E):2005 / IEEE Std. 1364.1(E):2002. Recommending
use of @* instead of @(...) for better match of synthesis and simulation.
Note: Assuming pure combinatorial block at /teamspace/studios/this_studio/Melodica-Integration-into-Fife-Core/Learn_Bluespec_and_RISCV_Design/Code/Build/Fife/verilog/mkQuire.v:737.3-753.10 in
compliance with IEC 62142(E):2005 / IEEE Std. 1364.1(E):2002. Recommending
use of @* instead of @(...) for better match of synthesis and simulation.
Note: Assuming pure combinatorial block at /teamspace/studios/this_studio/Melodica-Integration-into-Fife-Core/Learn_Bluespec_and_RISCV_Design/Code/Build/Fife/verilog/mkQuire.v:763.3-779.10 in
compliance with IEC 62142(E):2005 / IEEE Std. 1364.1(E):2002. Recommending
use of @* instead of @(...) for better match of synthesis and simulation.
Note: Assuming pure combinatorial block at /teamspace/studios/this_studio/Melodica-Integration-into-Fife-Core/Learn_Bluespec_and_RISCV_Design/Code/Build/Fife/verilog/mkQuire.v:789.3-802.10 in
compliance with IEC 62142(E):2005 / IEEE Std. 1364.1(E):2002. Recommending
use of @* instead of @(...) for better match of synthesis and simulation.
Successfully finished Verilog frontend.

7. Executing Verilog-2005 frontend: /teamspace/studios/this_studio/Melodica-Integration-into-Fife-Core/Learn_Bluespec_and_RISCV_Design/Code/Build/Fife/verilog/mkMultiplier.v
Parsing Verilog input from `/teamspace/studios/this_studio/Melodica-Integration-into-Fife-Core/Learn_Bluespec_and_RISCV_Design/Code/Build/Fife/verilog/mkMultiplier.v' to AST representation.
Generating RTLIL representation for module `\mkMultiplier'.
Successfully finished Verilog frontend.

8. Executing Verilog-2005 frontend: /teamspace/studios/this_studio/Melodica-Integration-into-Fife-Core/Learn_Bluespec_and_RISCV_Design/Code/Build/Fife/verilog/mkNormalizer.v
Parsing Verilog input from `/teamspace/studios/this_studio/Melodica-Integration-into-Fife-Core/Learn_Bluespec_and_RISCV_Design/Code/Build/Fife/verilog/mkNormalizer.v' to AST representation.
Generating RTLIL representation for module `\mkNormalizer'.
Note: Assuming pure combinatorial block at /teamspace/studios/this_studio/Melodica-Integration-into-Fife-Core/Learn_Bluespec_and_RISCV_Design/Code/Build/Fife/verilog/mkNormalizer.v:148.3-161.6 in
compliance with IEC 62142(E):2005 / IEEE Std. 1364.1(E):2002. Recommending
use of @* instead of @(...) for better match of synthesis and simulation.
Note: Assuming pure combinatorial block at /teamspace/studios/this_studio/Melodica-Integration-into-Fife-Core/Learn_Bluespec_and_RISCV_Design/Code/Build/Fife/verilog/mkNormalizer.v:162.3-183.6 in
compliance with IEC 62142(E):2005 / IEEE Std. 1364.1(E):2002. Recommending
use of @* instead of @(...) for better match of synthesis and simulation.
Note: Assuming pure combinatorial block at /teamspace/studios/this_studio/Melodica-Integration-into-Fife-Core/Learn_Bluespec_and_RISCV_Design/Code/Build/Fife/verilog/mkNormalizer.v:184.3-191.6 in
compliance with IEC 62142(E):2005 / IEEE Std. 1364.1(E):2002. Recommending
use of @* instead of @(...) for better match of synthesis and simulation.
Successfully finished Verilog frontend.

9. Executing Verilog-2005 frontend: /teamspace/studios/this_studio/Melodica-Integration-into-Fife-Core/Learn_Bluespec_and_RISCV_Design/Code/Build/Fife/verilog/mkExtracter.v
Parsing Verilog input from `/teamspace/studios/this_studio/Melodica-Integration-into-Fife-Core/Learn_Bluespec_and_RISCV_Design/Code/Build/Fife/verilog/mkExtracter.v' to AST representation.
Generating RTLIL representation for module `\mkExtracter'.
Successfully finished Verilog frontend.

10. Executing Verilog-2005 frontend: /teamspace/studios/this_studio/Melodica-Integration-into-Fife-Core/Learn_Bluespec_and_RISCV_Design/Code/Build/Fife/verilog/mkFtoP_PNE.v
Parsing Verilog input from `/teamspace/studios/this_studio/Melodica-Integration-into-Fife-Core/Learn_Bluespec_and_RISCV_Design/Code/Build/Fife/verilog/mkFtoP_PNE.v' to AST representation.
Generating RTLIL representation for module `\mkFtoP_PNE'.
Successfully finished Verilog frontend.

11. Executing Verilog-2005 frontend: /teamspace/studios/this_studio/Melodica-Integration-into-Fife-Core/Learn_Bluespec_and_RISCV_Design/Code/Build/Fife/verilog/mkPtoF_PNE.v
Parsing Verilog input from `/teamspace/studios/this_studio/Melodica-Integration-into-Fife-Core/Learn_Bluespec_and_RISCV_Design/Code/Build/Fife/verilog/mkPtoF_PNE.v' to AST representation.
Generating RTLIL representation for module `\mkPtoF_PNE'.
Note: Assuming pure combinatorial block at /teamspace/studios/this_studio/Melodica-Integration-into-Fife-Core/Learn_Bluespec_and_RISCV_Design/Code/Build/Fife/verilog/mkPtoF_PNE.v:212.3-219.6 in
compliance with IEC 62142(E):2005 / IEEE Std. 1364.1(E):2002. Recommending
use of @* instead of @(...) for better match of synthesis and simulation.
Note: Assuming pure combinatorial block at /teamspace/studios/this_studio/Melodica-Integration-into-Fife-Core/Learn_Bluespec_and_RISCV_Design/Code/Build/Fife/verilog/mkPtoF_PNE.v:220.3-227.6 in
compliance with IEC 62142(E):2005 / IEEE Std. 1364.1(E):2002. Recommending
use of @* instead of @(...) for better match of synthesis and simulation.
Successfully finished Verilog frontend.

12. Executing Verilog-2005 frontend: /teamspace/studios/this_studio/Melodica-Integration-into-Fife-Core/Learn_Bluespec_and_RISCV_Design/Code/Build/Fife/verilog/mkPositCore.v
Parsing Verilog input from `/teamspace/studios/this_studio/Melodica-Integration-into-Fife-Core/Learn_Bluespec_and_RISCV_Design/Code/Build/Fife/verilog/mkPositCore.v' to AST representation.
Generating RTLIL representation for module `\mkPositCore'.
Successfully finished Verilog frontend.

13. Executing HIERARCHY pass (managing design hierarchy).

13.1. Analyzing design hierarchy..
Top module:  \mkQuire
Used module:     \module_fn_twosC_quire
Used module:     \SizedFIFO
Used module:     \FIFO1
Parameter \p1width = 32
Parameter \p2depth = 4
Parameter \p3cntr_width = 2
Parameter \guarded = 1'1

13.2. Executing AST frontend in derive mode using pre-parsed AST for module `\SizedFIFO'.
Parameter \p1width = 32
Parameter \p2depth = 4
Parameter \p3cntr_width = 2
Parameter \guarded = 1'1
Generating RTLIL representation for module `$paramod$a0c6df3c1489bcd5c1c6c2071c80faf091665997\SizedFIFO'.
Parameter \p1width = 32
Parameter \p2depth = 4
Parameter \p3cntr_width = 2
Parameter \guarded = 1'1
Found cached RTLIL representation for module `$paramod$a0c6df3c1489bcd5c1c6c2071c80faf091665997\SizedFIFO'.
Parameter \p1width = 32
Parameter \p2depth = 4
Parameter \p3cntr_width = 2
Parameter \guarded = 1'1
Found cached RTLIL representation for module `$paramod$a0c6df3c1489bcd5c1c6c2071c80faf091665997\SizedFIFO'.
Parameter \p1width = 32
Parameter \p2depth = 4
Parameter \p3cntr_width = 2
Parameter \guarded = 1'1
Found cached RTLIL representation for module `$paramod$a0c6df3c1489bcd5c1c6c2071c80faf091665997\SizedFIFO'.
Parameter \p1width = 1
Parameter \p2depth = 4
Parameter \p3cntr_width = 2
Parameter \guarded = 1'1

13.3. Executing AST frontend in derive mode using pre-parsed AST for module `\SizedFIFO'.
Parameter \p1width = 1
Parameter \p2depth = 4
Parameter \p3cntr_width = 2
Parameter \guarded = 1'1
Generating RTLIL representation for module `$paramod$77feb722284cbb4b2efebea6faec56b4318dabcc\SizedFIFO'.
Parameter \p1width = 1
Parameter \p2depth = 4
Parameter \p3cntr_width = 2
Parameter \guarded = 1'1
Found cached RTLIL representation for module `$paramod$77feb722284cbb4b2efebea6faec56b4318dabcc\SizedFIFO'.
Parameter \p1width = 1
Parameter \p2depth = 4
Parameter \p3cntr_width = 2
Parameter \guarded = 1'1
Found cached RTLIL representation for module `$paramod$77feb722284cbb4b2efebea6faec56b4318dabcc\SizedFIFO'.
Parameter \width = 43
Parameter \guarded = 1'1

13.4. Executing AST frontend in derive mode using pre-parsed AST for module `\FIFO1'.
Parameter \width = 43
Parameter \guarded = 1'1
Generating RTLIL representation for module `$paramod\FIFO1\width=32'00000000000000000000000000101011\guarded=1'1'.
Parameter \width = 8
Parameter \guarded = 1'1

13.5. Executing AST frontend in derive mode using pre-parsed AST for module `\FIFO1'.
Parameter \width = 8
Parameter \guarded = 1'1
Generating RTLIL representation for module `$paramod\FIFO1\width=32'00000000000000000000000000001000\guarded=1'1'.

13.6. Analyzing design hierarchy..
Top module:  \mkQuire
Used module:     \module_fn_twosC_quire
Used module:     $paramod$a0c6df3c1489bcd5c1c6c2071c80faf091665997\SizedFIFO
Used module:     $paramod$77feb722284cbb4b2efebea6faec56b4318dabcc\SizedFIFO
Used module:     $paramod\FIFO1\width=32'00000000000000000000000000101011\guarded=1'1
Used module:     $paramod\FIFO1\width=32'00000000000000000000000000001000\guarded=1'1

13.7. Analyzing design hierarchy..
Top module:  \mkQuire
Used module:     \module_fn_twosC_quire
Used module:     $paramod$a0c6df3c1489bcd5c1c6c2071c80faf091665997\SizedFIFO
Used module:     $paramod$77feb722284cbb4b2efebea6faec56b4318dabcc\SizedFIFO
Used module:     $paramod\FIFO1\width=32'00000000000000000000000000101011\guarded=1'1
Used module:     $paramod\FIFO1\width=32'00000000000000000000000000001000\guarded=1'1
Removing unused module `\mkPositCore'.
Removing unused module `\mkPtoF_PNE'.
Removing unused module `\mkFtoP_PNE'.
Removing unused module `\mkExtracter'.
Removing unused module `\mkNormalizer'.
Removing unused module `\mkMultiplier'.
Removing unused module `\RegFile'.
Removing unused module `\SizedFIFO'.
Removing unused module `\FIFO2'.
Removing unused module `\FIFO1'.
Removed 10 unused modules.

14. Executing SYNTH pass.

14.1. Executing HIERARCHY pass (managing design hierarchy).

14.1.1. Analyzing design hierarchy..
Top module:  \mkQuire
Used module:     \module_fn_twosC_quire
Used module:     $paramod$a0c6df3c1489bcd5c1c6c2071c80faf091665997\SizedFIFO
Used module:     $paramod$77feb722284cbb4b2efebea6faec56b4318dabcc\SizedFIFO
Used module:     $paramod\FIFO1\width=32'00000000000000000000000000101011\guarded=1'1
Used module:     $paramod\FIFO1\width=32'00000000000000000000000000001000\guarded=1'1

14.1.2. Analyzing design hierarchy..
Top module:  \mkQuire
Used module:     \module_fn_twosC_quire
Used module:     $paramod$a0c6df3c1489bcd5c1c6c2071c80faf091665997\SizedFIFO
Used module:     $paramod$77feb722284cbb4b2efebea6faec56b4318dabcc\SizedFIFO
Used module:     $paramod\FIFO1\width=32'00000000000000000000000000101011\guarded=1'1
Used module:     $paramod\FIFO1\width=32'00000000000000000000000000001000\guarded=1'1
Removed 0 unused modules.

14.2. Executing PROC pass (convert processes to netlists).

14.2.1. Executing PROC_CLEAN pass (remove empty switches from decision trees).
Cleaned up 0 empty switches.

14.2.2. Executing PROC_RMDEAD pass (remove dead branches from decision trees).
Marked 1 switch rules as full_case in process $proc$/teamspace/studios/this_studio/Melodica-Integration-into-Fife-Core/Learn_Bluespec_and_RISCV_Design/Code/Build/Fife/verilog/mkQuire.v:1144$415 in module mkQuire.
Marked 1 switch rules as full_case in process $proc$/teamspace/studios/this_studio/Melodica-Integration-into-Fife-Core/Learn_Bluespec_and_RISCV_Design/Code/Build/Fife/verilog/mkQuire.v:789$291 in module mkQuire.
Marked 1 switch rules as full_case in process $proc$/teamspace/studios/this_studio/Melodica-Integration-into-Fife-Core/Learn_Bluespec_and_RISCV_Design/Code/Build/Fife/verilog/mkQuire.v:763$277 in module mkQuire.
Marked 1 switch rules as full_case in process $proc$/teamspace/studios/this_studio/Melodica-Integration-into-Fife-Core/Learn_Bluespec_and_RISCV_Design/Code/Build/Fife/verilog/mkQuire.v:737$263 in module mkQuire.
Marked 1 switch rules as full_case in process $proc$/teamspace/studios/this_studio/Melodica-Integration-into-Fife-Core/Learn_Bluespec_and_RISCV_Design/Code/Build/Fife/verilog/mkQuire.v:711$249 in module mkQuire.
Marked 1 switch rules as full_case in process $proc$/teamspace/studios/this_studio/Melodica-Integration-into-Fife-Core/Learn_Bluespec_and_RISCV_Design/Code/Build/Fife/verilog/mkQuire.v:686$239 in module mkQuire.
Marked 1 switch rules as full_case in process $proc$/teamspace/studios/this_studio/Melodica-Integration-into-Fife-Core/Learn_Bluespec_and_RISCV_Design/Code/Build/Fife/verilog/mkQuire.v:661$229 in module mkQuire.
Marked 1 switch rules as full_case in process $proc$/teamspace/studios/this_studio/Melodica-Integration-into-Fife-Core/Learn_Bluespec_and_RISCV_Design/Code/Build/Fife/verilog/mkQuire.v:637$219 in module mkQuire.
Marked 1 switch rules as full_case in process $proc$/teamspace/studios/this_studio/Melodica-Integration-into-Fife-Core/Learn_Bluespec_and_RISCV_Design/Code/Build/Fife/verilog/mkQuire.v:614$209 in module mkQuire.
Marked 1 switch rules as full_case in process $proc$/teamspace/studios/this_studio/Melodica-Integration-into-Fife-Core/bsc/lib/Verilog/SizedFIFO.v:190$781 in module $paramod$77feb722284cbb4b2efebea6faec56b4318dabcc\SizedFIFO.
Marked 1 switch rules as full_case in process $proc$/teamspace/studios/this_studio/Melodica-Integration-into-Fife-Core/bsc/lib/Verilog/SizedFIFO.v:107$773 in module $paramod$77feb722284cbb4b2efebea6faec56b4318dabcc\SizedFIFO.
Marked 1 switch rules as full_case in process $proc$/teamspace/studios/this_studio/Melodica-Integration-into-Fife-Core/bsc/lib/Verilog/SizedFIFO.v:190$750 in module $paramod$a0c6df3c1489bcd5c1c6c2071c80faf091665997\SizedFIFO.
Marked 1 switch rules as full_case in process $proc$/teamspace/studios/this_studio/Melodica-Integration-into-Fife-Core/bsc/lib/Verilog/SizedFIFO.v:107$742 in module $paramod$a0c6df3c1489bcd5c1c6c2071c80faf091665997\SizedFIFO.
Marked 3 switch rules as full_case in process $proc$/teamspace/studios/this_studio/Melodica-Integration-into-Fife-Core/bsc/lib/Verilog/FIFO1.v:73$802 in module $paramod\FIFO1\width=32'00000000000000000000000000001000\guarded=1'1.
Marked 3 switch rules as full_case in process $proc$/teamspace/studios/this_studio/Melodica-Integration-into-Fife-Core/bsc/lib/Verilog/FIFO1.v:73$798 in module $paramod\FIFO1\width=32'00000000000000000000000000101011\guarded=1'1.
Removed a total of 0 dead cases.

14.2.3. Executing PROC_PRUNE pass (remove redundant assignments in processes).
Removed 0 redundant assignments.
Promoted 14 assignments to connections.

14.2.4. Executing PROC_INIT pass (extract init attributes).

14.2.5. Executing PROC_ARST pass (detect async resets in processes).

14.2.6. Executing PROC_ROM pass (convert switches to ROMs).
Converted 0 switches.
<suppressed ~43 debug messages>

14.2.7. Executing PROC_MUX pass (convert decision trees to multiplexers).
Creating decoders for process `\mkQuire.$proc$/teamspace/studios/this_studio/Melodica-Integration-into-Fife-Core/Learn_Bluespec_and_RISCV_Design/Code/Build/Fife/verilog/mkQuire.v:1144$415'.
     1/14: $0\zero_counter_rg_seg_counter_busy[0:0]
     2/14: $0\zero_counter_rg_numZeroSegs[1:0]
     3/14: $0\zero_counter_rg_firstNonZeroSeg[31:0]
     4/14: $0\vrg_quire_seg_zero_3[0:0]
     5/14: $0\vrg_quire_seg_zero_2[0:0]
     6/14: $0\vrg_quire_seg_zero_1[0:0]
     7/14: $0\vrg_quire_seg_zero_0[0:0]
     8/14: $0\vrg_quire_3[31:0]
     9/14: $0\vrg_quire_2[31:0]
    10/14: $0\vrg_quire_1[31:0]
    11/14: $0\vrg_quire_0[31:0]
    12/14: $0\seg_adder_rg_inFlight[1:0]
    13/14: $0\rg_seg_zero_upd[0:0]
    14/14: $0\rg_read_busy[0:0]
Creating decoders for process `\mkQuire.$proc$/teamspace/studios/this_studio/Melodica-Integration-into-Fife-Core/Learn_Bluespec_and_RISCV_Design/Code/Build/Fife/verilog/mkQuire.v:789$291'.
     1/1: $1\vrg_quire_seg_zero_3$D_IN[0:0]$293
Creating decoders for process `\mkQuire.$proc$/teamspace/studios/this_studio/Melodica-Integration-into-Fife-Core/Learn_Bluespec_and_RISCV_Design/Code/Build/Fife/verilog/mkQuire.v:763$277'.
     1/1: $1\vrg_quire_seg_zero_2$D_IN[0:0]$279
Creating decoders for process `\mkQuire.$proc$/teamspace/studios/this_studio/Melodica-Integration-into-Fife-Core/Learn_Bluespec_and_RISCV_Design/Code/Build/Fife/verilog/mkQuire.v:737$263'.
     1/1: $1\vrg_quire_seg_zero_1$D_IN[0:0]$265
Creating decoders for process `\mkQuire.$proc$/teamspace/studios/this_studio/Melodica-Integration-into-Fife-Core/Learn_Bluespec_and_RISCV_Design/Code/Build/Fife/verilog/mkQuire.v:711$249'.
     1/1: $1\vrg_quire_seg_zero_0$D_IN[0:0]$251
Creating decoders for process `\mkQuire.$proc$/teamspace/studios/this_studio/Melodica-Integration-into-Fife-Core/Learn_Bluespec_and_RISCV_Design/Code/Build/Fife/verilog/mkQuire.v:686$239'.
     1/1: $1\vrg_quire_3$D_IN[31:0]$241
Creating decoders for process `\mkQuire.$proc$/teamspace/studios/this_studio/Melodica-Integration-into-Fife-Core/Learn_Bluespec_and_RISCV_Design/Code/Build/Fife/verilog/mkQuire.v:661$229'.
     1/1: $1\vrg_quire_2$D_IN[31:0]$231
Creating decoders for process `\mkQuire.$proc$/teamspace/studios/this_studio/Melodica-Integration-into-Fife-Core/Learn_Bluespec_and_RISCV_Design/Code/Build/Fife/verilog/mkQuire.v:637$219'.
     1/1: $1\vrg_quire_1$D_IN[31:0]$221
Creating decoders for process `\mkQuire.$proc$/teamspace/studios/this_studio/Melodica-Integration-into-Fife-Core/Learn_Bluespec_and_RISCV_Design/Code/Build/Fife/verilog/mkQuire.v:614$209'.
     1/1: $1\vrg_quire_0$D_IN[31:0]$211
Creating decoders for process `$paramod$77feb722284cbb4b2efebea6faec56b4318dabcc\SizedFIFO.$proc$/teamspace/studios/this_studio/Melodica-Integration-into-Fife-Core/bsc/lib/Verilog/SizedFIFO.v:190$781'.
     1/3: $1$memwr$\arr$/teamspace/studios/this_studio/Melodica-Integration-into-Fife-Core/bsc/lib/Verilog/SizedFIFO.v:206$766_EN[0:0]$796
     2/3: $1$memwr$\arr$/teamspace/studios/this_studio/Melodica-Integration-into-Fife-Core/bsc/lib/Verilog/SizedFIFO.v:206$766_DATA[0:0]$795
     3/3: $1$memwr$\arr$/teamspace/studios/this_studio/Melodica-Integration-into-Fife-Core/bsc/lib/Verilog/SizedFIFO.v:206$766_ADDR[1:0]$794
Creating decoders for process `$paramod$77feb722284cbb4b2efebea6faec56b4318dabcc\SizedFIFO.$proc$/teamspace/studios/this_studio/Melodica-Integration-into-Fife-Core/bsc/lib/Verilog/SizedFIFO.v:167$778'.
     1/1: $0\D_OUT[0:0]
Creating decoders for process `$paramod$77feb722284cbb4b2efebea6faec56b4318dabcc\SizedFIFO.$proc$/teamspace/studios/this_studio/Melodica-Integration-into-Fife-Core/bsc/lib/Verilog/SizedFIFO.v:107$773'.
     1/5: $0\hasodata[0:0]
     2/5: $0\tail[1:0]
     3/5: $0\head[1:0]
     4/5: $0\ring_empty[0:0]
     5/5: $0\not_ring_full[0:0]
Creating decoders for process `$paramod$a0c6df3c1489bcd5c1c6c2071c80faf091665997\SizedFIFO.$proc$/teamspace/studios/this_studio/Melodica-Integration-into-Fife-Core/bsc/lib/Verilog/SizedFIFO.v:190$750'.
     1/3: $1$memwr$\arr$/teamspace/studios/this_studio/Melodica-Integration-into-Fife-Core/bsc/lib/Verilog/SizedFIFO.v:206$735_EN[31:0]$765
     2/3: $1$memwr$\arr$/teamspace/studios/this_studio/Melodica-Integration-into-Fife-Core/bsc/lib/Verilog/SizedFIFO.v:206$735_DATA[31:0]$764
     3/3: $1$memwr$\arr$/teamspace/studios/this_studio/Melodica-Integration-into-Fife-Core/bsc/lib/Verilog/SizedFIFO.v:206$735_ADDR[1:0]$763
Creating decoders for process `$paramod$a0c6df3c1489bcd5c1c6c2071c80faf091665997\SizedFIFO.$proc$/teamspace/studios/this_studio/Melodica-Integration-into-Fife-Core/bsc/lib/Verilog/SizedFIFO.v:167$747'.
     1/1: $0\D_OUT[31:0]
Creating decoders for process `$paramod$a0c6df3c1489bcd5c1c6c2071c80faf091665997\SizedFIFO.$proc$/teamspace/studios/this_studio/Melodica-Integration-into-Fife-Core/bsc/lib/Verilog/SizedFIFO.v:107$742'.
     1/5: $0\hasodata[0:0]
     2/5: $0\tail[1:0]
     3/5: $0\head[1:0]
     4/5: $0\ring_empty[0:0]
     5/5: $0\not_ring_full[0:0]
Creating decoders for process `$paramod\FIFO1\width=32'00000000000000000000000000001000\guarded=1'1.$proc$/teamspace/studios/this_studio/Melodica-Integration-into-Fife-Core/bsc/lib/Verilog/FIFO1.v:96$804'.
     1/1: $0\D_OUT[7:0]
Creating decoders for process `$paramod\FIFO1\width=32'00000000000000000000000000001000\guarded=1'1.$proc$/teamspace/studios/this_studio/Melodica-Integration-into-Fife-Core/bsc/lib/Verilog/FIFO1.v:73$802'.
     1/1: $0\empty_reg[0:0]
Creating decoders for process `$paramod\FIFO1\width=32'00000000000000000000000000101011\guarded=1'1.$proc$/teamspace/studios/this_studio/Melodica-Integration-into-Fife-Core/bsc/lib/Verilog/FIFO1.v:96$800'.
     1/1: $0\D_OUT[42:0]
Creating decoders for process `$paramod\FIFO1\width=32'00000000000000000000000000101011\guarded=1'1.$proc$/teamspace/studios/this_studio/Melodica-Integration-into-Fife-Core/bsc/lib/Verilog/FIFO1.v:73$798'.
     1/1: $0\empty_reg[0:0]

14.2.8. Executing PROC_DLATCH pass (convert process syncs to latches).
No latch inferred for signal `\mkQuire.\vrg_quire_seg_zero_3$D_IN' from process `\mkQuire.$proc$/teamspace/studios/this_studio/Melodica-Integration-into-Fife-Core/Learn_Bluespec_and_RISCV_Design/Code/Build/Fife/verilog/mkQuire.v:789$291'.
No latch inferred for signal `\mkQuire.\vrg_quire_seg_zero_2$D_IN' from process `\mkQuire.$proc$/teamspace/studios/this_studio/Melodica-Integration-into-Fife-Core/Learn_Bluespec_and_RISCV_Design/Code/Build/Fife/verilog/mkQuire.v:763$277'.
No latch inferred for signal `\mkQuire.\vrg_quire_seg_zero_1$D_IN' from process `\mkQuire.$proc$/teamspace/studios/this_studio/Melodica-Integration-into-Fife-Core/Learn_Bluespec_and_RISCV_Design/Code/Build/Fife/verilog/mkQuire.v:737$263'.
No latch inferred for signal `\mkQuire.\vrg_quire_seg_zero_0$D_IN' from process `\mkQuire.$proc$/teamspace/studios/this_studio/Melodica-Integration-into-Fife-Core/Learn_Bluespec_and_RISCV_Design/Code/Build/Fife/verilog/mkQuire.v:711$249'.
No latch inferred for signal `\mkQuire.\vrg_quire_3$D_IN' from process `\mkQuire.$proc$/teamspace/studios/this_studio/Melodica-Integration-into-Fife-Core/Learn_Bluespec_and_RISCV_Design/Code/Build/Fife/verilog/mkQuire.v:686$239'.
No latch inferred for signal `\mkQuire.\vrg_quire_2$D_IN' from process `\mkQuire.$proc$/teamspace/studios/this_studio/Melodica-Integration-into-Fife-Core/Learn_Bluespec_and_RISCV_Design/Code/Build/Fife/verilog/mkQuire.v:661$229'.
No latch inferred for signal `\mkQuire.\vrg_quire_1$D_IN' from process `\mkQuire.$proc$/teamspace/studios/this_studio/Melodica-Integration-into-Fife-Core/Learn_Bluespec_and_RISCV_Design/Code/Build/Fife/verilog/mkQuire.v:637$219'.
No latch inferred for signal `\mkQuire.\vrg_quire_0$D_IN' from process `\mkQuire.$proc$/teamspace/studios/this_studio/Melodica-Integration-into-Fife-Core/Learn_Bluespec_and_RISCV_Design/Code/Build/Fife/verilog/mkQuire.v:614$209'.

14.2.9. Executing PROC_DFF pass (convert process syncs to FFs).
Creating register for signal `\mkQuire.\rg_read_busy' using process `\mkQuire.$proc$/teamspace/studios/this_studio/Melodica-Integration-into-Fife-Core/Learn_Bluespec_and_RISCV_Design/Code/Build/Fife/verilog/mkQuire.v:1144$415'.
  created $dff cell `$procdff$1067' with positive edge clock.
Creating register for signal `\mkQuire.\rg_seg_zero_upd' using process `\mkQuire.$proc$/teamspace/studios/this_studio/Melodica-Integration-into-Fife-Core/Learn_Bluespec_and_RISCV_Design/Code/Build/Fife/verilog/mkQuire.v:1144$415'.
  created $dff cell `$procdff$1068' with positive edge clock.
Creating register for signal `\mkQuire.\seg_adder_rg_inFlight' using process `\mkQuire.$proc$/teamspace/studios/this_studio/Melodica-Integration-into-Fife-Core/Learn_Bluespec_and_RISCV_Design/Code/Build/Fife/verilog/mkQuire.v:1144$415'.
  created $dff cell `$procdff$1069' with positive edge clock.
Creating register for signal `\mkQuire.\vrg_quire_0' using process `\mkQuire.$proc$/teamspace/studios/this_studio/Melodica-Integration-into-Fife-Core/Learn_Bluespec_and_RISCV_Design/Code/Build/Fife/verilog/mkQuire.v:1144$415'.
  created $dff cell `$procdff$1070' with positive edge clock.
Creating register for signal `\mkQuire.\vrg_quire_1' using process `\mkQuire.$proc$/teamspace/studios/this_studio/Melodica-Integration-into-Fife-Core/Learn_Bluespec_and_RISCV_Design/Code/Build/Fife/verilog/mkQuire.v:1144$415'.
  created $dff cell `$procdff$1071' with positive edge clock.
Creating register for signal `\mkQuire.\vrg_quire_2' using process `\mkQuire.$proc$/teamspace/studios/this_studio/Melodica-Integration-into-Fife-Core/Learn_Bluespec_and_RISCV_Design/Code/Build/Fife/verilog/mkQuire.v:1144$415'.
  created $dff cell `$procdff$1072' with positive edge clock.
Creating register for signal `\mkQuire.\vrg_quire_3' using process `\mkQuire.$proc$/teamspace/studios/this_studio/Melodica-Integration-into-Fife-Core/Learn_Bluespec_and_RISCV_Design/Code/Build/Fife/verilog/mkQuire.v:1144$415'.
  created $dff cell `$procdff$1073' with positive edge clock.
Creating register for signal `\mkQuire.\vrg_quire_seg_zero_0' using process `\mkQuire.$proc$/teamspace/studios/this_studio/Melodica-Integration-into-Fife-Core/Learn_Bluespec_and_RISCV_Design/Code/Build/Fife/verilog/mkQuire.v:1144$415'.
  created $dff cell `$procdff$1074' with positive edge clock.
Creating register for signal `\mkQuire.\vrg_quire_seg_zero_1' using process `\mkQuire.$proc$/teamspace/studios/this_studio/Melodica-Integration-into-Fife-Core/Learn_Bluespec_and_RISCV_Design/Code/Build/Fife/verilog/mkQuire.v:1144$415'.
  created $dff cell `$procdff$1075' with positive edge clock.
Creating register for signal `\mkQuire.\vrg_quire_seg_zero_2' using process `\mkQuire.$proc$/teamspace/studios/this_studio/Melodica-Integration-into-Fife-Core/Learn_Bluespec_and_RISCV_Design/Code/Build/Fife/verilog/mkQuire.v:1144$415'.
  created $dff cell `$procdff$1076' with positive edge clock.
Creating register for signal `\mkQuire.\vrg_quire_seg_zero_3' using process `\mkQuire.$proc$/teamspace/studios/this_studio/Melodica-Integration-into-Fife-Core/Learn_Bluespec_and_RISCV_Design/Code/Build/Fife/verilog/mkQuire.v:1144$415'.
  created $dff cell `$procdff$1077' with positive edge clock.
Creating register for signal `\mkQuire.\zero_counter_rg_firstNonZeroSeg' using process `\mkQuire.$proc$/teamspace/studios/this_studio/Melodica-Integration-into-Fife-Core/Learn_Bluespec_and_RISCV_Design/Code/Build/Fife/verilog/mkQuire.v:1144$415'.
  created $dff cell `$procdff$1078' with positive edge clock.
Creating register for signal `\mkQuire.\zero_counter_rg_numZeroSegs' using process `\mkQuire.$proc$/teamspace/studios/this_studio/Melodica-Integration-into-Fife-Core/Learn_Bluespec_and_RISCV_Design/Code/Build/Fife/verilog/mkQuire.v:1144$415'.
  created $dff cell `$procdff$1079' with positive edge clock.
Creating register for signal `\mkQuire.\zero_counter_rg_seg_counter_busy' using process `\mkQuire.$proc$/teamspace/studios/this_studio/Melodica-Integration-into-Fife-Core/Learn_Bluespec_and_RISCV_Design/Code/Build/Fife/verilog/mkQuire.v:1144$415'.
  created $dff cell `$procdff$1080' with positive edge clock.
Creating register for signal `$paramod$77feb722284cbb4b2efebea6faec56b4318dabcc\SizedFIFO.$memwr$\arr$/teamspace/studios/this_studio/Melodica-Integration-into-Fife-Core/bsc/lib/Verilog/SizedFIFO.v:206$766_ADDR' using process `$paramod$77feb722284cbb4b2efebea6faec56b4318dabcc\SizedFIFO.$proc$/teamspace/studios/this_studio/Melodica-Integration-into-Fife-Core/bsc/lib/Verilog/SizedFIFO.v:190$781'.
  created $dff cell `$procdff$1081' with positive edge clock.
Creating register for signal `$paramod$77feb722284cbb4b2efebea6faec56b4318dabcc\SizedFIFO.$memwr$\arr$/teamspace/studios/this_studio/Melodica-Integration-into-Fife-Core/bsc/lib/Verilog/SizedFIFO.v:206$766_DATA' using process `$paramod$77feb722284cbb4b2efebea6faec56b4318dabcc\SizedFIFO.$proc$/teamspace/studios/this_studio/Melodica-Integration-into-Fife-Core/bsc/lib/Verilog/SizedFIFO.v:190$781'.
  created $dff cell `$procdff$1082' with positive edge clock.
Creating register for signal `$paramod$77feb722284cbb4b2efebea6faec56b4318dabcc\SizedFIFO.$memwr$\arr$/teamspace/studios/this_studio/Melodica-Integration-into-Fife-Core/bsc/lib/Verilog/SizedFIFO.v:206$766_EN' using process `$paramod$77feb722284cbb4b2efebea6faec56b4318dabcc\SizedFIFO.$proc$/teamspace/studios/this_studio/Melodica-Integration-into-Fife-Core/bsc/lib/Verilog/SizedFIFO.v:190$781'.
  created $dff cell `$procdff$1083' with positive edge clock.
Creating register for signal `$paramod$77feb722284cbb4b2efebea6faec56b4318dabcc\SizedFIFO.\D_OUT' using process `$paramod$77feb722284cbb4b2efebea6faec56b4318dabcc\SizedFIFO.$proc$/teamspace/studios/this_studio/Melodica-Integration-into-Fife-Core/bsc/lib/Verilog/SizedFIFO.v:167$778'.
  created $dff cell `$procdff$1084' with positive edge clock.
Creating register for signal `$paramod$77feb722284cbb4b2efebea6faec56b4318dabcc\SizedFIFO.\not_ring_full' using process `$paramod$77feb722284cbb4b2efebea6faec56b4318dabcc\SizedFIFO.$proc$/teamspace/studios/this_studio/Melodica-Integration-into-Fife-Core/bsc/lib/Verilog/SizedFIFO.v:107$773'.
  created $dff cell `$procdff$1085' with positive edge clock.
Creating register for signal `$paramod$77feb722284cbb4b2efebea6faec56b4318dabcc\SizedFIFO.\ring_empty' using process `$paramod$77feb722284cbb4b2efebea6faec56b4318dabcc\SizedFIFO.$proc$/teamspace/studios/this_studio/Melodica-Integration-into-Fife-Core/bsc/lib/Verilog/SizedFIFO.v:107$773'.
  created $dff cell `$procdff$1086' with positive edge clock.
Creating register for signal `$paramod$77feb722284cbb4b2efebea6faec56b4318dabcc\SizedFIFO.\head' using process `$paramod$77feb722284cbb4b2efebea6faec56b4318dabcc\SizedFIFO.$proc$/teamspace/studios/this_studio/Melodica-Integration-into-Fife-Core/bsc/lib/Verilog/SizedFIFO.v:107$773'.
  created $dff cell `$procdff$1087' with positive edge clock.
Creating register for signal `$paramod$77feb722284cbb4b2efebea6faec56b4318dabcc\SizedFIFO.\tail' using process `$paramod$77feb722284cbb4b2efebea6faec56b4318dabcc\SizedFIFO.$proc$/teamspace/studios/this_studio/Melodica-Integration-into-Fife-Core/bsc/lib/Verilog/SizedFIFO.v:107$773'.
  created $dff cell `$procdff$1088' with positive edge clock.
Creating register for signal `$paramod$77feb722284cbb4b2efebea6faec56b4318dabcc\SizedFIFO.\hasodata' using process `$paramod$77feb722284cbb4b2efebea6faec56b4318dabcc\SizedFIFO.$proc$/teamspace/studios/this_studio/Melodica-Integration-into-Fife-Core/bsc/lib/Verilog/SizedFIFO.v:107$773'.
  created $dff cell `$procdff$1089' with positive edge clock.
Creating register for signal `$paramod$a0c6df3c1489bcd5c1c6c2071c80faf091665997\SizedFIFO.$memwr$\arr$/teamspace/studios/this_studio/Melodica-Integration-into-Fife-Core/bsc/lib/Verilog/SizedFIFO.v:206$735_ADDR' using process `$paramod$a0c6df3c1489bcd5c1c6c2071c80faf091665997\SizedFIFO.$proc$/teamspace/studios/this_studio/Melodica-Integration-into-Fife-Core/bsc/lib/Verilog/SizedFIFO.v:190$750'.
  created $dff cell `$procdff$1090' with positive edge clock.
Creating register for signal `$paramod$a0c6df3c1489bcd5c1c6c2071c80faf091665997\SizedFIFO.$memwr$\arr$/teamspace/studios/this_studio/Melodica-Integration-into-Fife-Core/bsc/lib/Verilog/SizedFIFO.v:206$735_DATA' using process `$paramod$a0c6df3c1489bcd5c1c6c2071c80faf091665997\SizedFIFO.$proc$/teamspace/studios/this_studio/Melodica-Integration-into-Fife-Core/bsc/lib/Verilog/SizedFIFO.v:190$750'.
  created $dff cell `$procdff$1091' with positive edge clock.
Creating register for signal `$paramod$a0c6df3c1489bcd5c1c6c2071c80faf091665997\SizedFIFO.$memwr$\arr$/teamspace/studios/this_studio/Melodica-Integration-into-Fife-Core/bsc/lib/Verilog/SizedFIFO.v:206$735_EN' using process `$paramod$a0c6df3c1489bcd5c1c6c2071c80faf091665997\SizedFIFO.$proc$/teamspace/studios/this_studio/Melodica-Integration-into-Fife-Core/bsc/lib/Verilog/SizedFIFO.v:190$750'.
  created $dff cell `$procdff$1092' with positive edge clock.
Creating register for signal `$paramod$a0c6df3c1489bcd5c1c6c2071c80faf091665997\SizedFIFO.\D_OUT' using process `$paramod$a0c6df3c1489bcd5c1c6c2071c80faf091665997\SizedFIFO.$proc$/teamspace/studios/this_studio/Melodica-Integration-into-Fife-Core/bsc/lib/Verilog/SizedFIFO.v:167$747'.
  created $dff cell `$procdff$1093' with positive edge clock.
Creating register for signal `$paramod$a0c6df3c1489bcd5c1c6c2071c80faf091665997\SizedFIFO.\not_ring_full' using process `$paramod$a0c6df3c1489bcd5c1c6c2071c80faf091665997\SizedFIFO.$proc$/teamspace/studios/this_studio/Melodica-Integration-into-Fife-Core/bsc/lib/Verilog/SizedFIFO.v:107$742'.
  created $dff cell `$procdff$1094' with positive edge clock.
Creating register for signal `$paramod$a0c6df3c1489bcd5c1c6c2071c80faf091665997\SizedFIFO.\ring_empty' using process `$paramod$a0c6df3c1489bcd5c1c6c2071c80faf091665997\SizedFIFO.$proc$/teamspace/studios/this_studio/Melodica-Integration-into-Fife-Core/bsc/lib/Verilog/SizedFIFO.v:107$742'.
  created $dff cell `$procdff$1095' with positive edge clock.
Creating register for signal `$paramod$a0c6df3c1489bcd5c1c6c2071c80faf091665997\SizedFIFO.\head' using process `$paramod$a0c6df3c1489bcd5c1c6c2071c80faf091665997\SizedFIFO.$proc$/teamspace/studios/this_studio/Melodica-Integration-into-Fife-Core/bsc/lib/Verilog/SizedFIFO.v:107$742'.
  created $dff cell `$procdff$1096' with positive edge clock.
Creating register for signal `$paramod$a0c6df3c1489bcd5c1c6c2071c80faf091665997\SizedFIFO.\tail' using process `$paramod$a0c6df3c1489bcd5c1c6c2071c80faf091665997\SizedFIFO.$proc$/teamspace/studios/this_studio/Melodica-Integration-into-Fife-Core/bsc/lib/Verilog/SizedFIFO.v:107$742'.
  created $dff cell `$procdff$1097' with positive edge clock.
Creating register for signal `$paramod$a0c6df3c1489bcd5c1c6c2071c80faf091665997\SizedFIFO.\hasodata' using process `$paramod$a0c6df3c1489bcd5c1c6c2071c80faf091665997\SizedFIFO.$proc$/teamspace/studios/this_studio/Melodica-Integration-into-Fife-Core/bsc/lib/Verilog/SizedFIFO.v:107$742'.
  created $dff cell `$procdff$1098' with positive edge clock.
Creating register for signal `$paramod\FIFO1\width=32'00000000000000000000000000001000\guarded=1'1.\D_OUT' using process `$paramod\FIFO1\width=32'00000000000000000000000000001000\guarded=1'1.$proc$/teamspace/studios/this_studio/Melodica-Integration-into-Fife-Core/bsc/lib/Verilog/FIFO1.v:96$804'.
  created $dff cell `$procdff$1099' with positive edge clock.
Creating register for signal `$paramod\FIFO1\width=32'00000000000000000000000000001000\guarded=1'1.\empty_reg' using process `$paramod\FIFO1\width=32'00000000000000000000000000001000\guarded=1'1.$proc$/teamspace/studios/this_studio/Melodica-Integration-into-Fife-Core/bsc/lib/Verilog/FIFO1.v:73$802'.
  created $dff cell `$procdff$1100' with positive edge clock.
Creating register for signal `$paramod\FIFO1\width=32'00000000000000000000000000101011\guarded=1'1.\D_OUT' using process `$paramod\FIFO1\width=32'00000000000000000000000000101011\guarded=1'1.$proc$/teamspace/studios/this_studio/Melodica-Integration-into-Fife-Core/bsc/lib/Verilog/FIFO1.v:96$800'.
  created $dff cell `$procdff$1101' with positive edge clock.
Creating register for signal `$paramod\FIFO1\width=32'00000000000000000000000000101011\guarded=1'1.\empty_reg' using process `$paramod\FIFO1\width=32'00000000000000000000000000101011\guarded=1'1.$proc$/teamspace/studios/this_studio/Melodica-Integration-into-Fife-Core/bsc/lib/Verilog/FIFO1.v:73$798'.
  created $dff cell `$procdff$1102' with positive edge clock.

14.2.10. Executing PROC_MEMWR pass (convert process memory writes to cells).

14.2.11. Executing PROC_CLEAN pass (remove empty switches from decision trees).
Found and cleaned up 15 empty switches in `\mkQuire.$proc$/teamspace/studios/this_studio/Melodica-Integration-into-Fife-Core/Learn_Bluespec_and_RISCV_Design/Code/Build/Fife/verilog/mkQuire.v:1144$415'.
Removing empty process `mkQuire.$proc$/teamspace/studios/this_studio/Melodica-Integration-into-Fife-Core/Learn_Bluespec_and_RISCV_Design/Code/Build/Fife/verilog/mkQuire.v:1144$415'.
Found and cleaned up 1 empty switch in `\mkQuire.$proc$/teamspace/studios/this_studio/Melodica-Integration-into-Fife-Core/Learn_Bluespec_and_RISCV_Design/Code/Build/Fife/verilog/mkQuire.v:789$291'.
Removing empty process `mkQuire.$proc$/teamspace/studios/this_studio/Melodica-Integration-into-Fife-Core/Learn_Bluespec_and_RISCV_Design/Code/Build/Fife/verilog/mkQuire.v:789$291'.
Found and cleaned up 1 empty switch in `\mkQuire.$proc$/teamspace/studios/this_studio/Melodica-Integration-into-Fife-Core/Learn_Bluespec_and_RISCV_Design/Code/Build/Fife/verilog/mkQuire.v:763$277'.
Removing empty process `mkQuire.$proc$/teamspace/studios/this_studio/Melodica-Integration-into-Fife-Core/Learn_Bluespec_and_RISCV_Design/Code/Build/Fife/verilog/mkQuire.v:763$277'.
Found and cleaned up 1 empty switch in `\mkQuire.$proc$/teamspace/studios/this_studio/Melodica-Integration-into-Fife-Core/Learn_Bluespec_and_RISCV_Design/Code/Build/Fife/verilog/mkQuire.v:737$263'.
Removing empty process `mkQuire.$proc$/teamspace/studios/this_studio/Melodica-Integration-into-Fife-Core/Learn_Bluespec_and_RISCV_Design/Code/Build/Fife/verilog/mkQuire.v:737$263'.
Found and cleaned up 1 empty switch in `\mkQuire.$proc$/teamspace/studios/this_studio/Melodica-Integration-into-Fife-Core/Learn_Bluespec_and_RISCV_Design/Code/Build/Fife/verilog/mkQuire.v:711$249'.
Removing empty process `mkQuire.$proc$/teamspace/studios/this_studio/Melodica-Integration-into-Fife-Core/Learn_Bluespec_and_RISCV_Design/Code/Build/Fife/verilog/mkQuire.v:711$249'.
Found and cleaned up 1 empty switch in `\mkQuire.$proc$/teamspace/studios/this_studio/Melodica-Integration-into-Fife-Core/Learn_Bluespec_and_RISCV_Design/Code/Build/Fife/verilog/mkQuire.v:686$239'.
Removing empty process `mkQuire.$proc$/teamspace/studios/this_studio/Melodica-Integration-into-Fife-Core/Learn_Bluespec_and_RISCV_Design/Code/Build/Fife/verilog/mkQuire.v:686$239'.
Found and cleaned up 1 empty switch in `\mkQuire.$proc$/teamspace/studios/this_studio/Melodica-Integration-into-Fife-Core/Learn_Bluespec_and_RISCV_Design/Code/Build/Fife/verilog/mkQuire.v:661$229'.
Removing empty process `mkQuire.$proc$/teamspace/studios/this_studio/Melodica-Integration-into-Fife-Core/Learn_Bluespec_and_RISCV_Design/Code/Build/Fife/verilog/mkQuire.v:661$229'.
Found and cleaned up 1 empty switch in `\mkQuire.$proc$/teamspace/studios/this_studio/Melodica-Integration-into-Fife-Core/Learn_Bluespec_and_RISCV_Design/Code/Build/Fife/verilog/mkQuire.v:637$219'.
Removing empty process `mkQuire.$proc$/teamspace/studios/this_studio/Melodica-Integration-into-Fife-Core/Learn_Bluespec_and_RISCV_Design/Code/Build/Fife/verilog/mkQuire.v:637$219'.
Found and cleaned up 1 empty switch in `\mkQuire.$proc$/teamspace/studios/this_studio/Melodica-Integration-into-Fife-Core/Learn_Bluespec_and_RISCV_Design/Code/Build/Fife/verilog/mkQuire.v:614$209'.
Removing empty process `mkQuire.$proc$/teamspace/studios/this_studio/Melodica-Integration-into-Fife-Core/Learn_Bluespec_and_RISCV_Design/Code/Build/Fife/verilog/mkQuire.v:614$209'.
Found and cleaned up 1 empty switch in `$paramod$77feb722284cbb4b2efebea6faec56b4318dabcc\SizedFIFO.$proc$/teamspace/studios/this_studio/Melodica-Integration-into-Fife-Core/bsc/lib/Verilog/SizedFIFO.v:190$781'.
Removing empty process `$paramod$77feb722284cbb4b2efebea6faec56b4318dabcc\SizedFIFO.$proc$/teamspace/studios/this_studio/Melodica-Integration-into-Fife-Core/bsc/lib/Verilog/SizedFIFO.v:190$781'.
Found and cleaned up 1 empty switch in `$paramod$77feb722284cbb4b2efebea6faec56b4318dabcc\SizedFIFO.$proc$/teamspace/studios/this_studio/Melodica-Integration-into-Fife-Core/bsc/lib/Verilog/SizedFIFO.v:167$778'.
Removing empty process `$paramod$77feb722284cbb4b2efebea6faec56b4318dabcc\SizedFIFO.$proc$/teamspace/studios/this_studio/Melodica-Integration-into-Fife-Core/bsc/lib/Verilog/SizedFIFO.v:167$778'.
Found and cleaned up 3 empty switches in `$paramod$77feb722284cbb4b2efebea6faec56b4318dabcc\SizedFIFO.$proc$/teamspace/studios/this_studio/Melodica-Integration-into-Fife-Core/bsc/lib/Verilog/SizedFIFO.v:107$773'.
Removing empty process `$paramod$77feb722284cbb4b2efebea6faec56b4318dabcc\SizedFIFO.$proc$/teamspace/studios/this_studio/Melodica-Integration-into-Fife-Core/bsc/lib/Verilog/SizedFIFO.v:107$773'.
Found and cleaned up 1 empty switch in `$paramod$a0c6df3c1489bcd5c1c6c2071c80faf091665997\SizedFIFO.$proc$/teamspace/studios/this_studio/Melodica-Integration-into-Fife-Core/bsc/lib/Verilog/SizedFIFO.v:190$750'.
Removing empty process `$paramod$a0c6df3c1489bcd5c1c6c2071c80faf091665997\SizedFIFO.$proc$/teamspace/studios/this_studio/Melodica-Integration-into-Fife-Core/bsc/lib/Verilog/SizedFIFO.v:190$750'.
Found and cleaned up 1 empty switch in `$paramod$a0c6df3c1489bcd5c1c6c2071c80faf091665997\SizedFIFO.$proc$/teamspace/studios/this_studio/Melodica-Integration-into-Fife-Core/bsc/lib/Verilog/SizedFIFO.v:167$747'.
Removing empty process `$paramod$a0c6df3c1489bcd5c1c6c2071c80faf091665997\SizedFIFO.$proc$/teamspace/studios/this_studio/Melodica-Integration-into-Fife-Core/bsc/lib/Verilog/SizedFIFO.v:167$747'.
Found and cleaned up 3 empty switches in `$paramod$a0c6df3c1489bcd5c1c6c2071c80faf091665997\SizedFIFO.$proc$/teamspace/studios/this_studio/Melodica-Integration-into-Fife-Core/bsc/lib/Verilog/SizedFIFO.v:107$742'.
Removing empty process `$paramod$a0c6df3c1489bcd5c1c6c2071c80faf091665997\SizedFIFO.$proc$/teamspace/studios/this_studio/Melodica-Integration-into-Fife-Core/bsc/lib/Verilog/SizedFIFO.v:107$742'.
Found and cleaned up 1 empty switch in `$paramod\FIFO1\width=32'00000000000000000000000000001000\guarded=1'1.$proc$/teamspace/studios/this_studio/Melodica-Integration-into-Fife-Core/bsc/lib/Verilog/FIFO1.v:96$804'.
Removing empty process `$paramod\FIFO1\width=32'00000000000000000000000000001000\guarded=1'1.$proc$/teamspace/studios/this_studio/Melodica-Integration-into-Fife-Core/bsc/lib/Verilog/FIFO1.v:96$804'.
Found and cleaned up 4 empty switches in `$paramod\FIFO1\width=32'00000000000000000000000000001000\guarded=1'1.$proc$/teamspace/studios/this_studio/Melodica-Integration-into-Fife-Core/bsc/lib/Verilog/FIFO1.v:73$802'.
Removing empty process `$paramod\FIFO1\width=32'00000000000000000000000000001000\guarded=1'1.$proc$/teamspace/studios/this_studio/Melodica-Integration-into-Fife-Core/bsc/lib/Verilog/FIFO1.v:73$802'.
Found and cleaned up 1 empty switch in `$paramod\FIFO1\width=32'00000000000000000000000000101011\guarded=1'1.$proc$/teamspace/studios/this_studio/Melodica-Integration-into-Fife-Core/bsc/lib/Verilog/FIFO1.v:96$800'.
Removing empty process `$paramod\FIFO1\width=32'00000000000000000000000000101011\guarded=1'1.$proc$/teamspace/studios/this_studio/Melodica-Integration-into-Fife-Core/bsc/lib/Verilog/FIFO1.v:96$800'.
Found and cleaned up 4 empty switches in `$paramod\FIFO1\width=32'00000000000000000000000000101011\guarded=1'1.$proc$/teamspace/studios/this_studio/Melodica-Integration-into-Fife-Core/bsc/lib/Verilog/FIFO1.v:73$798'.
Removing empty process `$paramod\FIFO1\width=32'00000000000000000000000000101011\guarded=1'1.$proc$/teamspace/studios/this_studio/Melodica-Integration-into-Fife-Core/bsc/lib/Verilog/FIFO1.v:73$798'.
Cleaned up 43 empty switches.

14.2.12. Executing OPT_EXPR pass (perform const folding).
Optimizing module mkQuire.
<suppressed ~91 debug messages>
Optimizing module module_fn_twosC_quire.
Optimizing module $paramod$77feb722284cbb4b2efebea6faec56b4318dabcc\SizedFIFO.
<suppressed ~6 debug messages>
Optimizing module $paramod$a0c6df3c1489bcd5c1c6c2071c80faf091665997\SizedFIFO.
<suppressed ~6 debug messages>
Optimizing module $paramod\FIFO1\width=32'00000000000000000000000000001000\guarded=1'1.
<suppressed ~2 debug messages>
Optimizing module $paramod\FIFO1\width=32'00000000000000000000000000101011\guarded=1'1.
<suppressed ~2 debug messages>

14.3. Executing FLATTEN pass (flatten design).
Deleting now unused module module_fn_twosC_quire.
Deleting now unused module $paramod$77feb722284cbb4b2efebea6faec56b4318dabcc\SizedFIFO.
Deleting now unused module $paramod$a0c6df3c1489bcd5c1c6c2071c80faf091665997\SizedFIFO.
Deleting now unused module $paramod\FIFO1\width=32'00000000000000000000000000001000\guarded=1'1.
Deleting now unused module $paramod\FIFO1\width=32'00000000000000000000000000101011\guarded=1'1.
<suppressed ~12 debug messages>

14.4. Executing OPT_EXPR pass (perform const folding).
Optimizing module mkQuire.
<suppressed ~26 debug messages>

14.5. Executing OPT_CLEAN pass (remove unused cells and wires).
Finding unused cells or wires in module \mkQuire..
Removed 45 unused cells and 509 unused wires.
<suppressed ~49 debug messages>

14.6. Executing CHECK pass (checking for obvious problems).
Checking module mkQuire...
Found and reported 0 problems.

14.7. Executing OPT pass (performing simple optimizations).

14.7.1. Executing OPT_EXPR pass (perform const folding).
Optimizing module mkQuire.

14.7.2. Executing OPT_MERGE pass (detect identical cells).
Finding identical cells in module `\mkQuire'.
<suppressed ~516 debug messages>
Removed a total of 172 cells.

14.7.3. Executing OPT_MUXTREE pass (detect dead branches in mux trees).
Running muxtree optimizer on module \mkQuire..
  Creating internal representation of mux trees.
  Evaluating internal representation of mux trees.
      Replacing known input bits on port A of cell $flatten\seg_adder_vff_carry_0.$procmux$974: \seg_adder_vff_carry_0.not_ring_full -> 1'0
      Replacing known input bits on port A of cell $flatten\seg_adder_vff_carry_1.$procmux$974: \seg_adder_vff_carry_1.not_ring_full -> 1'0
      Replacing known input bits on port A of cell $flatten\seg_adder_vff_carry_2.$procmux$974: \seg_adder_vff_carry_2.not_ring_full -> 1'0
      Replacing known input bits on port A of cell $flatten\seg_adder_vff_in_0.$procmux$1032: \seg_adder_vff_in_0.not_ring_full -> 1'0
      Replacing known input bits on port A of cell $flatten\seg_adder_vff_in_1.$procmux$1032: \seg_adder_vff_in_1.not_ring_full -> 1'0
      Replacing known input bits on port A of cell $flatten\seg_adder_vff_in_2.$procmux$1032: \seg_adder_vff_in_2.not_ring_full -> 1'0
      Replacing known input bits on port A of cell $flatten\seg_adder_vff_in_3.$procmux$1032: \seg_adder_vff_in_3.not_ring_full -> 1'0
      Replacing known input bits on port A of cell $ternary$/teamspace/studios/this_studio/Melodica-Integration-into-Fife-Core/Learn_Bluespec_and_RISCV_Design/Code/Build/Fife/verilog/mkQuire.v:1071$379: \init_x [36:27] -> { 1'0 \init_x [35:27] }
      Replacing known input bits on port A of cell $flatten\instance_fn_twosC_quire_1.$ternary$/teamspace/studios/this_studio/Melodica-Integration-into-Fife-Core/Learn_Bluespec_and_RISCV_Design/Code/Build/Fife/verilog/module_fn_twosC_quire.v:82$103: \vrg_quire_3 -> { 1'1 \vrg_quire_3 [30:0] }
  Analyzing evaluation results.
    dead port 3/4 on $pmux $flatten\seg_adder_vff_carry_0.$procmux$958.
    dead port 3/4 on $pmux $flatten\seg_adder_vff_carry_0.$procmux$967.
    dead port 3/4 on $pmux $flatten\seg_adder_vff_carry_0.$procmux$976.
    dead port 3/4 on $pmux $flatten\seg_adder_vff_carry_1.$procmux$940.
    dead port 3/4 on $pmux $flatten\seg_adder_vff_carry_1.$procmux$949.
    dead port 3/4 on $pmux $flatten\seg_adder_vff_carry_1.$procmux$958.
    dead port 3/4 on $pmux $flatten\seg_adder_vff_carry_1.$procmux$967.
    dead port 3/4 on $pmux $flatten\seg_adder_vff_carry_1.$procmux$976.
    dead port 3/4 on $pmux $flatten\seg_adder_vff_carry_2.$procmux$940.
    dead port 3/4 on $pmux $flatten\seg_adder_vff_carry_2.$procmux$949.
    dead port 3/4 on $pmux $flatten\seg_adder_vff_carry_2.$procmux$958.
    dead port 3/4 on $pmux $flatten\seg_adder_vff_carry_2.$procmux$967.
    dead port 3/4 on $pmux $flatten\seg_adder_vff_carry_2.$procmux$976.
    dead port 3/4 on $pmux $flatten\seg_adder_vff_in_0.$procmux$1007.
    dead port 3/4 on $pmux $flatten\seg_adder_vff_in_0.$procmux$1016.
    dead port 3/4 on $pmux $flatten\seg_adder_vff_in_0.$procmux$1025.
    dead port 3/4 on $pmux $flatten\seg_adder_vff_in_0.$procmux$1034.
    dead port 3/4 on $pmux $flatten\seg_adder_vff_in_0.$procmux$998.
    dead port 3/4 on $pmux $flatten\seg_adder_vff_in_1.$procmux$1007.
    dead port 3/4 on $pmux $flatten\seg_adder_vff_in_1.$procmux$1016.
    dead port 3/4 on $pmux $flatten\seg_adder_vff_in_1.$procmux$1025.
    dead port 3/4 on $pmux $flatten\seg_adder_vff_in_1.$procmux$1034.
    dead port 3/4 on $pmux $flatten\seg_adder_vff_in_1.$procmux$998.
    dead port 3/4 on $pmux $flatten\seg_adder_vff_in_2.$procmux$1007.
    dead port 3/4 on $pmux $flatten\seg_adder_vff_in_2.$procmux$1016.
    dead port 3/4 on $pmux $flatten\seg_adder_vff_in_2.$procmux$1025.
    dead port 3/4 on $pmux $flatten\seg_adder_vff_in_2.$procmux$1034.
    dead port 3/4 on $pmux $flatten\seg_adder_vff_in_2.$procmux$998.
    dead port 3/4 on $pmux $flatten\seg_adder_vff_in_3.$procmux$1007.
    dead port 3/4 on $pmux $flatten\seg_adder_vff_in_3.$procmux$1016.
    dead port 3/4 on $pmux $flatten\seg_adder_vff_in_3.$procmux$1025.
    dead port 3/4 on $pmux $flatten\seg_adder_vff_in_3.$procmux$1034.
    dead port 3/4 on $pmux $flatten\seg_adder_vff_in_3.$procmux$998.
    dead port 3/4 on $pmux $flatten\seg_adder_vff_carry_0.$procmux$949.
    dead port 3/4 on $pmux $flatten\seg_adder_vff_carry_0.$procmux$940.
Removed 35 multiplexer ports.
<suppressed ~104 debug messages>

14.7.4. Executing OPT_REDUCE pass (consolidate $*mux and $reduce_* inputs).
  Optimizing cells in module \mkQuire.
    New ctrl vector for $pmux cell $flatten\seg_adder_vff_carry_0.$procmux$958: $auto$opt_reduce.cc:134:opt_pmux$1110
    New ctrl vector for $pmux cell $flatten\seg_adder_vff_carry_1.$procmux$934: { $auto$opt_reduce.cc:134:opt_pmux$1114 $auto$opt_reduce.cc:134:opt_pmux$1112 }
    New ctrl vector for $pmux cell $flatten\seg_adder_vff_carry_1.$procmux$958: $auto$opt_reduce.cc:134:opt_pmux$1116
    New ctrl vector for $pmux cell $flatten\seg_adder_vff_carry_2.$procmux$934: { $auto$opt_reduce.cc:134:opt_pmux$1120 $auto$opt_reduce.cc:134:opt_pmux$1118 }
    New ctrl vector for $pmux cell $flatten\seg_adder_vff_carry_2.$procmux$958: $auto$opt_reduce.cc:134:opt_pmux$1122
    New ctrl vector for $pmux cell $flatten\seg_adder_vff_in_0.$procmux$1016: $auto$opt_reduce.cc:134:opt_pmux$1124
    Consolidated identical input bits for $mux cell $flatten\seg_adder_vff_in_0.$procmux$984:
      Old ports: A=0, B=32'11111111111111111111111111111111, Y=$flatten\seg_adder_vff_in_0.$0$memwr$\arr$/teamspace/studios/this_studio/Melodica-Integration-into-Fife-Core/bsc/lib/Verilog/SizedFIFO.v:206$735_EN[31:0]$753
      New ports: A=1'0, B=1'1, Y=$flatten\seg_adder_vff_in_0.$0$memwr$\arr$/teamspace/studios/this_studio/Melodica-Integration-into-Fife-Core/bsc/lib/Verilog/SizedFIFO.v:206$735_EN[31:0]$753 [0]
      New connections: $flatten\seg_adder_vff_in_0.$0$memwr$\arr$/teamspace/studios/this_studio/Melodica-Integration-into-Fife-Core/bsc/lib/Verilog/SizedFIFO.v:206$735_EN[31:0]$753 [31:1] = { $flatten\seg_adder_vff_in_0.$0$memwr$\arr$/teamspace/studios/this_studio/Melodica-Integration-into-Fife-Core/bsc/lib/Verilog/SizedFIFO.v:206$735_EN[31:0]$753 [0] $flatten\seg_adder_vff_in_0.$0$memwr$\arr$/teamspace/studios/this_studio/Melodica-Integration-into-Fife-Core/bsc/lib/Verilog/SizedFIFO.v:206$735_EN[31:0]$753 [0] $flatten\seg_adder_vff_in_0.$0$memwr$\arr$/teamspace/studios/this_studio/Melodica-Integration-into-Fife-Core/bsc/lib/Verilog/SizedFIFO.v:206$735_EN[31:0]$753 [0] $flatten\seg_adder_vff_in_0.$0$memwr$\arr$/teamspace/studios/this_studio/Melodica-Integration-into-Fife-Core/bsc/lib/Verilog/SizedFIFO.v:206$735_EN[31:0]$753 [0] $flatten\seg_adder_vff_in_0.$0$memwr$\arr$/teamspace/studios/this_studio/Melodica-Integration-into-Fife-Core/bsc/lib/Verilog/SizedFIFO.v:206$735_EN[31:0]$753 [0] $flatten\seg_adder_vff_in_0.$0$memwr$\arr$/teamspace/studios/this_studio/Melodica-Integration-into-Fife-Core/bsc/lib/Verilog/SizedFIFO.v:206$735_EN[31:0]$753 [0] $flatten\seg_adder_vff_in_0.$0$memwr$\arr$/teamspace/studios/this_studio/Melodica-Integration-into-Fife-Core/bsc/lib/Verilog/SizedFIFO.v:206$735_EN[31:0]$753 [0] $flatten\seg_adder_vff_in_0.$0$memwr$\arr$/teamspace/studios/this_studio/Melodica-Integration-into-Fife-Core/bsc/lib/Verilog/SizedFIFO.v:206$735_EN[31:0]$753 [0] $flatten\seg_adder_vff_in_0.$0$memwr$\arr$/teamspace/studios/this_studio/Melodica-Integration-into-Fife-Core/bsc/lib/Verilog/SizedFIFO.v:206$735_EN[31:0]$753 [0] $flatten\seg_adder_vff_in_0.$0$memwr$\arr$/teamspace/studios/this_studio/Melodica-Integration-into-Fife-Core/bsc/lib/Verilog/SizedFIFO.v:206$735_EN[31:0]$753 [0] $flatten\seg_adder_vff_in_0.$0$memwr$\arr$/teamspace/studios/this_studio/Melodica-Integration-into-Fife-Core/bsc/lib/Verilog/SizedFIFO.v:206$735_EN[31:0]$753 [0] $flatten\seg_adder_vff_in_0.$0$memwr$\arr$/teamspace/studios/this_studio/Melodica-Integration-into-Fife-Core/bsc/lib/Verilog/SizedFIFO.v:206$735_EN[31:0]$753 [0] $flatten\seg_adder_vff_in_0.$0$memwr$\arr$/teamspace/studios/this_studio/Melodica-Integration-into-Fife-Core/bsc/lib/Verilog/SizedFIFO.v:206$735_EN[31:0]$753 [0] $flatten\seg_adder_vff_in_0.$0$memwr$\arr$/teamspace/studios/this_studio/Melodica-Integration-into-Fife-Core/bsc/lib/Verilog/SizedFIFO.v:206$735_EN[31:0]$753 [0] $flatten\seg_adder_vff_in_0.$0$memwr$\arr$/teamspace/studios/this_studio/Melodica-Integration-into-Fife-Core/bsc/lib/Verilog/SizedFIFO.v:206$735_EN[31:0]$753 [0] $flatten\seg_adder_vff_in_0.$0$memwr$\arr$/teamspace/studios/this_studio/Melodica-Integration-into-Fife-Core/bsc/lib/Verilog/SizedFIFO.v:206$735_EN[31:0]$753 [0] $flatten\seg_adder_vff_in_0.$0$memwr$\arr$/teamspace/studios/this_studio/Melodica-Integration-into-Fife-Core/bsc/lib/Verilog/SizedFIFO.v:206$735_EN[31:0]$753 [0] $flatten\seg_adder_vff_in_0.$0$memwr$\arr$/teamspace/studios/this_studio/Melodica-Integration-into-Fife-Core/bsc/lib/Verilog/SizedFIFO.v:206$735_EN[31:0]$753 [0] $flatten\seg_adder_vff_in_0.$0$memwr$\arr$/teamspace/studios/this_studio/Melodica-Integration-into-Fife-Core/bsc/lib/Verilog/SizedFIFO.v:206$735_EN[31:0]$753 [0] $flatten\seg_adder_vff_in_0.$0$memwr$\arr$/teamspace/studios/this_studio/Melodica-Integration-into-Fife-Core/bsc/lib/Verilog/SizedFIFO.v:206$735_EN[31:0]$753 [0] $flatten\seg_adder_vff_in_0.$0$memwr$\arr$/teamspace/studios/this_studio/Melodica-Integration-into-Fife-Core/bsc/lib/Verilog/SizedFIFO.v:206$735_EN[31:0]$753 [0] $flatten\seg_adder_vff_in_0.$0$memwr$\arr$/teamspace/studios/this_studio/Melodica-Integration-into-Fife-Core/bsc/lib/Verilog/SizedFIFO.v:206$735_EN[31:0]$753 [0] $flatten\seg_adder_vff_in_0.$0$memwr$\arr$/teamspace/studios/this_studio/Melodica-Integration-into-Fife-Core/bsc/lib/Verilog/SizedFIFO.v:206$735_EN[31:0]$753 [0] $flatten\seg_adder_vff_in_0.$0$memwr$\arr$/teamspace/studios/this_studio/Melodica-Integration-into-Fife-Core/bsc/lib/Verilog/SizedFIFO.v:206$735_EN[31:0]$753 [0] $flatten\seg_adder_vff_in_0.$0$memwr$\arr$/teamspace/studios/this_studio/Melodica-Integration-into-Fife-Core/bsc/lib/Verilog/SizedFIFO.v:206$735_EN[31:0]$753 [0] $flatten\seg_adder_vff_in_0.$0$memwr$\arr$/teamspace/studios/this_studio/Melodica-Integration-into-Fife-Core/bsc/lib/Verilog/SizedFIFO.v:206$735_EN[31:0]$753 [0] $flatten\seg_adder_vff_in_0.$0$memwr$\arr$/teamspace/studios/this_studio/Melodica-Integration-into-Fife-Core/bsc/lib/Verilog/SizedFIFO.v:206$735_EN[31:0]$753 [0] $flatten\seg_adder_vff_in_0.$0$memwr$\arr$/teamspace/studios/this_studio/Melodica-Integration-into-Fife-Core/bsc/lib/Verilog/SizedFIFO.v:206$735_EN[31:0]$753 [0] $flatten\seg_adder_vff_in_0.$0$memwr$\arr$/teamspace/studios/this_studio/Melodica-Integration-into-Fife-Core/bsc/lib/Verilog/SizedFIFO.v:206$735_EN[31:0]$753 [0] $flatten\seg_adder_vff_in_0.$0$memwr$\arr$/teamspace/studios/this_studio/Melodica-Integration-into-Fife-Core/bsc/lib/Verilog/SizedFIFO.v:206$735_EN[31:0]$753 [0] $flatten\seg_adder_vff_in_0.$0$memwr$\arr$/teamspace/studios/this_studio/Melodica-Integration-into-Fife-Core/bsc/lib/Verilog/SizedFIFO.v:206$735_EN[31:0]$753 [0] }
    New ctrl vector for $pmux cell $flatten\seg_adder_vff_in_0.$procmux$992: { $auto$opt_reduce.cc:134:opt_pmux$1128 $auto$opt_reduce.cc:134:opt_pmux$1126 }
    New ctrl vector for $pmux cell $flatten\seg_adder_vff_in_1.$procmux$1016: $auto$opt_reduce.cc:134:opt_pmux$1130
    Consolidated identical input bits for $mux cell $flatten\seg_adder_vff_in_1.$procmux$984:
      Old ports: A=0, B=32'11111111111111111111111111111111, Y=$flatten\seg_adder_vff_in_1.$0$memwr$\arr$/teamspace/studios/this_studio/Melodica-Integration-into-Fife-Core/bsc/lib/Verilog/SizedFIFO.v:206$735_EN[31:0]$753
      New ports: A=1'0, B=1'1, Y=$flatten\seg_adder_vff_in_1.$0$memwr$\arr$/teamspace/studios/this_studio/Melodica-Integration-into-Fife-Core/bsc/lib/Verilog/SizedFIFO.v:206$735_EN[31:0]$753 [0]
      New connections: $flatten\seg_adder_vff_in_1.$0$memwr$\arr$/teamspace/studios/this_studio/Melodica-Integration-into-Fife-Core/bsc/lib/Verilog/SizedFIFO.v:206$735_EN[31:0]$753 [31:1] = { $flatten\seg_adder_vff_in_1.$0$memwr$\arr$/teamspace/studios/this_studio/Melodica-Integration-into-Fife-Core/bsc/lib/Verilog/SizedFIFO.v:206$735_EN[31:0]$753 [0] $flatten\seg_adder_vff_in_1.$0$memwr$\arr$/teamspace/studios/this_studio/Melodica-Integration-into-Fife-Core/bsc/lib/Verilog/SizedFIFO.v:206$735_EN[31:0]$753 [0] $flatten\seg_adder_vff_in_1.$0$memwr$\arr$/teamspace/studios/this_studio/Melodica-Integration-into-Fife-Core/bsc/lib/Verilog/SizedFIFO.v:206$735_EN[31:0]$753 [0] $flatten\seg_adder_vff_in_1.$0$memwr$\arr$/teamspace/studios/this_studio/Melodica-Integration-into-Fife-Core/bsc/lib/Verilog/SizedFIFO.v:206$735_EN[31:0]$753 [0] $flatten\seg_adder_vff_in_1.$0$memwr$\arr$/teamspace/studios/this_studio/Melodica-Integration-into-Fife-Core/bsc/lib/Verilog/SizedFIFO.v:206$735_EN[31:0]$753 [0] $flatten\seg_adder_vff_in_1.$0$memwr$\arr$/teamspace/studios/this_studio/Melodica-Integration-into-Fife-Core/bsc/lib/Verilog/SizedFIFO.v:206$735_EN[31:0]$753 [0] $flatten\seg_adder_vff_in_1.$0$memwr$\arr$/teamspace/studios/this_studio/Melodica-Integration-into-Fife-Core/bsc/lib/Verilog/SizedFIFO.v:206$735_EN[31:0]$753 [0] $flatten\seg_adder_vff_in_1.$0$memwr$\arr$/teamspace/studios/this_studio/Melodica-Integration-into-Fife-Core/bsc/lib/Verilog/SizedFIFO.v:206$735_EN[31:0]$753 [0] $flatten\seg_adder_vff_in_1.$0$memwr$\arr$/teamspace/studios/this_studio/Melodica-Integration-into-Fife-Core/bsc/lib/Verilog/SizedFIFO.v:206$735_EN[31:0]$753 [0] $flatten\seg_adder_vff_in_1.$0$memwr$\arr$/teamspace/studios/this_studio/Melodica-Integration-into-Fife-Core/bsc/lib/Verilog/SizedFIFO.v:206$735_EN[31:0]$753 [0] $flatten\seg_adder_vff_in_1.$0$memwr$\arr$/teamspace/studios/this_studio/Melodica-Integration-into-Fife-Core/bsc/lib/Verilog/SizedFIFO.v:206$735_EN[31:0]$753 [0] $flatten\seg_adder_vff_in_1.$0$memwr$\arr$/teamspace/studios/this_studio/Melodica-Integration-into-Fife-Core/bsc/lib/Verilog/SizedFIFO.v:206$735_EN[31:0]$753 [0] $flatten\seg_adder_vff_in_1.$0$memwr$\arr$/teamspace/studios/this_studio/Melodica-Integration-into-Fife-Core/bsc/lib/Verilog/SizedFIFO.v:206$735_EN[31:0]$753 [0] $flatten\seg_adder_vff_in_1.$0$memwr$\arr$/teamspace/studios/this_studio/Melodica-Integration-into-Fife-Core/bsc/lib/Verilog/SizedFIFO.v:206$735_EN[31:0]$753 [0] $flatten\seg_adder_vff_in_1.$0$memwr$\arr$/teamspace/studios/this_studio/Melodica-Integration-into-Fife-Core/bsc/lib/Verilog/SizedFIFO.v:206$735_EN[31:0]$753 [0] $flatten\seg_adder_vff_in_1.$0$memwr$\arr$/teamspace/studios/this_studio/Melodica-Integration-into-Fife-Core/bsc/lib/Verilog/SizedFIFO.v:206$735_EN[31:0]$753 [0] $flatten\seg_adder_vff_in_1.$0$memwr$\arr$/teamspace/studios/this_studio/Melodica-Integration-into-Fife-Core/bsc/lib/Verilog/SizedFIFO.v:206$735_EN[31:0]$753 [0] $flatten\seg_adder_vff_in_1.$0$memwr$\arr$/teamspace/studios/this_studio/Melodica-Integration-into-Fife-Core/bsc/lib/Verilog/SizedFIFO.v:206$735_EN[31:0]$753 [0] $flatten\seg_adder_vff_in_1.$0$memwr$\arr$/teamspace/studios/this_studio/Melodica-Integration-into-Fife-Core/bsc/lib/Verilog/SizedFIFO.v:206$735_EN[31:0]$753 [0] $flatten\seg_adder_vff_in_1.$0$memwr$\arr$/teamspace/studios/this_studio/Melodica-Integration-into-Fife-Core/bsc/lib/Verilog/SizedFIFO.v:206$735_EN[31:0]$753 [0] $flatten\seg_adder_vff_in_1.$0$memwr$\arr$/teamspace/studios/this_studio/Melodica-Integration-into-Fife-Core/bsc/lib/Verilog/SizedFIFO.v:206$735_EN[31:0]$753 [0] $flatten\seg_adder_vff_in_1.$0$memwr$\arr$/teamspace/studios/this_studio/Melodica-Integration-into-Fife-Core/bsc/lib/Verilog/SizedFIFO.v:206$735_EN[31:0]$753 [0] $flatten\seg_adder_vff_in_1.$0$memwr$\arr$/teamspace/studios/this_studio/Melodica-Integration-into-Fife-Core/bsc/lib/Verilog/SizedFIFO.v:206$735_EN[31:0]$753 [0] $flatten\seg_adder_vff_in_1.$0$memwr$\arr$/teamspace/studios/this_studio/Melodica-Integration-into-Fife-Core/bsc/lib/Verilog/SizedFIFO.v:206$735_EN[31:0]$753 [0] $flatten\seg_adder_vff_in_1.$0$memwr$\arr$/teamspace/studios/this_studio/Melodica-Integration-into-Fife-Core/bsc/lib/Verilog/SizedFIFO.v:206$735_EN[31:0]$753 [0] $flatten\seg_adder_vff_in_1.$0$memwr$\arr$/teamspace/studios/this_studio/Melodica-Integration-into-Fife-Core/bsc/lib/Verilog/SizedFIFO.v:206$735_EN[31:0]$753 [0] $flatten\seg_adder_vff_in_1.$0$memwr$\arr$/teamspace/studios/this_studio/Melodica-Integration-into-Fife-Core/bsc/lib/Verilog/SizedFIFO.v:206$735_EN[31:0]$753 [0] $flatten\seg_adder_vff_in_1.$0$memwr$\arr$/teamspace/studios/this_studio/Melodica-Integration-into-Fife-Core/bsc/lib/Verilog/SizedFIFO.v:206$735_EN[31:0]$753 [0] $flatten\seg_adder_vff_in_1.$0$memwr$\arr$/teamspace/studios/this_studio/Melodica-Integration-into-Fife-Core/bsc/lib/Verilog/SizedFIFO.v:206$735_EN[31:0]$753 [0] $flatten\seg_adder_vff_in_1.$0$memwr$\arr$/teamspace/studios/this_studio/Melodica-Integration-into-Fife-Core/bsc/lib/Verilog/SizedFIFO.v:206$735_EN[31:0]$753 [0] $flatten\seg_adder_vff_in_1.$0$memwr$\arr$/teamspace/studios/this_studio/Melodica-Integration-into-Fife-Core/bsc/lib/Verilog/SizedFIFO.v:206$735_EN[31:0]$753 [0] }
    New ctrl vector for $pmux cell $flatten\seg_adder_vff_in_1.$procmux$992: { $auto$opt_reduce.cc:134:opt_pmux$1134 $auto$opt_reduce.cc:134:opt_pmux$1132 }
    New ctrl vector for $pmux cell $flatten\seg_adder_vff_in_2.$procmux$1016: $auto$opt_reduce.cc:134:opt_pmux$1136
    Consolidated identical input bits for $mux cell $flatten\seg_adder_vff_in_2.$procmux$984:
      Old ports: A=0, B=32'11111111111111111111111111111111, Y=$flatten\seg_adder_vff_in_2.$0$memwr$\arr$/teamspace/studios/this_studio/Melodica-Integration-into-Fife-Core/bsc/lib/Verilog/SizedFIFO.v:206$735_EN[31:0]$753
      New ports: A=1'0, B=1'1, Y=$flatten\seg_adder_vff_in_2.$0$memwr$\arr$/teamspace/studios/this_studio/Melodica-Integration-into-Fife-Core/bsc/lib/Verilog/SizedFIFO.v:206$735_EN[31:0]$753 [0]
      New connections: $flatten\seg_adder_vff_in_2.$0$memwr$\arr$/teamspace/studios/this_studio/Melodica-Integration-into-Fife-Core/bsc/lib/Verilog/SizedFIFO.v:206$735_EN[31:0]$753 [31:1] = { $flatten\seg_adder_vff_in_2.$0$memwr$\arr$/teamspace/studios/this_studio/Melodica-Integration-into-Fife-Core/bsc/lib/Verilog/SizedFIFO.v:206$735_EN[31:0]$753 [0] $flatten\seg_adder_vff_in_2.$0$memwr$\arr$/teamspace/studios/this_studio/Melodica-Integration-into-Fife-Core/bsc/lib/Verilog/SizedFIFO.v:206$735_EN[31:0]$753 [0] $flatten\seg_adder_vff_in_2.$0$memwr$\arr$/teamspace/studios/this_studio/Melodica-Integration-into-Fife-Core/bsc/lib/Verilog/SizedFIFO.v:206$735_EN[31:0]$753 [0] $flatten\seg_adder_vff_in_2.$0$memwr$\arr$/teamspace/studios/this_studio/Melodica-Integration-into-Fife-Core/bsc/lib/Verilog/SizedFIFO.v:206$735_EN[31:0]$753 [0] $flatten\seg_adder_vff_in_2.$0$memwr$\arr$/teamspace/studios/this_studio/Melodica-Integration-into-Fife-Core/bsc/lib/Verilog/SizedFIFO.v:206$735_EN[31:0]$753 [0] $flatten\seg_adder_vff_in_2.$0$memwr$\arr$/teamspace/studios/this_studio/Melodica-Integration-into-Fife-Core/bsc/lib/Verilog/SizedFIFO.v:206$735_EN[31:0]$753 [0] $flatten\seg_adder_vff_in_2.$0$memwr$\arr$/teamspace/studios/this_studio/Melodica-Integration-into-Fife-Core/bsc/lib/Verilog/SizedFIFO.v:206$735_EN[31:0]$753 [0] $flatten\seg_adder_vff_in_2.$0$memwr$\arr$/teamspace/studios/this_studio/Melodica-Integration-into-Fife-Core/bsc/lib/Verilog/SizedFIFO.v:206$735_EN[31:0]$753 [0] $flatten\seg_adder_vff_in_2.$0$memwr$\arr$/teamspace/studios/this_studio/Melodica-Integration-into-Fife-Core/bsc/lib/Verilog/SizedFIFO.v:206$735_EN[31:0]$753 [0] $flatten\seg_adder_vff_in_2.$0$memwr$\arr$/teamspace/studios/this_studio/Melodica-Integration-into-Fife-Core/bsc/lib/Verilog/SizedFIFO.v:206$735_EN[31:0]$753 [0] $flatten\seg_adder_vff_in_2.$0$memwr$\arr$/teamspace/studios/this_studio/Melodica-Integration-into-Fife-Core/bsc/lib/Verilog/SizedFIFO.v:206$735_EN[31:0]$753 [0] $flatten\seg_adder_vff_in_2.$0$memwr$\arr$/teamspace/studios/this_studio/Melodica-Integration-into-Fife-Core/bsc/lib/Verilog/SizedFIFO.v:206$735_EN[31:0]$753 [0] $flatten\seg_adder_vff_in_2.$0$memwr$\arr$/teamspace/studios/this_studio/Melodica-Integration-into-Fife-Core/bsc/lib/Verilog/SizedFIFO.v:206$735_EN[31:0]$753 [0] $flatten\seg_adder_vff_in_2.$0$memwr$\arr$/teamspace/studios/this_studio/Melodica-Integration-into-Fife-Core/bsc/lib/Verilog/SizedFIFO.v:206$735_EN[31:0]$753 [0] $flatten\seg_adder_vff_in_2.$0$memwr$\arr$/teamspace/studios/this_studio/Melodica-Integration-into-Fife-Core/bsc/lib/Verilog/SizedFIFO.v:206$735_EN[31:0]$753 [0] $flatten\seg_adder_vff_in_2.$0$memwr$\arr$/teamspace/studios/this_studio/Melodica-Integration-into-Fife-Core/bsc/lib/Verilog/SizedFIFO.v:206$735_EN[31:0]$753 [0] $flatten\seg_adder_vff_in_2.$0$memwr$\arr$/teamspace/studios/this_studio/Melodica-Integration-into-Fife-Core/bsc/lib/Verilog/SizedFIFO.v:206$735_EN[31:0]$753 [0] $flatten\seg_adder_vff_in_2.$0$memwr$\arr$/teamspace/studios/this_studio/Melodica-Integration-into-Fife-Core/bsc/lib/Verilog/SizedFIFO.v:206$735_EN[31:0]$753 [0] $flatten\seg_adder_vff_in_2.$0$memwr$\arr$/teamspace/studios/this_studio/Melodica-Integration-into-Fife-Core/bsc/lib/Verilog/SizedFIFO.v:206$735_EN[31:0]$753 [0] $flatten\seg_adder_vff_in_2.$0$memwr$\arr$/teamspace/studios/this_studio/Melodica-Integration-into-Fife-Core/bsc/lib/Verilog/SizedFIFO.v:206$735_EN[31:0]$753 [0] $flatten\seg_adder_vff_in_2.$0$memwr$\arr$/teamspace/studios/this_studio/Melodica-Integration-into-Fife-Core/bsc/lib/Verilog/SizedFIFO.v:206$735_EN[31:0]$753 [0] $flatten\seg_adder_vff_in_2.$0$memwr$\arr$/teamspace/studios/this_studio/Melodica-Integration-into-Fife-Core/bsc/lib/Verilog/SizedFIFO.v:206$735_EN[31:0]$753 [0] $flatten\seg_adder_vff_in_2.$0$memwr$\arr$/teamspace/studios/this_studio/Melodica-Integration-into-Fife-Core/bsc/lib/Verilog/SizedFIFO.v:206$735_EN[31:0]$753 [0] $flatten\seg_adder_vff_in_2.$0$memwr$\arr$/teamspace/studios/this_studio/Melodica-Integration-into-Fife-Core/bsc/lib/Verilog/SizedFIFO.v:206$735_EN[31:0]$753 [0] $flatten\seg_adder_vff_in_2.$0$memwr$\arr$/teamspace/studios/this_studio/Melodica-Integration-into-Fife-Core/bsc/lib/Verilog/SizedFIFO.v:206$735_EN[31:0]$753 [0] $flatten\seg_adder_vff_in_2.$0$memwr$\arr$/teamspace/studios/this_studio/Melodica-Integration-into-Fife-Core/bsc/lib/Verilog/SizedFIFO.v:206$735_EN[31:0]$753 [0] $flatten\seg_adder_vff_in_2.$0$memwr$\arr$/teamspace/studios/this_studio/Melodica-Integration-into-Fife-Core/bsc/lib/Verilog/SizedFIFO.v:206$735_EN[31:0]$753 [0] $flatten\seg_adder_vff_in_2.$0$memwr$\arr$/teamspace/studios/this_studio/Melodica-Integration-into-Fife-Core/bsc/lib/Verilog/SizedFIFO.v:206$735_EN[31:0]$753 [0] $flatten\seg_adder_vff_in_2.$0$memwr$\arr$/teamspace/studios/this_studio/Melodica-Integration-into-Fife-Core/bsc/lib/Verilog/SizedFIFO.v:206$735_EN[31:0]$753 [0] $flatten\seg_adder_vff_in_2.$0$memwr$\arr$/teamspace/studios/this_studio/Melodica-Integration-into-Fife-Core/bsc/lib/Verilog/SizedFIFO.v:206$735_EN[31:0]$753 [0] $flatten\seg_adder_vff_in_2.$0$memwr$\arr$/teamspace/studios/this_studio/Melodica-Integration-into-Fife-Core/bsc/lib/Verilog/SizedFIFO.v:206$735_EN[31:0]$753 [0] }
    New ctrl vector for $pmux cell $flatten\seg_adder_vff_in_2.$procmux$992: { $auto$opt_reduce.cc:134:opt_pmux$1140 $auto$opt_reduce.cc:134:opt_pmux$1138 }
    New ctrl vector for $pmux cell $flatten\seg_adder_vff_in_3.$procmux$1016: $auto$opt_reduce.cc:134:opt_pmux$1142
    Consolidated identical input bits for $mux cell $flatten\seg_adder_vff_in_3.$procmux$984:
      Old ports: A=0, B=32'11111111111111111111111111111111, Y=$flatten\seg_adder_vff_in_3.$0$memwr$\arr$/teamspace/studios/this_studio/Melodica-Integration-into-Fife-Core/bsc/lib/Verilog/SizedFIFO.v:206$735_EN[31:0]$753
      New ports: A=1'0, B=1'1, Y=$flatten\seg_adder_vff_in_3.$0$memwr$\arr$/teamspace/studios/this_studio/Melodica-Integration-into-Fife-Core/bsc/lib/Verilog/SizedFIFO.v:206$735_EN[31:0]$753 [0]
      New connections: $flatten\seg_adder_vff_in_3.$0$memwr$\arr$/teamspace/studios/this_studio/Melodica-Integration-into-Fife-Core/bsc/lib/Verilog/SizedFIFO.v:206$735_EN[31:0]$753 [31:1] = { $flatten\seg_adder_vff_in_3.$0$memwr$\arr$/teamspace/studios/this_studio/Melodica-Integration-into-Fife-Core/bsc/lib/Verilog/SizedFIFO.v:206$735_EN[31:0]$753 [0] $flatten\seg_adder_vff_in_3.$0$memwr$\arr$/teamspace/studios/this_studio/Melodica-Integration-into-Fife-Core/bsc/lib/Verilog/SizedFIFO.v:206$735_EN[31:0]$753 [0] $flatten\seg_adder_vff_in_3.$0$memwr$\arr$/teamspace/studios/this_studio/Melodica-Integration-into-Fife-Core/bsc/lib/Verilog/SizedFIFO.v:206$735_EN[31:0]$753 [0] $flatten\seg_adder_vff_in_3.$0$memwr$\arr$/teamspace/studios/this_studio/Melodica-Integration-into-Fife-Core/bsc/lib/Verilog/SizedFIFO.v:206$735_EN[31:0]$753 [0] $flatten\seg_adder_vff_in_3.$0$memwr$\arr$/teamspace/studios/this_studio/Melodica-Integration-into-Fife-Core/bsc/lib/Verilog/SizedFIFO.v:206$735_EN[31:0]$753 [0] $flatten\seg_adder_vff_in_3.$0$memwr$\arr$/teamspace/studios/this_studio/Melodica-Integration-into-Fife-Core/bsc/lib/Verilog/SizedFIFO.v:206$735_EN[31:0]$753 [0] $flatten\seg_adder_vff_in_3.$0$memwr$\arr$/teamspace/studios/this_studio/Melodica-Integration-into-Fife-Core/bsc/lib/Verilog/SizedFIFO.v:206$735_EN[31:0]$753 [0] $flatten\seg_adder_vff_in_3.$0$memwr$\arr$/teamspace/studios/this_studio/Melodica-Integration-into-Fife-Core/bsc/lib/Verilog/SizedFIFO.v:206$735_EN[31:0]$753 [0] $flatten\seg_adder_vff_in_3.$0$memwr$\arr$/teamspace/studios/this_studio/Melodica-Integration-into-Fife-Core/bsc/lib/Verilog/SizedFIFO.v:206$735_EN[31:0]$753 [0] $flatten\seg_adder_vff_in_3.$0$memwr$\arr$/teamspace/studios/this_studio/Melodica-Integration-into-Fife-Core/bsc/lib/Verilog/SizedFIFO.v:206$735_EN[31:0]$753 [0] $flatten\seg_adder_vff_in_3.$0$memwr$\arr$/teamspace/studios/this_studio/Melodica-Integration-into-Fife-Core/bsc/lib/Verilog/SizedFIFO.v:206$735_EN[31:0]$753 [0] $flatten\seg_adder_vff_in_3.$0$memwr$\arr$/teamspace/studios/this_studio/Melodica-Integration-into-Fife-Core/bsc/lib/Verilog/SizedFIFO.v:206$735_EN[31:0]$753 [0] $flatten\seg_adder_vff_in_3.$0$memwr$\arr$/teamspace/studios/this_studio/Melodica-Integration-into-Fife-Core/bsc/lib/Verilog/SizedFIFO.v:206$735_EN[31:0]$753 [0] $flatten\seg_adder_vff_in_3.$0$memwr$\arr$/teamspace/studios/this_studio/Melodica-Integration-into-Fife-Core/bsc/lib/Verilog/SizedFIFO.v:206$735_EN[31:0]$753 [0] $flatten\seg_adder_vff_in_3.$0$memwr$\arr$/teamspace/studios/this_studio/Melodica-Integration-into-Fife-Core/bsc/lib/Verilog/SizedFIFO.v:206$735_EN[31:0]$753 [0] $flatten\seg_adder_vff_in_3.$0$memwr$\arr$/teamspace/studios/this_studio/Melodica-Integration-into-Fife-Core/bsc/lib/Verilog/SizedFIFO.v:206$735_EN[31:0]$753 [0] $flatten\seg_adder_vff_in_3.$0$memwr$\arr$/teamspace/studios/this_studio/Melodica-Integration-into-Fife-Core/bsc/lib/Verilog/SizedFIFO.v:206$735_EN[31:0]$753 [0] $flatten\seg_adder_vff_in_3.$0$memwr$\arr$/teamspace/studios/this_studio/Melodica-Integration-into-Fife-Core/bsc/lib/Verilog/SizedFIFO.v:206$735_EN[31:0]$753 [0] $flatten\seg_adder_vff_in_3.$0$memwr$\arr$/teamspace/studios/this_studio/Melodica-Integration-into-Fife-Core/bsc/lib/Verilog/SizedFIFO.v:206$735_EN[31:0]$753 [0] $flatten\seg_adder_vff_in_3.$0$memwr$\arr$/teamspace/studios/this_studio/Melodica-Integration-into-Fife-Core/bsc/lib/Verilog/SizedFIFO.v:206$735_EN[31:0]$753 [0] $flatten\seg_adder_vff_in_3.$0$memwr$\arr$/teamspace/studios/this_studio/Melodica-Integration-into-Fife-Core/bsc/lib/Verilog/SizedFIFO.v:206$735_EN[31:0]$753 [0] $flatten\seg_adder_vff_in_3.$0$memwr$\arr$/teamspace/studios/this_studio/Melodica-Integration-into-Fife-Core/bsc/lib/Verilog/SizedFIFO.v:206$735_EN[31:0]$753 [0] $flatten\seg_adder_vff_in_3.$0$memwr$\arr$/teamspace/studios/this_studio/Melodica-Integration-into-Fife-Core/bsc/lib/Verilog/SizedFIFO.v:206$735_EN[31:0]$753 [0] $flatten\seg_adder_vff_in_3.$0$memwr$\arr$/teamspace/studios/this_studio/Melodica-Integration-into-Fife-Core/bsc/lib/Verilog/SizedFIFO.v:206$735_EN[31:0]$753 [0] $flatten\seg_adder_vff_in_3.$0$memwr$\arr$/teamspace/studios/this_studio/Melodica-Integration-into-Fife-Core/bsc/lib/Verilog/SizedFIFO.v:206$735_EN[31:0]$753 [0] $flatten\seg_adder_vff_in_3.$0$memwr$\arr$/teamspace/studios/this_studio/Melodica-Integration-into-Fife-Core/bsc/lib/Verilog/SizedFIFO.v:206$735_EN[31:0]$753 [0] $flatten\seg_adder_vff_in_3.$0$memwr$\arr$/teamspace/studios/this_studio/Melodica-Integration-into-Fife-Core/bsc/lib/Verilog/SizedFIFO.v:206$735_EN[31:0]$753 [0] $flatten\seg_adder_vff_in_3.$0$memwr$\arr$/teamspace/studios/this_studio/Melodica-Integration-into-Fife-Core/bsc/lib/Verilog/SizedFIFO.v:206$735_EN[31:0]$753 [0] $flatten\seg_adder_vff_in_3.$0$memwr$\arr$/teamspace/studios/this_studio/Melodica-Integration-into-Fife-Core/bsc/lib/Verilog/SizedFIFO.v:206$735_EN[31:0]$753 [0] $flatten\seg_adder_vff_in_3.$0$memwr$\arr$/teamspace/studios/this_studio/Melodica-Integration-into-Fife-Core/bsc/lib/Verilog/SizedFIFO.v:206$735_EN[31:0]$753 [0] $flatten\seg_adder_vff_in_3.$0$memwr$\arr$/teamspace/studios/this_studio/Melodica-Integration-into-Fife-Core/bsc/lib/Verilog/SizedFIFO.v:206$735_EN[31:0]$753 [0] }
    New ctrl vector for $pmux cell $flatten\seg_adder_vff_in_3.$procmux$992: { $auto$opt_reduce.cc:134:opt_pmux$1146 $auto$opt_reduce.cc:134:opt_pmux$1144 }
    New ctrl vector for $pmux cell $flatten\seg_adder_vff_carry_0.$procmux$934: { $auto$opt_reduce.cc:134:opt_pmux$1150 $auto$opt_reduce.cc:134:opt_pmux$1148 }
  Optimizing cells in module \mkQuire.
Performed a total of 18 changes.

14.7.5. Executing OPT_MERGE pass (detect identical cells).
Finding identical cells in module `\mkQuire'.
<suppressed ~21 debug messages>
Removed a total of 7 cells.

14.7.6. Executing OPT_DFF pass (perform DFF optimizations).

14.7.7. Executing OPT_CLEAN pass (remove unused cells and wires).
Finding unused cells or wires in module \mkQuire..
Removed 0 unused cells and 177 unused wires.
<suppressed ~2 debug messages>

14.7.8. Executing OPT_EXPR pass (perform const folding).
Optimizing module mkQuire.

14.7.9. Rerunning OPT passes. (Maybe there is more to do..)

14.7.10. Executing OPT_MUXTREE pass (detect dead branches in mux trees).
Running muxtree optimizer on module \mkQuire..
  Creating internal representation of mux trees.
  Evaluating internal representation of mux trees.
  Analyzing evaluation results.
Removed 0 multiplexer ports.
<suppressed ~104 debug messages>

14.7.11. Executing OPT_REDUCE pass (consolidate $*mux and $reduce_* inputs).
  Optimizing cells in module \mkQuire.
Performed a total of 0 changes.

14.7.12. Executing OPT_MERGE pass (detect identical cells).
Finding identical cells in module `\mkQuire'.
Removed a total of 0 cells.

14.7.13. Executing OPT_DFF pass (perform DFF optimizations).

14.7.14. Executing OPT_CLEAN pass (remove unused cells and wires).
Finding unused cells or wires in module \mkQuire..

14.7.15. Executing OPT_EXPR pass (perform const folding).
Optimizing module mkQuire.

14.7.16. Finished OPT passes. (There is nothing left to do.)

14.8. Executing FSM pass (extract and optimize FSM).

14.8.1. Executing FSM_DETECT pass (finding FSMs in design).
Not marking mkQuire.zero_counter_rg_numZeroSegs as FSM state register:
    Users of register don't seem to benefit from recoding.

14.8.2. Executing FSM_EXTRACT pass (extracting FSM from design).

14.8.3. Executing FSM_OPT pass (simple optimizations of FSMs).

14.8.4. Executing OPT_CLEAN pass (remove unused cells and wires).
Finding unused cells or wires in module \mkQuire..

14.8.5. Executing FSM_OPT pass (simple optimizations of FSMs).

14.8.6. Executing FSM_RECODE pass (re-assigning FSM state encoding).

14.8.7. Executing FSM_INFO pass (dumping all available information on FSM cells).

14.8.8. Executing FSM_MAP pass (mapping FSMs to basic logic).

14.9. Executing OPT pass (performing simple optimizations).

14.9.1. Executing OPT_EXPR pass (perform const folding).
Optimizing module mkQuire.

14.9.2. Executing OPT_MERGE pass (detect identical cells).
Finding identical cells in module `\mkQuire'.
Removed a total of 0 cells.

14.9.3. Executing OPT_MUXTREE pass (detect dead branches in mux trees).
Running muxtree optimizer on module \mkQuire..
  Creating internal representation of mux trees.
  Evaluating internal representation of mux trees.
  Analyzing evaluation results.
Removed 0 multiplexer ports.
<suppressed ~104 debug messages>

14.9.4. Executing OPT_REDUCE pass (consolidate $*mux and $reduce_* inputs).
  Optimizing cells in module \mkQuire.
Performed a total of 0 changes.

14.9.5. Executing OPT_MERGE pass (detect identical cells).
Finding identical cells in module `\mkQuire'.
Removed a total of 0 cells.

14.9.6. Executing OPT_DFF pass (perform DFF optimizations).
Adding SRST signal on $procdff$1080 ($dff) from module mkQuire (D = $procmux$805_Y, Q = \zero_counter_rg_seg_counter_busy, rval = 1'0).
Adding EN signal on $auto$ff.cc:266:slice$1151 ($sdff) from module mkQuire (D = \MUX_rg_read_busy$write_1__SEL_1, Q = \zero_counter_rg_seg_counter_busy).
Adding EN signal on $procdff$1079 ($dff) from module mkQuire (D = \IF_INV_vrg_quire_seg_zero_3_83_00_THEN_0_ELSE__ETC___d307 [1:0], Q = \zero_counter_rg_numZeroSegs).
Adding EN signal on $procdff$1078 ($dff) from module mkQuire (D = \zero_counter_rg_firstNonZeroSeg$D_IN, Q = \zero_counter_rg_firstNonZeroSeg).
Adding SRST signal on $procdff$1077 ($dff) from module mkQuire (D = $procmux$814_Y, Q = \vrg_quire_seg_zero_3, rval = 1'1).
Adding EN signal on $auto$ff.cc:266:slice$1155 ($sdff) from module mkQuire (D = \vrg_quire_seg_zero_3$D_IN, Q = \vrg_quire_seg_zero_3).
Adding SRST signal on $procdff$1076 ($dff) from module mkQuire (D = $procmux$819_Y, Q = \vrg_quire_seg_zero_2, rval = 1'1).
Adding EN signal on $auto$ff.cc:266:slice$1157 ($sdff) from module mkQuire (D = \vrg_quire_seg_zero_2$D_IN, Q = \vrg_quire_seg_zero_2).
Adding SRST signal on $procdff$1075 ($dff) from module mkQuire (D = $procmux$824_Y, Q = \vrg_quire_seg_zero_1, rval = 1'1).
Adding EN signal on $auto$ff.cc:266:slice$1159 ($sdff) from module mkQuire (D = \vrg_quire_seg_zero_1$D_IN, Q = \vrg_quire_seg_zero_1).
Adding SRST signal on $procdff$1074 ($dff) from module mkQuire (D = $procmux$829_Y, Q = \vrg_quire_seg_zero_0, rval = 1'1).
Adding EN signal on $auto$ff.cc:266:slice$1161 ($sdff) from module mkQuire (D = \vrg_quire_seg_zero_0$D_IN, Q = \vrg_quire_seg_zero_0).
Adding SRST signal on $procdff$1073 ($dff) from module mkQuire (D = $procmux$834_Y, Q = \vrg_quire_3, rval = 0).
Adding EN signal on $auto$ff.cc:266:slice$1163 ($sdff) from module mkQuire (D = \vrg_quire_3$D_IN, Q = \vrg_quire_3).
Adding SRST signal on $procdff$1072 ($dff) from module mkQuire (D = $procmux$839_Y, Q = \vrg_quire_2, rval = 0).
Adding EN signal on $auto$ff.cc:266:slice$1165 ($sdff) from module mkQuire (D = \vrg_quire_2$D_IN, Q = \vrg_quire_2).
Adding SRST signal on $procdff$1071 ($dff) from module mkQuire (D = $procmux$844_Y, Q = \vrg_quire_1, rval = 0).
Adding EN signal on $auto$ff.cc:266:slice$1167 ($sdff) from module mkQuire (D = \vrg_quire_1$D_IN, Q = \vrg_quire_1).
Adding SRST signal on $procdff$1070 ($dff) from module mkQuire (D = $procmux$849_Y, Q = \vrg_quire_0, rval = 0).
Adding EN signal on $auto$ff.cc:266:slice$1169 ($sdff) from module mkQuire (D = \vrg_quire_0$D_IN, Q = \vrg_quire_0).
Adding SRST signal on $procdff$1069 ($dff) from module mkQuire (D = $procmux$854_Y, Q = \seg_adder_rg_inFlight, rval = 2'00).
Adding EN signal on $auto$ff.cc:266:slice$1171 ($sdff) from module mkQuire (D = \seg_adder_rg_inFlight$D_IN, Q = \seg_adder_rg_inFlight).
Adding SRST signal on $procdff$1068 ($dff) from module mkQuire (D = $procmux$859_Y, Q = \rg_seg_zero_upd, rval = 1'1).
Adding EN signal on $auto$ff.cc:266:slice$1173 ($sdff) from module mkQuire (D = \rg_seg_zero_upd$D_IN, Q = \rg_seg_zero_upd).
Adding SRST signal on $procdff$1067 ($dff) from module mkQuire (D = $procmux$864_Y, Q = \rg_read_busy, rval = 1'0).
Adding EN signal on $auto$ff.cc:266:slice$1175 ($sdff) from module mkQuire (D = \MUX_rg_read_busy$write_1__SEL_1, Q = \rg_read_busy).
Adding SRST signal on $flatten\seg_adder_vff_in_3.$procdff$1098 ($dff) from module mkQuire (D = $flatten\seg_adder_vff_in_3.$procmux$998_Y, Q = \seg_adder_vff_in_3.hasodata, rval = 1'0).
Adding EN signal on $auto$ff.cc:266:slice$1177 ($sdff) from module mkQuire (D = $flatten\seg_adder_vff_in_3.$procmux$998_Y, Q = \seg_adder_vff_in_3.hasodata).
Adding SRST signal on $flatten\seg_adder_vff_in_3.$procdff$1097 ($dff) from module mkQuire (D = $flatten\seg_adder_vff_in_3.$procmux$1007_Y, Q = \seg_adder_vff_in_3.tail, rval = 2'00).
Adding EN signal on $auto$ff.cc:266:slice$1181 ($sdff) from module mkQuire (D = $flatten\seg_adder_vff_in_3.$procmux$1007_Y, Q = \seg_adder_vff_in_3.tail).
Adding SRST signal on $flatten\seg_adder_vff_in_3.$procdff$1096 ($dff) from module mkQuire (D = $flatten\seg_adder_vff_in_3.$procmux$1016_Y, Q = \seg_adder_vff_in_3.head, rval = 2'00).
Adding EN signal on $auto$ff.cc:266:slice$1189 ($sdff) from module mkQuire (D = \seg_adder_vff_in_3.next_head, Q = \seg_adder_vff_in_3.head).
Adding SRST signal on $flatten\seg_adder_vff_in_3.$procdff$1095 ($dff) from module mkQuire (D = $flatten\seg_adder_vff_in_3.$procmux$1025_Y, Q = \seg_adder_vff_in_3.ring_empty, rval = 1'1).
Adding EN signal on $auto$ff.cc:266:slice$1191 ($sdff) from module mkQuire (D = $flatten\seg_adder_vff_in_3.$procmux$1025_Y, Q = \seg_adder_vff_in_3.ring_empty).
Adding SRST signal on $flatten\seg_adder_vff_in_3.$procdff$1094 ($dff) from module mkQuire (D = $flatten\seg_adder_vff_in_3.$procmux$1034_Y, Q = \seg_adder_vff_in_3.not_ring_full, rval = 1'1).
Adding EN signal on $auto$ff.cc:266:slice$1199 ($sdff) from module mkQuire (D = $flatten\seg_adder_vff_in_3.$procmux$1034_Y, Q = \seg_adder_vff_in_3.not_ring_full).
Adding EN signal on $flatten\seg_adder_vff_in_3.$procdff$1093 ($dff) from module mkQuire (D = $flatten\seg_adder_vff_in_3.$0\D_OUT[31:0], Q = \seg_adder_vff_in_3.D_OUT).
Adding SRST signal on $flatten\seg_adder_vff_in_2.$procdff$1098 ($dff) from module mkQuire (D = $flatten\seg_adder_vff_in_2.$procmux$998_Y, Q = \seg_adder_vff_in_2.hasodata, rval = 1'0).
Adding EN signal on $auto$ff.cc:266:slice$1206 ($sdff) from module mkQuire (D = $flatten\seg_adder_vff_in_2.$procmux$998_Y, Q = \seg_adder_vff_in_2.hasodata).
Adding SRST signal on $flatten\seg_adder_vff_in_2.$procdff$1097 ($dff) from module mkQuire (D = $flatten\seg_adder_vff_in_2.$procmux$1007_Y, Q = \seg_adder_vff_in_2.tail, rval = 2'00).
Adding EN signal on $auto$ff.cc:266:slice$1210 ($sdff) from module mkQuire (D = $flatten\seg_adder_vff_in_2.$procmux$1007_Y, Q = \seg_adder_vff_in_2.tail).
Adding SRST signal on $flatten\seg_adder_vff_in_2.$procdff$1096 ($dff) from module mkQuire (D = $flatten\seg_adder_vff_in_2.$procmux$1016_Y, Q = \seg_adder_vff_in_2.head, rval = 2'00).
Adding EN signal on $auto$ff.cc:266:slice$1218 ($sdff) from module mkQuire (D = \seg_adder_vff_in_2.next_head, Q = \seg_adder_vff_in_2.head).
Adding SRST signal on $flatten\seg_adder_vff_in_2.$procdff$1095 ($dff) from module mkQuire (D = $flatten\seg_adder_vff_in_2.$procmux$1025_Y, Q = \seg_adder_vff_in_2.ring_empty, rval = 1'1).
Adding EN signal on $auto$ff.cc:266:slice$1220 ($sdff) from module mkQuire (D = $flatten\seg_adder_vff_in_2.$procmux$1025_Y, Q = \seg_adder_vff_in_2.ring_empty).
Adding SRST signal on $flatten\seg_adder_vff_in_2.$procdff$1094 ($dff) from module mkQuire (D = $flatten\seg_adder_vff_in_2.$procmux$1034_Y, Q = \seg_adder_vff_in_2.not_ring_full, rval = 1'1).
Adding EN signal on $auto$ff.cc:266:slice$1228 ($sdff) from module mkQuire (D = $flatten\seg_adder_vff_in_2.$procmux$1034_Y, Q = \seg_adder_vff_in_2.not_ring_full).
Adding EN signal on $flatten\seg_adder_vff_in_2.$procdff$1093 ($dff) from module mkQuire (D = $flatten\seg_adder_vff_in_2.$0\D_OUT[31:0], Q = \seg_adder_vff_in_2.D_OUT).
Adding SRST signal on $flatten\seg_adder_vff_in_1.$procdff$1098 ($dff) from module mkQuire (D = $flatten\seg_adder_vff_in_1.$procmux$998_Y, Q = \seg_adder_vff_in_1.hasodata, rval = 1'0).
Adding EN signal on $auto$ff.cc:266:slice$1235 ($sdff) from module mkQuire (D = $flatten\seg_adder_vff_in_1.$procmux$998_Y, Q = \seg_adder_vff_in_1.hasodata).
Adding SRST signal on $flatten\seg_adder_vff_in_1.$procdff$1097 ($dff) from module mkQuire (D = $flatten\seg_adder_vff_in_1.$procmux$1007_Y, Q = \seg_adder_vff_in_1.tail, rval = 2'00).
Adding EN signal on $auto$ff.cc:266:slice$1239 ($sdff) from module mkQuire (D = $flatten\seg_adder_vff_in_1.$procmux$1007_Y, Q = \seg_adder_vff_in_1.tail).
Adding SRST signal on $flatten\seg_adder_vff_in_1.$procdff$1096 ($dff) from module mkQuire (D = $flatten\seg_adder_vff_in_1.$procmux$1016_Y, Q = \seg_adder_vff_in_1.head, rval = 2'00).
Adding EN signal on $auto$ff.cc:266:slice$1247 ($sdff) from module mkQuire (D = \seg_adder_vff_in_1.next_head, Q = \seg_adder_vff_in_1.head).
Adding SRST signal on $flatten\seg_adder_vff_in_1.$procdff$1095 ($dff) from module mkQuire (D = $flatten\seg_adder_vff_in_1.$procmux$1025_Y, Q = \seg_adder_vff_in_1.ring_empty, rval = 1'1).
Adding EN signal on $auto$ff.cc:266:slice$1249 ($sdff) from module mkQuire (D = $flatten\seg_adder_vff_in_1.$procmux$1025_Y, Q = \seg_adder_vff_in_1.ring_empty).
Adding SRST signal on $flatten\seg_adder_vff_in_1.$procdff$1094 ($dff) from module mkQuire (D = $flatten\seg_adder_vff_in_1.$procmux$1034_Y, Q = \seg_adder_vff_in_1.not_ring_full, rval = 1'1).
Adding EN signal on $auto$ff.cc:266:slice$1257 ($sdff) from module mkQuire (D = $flatten\seg_adder_vff_in_1.$procmux$1034_Y, Q = \seg_adder_vff_in_1.not_ring_full).
Adding EN signal on $flatten\seg_adder_vff_in_1.$procdff$1093 ($dff) from module mkQuire (D = $flatten\seg_adder_vff_in_1.$0\D_OUT[31:0], Q = \seg_adder_vff_in_1.D_OUT).
Adding SRST signal on $flatten\seg_adder_vff_in_0.$procdff$1098 ($dff) from module mkQuire (D = $flatten\seg_adder_vff_in_0.$procmux$998_Y, Q = \seg_adder_vff_in_0.hasodata, rval = 1'0).
Adding EN signal on $auto$ff.cc:266:slice$1264 ($sdff) from module mkQuire (D = $flatten\seg_adder_vff_in_0.$procmux$998_Y, Q = \seg_adder_vff_in_0.hasodata).
Adding SRST signal on $flatten\seg_adder_vff_in_0.$procdff$1097 ($dff) from module mkQuire (D = $flatten\seg_adder_vff_in_0.$procmux$1007_Y, Q = \seg_adder_vff_in_0.tail, rval = 2'00).
Adding EN signal on $auto$ff.cc:266:slice$1268 ($sdff) from module mkQuire (D = $flatten\seg_adder_vff_in_0.$procmux$1007_Y, Q = \seg_adder_vff_in_0.tail).
Adding SRST signal on $flatten\seg_adder_vff_in_0.$procdff$1096 ($dff) from module mkQuire (D = $flatten\seg_adder_vff_in_0.$procmux$1016_Y, Q = \seg_adder_vff_in_0.head, rval = 2'00).
Adding EN signal on $auto$ff.cc:266:slice$1276 ($sdff) from module mkQuire (D = \seg_adder_vff_in_0.next_head, Q = \seg_adder_vff_in_0.head).
Adding SRST signal on $flatten\seg_adder_vff_in_0.$procdff$1095 ($dff) from module mkQuire (D = $flatten\seg_adder_vff_in_0.$procmux$1025_Y, Q = \seg_adder_vff_in_0.ring_empty, rval = 1'1).
Adding EN signal on $auto$ff.cc:266:slice$1278 ($sdff) from module mkQuire (D = $flatten\seg_adder_vff_in_0.$procmux$1025_Y, Q = \seg_adder_vff_in_0.ring_empty).
Adding SRST signal on $flatten\seg_adder_vff_in_0.$procdff$1094 ($dff) from module mkQuire (D = $flatten\seg_adder_vff_in_0.$procmux$1034_Y, Q = \seg_adder_vff_in_0.not_ring_full, rval = 1'1).
Adding EN signal on $auto$ff.cc:266:slice$1286 ($sdff) from module mkQuire (D = $flatten\seg_adder_vff_in_0.$procmux$1034_Y, Q = \seg_adder_vff_in_0.not_ring_full).
Adding EN signal on $flatten\seg_adder_vff_in_0.$procdff$1093 ($dff) from module mkQuire (D = $flatten\seg_adder_vff_in_0.$0\D_OUT[31:0], Q = \seg_adder_vff_in_0.D_OUT).
Adding SRST signal on $flatten\seg_adder_vff_carry_2.$procdff$1089 ($dff) from module mkQuire (D = $flatten\seg_adder_vff_carry_2.$procmux$940_Y, Q = \seg_adder_vff_carry_2.hasodata, rval = 1'0).
Adding EN signal on $auto$ff.cc:266:slice$1293 ($sdff) from module mkQuire (D = $flatten\seg_adder_vff_carry_2.$procmux$940_Y, Q = \seg_adder_vff_carry_2.hasodata).
Adding SRST signal on $flatten\seg_adder_vff_carry_2.$procdff$1088 ($dff) from module mkQuire (D = $flatten\seg_adder_vff_carry_2.$procmux$949_Y, Q = \seg_adder_vff_carry_2.tail, rval = 2'00).
Adding EN signal on $auto$ff.cc:266:slice$1297 ($sdff) from module mkQuire (D = $flatten\seg_adder_vff_carry_2.$procmux$949_Y, Q = \seg_adder_vff_carry_2.tail).
Adding SRST signal on $flatten\seg_adder_vff_carry_2.$procdff$1087 ($dff) from module mkQuire (D = $flatten\seg_adder_vff_carry_2.$procmux$958_Y, Q = \seg_adder_vff_carry_2.head, rval = 2'00).
Adding EN signal on $auto$ff.cc:266:slice$1305 ($sdff) from module mkQuire (D = \seg_adder_vff_carry_2.next_head, Q = \seg_adder_vff_carry_2.head).
Adding SRST signal on $flatten\seg_adder_vff_carry_2.$procdff$1086 ($dff) from module mkQuire (D = $flatten\seg_adder_vff_carry_2.$procmux$967_Y, Q = \seg_adder_vff_carry_2.ring_empty, rval = 1'1).
Adding EN signal on $auto$ff.cc:266:slice$1307 ($sdff) from module mkQuire (D = $flatten\seg_adder_vff_carry_2.$procmux$967_Y, Q = \seg_adder_vff_carry_2.ring_empty).
Adding SRST signal on $flatten\seg_adder_vff_carry_2.$procdff$1085 ($dff) from module mkQuire (D = $flatten\seg_adder_vff_carry_2.$procmux$976_Y, Q = \seg_adder_vff_carry_2.not_ring_full, rval = 1'1).
Adding EN signal on $auto$ff.cc:266:slice$1315 ($sdff) from module mkQuire (D = $flatten\seg_adder_vff_carry_2.$procmux$976_Y, Q = \seg_adder_vff_carry_2.not_ring_full).
Adding EN signal on $flatten\seg_adder_vff_carry_2.$procdff$1084 ($dff) from module mkQuire (D = $flatten\seg_adder_vff_carry_2.$0\D_OUT[0:0], Q = \seg_adder_vff_carry_2.D_OUT).
Adding SRST signal on $flatten\seg_adder_vff_carry_1.$procdff$1089 ($dff) from module mkQuire (D = $flatten\seg_adder_vff_carry_1.$procmux$940_Y, Q = \seg_adder_vff_carry_1.hasodata, rval = 1'0).
Adding EN signal on $auto$ff.cc:266:slice$1322 ($sdff) from module mkQuire (D = $flatten\seg_adder_vff_carry_1.$procmux$940_Y, Q = \seg_adder_vff_carry_1.hasodata).
Adding SRST signal on $flatten\seg_adder_vff_carry_1.$procdff$1088 ($dff) from module mkQuire (D = $flatten\seg_adder_vff_carry_1.$procmux$949_Y, Q = \seg_adder_vff_carry_1.tail, rval = 2'00).
Adding EN signal on $auto$ff.cc:266:slice$1326 ($sdff) from module mkQuire (D = $flatten\seg_adder_vff_carry_1.$procmux$949_Y, Q = \seg_adder_vff_carry_1.tail).
Adding SRST signal on $flatten\seg_adder_vff_carry_1.$procdff$1087 ($dff) from module mkQuire (D = $flatten\seg_adder_vff_carry_1.$procmux$958_Y, Q = \seg_adder_vff_carry_1.head, rval = 2'00).
Adding EN signal on $auto$ff.cc:266:slice$1334 ($sdff) from module mkQuire (D = \seg_adder_vff_carry_1.next_head, Q = \seg_adder_vff_carry_1.head).
Adding SRST signal on $flatten\seg_adder_vff_carry_1.$procdff$1086 ($dff) from module mkQuire (D = $flatten\seg_adder_vff_carry_1.$procmux$967_Y, Q = \seg_adder_vff_carry_1.ring_empty, rval = 1'1).
Adding EN signal on $auto$ff.cc:266:slice$1336 ($sdff) from module mkQuire (D = $flatten\seg_adder_vff_carry_1.$procmux$967_Y, Q = \seg_adder_vff_carry_1.ring_empty).
Adding SRST signal on $flatten\seg_adder_vff_carry_1.$procdff$1085 ($dff) from module mkQuire (D = $flatten\seg_adder_vff_carry_1.$procmux$976_Y, Q = \seg_adder_vff_carry_1.not_ring_full, rval = 1'1).
Adding EN signal on $auto$ff.cc:266:slice$1344 ($sdff) from module mkQuire (D = $flatten\seg_adder_vff_carry_1.$procmux$976_Y, Q = \seg_adder_vff_carry_1.not_ring_full).
Adding EN signal on $flatten\seg_adder_vff_carry_1.$procdff$1084 ($dff) from module mkQuire (D = $flatten\seg_adder_vff_carry_1.$0\D_OUT[0:0], Q = \seg_adder_vff_carry_1.D_OUT).
Adding SRST signal on $flatten\seg_adder_vff_carry_0.$procdff$1089 ($dff) from module mkQuire (D = $flatten\seg_adder_vff_carry_0.$procmux$940_Y, Q = \seg_adder_vff_carry_0.hasodata, rval = 1'0).
Adding EN signal on $auto$ff.cc:266:slice$1351 ($sdff) from module mkQuire (D = $flatten\seg_adder_vff_carry_0.$procmux$940_Y, Q = \seg_adder_vff_carry_0.hasodata).
Adding SRST signal on $flatten\seg_adder_vff_carry_0.$procdff$1088 ($dff) from module mkQuire (D = $flatten\seg_adder_vff_carry_0.$procmux$949_Y, Q = \seg_adder_vff_carry_0.tail, rval = 2'00).
Adding EN signal on $auto$ff.cc:266:slice$1355 ($sdff) from module mkQuire (D = $flatten\seg_adder_vff_carry_0.$procmux$949_Y, Q = \seg_adder_vff_carry_0.tail).
Adding SRST signal on $flatten\seg_adder_vff_carry_0.$procdff$1087 ($dff) from module mkQuire (D = $flatten\seg_adder_vff_carry_0.$procmux$958_Y, Q = \seg_adder_vff_carry_0.head, rval = 2'00).
Adding EN signal on $auto$ff.cc:266:slice$1363 ($sdff) from module mkQuire (D = \seg_adder_vff_carry_0.next_head, Q = \seg_adder_vff_carry_0.head).
Adding SRST signal on $flatten\seg_adder_vff_carry_0.$procdff$1086 ($dff) from module mkQuire (D = $flatten\seg_adder_vff_carry_0.$procmux$967_Y, Q = \seg_adder_vff_carry_0.ring_empty, rval = 1'1).
Adding EN signal on $auto$ff.cc:266:slice$1365 ($sdff) from module mkQuire (D = $flatten\seg_adder_vff_carry_0.$procmux$967_Y, Q = \seg_adder_vff_carry_0.ring_empty).
Adding SRST signal on $flatten\seg_adder_vff_carry_0.$procdff$1085 ($dff) from module mkQuire (D = $flatten\seg_adder_vff_carry_0.$procmux$976_Y, Q = \seg_adder_vff_carry_0.not_ring_full, rval = 1'1).
Adding EN signal on $auto$ff.cc:266:slice$1373 ($sdff) from module mkQuire (D = $flatten\seg_adder_vff_carry_0.$procmux$976_Y, Q = \seg_adder_vff_carry_0.not_ring_full).
Adding EN signal on $flatten\seg_adder_vff_carry_0.$procdff$1084 ($dff) from module mkQuire (D = $flatten\seg_adder_vff_carry_0.$0\D_OUT[0:0], Q = \seg_adder_vff_carry_0.D_OUT).
Adding SRST signal on $flatten\posit_rsp_f.$procdff$1102 ($dff) from module mkQuire (D = $flatten\posit_rsp_f.$procmux$1059_Y, Q = \posit_rsp_f.empty_reg, rval = 1'0).
Adding EN signal on $auto$ff.cc:266:slice$1380 ($sdff) from module mkQuire (D = $flatten\posit_rsp_f.$procmux$1059_Y, Q = \posit_rsp_f.empty_reg).
Adding EN signal on $flatten\posit_rsp_f.$procdff$1101 ($dff) from module mkQuire (D = \posit_rsp_f.D_IN, Q = \posit_rsp_f.D_OUT).
Adding SRST signal on $auto$ff.cc:266:slice$1384 ($dffe) from module mkQuire (D = { \vrg_quire_3 [31] \MUX_posit_rsp_f$enq_1__VAL_2 [39] \IF_SEXT_IF_ff_num_msb_zeros_first__57_PLUS_1_5_ETC___d176 [9:7] \IF_SEXT_IF_ff_num_msb_zeros_first__57_PLUS_1_5_ETC___d176 [3] \prenorm_posit_frac__h10787 \x__h13658 \x__h14582 }, Q = { \posit_rsp_f.D_OUT [42] \posit_rsp_f.D_OUT [39:36] \posit_rsp_f.D_OUT [32] \posit_rsp_f.D_OUT [28:0] }, rval = 35'00000000000000000000000000000000001).
Adding SRST signal on $auto$ff.cc:266:slice$1384 ($dffe) from module mkQuire (D = $ternary$/teamspace/studios/this_studio/Melodica-Integration-into-Fife-Core/Learn_Bluespec_and_RISCV_Design/Code/Build/Fife/verilog/mkQuire.v:949$333_Y [6:4], Q = \posit_rsp_f.D_OUT [35:33], rval = 3'000).
Adding SRST signal on $auto$ff.cc:266:slice$1384 ($dffe) from module mkQuire (D = \IF_ff_num_msb_zeros_first__57_PLUS_1_58_BIT_7__ETC___d163 [2:0], Q = \posit_rsp_f.D_OUT [31:29], rval = 3'000).
Adding SRST signal on $flatten\ff_num_msb_zeros.$procdff$1100 ($dff) from module mkQuire (D = $flatten\ff_num_msb_zeros.$procmux$1046_Y, Q = \ff_num_msb_zeros.empty_reg, rval = 1'0).
Adding EN signal on $auto$ff.cc:266:slice$1395 ($sdff) from module mkQuire (D = $flatten\ff_num_msb_zeros.$procmux$1046_Y, Q = \ff_num_msb_zeros.empty_reg).
Adding EN signal on $flatten\ff_num_msb_zeros.$procdff$1099 ($dff) from module mkQuire (D = \ff_num_msb_zeros.D_IN, Q = \ff_num_msb_zeros.D_OUT).

14.9.7. Executing OPT_CLEAN pass (remove unused cells and wires).
Finding unused cells or wires in module \mkQuire..
Removed 72 unused cells and 72 unused wires.
<suppressed ~73 debug messages>

14.9.8. Executing OPT_EXPR pass (perform const folding).
Optimizing module mkQuire.
<suppressed ~37 debug messages>

14.9.9. Rerunning OPT passes. (Maybe there is more to do..)

14.9.10. Executing OPT_MUXTREE pass (detect dead branches in mux trees).
Running muxtree optimizer on module \mkQuire..
  Creating internal representation of mux trees.
  Evaluating internal representation of mux trees.
  Analyzing evaluation results.
Removed 0 multiplexer ports.
<suppressed ~95 debug messages>

14.9.11. Executing OPT_REDUCE pass (consolidate $*mux and $reduce_* inputs).
  Optimizing cells in module \mkQuire.
Performed a total of 0 changes.

14.9.12. Executing OPT_MERGE pass (detect identical cells).
Finding identical cells in module `\mkQuire'.
<suppressed ~42 debug messages>
Removed a total of 14 cells.

14.9.13. Executing OPT_DFF pass (perform DFF optimizations).

14.9.14. Executing OPT_CLEAN pass (remove unused cells and wires).
Finding unused cells or wires in module \mkQuire..
Removed 0 unused cells and 14 unused wires.
<suppressed ~1 debug messages>

14.9.15. Executing OPT_EXPR pass (perform const folding).
Optimizing module mkQuire.

14.9.16. Rerunning OPT passes. (Maybe there is more to do..)

14.9.17. Executing OPT_MUXTREE pass (detect dead branches in mux trees).
Running muxtree optimizer on module \mkQuire..
  Creating internal representation of mux trees.
  Evaluating internal representation of mux trees.
  Analyzing evaluation results.
Removed 0 multiplexer ports.
<suppressed ~95 debug messages>

14.9.18. Executing OPT_REDUCE pass (consolidate $*mux and $reduce_* inputs).
  Optimizing cells in module \mkQuire.
Performed a total of 0 changes.

14.9.19. Executing OPT_MERGE pass (detect identical cells).
Finding identical cells in module `\mkQuire'.
Removed a total of 0 cells.

14.9.20. Executing OPT_DFF pass (perform DFF optimizations).

14.9.21. Executing OPT_CLEAN pass (remove unused cells and wires).
Finding unused cells or wires in module \mkQuire..

14.9.22. Executing OPT_EXPR pass (perform const folding).
Optimizing module mkQuire.

14.9.23. Finished OPT passes. (There is nothing left to do.)

14.10. Executing WREDUCE pass (reducing word size of cells).
Removed top 1 bits (of 2) from port B of cell mkQuire.$add$/teamspace/studios/this_studio/Melodica-Integration-into-Fife-Core/Learn_Bluespec_and_RISCV_Design/Code/Build/Fife/verilog/mkQuire.v:570$180 ($add).
Removed top 1 bits (of 2) from port B of cell mkQuire.$sub$/teamspace/studios/this_studio/Melodica-Integration-into-Fife-Core/Learn_Bluespec_and_RISCV_Design/Code/Build/Fife/verilog/mkQuire.v:572$181 ($sub).
Removed top 1 bits (of 2) from port B of cell mkQuire.$auto$opt_dff.cc:195:make_patterns_logic$1360 ($ne).
Removed top 1 bits (of 2) from port B of cell mkQuire.$auto$opt_dff.cc:195:make_patterns_logic$1215 ($ne).
Removed top 1 bits (of 2) from port B of cell mkQuire.$auto$opt_dff.cc:195:make_patterns_logic$1186 ($ne).
Removed top 7 bits (of 8) from port B of cell mkQuire.$sub$/teamspace/studios/this_studio/Melodica-Integration-into-Fife-Core/Learn_Bluespec_and_RISCV_Design/Code/Build/Fife/verilog/mkQuire.v:837$309 ($sub).
Removed top 1 bits (of 43) from mux cell mkQuire.$ternary$/teamspace/studios/this_studio/Melodica-Integration-into-Fife-Core/Learn_Bluespec_and_RISCV_Design/Code/Build/Fife/verilog/mkQuire.v:845$310 ($mux).
Removed top 1 bits (of 3) from mux cell mkQuire.$ternary$/teamspace/studios/this_studio/Melodica-Integration-into-Fife-Core/Learn_Bluespec_and_RISCV_Design/Code/Build/Fife/verilog/mkQuire.v:943$332 ($mux).
Removed top 119 bits (of 127) from port B of cell mkQuire.$shl$/teamspace/studios/this_studio/Melodica-Integration-into-Fife-Core/Learn_Bluespec_and_RISCV_Design/Code/Build/Fife/verilog/mkQuire.v:964$339 ($shl).
Removed top 1 bits (of 127) from port Y of cell mkQuire.$shl$/teamspace/studios/this_studio/Melodica-Integration-into-Fife-Core/Learn_Bluespec_and_RISCV_Design/Code/Build/Fife/verilog/mkQuire.v:964$339 ($shl).
Removed top 1 bits (of 100) from port B of cell mkQuire.$lt$/teamspace/studios/this_studio/Melodica-Integration-into-Fife-Core/Learn_Bluespec_and_RISCV_Design/Code/Build/Fife/verilog/mkQuire.v:985$348 ($lt).
Removed top 1 bits (of 8) from port A of cell mkQuire.$sub$/teamspace/studios/this_studio/Melodica-Integration-into-Fife-Core/Learn_Bluespec_and_RISCV_Design/Code/Build/Fife/verilog/mkQuire.v:993$351 ($sub).
Removed top 1 bits (of 33) from port A of cell mkQuire.$add$/teamspace/studios/this_studio/Melodica-Integration-into-Fife-Core/Learn_Bluespec_and_RISCV_Design/Code/Build/Fife/verilog/mkQuire.v:1000$353 ($add).
Removed top 1 bits (of 33) from port B of cell mkQuire.$add$/teamspace/studios/this_studio/Melodica-Integration-into-Fife-Core/Learn_Bluespec_and_RISCV_Design/Code/Build/Fife/verilog/mkQuire.v:1000$353 ($add).
Removed top 32 bits (of 33) from port B of cell mkQuire.$add$/teamspace/studios/this_studio/Melodica-Integration-into-Fife-Core/Learn_Bluespec_and_RISCV_Design/Code/Build/Fife/verilog/mkQuire.v:1002$354 ($add).
Removed top 32 bits (of 33) from port B of cell mkQuire.$add$/teamspace/studios/this_studio/Melodica-Integration-into-Fife-Core/Learn_Bluespec_and_RISCV_Design/Code/Build/Fife/verilog/mkQuire.v:1004$355 ($add).
Removed top 32 bits (of 33) from port B of cell mkQuire.$add$/teamspace/studios/this_studio/Melodica-Integration-into-Fife-Core/Learn_Bluespec_and_RISCV_Design/Code/Build/Fife/verilog/mkQuire.v:1006$356 ($add).
Removed top 1 bits (of 33) from port Y of cell mkQuire.$add$/teamspace/studios/this_studio/Melodica-Integration-into-Fife-Core/Learn_Bluespec_and_RISCV_Design/Code/Build/Fife/verilog/mkQuire.v:1006$356 ($add).
Removed top 1 bits (of 33) from port A of cell mkQuire.$add$/teamspace/studios/this_studio/Melodica-Integration-into-Fife-Core/Learn_Bluespec_and_RISCV_Design/Code/Build/Fife/verilog/mkQuire.v:1006$356 ($add).
Removed top 7 bits (of 8) from port B of cell mkQuire.$add$/teamspace/studios/this_studio/Melodica-Integration-into-Fife-Core/Learn_Bluespec_and_RISCV_Design/Code/Build/Fife/verilog/mkQuire.v:1013$358 ($add).
Removed top 1 bits (of 8) from port A of cell mkQuire.$add$/teamspace/studios/this_studio/Melodica-Integration-into-Fife-Core/Learn_Bluespec_and_RISCV_Design/Code/Build/Fife/verilog/mkQuire.v:1019$359 ($add).
Removed top 2 bits (of 8) from port B of cell mkQuire.$add$/teamspace/studios/this_studio/Melodica-Integration-into-Fife-Core/Learn_Bluespec_and_RISCV_Design/Code/Build/Fife/verilog/mkQuire.v:1019$359 ($add).
Removed top 47 bits (of 96) from port A of cell mkQuire.$shl$/teamspace/studios/this_studio/Melodica-Integration-into-Fife-Core/Learn_Bluespec_and_RISCV_Design/Code/Build/Fife/verilog/mkQuire.v:1033$363 ($shl).
Removed top 86 bits (of 96) from port B of cell mkQuire.$shl$/teamspace/studios/this_studio/Melodica-Integration-into-Fife-Core/Learn_Bluespec_and_RISCV_Design/Code/Build/Fife/verilog/mkQuire.v:1033$363 ($shl).
Removed top 47 bits (of 96) from port A of cell mkQuire.$shr$/teamspace/studios/this_studio/Melodica-Integration-into-Fife-Core/Learn_Bluespec_and_RISCV_Design/Code/Build/Fife/verilog/mkQuire.v:1036$365 ($shr).
Removed top 86 bits (of 96) from port B of cell mkQuire.$shr$/teamspace/studios/this_studio/Melodica-Integration-into-Fife-Core/Learn_Bluespec_and_RISCV_Design/Code/Build/Fife/verilog/mkQuire.v:1036$365 ($shr).
Removed top 1 bits (of 33) from port A of cell mkQuire.$add$/teamspace/studios/this_studio/Melodica-Integration-into-Fife-Core/Learn_Bluespec_and_RISCV_Design/Code/Build/Fife/verilog/mkQuire.v:1072$380 ($add).
Removed top 1 bits (of 33) from port B of cell mkQuire.$add$/teamspace/studios/this_studio/Melodica-Integration-into-Fife-Core/Learn_Bluespec_and_RISCV_Design/Code/Build/Fife/verilog/mkQuire.v:1072$380 ($add).
Removed top 1 bits (of 33) from port A of cell mkQuire.$add$/teamspace/studios/this_studio/Melodica-Integration-into-Fife-Core/Learn_Bluespec_and_RISCV_Design/Code/Build/Fife/verilog/mkQuire.v:1073$381 ($add).
Removed top 1 bits (of 33) from port B of cell mkQuire.$add$/teamspace/studios/this_studio/Melodica-Integration-into-Fife-Core/Learn_Bluespec_and_RISCV_Design/Code/Build/Fife/verilog/mkQuire.v:1073$381 ($add).
Removed top 1 bits (of 33) from port A of cell mkQuire.$add$/teamspace/studios/this_studio/Melodica-Integration-into-Fife-Core/Learn_Bluespec_and_RISCV_Design/Code/Build/Fife/verilog/mkQuire.v:1074$382 ($add).
Removed top 1 bits (of 33) from port B of cell mkQuire.$add$/teamspace/studios/this_studio/Melodica-Integration-into-Fife-Core/Learn_Bluespec_and_RISCV_Design/Code/Build/Fife/verilog/mkQuire.v:1074$382 ($add).
Removed top 1 bits (of 33) from port Y of cell mkQuire.$add$/teamspace/studios/this_studio/Melodica-Integration-into-Fife-Core/Learn_Bluespec_and_RISCV_Design/Code/Build/Fife/verilog/mkQuire.v:1074$382 ($add).
Removed top 1 bits (of 2) from port B of cell mkQuire.$auto$opt_dff.cc:195:make_patterns_logic$1273 ($ne).
Removed top 1 bits (of 3) from port B of cell mkQuire.$flatten\seg_adder_vff_carry_0.$procmux$935_CMP0 ($eq).
Removed top 1 bits (of 3) from port B of cell mkQuire.$flatten\seg_adder_vff_carry_0.$procmux$950_CMP0 ($eq).
Removed top 1 bits (of 3) from port B of cell mkQuire.$flatten\seg_adder_vff_carry_2.$procmux$935_CMP0 ($eq).
Removed top 1 bits (of 3) from port B of cell mkQuire.$flatten\seg_adder_vff_carry_2.$procmux$950_CMP0 ($eq).
Removed top 1 bits (of 3) from port B of cell mkQuire.$flatten\seg_adder_vff_in_0.$procmux$993_CMP0 ($eq).
Removed top 1 bits (of 3) from port B of cell mkQuire.$flatten\seg_adder_vff_in_0.$procmux$1008_CMP0 ($eq).
Removed top 1 bits (of 3) from port B of cell mkQuire.$flatten\seg_adder_vff_carry_1.$procmux$935_CMP0 ($eq).
Removed top 1 bits (of 3) from port B of cell mkQuire.$flatten\seg_adder_vff_carry_1.$procmux$950_CMP0 ($eq).
Removed top 1 bits (of 2) from port B of cell mkQuire.$auto$opt_dff.cc:195:make_patterns_logic$1331 ($ne).
Removed top 1 bits (of 3) from port B of cell mkQuire.$flatten\seg_adder_vff_in_1.$procmux$1008_CMP0 ($eq).
Removed top 1 bits (of 3) from port B of cell mkQuire.$flatten\seg_adder_vff_in_1.$procmux$993_CMP0 ($eq).
Removed top 1 bits (of 3) from port B of cell mkQuire.$flatten\seg_adder_vff_in_2.$procmux$1008_CMP0 ($eq).
Removed top 1 bits (of 3) from port B of cell mkQuire.$flatten\seg_adder_vff_in_2.$procmux$993_CMP0 ($eq).
Removed top 1 bits (of 3) from port B of cell mkQuire.$flatten\seg_adder_vff_in_3.$procmux$1008_CMP0 ($eq).
Removed top 1 bits (of 3) from port B of cell mkQuire.$flatten\seg_adder_vff_in_3.$procmux$993_CMP0 ($eq).
Removed top 3 bits (of 4) from port B of cell mkQuire.$flatten\instance_fn_twosC_quire_1.$add$/teamspace/studios/this_studio/Melodica-Integration-into-Fife-Core/Learn_Bluespec_and_RISCV_Design/Code/Build/Fife/verilog/module_fn_twosC_quire.v:86$105 ($add).
Removed top 1 bits (of 32) from mux cell mkQuire.$flatten\instance_fn_twosC_quire_1.$ternary$/teamspace/studios/this_studio/Melodica-Integration-into-Fife-Core/Learn_Bluespec_and_RISCV_Design/Code/Build/Fife/verilog/module_fn_twosC_quire.v:79$104 ($mux).
Removed top 1 bits (of 32) from mux cell mkQuire.$flatten\instance_fn_twosC_quire_1.$ternary$/teamspace/studios/this_studio/Melodica-Integration-into-Fife-Core/Learn_Bluespec_and_RISCV_Design/Code/Build/Fife/verilog/module_fn_twosC_quire.v:82$103 ($mux).
Removed top 31 bits (of 32) from port B of cell mkQuire.$flatten\instance_fn_twosC_quire_1.$add$/teamspace/studios/this_studio/Melodica-Integration-into-Fife-Core/Learn_Bluespec_and_RISCV_Design/Code/Build/Fife/verilog/module_fn_twosC_quire.v:83$102 ($add).
Removed top 1 bits (of 32) from port Y of cell mkQuire.$flatten\instance_fn_twosC_quire_1.$add$/teamspace/studios/this_studio/Melodica-Integration-into-Fife-Core/Learn_Bluespec_and_RISCV_Design/Code/Build/Fife/verilog/module_fn_twosC_quire.v:83$102 ($add).
Removed top 1 bits (of 32) from port A of cell mkQuire.$flatten\instance_fn_twosC_quire_1.$add$/teamspace/studios/this_studio/Melodica-Integration-into-Fife-Core/Learn_Bluespec_and_RISCV_Design/Code/Build/Fife/verilog/module_fn_twosC_quire.v:83$102 ($add).
Removed top 1 bits (of 32) from port Y of cell mkQuire.$flatten\instance_fn_twosC_quire_1.$not$/teamspace/studios/this_studio/Melodica-Integration-into-Fife-Core/Learn_Bluespec_and_RISCV_Design/Code/Build/Fife/verilog/module_fn_twosC_quire.v:81$100 ($not).
Removed top 1 bits (of 32) from port A of cell mkQuire.$flatten\instance_fn_twosC_quire_1.$not$/teamspace/studios/this_studio/Melodica-Integration-into-Fife-Core/Learn_Bluespec_and_RISCV_Design/Code/Build/Fife/verilog/module_fn_twosC_quire.v:81$100 ($not).
Removed top 31 bits (of 32) from port B of cell mkQuire.$flatten\instance_fn_twosC_quire_1.$add$/teamspace/studios/this_studio/Melodica-Integration-into-Fife-Core/Learn_Bluespec_and_RISCV_Design/Code/Build/Fife/verilog/module_fn_twosC_quire.v:76$96 ($add).
Removed top 31 bits (of 32) from port B of cell mkQuire.$flatten\instance_fn_twosC_quire_1.$add$/teamspace/studios/this_studio/Melodica-Integration-into-Fife-Core/Learn_Bluespec_and_RISCV_Design/Code/Build/Fife/verilog/module_fn_twosC_quire.v:69$90 ($add).
Removed top 31 bits (of 32) from port B of cell mkQuire.$flatten\instance_fn_twosC_quire_1.$add$/teamspace/studios/this_studio/Melodica-Integration-into-Fife-Core/Learn_Bluespec_and_RISCV_Design/Code/Build/Fife/verilog/module_fn_twosC_quire.v:62$84 ($add).
Removed top 3 bits (of 4) from port B of cell mkQuire.$flatten\instance_fn_twosC_quire_0.$add$/teamspace/studios/this_studio/Melodica-Integration-into-Fife-Core/Learn_Bluespec_and_RISCV_Design/Code/Build/Fife/verilog/module_fn_twosC_quire.v:86$105 ($add).
Removed top 1 bits (of 32) from mux cell mkQuire.$flatten\instance_fn_twosC_quire_0.$ternary$/teamspace/studios/this_studio/Melodica-Integration-into-Fife-Core/Learn_Bluespec_and_RISCV_Design/Code/Build/Fife/verilog/module_fn_twosC_quire.v:79$104 ($mux).
Removed top 31 bits (of 32) from port B of cell mkQuire.$flatten\instance_fn_twosC_quire_0.$add$/teamspace/studios/this_studio/Melodica-Integration-into-Fife-Core/Learn_Bluespec_and_RISCV_Design/Code/Build/Fife/verilog/module_fn_twosC_quire.v:76$96 ($add).
Removed top 31 bits (of 32) from port B of cell mkQuire.$flatten\instance_fn_twosC_quire_0.$add$/teamspace/studios/this_studio/Melodica-Integration-into-Fife-Core/Learn_Bluespec_and_RISCV_Design/Code/Build/Fife/verilog/module_fn_twosC_quire.v:69$90 ($add).
Removed top 31 bits (of 32) from port B of cell mkQuire.$flatten\instance_fn_twosC_quire_0.$add$/teamspace/studios/this_studio/Melodica-Integration-into-Fife-Core/Learn_Bluespec_and_RISCV_Design/Code/Build/Fife/verilog/module_fn_twosC_quire.v:62$84 ($add).
Removed top 1 bits (of 2) from port B of cell mkQuire.$auto$opt_dff.cc:195:make_patterns_logic$1244 ($ne).
Removed top 3 bits (of 4) from port B of cell mkQuire.$flatten\instance_fn_twosC_quire_2.$add$/teamspace/studios/this_studio/Melodica-Integration-into-Fife-Core/Learn_Bluespec_and_RISCV_Design/Code/Build/Fife/verilog/module_fn_twosC_quire.v:86$105 ($add).
Removed top 1 bits (of 32) from mux cell mkQuire.$flatten\instance_fn_twosC_quire_2.$ternary$/teamspace/studios/this_studio/Melodica-Integration-into-Fife-Core/Learn_Bluespec_and_RISCV_Design/Code/Build/Fife/verilog/module_fn_twosC_quire.v:79$104 ($mux).
Removed top 31 bits (of 32) from port B of cell mkQuire.$flatten\instance_fn_twosC_quire_2.$add$/teamspace/studios/this_studio/Melodica-Integration-into-Fife-Core/Learn_Bluespec_and_RISCV_Design/Code/Build/Fife/verilog/module_fn_twosC_quire.v:76$96 ($add).
Removed top 31 bits (of 32) from port B of cell mkQuire.$flatten\instance_fn_twosC_quire_2.$add$/teamspace/studios/this_studio/Melodica-Integration-into-Fife-Core/Learn_Bluespec_and_RISCV_Design/Code/Build/Fife/verilog/module_fn_twosC_quire.v:69$90 ($add).
Removed top 31 bits (of 32) from port B of cell mkQuire.$flatten\instance_fn_twosC_quire_2.$add$/teamspace/studios/this_studio/Melodica-Integration-into-Fife-Core/Learn_Bluespec_and_RISCV_Design/Code/Build/Fife/verilog/module_fn_twosC_quire.v:62$84 ($add).
Removed top 1 bits (of 3) from mux cell mkQuire.$ternary$/teamspace/studios/this_studio/Melodica-Integration-into-Fife-Core/Learn_Bluespec_and_RISCV_Design/Code/Build/Fife/verilog/mkQuire.v:937$330 ($mux).
Removed top 1 bits (of 3) from mux cell mkQuire.$ternary$/teamspace/studios/this_studio/Melodica-Integration-into-Fife-Core/Learn_Bluespec_and_RISCV_Design/Code/Build/Fife/verilog/mkQuire.v:939$329 ($mux).
Removed top 1 bits (of 3) from mux cell mkQuire.$ternary$/teamspace/studios/this_studio/Melodica-Integration-into-Fife-Core/Learn_Bluespec_and_RISCV_Design/Code/Build/Fife/verilog/mkQuire.v:941$328 ($mux).
Removed top 1 bits (of 32) from wire mkQuire.$flatten\instance_fn_twosC_quire_1.$add$/teamspace/studios/this_studio/Melodica-Integration-into-Fife-Core/Learn_Bluespec_and_RISCV_Design/Code/Build/Fife/verilog/module_fn_twosC_quire.v:83$102_Y.
Removed top 24 bits (of 32) from wire mkQuire.$flatten\instance_fn_twosC_quire_1.$not$/teamspace/studios/this_studio/Melodica-Integration-into-Fife-Core/Learn_Bluespec_and_RISCV_Design/Code/Build/Fife/verilog/module_fn_twosC_quire.v:81$100_Y.
Removed top 1 bits (of 32) from wire mkQuire.$flatten\instance_fn_twosC_quire_1.$ternary$/teamspace/studios/this_studio/Melodica-Integration-into-Fife-Core/Learn_Bluespec_and_RISCV_Design/Code/Build/Fife/verilog/module_fn_twosC_quire.v:82$103_Y.
Removed top 1 bits (of 3) from wire mkQuire.$ternary$/teamspace/studios/this_studio/Melodica-Integration-into-Fife-Core/Learn_Bluespec_and_RISCV_Design/Code/Build/Fife/verilog/mkQuire.v:939$329_Y.
Removed top 1 bits (of 3) from wire mkQuire.$ternary$/teamspace/studios/this_studio/Melodica-Integration-into-Fife-Core/Learn_Bluespec_and_RISCV_Design/Code/Build/Fife/verilog/mkQuire.v:941$328_Y.
Removed top 1 bits (of 3) from wire mkQuire.IF_INV_vrg_quire_seg_zero_2_84_01_THEN_1_ELSE__ETC___d306.
Removed top 1 bits (of 127) from wire mkQuire.IF_vrg_quire_3_4_BIT_31_80_THEN_fn_twosC_quire_ETC___d195.
Removed top 32 bits (of 128) from wire mkQuire.abs_quire_in__h16262.
Removed top 1 bits (of 33) from wire mkQuire.acc__h3659.
Removed top 25 bits (of 33) from wire mkQuire.in__h3596.
Removed top 1 bits (of 8) from wire mkQuire.numZeros__h3927.
Removed top 1 bits (of 43) from wire mkQuire.posit_rsp_f$D_IN.
Removed top 24 bits (of 32) from wire mkQuire.seg_adder_vff_in_3$D_OUT.
Removed top 86 bits (of 96) from wire mkQuire.shftamt__h20290.
Removed top 1 bits (of 33) from wire mkQuire.x__h3716.

14.11. Executing PEEPOPT pass (run peephole optimizers).

14.12. Executing OPT_CLEAN pass (remove unused cells and wires).
Finding unused cells or wires in module \mkQuire..
Removed 0 unused cells and 15 unused wires.
<suppressed ~1 debug messages>

14.13. Executing ALUMACC pass (create $alu and $macc cells).
Extracting $alu and $macc cells in module mkQuire:
  creating $macc model for $add$/teamspace/studios/this_studio/Melodica-Integration-into-Fife-Core/Learn_Bluespec_and_RISCV_Design/Code/Build/Fife/verilog/mkQuire.v:1000$353 ($add).
  creating $macc model for $add$/teamspace/studios/this_studio/Melodica-Integration-into-Fife-Core/Learn_Bluespec_and_RISCV_Design/Code/Build/Fife/verilog/mkQuire.v:1002$354 ($add).
  creating $macc model for $add$/teamspace/studios/this_studio/Melodica-Integration-into-Fife-Core/Learn_Bluespec_and_RISCV_Design/Code/Build/Fife/verilog/mkQuire.v:1004$355 ($add).
  creating $macc model for $add$/teamspace/studios/this_studio/Melodica-Integration-into-Fife-Core/Learn_Bluespec_and_RISCV_Design/Code/Build/Fife/verilog/mkQuire.v:1006$356 ($add).
  creating $macc model for $add$/teamspace/studios/this_studio/Melodica-Integration-into-Fife-Core/Learn_Bluespec_and_RISCV_Design/Code/Build/Fife/verilog/mkQuire.v:1013$358 ($add).
  creating $macc model for $add$/teamspace/studios/this_studio/Melodica-Integration-into-Fife-Core/Learn_Bluespec_and_RISCV_Design/Code/Build/Fife/verilog/mkQuire.v:1019$359 ($add).
  creating $macc model for $add$/teamspace/studios/this_studio/Melodica-Integration-into-Fife-Core/Learn_Bluespec_and_RISCV_Design/Code/Build/Fife/verilog/mkQuire.v:1072$380 ($add).
  creating $macc model for $add$/teamspace/studios/this_studio/Melodica-Integration-into-Fife-Core/Learn_Bluespec_and_RISCV_Design/Code/Build/Fife/verilog/mkQuire.v:1073$381 ($add).
  creating $macc model for $add$/teamspace/studios/this_studio/Melodica-Integration-into-Fife-Core/Learn_Bluespec_and_RISCV_Design/Code/Build/Fife/verilog/mkQuire.v:1074$382 ($add).
  creating $macc model for $add$/teamspace/studios/this_studio/Melodica-Integration-into-Fife-Core/Learn_Bluespec_and_RISCV_Design/Code/Build/Fife/verilog/mkQuire.v:570$180 ($add).
  creating $macc model for $flatten\instance_fn_twosC_quire_0.$add$/teamspace/studios/this_studio/Melodica-Integration-into-Fife-Core/Learn_Bluespec_and_RISCV_Design/Code/Build/Fife/verilog/module_fn_twosC_quire.v:62$84 ($add).
  creating $macc model for $flatten\instance_fn_twosC_quire_0.$add$/teamspace/studios/this_studio/Melodica-Integration-into-Fife-Core/Learn_Bluespec_and_RISCV_Design/Code/Build/Fife/verilog/module_fn_twosC_quire.v:69$90 ($add).
  creating $macc model for $flatten\instance_fn_twosC_quire_0.$add$/teamspace/studios/this_studio/Melodica-Integration-into-Fife-Core/Learn_Bluespec_and_RISCV_Design/Code/Build/Fife/verilog/module_fn_twosC_quire.v:76$96 ($add).
  creating $macc model for $flatten\instance_fn_twosC_quire_0.$add$/teamspace/studios/this_studio/Melodica-Integration-into-Fife-Core/Learn_Bluespec_and_RISCV_Design/Code/Build/Fife/verilog/module_fn_twosC_quire.v:86$105 ($add).
  creating $macc model for $flatten\instance_fn_twosC_quire_1.$add$/teamspace/studios/this_studio/Melodica-Integration-into-Fife-Core/Learn_Bluespec_and_RISCV_Design/Code/Build/Fife/verilog/module_fn_twosC_quire.v:62$84 ($add).
  creating $macc model for $flatten\instance_fn_twosC_quire_1.$add$/teamspace/studios/this_studio/Melodica-Integration-into-Fife-Core/Learn_Bluespec_and_RISCV_Design/Code/Build/Fife/verilog/module_fn_twosC_quire.v:69$90 ($add).
  creating $macc model for $flatten\instance_fn_twosC_quire_1.$add$/teamspace/studios/this_studio/Melodica-Integration-into-Fife-Core/Learn_Bluespec_and_RISCV_Design/Code/Build/Fife/verilog/module_fn_twosC_quire.v:76$96 ($add).
  creating $macc model for $flatten\instance_fn_twosC_quire_1.$add$/teamspace/studios/this_studio/Melodica-Integration-into-Fife-Core/Learn_Bluespec_and_RISCV_Design/Code/Build/Fife/verilog/module_fn_twosC_quire.v:83$102 ($add).
  creating $macc model for $flatten\instance_fn_twosC_quire_1.$add$/teamspace/studios/this_studio/Melodica-Integration-into-Fife-Core/Learn_Bluespec_and_RISCV_Design/Code/Build/Fife/verilog/module_fn_twosC_quire.v:86$105 ($add).
  creating $macc model for $flatten\instance_fn_twosC_quire_2.$add$/teamspace/studios/this_studio/Melodica-Integration-into-Fife-Core/Learn_Bluespec_and_RISCV_Design/Code/Build/Fife/verilog/module_fn_twosC_quire.v:62$84 ($add).
  creating $macc model for $flatten\instance_fn_twosC_quire_2.$add$/teamspace/studios/this_studio/Melodica-Integration-into-Fife-Core/Learn_Bluespec_and_RISCV_Design/Code/Build/Fife/verilog/module_fn_twosC_quire.v:69$90 ($add).
  creating $macc model for $flatten\instance_fn_twosC_quire_2.$add$/teamspace/studios/this_studio/Melodica-Integration-into-Fife-Core/Learn_Bluespec_and_RISCV_Design/Code/Build/Fife/verilog/module_fn_twosC_quire.v:76$96 ($add).
  creating $macc model for $flatten\instance_fn_twosC_quire_2.$add$/teamspace/studios/this_studio/Melodica-Integration-into-Fife-Core/Learn_Bluespec_and_RISCV_Design/Code/Build/Fife/verilog/module_fn_twosC_quire.v:86$105 ($add).
  creating $macc model for $flatten\seg_adder_vff_carry_0.$add$/teamspace/studios/this_studio/Melodica-Integration-into-Fife-Core/bsc/lib/Verilog/SizedFIFO.v:75$767 ($add).
  creating $macc model for $flatten\seg_adder_vff_carry_0.$add$/teamspace/studios/this_studio/Melodica-Integration-into-Fife-Core/bsc/lib/Verilog/SizedFIFO.v:76$768 ($add).
  creating $macc model for $flatten\seg_adder_vff_carry_1.$add$/teamspace/studios/this_studio/Melodica-Integration-into-Fife-Core/bsc/lib/Verilog/SizedFIFO.v:75$767 ($add).
  creating $macc model for $flatten\seg_adder_vff_carry_1.$add$/teamspace/studios/this_studio/Melodica-Integration-into-Fife-Core/bsc/lib/Verilog/SizedFIFO.v:76$768 ($add).
  creating $macc model for $flatten\seg_adder_vff_carry_2.$add$/teamspace/studios/this_studio/Melodica-Integration-into-Fife-Core/bsc/lib/Verilog/SizedFIFO.v:75$767 ($add).
  creating $macc model for $flatten\seg_adder_vff_carry_2.$add$/teamspace/studios/this_studio/Melodica-Integration-into-Fife-Core/bsc/lib/Verilog/SizedFIFO.v:76$768 ($add).
  creating $macc model for $flatten\seg_adder_vff_in_0.$add$/teamspace/studios/this_studio/Melodica-Integration-into-Fife-Core/bsc/lib/Verilog/SizedFIFO.v:75$736 ($add).
  creating $macc model for $flatten\seg_adder_vff_in_0.$add$/teamspace/studios/this_studio/Melodica-Integration-into-Fife-Core/bsc/lib/Verilog/SizedFIFO.v:76$737 ($add).
  creating $macc model for $flatten\seg_adder_vff_in_1.$add$/teamspace/studios/this_studio/Melodica-Integration-into-Fife-Core/bsc/lib/Verilog/SizedFIFO.v:75$736 ($add).
  creating $macc model for $flatten\seg_adder_vff_in_1.$add$/teamspace/studios/this_studio/Melodica-Integration-into-Fife-Core/bsc/lib/Verilog/SizedFIFO.v:76$737 ($add).
  creating $macc model for $flatten\seg_adder_vff_in_2.$add$/teamspace/studios/this_studio/Melodica-Integration-into-Fife-Core/bsc/lib/Verilog/SizedFIFO.v:75$736 ($add).
  creating $macc model for $flatten\seg_adder_vff_in_2.$add$/teamspace/studios/this_studio/Melodica-Integration-into-Fife-Core/bsc/lib/Verilog/SizedFIFO.v:76$737 ($add).
  creating $macc model for $flatten\seg_adder_vff_in_3.$add$/teamspace/studios/this_studio/Melodica-Integration-into-Fife-Core/bsc/lib/Verilog/SizedFIFO.v:75$736 ($add).
  creating $macc model for $flatten\seg_adder_vff_in_3.$add$/teamspace/studios/this_studio/Melodica-Integration-into-Fife-Core/bsc/lib/Verilog/SizedFIFO.v:76$737 ($add).
  creating $macc model for $neg$/teamspace/studios/this_studio/Melodica-Integration-into-Fife-Core/Learn_Bluespec_and_RISCV_Design/Code/Build/Fife/verilog/mkQuire.v:1071$378 ($neg).
  creating $macc model for $sub$/teamspace/studios/this_studio/Melodica-Integration-into-Fife-Core/Learn_Bluespec_and_RISCV_Design/Code/Build/Fife/verilog/mkQuire.v:572$181 ($sub).
  creating $macc model for $sub$/teamspace/studios/this_studio/Melodica-Integration-into-Fife-Core/Learn_Bluespec_and_RISCV_Design/Code/Build/Fife/verilog/mkQuire.v:837$309 ($sub).
  creating $macc model for $sub$/teamspace/studios/this_studio/Melodica-Integration-into-Fife-Core/Learn_Bluespec_and_RISCV_Design/Code/Build/Fife/verilog/mkQuire.v:993$351 ($sub).
  merging $macc model for $add$/teamspace/studios/this_studio/Melodica-Integration-into-Fife-Core/Learn_Bluespec_and_RISCV_Design/Code/Build/Fife/verilog/mkQuire.v:1019$359 into $sub$/teamspace/studios/this_studio/Melodica-Integration-into-Fife-Core/Learn_Bluespec_and_RISCV_Design/Code/Build/Fife/verilog/mkQuire.v:837$309.
  merging $macc model for $add$/teamspace/studios/this_studio/Melodica-Integration-into-Fife-Core/Learn_Bluespec_and_RISCV_Design/Code/Build/Fife/verilog/mkQuire.v:1074$382 into $add$/teamspace/studios/this_studio/Melodica-Integration-into-Fife-Core/Learn_Bluespec_and_RISCV_Design/Code/Build/Fife/verilog/mkQuire.v:1006$356.
  merging $macc model for $add$/teamspace/studios/this_studio/Melodica-Integration-into-Fife-Core/Learn_Bluespec_and_RISCV_Design/Code/Build/Fife/verilog/mkQuire.v:1073$381 into $add$/teamspace/studios/this_studio/Melodica-Integration-into-Fife-Core/Learn_Bluespec_and_RISCV_Design/Code/Build/Fife/verilog/mkQuire.v:1004$355.
  merging $macc model for $add$/teamspace/studios/this_studio/Melodica-Integration-into-Fife-Core/Learn_Bluespec_and_RISCV_Design/Code/Build/Fife/verilog/mkQuire.v:1072$380 into $add$/teamspace/studios/this_studio/Melodica-Integration-into-Fife-Core/Learn_Bluespec_and_RISCV_Design/Code/Build/Fife/verilog/mkQuire.v:1002$354.
  creating $alu model for $macc $flatten\seg_adder_vff_in_3.$add$/teamspace/studios/this_studio/Melodica-Integration-into-Fife-Core/bsc/lib/Verilog/SizedFIFO.v:76$737.
  creating $alu model for $macc $flatten\seg_adder_vff_in_3.$add$/teamspace/studios/this_studio/Melodica-Integration-into-Fife-Core/bsc/lib/Verilog/SizedFIFO.v:75$736.
  creating $alu model for $macc $flatten\seg_adder_vff_in_2.$add$/teamspace/studios/this_studio/Melodica-Integration-into-Fife-Core/bsc/lib/Verilog/SizedFIFO.v:76$737.
  creating $alu model for $macc $flatten\seg_adder_vff_in_2.$add$/teamspace/studios/this_studio/Melodica-Integration-into-Fife-Core/bsc/lib/Verilog/SizedFIFO.v:75$736.
  creating $alu model for $macc $flatten\seg_adder_vff_in_1.$add$/teamspace/studios/this_studio/Melodica-Integration-into-Fife-Core/bsc/lib/Verilog/SizedFIFO.v:76$737.
  creating $alu model for $macc $flatten\seg_adder_vff_in_1.$add$/teamspace/studios/this_studio/Melodica-Integration-into-Fife-Core/bsc/lib/Verilog/SizedFIFO.v:75$736.
  creating $alu model for $macc $flatten\seg_adder_vff_in_0.$add$/teamspace/studios/this_studio/Melodica-Integration-into-Fife-Core/bsc/lib/Verilog/SizedFIFO.v:76$737.
  creating $alu model for $macc $flatten\seg_adder_vff_in_0.$add$/teamspace/studios/this_studio/Melodica-Integration-into-Fife-Core/bsc/lib/Verilog/SizedFIFO.v:75$736.
  creating $alu model for $macc $flatten\seg_adder_vff_carry_2.$add$/teamspace/studios/this_studio/Melodica-Integration-into-Fife-Core/bsc/lib/Verilog/SizedFIFO.v:76$768.
  creating $alu model for $macc $flatten\seg_adder_vff_carry_2.$add$/teamspace/studios/this_studio/Melodica-Integration-into-Fife-Core/bsc/lib/Verilog/SizedFIFO.v:75$767.
  creating $alu model for $macc $flatten\seg_adder_vff_carry_1.$add$/teamspace/studios/this_studio/Melodica-Integration-into-Fife-Core/bsc/lib/Verilog/SizedFIFO.v:76$768.
  creating $alu model for $macc $flatten\seg_adder_vff_carry_1.$add$/teamspace/studios/this_studio/Melodica-Integration-into-Fife-Core/bsc/lib/Verilog/SizedFIFO.v:75$767.
  creating $alu model for $macc $flatten\seg_adder_vff_carry_0.$add$/teamspace/studios/this_studio/Melodica-Integration-into-Fife-Core/bsc/lib/Verilog/SizedFIFO.v:76$768.
  creating $alu model for $macc $flatten\seg_adder_vff_carry_0.$add$/teamspace/studios/this_studio/Melodica-Integration-into-Fife-Core/bsc/lib/Verilog/SizedFIFO.v:75$767.
  creating $alu model for $macc $flatten\instance_fn_twosC_quire_2.$add$/teamspace/studios/this_studio/Melodica-Integration-into-Fife-Core/Learn_Bluespec_and_RISCV_Design/Code/Build/Fife/verilog/module_fn_twosC_quire.v:86$105.
  creating $alu model for $macc $flatten\instance_fn_twosC_quire_2.$add$/teamspace/studios/this_studio/Melodica-Integration-into-Fife-Core/Learn_Bluespec_and_RISCV_Design/Code/Build/Fife/verilog/module_fn_twosC_quire.v:76$96.
  creating $alu model for $macc $flatten\instance_fn_twosC_quire_2.$add$/teamspace/studios/this_studio/Melodica-Integration-into-Fife-Core/Learn_Bluespec_and_RISCV_Design/Code/Build/Fife/verilog/module_fn_twosC_quire.v:69$90.
  creating $alu model for $macc $flatten\instance_fn_twosC_quire_2.$add$/teamspace/studios/this_studio/Melodica-Integration-into-Fife-Core/Learn_Bluespec_and_RISCV_Design/Code/Build/Fife/verilog/module_fn_twosC_quire.v:62$84.
  creating $alu model for $macc $flatten\instance_fn_twosC_quire_1.$add$/teamspace/studios/this_studio/Melodica-Integration-into-Fife-Core/Learn_Bluespec_and_RISCV_Design/Code/Build/Fife/verilog/module_fn_twosC_quire.v:86$105.
  creating $alu model for $macc $flatten\instance_fn_twosC_quire_1.$add$/teamspace/studios/this_studio/Melodica-Integration-into-Fife-Core/Learn_Bluespec_and_RISCV_Design/Code/Build/Fife/verilog/module_fn_twosC_quire.v:83$102.
  creating $alu model for $macc $flatten\instance_fn_twosC_quire_1.$add$/teamspace/studios/this_studio/Melodica-Integration-into-Fife-Core/Learn_Bluespec_and_RISCV_Design/Code/Build/Fife/verilog/module_fn_twosC_quire.v:76$96.
  creating $alu model for $macc $flatten\instance_fn_twosC_quire_1.$add$/teamspace/studios/this_studio/Melodica-Integration-into-Fife-Core/Learn_Bluespec_and_RISCV_Design/Code/Build/Fife/verilog/module_fn_twosC_quire.v:69$90.
  creating $alu model for $macc $flatten\instance_fn_twosC_quire_1.$add$/teamspace/studios/this_studio/Melodica-Integration-into-Fife-Core/Learn_Bluespec_and_RISCV_Design/Code/Build/Fife/verilog/module_fn_twosC_quire.v:62$84.
  creating $alu model for $macc $flatten\instance_fn_twosC_quire_0.$add$/teamspace/studios/this_studio/Melodica-Integration-into-Fife-Core/Learn_Bluespec_and_RISCV_Design/Code/Build/Fife/verilog/module_fn_twosC_quire.v:86$105.
  creating $alu model for $macc $flatten\instance_fn_twosC_quire_0.$add$/teamspace/studios/this_studio/Melodica-Integration-into-Fife-Core/Learn_Bluespec_and_RISCV_Design/Code/Build/Fife/verilog/module_fn_twosC_quire.v:76$96.
  creating $alu model for $macc $flatten\instance_fn_twosC_quire_0.$add$/teamspace/studios/this_studio/Melodica-Integration-into-Fife-Core/Learn_Bluespec_and_RISCV_Design/Code/Build/Fife/verilog/module_fn_twosC_quire.v:69$90.
  creating $alu model for $macc $flatten\instance_fn_twosC_quire_0.$add$/teamspace/studios/this_studio/Melodica-Integration-into-Fife-Core/Learn_Bluespec_and_RISCV_Design/Code/Build/Fife/verilog/module_fn_twosC_quire.v:62$84.
  creating $alu model for $macc $add$/teamspace/studios/this_studio/Melodica-Integration-into-Fife-Core/Learn_Bluespec_and_RISCV_Design/Code/Build/Fife/verilog/mkQuire.v:570$180.
  creating $alu model for $macc $sub$/teamspace/studios/this_studio/Melodica-Integration-into-Fife-Core/Learn_Bluespec_and_RISCV_Design/Code/Build/Fife/verilog/mkQuire.v:572$181.
  creating $alu model for $macc $sub$/teamspace/studios/this_studio/Melodica-Integration-into-Fife-Core/Learn_Bluespec_and_RISCV_Design/Code/Build/Fife/verilog/mkQuire.v:993$351.
  creating $alu model for $macc $neg$/teamspace/studios/this_studio/Melodica-Integration-into-Fife-Core/Learn_Bluespec_and_RISCV_Design/Code/Build/Fife/verilog/mkQuire.v:1071$378.
  creating $alu model for $macc $add$/teamspace/studios/this_studio/Melodica-Integration-into-Fife-Core/Learn_Bluespec_and_RISCV_Design/Code/Build/Fife/verilog/mkQuire.v:1013$358.
  creating $alu model for $macc $add$/teamspace/studios/this_studio/Melodica-Integration-into-Fife-Core/Learn_Bluespec_and_RISCV_Design/Code/Build/Fife/verilog/mkQuire.v:1006$356.
  creating $alu model for $macc $add$/teamspace/studios/this_studio/Melodica-Integration-into-Fife-Core/Learn_Bluespec_and_RISCV_Design/Code/Build/Fife/verilog/mkQuire.v:1004$355.
  creating $alu model for $macc $add$/teamspace/studios/this_studio/Melodica-Integration-into-Fife-Core/Learn_Bluespec_and_RISCV_Design/Code/Build/Fife/verilog/mkQuire.v:1002$354.
  creating $alu model for $macc $add$/teamspace/studios/this_studio/Melodica-Integration-into-Fife-Core/Learn_Bluespec_and_RISCV_Design/Code/Build/Fife/verilog/mkQuire.v:1000$353.
  creating $macc cell for $sub$/teamspace/studios/this_studio/Melodica-Integration-into-Fife-Core/Learn_Bluespec_and_RISCV_Design/Code/Build/Fife/verilog/mkQuire.v:837$309: $auto$alumacc.cc:365:replace_macc$1415
  creating $alu model for $le$/teamspace/studios/this_studio/Melodica-Integration-into-Fife-Core/Learn_Bluespec_and_RISCV_Design/Code/Build/Fife/verilog/mkQuire.v:989$350 ($le): new $alu
  creating $alu model for $lt$/teamspace/studios/this_studio/Melodica-Integration-into-Fife-Core/Learn_Bluespec_and_RISCV_Design/Code/Build/Fife/verilog/mkQuire.v:985$348 ($lt): new $alu
  creating $alu cell for $lt$/teamspace/studios/this_studio/Melodica-Integration-into-Fife-Core/Learn_Bluespec_and_RISCV_Design/Code/Build/Fife/verilog/mkQuire.v:985$348: $auto$alumacc.cc:485:replace_alu$1418
  creating $alu cell for $le$/teamspace/studios/this_studio/Melodica-Integration-into-Fife-Core/Learn_Bluespec_and_RISCV_Design/Code/Build/Fife/verilog/mkQuire.v:989$350: $auto$alumacc.cc:485:replace_alu$1429
  creating $alu cell for $add$/teamspace/studios/this_studio/Melodica-Integration-into-Fife-Core/Learn_Bluespec_and_RISCV_Design/Code/Build/Fife/verilog/mkQuire.v:1000$353: $auto$alumacc.cc:485:replace_alu$1442
  creating $alu cell for $add$/teamspace/studios/this_studio/Melodica-Integration-into-Fife-Core/Learn_Bluespec_and_RISCV_Design/Code/Build/Fife/verilog/mkQuire.v:1002$354: $auto$alumacc.cc:485:replace_alu$1445
  creating $alu cell for $add$/teamspace/studios/this_studio/Melodica-Integration-into-Fife-Core/Learn_Bluespec_and_RISCV_Design/Code/Build/Fife/verilog/mkQuire.v:1004$355: $auto$alumacc.cc:485:replace_alu$1448
  creating $alu cell for $add$/teamspace/studios/this_studio/Melodica-Integration-into-Fife-Core/Learn_Bluespec_and_RISCV_Design/Code/Build/Fife/verilog/mkQuire.v:1006$356: $auto$alumacc.cc:485:replace_alu$1451
  creating $alu cell for $add$/teamspace/studios/this_studio/Melodica-Integration-into-Fife-Core/Learn_Bluespec_and_RISCV_Design/Code/Build/Fife/verilog/mkQuire.v:1013$358: $auto$alumacc.cc:485:replace_alu$1454
  creating $alu cell for $neg$/teamspace/studios/this_studio/Melodica-Integration-into-Fife-Core/Learn_Bluespec_and_RISCV_Design/Code/Build/Fife/verilog/mkQuire.v:1071$378: $auto$alumacc.cc:485:replace_alu$1457
  creating $alu cell for $sub$/teamspace/studios/this_studio/Melodica-Integration-into-Fife-Core/Learn_Bluespec_and_RISCV_Design/Code/Build/Fife/verilog/mkQuire.v:993$351: $auto$alumacc.cc:485:replace_alu$1460
  creating $alu cell for $sub$/teamspace/studios/this_studio/Melodica-Integration-into-Fife-Core/Learn_Bluespec_and_RISCV_Design/Code/Build/Fife/verilog/mkQuire.v:572$181: $auto$alumacc.cc:485:replace_alu$1463
  creating $alu cell for $add$/teamspace/studios/this_studio/Melodica-Integration-into-Fife-Core/Learn_Bluespec_and_RISCV_Design/Code/Build/Fife/verilog/mkQuire.v:570$180: $auto$alumacc.cc:485:replace_alu$1466
  creating $alu cell for $flatten\instance_fn_twosC_quire_0.$add$/teamspace/studios/this_studio/Melodica-Integration-into-Fife-Core/Learn_Bluespec_and_RISCV_Design/Code/Build/Fife/verilog/module_fn_twosC_quire.v:62$84: $auto$alumacc.cc:485:replace_alu$1469
  creating $alu cell for $flatten\instance_fn_twosC_quire_0.$add$/teamspace/studios/this_studio/Melodica-Integration-into-Fife-Core/Learn_Bluespec_and_RISCV_Design/Code/Build/Fife/verilog/module_fn_twosC_quire.v:69$90: $auto$alumacc.cc:485:replace_alu$1472
  creating $alu cell for $flatten\instance_fn_twosC_quire_0.$add$/teamspace/studios/this_studio/Melodica-Integration-into-Fife-Core/Learn_Bluespec_and_RISCV_Design/Code/Build/Fife/verilog/module_fn_twosC_quire.v:76$96: $auto$alumacc.cc:485:replace_alu$1475
  creating $alu cell for $flatten\instance_fn_twosC_quire_0.$add$/teamspace/studios/this_studio/Melodica-Integration-into-Fife-Core/Learn_Bluespec_and_RISCV_Design/Code/Build/Fife/verilog/module_fn_twosC_quire.v:86$105: $auto$alumacc.cc:485:replace_alu$1478
  creating $alu cell for $flatten\instance_fn_twosC_quire_1.$add$/teamspace/studios/this_studio/Melodica-Integration-into-Fife-Core/Learn_Bluespec_and_RISCV_Design/Code/Build/Fife/verilog/module_fn_twosC_quire.v:62$84: $auto$alumacc.cc:485:replace_alu$1481
  creating $alu cell for $flatten\instance_fn_twosC_quire_1.$add$/teamspace/studios/this_studio/Melodica-Integration-into-Fife-Core/Learn_Bluespec_and_RISCV_Design/Code/Build/Fife/verilog/module_fn_twosC_quire.v:69$90: $auto$alumacc.cc:485:replace_alu$1484
  creating $alu cell for $flatten\instance_fn_twosC_quire_1.$add$/teamspace/studios/this_studio/Melodica-Integration-into-Fife-Core/Learn_Bluespec_and_RISCV_Design/Code/Build/Fife/verilog/module_fn_twosC_quire.v:76$96: $auto$alumacc.cc:485:replace_alu$1487
  creating $alu cell for $flatten\instance_fn_twosC_quire_1.$add$/teamspace/studios/this_studio/Melodica-Integration-into-Fife-Core/Learn_Bluespec_and_RISCV_Design/Code/Build/Fife/verilog/module_fn_twosC_quire.v:83$102: $auto$alumacc.cc:485:replace_alu$1490
  creating $alu cell for $flatten\instance_fn_twosC_quire_1.$add$/teamspace/studios/this_studio/Melodica-Integration-into-Fife-Core/Learn_Bluespec_and_RISCV_Design/Code/Build/Fife/verilog/module_fn_twosC_quire.v:86$105: $auto$alumacc.cc:485:replace_alu$1493
  creating $alu cell for $flatten\instance_fn_twosC_quire_2.$add$/teamspace/studios/this_studio/Melodica-Integration-into-Fife-Core/Learn_Bluespec_and_RISCV_Design/Code/Build/Fife/verilog/module_fn_twosC_quire.v:62$84: $auto$alumacc.cc:485:replace_alu$1496
  creating $alu cell for $flatten\instance_fn_twosC_quire_2.$add$/teamspace/studios/this_studio/Melodica-Integration-into-Fife-Core/Learn_Bluespec_and_RISCV_Design/Code/Build/Fife/verilog/module_fn_twosC_quire.v:69$90: $auto$alumacc.cc:485:replace_alu$1499
  creating $alu cell for $flatten\instance_fn_twosC_quire_2.$add$/teamspace/studios/this_studio/Melodica-Integration-into-Fife-Core/Learn_Bluespec_and_RISCV_Design/Code/Build/Fife/verilog/module_fn_twosC_quire.v:76$96: $auto$alumacc.cc:485:replace_alu$1502
  creating $alu cell for $flatten\instance_fn_twosC_quire_2.$add$/teamspace/studios/this_studio/Melodica-Integration-into-Fife-Core/Learn_Bluespec_and_RISCV_Design/Code/Build/Fife/verilog/module_fn_twosC_quire.v:86$105: $auto$alumacc.cc:485:replace_alu$1505
  creating $alu cell for $flatten\seg_adder_vff_carry_0.$add$/teamspace/studios/this_studio/Melodica-Integration-into-Fife-Core/bsc/lib/Verilog/SizedFIFO.v:75$767: $auto$alumacc.cc:485:replace_alu$1508
  creating $alu cell for $flatten\seg_adder_vff_carry_0.$add$/teamspace/studios/this_studio/Melodica-Integration-into-Fife-Core/bsc/lib/Verilog/SizedFIFO.v:76$768: $auto$alumacc.cc:485:replace_alu$1511
  creating $alu cell for $flatten\seg_adder_vff_carry_1.$add$/teamspace/studios/this_studio/Melodica-Integration-into-Fife-Core/bsc/lib/Verilog/SizedFIFO.v:75$767: $auto$alumacc.cc:485:replace_alu$1514
  creating $alu cell for $flatten\seg_adder_vff_carry_1.$add$/teamspace/studios/this_studio/Melodica-Integration-into-Fife-Core/bsc/lib/Verilog/SizedFIFO.v:76$768: $auto$alumacc.cc:485:replace_alu$1517
  creating $alu cell for $flatten\seg_adder_vff_carry_2.$add$/teamspace/studios/this_studio/Melodica-Integration-into-Fife-Core/bsc/lib/Verilog/SizedFIFO.v:75$767: $auto$alumacc.cc:485:replace_alu$1520
  creating $alu cell for $flatten\seg_adder_vff_carry_2.$add$/teamspace/studios/this_studio/Melodica-Integration-into-Fife-Core/bsc/lib/Verilog/SizedFIFO.v:76$768: $auto$alumacc.cc:485:replace_alu$1523
  creating $alu cell for $flatten\seg_adder_vff_in_0.$add$/teamspace/studios/this_studio/Melodica-Integration-into-Fife-Core/bsc/lib/Verilog/SizedFIFO.v:75$736: $auto$alumacc.cc:485:replace_alu$1526
  creating $alu cell for $flatten\seg_adder_vff_in_0.$add$/teamspace/studios/this_studio/Melodica-Integration-into-Fife-Core/bsc/lib/Verilog/SizedFIFO.v:76$737: $auto$alumacc.cc:485:replace_alu$1529
  creating $alu cell for $flatten\seg_adder_vff_in_1.$add$/teamspace/studios/this_studio/Melodica-Integration-into-Fife-Core/bsc/lib/Verilog/SizedFIFO.v:75$736: $auto$alumacc.cc:485:replace_alu$1532
  creating $alu cell for $flatten\seg_adder_vff_in_1.$add$/teamspace/studios/this_studio/Melodica-Integration-into-Fife-Core/bsc/lib/Verilog/SizedFIFO.v:76$737: $auto$alumacc.cc:485:replace_alu$1535
  creating $alu cell for $flatten\seg_adder_vff_in_2.$add$/teamspace/studios/this_studio/Melodica-Integration-into-Fife-Core/bsc/lib/Verilog/SizedFIFO.v:75$736: $auto$alumacc.cc:485:replace_alu$1538
  creating $alu cell for $flatten\seg_adder_vff_in_2.$add$/teamspace/studios/this_studio/Melodica-Integration-into-Fife-Core/bsc/lib/Verilog/SizedFIFO.v:76$737: $auto$alumacc.cc:485:replace_alu$1541
  creating $alu cell for $flatten\seg_adder_vff_in_3.$add$/teamspace/studios/this_studio/Melodica-Integration-into-Fife-Core/bsc/lib/Verilog/SizedFIFO.v:75$736: $auto$alumacc.cc:485:replace_alu$1544
  creating $alu cell for $flatten\seg_adder_vff_in_3.$add$/teamspace/studios/this_studio/Melodica-Integration-into-Fife-Core/bsc/lib/Verilog/SizedFIFO.v:76$737: $auto$alumacc.cc:485:replace_alu$1547
  created 38 $alu and 1 $macc cells.

14.14. Executing SHARE pass (SAT-based resource sharing).
Found 9 cells in module mkQuire that may be considered for resource sharing.
  Analyzing resource sharing options for $shr$/teamspace/studios/this_studio/Melodica-Integration-into-Fife-Core/Learn_Bluespec_and_RISCV_Design/Code/Build/Fife/verilog/mkQuire.v:1036$365 ($shr):
    Found 7 activation_patterns using ctrl signal { $flatten\instance_fn_twosC_quire_2.$eq$/teamspace/studios/this_studio/Melodica-Integration-into-Fife-Core/Learn_Bluespec_and_RISCV_Design/Code/Build/Fife/verilog/module_fn_twosC_quire.v:58$81_Y $flatten\instance_fn_twosC_quire_2.$eq$/teamspace/studios/this_studio/Melodica-Integration-into-Fife-Core/Learn_Bluespec_and_RISCV_Design/Code/Build/Fife/verilog/module_fn_twosC_quire.v:65$87_Y $flatten\instance_fn_twosC_quire_2.$eq$/teamspace/studios/this_studio/Melodica-Integration-into-Fife-Core/Learn_Bluespec_and_RISCV_Design/Code/Build/Fife/verilog/module_fn_twosC_quire.v:72$93_Y \seg_adder_vff_carry_1.DEQ \seg_adder_vff_carry_0.DEQ \seg_adder_vff_carry_0.ENQ \EN_init \init_x [37:36] }.
    No candidates found.
  Analyzing resource sharing options for $shl$/teamspace/studios/this_studio/Melodica-Integration-into-Fife-Core/Learn_Bluespec_and_RISCV_Design/Code/Build/Fife/verilog/mkQuire.v:1033$363 ($shl):
    Found 7 activation_patterns using ctrl signal { $flatten\instance_fn_twosC_quire_2.$eq$/teamspace/studios/this_studio/Melodica-Integration-into-Fife-Core/Learn_Bluespec_and_RISCV_Design/Code/Build/Fife/verilog/module_fn_twosC_quire.v:58$81_Y $flatten\instance_fn_twosC_quire_2.$eq$/teamspace/studios/this_studio/Melodica-Integration-into-Fife-Core/Learn_Bluespec_and_RISCV_Design/Code/Build/Fife/verilog/module_fn_twosC_quire.v:65$87_Y $flatten\instance_fn_twosC_quire_2.$eq$/teamspace/studios/this_studio/Melodica-Integration-into-Fife-Core/Learn_Bluespec_and_RISCV_Design/Code/Build/Fife/verilog/module_fn_twosC_quire.v:72$93_Y \seg_adder_vff_carry_1.DEQ \seg_adder_vff_carry_0.DEQ \seg_adder_vff_carry_0.ENQ \EN_init \init_x [37:36] }.
    No candidates found.
  Analyzing resource sharing options for $flatten\seg_adder_vff_in_3.$memrd$\arr$/teamspace/studios/this_studio/Melodica-Integration-into-Fife-Core/bsc/lib/Verilog/SizedFIFO.v:179$748 ($memrd):
    Found 1 activation_patterns using ctrl signal $auto$opt_reduce.cc:134:opt_pmux$1142.
    No candidates found.
  Analyzing resource sharing options for $flatten\seg_adder_vff_in_2.$memrd$\arr$/teamspace/studios/this_studio/Melodica-Integration-into-Fife-Core/bsc/lib/Verilog/SizedFIFO.v:179$748 ($memrd):
    Found 1 activation_patterns using ctrl signal $auto$opt_reduce.cc:134:opt_pmux$1136.
    No candidates found.
  Analyzing resource sharing options for $flatten\seg_adder_vff_in_1.$memrd$\arr$/teamspace/studios/this_studio/Melodica-Integration-into-Fife-Core/bsc/lib/Verilog/SizedFIFO.v:179$748 ($memrd):
    Found 1 activation_patterns using ctrl signal $auto$opt_reduce.cc:134:opt_pmux$1130.
    No candidates found.
  Analyzing resource sharing options for $flatten\seg_adder_vff_in_0.$memrd$\arr$/teamspace/studios/this_studio/Melodica-Integration-into-Fife-Core/bsc/lib/Verilog/SizedFIFO.v:179$748 ($memrd):
    Found 1 activation_patterns using ctrl signal $auto$opt_reduce.cc:134:opt_pmux$1124.
    No candidates found.
  Analyzing resource sharing options for $flatten\seg_adder_vff_carry_2.$memrd$\arr$/teamspace/studios/this_studio/Melodica-Integration-into-Fife-Core/bsc/lib/Verilog/SizedFIFO.v:179$779 ($memrd):
    Found 1 activation_patterns using ctrl signal $auto$opt_reduce.cc:134:opt_pmux$1120.
    No candidates found.
  Analyzing resource sharing options for $flatten\seg_adder_vff_carry_1.$memrd$\arr$/teamspace/studios/this_studio/Melodica-Integration-into-Fife-Core/bsc/lib/Verilog/SizedFIFO.v:179$779 ($memrd):
    Found 1 activation_patterns using ctrl signal $auto$opt_reduce.cc:134:opt_pmux$1114.
    No candidates found.
  Analyzing resource sharing options for $flatten\seg_adder_vff_carry_0.$memrd$\arr$/teamspace/studios/this_studio/Melodica-Integration-into-Fife-Core/bsc/lib/Verilog/SizedFIFO.v:179$779 ($memrd):
    Found 1 activation_patterns using ctrl signal $auto$opt_reduce.cc:134:opt_pmux$1110.
    No candidates found.

14.15. Executing OPT pass (performing simple optimizations).

14.15.1. Executing OPT_EXPR pass (perform const folding).
Optimizing module mkQuire.
<suppressed ~2 debug messages>

14.15.2. Executing OPT_MERGE pass (detect identical cells).
Finding identical cells in module `\mkQuire'.
Removed a total of 0 cells.

14.15.3. Executing OPT_MUXTREE pass (detect dead branches in mux trees).
Running muxtree optimizer on module \mkQuire..
  Creating internal representation of mux trees.
  Evaluating internal representation of mux trees.
  Analyzing evaluation results.
Removed 0 multiplexer ports.
<suppressed ~95 debug messages>

14.15.4. Executing OPT_REDUCE pass (consolidate $*mux and $reduce_* inputs).
  Optimizing cells in module \mkQuire.
Performed a total of 0 changes.

14.15.5. Executing OPT_MERGE pass (detect identical cells).
Finding identical cells in module `\mkQuire'.
Removed a total of 0 cells.

14.15.6. Executing OPT_DFF pass (perform DFF optimizations).

14.15.7. Executing OPT_CLEAN pass (remove unused cells and wires).
Finding unused cells or wires in module \mkQuire..
Removed 4 unused cells and 7 unused wires.
<suppressed ~9 debug messages>

14.15.8. Executing OPT_EXPR pass (perform const folding).
Optimizing module mkQuire.

14.15.9. Rerunning OPT passes. (Maybe there is more to do..)

14.15.10. Executing OPT_MUXTREE pass (detect dead branches in mux trees).
Running muxtree optimizer on module \mkQuire..
  Creating internal representation of mux trees.
  Evaluating internal representation of mux trees.
  Analyzing evaluation results.
Removed 0 multiplexer ports.
<suppressed ~95 debug messages>

14.15.11. Executing OPT_REDUCE pass (consolidate $*mux and $reduce_* inputs).
  Optimizing cells in module \mkQuire.
Performed a total of 0 changes.

14.15.12. Executing OPT_MERGE pass (detect identical cells).
Finding identical cells in module `\mkQuire'.
Removed a total of 0 cells.

14.15.13. Executing OPT_DFF pass (perform DFF optimizations).

14.15.14. Executing OPT_CLEAN pass (remove unused cells and wires).
Finding unused cells or wires in module \mkQuire..

14.15.15. Executing OPT_EXPR pass (perform const folding).
Optimizing module mkQuire.

14.15.16. Finished OPT passes. (There is nothing left to do.)

14.16. Executing MEMORY pass.

14.16.1. Executing OPT_MEM pass (optimize memories).
Performed a total of 0 transformations.

14.16.2. Executing OPT_MEM_PRIORITY pass (removing unnecessary memory write priority relations).
Performed a total of 0 transformations.

14.16.3. Executing OPT_MEM_FEEDBACK pass (finding memory read-to-write feedback paths).
  Analyzing mkQuire.seg_adder_vff_carry_0.arr write port 0.
  Analyzing mkQuire.seg_adder_vff_carry_1.arr write port 0.
  Analyzing mkQuire.seg_adder_vff_carry_2.arr write port 0.
  Analyzing mkQuire.seg_adder_vff_in_0.arr write port 0.
  Analyzing mkQuire.seg_adder_vff_in_1.arr write port 0.
  Analyzing mkQuire.seg_adder_vff_in_2.arr write port 0.
  Analyzing mkQuire.seg_adder_vff_in_3.arr write port 0.

14.16.4. Executing MEMORY_BMUX2ROM pass (converting muxes to ROMs).

14.16.5. Executing MEMORY_DFF pass (merging $dff cells to $memrd).
Checking read port `\seg_adder_vff_carry_0.arr'[0] in module `\mkQuire': no output FF found.
Checking read port `\seg_adder_vff_carry_1.arr'[0] in module `\mkQuire': no output FF found.
Checking read port `\seg_adder_vff_carry_2.arr'[0] in module `\mkQuire': no output FF found.
Checking read port `\seg_adder_vff_in_0.arr'[0] in module `\mkQuire': no output FF found.
Checking read port `\seg_adder_vff_in_1.arr'[0] in module `\mkQuire': no output FF found.
Checking read port `\seg_adder_vff_in_2.arr'[0] in module `\mkQuire': no output FF found.
Checking read port `\seg_adder_vff_in_3.arr'[0] in module `\mkQuire': no output FF found.
Checking read port address `\seg_adder_vff_carry_0.arr'[0] in module `\mkQuire': merged address FF to cell.
Checking read port address `\seg_adder_vff_carry_1.arr'[0] in module `\mkQuire': merged address FF to cell.
Checking read port address `\seg_adder_vff_carry_2.arr'[0] in module `\mkQuire': merged address FF to cell.
Checking read port address `\seg_adder_vff_in_0.arr'[0] in module `\mkQuire': merged address FF to cell.
Checking read port address `\seg_adder_vff_in_1.arr'[0] in module `\mkQuire': merged address FF to cell.
Checking read port address `\seg_adder_vff_in_2.arr'[0] in module `\mkQuire': merged address FF to cell.
Checking read port address `\seg_adder_vff_in_3.arr'[0] in module `\mkQuire': merged address FF to cell.

14.16.6. Executing OPT_CLEAN pass (remove unused cells and wires).
Finding unused cells or wires in module \mkQuire..

14.16.7. Executing MEMORY_SHARE pass (consolidating $memrd/$memwr cells).

14.16.8. Executing OPT_MEM_WIDEN pass (optimize memories where all ports are wide).
Performed a total of 0 transformations.

14.16.9. Executing OPT_CLEAN pass (remove unused cells and wires).
Finding unused cells or wires in module \mkQuire..

14.16.10. Executing MEMORY_COLLECT pass (generating $mem cells).

14.17. Executing OPT_CLEAN pass (remove unused cells and wires).
Finding unused cells or wires in module \mkQuire..

14.18. Executing OPT pass (performing simple optimizations).

14.18.1. Executing OPT_EXPR pass (perform const folding).
Optimizing module mkQuire.
<suppressed ~114 debug messages>

14.18.2. Executing OPT_MERGE pass (detect identical cells).
Finding identical cells in module `\mkQuire'.
Removed a total of 0 cells.

14.18.3. Executing OPT_DFF pass (perform DFF optimizations).

14.18.4. Executing OPT_CLEAN pass (remove unused cells and wires).
Finding unused cells or wires in module \mkQuire..
Removed 0 unused cells and 61 unused wires.
<suppressed ~1 debug messages>

14.18.5. Finished fast OPT passes.

14.19. Executing MEMORY_MAP pass (converting memories to logic and flip-flops).
Mapping memory \seg_adder_vff_carry_0.arr in module \mkQuire:
  created 3 $dff cells and 0 static cells of width 1.
Extracted addr FF from read port 0 of mkQuire.seg_adder_vff_carry_0.arr: $\seg_adder_vff_carry_0.arr$rdreg[0]
  read interface: 1 $dff and 3 $mux cells.
  write interface: 3 write mux blocks.
Mapping memory \seg_adder_vff_carry_1.arr in module \mkQuire:
  created 3 $dff cells and 0 static cells of width 1.
Extracted addr FF from read port 0 of mkQuire.seg_adder_vff_carry_1.arr: $\seg_adder_vff_carry_1.arr$rdreg[0]
  read interface: 1 $dff and 3 $mux cells.
  write interface: 3 write mux blocks.
Mapping memory \seg_adder_vff_carry_2.arr in module \mkQuire:
  created 3 $dff cells and 0 static cells of width 1.
Extracted addr FF from read port 0 of mkQuire.seg_adder_vff_carry_2.arr: $\seg_adder_vff_carry_2.arr$rdreg[0]
  read interface: 1 $dff and 3 $mux cells.
  write interface: 3 write mux blocks.
Mapping memory \seg_adder_vff_in_0.arr in module \mkQuire:
  created 3 $dff cells and 0 static cells of width 32.
Extracted addr FF from read port 0 of mkQuire.seg_adder_vff_in_0.arr: $\seg_adder_vff_in_0.arr$rdreg[0]
  read interface: 1 $dff and 3 $mux cells.
  write interface: 3 write mux blocks.
Mapping memory \seg_adder_vff_in_1.arr in module \mkQuire:
  created 3 $dff cells and 0 static cells of width 32.
Extracted addr FF from read port 0 of mkQuire.seg_adder_vff_in_1.arr: $\seg_adder_vff_in_1.arr$rdreg[0]
  read interface: 1 $dff and 3 $mux cells.
  write interface: 3 write mux blocks.
Mapping memory \seg_adder_vff_in_2.arr in module \mkQuire:
  created 3 $dff cells and 0 static cells of width 32.
Extracted addr FF from read port 0 of mkQuire.seg_adder_vff_in_2.arr: $\seg_adder_vff_in_2.arr$rdreg[0]
  read interface: 1 $dff and 3 $mux cells.
  write interface: 3 write mux blocks.
Mapping memory \seg_adder_vff_in_3.arr in module \mkQuire:
  created 3 $dff cells and 0 static cells of width 32.
Extracted addr FF from read port 0 of mkQuire.seg_adder_vff_in_3.arr: $\seg_adder_vff_in_3.arr$rdreg[0]
  read interface: 1 $dff and 3 $mux cells.
  write interface: 3 write mux blocks.

14.20. Executing OPT pass (performing simple optimizations).

14.20.1. Executing OPT_EXPR pass (perform const folding).
Optimizing module mkQuire.
<suppressed ~91 debug messages>

14.20.2. Executing OPT_MERGE pass (detect identical cells).
Finding identical cells in module `\mkQuire'.
Removed a total of 0 cells.

14.20.3. Executing OPT_MUXTREE pass (detect dead branches in mux trees).
Running muxtree optimizer on module \mkQuire..
  Creating internal representation of mux trees.
  Evaluating internal representation of mux trees.
  Analyzing evaluation results.
Removed 0 multiplexer ports.
<suppressed ~87 debug messages>

14.20.4. Executing OPT_REDUCE pass (consolidate $*mux and $reduce_* inputs).
  Optimizing cells in module \mkQuire.
    Consolidated identical input bits for $mux cell $flatten\instance_fn_twosC_quire_0.$ternary$/teamspace/studios/this_studio/Melodica-Integration-into-Fife-Core/Learn_Bluespec_and_RISCV_Design/Code/Build/Fife/verilog/module_fn_twosC_quire.v:79$104:
      Old ports: A=31'0000000000000000000000000000000, B=31'1111111111111111111111111111111, Y=\instance_fn_twosC_quire_0.IF_fn_twosC_quire_quire_seg_zero_PLUS_1_BIT_3__ETC___d9 [30:0]
      New ports: A=1'0, B=1'1, Y=\instance_fn_twosC_quire_0.IF_fn_twosC_quire_quire_seg_zero_PLUS_1_BIT_3__ETC___d9 [0]
      New connections: \instance_fn_twosC_quire_0.IF_fn_twosC_quire_quire_seg_zero_PLUS_1_BIT_3__ETC___d9 [30:1] = { \instance_fn_twosC_quire_0.IF_fn_twosC_quire_quire_seg_zero_PLUS_1_BIT_3__ETC___d9 [0] \instance_fn_twosC_quire_0.IF_fn_twosC_quire_quire_seg_zero_PLUS_1_BIT_3__ETC___d9 [0] \instance_fn_twosC_quire_0.IF_fn_twosC_quire_quire_seg_zero_PLUS_1_BIT_3__ETC___d9 [0] \instance_fn_twosC_quire_0.IF_fn_twosC_quire_quire_seg_zero_PLUS_1_BIT_3__ETC___d9 [0] \instance_fn_twosC_quire_0.IF_fn_twosC_quire_quire_seg_zero_PLUS_1_BIT_3__ETC___d9 [0] \instance_fn_twosC_quire_0.IF_fn_twosC_quire_quire_seg_zero_PLUS_1_BIT_3__ETC___d9 [0] \instance_fn_twosC_quire_0.IF_fn_twosC_quire_quire_seg_zero_PLUS_1_BIT_3__ETC___d9 [0] \instance_fn_twosC_quire_0.IF_fn_twosC_quire_quire_seg_zero_PLUS_1_BIT_3__ETC___d9 [0] \instance_fn_twosC_quire_0.IF_fn_twosC_quire_quire_seg_zero_PLUS_1_BIT_3__ETC___d9 [0] \instance_fn_twosC_quire_0.IF_fn_twosC_quire_quire_seg_zero_PLUS_1_BIT_3__ETC___d9 [0] \instance_fn_twosC_quire_0.IF_fn_twosC_quire_quire_seg_zero_PLUS_1_BIT_3__ETC___d9 [0] \instance_fn_twosC_quire_0.IF_fn_twosC_quire_quire_seg_zero_PLUS_1_BIT_3__ETC___d9 [0] \instance_fn_twosC_quire_0.IF_fn_twosC_quire_quire_seg_zero_PLUS_1_BIT_3__ETC___d9 [0] \instance_fn_twosC_quire_0.IF_fn_twosC_quire_quire_seg_zero_PLUS_1_BIT_3__ETC___d9 [0] \instance_fn_twosC_quire_0.IF_fn_twosC_quire_quire_seg_zero_PLUS_1_BIT_3__ETC___d9 [0] \instance_fn_twosC_quire_0.IF_fn_twosC_quire_quire_seg_zero_PLUS_1_BIT_3__ETC___d9 [0] \instance_fn_twosC_quire_0.IF_fn_twosC_quire_quire_seg_zero_PLUS_1_BIT_3__ETC___d9 [0] \instance_fn_twosC_quire_0.IF_fn_twosC_quire_quire_seg_zero_PLUS_1_BIT_3__ETC___d9 [0] \instance_fn_twosC_quire_0.IF_fn_twosC_quire_quire_seg_zero_PLUS_1_BIT_3__ETC___d9 [0] \instance_fn_twosC_quire_0.IF_fn_twosC_quire_quire_seg_zero_PLUS_1_BIT_3__ETC___d9 [0] \instance_fn_twosC_quire_0.IF_fn_twosC_quire_quire_seg_zero_PLUS_1_BIT_3__ETC___d9 [0] \instance_fn_twosC_quire_0.IF_fn_twosC_quire_quire_seg_zero_PLUS_1_BIT_3__ETC___d9 [0] \instance_fn_twosC_quire_0.IF_fn_twosC_quire_quire_seg_zero_PLUS_1_BIT_3__ETC___d9 [0] \instance_fn_twosC_quire_0.IF_fn_twosC_quire_quire_seg_zero_PLUS_1_BIT_3__ETC___d9 [0] \instance_fn_twosC_quire_0.IF_fn_twosC_quire_quire_seg_zero_PLUS_1_BIT_3__ETC___d9 [0] \instance_fn_twosC_quire_0.IF_fn_twosC_quire_quire_seg_zero_PLUS_1_BIT_3__ETC___d9 [0] \instance_fn_twosC_quire_0.IF_fn_twosC_quire_quire_seg_zero_PLUS_1_BIT_3__ETC___d9 [0] \instance_fn_twosC_quire_0.IF_fn_twosC_quire_quire_seg_zero_PLUS_1_BIT_3__ETC___d9 [0] \instance_fn_twosC_quire_0.IF_fn_twosC_quire_quire_seg_zero_PLUS_1_BIT_3__ETC___d9 [0] \instance_fn_twosC_quire_0.IF_fn_twosC_quire_quire_seg_zero_PLUS_1_BIT_3__ETC___d9 [0] }
    Consolidated identical input bits for $mux cell $flatten\instance_fn_twosC_quire_2.$ternary$/teamspace/studios/this_studio/Melodica-Integration-into-Fife-Core/Learn_Bluespec_and_RISCV_Design/Code/Build/Fife/verilog/module_fn_twosC_quire.v:79$104:
      Old ports: A=31'0000000000000000000000000000000, B=31'1111111111111111111111111111111, Y=\instance_fn_twosC_quire_2.IF_fn_twosC_quire_quire_seg_zero_PLUS_1_BIT_3__ETC___d9 [30:0]
      New ports: A=1'0, B=1'1, Y=\instance_fn_twosC_quire_2.IF_fn_twosC_quire_quire_seg_zero_PLUS_1_BIT_3__ETC___d9 [0]
      New connections: \instance_fn_twosC_quire_2.IF_fn_twosC_quire_quire_seg_zero_PLUS_1_BIT_3__ETC___d9 [30:1] = { \instance_fn_twosC_quire_2.IF_fn_twosC_quire_quire_seg_zero_PLUS_1_BIT_3__ETC___d9 [0] \instance_fn_twosC_quire_2.IF_fn_twosC_quire_quire_seg_zero_PLUS_1_BIT_3__ETC___d9 [0] \instance_fn_twosC_quire_2.IF_fn_twosC_quire_quire_seg_zero_PLUS_1_BIT_3__ETC___d9 [0] \instance_fn_twosC_quire_2.IF_fn_twosC_quire_quire_seg_zero_PLUS_1_BIT_3__ETC___d9 [0] \instance_fn_twosC_quire_2.IF_fn_twosC_quire_quire_seg_zero_PLUS_1_BIT_3__ETC___d9 [0] \instance_fn_twosC_quire_2.IF_fn_twosC_quire_quire_seg_zero_PLUS_1_BIT_3__ETC___d9 [0] \instance_fn_twosC_quire_2.IF_fn_twosC_quire_quire_seg_zero_PLUS_1_BIT_3__ETC___d9 [0] \instance_fn_twosC_quire_2.IF_fn_twosC_quire_quire_seg_zero_PLUS_1_BIT_3__ETC___d9 [0] \instance_fn_twosC_quire_2.IF_fn_twosC_quire_quire_seg_zero_PLUS_1_BIT_3__ETC___d9 [0] \instance_fn_twosC_quire_2.IF_fn_twosC_quire_quire_seg_zero_PLUS_1_BIT_3__ETC___d9 [0] \instance_fn_twosC_quire_2.IF_fn_twosC_quire_quire_seg_zero_PLUS_1_BIT_3__ETC___d9 [0] \instance_fn_twosC_quire_2.IF_fn_twosC_quire_quire_seg_zero_PLUS_1_BIT_3__ETC___d9 [0] \instance_fn_twosC_quire_2.IF_fn_twosC_quire_quire_seg_zero_PLUS_1_BIT_3__ETC___d9 [0] \instance_fn_twosC_quire_2.IF_fn_twosC_quire_quire_seg_zero_PLUS_1_BIT_3__ETC___d9 [0] \instance_fn_twosC_quire_2.IF_fn_twosC_quire_quire_seg_zero_PLUS_1_BIT_3__ETC___d9 [0] \instance_fn_twosC_quire_2.IF_fn_twosC_quire_quire_seg_zero_PLUS_1_BIT_3__ETC___d9 [0] \instance_fn_twosC_quire_2.IF_fn_twosC_quire_quire_seg_zero_PLUS_1_BIT_3__ETC___d9 [0] \instance_fn_twosC_quire_2.IF_fn_twosC_quire_quire_seg_zero_PLUS_1_BIT_3__ETC___d9 [0] \instance_fn_twosC_quire_2.IF_fn_twosC_quire_quire_seg_zero_PLUS_1_BIT_3__ETC___d9 [0] \instance_fn_twosC_quire_2.IF_fn_twosC_quire_quire_seg_zero_PLUS_1_BIT_3__ETC___d9 [0] \instance_fn_twosC_quire_2.IF_fn_twosC_quire_quire_seg_zero_PLUS_1_BIT_3__ETC___d9 [0] \instance_fn_twosC_quire_2.IF_fn_twosC_quire_quire_seg_zero_PLUS_1_BIT_3__ETC___d9 [0] \instance_fn_twosC_quire_2.IF_fn_twosC_quire_quire_seg_zero_PLUS_1_BIT_3__ETC___d9 [0] \instance_fn_twosC_quire_2.IF_fn_twosC_quire_quire_seg_zero_PLUS_1_BIT_3__ETC___d9 [0] \instance_fn_twosC_quire_2.IF_fn_twosC_quire_quire_seg_zero_PLUS_1_BIT_3__ETC___d9 [0] \instance_fn_twosC_quire_2.IF_fn_twosC_quire_quire_seg_zero_PLUS_1_BIT_3__ETC___d9 [0] \instance_fn_twosC_quire_2.IF_fn_twosC_quire_quire_seg_zero_PLUS_1_BIT_3__ETC___d9 [0] \instance_fn_twosC_quire_2.IF_fn_twosC_quire_quire_seg_zero_PLUS_1_BIT_3__ETC___d9 [0] \instance_fn_twosC_quire_2.IF_fn_twosC_quire_quire_seg_zero_PLUS_1_BIT_3__ETC___d9 [0] \instance_fn_twosC_quire_2.IF_fn_twosC_quire_quire_seg_zero_PLUS_1_BIT_3__ETC___d9 [0] }
    Consolidated identical input bits for $mux cell $ternary$/teamspace/studios/this_studio/Melodica-Integration-into-Fife-Core/Learn_Bluespec_and_RISCV_Design/Code/Build/Fife/verilog/mkQuire.v:1138$383:
      Old ports: A=6'100000, B=6'011111, Y=$ternary$/teamspace/studios/this_studio/Melodica-Integration-into-Fife-Core/Learn_Bluespec_and_RISCV_Design/Code/Build/Fife/verilog/mkQuire.v:1138$383_Y
      New ports: A=2'10, B=2'01, Y={ $ternary$/teamspace/studios/this_studio/Melodica-Integration-into-Fife-Core/Learn_Bluespec_and_RISCV_Design/Code/Build/Fife/verilog/mkQuire.v:1138$383_Y [5] $ternary$/teamspace/studios/this_studio/Melodica-Integration-into-Fife-Core/Learn_Bluespec_and_RISCV_Design/Code/Build/Fife/verilog/mkQuire.v:1138$383_Y [0] }
      New connections: $ternary$/teamspace/studios/this_studio/Melodica-Integration-into-Fife-Core/Learn_Bluespec_and_RISCV_Design/Code/Build/Fife/verilog/mkQuire.v:1138$383_Y [4:1] = { $ternary$/teamspace/studios/this_studio/Melodica-Integration-into-Fife-Core/Learn_Bluespec_and_RISCV_Design/Code/Build/Fife/verilog/mkQuire.v:1138$383_Y [0] $ternary$/teamspace/studios/this_studio/Melodica-Integration-into-Fife-Core/Learn_Bluespec_and_RISCV_Design/Code/Build/Fife/verilog/mkQuire.v:1138$383_Y [0] $ternary$/teamspace/studios/this_studio/Melodica-Integration-into-Fife-Core/Learn_Bluespec_and_RISCV_Design/Code/Build/Fife/verilog/mkQuire.v:1138$383_Y [0] $ternary$/teamspace/studios/this_studio/Melodica-Integration-into-Fife-Core/Learn_Bluespec_and_RISCV_Design/Code/Build/Fife/verilog/mkQuire.v:1138$383_Y [0] }
    Consolidated identical input bits for $mux cell $ternary$/teamspace/studios/this_studio/Melodica-Integration-into-Fife-Core/Learn_Bluespec_and_RISCV_Design/Code/Build/Fife/verilog/mkQuire.v:845$310:
      Old ports: A={ 2'00 \MUX_posit_rsp_f$enq_1__VAL_2 [39] \IF_SEXT_IF_ff_num_msb_zeros_first__57_PLUS_1_5_ETC___d176 \prenorm_posit_frac__h10787 \x__h13658 \x__h14582 }, B=42'100000000000000000000000000000000000000001, Y=\posit_rsp_f$D_IN
      New ports: A={ 1'0 \MUX_posit_rsp_f$enq_1__VAL_2 [39] \IF_SEXT_IF_ff_num_msb_zeros_first__57_PLUS_1_5_ETC___d176 \prenorm_posit_frac__h10787 \x__h13658 \x__h14582 }, B=41'10000000000000000000000000000000000000001, Y={ \posit_rsp_f$D_IN [41] \posit_rsp_f$D_IN [39:0] }
      New connections: \posit_rsp_f$D_IN [40] = 1'0
    Consolidated identical input bits for $mux cell $ternary$/teamspace/studios/this_studio/Melodica-Integration-into-Fife-Core/Learn_Bluespec_and_RISCV_Design/Code/Build/Fife/verilog/mkQuire.v:941$328:
      Old ports: A=2'11, B=2'00, Y=$auto$wreduce.cc:461:run$1404 [1:0]
      New ports: A=1'1, B=1'0, Y=$auto$wreduce.cc:461:run$1404 [0]
      New connections: $auto$wreduce.cc:461:run$1404 [1] = $auto$wreduce.cc:461:run$1404 [0]
    Consolidated identical input bits for $mux cell $ternary$/teamspace/studios/this_studio/Melodica-Integration-into-Fife-Core/Learn_Bluespec_and_RISCV_Design/Code/Build/Fife/verilog/mkQuire.v:949$333:
      Old ports: A=10'0001111000, B={ \IF_ff_num_msb_zeros_first__57_PLUS_1_58_BIT_7__ETC___d163 [7] \IF_ff_num_msb_zeros_first__57_PLUS_1_58_BIT_7__ETC___d163 [7] \IF_ff_num_msb_zeros_first__57_PLUS_1_58_BIT_7__ETC___d163 }, Y=$ternary$/teamspace/studios/this_studio/Melodica-Integration-into-Fife-Core/Learn_Bluespec_and_RISCV_Design/Code/Build/Fife/verilog/mkQuire.v:949$333_Y
      New ports: A=8'01111000, B=\IF_ff_num_msb_zeros_first__57_PLUS_1_58_BIT_7__ETC___d163, Y=$ternary$/teamspace/studios/this_studio/Melodica-Integration-into-Fife-Core/Learn_Bluespec_and_RISCV_Design/Code/Build/Fife/verilog/mkQuire.v:949$333_Y [7:0]
      New connections: $ternary$/teamspace/studios/this_studio/Melodica-Integration-into-Fife-Core/Learn_Bluespec_and_RISCV_Design/Code/Build/Fife/verilog/mkQuire.v:949$333_Y [9:8] = { $ternary$/teamspace/studios/this_studio/Melodica-Integration-into-Fife-Core/Learn_Bluespec_and_RISCV_Design/Code/Build/Fife/verilog/mkQuire.v:949$333_Y [7] $ternary$/teamspace/studios/this_studio/Melodica-Integration-into-Fife-Core/Learn_Bluespec_and_RISCV_Design/Code/Build/Fife/verilog/mkQuire.v:949$333_Y [7] }
  Optimizing cells in module \mkQuire.
    Consolidated identical input bits for $mux cell $ternary$/teamspace/studios/this_studio/Melodica-Integration-into-Fife-Core/Learn_Bluespec_and_RISCV_Design/Code/Build/Fife/verilog/mkQuire.v:1136$384:
      Old ports: A=$ternary$/teamspace/studios/this_studio/Melodica-Integration-into-Fife-Core/Learn_Bluespec_and_RISCV_Design/Code/Build/Fife/verilog/mkQuire.v:1138$383_Y, B=6'011110, Y=$ternary$/teamspace/studios/this_studio/Melodica-Integration-into-Fife-Core/Learn_Bluespec_and_RISCV_Design/Code/Build/Fife/verilog/mkQuire.v:1136$384_Y
      New ports: A={ $ternary$/teamspace/studios/this_studio/Melodica-Integration-into-Fife-Core/Learn_Bluespec_and_RISCV_Design/Code/Build/Fife/verilog/mkQuire.v:1138$383_Y [5] $ternary$/teamspace/studios/this_studio/Melodica-Integration-into-Fife-Core/Learn_Bluespec_and_RISCV_Design/Code/Build/Fife/verilog/mkQuire.v:1138$383_Y [0] $ternary$/teamspace/studios/this_studio/Melodica-Integration-into-Fife-Core/Learn_Bluespec_and_RISCV_Design/Code/Build/Fife/verilog/mkQuire.v:1138$383_Y [0] }, B=3'010, Y={ $ternary$/teamspace/studios/this_studio/Melodica-Integration-into-Fife-Core/Learn_Bluespec_and_RISCV_Design/Code/Build/Fife/verilog/mkQuire.v:1136$384_Y [5] $ternary$/teamspace/studios/this_studio/Melodica-Integration-into-Fife-Core/Learn_Bluespec_and_RISCV_Design/Code/Build/Fife/verilog/mkQuire.v:1136$384_Y [1:0] }
      New connections: $ternary$/teamspace/studios/this_studio/Melodica-Integration-into-Fife-Core/Learn_Bluespec_and_RISCV_Design/Code/Build/Fife/verilog/mkQuire.v:1136$384_Y [4:2] = { $ternary$/teamspace/studios/this_studio/Melodica-Integration-into-Fife-Core/Learn_Bluespec_and_RISCV_Design/Code/Build/Fife/verilog/mkQuire.v:1136$384_Y [1] $ternary$/teamspace/studios/this_studio/Melodica-Integration-into-Fife-Core/Learn_Bluespec_and_RISCV_Design/Code/Build/Fife/verilog/mkQuire.v:1136$384_Y [1] $ternary$/teamspace/studios/this_studio/Melodica-Integration-into-Fife-Core/Learn_Bluespec_and_RISCV_Design/Code/Build/Fife/verilog/mkQuire.v:1136$384_Y [1] }
    Consolidated identical input bits for $mux cell $ternary$/teamspace/studios/this_studio/Melodica-Integration-into-Fife-Core/Learn_Bluespec_and_RISCV_Design/Code/Build/Fife/verilog/mkQuire.v:578$184:
      Old ports: A=0, B={ 1'1 \instance_fn_twosC_quire_2.IF_fn_twosC_quire_quire_seg_zero_PLUS_1_BIT_3__ETC___d9 [30:0] }, Y=\MUX_vrg_quire_3$write_1__VAL_2
      New ports: A=2'00, B={ 1'1 \instance_fn_twosC_quire_2.IF_fn_twosC_quire_quire_seg_zero_PLUS_1_BIT_3__ETC___d9 [0] }, Y={ \MUX_vrg_quire_3$write_1__VAL_2 [31] \MUX_vrg_quire_3$write_1__VAL_2 [0] }
      New connections: \MUX_vrg_quire_3$write_1__VAL_2 [30:1] = { \MUX_vrg_quire_3$write_1__VAL_2 [0] \MUX_vrg_quire_3$write_1__VAL_2 [0] \MUX_vrg_quire_3$write_1__VAL_2 [0] \MUX_vrg_quire_3$write_1__VAL_2 [0] \MUX_vrg_quire_3$write_1__VAL_2 [0] \MUX_vrg_quire_3$write_1__VAL_2 [0] \MUX_vrg_quire_3$write_1__VAL_2 [0] \MUX_vrg_quire_3$write_1__VAL_2 [0] \MUX_vrg_quire_3$write_1__VAL_2 [0] \MUX_vrg_quire_3$write_1__VAL_2 [0] \MUX_vrg_quire_3$write_1__VAL_2 [0] \MUX_vrg_quire_3$write_1__VAL_2 [0] \MUX_vrg_quire_3$write_1__VAL_2 [0] \MUX_vrg_quire_3$write_1__VAL_2 [0] \MUX_vrg_quire_3$write_1__VAL_2 [0] \MUX_vrg_quire_3$write_1__VAL_2 [0] \MUX_vrg_quire_3$write_1__VAL_2 [0] \MUX_vrg_quire_3$write_1__VAL_2 [0] \MUX_vrg_quire_3$write_1__VAL_2 [0] \MUX_vrg_quire_3$write_1__VAL_2 [0] \MUX_vrg_quire_3$write_1__VAL_2 [0] \MUX_vrg_quire_3$write_1__VAL_2 [0] \MUX_vrg_quire_3$write_1__VAL_2 [0] \MUX_vrg_quire_3$write_1__VAL_2 [0] \MUX_vrg_quire_3$write_1__VAL_2 [0] \MUX_vrg_quire_3$write_1__VAL_2 [0] \MUX_vrg_quire_3$write_1__VAL_2 [0] \MUX_vrg_quire_3$write_1__VAL_2 [0] \MUX_vrg_quire_3$write_1__VAL_2 [0] \MUX_vrg_quire_3$write_1__VAL_2 [0] }
    Consolidated identical input bits for $mux cell $ternary$/teamspace/studios/this_studio/Melodica-Integration-into-Fife-Core/Learn_Bluespec_and_RISCV_Design/Code/Build/Fife/verilog/mkQuire.v:947$334:
      Old ports: A=10'1110001000, B=$ternary$/teamspace/studios/this_studio/Melodica-Integration-into-Fife-Core/Learn_Bluespec_and_RISCV_Design/Code/Build/Fife/verilog/mkQuire.v:949$333_Y, Y=\IF_SEXT_IF_ff_num_msb_zeros_first__57_PLUS_1_5_ETC___d176
      New ports: A=8'10001000, B=$ternary$/teamspace/studios/this_studio/Melodica-Integration-into-Fife-Core/Learn_Bluespec_and_RISCV_Design/Code/Build/Fife/verilog/mkQuire.v:949$333_Y [7:0], Y=\IF_SEXT_IF_ff_num_msb_zeros_first__57_PLUS_1_5_ETC___d176 [7:0]
      New connections: \IF_SEXT_IF_ff_num_msb_zeros_first__57_PLUS_1_5_ETC___d176 [9:8] = { \IF_SEXT_IF_ff_num_msb_zeros_first__57_PLUS_1_5_ETC___d176 [7] \IF_SEXT_IF_ff_num_msb_zeros_first__57_PLUS_1_5_ETC___d176 [7] }
    Consolidated identical input bits for $mux cell $ternary$/teamspace/studios/this_studio/Melodica-Integration-into-Fife-Core/Learn_Bluespec_and_RISCV_Design/Code/Build/Fife/verilog/mkQuire.v:953$335:
      Old ports: A={ 32'00000000000000000000000000000000 \accumulate_x [100:5] }, B={ 1'1 \instance_fn_twosC_quire_0.IF_fn_twosC_quire_quire_seg_zero_PLUS_1_BIT_3__ETC___d9 [30:0] \instance_fn_twosC_quire_0.IF_fn_twosC_quire_quire_seg_zero_PLUS_1_BIT_2__ETC___d18 \instance_fn_twosC_quire_0.IF_fn_twosC_quire_quire_seg_zero_PLUS_1_BIT_1__ETC___d27 \instance_fn_twosC_quire_0.IF_fn_twosC_quire_quire_seg_zero_PLUS_1_BIT_0__ETC___d35 }, Y=\IF_accumulate_x_BIT_101_21_THEN_0b1_CONCAT_fn__ETC___d234
      New ports: A={ 2'00 \accumulate_x [100:5] }, B={ 1'1 \instance_fn_twosC_quire_0.IF_fn_twosC_quire_quire_seg_zero_PLUS_1_BIT_3__ETC___d9 [0] \instance_fn_twosC_quire_0.IF_fn_twosC_quire_quire_seg_zero_PLUS_1_BIT_2__ETC___d18 \instance_fn_twosC_quire_0.IF_fn_twosC_quire_quire_seg_zero_PLUS_1_BIT_1__ETC___d27 \instance_fn_twosC_quire_0.IF_fn_twosC_quire_quire_seg_zero_PLUS_1_BIT_0__ETC___d35 }, Y={ \IF_accumulate_x_BIT_101_21_THEN_0b1_CONCAT_fn__ETC___d234 [127] \IF_accumulate_x_BIT_101_21_THEN_0b1_CONCAT_fn__ETC___d234 [96:0] }
      New connections: \IF_accumulate_x_BIT_101_21_THEN_0b1_CONCAT_fn__ETC___d234 [126:97] = { \IF_accumulate_x_BIT_101_21_THEN_0b1_CONCAT_fn__ETC___d234 [96] \IF_accumulate_x_BIT_101_21_THEN_0b1_CONCAT_fn__ETC___d234 [96] \IF_accumulate_x_BIT_101_21_THEN_0b1_CONCAT_fn__ETC___d234 [96] \IF_accumulate_x_BIT_101_21_THEN_0b1_CONCAT_fn__ETC___d234 [96] \IF_accumulate_x_BIT_101_21_THEN_0b1_CONCAT_fn__ETC___d234 [96] \IF_accumulate_x_BIT_101_21_THEN_0b1_CONCAT_fn__ETC___d234 [96] \IF_accumulate_x_BIT_101_21_THEN_0b1_CONCAT_fn__ETC___d234 [96] \IF_accumulate_x_BIT_101_21_THEN_0b1_CONCAT_fn__ETC___d234 [96] \IF_accumulate_x_BIT_101_21_THEN_0b1_CONCAT_fn__ETC___d234 [96] \IF_accumulate_x_BIT_101_21_THEN_0b1_CONCAT_fn__ETC___d234 [96] \IF_accumulate_x_BIT_101_21_THEN_0b1_CONCAT_fn__ETC___d234 [96] \IF_accumulate_x_BIT_101_21_THEN_0b1_CONCAT_fn__ETC___d234 [96] \IF_accumulate_x_BIT_101_21_THEN_0b1_CONCAT_fn__ETC___d234 [96] \IF_accumulate_x_BIT_101_21_THEN_0b1_CONCAT_fn__ETC___d234 [96] \IF_accumulate_x_BIT_101_21_THEN_0b1_CONCAT_fn__ETC___d234 [96] \IF_accumulate_x_BIT_101_21_THEN_0b1_CONCAT_fn__ETC___d234 [96] \IF_accumulate_x_BIT_101_21_THEN_0b1_CONCAT_fn__ETC___d234 [96] \IF_accumulate_x_BIT_101_21_THEN_0b1_CONCAT_fn__ETC___d234 [96] \IF_accumulate_x_BIT_101_21_THEN_0b1_CONCAT_fn__ETC___d234 [96] \IF_accumulate_x_BIT_101_21_THEN_0b1_CONCAT_fn__ETC___d234 [96] \IF_accumulate_x_BIT_101_21_THEN_0b1_CONCAT_fn__ETC___d234 [96] \IF_accumulate_x_BIT_101_21_THEN_0b1_CONCAT_fn__ETC___d234 [96] \IF_accumulate_x_BIT_101_21_THEN_0b1_CONCAT_fn__ETC___d234 [96] \IF_accumulate_x_BIT_101_21_THEN_0b1_CONCAT_fn__ETC___d234 [96] \IF_accumulate_x_BIT_101_21_THEN_0b1_CONCAT_fn__ETC___d234 [96] \IF_accumulate_x_BIT_101_21_THEN_0b1_CONCAT_fn__ETC___d234 [96] \IF_accumulate_x_BIT_101_21_THEN_0b1_CONCAT_fn__ETC___d234 [96] \IF_accumulate_x_BIT_101_21_THEN_0b1_CONCAT_fn__ETC___d234 [96] \IF_accumulate_x_BIT_101_21_THEN_0b1_CONCAT_fn__ETC___d234 [96] \IF_accumulate_x_BIT_101_21_THEN_0b1_CONCAT_fn__ETC___d234 [96] }
  Optimizing cells in module \mkQuire.
    Consolidated identical input bits for $mux cell $ternary$/teamspace/studios/this_studio/Melodica-Integration-into-Fife-Core/Learn_Bluespec_and_RISCV_Design/Code/Build/Fife/verilog/mkQuire.v:1134$385:
      Old ports: A=$ternary$/teamspace/studios/this_studio/Melodica-Integration-into-Fife-Core/Learn_Bluespec_and_RISCV_Design/Code/Build/Fife/verilog/mkQuire.v:1136$384_Y, B=6'011101, Y=$ternary$/teamspace/studios/this_studio/Melodica-Integration-into-Fife-Core/Learn_Bluespec_and_RISCV_Design/Code/Build/Fife/verilog/mkQuire.v:1134$385_Y
      New ports: A={ $ternary$/teamspace/studios/this_studio/Melodica-Integration-into-Fife-Core/Learn_Bluespec_and_RISCV_Design/Code/Build/Fife/verilog/mkQuire.v:1136$384_Y [5] $ternary$/teamspace/studios/this_studio/Melodica-Integration-into-Fife-Core/Learn_Bluespec_and_RISCV_Design/Code/Build/Fife/verilog/mkQuire.v:1136$384_Y [1] $ternary$/teamspace/studios/this_studio/Melodica-Integration-into-Fife-Core/Learn_Bluespec_and_RISCV_Design/Code/Build/Fife/verilog/mkQuire.v:1136$384_Y [1:0] }, B=4'0101, Y={ $ternary$/teamspace/studios/this_studio/Melodica-Integration-into-Fife-Core/Learn_Bluespec_and_RISCV_Design/Code/Build/Fife/verilog/mkQuire.v:1134$385_Y [5] $ternary$/teamspace/studios/this_studio/Melodica-Integration-into-Fife-Core/Learn_Bluespec_and_RISCV_Design/Code/Build/Fife/verilog/mkQuire.v:1134$385_Y [2:0] }
      New connections: $ternary$/teamspace/studios/this_studio/Melodica-Integration-into-Fife-Core/Learn_Bluespec_and_RISCV_Design/Code/Build/Fife/verilog/mkQuire.v:1134$385_Y [4:3] = { $ternary$/teamspace/studios/this_studio/Melodica-Integration-into-Fife-Core/Learn_Bluespec_and_RISCV_Design/Code/Build/Fife/verilog/mkQuire.v:1134$385_Y [2] $ternary$/teamspace/studios/this_studio/Melodica-Integration-into-Fife-Core/Learn_Bluespec_and_RISCV_Design/Code/Build/Fife/verilog/mkQuire.v:1134$385_Y [2] }
    Consolidated identical input bits for $mux cell $ternary$/teamspace/studios/this_studio/Melodica-Integration-into-Fife-Core/Learn_Bluespec_and_RISCV_Design/Code/Build/Fife/verilog/mkQuire.v:845$310:
      Old ports: A={ 1'0 \MUX_posit_rsp_f$enq_1__VAL_2 [39] \IF_SEXT_IF_ff_num_msb_zeros_first__57_PLUS_1_5_ETC___d176 \prenorm_posit_frac__h10787 \x__h13658 \x__h14582 }, B=41'10000000000000000000000000000000000000001, Y={ \posit_rsp_f$D_IN [41] \posit_rsp_f$D_IN [39:0] }
      New ports: A={ 1'0 \MUX_posit_rsp_f$enq_1__VAL_2 [39] \IF_SEXT_IF_ff_num_msb_zeros_first__57_PLUS_1_5_ETC___d176 [7:0] \prenorm_posit_frac__h10787 \x__h13658 \x__h14582 }, B=39'100000000000000000000000000000000000001, Y={ \posit_rsp_f$D_IN [41] \posit_rsp_f$D_IN [39] \posit_rsp_f$D_IN [36:0] }
      New connections: \posit_rsp_f$D_IN [38:37] = { \posit_rsp_f$D_IN [36] \posit_rsp_f$D_IN [36] }
  Optimizing cells in module \mkQuire.
    Consolidated identical input bits for $mux cell $ternary$/teamspace/studios/this_studio/Melodica-Integration-into-Fife-Core/Learn_Bluespec_and_RISCV_Design/Code/Build/Fife/verilog/mkQuire.v:1132$386:
      Old ports: A=$ternary$/teamspace/studios/this_studio/Melodica-Integration-into-Fife-Core/Learn_Bluespec_and_RISCV_Design/Code/Build/Fife/verilog/mkQuire.v:1134$385_Y, B=6'011100, Y=$ternary$/teamspace/studios/this_studio/Melodica-Integration-into-Fife-Core/Learn_Bluespec_and_RISCV_Design/Code/Build/Fife/verilog/mkQuire.v:1132$386_Y
      New ports: A={ $ternary$/teamspace/studios/this_studio/Melodica-Integration-into-Fife-Core/Learn_Bluespec_and_RISCV_Design/Code/Build/Fife/verilog/mkQuire.v:1134$385_Y [5] $ternary$/teamspace/studios/this_studio/Melodica-Integration-into-Fife-Core/Learn_Bluespec_and_RISCV_Design/Code/Build/Fife/verilog/mkQuire.v:1134$385_Y [2:0] }, B=4'0100, Y={ $ternary$/teamspace/studios/this_studio/Melodica-Integration-into-Fife-Core/Learn_Bluespec_and_RISCV_Design/Code/Build/Fife/verilog/mkQuire.v:1132$386_Y [5] $ternary$/teamspace/studios/this_studio/Melodica-Integration-into-Fife-Core/Learn_Bluespec_and_RISCV_Design/Code/Build/Fife/verilog/mkQuire.v:1132$386_Y [2:0] }
      New connections: $ternary$/teamspace/studios/this_studio/Melodica-Integration-into-Fife-Core/Learn_Bluespec_and_RISCV_Design/Code/Build/Fife/verilog/mkQuire.v:1132$386_Y [4:3] = { $ternary$/teamspace/studios/this_studio/Melodica-Integration-into-Fife-Core/Learn_Bluespec_and_RISCV_Design/Code/Build/Fife/verilog/mkQuire.v:1132$386_Y [2] $ternary$/teamspace/studios/this_studio/Melodica-Integration-into-Fife-Core/Learn_Bluespec_and_RISCV_Design/Code/Build/Fife/verilog/mkQuire.v:1132$386_Y [2] }
  Optimizing cells in module \mkQuire.
    Consolidated identical input bits for $mux cell $ternary$/teamspace/studios/this_studio/Melodica-Integration-into-Fife-Core/Learn_Bluespec_and_RISCV_Design/Code/Build/Fife/verilog/mkQuire.v:1130$387:
      Old ports: A=$ternary$/teamspace/studios/this_studio/Melodica-Integration-into-Fife-Core/Learn_Bluespec_and_RISCV_Design/Code/Build/Fife/verilog/mkQuire.v:1132$386_Y, B=6'011011, Y=$ternary$/teamspace/studios/this_studio/Melodica-Integration-into-Fife-Core/Learn_Bluespec_and_RISCV_Design/Code/Build/Fife/verilog/mkQuire.v:1130$387_Y
      New ports: A={ $ternary$/teamspace/studios/this_studio/Melodica-Integration-into-Fife-Core/Learn_Bluespec_and_RISCV_Design/Code/Build/Fife/verilog/mkQuire.v:1132$386_Y [5] $ternary$/teamspace/studios/this_studio/Melodica-Integration-into-Fife-Core/Learn_Bluespec_and_RISCV_Design/Code/Build/Fife/verilog/mkQuire.v:1132$386_Y [2] $ternary$/teamspace/studios/this_studio/Melodica-Integration-into-Fife-Core/Learn_Bluespec_and_RISCV_Design/Code/Build/Fife/verilog/mkQuire.v:1132$386_Y [2:0] }, B=5'01011, Y={ $ternary$/teamspace/studios/this_studio/Melodica-Integration-into-Fife-Core/Learn_Bluespec_and_RISCV_Design/Code/Build/Fife/verilog/mkQuire.v:1130$387_Y [5] $ternary$/teamspace/studios/this_studio/Melodica-Integration-into-Fife-Core/Learn_Bluespec_and_RISCV_Design/Code/Build/Fife/verilog/mkQuire.v:1130$387_Y [3:0] }
      New connections: $ternary$/teamspace/studios/this_studio/Melodica-Integration-into-Fife-Core/Learn_Bluespec_and_RISCV_Design/Code/Build/Fife/verilog/mkQuire.v:1130$387_Y [4] = $ternary$/teamspace/studios/this_studio/Melodica-Integration-into-Fife-Core/Learn_Bluespec_and_RISCV_Design/Code/Build/Fife/verilog/mkQuire.v:1130$387_Y [3]
  Optimizing cells in module \mkQuire.
    Consolidated identical input bits for $mux cell $ternary$/teamspace/studios/this_studio/Melodica-Integration-into-Fife-Core/Learn_Bluespec_and_RISCV_Design/Code/Build/Fife/verilog/mkQuire.v:1128$388:
      Old ports: A=$ternary$/teamspace/studios/this_studio/Melodica-Integration-into-Fife-Core/Learn_Bluespec_and_RISCV_Design/Code/Build/Fife/verilog/mkQuire.v:1130$387_Y, B=6'011010, Y=$ternary$/teamspace/studios/this_studio/Melodica-Integration-into-Fife-Core/Learn_Bluespec_and_RISCV_Design/Code/Build/Fife/verilog/mkQuire.v:1128$388_Y
      New ports: A={ $ternary$/teamspace/studios/this_studio/Melodica-Integration-into-Fife-Core/Learn_Bluespec_and_RISCV_Design/Code/Build/Fife/verilog/mkQuire.v:1130$387_Y [5] $ternary$/teamspace/studios/this_studio/Melodica-Integration-into-Fife-Core/Learn_Bluespec_and_RISCV_Design/Code/Build/Fife/verilog/mkQuire.v:1130$387_Y [3:0] }, B=5'01010, Y={ $ternary$/teamspace/studios/this_studio/Melodica-Integration-into-Fife-Core/Learn_Bluespec_and_RISCV_Design/Code/Build/Fife/verilog/mkQuire.v:1128$388_Y [5] $ternary$/teamspace/studios/this_studio/Melodica-Integration-into-Fife-Core/Learn_Bluespec_and_RISCV_Design/Code/Build/Fife/verilog/mkQuire.v:1128$388_Y [3:0] }
      New connections: $ternary$/teamspace/studios/this_studio/Melodica-Integration-into-Fife-Core/Learn_Bluespec_and_RISCV_Design/Code/Build/Fife/verilog/mkQuire.v:1128$388_Y [4] = $ternary$/teamspace/studios/this_studio/Melodica-Integration-into-Fife-Core/Learn_Bluespec_and_RISCV_Design/Code/Build/Fife/verilog/mkQuire.v:1128$388_Y [3]
  Optimizing cells in module \mkQuire.
    Consolidated identical input bits for $mux cell $ternary$/teamspace/studios/this_studio/Melodica-Integration-into-Fife-Core/Learn_Bluespec_and_RISCV_Design/Code/Build/Fife/verilog/mkQuire.v:1126$389:
      Old ports: A=$ternary$/teamspace/studios/this_studio/Melodica-Integration-into-Fife-Core/Learn_Bluespec_and_RISCV_Design/Code/Build/Fife/verilog/mkQuire.v:1128$388_Y, B=6'011001, Y=$ternary$/teamspace/studios/this_studio/Melodica-Integration-into-Fife-Core/Learn_Bluespec_and_RISCV_Design/Code/Build/Fife/verilog/mkQuire.v:1126$389_Y
      New ports: A={ $ternary$/teamspace/studios/this_studio/Melodica-Integration-into-Fife-Core/Learn_Bluespec_and_RISCV_Design/Code/Build/Fife/verilog/mkQuire.v:1128$388_Y [5] $ternary$/teamspace/studios/this_studio/Melodica-Integration-into-Fife-Core/Learn_Bluespec_and_RISCV_Design/Code/Build/Fife/verilog/mkQuire.v:1128$388_Y [3:0] }, B=5'01001, Y={ $ternary$/teamspace/studios/this_studio/Melodica-Integration-into-Fife-Core/Learn_Bluespec_and_RISCV_Design/Code/Build/Fife/verilog/mkQuire.v:1126$389_Y [5] $ternary$/teamspace/studios/this_studio/Melodica-Integration-into-Fife-Core/Learn_Bluespec_and_RISCV_Design/Code/Build/Fife/verilog/mkQuire.v:1126$389_Y [3:0] }
      New connections: $ternary$/teamspace/studios/this_studio/Melodica-Integration-into-Fife-Core/Learn_Bluespec_and_RISCV_Design/Code/Build/Fife/verilog/mkQuire.v:1126$389_Y [4] = $ternary$/teamspace/studios/this_studio/Melodica-Integration-into-Fife-Core/Learn_Bluespec_and_RISCV_Design/Code/Build/Fife/verilog/mkQuire.v:1126$389_Y [3]
  Optimizing cells in module \mkQuire.
    Consolidated identical input bits for $mux cell $ternary$/teamspace/studios/this_studio/Melodica-Integration-into-Fife-Core/Learn_Bluespec_and_RISCV_Design/Code/Build/Fife/verilog/mkQuire.v:1124$390:
      Old ports: A=$ternary$/teamspace/studios/this_studio/Melodica-Integration-into-Fife-Core/Learn_Bluespec_and_RISCV_Design/Code/Build/Fife/verilog/mkQuire.v:1126$389_Y, B=6'011000, Y=$ternary$/teamspace/studios/this_studio/Melodica-Integration-into-Fife-Core/Learn_Bluespec_and_RISCV_Design/Code/Build/Fife/verilog/mkQuire.v:1124$390_Y
      New ports: A={ $ternary$/teamspace/studios/this_studio/Melodica-Integration-into-Fife-Core/Learn_Bluespec_and_RISCV_Design/Code/Build/Fife/verilog/mkQuire.v:1126$389_Y [5] $ternary$/teamspace/studios/this_studio/Melodica-Integration-into-Fife-Core/Learn_Bluespec_and_RISCV_Design/Code/Build/Fife/verilog/mkQuire.v:1126$389_Y [3:0] }, B=5'01000, Y={ $ternary$/teamspace/studios/this_studio/Melodica-Integration-into-Fife-Core/Learn_Bluespec_and_RISCV_Design/Code/Build/Fife/verilog/mkQuire.v:1124$390_Y [5] $ternary$/teamspace/studios/this_studio/Melodica-Integration-into-Fife-Core/Learn_Bluespec_and_RISCV_Design/Code/Build/Fife/verilog/mkQuire.v:1124$390_Y [3:0] }
      New connections: $ternary$/teamspace/studios/this_studio/Melodica-Integration-into-Fife-Core/Learn_Bluespec_and_RISCV_Design/Code/Build/Fife/verilog/mkQuire.v:1124$390_Y [4] = $ternary$/teamspace/studios/this_studio/Melodica-Integration-into-Fife-Core/Learn_Bluespec_and_RISCV_Design/Code/Build/Fife/verilog/mkQuire.v:1124$390_Y [3]
  Optimizing cells in module \mkQuire.
Performed a total of 17 changes.

14.20.5. Executing OPT_MERGE pass (detect identical cells).
Finding identical cells in module `\mkQuire'.
Removed a total of 0 cells.

14.20.6. Executing OPT_SHARE pass.
    Found cells that share an operand and can be merged by moving the $mux $ternary$/teamspace/studios/this_studio/Melodica-Integration-into-Fife-Core/Learn_Bluespec_and_RISCV_Design/Code/Build/Fife/verilog/mkQuire.v:604$202 in front of them:
        $auto$alumacc.cc:485:replace_alu$1466
        $auto$alumacc.cc:485:replace_alu$1463

14.20.7. Executing OPT_DFF pass (perform DFF optimizations).
Adding SRST signal on $\seg_adder_vff_carry_0.arr$rdreg[0] ($dff) from module mkQuire (D = $auto$rtlil.cc:2498:Mux$1559, Q = $\seg_adder_vff_carry_0.arr$rdreg[0]$q, rval = 2'00).
Adding SRST signal on $\seg_adder_vff_carry_1.arr$rdreg[0] ($dff) from module mkQuire (D = $auto$rtlil.cc:2498:Mux$1564, Q = $\seg_adder_vff_carry_1.arr$rdreg[0]$q, rval = 2'00).
Adding SRST signal on $\seg_adder_vff_carry_2.arr$rdreg[0] ($dff) from module mkQuire (D = $auto$rtlil.cc:2498:Mux$1569, Q = $\seg_adder_vff_carry_2.arr$rdreg[0]$q, rval = 2'00).
Adding SRST signal on $\seg_adder_vff_in_0.arr$rdreg[0] ($dff) from module mkQuire (D = $auto$rtlil.cc:2498:Mux$1574, Q = $\seg_adder_vff_in_0.arr$rdreg[0]$q, rval = 2'00).
Adding SRST signal on $\seg_adder_vff_in_1.arr$rdreg[0] ($dff) from module mkQuire (D = $auto$rtlil.cc:2498:Mux$1579, Q = $\seg_adder_vff_in_1.arr$rdreg[0]$q, rval = 2'00).
Adding SRST signal on $\seg_adder_vff_in_2.arr$rdreg[0] ($dff) from module mkQuire (D = $auto$rtlil.cc:2498:Mux$1584, Q = $\seg_adder_vff_in_2.arr$rdreg[0]$q, rval = 2'00).
Adding SRST signal on $\seg_adder_vff_in_3.arr$rdreg[0] ($dff) from module mkQuire (D = $auto$rtlil.cc:2498:Mux$1589, Q = $\seg_adder_vff_in_3.arr$rdreg[0]$q, rval = 2'00).

14.20.8. Executing OPT_CLEAN pass (remove unused cells and wires).
Finding unused cells or wires in module \mkQuire..
Removed 7 unused cells and 76 unused wires.
<suppressed ~10 debug messages>

14.20.9. Executing OPT_EXPR pass (perform const folding).
Optimizing module mkQuire.
<suppressed ~12 debug messages>

14.20.10. Rerunning OPT passes. (Maybe there is more to do..)

14.20.11. Executing OPT_MUXTREE pass (detect dead branches in mux trees).
Running muxtree optimizer on module \mkQuire..
  Creating internal representation of mux trees.
  Evaluating internal representation of mux trees.
  Analyzing evaluation results.
Removed 0 multiplexer ports.
<suppressed ~87 debug messages>

14.20.12. Executing OPT_REDUCE pass (consolidate $*mux and $reduce_* inputs).
  Optimizing cells in module \mkQuire.
    Consolidated identical input bits for $mux cell $auto$opt_share.cc:244:merge_operators$1890:
      Old ports: A=2'11, B=2'01, Y=$auto$rtlil.cc:2498:Mux$1891
      New ports: A=1'1, B=1'0, Y=$auto$rtlil.cc:2498:Mux$1891 [1]
      New connections: $auto$rtlil.cc:2498:Mux$1891 [0] = 1'1
  Optimizing cells in module \mkQuire.
Performed a total of 1 changes.

14.20.13. Executing OPT_MERGE pass (detect identical cells).
Finding identical cells in module `\mkQuire'.
Removed a total of 0 cells.

14.20.14. Executing OPT_SHARE pass.

14.20.15. Executing OPT_DFF pass (perform DFF optimizations).
Adding EN signal on $memory\seg_adder_vff_in_3.arr[2]$1850 ($dff) from module mkQuire (D = { \IF_accumulate_x_BIT_101_21_THEN_0b1_CONCAT_fn__ETC___d234 [127:126] \IF_accumulate_x_BIT_101_21_THEN_0b1_CONCAT_fn__ETC___d234 [126] \IF_accumulate_x_BIT_101_21_THEN_0b1_CONCAT_fn__ETC___d234 [126] \IF_accumulate_x_BIT_101_21_THEN_0b1_CONCAT_fn__ETC___d234 [126] \IF_accumulate_x_BIT_101_21_THEN_0b1_CONCAT_fn__ETC___d234 [126] \IF_accumulate_x_BIT_101_21_THEN_0b1_CONCAT_fn__ETC___d234 [126] \IF_accumulate_x_BIT_101_21_THEN_0b1_CONCAT_fn__ETC___d234 [126] \IF_accumulate_x_BIT_101_21_THEN_0b1_CONCAT_fn__ETC___d234 [126] \IF_accumulate_x_BIT_101_21_THEN_0b1_CONCAT_fn__ETC___d234 [126] \IF_accumulate_x_BIT_101_21_THEN_0b1_CONCAT_fn__ETC___d234 [126] \IF_accumulate_x_BIT_101_21_THEN_0b1_CONCAT_fn__ETC___d234 [126] \IF_accumulate_x_BIT_101_21_THEN_0b1_CONCAT_fn__ETC___d234 [126] \IF_accumulate_x_BIT_101_21_THEN_0b1_CONCAT_fn__ETC___d234 [126] \IF_accumulate_x_BIT_101_21_THEN_0b1_CONCAT_fn__ETC___d234 [126] \IF_accumulate_x_BIT_101_21_THEN_0b1_CONCAT_fn__ETC___d234 [126] \IF_accumulate_x_BIT_101_21_THEN_0b1_CONCAT_fn__ETC___d234 [126] \IF_accumulate_x_BIT_101_21_THEN_0b1_CONCAT_fn__ETC___d234 [126] \IF_accumulate_x_BIT_101_21_THEN_0b1_CONCAT_fn__ETC___d234 [126] \IF_accumulate_x_BIT_101_21_THEN_0b1_CONCAT_fn__ETC___d234 [126] \IF_accumulate_x_BIT_101_21_THEN_0b1_CONCAT_fn__ETC___d234 [126] \IF_accumulate_x_BIT_101_21_THEN_0b1_CONCAT_fn__ETC___d234 [126] \IF_accumulate_x_BIT_101_21_THEN_0b1_CONCAT_fn__ETC___d234 [126] \IF_accumulate_x_BIT_101_21_THEN_0b1_CONCAT_fn__ETC___d234 [126] \IF_accumulate_x_BIT_101_21_THEN_0b1_CONCAT_fn__ETC___d234 [126] \IF_accumulate_x_BIT_101_21_THEN_0b1_CONCAT_fn__ETC___d234 [126] \IF_accumulate_x_BIT_101_21_THEN_0b1_CONCAT_fn__ETC___d234 [126] \IF_accumulate_x_BIT_101_21_THEN_0b1_CONCAT_fn__ETC___d234 [126] \IF_accumulate_x_BIT_101_21_THEN_0b1_CONCAT_fn__ETC___d234 [126] \IF_accumulate_x_BIT_101_21_THEN_0b1_CONCAT_fn__ETC___d234 [126] \IF_accumulate_x_BIT_101_21_THEN_0b1_CONCAT_fn__ETC___d234 [126] \IF_accumulate_x_BIT_101_21_THEN_0b1_CONCAT_fn__ETC___d234 [126] }, Q = \seg_adder_vff_in_3.arr[2]).
Adding EN signal on $memory\seg_adder_vff_in_3.arr[1]$1848 ($dff) from module mkQuire (D = { \IF_accumulate_x_BIT_101_21_THEN_0b1_CONCAT_fn__ETC___d234 [127:126] \IF_accumulate_x_BIT_101_21_THEN_0b1_CONCAT_fn__ETC___d234 [126] \IF_accumulate_x_BIT_101_21_THEN_0b1_CONCAT_fn__ETC___d234 [126] \IF_accumulate_x_BIT_101_21_THEN_0b1_CONCAT_fn__ETC___d234 [126] \IF_accumulate_x_BIT_101_21_THEN_0b1_CONCAT_fn__ETC___d234 [126] \IF_accumulate_x_BIT_101_21_THEN_0b1_CONCAT_fn__ETC___d234 [126] \IF_accumulate_x_BIT_101_21_THEN_0b1_CONCAT_fn__ETC___d234 [126] \IF_accumulate_x_BIT_101_21_THEN_0b1_CONCAT_fn__ETC___d234 [126] \IF_accumulate_x_BIT_101_21_THEN_0b1_CONCAT_fn__ETC___d234 [126] \IF_accumulate_x_BIT_101_21_THEN_0b1_CONCAT_fn__ETC___d234 [126] \IF_accumulate_x_BIT_101_21_THEN_0b1_CONCAT_fn__ETC___d234 [126] \IF_accumulate_x_BIT_101_21_THEN_0b1_CONCAT_fn__ETC___d234 [126] \IF_accumulate_x_BIT_101_21_THEN_0b1_CONCAT_fn__ETC___d234 [126] \IF_accumulate_x_BIT_101_21_THEN_0b1_CONCAT_fn__ETC___d234 [126] \IF_accumulate_x_BIT_101_21_THEN_0b1_CONCAT_fn__ETC___d234 [126] \IF_accumulate_x_BIT_101_21_THEN_0b1_CONCAT_fn__ETC___d234 [126] \IF_accumulate_x_BIT_101_21_THEN_0b1_CONCAT_fn__ETC___d234 [126] \IF_accumulate_x_BIT_101_21_THEN_0b1_CONCAT_fn__ETC___d234 [126] \IF_accumulate_x_BIT_101_21_THEN_0b1_CONCAT_fn__ETC___d234 [126] \IF_accumulate_x_BIT_101_21_THEN_0b1_CONCAT_fn__ETC___d234 [126] \IF_accumulate_x_BIT_101_21_THEN_0b1_CONCAT_fn__ETC___d234 [126] \IF_accumulate_x_BIT_101_21_THEN_0b1_CONCAT_fn__ETC___d234 [126] \IF_accumulate_x_BIT_101_21_THEN_0b1_CONCAT_fn__ETC___d234 [126] \IF_accumulate_x_BIT_101_21_THEN_0b1_CONCAT_fn__ETC___d234 [126] \IF_accumulate_x_BIT_101_21_THEN_0b1_CONCAT_fn__ETC___d234 [126] \IF_accumulate_x_BIT_101_21_THEN_0b1_CONCAT_fn__ETC___d234 [126] \IF_accumulate_x_BIT_101_21_THEN_0b1_CONCAT_fn__ETC___d234 [126] \IF_accumulate_x_BIT_101_21_THEN_0b1_CONCAT_fn__ETC___d234 [126] \IF_accumulate_x_BIT_101_21_THEN_0b1_CONCAT_fn__ETC___d234 [126] \IF_accumulate_x_BIT_101_21_THEN_0b1_CONCAT_fn__ETC___d234 [126] \IF_accumulate_x_BIT_101_21_THEN_0b1_CONCAT_fn__ETC___d234 [126] }, Q = \seg_adder_vff_in_3.arr[1]).
Adding EN signal on $memory\seg_adder_vff_in_3.arr[0]$1846 ($dff) from module mkQuire (D = { \IF_accumulate_x_BIT_101_21_THEN_0b1_CONCAT_fn__ETC___d234 [127:126] \IF_accumulate_x_BIT_101_21_THEN_0b1_CONCAT_fn__ETC___d234 [126] \IF_accumulate_x_BIT_101_21_THEN_0b1_CONCAT_fn__ETC___d234 [126] \IF_accumulate_x_BIT_101_21_THEN_0b1_CONCAT_fn__ETC___d234 [126] \IF_accumulate_x_BIT_101_21_THEN_0b1_CONCAT_fn__ETC___d234 [126] \IF_accumulate_x_BIT_101_21_THEN_0b1_CONCAT_fn__ETC___d234 [126] \IF_accumulate_x_BIT_101_21_THEN_0b1_CONCAT_fn__ETC___d234 [126] \IF_accumulate_x_BIT_101_21_THEN_0b1_CONCAT_fn__ETC___d234 [126] \IF_accumulate_x_BIT_101_21_THEN_0b1_CONCAT_fn__ETC___d234 [126] \IF_accumulate_x_BIT_101_21_THEN_0b1_CONCAT_fn__ETC___d234 [126] \IF_accumulate_x_BIT_101_21_THEN_0b1_CONCAT_fn__ETC___d234 [126] \IF_accumulate_x_BIT_101_21_THEN_0b1_CONCAT_fn__ETC___d234 [126] \IF_accumulate_x_BIT_101_21_THEN_0b1_CONCAT_fn__ETC___d234 [126] \IF_accumulate_x_BIT_101_21_THEN_0b1_CONCAT_fn__ETC___d234 [126] \IF_accumulate_x_BIT_101_21_THEN_0b1_CONCAT_fn__ETC___d234 [126] \IF_accumulate_x_BIT_101_21_THEN_0b1_CONCAT_fn__ETC___d234 [126] \IF_accumulate_x_BIT_101_21_THEN_0b1_CONCAT_fn__ETC___d234 [126] \IF_accumulate_x_BIT_101_21_THEN_0b1_CONCAT_fn__ETC___d234 [126] \IF_accumulate_x_BIT_101_21_THEN_0b1_CONCAT_fn__ETC___d234 [126] \IF_accumulate_x_BIT_101_21_THEN_0b1_CONCAT_fn__ETC___d234 [126] \IF_accumulate_x_BIT_101_21_THEN_0b1_CONCAT_fn__ETC___d234 [126] \IF_accumulate_x_BIT_101_21_THEN_0b1_CONCAT_fn__ETC___d234 [126] \IF_accumulate_x_BIT_101_21_THEN_0b1_CONCAT_fn__ETC___d234 [126] \IF_accumulate_x_BIT_101_21_THEN_0b1_CONCAT_fn__ETC___d234 [126] \IF_accumulate_x_BIT_101_21_THEN_0b1_CONCAT_fn__ETC___d234 [126] \IF_accumulate_x_BIT_101_21_THEN_0b1_CONCAT_fn__ETC___d234 [126] \IF_accumulate_x_BIT_101_21_THEN_0b1_CONCAT_fn__ETC___d234 [126] \IF_accumulate_x_BIT_101_21_THEN_0b1_CONCAT_fn__ETC___d234 [126] \IF_accumulate_x_BIT_101_21_THEN_0b1_CONCAT_fn__ETC___d234 [126] \IF_accumulate_x_BIT_101_21_THEN_0b1_CONCAT_fn__ETC___d234 [126] \IF_accumulate_x_BIT_101_21_THEN_0b1_CONCAT_fn__ETC___d234 [126] }, Q = \seg_adder_vff_in_3.arr[0]).
Adding EN signal on $memory\seg_adder_vff_in_2.arr[2]$1809 ($dff) from module mkQuire (D = \IF_accumulate_x_BIT_101_21_THEN_0b1_CONCAT_fn__ETC___d234 [95:64], Q = \seg_adder_vff_in_2.arr[2]).
Adding EN signal on $memory\seg_adder_vff_in_2.arr[1]$1807 ($dff) from module mkQuire (D = \IF_accumulate_x_BIT_101_21_THEN_0b1_CONCAT_fn__ETC___d234 [95:64], Q = \seg_adder_vff_in_2.arr[1]).
Adding EN signal on $memory\seg_adder_vff_in_2.arr[0]$1805 ($dff) from module mkQuire (D = \IF_accumulate_x_BIT_101_21_THEN_0b1_CONCAT_fn__ETC___d234 [95:64], Q = \seg_adder_vff_in_2.arr[0]).
Adding EN signal on $memory\seg_adder_vff_in_1.arr[2]$1768 ($dff) from module mkQuire (D = \IF_accumulate_x_BIT_101_21_THEN_0b1_CONCAT_fn__ETC___d234 [63:32], Q = \seg_adder_vff_in_1.arr[2]).
Adding EN signal on $memory\seg_adder_vff_in_1.arr[1]$1766 ($dff) from module mkQuire (D = \IF_accumulate_x_BIT_101_21_THEN_0b1_CONCAT_fn__ETC___d234 [63:32], Q = \seg_adder_vff_in_1.arr[1]).
Adding EN signal on $memory\seg_adder_vff_in_1.arr[0]$1764 ($dff) from module mkQuire (D = \IF_accumulate_x_BIT_101_21_THEN_0b1_CONCAT_fn__ETC___d234 [63:32], Q = \seg_adder_vff_in_1.arr[0]).
Adding EN signal on $memory\seg_adder_vff_in_0.arr[2]$1727 ($dff) from module mkQuire (D = \IF_accumulate_x_BIT_101_21_THEN_0b1_CONCAT_fn__ETC___d234 [31:0], Q = \seg_adder_vff_in_0.arr[2]).
Adding EN signal on $memory\seg_adder_vff_in_0.arr[1]$1725 ($dff) from module mkQuire (D = \IF_accumulate_x_BIT_101_21_THEN_0b1_CONCAT_fn__ETC___d234 [31:0], Q = \seg_adder_vff_in_0.arr[1]).
Adding EN signal on $memory\seg_adder_vff_in_0.arr[0]$1723 ($dff) from module mkQuire (D = \IF_accumulate_x_BIT_101_21_THEN_0b1_CONCAT_fn__ETC___d234 [31:0], Q = \seg_adder_vff_in_0.arr[0]).
Adding EN signal on $memory\seg_adder_vff_carry_2.arr[2]$1686 ($dff) from module mkQuire (D = \acc__h3156 [32], Q = \seg_adder_vff_carry_2.arr[2]).
Adding EN signal on $memory\seg_adder_vff_carry_2.arr[1]$1684 ($dff) from module mkQuire (D = \acc__h3156 [32], Q = \seg_adder_vff_carry_2.arr[1]).
Adding EN signal on $memory\seg_adder_vff_carry_2.arr[0]$1682 ($dff) from module mkQuire (D = \acc__h3156 [32], Q = \seg_adder_vff_carry_2.arr[0]).
Adding EN signal on $memory\seg_adder_vff_carry_1.arr[2]$1645 ($dff) from module mkQuire (D = \acc__h2653 [32], Q = \seg_adder_vff_carry_1.arr[2]).
Adding EN signal on $memory\seg_adder_vff_carry_1.arr[1]$1643 ($dff) from module mkQuire (D = \acc__h2653 [32], Q = \seg_adder_vff_carry_1.arr[1]).
Adding EN signal on $memory\seg_adder_vff_carry_1.arr[0]$1641 ($dff) from module mkQuire (D = \acc__h2653 [32], Q = \seg_adder_vff_carry_1.arr[0]).
Adding EN signal on $memory\seg_adder_vff_carry_0.arr[2]$1604 ($dff) from module mkQuire (D = \acc__h1842 [32], Q = \seg_adder_vff_carry_0.arr[2]).
Adding EN signal on $memory\seg_adder_vff_carry_0.arr[1]$1602 ($dff) from module mkQuire (D = \acc__h1842 [32], Q = \seg_adder_vff_carry_0.arr[1]).
Adding EN signal on $memory\seg_adder_vff_carry_0.arr[0]$1600 ($dff) from module mkQuire (D = \acc__h1842 [32], Q = \seg_adder_vff_carry_0.arr[0]).
Setting constant 0-bit at position 0 on $auto$ff.cc:266:slice$1394 ($dffe) from module mkQuire.

14.20.16. Executing OPT_CLEAN pass (remove unused cells and wires).
Finding unused cells or wires in module \mkQuire..
Removed 21 unused cells and 30 unused wires.
<suppressed ~22 debug messages>

14.20.17. Executing OPT_EXPR pass (perform const folding).
Optimizing module mkQuire.
<suppressed ~1 debug messages>

14.20.18. Rerunning OPT passes. (Maybe there is more to do..)

14.20.19. Executing OPT_MUXTREE pass (detect dead branches in mux trees).
Running muxtree optimizer on module \mkQuire..
  Creating internal representation of mux trees.
  Evaluating internal representation of mux trees.
  Analyzing evaluation results.
Removed 0 multiplexer ports.
<suppressed ~65 debug messages>

14.20.20. Executing OPT_REDUCE pass (consolidate $*mux and $reduce_* inputs).
  Optimizing cells in module \mkQuire.
Performed a total of 0 changes.

14.20.21. Executing OPT_MERGE pass (detect identical cells).
Finding identical cells in module `\mkQuire'.
Removed a total of 0 cells.

14.20.22. Executing OPT_SHARE pass.

14.20.23. Executing OPT_DFF pass (perform DFF optimizations).

14.20.24. Executing OPT_CLEAN pass (remove unused cells and wires).
Finding unused cells or wires in module \mkQuire..

14.20.25. Executing OPT_EXPR pass (perform const folding).
Optimizing module mkQuire.

14.20.26. Finished OPT passes. (There is nothing left to do.)

14.21. Executing TECHMAP pass (map to technology primitives).

14.21.1. Executing Verilog-2005 frontend: /usr/bin/../share/yosys/techmap.v
Parsing Verilog input from `/usr/bin/../share/yosys/techmap.v' to AST representation.
Generating RTLIL representation for module `\_90_simplemap_bool_ops'.
Generating RTLIL representation for module `\_90_simplemap_reduce_ops'.
Generating RTLIL representation for module `\_90_simplemap_logic_ops'.
Generating RTLIL representation for module `\_90_simplemap_compare_ops'.
Generating RTLIL representation for module `\_90_simplemap_various'.
Generating RTLIL representation for module `\_90_simplemap_registers'.
Generating RTLIL representation for module `\_90_shift_ops_shr_shl_sshl_sshr'.
Generating RTLIL representation for module `\_90_shift_shiftx'.
Generating RTLIL representation for module `\_90_fa'.
Generating RTLIL representation for module `\_90_lcu'.
Generating RTLIL representation for module `\_90_alu'.
Generating RTLIL representation for module `\_90_macc'.
Generating RTLIL representation for module `\_90_alumacc'.
Generating RTLIL representation for module `\$__div_mod_u'.
Generating RTLIL representation for module `\$__div_mod_trunc'.
Generating RTLIL representation for module `\_90_div'.
Generating RTLIL representation for module `\_90_mod'.
Generating RTLIL representation for module `\$__div_mod_floor'.
Generating RTLIL representation for module `\_90_divfloor'.
Generating RTLIL representation for module `\_90_modfloor'.
Generating RTLIL representation for module `\_90_pow'.
Generating RTLIL representation for module `\_90_pmux'.
Generating RTLIL representation for module `\_90_demux'.
Generating RTLIL representation for module `\_90_lut'.
Successfully finished Verilog frontend.

14.21.2. Continuing TECHMAP pass.
Using extmapper simplemap for cells of type $and.
Using extmapper simplemap for cells of type $mux.
Using extmapper simplemap for cells of type $not.
Using extmapper simplemap for cells of type $or.
Using extmapper simplemap for cells of type $dffe.
Using template $paramod$857150d3a9b7fb38b73bbaa31ff652415e553f98\_90_alu for cells of type $alu.
Using template $paramod$8fabc56b80a569262acfc42757a02ca0b8e91278\_90_pmux for cells of type $pmux.
Using template $paramod$fbc7873bff55778c0b3173955b7e4bce1d9d6834\_90_alu for cells of type $alu.
Using extmapper simplemap for cells of type $logic_not.
Using extmapper simplemap for cells of type $logic_or.
Using extmapper simplemap for cells of type $logic_and.
Using extmapper simplemap for cells of type $reduce_and.
Using extmapper simplemap for cells of type $reduce_or.
Using extmapper simplemap for cells of type $reduce_bool.
Using extmapper simplemap for cells of type $sdff.
Using extmapper simplemap for cells of type $ne.
Using template $paramod$6a42b6fefed750f8a1c58eab59479d960557103c\_90_alu for cells of type $alu.
Using template $paramod$7e708ae28ab761f11d0fb59d3ffc72f6a4baf5d9\_90_alu for cells of type $alu.
Using extmapper simplemap for cells of type $eq.
Using template $paramod$ccf850e03d245b24a3ec7bc4d75de879f619fc7b\_90_alu for cells of type $alu.
Using extmapper maccmap for cells of type $macc.
  add { \zero_counter_rg_numZeroSegs 5'00000 } (7 bits, unsigned)
  add \x__h3961 (6 bits, unsigned)
  add 8'11111111 (8 bits, unsigned)
Using extmapper simplemap for cells of type $sdffce.
Using template $paramod$constmap:62f1b3006998af790d4398348bd3d5bcc3a93e8b$paramod$4667d70a992ea765cd996d29e4719bfc2e74ff1a\_90_shift_ops_shr_shl_sshl_sshr for cells of type $shl.
Using template $paramod$4bff87f89c86fe7fb8a2fc2d582304796a9f90ab\_90_alu for cells of type $alu.
Using template $paramod$c3cd1564c35d873179656addd6052d7ea8b6d991\_90_alu for cells of type $alu.
Using template $paramod$bd91b1311a7e26328ec7b35acb363a89aa87e033\_90_alu for cells of type $alu.
Using template $paramod$constmap:00e8935904c3f1579318bbc6a3cdc01f5f22cc85$paramod$00b1735c05c076e64f4ef7153abb17286bf13f40\_90_shift_ops_shr_shl_sshl_sshr for cells of type $shl.
Using template $paramod$constmap:00e8935904c3f1579318bbc6a3cdc01f5f22cc85$paramod$2d6339d855f6d875f86190fed384adeb9efe963a\_90_shift_ops_shr_shl_sshl_sshr for cells of type $shr.
Using template $paramod$1a3a0c35c4a4896fbfd612699525c057298e72d2\_90_alu for cells of type $alu.
Using extmapper simplemap for cells of type $sdffe.
Using template $paramod$175e67c02b86e96b1288b9dc100122520d7240d8\_90_alu for cells of type $alu.
Using template $paramod$32a7b7b86c07519b7537abc18e96f0331f97914d\_90_alu for cells of type $alu.
Using template $paramod$788c3d57e5abb3a3f89aea6d4acd665be37f4e9b\_90_alu for cells of type $alu.
Using template $paramod\_90_lcu\WIDTH=32'00000000000000000000000000100001 for cells of type $lcu.
Using template $paramod\_90_fa\WIDTH=32'00000000000000000000000000001000 for cells of type $fa.
Using template $paramod$a1bc51c02ce12ac21eb18988e83292af48ed7d72\_90_alu for cells of type $alu.
Using extmapper simplemap for cells of type $pos.
Using extmapper simplemap for cells of type $xor.
Using template $paramod\_90_lcu\WIDTH=32'00000000000000000000000000100000 for cells of type $lcu.
Using template $paramod\_90_lcu\WIDTH=32'00000000000000000000000000000010 for cells of type $lcu.
Using template $paramod\_90_lcu\WIDTH=32'00000000000000000000000001100100 for cells of type $lcu.
Using template $paramod\_90_lcu\WIDTH=32'00000000000000000000000000001000 for cells of type $lcu.
Using template $paramod\_90_lcu\WIDTH=32'00000000000000000000000000001010 for cells of type $lcu.
Using template $paramod\_90_lcu\WIDTH=32'00000000000000000000000000000100 for cells of type $lcu.
Using template $paramod\_90_lcu\WIDTH=32'00000000000000000000000000011111 for cells of type $lcu.
No more expansions possible.
<suppressed ~10137 debug messages>

14.22. Executing OPT pass (performing simple optimizations).

14.22.1. Executing OPT_EXPR pass (perform const folding).
Optimizing module mkQuire.
<suppressed ~4692 debug messages>

14.22.2. Executing OPT_MERGE pass (detect identical cells).
Finding identical cells in module `\mkQuire'.
<suppressed ~3129 debug messages>
Removed a total of 1043 cells.

14.22.3. Executing OPT_DFF pass (perform DFF optimizations).

14.22.4. Executing OPT_CLEAN pass (remove unused cells and wires).
Finding unused cells or wires in module \mkQuire..
Removed 501 unused cells and 3663 unused wires.
<suppressed ~502 debug messages>

14.22.5. Finished fast OPT passes.

14.23. Executing ABC pass (technology mapping using ABC).

14.23.1. Extracting gate netlist of module `\mkQuire' to `<abc-temp-dir>/input.blif'..
Extracted 7327 gates and 8120 wires to a netlist network with 791 inputs and 565 outputs.

14.23.1.1. Executing ABC.
Running ABC command: "<yosys-exe-dir>/yosys-abc" -s -f <abc-temp-dir>/abc.script 2>&1
ABC: ABC command line: "source <abc-temp-dir>/abc.script".
ABC: 
ABC: + read_blif <abc-temp-dir>/input.blif 
ABC: + read_library <abc-temp-dir>/stdcells.genlib 
ABC: Entered genlib library with 13 gates from file "<abc-temp-dir>/stdcells.genlib".
ABC: + strash 
ABC: + dretime 
ABC: + map 
ABC: + write_blif <abc-temp-dir>/output.blif 

14.23.1.2. Re-integrating ABC results.
ABC RESULTS:               AND cells:       78
ABC RESULTS:               MUX cells:     2535
ABC RESULTS:               NOT cells:      554
ABC RESULTS:             ORNOT cells:       94
ABC RESULTS:              XNOR cells:      194
ABC RESULTS:               XOR cells:      448
ABC RESULTS:               NOR cells:      311
ABC RESULTS:              NAND cells:      245
ABC RESULTS:                OR cells:     1273
ABC RESULTS:            ANDNOT cells:     1211
ABC RESULTS:        internal signals:     6764
ABC RESULTS:           input signals:      791
ABC RESULTS:          output signals:      565
Removing temp directory.

14.24. Executing OPT pass (performing simple optimizations).

14.24.1. Executing OPT_EXPR pass (perform const folding).
Optimizing module mkQuire.
<suppressed ~824 debug messages>

14.24.2. Executing OPT_MERGE pass (detect identical cells).
Finding identical cells in module `\mkQuire'.
<suppressed ~57 debug messages>
Removed a total of 19 cells.

14.24.3. Executing OPT_DFF pass (perform DFF optimizations).

14.24.4. Executing OPT_CLEAN pass (remove unused cells and wires).
Finding unused cells or wires in module \mkQuire..
Removed 13 unused cells and 2618 unused wires.
<suppressed ~52 debug messages>

14.24.5. Finished fast OPT passes.

14.25. Executing HIERARCHY pass (managing design hierarchy).

14.25.1. Analyzing design hierarchy..
Top module:  \mkQuire

14.25.2. Analyzing design hierarchy..
Top module:  \mkQuire
Removed 0 unused modules.

14.26. Printing statistics.

=== mkQuire ===

   Number of wires:               6935
   Number of wire bits:          12069
   Number of public wires:         376
   Number of public wire bits:    5503
   Number of memories:               0
   Number of memory bits:            0
   Number of processes:              0
   Number of cells:               7599
     $_ANDNOT_                    1204
     $_AND_                         77
     $_DFFE_PP_                    447
     $_MUX_                       2535
     $_NAND_                       243
     $_NOR_                        308
     $_NOT_                        541
     $_ORNOT_                       94
     $_OR_                        1267
     $_SDFFCE_PP0P_                 38
     $_SDFFCE_PP1P_                  1
     $_SDFFE_PN0N_                  14
     $_SDFFE_PN0P_                 155
     $_SDFFE_PN1P_                  19
     $_SDFF_PN0_                    14
     $_XNOR_                       194
     $_XOR_                        448

14.27. Executing CHECK pass (checking for obvious problems).
Checking module mkQuire...
Found and reported 0 problems.

15. Executing DFFLIBMAP pass (mapping DFF cells to sequential cells from liberty file).
  cell DFF_P (noninv, pins=3, area=0.00) is a direct match for cell type $_DFF_P_.
  cell DFF_PP0 (noninv, pins=4, area=0.00) is a direct match for cell type $_DFF_PN0_.
  final dff cell mappings:
    unmapped dff cell: $_DFF_N_
    \DFF_P _DFF_P_ (.C( C), .D( D), .Q( Q));
    unmapped dff cell: $_DFF_NN0_
    unmapped dff cell: $_DFF_NN1_
    unmapped dff cell: $_DFF_NP0_
    unmapped dff cell: $_DFF_NP1_
    \DFF_PP0 _DFF_PN0_ (.C( C), .D( D), .Q( Q), .R( R));
    unmapped dff cell: $_DFF_PN1_
    unmapped dff cell: $_DFF_PP0_
    unmapped dff cell: $_DFF_PP1_
    unmapped dff cell: $_DFFSR_NNN_
    unmapped dff cell: $_DFFSR_NNP_
    unmapped dff cell: $_DFFSR_NPN_
    unmapped dff cell: $_DFFSR_NPP_
    unmapped dff cell: $_DFFSR_PNN_
    unmapped dff cell: $_DFFSR_PNP_
    unmapped dff cell: $_DFFSR_PPN_
    unmapped dff cell: $_DFFSR_PPP_

15.1. Executing DFFLEGALIZE pass (convert FFs to types supported by the target).
Mapping DFF cells in module `\mkQuire':
  mapped 688 $_DFF_P_ cells to \DFF_P cells.

16. Executing ABC pass (technology mapping using ABC).

16.1. Extracting gate netlist of module `\mkQuire' to `<abc-temp-dir>/input.blif'..
Extracted 7826 gates and 8660 wires to a netlist network with 832 inputs and 691 outputs.

16.1.1. Executing ABC.
Running ABC command: "<yosys-exe-dir>/yosys-abc" -s -f <abc-temp-dir>/abc.script 2>&1
ABC: ABC command line: "source <abc-temp-dir>/abc.script".
ABC: 
ABC: + read_blif <abc-temp-dir>/input.blif 
ABC: + read_lib -w /teamspace/studios/this_studio/Melodica-Integration-into-Fife-Core/generic45nm_fixed.lib 
ABC: Parsing finished successfully.  Parsing time =     0.00 sec
ABC: Scl_LibertyReadGenlib() skipped sequential cell "DFF_P".
ABC: Scl_LibertyReadGenlib() skipped sequential cell "DFF_PP0".
ABC: Scl_LibertyReadGenlib() skipped sequential cell "DFFE_PP".
ABC: Library "generic45nm" from "/teamspace/studios/this_studio/Melodica-Integration-into-Fife-Core/generic45nm_fixed.lib" has 11 cells (3 skipped: 3 seq; 0 tri-state; 0 no func; 0 dont_use).  Time =     0.00 sec
ABC: Memory =    0.04 MB. Time =     0.00 sec
ABC: + read_lib /teamspace/studios/this_studio/Melodica-Integration-into-Fife-Core/generic45nm_fixed.lib 
ABC: Library "generic45nm" from "/teamspace/studios/this_studio/Melodica-Integration-into-Fife-Core/generic45nm_fixed.lib" has 11 cells (3 skipped: 3 seq; 0 tri-state; 0 no func; 0 dont_use).  Time =     0.00 sec
ABC: + strash 
ABC: + dch 
ABC: + map 
ABC: + topo 
ABC: + buffer 
ABC: + upsize 
ABC: + dnsize 
ABC: + stime -p 
ABC: WireLoad = "none"  Gates =   7634 (  9.5 %)   Cap =  0.0 ff (  0.0 %)   Area =     7634.00 (100.0 %)   Delay =   671.00 ps  (  2.4 %)               
ABC: Path  0 --     191 : 0    3 pi      A =   0.00  Df =   0.0   -0.0 ps  S =   0.0 ps  Cin =  0.0 ff  Cout =   0.0 ff  Cmax =   0.0 ff  G =    0  
ABC: Path  1 --    7899 : 2    1 ORNOT2  A =   1.00  Df =  19.0   -2.0 ps  S =   5.0 ps  Cin =  0.0 ff  Cout =   0.0 ff  Cmax =   0.0 ff  G =-2147483648  
ABC: Path  2 --    7901 : 2    1 NAND2   A =   1.00  Df =  36.0   -3.0 ps  S =   5.0 ps  Cin =  0.0 ff  Cout =   0.0 ff  Cmax =   0.0 ff  G =-2147483648  
ABC: Path  3 --    7903 : 2    1 NAND2   A =   1.00  Df =  53.0   -3.0 ps  S =   5.0 ps  Cin =  0.0 ff  Cout =   0.0 ff  Cmax =   0.0 ff  G =-2147483648  
ABC: Path  4 --    7905 : 2    1 NAND2   A =   1.00  Df =  70.0   -3.0 ps  S =   5.0 ps  Cin =  0.0 ff  Cout =   0.0 ff  Cmax =   0.0 ff  G =-2147483648  
ABC: Path  5 --    7907 : 2    1 NAND2   A =   1.00  Df =  87.0   -3.0 ps  S =   5.0 ps  Cin =  0.0 ff  Cout =   0.0 ff  Cmax =   0.0 ff  G =-2147483648  
ABC: Path  6 --    7909 : 2    1 NAND2   A =   1.00  Df = 104.0   -3.0 ps  S =   5.0 ps  Cin =  0.0 ff  Cout =   0.0 ff  Cmax =   0.0 ff  G =-2147483648  
ABC: Path  7 --    7911 : 2    1 NAND2   A =   1.00  Df = 121.0   -3.0 ps  S =   5.0 ps  Cin =  0.0 ff  Cout =   0.0 ff  Cmax =   0.0 ff  G =-2147483648  
ABC: Path  8 --    7913 : 2    1 NAND2   A =   1.00  Df = 138.0   -3.0 ps  S =   5.0 ps  Cin =  0.0 ff  Cout =   0.0 ff  Cmax =   0.0 ff  G =-2147483648  
ABC: Path  9 --    7915 : 2    1 NAND2   A =   1.00  Df = 155.0   -3.0 ps  S =   5.0 ps  Cin =  0.0 ff  Cout =   0.0 ff  Cmax =   0.0 ff  G =-2147483648  
ABC: Path 10 --    7917 : 2    1 NAND2   A =   1.00  Df = 172.0   -3.0 ps  S =   5.0 ps  Cin =  0.0 ff  Cout =   0.0 ff  Cmax =   0.0 ff  G =-2147483648  
ABC: Path 11 --    7919 : 2    1 NAND2   A =   1.00  Df = 189.0   -3.0 ps  S =   5.0 ps  Cin =  0.0 ff  Cout =   0.0 ff  Cmax =   0.0 ff  G =-2147483648  
ABC: Path 12 --    7921 : 2    1 NAND2   A =   1.00  Df = 206.0   -3.0 ps  S =   5.0 ps  Cin =  0.0 ff  Cout =   0.0 ff  Cmax =   0.0 ff  G =-2147483648  
ABC: Path 13 --    7923 : 2    1 NAND2   A =   1.00  Df = 223.0   -3.0 ps  S =   5.0 ps  Cin =  0.0 ff  Cout =   0.0 ff  Cmax =   0.0 ff  G =-2147483648  
ABC: Path 14 --    7925 : 2    1 NAND2   A =   1.00  Df = 240.0   -3.0 ps  S =   5.0 ps  Cin =  0.0 ff  Cout =   0.0 ff  Cmax =   0.0 ff  G =-2147483648  
ABC: Path 15 --    7927 : 2    1 NAND2   A =   1.00  Df = 257.0   -3.0 ps  S =   5.0 ps  Cin =  0.0 ff  Cout =   0.0 ff  Cmax =   0.0 ff  G =-2147483648  
ABC: Path 16 --    7929 : 2    1 NAND2   A =   1.00  Df = 274.0   -3.0 ps  S =   5.0 ps  Cin =  0.0 ff  Cout =   0.0 ff  Cmax =   0.0 ff  G =-2147483648  
ABC: Path 17 --    7931 : 2    1 NAND2   A =   1.00  Df = 291.0   -3.0 ps  S =   5.0 ps  Cin =  0.0 ff  Cout =   0.0 ff  Cmax =   0.0 ff  G =-2147483648  
ABC: Path 18 --    7933 : 2    1 NAND2   A =   1.00  Df = 308.0   -3.0 ps  S =   5.0 ps  Cin =  0.0 ff  Cout =   0.0 ff  Cmax =   0.0 ff  G =-2147483648  
ABC: Path 19 --    7935 : 2    1 NAND2   A =   1.00  Df = 325.0   -3.0 ps  S =   5.0 ps  Cin =  0.0 ff  Cout =   0.0 ff  Cmax =   0.0 ff  G =-2147483648  
ABC: Path 20 --    7937 : 2    1 NAND2   A =   1.00  Df = 342.0   -3.0 ps  S =   5.0 ps  Cin =  0.0 ff  Cout =   0.0 ff  Cmax =   0.0 ff  G =-2147483648  
ABC: Path 21 --    7939 : 2    1 NAND2   A =   1.00  Df = 359.0   -3.0 ps  S =   5.0 ps  Cin =  0.0 ff  Cout =   0.0 ff  Cmax =   0.0 ff  G =-2147483648  
ABC: Path 22 --    7941 : 2    1 NAND2   A =   1.00  Df = 376.0   -3.0 ps  S =   5.0 ps  Cin =  0.0 ff  Cout =   0.0 ff  Cmax =   0.0 ff  G =-2147483648  
ABC: Path 23 --    7943 : 2    1 NAND2   A =   1.00  Df = 393.0   -3.0 ps  S =   5.0 ps  Cin =  0.0 ff  Cout =   0.0 ff  Cmax =   0.0 ff  G =-2147483648  
ABC: Path 24 --    7945 : 2    1 NAND2   A =   1.00  Df = 410.0   -3.0 ps  S =   5.0 ps  Cin =  0.0 ff  Cout =   0.0 ff  Cmax =   0.0 ff  G =-2147483648  
ABC: Path 25 --    7947 : 2    1 NAND2   A =   1.00  Df = 427.0   -3.0 ps  S =   5.0 ps  Cin =  0.0 ff  Cout =   0.0 ff  Cmax =   0.0 ff  G =-2147483648  
ABC: Path 26 --    7949 : 2    1 NAND2   A =   1.00  Df = 444.0   -3.0 ps  S =   5.0 ps  Cin =  0.0 ff  Cout =   0.0 ff  Cmax =   0.0 ff  G =-2147483648  
ABC: Path 27 --    7951 : 2    1 NAND2   A =   1.00  Df = 461.0   -3.0 ps  S =   5.0 ps  Cin =  0.0 ff  Cout =   0.0 ff  Cmax =   0.0 ff  G =-2147483648  
ABC: Path 28 --    7953 : 2    1 NAND2   A =   1.00  Df = 478.0   -3.0 ps  S =   5.0 ps  Cin =  0.0 ff  Cout =   0.0 ff  Cmax =   0.0 ff  G =-2147483648  
ABC: Path 29 --    7955 : 2    1 NAND2   A =   1.00  Df = 495.0   -3.0 ps  S =   5.0 ps  Cin =  0.0 ff  Cout =   0.0 ff  Cmax =   0.0 ff  G =-2147483648  
ABC: Path 30 --    7957 : 2    1 NAND2   A =   1.00  Df = 512.0   -3.0 ps  S =   5.0 ps  Cin =  0.0 ff  Cout =   0.0 ff  Cmax =   0.0 ff  G =-2147483648  
ABC: Path 31 --    7959 : 2    4 NAND2   A =   1.00  Df = 529.0   -3.0 ps  S =   5.0 ps  Cin =  0.0 ff  Cout =   0.0 ff  Cmax =   0.0 ff  G =-2147483648  
ABC: Path 32 --    8020 : 2    2 NAND2   A =   1.00  Df = 546.0   -3.0 ps  S =   5.0 ps  Cin =  0.0 ff  Cout =   0.0 ff  Cmax =   0.0 ff  G =-2147483648  
ABC: Path 33 --    8028 : 2    3 ANDNOT2 A =   1.00  Df = 564.0   -2.0 ps  S =   5.0 ps  Cin =  0.0 ff  Cout =   0.0 ff  Cmax =   0.0 ff  G =-2147483648  
ABC: Path 34 --    8043 : 2    1 NAND2   A =   1.00  Df = 581.0   -3.0 ps  S =   5.0 ps  Cin =  0.0 ff  Cout =   0.0 ff  Cmax =   0.0 ff  G =-2147483648  
ABC: Path 35 --    8063 : 2    2 NAND2   A =   1.00  Df = 598.0   -3.0 ps  S =   5.0 ps  Cin =  0.0 ff  Cout =   0.0 ff  Cmax =   0.0 ff  G =-2147483648  
ABC: Path 36 --    8066 : 2    1 NAND2   A =   1.00  Df = 615.0   -3.0 ps  S =   5.0 ps  Cin =  0.0 ff  Cout =   0.0 ff  Cmax =   0.0 ff  G =-2147483648  
ABC: Path 37 --    8068 : 2    1 NAND2   A =   1.00  Df = 632.0   -3.0 ps  S =   5.0 ps  Cin =  0.0 ff  Cout =   0.0 ff  Cmax =   0.0 ff  G =-2147483648  
ABC: Path 38 --    8069 : 2    1 NOR2    A =   1.00  Df = 649.0   -3.0 ps  S =   5.0 ps  Cin =  0.0 ff  Cout =   0.0 ff  Cmax =   0.0 ff  G =-2147483648  
ABC: Path 39 --    8070 : 3    1 MUX2    A =   1.00  Df = 671.0   -0.0 ps  S =   6.0 ps  Cin =  0.0 ff  Cout =   0.0 ff  Cmax =   0.0 ff  G =-2147483648  
ABC: Start-point = pi190 (\zero_counter_rg_firstNonZeroSeg [1]).  End-point = po217 ($auto$rtlil.cc:2609:MuxGate$30117).
ABC: + print_stats -t 
ABC: netlist                       : i/o =  832/  691  lat =    0  nd =  7634  edge =  16809  area =7634.00  delay =575.00  lev = 39
ABC: elapse: 1.71 seconds, total: 1.71 seconds
ABC: + write_blif <abc-temp-dir>/output.blif 

16.1.2. Re-integrating ABC results.
ABC RESULTS:              AND2 cells:      216
ABC RESULTS:              NOT1 cells:      499
ABC RESULTS:              XOR2 cells:      422
ABC RESULTS:             XNOR2 cells:      189
ABC RESULTS:               OR2 cells:      172
ABC RESULTS:            ORNOT2 cells:      166
ABC RESULTS:              NOR2 cells:      708
ABC RESULTS:             NAND2 cells:     1860
ABC RESULTS:              BUF1 cells:      226
ABC RESULTS:              MUX2 cells:     2266
ABC RESULTS:           ANDNOT2 cells:      910
ABC RESULTS:        internal signals:     7137
ABC RESULTS:           input signals:      832
ABC RESULTS:          output signals:      691
Removing temp directory.

17. Printing statistics.

=== mkQuire ===

   Number of wires:              16316
   Number of wire bits:          21450
   Number of public wires:         376
   Number of public wire bits:    5503
   Number of memories:               0
   Number of memory bits:            0
   Number of processes:              0
   Number of cells:               8322
     AND2                          216
     ANDNOT2                       910
     BUF1                          226
     DFF_P                         688
     MUX2                         2266
     NAND2                        1860
     NOR2                          708
     NOT1                          499
     OR2                           172
     ORNOT2                        166
     XNOR2                         189
     XOR2                          422

Warnings: 2 unique messages, 2 total
End of script. Logfile hash: 78de2c2792, CPU: user 5.96s system 0.11s, MEM: 104.89 MB peak
Yosys 0.33 (git sha1 2584903a060)
Time spent: 32% 2x abc (2 sec), 19% 41x opt_expr (1 sec), ...
