
 /----------------------------------------------------------------------------\
 |                                                                            |
 |  yosys -- Yosys Open SYnthesis Suite                                       |
 |                                                                            |
 |  Copyright (C) 2012 - 2020  Claire Xenia Wolf <claire@yosyshq.com>         |
 |                                                                            |
 |  Permission to use, copy, modify, and/or distribute this software for any  |
 |  purpose with or without fee is hereby granted, provided that the above    |
 |  copyright notice and this permission notice appear in all copies.         |
 |                                                                            |
 |  THE SOFTWARE IS PROVIDED "AS IS" AND THE AUTHOR DISCLAIMS ALL WARRANTIES  |
 |  WITH REGARD TO THIS SOFTWARE INCLUDING ALL IMPLIED WARRANTIES OF          |
 |  MERCHANTABILITY AND FITNESS. IN NO EVENT SHALL THE AUTHOR BE LIABLE FOR   |
 |  ANY SPECIAL, DIRECT, INDIRECT, OR CONSEQUENTIAL DAMAGES OR ANY DAMAGES    |
 |  WHATSOEVER RESULTING FROM LOSS OF USE, DATA OR PROFITS, WHETHER IN AN     |
 |  ACTION OF CONTRACT, NEGLIGENCE OR OTHER TORTIOUS ACTION, ARISING OUT OF   |
 |  OR IN CONNECTION WITH THE USE OR PERFORMANCE OF THIS SOFTWARE.            |
 |                                                                            |
 \----------------------------------------------------------------------------/

 Yosys 0.33 (git sha1 2584903a060)


-- Executing script file `/teamspace/studios/this_studio/Melodica-Integration-into-Fife-Core/synth_script_mkPositCore_es2_bposit.ys' --

1. Executing Verilog-2005 frontend: /teamspace/studios/this_studio/Melodica-Integration-into-Fife-Core/bsc/lib/Verilog/FIFO1.v
Parsing Verilog input from `/teamspace/studios/this_studio/Melodica-Integration-into-Fife-Core/bsc/lib/Verilog/FIFO1.v' to AST representation.
Warning: Encountered `translate_off' comment! Such legacy hot comments are supported by Yosys, but are not part of any formal language specification. Using a portable and standards-compliant construct such as `ifdef is recommended!
Generating RTLIL representation for module `\FIFO1'.
Successfully finished Verilog frontend.

2. Executing Verilog-2005 frontend: /teamspace/studios/this_studio/Melodica-Integration-into-Fife-Core/bsc/lib/Verilog/FIFO2.v
Parsing Verilog input from `/teamspace/studios/this_studio/Melodica-Integration-into-Fife-Core/bsc/lib/Verilog/FIFO2.v' to AST representation.
Generating RTLIL representation for module `\FIFO2'.
Successfully finished Verilog frontend.

3. Executing Verilog-2005 frontend: /teamspace/studios/this_studio/Melodica-Integration-into-Fife-Core/bsc/lib/Verilog/SizedFIFO.v
Parsing Verilog input from `/teamspace/studios/this_studio/Melodica-Integration-into-Fife-Core/bsc/lib/Verilog/SizedFIFO.v' to AST representation.
Generating RTLIL representation for module `\SizedFIFO'.
Successfully finished Verilog frontend.

4. Executing Verilog-2005 frontend: /teamspace/studios/this_studio/Melodica-Integration-into-Fife-Core/bsc/lib/Verilog/RegFile.v
Parsing Verilog input from `/teamspace/studios/this_studio/Melodica-Integration-into-Fife-Core/bsc/lib/Verilog/RegFile.v' to AST representation.
Generating RTLIL representation for module `\RegFile'.
Successfully finished Verilog frontend.

5. Executing Verilog-2005 frontend: /teamspace/studios/this_studio/Melodica-Integration-into-Fife-Core/Learn_Bluespec_and_RISCV_Design/Code/Build/Fife/verilog/module_fn_twosC_quire.v
Parsing Verilog input from `/teamspace/studios/this_studio/Melodica-Integration-into-Fife-Core/Learn_Bluespec_and_RISCV_Design/Code/Build/Fife/verilog/module_fn_twosC_quire.v' to AST representation.
Generating RTLIL representation for module `\module_fn_twosC_quire'.
Successfully finished Verilog frontend.

6. Executing Verilog-2005 frontend: /teamspace/studios/this_studio/Melodica-Integration-into-Fife-Core/Learn_Bluespec_and_RISCV_Design/Code/Build/Fife/verilog/mkQuire.v
Parsing Verilog input from `/teamspace/studios/this_studio/Melodica-Integration-into-Fife-Core/Learn_Bluespec_and_RISCV_Design/Code/Build/Fife/verilog/mkQuire.v' to AST representation.
Warning: Encountered `parallel_case' comment! Such legacy hot comments are supported by Yosys, but are not part of any formal language specification. Using the Verilog `parallel_case' attribute or the SystemVerilog `unique' or `priority' keywords is recommended!
Generating RTLIL representation for module `\mkQuire'.
Note: Assuming pure combinatorial block at /teamspace/studios/this_studio/Melodica-Integration-into-Fife-Core/Learn_Bluespec_and_RISCV_Design/Code/Build/Fife/verilog/mkQuire.v:614.3-628.6 in
compliance with IEC 62142(E):2005 / IEEE Std. 1364.1(E):2002. Recommending
use of @* instead of @(...) for better match of synthesis and simulation.
Note: Assuming pure combinatorial block at /teamspace/studios/this_studio/Melodica-Integration-into-Fife-Core/Learn_Bluespec_and_RISCV_Design/Code/Build/Fife/verilog/mkQuire.v:637.3-652.6 in
compliance with IEC 62142(E):2005 / IEEE Std. 1364.1(E):2002. Recommending
use of @* instead of @(...) for better match of synthesis and simulation.
Note: Assuming pure combinatorial block at /teamspace/studios/this_studio/Melodica-Integration-into-Fife-Core/Learn_Bluespec_and_RISCV_Design/Code/Build/Fife/verilog/mkQuire.v:661.3-677.6 in
compliance with IEC 62142(E):2005 / IEEE Std. 1364.1(E):2002. Recommending
use of @* instead of @(...) for better match of synthesis and simulation.
Note: Assuming pure combinatorial block at /teamspace/studios/this_studio/Melodica-Integration-into-Fife-Core/Learn_Bluespec_and_RISCV_Design/Code/Build/Fife/verilog/mkQuire.v:686.3-702.6 in
compliance with IEC 62142(E):2005 / IEEE Std. 1364.1(E):2002. Recommending
use of @* instead of @(...) for better match of synthesis and simulation.
Note: Assuming pure combinatorial block at /teamspace/studios/this_studio/Melodica-Integration-into-Fife-Core/Learn_Bluespec_and_RISCV_Design/Code/Build/Fife/verilog/mkQuire.v:711.3-727.10 in
compliance with IEC 62142(E):2005 / IEEE Std. 1364.1(E):2002. Recommending
use of @* instead of @(...) for better match of synthesis and simulation.
Note: Assuming pure combinatorial block at /teamspace/studios/this_studio/Melodica-Integration-into-Fife-Core/Learn_Bluespec_and_RISCV_Design/Code/Build/Fife/verilog/mkQuire.v:737.3-753.10 in
compliance with IEC 62142(E):2005 / IEEE Std. 1364.1(E):2002. Recommending
use of @* instead of @(...) for better match of synthesis and simulation.
Note: Assuming pure combinatorial block at /teamspace/studios/this_studio/Melodica-Integration-into-Fife-Core/Learn_Bluespec_and_RISCV_Design/Code/Build/Fife/verilog/mkQuire.v:763.3-779.10 in
compliance with IEC 62142(E):2005 / IEEE Std. 1364.1(E):2002. Recommending
use of @* instead of @(...) for better match of synthesis and simulation.
Note: Assuming pure combinatorial block at /teamspace/studios/this_studio/Melodica-Integration-into-Fife-Core/Learn_Bluespec_and_RISCV_Design/Code/Build/Fife/verilog/mkQuire.v:789.3-802.10 in
compliance with IEC 62142(E):2005 / IEEE Std. 1364.1(E):2002. Recommending
use of @* instead of @(...) for better match of synthesis and simulation.
Successfully finished Verilog frontend.

7. Executing Verilog-2005 frontend: /teamspace/studios/this_studio/Melodica-Integration-into-Fife-Core/Learn_Bluespec_and_RISCV_Design/Code/Build/Fife/verilog/mkMultiplier.v
Parsing Verilog input from `/teamspace/studios/this_studio/Melodica-Integration-into-Fife-Core/Learn_Bluespec_and_RISCV_Design/Code/Build/Fife/verilog/mkMultiplier.v' to AST representation.
Generating RTLIL representation for module `\mkMultiplier'.
Successfully finished Verilog frontend.

8. Executing Verilog-2005 frontend: /teamspace/studios/this_studio/Melodica-Integration-into-Fife-Core/Learn_Bluespec_and_RISCV_Design/Code/Build/Fife/verilog/mkNormalizer.v
Parsing Verilog input from `/teamspace/studios/this_studio/Melodica-Integration-into-Fife-Core/Learn_Bluespec_and_RISCV_Design/Code/Build/Fife/verilog/mkNormalizer.v' to AST representation.
Generating RTLIL representation for module `\mkNormalizer'.
Note: Assuming pure combinatorial block at /teamspace/studios/this_studio/Melodica-Integration-into-Fife-Core/Learn_Bluespec_and_RISCV_Design/Code/Build/Fife/verilog/mkNormalizer.v:148.3-161.6 in
compliance with IEC 62142(E):2005 / IEEE Std. 1364.1(E):2002. Recommending
use of @* instead of @(...) for better match of synthesis and simulation.
Note: Assuming pure combinatorial block at /teamspace/studios/this_studio/Melodica-Integration-into-Fife-Core/Learn_Bluespec_and_RISCV_Design/Code/Build/Fife/verilog/mkNormalizer.v:162.3-183.6 in
compliance with IEC 62142(E):2005 / IEEE Std. 1364.1(E):2002. Recommending
use of @* instead of @(...) for better match of synthesis and simulation.
Note: Assuming pure combinatorial block at /teamspace/studios/this_studio/Melodica-Integration-into-Fife-Core/Learn_Bluespec_and_RISCV_Design/Code/Build/Fife/verilog/mkNormalizer.v:184.3-191.6 in
compliance with IEC 62142(E):2005 / IEEE Std. 1364.1(E):2002. Recommending
use of @* instead of @(...) for better match of synthesis and simulation.
Successfully finished Verilog frontend.

9. Executing Verilog-2005 frontend: /teamspace/studios/this_studio/Melodica-Integration-into-Fife-Core/Learn_Bluespec_and_RISCV_Design/Code/Build/Fife/verilog/mkExtracter.v
Parsing Verilog input from `/teamspace/studios/this_studio/Melodica-Integration-into-Fife-Core/Learn_Bluespec_and_RISCV_Design/Code/Build/Fife/verilog/mkExtracter.v' to AST representation.
Generating RTLIL representation for module `\mkExtracter'.
Successfully finished Verilog frontend.

10. Executing Verilog-2005 frontend: /teamspace/studios/this_studio/Melodica-Integration-into-Fife-Core/Learn_Bluespec_and_RISCV_Design/Code/Build/Fife/verilog/mkFtoP_PNE.v
Parsing Verilog input from `/teamspace/studios/this_studio/Melodica-Integration-into-Fife-Core/Learn_Bluespec_and_RISCV_Design/Code/Build/Fife/verilog/mkFtoP_PNE.v' to AST representation.
Generating RTLIL representation for module `\mkFtoP_PNE'.
Successfully finished Verilog frontend.

11. Executing Verilog-2005 frontend: /teamspace/studios/this_studio/Melodica-Integration-into-Fife-Core/Learn_Bluespec_and_RISCV_Design/Code/Build/Fife/verilog/mkPtoF_PNE.v
Parsing Verilog input from `/teamspace/studios/this_studio/Melodica-Integration-into-Fife-Core/Learn_Bluespec_and_RISCV_Design/Code/Build/Fife/verilog/mkPtoF_PNE.v' to AST representation.
Generating RTLIL representation for module `\mkPtoF_PNE'.
Note: Assuming pure combinatorial block at /teamspace/studios/this_studio/Melodica-Integration-into-Fife-Core/Learn_Bluespec_and_RISCV_Design/Code/Build/Fife/verilog/mkPtoF_PNE.v:212.3-219.6 in
compliance with IEC 62142(E):2005 / IEEE Std. 1364.1(E):2002. Recommending
use of @* instead of @(...) for better match of synthesis and simulation.
Note: Assuming pure combinatorial block at /teamspace/studios/this_studio/Melodica-Integration-into-Fife-Core/Learn_Bluespec_and_RISCV_Design/Code/Build/Fife/verilog/mkPtoF_PNE.v:220.3-227.6 in
compliance with IEC 62142(E):2005 / IEEE Std. 1364.1(E):2002. Recommending
use of @* instead of @(...) for better match of synthesis and simulation.
Successfully finished Verilog frontend.

12. Executing Verilog-2005 frontend: /teamspace/studios/this_studio/Melodica-Integration-into-Fife-Core/Learn_Bluespec_and_RISCV_Design/Code/Build/Fife/verilog/mkPositCore.v
Parsing Verilog input from `/teamspace/studios/this_studio/Melodica-Integration-into-Fife-Core/Learn_Bluespec_and_RISCV_Design/Code/Build/Fife/verilog/mkPositCore.v' to AST representation.
Generating RTLIL representation for module `\mkPositCore'.
Successfully finished Verilog frontend.

13. Executing HIERARCHY pass (managing design hierarchy).

13.1. Analyzing design hierarchy..
Top module:  \mkPositCore
Used module:     \mkQuire
Used module:         \module_fn_twosC_quire
Used module:         \SizedFIFO
Used module:         \FIFO1
Used module:     \mkPtoF_PNE
Used module:         \FIFO2
Used module:     \mkNormalizer
Used module:     \mkMultiplier
Used module:     \mkFtoP_PNE
Used module:     \mkExtracter
Parameter \p1width = 32
Parameter \p2depth = 4
Parameter \p3cntr_width = 2
Parameter \guarded = 1'1

13.2. Executing AST frontend in derive mode using pre-parsed AST for module `\SizedFIFO'.
Parameter \p1width = 32
Parameter \p2depth = 4
Parameter \p3cntr_width = 2
Parameter \guarded = 1'1
Generating RTLIL representation for module `$paramod$a0c6df3c1489bcd5c1c6c2071c80faf091665997\SizedFIFO'.
Parameter \p1width = 32
Parameter \p2depth = 4
Parameter \p3cntr_width = 2
Parameter \guarded = 1'1
Found cached RTLIL representation for module `$paramod$a0c6df3c1489bcd5c1c6c2071c80faf091665997\SizedFIFO'.
Parameter \p1width = 32
Parameter \p2depth = 4
Parameter \p3cntr_width = 2
Parameter \guarded = 1'1
Found cached RTLIL representation for module `$paramod$a0c6df3c1489bcd5c1c6c2071c80faf091665997\SizedFIFO'.
Parameter \p1width = 32
Parameter \p2depth = 4
Parameter \p3cntr_width = 2
Parameter \guarded = 1'1
Found cached RTLIL representation for module `$paramod$a0c6df3c1489bcd5c1c6c2071c80faf091665997\SizedFIFO'.
Parameter \p1width = 1
Parameter \p2depth = 4
Parameter \p3cntr_width = 2
Parameter \guarded = 1'1

13.3. Executing AST frontend in derive mode using pre-parsed AST for module `\SizedFIFO'.
Parameter \p1width = 1
Parameter \p2depth = 4
Parameter \p3cntr_width = 2
Parameter \guarded = 1'1
Generating RTLIL representation for module `$paramod$77feb722284cbb4b2efebea6faec56b4318dabcc\SizedFIFO'.
Parameter \p1width = 1
Parameter \p2depth = 4
Parameter \p3cntr_width = 2
Parameter \guarded = 1'1
Found cached RTLIL representation for module `$paramod$77feb722284cbb4b2efebea6faec56b4318dabcc\SizedFIFO'.
Parameter \p1width = 1
Parameter \p2depth = 4
Parameter \p3cntr_width = 2
Parameter \guarded = 1'1
Found cached RTLIL representation for module `$paramod$77feb722284cbb4b2efebea6faec56b4318dabcc\SizedFIFO'.
Parameter \width = 43
Parameter \guarded = 1'1

13.4. Executing AST frontend in derive mode using pre-parsed AST for module `\FIFO1'.
Parameter \width = 43
Parameter \guarded = 1'1
Generating RTLIL representation for module `$paramod\FIFO1\width=32'00000000000000000000000000101011\guarded=1'1'.
Parameter \width = 8
Parameter \guarded = 1'1

13.5. Executing AST frontend in derive mode using pre-parsed AST for module `\FIFO1'.
Parameter \width = 8
Parameter \guarded = 1'1
Generating RTLIL representation for module `$paramod\FIFO1\width=32'00000000000000000000000000001000\guarded=1'1'.
Parameter \width = 102
Parameter \guarded = 1'1

13.6. Executing AST frontend in derive mode using pre-parsed AST for module `\FIFO1'.
Parameter \width = 102
Parameter \guarded = 1'1
Generating RTLIL representation for module `$paramod\FIFO1\width=32'00000000000000000000000001100110\guarded=1'1'.
Parameter \width = 71
Parameter \guarded = 1'1

13.7. Executing AST frontend in derive mode using pre-parsed AST for module `\FIFO1'.
Parameter \width = 71
Parameter \guarded = 1'1
Generating RTLIL representation for module `$paramod\FIFO1\width=32'00000000000000000000000001000111\guarded=1'1'.
Parameter \width = 36
Parameter \guarded = 1'1

13.8. Executing AST frontend in derive mode using pre-parsed AST for module `\FIFO2'.
Parameter \width = 36
Parameter \guarded = 1'1
Generating RTLIL representation for module `$paramod\FIFO2\width=32'00000000000000000000000000100100\guarded=1'1'.
Parameter \width = 40
Parameter \guarded = 1'1

13.9. Executing AST frontend in derive mode using pre-parsed AST for module `\FIFO2'.
Parameter \width = 40
Parameter \guarded = 1'1
Generating RTLIL representation for module `$paramod\FIFO2\width=32'00000000000000000000000000101000\guarded=1'1'.
Parameter \width = 43
Parameter \guarded = 1'1
Found cached RTLIL representation for module `$paramod\FIFO1\width=32'00000000000000000000000000101011\guarded=1'1'.
Parameter \width = 35
Parameter \guarded = 1'1

13.10. Executing AST frontend in derive mode using pre-parsed AST for module `\FIFO2'.
Parameter \width = 35
Parameter \guarded = 1'1
Generating RTLIL representation for module `$paramod\FIFO2\width=32'00000000000000000000000000100011\guarded=1'1'.
Parameter \width = 71
Parameter \guarded = 1'1
Found cached RTLIL representation for module `$paramod\FIFO1\width=32'00000000000000000000000001000111\guarded=1'1'.
Parameter \width = 138
Parameter \guarded = 1'1

13.11. Executing AST frontend in derive mode using pre-parsed AST for module `\FIFO2'.
Parameter \width = 138
Parameter \guarded = 1'1
Generating RTLIL representation for module `$paramod\FIFO2\width=32'00000000000000000000000010001010\guarded=1'1'.
Parameter \width = 3
Parameter \guarded = 1'1

13.12. Executing AST frontend in derive mode using pre-parsed AST for module `\FIFO2'.
Parameter \width = 3
Parameter \guarded = 1'1
Generating RTLIL representation for module `$paramod\FIFO2\width=32'00000000000000000000000000000011\guarded=1'1'.
Parameter \width = 3
Parameter \guarded = 1'1
Found cached RTLIL representation for module `$paramod\FIFO2\width=32'00000000000000000000000000000011\guarded=1'1'.

13.13. Analyzing design hierarchy..
Top module:  \mkPositCore
Used module:     \mkQuire
Used module:         \module_fn_twosC_quire
Used module:         $paramod$a0c6df3c1489bcd5c1c6c2071c80faf091665997\SizedFIFO
Used module:         $paramod$77feb722284cbb4b2efebea6faec56b4318dabcc\SizedFIFO
Used module:         $paramod\FIFO1\width=32'00000000000000000000000000101011\guarded=1'1
Used module:         $paramod\FIFO1\width=32'00000000000000000000000000001000\guarded=1'1
Used module:     \mkPtoF_PNE
Used module:         $paramod\FIFO2\width=32'00000000000000000000000000100011\guarded=1'1
Used module:     \mkNormalizer
Used module:         $paramod\FIFO2\width=32'00000000000000000000000000100100\guarded=1'1
Used module:     \mkMultiplier
Used module:         $paramod\FIFO1\width=32'00000000000000000000000001100110\guarded=1'1
Used module:         $paramod\FIFO1\width=32'00000000000000000000000001000111\guarded=1'1
Used module:     \mkFtoP_PNE
Used module:     $paramod\FIFO2\width=32'00000000000000000000000010001010\guarded=1'1
Used module:     \mkExtracter
Used module:         $paramod\FIFO2\width=32'00000000000000000000000000101000\guarded=1'1
Used module:     $paramod\FIFO2\width=32'00000000000000000000000000000011\guarded=1'1

13.14. Analyzing design hierarchy..
Top module:  \mkPositCore
Used module:     \mkQuire
Used module:         \module_fn_twosC_quire
Used module:         $paramod$a0c6df3c1489bcd5c1c6c2071c80faf091665997\SizedFIFO
Used module:         $paramod$77feb722284cbb4b2efebea6faec56b4318dabcc\SizedFIFO
Used module:         $paramod\FIFO1\width=32'00000000000000000000000000101011\guarded=1'1
Used module:         $paramod\FIFO1\width=32'00000000000000000000000000001000\guarded=1'1
Used module:     \mkPtoF_PNE
Used module:         $paramod\FIFO2\width=32'00000000000000000000000000100011\guarded=1'1
Used module:     \mkNormalizer
Used module:         $paramod\FIFO2\width=32'00000000000000000000000000100100\guarded=1'1
Used module:     \mkMultiplier
Used module:         $paramod\FIFO1\width=32'00000000000000000000000001100110\guarded=1'1
Used module:         $paramod\FIFO1\width=32'00000000000000000000000001000111\guarded=1'1
Used module:     \mkFtoP_PNE
Used module:     $paramod\FIFO2\width=32'00000000000000000000000010001010\guarded=1'1
Used module:     \mkExtracter
Used module:         $paramod\FIFO2\width=32'00000000000000000000000000101000\guarded=1'1
Used module:     $paramod\FIFO2\width=32'00000000000000000000000000000011\guarded=1'1
Removing unused module `\RegFile'.
Removing unused module `\SizedFIFO'.
Removing unused module `\FIFO2'.
Removing unused module `\FIFO1'.
Removed 4 unused modules.

14. Executing SYNTH pass.

14.1. Executing HIERARCHY pass (managing design hierarchy).

14.1.1. Analyzing design hierarchy..
Top module:  \mkPositCore
Used module:     \mkQuire
Used module:         \module_fn_twosC_quire
Used module:         $paramod$a0c6df3c1489bcd5c1c6c2071c80faf091665997\SizedFIFO
Used module:         $paramod$77feb722284cbb4b2efebea6faec56b4318dabcc\SizedFIFO
Used module:         $paramod\FIFO1\width=32'00000000000000000000000000101011\guarded=1'1
Used module:         $paramod\FIFO1\width=32'00000000000000000000000000001000\guarded=1'1
Used module:     \mkPtoF_PNE
Used module:         $paramod\FIFO2\width=32'00000000000000000000000000100011\guarded=1'1
Used module:     \mkNormalizer
Used module:         $paramod\FIFO2\width=32'00000000000000000000000000100100\guarded=1'1
Used module:     \mkMultiplier
Used module:         $paramod\FIFO1\width=32'00000000000000000000000001100110\guarded=1'1
Used module:         $paramod\FIFO1\width=32'00000000000000000000000001000111\guarded=1'1
Used module:     \mkFtoP_PNE
Used module:     $paramod\FIFO2\width=32'00000000000000000000000010001010\guarded=1'1
Used module:     \mkExtracter
Used module:         $paramod\FIFO2\width=32'00000000000000000000000000101000\guarded=1'1
Used module:     $paramod\FIFO2\width=32'00000000000000000000000000000011\guarded=1'1

14.1.2. Analyzing design hierarchy..
Top module:  \mkPositCore
Used module:     \mkQuire
Used module:         \module_fn_twosC_quire
Used module:         $paramod$a0c6df3c1489bcd5c1c6c2071c80faf091665997\SizedFIFO
Used module:         $paramod$77feb722284cbb4b2efebea6faec56b4318dabcc\SizedFIFO
Used module:         $paramod\FIFO1\width=32'00000000000000000000000000101011\guarded=1'1
Used module:         $paramod\FIFO1\width=32'00000000000000000000000000001000\guarded=1'1
Used module:     \mkPtoF_PNE
Used module:         $paramod\FIFO2\width=32'00000000000000000000000000100011\guarded=1'1
Used module:     \mkNormalizer
Used module:         $paramod\FIFO2\width=32'00000000000000000000000000100100\guarded=1'1
Used module:     \mkMultiplier
Used module:         $paramod\FIFO1\width=32'00000000000000000000000001100110\guarded=1'1
Used module:         $paramod\FIFO1\width=32'00000000000000000000000001000111\guarded=1'1
Used module:     \mkFtoP_PNE
Used module:     $paramod\FIFO2\width=32'00000000000000000000000010001010\guarded=1'1
Used module:     \mkExtracter
Used module:         $paramod\FIFO2\width=32'00000000000000000000000000101000\guarded=1'1
Used module:     $paramod\FIFO2\width=32'00000000000000000000000000000011\guarded=1'1
Removed 0 unused modules.

14.2. Executing PROC pass (convert processes to netlists).

14.2.1. Executing PROC_CLEAN pass (remove empty switches from decision trees).
Cleaned up 0 empty switches.

14.2.2. Executing PROC_RMDEAD pass (remove dead branches from decision trees).
Marked 3 switch rules as full_case in process $proc$/teamspace/studios/this_studio/Melodica-Integration-into-Fife-Core/bsc/lib/Verilog/FIFO2.v:81$830 in module $paramod\FIFO2\width=32'00000000000000000000000000100100\guarded=1'1.
Marked 3 switch rules as full_case in process $proc$/teamspace/studios/this_studio/Melodica-Integration-into-Fife-Core/bsc/lib/Verilog/FIFO1.v:73$810 in module $paramod\FIFO1\width=32'00000000000000000000000001000111\guarded=1'1.
Marked 3 switch rules as full_case in process $proc$/teamspace/studios/this_studio/Melodica-Integration-into-Fife-Core/bsc/lib/Verilog/FIFO1.v:73$806 in module $paramod\FIFO1\width=32'00000000000000000000000001100110\guarded=1'1.
Marked 3 switch rules as full_case in process $proc$/teamspace/studios/this_studio/Melodica-Integration-into-Fife-Core/bsc/lib/Verilog/FIFO1.v:73$802 in module $paramod\FIFO1\width=32'00000000000000000000000000001000\guarded=1'1.
Marked 3 switch rules as full_case in process $proc$/teamspace/studios/this_studio/Melodica-Integration-into-Fife-Core/bsc/lib/Verilog/FIFO1.v:73$798 in module $paramod\FIFO1\width=32'00000000000000000000000000101011\guarded=1'1.
Marked 1 switch rules as full_case in process $proc$/teamspace/studios/this_studio/Melodica-Integration-into-Fife-Core/bsc/lib/Verilog/SizedFIFO.v:190$781 in module $paramod$77feb722284cbb4b2efebea6faec56b4318dabcc\SizedFIFO.
Marked 1 switch rules as full_case in process $proc$/teamspace/studios/this_studio/Melodica-Integration-into-Fife-Core/bsc/lib/Verilog/SizedFIFO.v:107$773 in module $paramod$77feb722284cbb4b2efebea6faec56b4318dabcc\SizedFIFO.
Marked 1 switch rules as full_case in process $proc$/teamspace/studios/this_studio/Melodica-Integration-into-Fife-Core/bsc/lib/Verilog/SizedFIFO.v:190$750 in module $paramod$a0c6df3c1489bcd5c1c6c2071c80faf091665997\SizedFIFO.
Marked 1 switch rules as full_case in process $proc$/teamspace/studios/this_studio/Melodica-Integration-into-Fife-Core/bsc/lib/Verilog/SizedFIFO.v:107$742 in module $paramod$a0c6df3c1489bcd5c1c6c2071c80faf091665997\SizedFIFO.
Marked 1 switch rules as full_case in process $proc$/teamspace/studios/this_studio/Melodica-Integration-into-Fife-Core/Learn_Bluespec_and_RISCV_Design/Code/Build/Fife/verilog/mkPositCore.v:571$733 in module mkPositCore.
Marked 1 switch rules as full_case in process $proc$/teamspace/studios/this_studio/Melodica-Integration-into-Fife-Core/Learn_Bluespec_and_RISCV_Design/Code/Build/Fife/verilog/mkPtoF_PNE.v:220$607 in module mkPtoF_PNE.
Marked 1 switch rules as full_case in process $proc$/teamspace/studios/this_studio/Melodica-Integration-into-Fife-Core/Learn_Bluespec_and_RISCV_Design/Code/Build/Fife/verilog/mkPtoF_PNE.v:212$605 in module mkPtoF_PNE.
Marked 1 switch rules as full_case in process $proc$/teamspace/studios/this_studio/Melodica-Integration-into-Fife-Core/Learn_Bluespec_and_RISCV_Design/Code/Build/Fife/verilog/mkNormalizer.v:184$474 in module mkNormalizer.
Marked 1 switch rules as full_case in process $proc$/teamspace/studios/this_studio/Melodica-Integration-into-Fife-Core/Learn_Bluespec_and_RISCV_Design/Code/Build/Fife/verilog/mkNormalizer.v:162$473 in module mkNormalizer.
Marked 1 switch rules as full_case in process $proc$/teamspace/studios/this_studio/Melodica-Integration-into-Fife-Core/Learn_Bluespec_and_RISCV_Design/Code/Build/Fife/verilog/mkNormalizer.v:148$472 in module mkNormalizer.
Marked 1 switch rules as full_case in process $proc$/teamspace/studios/this_studio/Melodica-Integration-into-Fife-Core/Learn_Bluespec_and_RISCV_Design/Code/Build/Fife/verilog/mkQuire.v:1144$415 in module mkQuire.
Marked 1 switch rules as full_case in process $proc$/teamspace/studios/this_studio/Melodica-Integration-into-Fife-Core/Learn_Bluespec_and_RISCV_Design/Code/Build/Fife/verilog/mkQuire.v:789$291 in module mkQuire.
Marked 1 switch rules as full_case in process $proc$/teamspace/studios/this_studio/Melodica-Integration-into-Fife-Core/Learn_Bluespec_and_RISCV_Design/Code/Build/Fife/verilog/mkQuire.v:763$277 in module mkQuire.
Marked 1 switch rules as full_case in process $proc$/teamspace/studios/this_studio/Melodica-Integration-into-Fife-Core/Learn_Bluespec_and_RISCV_Design/Code/Build/Fife/verilog/mkQuire.v:737$263 in module mkQuire.
Marked 1 switch rules as full_case in process $proc$/teamspace/studios/this_studio/Melodica-Integration-into-Fife-Core/Learn_Bluespec_and_RISCV_Design/Code/Build/Fife/verilog/mkQuire.v:711$249 in module mkQuire.
Marked 1 switch rules as full_case in process $proc$/teamspace/studios/this_studio/Melodica-Integration-into-Fife-Core/Learn_Bluespec_and_RISCV_Design/Code/Build/Fife/verilog/mkQuire.v:686$239 in module mkQuire.
Marked 1 switch rules as full_case in process $proc$/teamspace/studios/this_studio/Melodica-Integration-into-Fife-Core/Learn_Bluespec_and_RISCV_Design/Code/Build/Fife/verilog/mkQuire.v:661$229 in module mkQuire.
Marked 1 switch rules as full_case in process $proc$/teamspace/studios/this_studio/Melodica-Integration-into-Fife-Core/Learn_Bluespec_and_RISCV_Design/Code/Build/Fife/verilog/mkQuire.v:637$219 in module mkQuire.
Marked 1 switch rules as full_case in process $proc$/teamspace/studios/this_studio/Melodica-Integration-into-Fife-Core/Learn_Bluespec_and_RISCV_Design/Code/Build/Fife/verilog/mkQuire.v:614$209 in module mkQuire.
Marked 3 switch rules as full_case in process $proc$/teamspace/studios/this_studio/Melodica-Integration-into-Fife-Core/bsc/lib/Verilog/FIFO2.v:81$958 in module $paramod\FIFO2\width=32'00000000000000000000000000000011\guarded=1'1.
Marked 3 switch rules as full_case in process $proc$/teamspace/studios/this_studio/Melodica-Integration-into-Fife-Core/bsc/lib/Verilog/FIFO2.v:81$926 in module $paramod\FIFO2\width=32'00000000000000000000000010001010\guarded=1'1.
Marked 3 switch rules as full_case in process $proc$/teamspace/studios/this_studio/Melodica-Integration-into-Fife-Core/bsc/lib/Verilog/FIFO2.v:81$894 in module $paramod\FIFO2\width=32'00000000000000000000000000100011\guarded=1'1.
Marked 3 switch rules as full_case in process $proc$/teamspace/studios/this_studio/Melodica-Integration-into-Fife-Core/bsc/lib/Verilog/FIFO2.v:81$862 in module $paramod\FIFO2\width=32'00000000000000000000000000101000\guarded=1'1.
Removed a total of 0 dead cases.

14.2.3. Executing PROC_PRUNE pass (remove redundant assignments in processes).
Removed 0 redundant assignments.
Promoted 29 assignments to connections.

14.2.4. Executing PROC_INIT pass (extract init attributes).

14.2.5. Executing PROC_ARST pass (detect async resets in processes).

14.2.6. Executing PROC_ROM pass (convert switches to ROMs).
Converted 1 switch.
<suppressed ~79 debug messages>

14.2.7. Executing PROC_MUX pass (convert decision trees to multiplexers).
Creating decoders for process `$paramod\FIFO2\width=32'00000000000000000000000000100100\guarded=1'1.$proc$/teamspace/studios/this_studio/Melodica-Integration-into-Fife-Core/bsc/lib/Verilog/FIFO2.v:110$838'.
Creating decoders for process `$paramod\FIFO2\width=32'00000000000000000000000000100100\guarded=1'1.$proc$/teamspace/studios/this_studio/Melodica-Integration-into-Fife-Core/bsc/lib/Verilog/FIFO2.v:81$830'.
     1/2: $0\full_reg[0:0]
     2/2: $0\empty_reg[0:0]
Creating decoders for process `$paramod\FIFO1\width=32'00000000000000000000000001000111\guarded=1'1.$proc$/teamspace/studios/this_studio/Melodica-Integration-into-Fife-Core/bsc/lib/Verilog/FIFO1.v:96$812'.
     1/1: $0\D_OUT[70:0]
Creating decoders for process `$paramod\FIFO1\width=32'00000000000000000000000001000111\guarded=1'1.$proc$/teamspace/studios/this_studio/Melodica-Integration-into-Fife-Core/bsc/lib/Verilog/FIFO1.v:73$810'.
     1/1: $0\empty_reg[0:0]
Creating decoders for process `$paramod\FIFO1\width=32'00000000000000000000000001100110\guarded=1'1.$proc$/teamspace/studios/this_studio/Melodica-Integration-into-Fife-Core/bsc/lib/Verilog/FIFO1.v:96$808'.
     1/1: $0\D_OUT[101:0]
Creating decoders for process `$paramod\FIFO1\width=32'00000000000000000000000001100110\guarded=1'1.$proc$/teamspace/studios/this_studio/Melodica-Integration-into-Fife-Core/bsc/lib/Verilog/FIFO1.v:73$806'.
     1/1: $0\empty_reg[0:0]
Creating decoders for process `$paramod\FIFO1\width=32'00000000000000000000000000001000\guarded=1'1.$proc$/teamspace/studios/this_studio/Melodica-Integration-into-Fife-Core/bsc/lib/Verilog/FIFO1.v:96$804'.
     1/1: $0\D_OUT[7:0]
Creating decoders for process `$paramod\FIFO1\width=32'00000000000000000000000000001000\guarded=1'1.$proc$/teamspace/studios/this_studio/Melodica-Integration-into-Fife-Core/bsc/lib/Verilog/FIFO1.v:73$802'.
     1/1: $0\empty_reg[0:0]
Creating decoders for process `$paramod\FIFO1\width=32'00000000000000000000000000101011\guarded=1'1.$proc$/teamspace/studios/this_studio/Melodica-Integration-into-Fife-Core/bsc/lib/Verilog/FIFO1.v:96$800'.
     1/1: $0\D_OUT[42:0]
Creating decoders for process `$paramod\FIFO1\width=32'00000000000000000000000000101011\guarded=1'1.$proc$/teamspace/studios/this_studio/Melodica-Integration-into-Fife-Core/bsc/lib/Verilog/FIFO1.v:73$798'.
     1/1: $0\empty_reg[0:0]
Creating decoders for process `$paramod$77feb722284cbb4b2efebea6faec56b4318dabcc\SizedFIFO.$proc$/teamspace/studios/this_studio/Melodica-Integration-into-Fife-Core/bsc/lib/Verilog/SizedFIFO.v:190$781'.
     1/3: $1$memwr$\arr$/teamspace/studios/this_studio/Melodica-Integration-into-Fife-Core/bsc/lib/Verilog/SizedFIFO.v:206$766_EN[0:0]$796
     2/3: $1$memwr$\arr$/teamspace/studios/this_studio/Melodica-Integration-into-Fife-Core/bsc/lib/Verilog/SizedFIFO.v:206$766_DATA[0:0]$795
     3/3: $1$memwr$\arr$/teamspace/studios/this_studio/Melodica-Integration-into-Fife-Core/bsc/lib/Verilog/SizedFIFO.v:206$766_ADDR[1:0]$794
Creating decoders for process `$paramod$77feb722284cbb4b2efebea6faec56b4318dabcc\SizedFIFO.$proc$/teamspace/studios/this_studio/Melodica-Integration-into-Fife-Core/bsc/lib/Verilog/SizedFIFO.v:167$778'.
     1/1: $0\D_OUT[0:0]
Creating decoders for process `$paramod$77feb722284cbb4b2efebea6faec56b4318dabcc\SizedFIFO.$proc$/teamspace/studios/this_studio/Melodica-Integration-into-Fife-Core/bsc/lib/Verilog/SizedFIFO.v:107$773'.
     1/5: $0\hasodata[0:0]
     2/5: $0\tail[1:0]
     3/5: $0\head[1:0]
     4/5: $0\ring_empty[0:0]
     5/5: $0\not_ring_full[0:0]
Creating decoders for process `$paramod$a0c6df3c1489bcd5c1c6c2071c80faf091665997\SizedFIFO.$proc$/teamspace/studios/this_studio/Melodica-Integration-into-Fife-Core/bsc/lib/Verilog/SizedFIFO.v:190$750'.
     1/3: $1$memwr$\arr$/teamspace/studios/this_studio/Melodica-Integration-into-Fife-Core/bsc/lib/Verilog/SizedFIFO.v:206$735_EN[31:0]$765
     2/3: $1$memwr$\arr$/teamspace/studios/this_studio/Melodica-Integration-into-Fife-Core/bsc/lib/Verilog/SizedFIFO.v:206$735_DATA[31:0]$764
     3/3: $1$memwr$\arr$/teamspace/studios/this_studio/Melodica-Integration-into-Fife-Core/bsc/lib/Verilog/SizedFIFO.v:206$735_ADDR[1:0]$763
Creating decoders for process `$paramod$a0c6df3c1489bcd5c1c6c2071c80faf091665997\SizedFIFO.$proc$/teamspace/studios/this_studio/Melodica-Integration-into-Fife-Core/bsc/lib/Verilog/SizedFIFO.v:167$747'.
     1/1: $0\D_OUT[31:0]
Creating decoders for process `$paramod$a0c6df3c1489bcd5c1c6c2071c80faf091665997\SizedFIFO.$proc$/teamspace/studios/this_studio/Melodica-Integration-into-Fife-Core/bsc/lib/Verilog/SizedFIFO.v:107$742'.
     1/5: $0\hasodata[0:0]
     2/5: $0\tail[1:0]
     3/5: $0\head[1:0]
     4/5: $0\ring_empty[0:0]
     5/5: $0\not_ring_full[0:0]
Creating decoders for process `\mkPositCore.$proc$/teamspace/studios/this_studio/Melodica-Integration-into-Fife-Core/Learn_Bluespec_and_RISCV_Design/Code/Build/Fife/verilog/mkPositCore.v:571$733'.
     1/1: $0\rg_inflight[7:0]
Creating decoders for process `\mkPtoF_PNE.$proc$/teamspace/studios/this_studio/Melodica-Integration-into-Fife-Core/Learn_Bluespec_and_RISCV_Design/Code/Build/Fife/verilog/mkPtoF_PNE.v:220$607'.
     1/1: $1\CASE_float_no69_0_2_4286578688_1_0__q3[1:0]
Creating decoders for process `\mkPtoF_PNE.$proc$/teamspace/studios/this_studio/Melodica-Integration-into-Fife-Core/Learn_Bluespec_and_RISCV_Design/Code/Build/Fife/verilog/mkPtoF_PNE.v:212$605'.
     1/1: $1\float_no__h169[31:0]
Creating decoders for process `\mkNormalizer.$proc$/teamspace/studios/this_studio/Melodica-Integration-into-Fife-Core/Learn_Bluespec_and_RISCV_Design/Code/Build/Fife/verilog/mkNormalizer.v:184$474'.
     1/1: $1\output_regf_posit__h172[31:0]
Creating decoders for process `\mkNormalizer.$proc$/teamspace/studios/this_studio/Melodica-Integration-into-Fife-Core/Learn_Bluespec_and_RISCV_Design/Code/Build/Fife/verilog/mkNormalizer.v:162$473'.
     1/1: $1\IF_request_put_BITS_37_TO_34_EQ_0b0_OR_request_ETC___d53[30:0]
Creating decoders for process `\mkNormalizer.$proc$/teamspace/studios/this_studio/Melodica-Integration-into-Fife-Core/Learn_Bluespec_and_RISCV_Design/Code/Build/Fife/verilog/mkNormalizer.v:148$472'.
     1/1: $1\_theResult___fst__h327[5:0]
Creating decoders for process `\mkQuire.$proc$/teamspace/studios/this_studio/Melodica-Integration-into-Fife-Core/Learn_Bluespec_and_RISCV_Design/Code/Build/Fife/verilog/mkQuire.v:1144$415'.
     1/14: $0\zero_counter_rg_seg_counter_busy[0:0]
     2/14: $0\zero_counter_rg_numZeroSegs[1:0]
     3/14: $0\zero_counter_rg_firstNonZeroSeg[31:0]
     4/14: $0\vrg_quire_seg_zero_3[0:0]
     5/14: $0\vrg_quire_seg_zero_2[0:0]
     6/14: $0\vrg_quire_seg_zero_1[0:0]
     7/14: $0\vrg_quire_seg_zero_0[0:0]
     8/14: $0\vrg_quire_3[31:0]
     9/14: $0\vrg_quire_2[31:0]
    10/14: $0\vrg_quire_1[31:0]
    11/14: $0\vrg_quire_0[31:0]
    12/14: $0\seg_adder_rg_inFlight[1:0]
    13/14: $0\rg_seg_zero_upd[0:0]
    14/14: $0\rg_read_busy[0:0]
Creating decoders for process `\mkQuire.$proc$/teamspace/studios/this_studio/Melodica-Integration-into-Fife-Core/Learn_Bluespec_and_RISCV_Design/Code/Build/Fife/verilog/mkQuire.v:789$291'.
     1/1: $1\vrg_quire_seg_zero_3$D_IN[0:0]$293
Creating decoders for process `\mkQuire.$proc$/teamspace/studios/this_studio/Melodica-Integration-into-Fife-Core/Learn_Bluespec_and_RISCV_Design/Code/Build/Fife/verilog/mkQuire.v:763$277'.
     1/1: $1\vrg_quire_seg_zero_2$D_IN[0:0]$279
Creating decoders for process `\mkQuire.$proc$/teamspace/studios/this_studio/Melodica-Integration-into-Fife-Core/Learn_Bluespec_and_RISCV_Design/Code/Build/Fife/verilog/mkQuire.v:737$263'.
     1/1: $1\vrg_quire_seg_zero_1$D_IN[0:0]$265
Creating decoders for process `\mkQuire.$proc$/teamspace/studios/this_studio/Melodica-Integration-into-Fife-Core/Learn_Bluespec_and_RISCV_Design/Code/Build/Fife/verilog/mkQuire.v:711$249'.
     1/1: $1\vrg_quire_seg_zero_0$D_IN[0:0]$251
Creating decoders for process `\mkQuire.$proc$/teamspace/studios/this_studio/Melodica-Integration-into-Fife-Core/Learn_Bluespec_and_RISCV_Design/Code/Build/Fife/verilog/mkQuire.v:686$239'.
     1/1: $1\vrg_quire_3$D_IN[31:0]$241
Creating decoders for process `\mkQuire.$proc$/teamspace/studios/this_studio/Melodica-Integration-into-Fife-Core/Learn_Bluespec_and_RISCV_Design/Code/Build/Fife/verilog/mkQuire.v:661$229'.
     1/1: $1\vrg_quire_2$D_IN[31:0]$231
Creating decoders for process `\mkQuire.$proc$/teamspace/studios/this_studio/Melodica-Integration-into-Fife-Core/Learn_Bluespec_and_RISCV_Design/Code/Build/Fife/verilog/mkQuire.v:637$219'.
     1/1: $1\vrg_quire_1$D_IN[31:0]$221
Creating decoders for process `\mkQuire.$proc$/teamspace/studios/this_studio/Melodica-Integration-into-Fife-Core/Learn_Bluespec_and_RISCV_Design/Code/Build/Fife/verilog/mkQuire.v:614$209'.
     1/1: $1\vrg_quire_0$D_IN[31:0]$211
Creating decoders for process `$paramod\FIFO2\width=32'00000000000000000000000000000011\guarded=1'1.$proc$/teamspace/studios/this_studio/Melodica-Integration-into-Fife-Core/bsc/lib/Verilog/FIFO2.v:110$966'.
Creating decoders for process `$paramod\FIFO2\width=32'00000000000000000000000000000011\guarded=1'1.$proc$/teamspace/studios/this_studio/Melodica-Integration-into-Fife-Core/bsc/lib/Verilog/FIFO2.v:81$958'.
     1/2: $0\full_reg[0:0]
     2/2: $0\empty_reg[0:0]
Creating decoders for process `$paramod\FIFO2\width=32'00000000000000000000000010001010\guarded=1'1.$proc$/teamspace/studios/this_studio/Melodica-Integration-into-Fife-Core/bsc/lib/Verilog/FIFO2.v:110$934'.
Creating decoders for process `$paramod\FIFO2\width=32'00000000000000000000000010001010\guarded=1'1.$proc$/teamspace/studios/this_studio/Melodica-Integration-into-Fife-Core/bsc/lib/Verilog/FIFO2.v:81$926'.
     1/2: $0\full_reg[0:0]
     2/2: $0\empty_reg[0:0]
Creating decoders for process `$paramod\FIFO2\width=32'00000000000000000000000000100011\guarded=1'1.$proc$/teamspace/studios/this_studio/Melodica-Integration-into-Fife-Core/bsc/lib/Verilog/FIFO2.v:110$902'.
Creating decoders for process `$paramod\FIFO2\width=32'00000000000000000000000000100011\guarded=1'1.$proc$/teamspace/studios/this_studio/Melodica-Integration-into-Fife-Core/bsc/lib/Verilog/FIFO2.v:81$894'.
     1/2: $0\full_reg[0:0]
     2/2: $0\empty_reg[0:0]
Creating decoders for process `$paramod\FIFO2\width=32'00000000000000000000000000101000\guarded=1'1.$proc$/teamspace/studios/this_studio/Melodica-Integration-into-Fife-Core/bsc/lib/Verilog/FIFO2.v:110$870'.
Creating decoders for process `$paramod\FIFO2\width=32'00000000000000000000000000101000\guarded=1'1.$proc$/teamspace/studios/this_studio/Melodica-Integration-into-Fife-Core/bsc/lib/Verilog/FIFO2.v:81$862'.
     1/2: $0\full_reg[0:0]
     2/2: $0\empty_reg[0:0]

14.2.8. Executing PROC_DLATCH pass (convert process syncs to latches).
No latch inferred for signal `\mkPtoF_PNE.\CASE_float_no69_0_2_4286578688_1_0__q3' from process `\mkPtoF_PNE.$proc$/teamspace/studios/this_studio/Melodica-Integration-into-Fife-Core/Learn_Bluespec_and_RISCV_Design/Code/Build/Fife/verilog/mkPtoF_PNE.v:220$607'.
No latch inferred for signal `\mkPtoF_PNE.\float_no__h169' from process `\mkPtoF_PNE.$proc$/teamspace/studios/this_studio/Melodica-Integration-into-Fife-Core/Learn_Bluespec_and_RISCV_Design/Code/Build/Fife/verilog/mkPtoF_PNE.v:212$605'.
No latch inferred for signal `\mkNormalizer.\output_regf_posit__h172' from process `\mkNormalizer.$proc$/teamspace/studios/this_studio/Melodica-Integration-into-Fife-Core/Learn_Bluespec_and_RISCV_Design/Code/Build/Fife/verilog/mkNormalizer.v:184$474'.
No latch inferred for signal `\mkNormalizer.\IF_request_put_BITS_37_TO_34_EQ_0b0_OR_request_ETC___d53' from process `\mkNormalizer.$proc$/teamspace/studios/this_studio/Melodica-Integration-into-Fife-Core/Learn_Bluespec_and_RISCV_Design/Code/Build/Fife/verilog/mkNormalizer.v:162$473'.
No latch inferred for signal `\mkNormalizer.\_theResult___fst__h327' from process `\mkNormalizer.$proc$/teamspace/studios/this_studio/Melodica-Integration-into-Fife-Core/Learn_Bluespec_and_RISCV_Design/Code/Build/Fife/verilog/mkNormalizer.v:148$472'.
No latch inferred for signal `\mkQuire.\vrg_quire_seg_zero_3$D_IN' from process `\mkQuire.$proc$/teamspace/studios/this_studio/Melodica-Integration-into-Fife-Core/Learn_Bluespec_and_RISCV_Design/Code/Build/Fife/verilog/mkQuire.v:789$291'.
No latch inferred for signal `\mkQuire.\vrg_quire_seg_zero_2$D_IN' from process `\mkQuire.$proc$/teamspace/studios/this_studio/Melodica-Integration-into-Fife-Core/Learn_Bluespec_and_RISCV_Design/Code/Build/Fife/verilog/mkQuire.v:763$277'.
No latch inferred for signal `\mkQuire.\vrg_quire_seg_zero_1$D_IN' from process `\mkQuire.$proc$/teamspace/studios/this_studio/Melodica-Integration-into-Fife-Core/Learn_Bluespec_and_RISCV_Design/Code/Build/Fife/verilog/mkQuire.v:737$263'.
No latch inferred for signal `\mkQuire.\vrg_quire_seg_zero_0$D_IN' from process `\mkQuire.$proc$/teamspace/studios/this_studio/Melodica-Integration-into-Fife-Core/Learn_Bluespec_and_RISCV_Design/Code/Build/Fife/verilog/mkQuire.v:711$249'.
No latch inferred for signal `\mkQuire.\vrg_quire_3$D_IN' from process `\mkQuire.$proc$/teamspace/studios/this_studio/Melodica-Integration-into-Fife-Core/Learn_Bluespec_and_RISCV_Design/Code/Build/Fife/verilog/mkQuire.v:686$239'.
No latch inferred for signal `\mkQuire.\vrg_quire_2$D_IN' from process `\mkQuire.$proc$/teamspace/studios/this_studio/Melodica-Integration-into-Fife-Core/Learn_Bluespec_and_RISCV_Design/Code/Build/Fife/verilog/mkQuire.v:661$229'.
No latch inferred for signal `\mkQuire.\vrg_quire_1$D_IN' from process `\mkQuire.$proc$/teamspace/studios/this_studio/Melodica-Integration-into-Fife-Core/Learn_Bluespec_and_RISCV_Design/Code/Build/Fife/verilog/mkQuire.v:637$219'.
No latch inferred for signal `\mkQuire.\vrg_quire_0$D_IN' from process `\mkQuire.$proc$/teamspace/studios/this_studio/Melodica-Integration-into-Fife-Core/Learn_Bluespec_and_RISCV_Design/Code/Build/Fife/verilog/mkQuire.v:614$209'.

14.2.9. Executing PROC_DFF pass (convert process syncs to FFs).
Creating register for signal `$paramod\FIFO2\width=32'00000000000000000000000000100100\guarded=1'1.\data0_reg' using process `$paramod\FIFO2\width=32'00000000000000000000000000100100\guarded=1'1.$proc$/teamspace/studios/this_studio/Melodica-Integration-into-Fife-Core/bsc/lib/Verilog/FIFO2.v:110$838'.
  created $dff cell `$procdff$1399' with positive edge clock.
Creating register for signal `$paramod\FIFO2\width=32'00000000000000000000000000100100\guarded=1'1.\data1_reg' using process `$paramod\FIFO2\width=32'00000000000000000000000000100100\guarded=1'1.$proc$/teamspace/studios/this_studio/Melodica-Integration-into-Fife-Core/bsc/lib/Verilog/FIFO2.v:110$838'.
  created $dff cell `$procdff$1400' with positive edge clock.
Creating register for signal `$paramod\FIFO2\width=32'00000000000000000000000000100100\guarded=1'1.\empty_reg' using process `$paramod\FIFO2\width=32'00000000000000000000000000100100\guarded=1'1.$proc$/teamspace/studios/this_studio/Melodica-Integration-into-Fife-Core/bsc/lib/Verilog/FIFO2.v:81$830'.
  created $dff cell `$procdff$1401' with positive edge clock.
Creating register for signal `$paramod\FIFO2\width=32'00000000000000000000000000100100\guarded=1'1.\full_reg' using process `$paramod\FIFO2\width=32'00000000000000000000000000100100\guarded=1'1.$proc$/teamspace/studios/this_studio/Melodica-Integration-into-Fife-Core/bsc/lib/Verilog/FIFO2.v:81$830'.
  created $dff cell `$procdff$1402' with positive edge clock.
Creating register for signal `$paramod\FIFO1\width=32'00000000000000000000000001000111\guarded=1'1.\D_OUT' using process `$paramod\FIFO1\width=32'00000000000000000000000001000111\guarded=1'1.$proc$/teamspace/studios/this_studio/Melodica-Integration-into-Fife-Core/bsc/lib/Verilog/FIFO1.v:96$812'.
  created $dff cell `$procdff$1403' with positive edge clock.
Creating register for signal `$paramod\FIFO1\width=32'00000000000000000000000001000111\guarded=1'1.\empty_reg' using process `$paramod\FIFO1\width=32'00000000000000000000000001000111\guarded=1'1.$proc$/teamspace/studios/this_studio/Melodica-Integration-into-Fife-Core/bsc/lib/Verilog/FIFO1.v:73$810'.
  created $dff cell `$procdff$1404' with positive edge clock.
Creating register for signal `$paramod\FIFO1\width=32'00000000000000000000000001100110\guarded=1'1.\D_OUT' using process `$paramod\FIFO1\width=32'00000000000000000000000001100110\guarded=1'1.$proc$/teamspace/studios/this_studio/Melodica-Integration-into-Fife-Core/bsc/lib/Verilog/FIFO1.v:96$808'.
  created $dff cell `$procdff$1405' with positive edge clock.
Creating register for signal `$paramod\FIFO1\width=32'00000000000000000000000001100110\guarded=1'1.\empty_reg' using process `$paramod\FIFO1\width=32'00000000000000000000000001100110\guarded=1'1.$proc$/teamspace/studios/this_studio/Melodica-Integration-into-Fife-Core/bsc/lib/Verilog/FIFO1.v:73$806'.
  created $dff cell `$procdff$1406' with positive edge clock.
Creating register for signal `$paramod\FIFO1\width=32'00000000000000000000000000001000\guarded=1'1.\D_OUT' using process `$paramod\FIFO1\width=32'00000000000000000000000000001000\guarded=1'1.$proc$/teamspace/studios/this_studio/Melodica-Integration-into-Fife-Core/bsc/lib/Verilog/FIFO1.v:96$804'.
  created $dff cell `$procdff$1407' with positive edge clock.
Creating register for signal `$paramod\FIFO1\width=32'00000000000000000000000000001000\guarded=1'1.\empty_reg' using process `$paramod\FIFO1\width=32'00000000000000000000000000001000\guarded=1'1.$proc$/teamspace/studios/this_studio/Melodica-Integration-into-Fife-Core/bsc/lib/Verilog/FIFO1.v:73$802'.
  created $dff cell `$procdff$1408' with positive edge clock.
Creating register for signal `$paramod\FIFO1\width=32'00000000000000000000000000101011\guarded=1'1.\D_OUT' using process `$paramod\FIFO1\width=32'00000000000000000000000000101011\guarded=1'1.$proc$/teamspace/studios/this_studio/Melodica-Integration-into-Fife-Core/bsc/lib/Verilog/FIFO1.v:96$800'.
  created $dff cell `$procdff$1409' with positive edge clock.
Creating register for signal `$paramod\FIFO1\width=32'00000000000000000000000000101011\guarded=1'1.\empty_reg' using process `$paramod\FIFO1\width=32'00000000000000000000000000101011\guarded=1'1.$proc$/teamspace/studios/this_studio/Melodica-Integration-into-Fife-Core/bsc/lib/Verilog/FIFO1.v:73$798'.
  created $dff cell `$procdff$1410' with positive edge clock.
Creating register for signal `$paramod$77feb722284cbb4b2efebea6faec56b4318dabcc\SizedFIFO.$memwr$\arr$/teamspace/studios/this_studio/Melodica-Integration-into-Fife-Core/bsc/lib/Verilog/SizedFIFO.v:206$766_ADDR' using process `$paramod$77feb722284cbb4b2efebea6faec56b4318dabcc\SizedFIFO.$proc$/teamspace/studios/this_studio/Melodica-Integration-into-Fife-Core/bsc/lib/Verilog/SizedFIFO.v:190$781'.
  created $dff cell `$procdff$1411' with positive edge clock.
Creating register for signal `$paramod$77feb722284cbb4b2efebea6faec56b4318dabcc\SizedFIFO.$memwr$\arr$/teamspace/studios/this_studio/Melodica-Integration-into-Fife-Core/bsc/lib/Verilog/SizedFIFO.v:206$766_DATA' using process `$paramod$77feb722284cbb4b2efebea6faec56b4318dabcc\SizedFIFO.$proc$/teamspace/studios/this_studio/Melodica-Integration-into-Fife-Core/bsc/lib/Verilog/SizedFIFO.v:190$781'.
  created $dff cell `$procdff$1412' with positive edge clock.
Creating register for signal `$paramod$77feb722284cbb4b2efebea6faec56b4318dabcc\SizedFIFO.$memwr$\arr$/teamspace/studios/this_studio/Melodica-Integration-into-Fife-Core/bsc/lib/Verilog/SizedFIFO.v:206$766_EN' using process `$paramod$77feb722284cbb4b2efebea6faec56b4318dabcc\SizedFIFO.$proc$/teamspace/studios/this_studio/Melodica-Integration-into-Fife-Core/bsc/lib/Verilog/SizedFIFO.v:190$781'.
  created $dff cell `$procdff$1413' with positive edge clock.
Creating register for signal `$paramod$77feb722284cbb4b2efebea6faec56b4318dabcc\SizedFIFO.\D_OUT' using process `$paramod$77feb722284cbb4b2efebea6faec56b4318dabcc\SizedFIFO.$proc$/teamspace/studios/this_studio/Melodica-Integration-into-Fife-Core/bsc/lib/Verilog/SizedFIFO.v:167$778'.
  created $dff cell `$procdff$1414' with positive edge clock.
Creating register for signal `$paramod$77feb722284cbb4b2efebea6faec56b4318dabcc\SizedFIFO.\not_ring_full' using process `$paramod$77feb722284cbb4b2efebea6faec56b4318dabcc\SizedFIFO.$proc$/teamspace/studios/this_studio/Melodica-Integration-into-Fife-Core/bsc/lib/Verilog/SizedFIFO.v:107$773'.
  created $dff cell `$procdff$1415' with positive edge clock.
Creating register for signal `$paramod$77feb722284cbb4b2efebea6faec56b4318dabcc\SizedFIFO.\ring_empty' using process `$paramod$77feb722284cbb4b2efebea6faec56b4318dabcc\SizedFIFO.$proc$/teamspace/studios/this_studio/Melodica-Integration-into-Fife-Core/bsc/lib/Verilog/SizedFIFO.v:107$773'.
  created $dff cell `$procdff$1416' with positive edge clock.
Creating register for signal `$paramod$77feb722284cbb4b2efebea6faec56b4318dabcc\SizedFIFO.\head' using process `$paramod$77feb722284cbb4b2efebea6faec56b4318dabcc\SizedFIFO.$proc$/teamspace/studios/this_studio/Melodica-Integration-into-Fife-Core/bsc/lib/Verilog/SizedFIFO.v:107$773'.
  created $dff cell `$procdff$1417' with positive edge clock.
Creating register for signal `$paramod$77feb722284cbb4b2efebea6faec56b4318dabcc\SizedFIFO.\tail' using process `$paramod$77feb722284cbb4b2efebea6faec56b4318dabcc\SizedFIFO.$proc$/teamspace/studios/this_studio/Melodica-Integration-into-Fife-Core/bsc/lib/Verilog/SizedFIFO.v:107$773'.
  created $dff cell `$procdff$1418' with positive edge clock.
Creating register for signal `$paramod$77feb722284cbb4b2efebea6faec56b4318dabcc\SizedFIFO.\hasodata' using process `$paramod$77feb722284cbb4b2efebea6faec56b4318dabcc\SizedFIFO.$proc$/teamspace/studios/this_studio/Melodica-Integration-into-Fife-Core/bsc/lib/Verilog/SizedFIFO.v:107$773'.
  created $dff cell `$procdff$1419' with positive edge clock.
Creating register for signal `$paramod$a0c6df3c1489bcd5c1c6c2071c80faf091665997\SizedFIFO.$memwr$\arr$/teamspace/studios/this_studio/Melodica-Integration-into-Fife-Core/bsc/lib/Verilog/SizedFIFO.v:206$735_ADDR' using process `$paramod$a0c6df3c1489bcd5c1c6c2071c80faf091665997\SizedFIFO.$proc$/teamspace/studios/this_studio/Melodica-Integration-into-Fife-Core/bsc/lib/Verilog/SizedFIFO.v:190$750'.
  created $dff cell `$procdff$1420' with positive edge clock.
Creating register for signal `$paramod$a0c6df3c1489bcd5c1c6c2071c80faf091665997\SizedFIFO.$memwr$\arr$/teamspace/studios/this_studio/Melodica-Integration-into-Fife-Core/bsc/lib/Verilog/SizedFIFO.v:206$735_DATA' using process `$paramod$a0c6df3c1489bcd5c1c6c2071c80faf091665997\SizedFIFO.$proc$/teamspace/studios/this_studio/Melodica-Integration-into-Fife-Core/bsc/lib/Verilog/SizedFIFO.v:190$750'.
  created $dff cell `$procdff$1421' with positive edge clock.
Creating register for signal `$paramod$a0c6df3c1489bcd5c1c6c2071c80faf091665997\SizedFIFO.$memwr$\arr$/teamspace/studios/this_studio/Melodica-Integration-into-Fife-Core/bsc/lib/Verilog/SizedFIFO.v:206$735_EN' using process `$paramod$a0c6df3c1489bcd5c1c6c2071c80faf091665997\SizedFIFO.$proc$/teamspace/studios/this_studio/Melodica-Integration-into-Fife-Core/bsc/lib/Verilog/SizedFIFO.v:190$750'.
  created $dff cell `$procdff$1422' with positive edge clock.
Creating register for signal `$paramod$a0c6df3c1489bcd5c1c6c2071c80faf091665997\SizedFIFO.\D_OUT' using process `$paramod$a0c6df3c1489bcd5c1c6c2071c80faf091665997\SizedFIFO.$proc$/teamspace/studios/this_studio/Melodica-Integration-into-Fife-Core/bsc/lib/Verilog/SizedFIFO.v:167$747'.
  created $dff cell `$procdff$1423' with positive edge clock.
Creating register for signal `$paramod$a0c6df3c1489bcd5c1c6c2071c80faf091665997\SizedFIFO.\not_ring_full' using process `$paramod$a0c6df3c1489bcd5c1c6c2071c80faf091665997\SizedFIFO.$proc$/teamspace/studios/this_studio/Melodica-Integration-into-Fife-Core/bsc/lib/Verilog/SizedFIFO.v:107$742'.
  created $dff cell `$procdff$1424' with positive edge clock.
Creating register for signal `$paramod$a0c6df3c1489bcd5c1c6c2071c80faf091665997\SizedFIFO.\ring_empty' using process `$paramod$a0c6df3c1489bcd5c1c6c2071c80faf091665997\SizedFIFO.$proc$/teamspace/studios/this_studio/Melodica-Integration-into-Fife-Core/bsc/lib/Verilog/SizedFIFO.v:107$742'.
  created $dff cell `$procdff$1425' with positive edge clock.
Creating register for signal `$paramod$a0c6df3c1489bcd5c1c6c2071c80faf091665997\SizedFIFO.\head' using process `$paramod$a0c6df3c1489bcd5c1c6c2071c80faf091665997\SizedFIFO.$proc$/teamspace/studios/this_studio/Melodica-Integration-into-Fife-Core/bsc/lib/Verilog/SizedFIFO.v:107$742'.
  created $dff cell `$procdff$1426' with positive edge clock.
Creating register for signal `$paramod$a0c6df3c1489bcd5c1c6c2071c80faf091665997\SizedFIFO.\tail' using process `$paramod$a0c6df3c1489bcd5c1c6c2071c80faf091665997\SizedFIFO.$proc$/teamspace/studios/this_studio/Melodica-Integration-into-Fife-Core/bsc/lib/Verilog/SizedFIFO.v:107$742'.
  created $dff cell `$procdff$1427' with positive edge clock.
Creating register for signal `$paramod$a0c6df3c1489bcd5c1c6c2071c80faf091665997\SizedFIFO.\hasodata' using process `$paramod$a0c6df3c1489bcd5c1c6c2071c80faf091665997\SizedFIFO.$proc$/teamspace/studios/this_studio/Melodica-Integration-into-Fife-Core/bsc/lib/Verilog/SizedFIFO.v:107$742'.
  created $dff cell `$procdff$1428' with positive edge clock.
Creating register for signal `\mkPositCore.\rg_inflight' using process `\mkPositCore.$proc$/teamspace/studios/this_studio/Melodica-Integration-into-Fife-Core/Learn_Bluespec_and_RISCV_Design/Code/Build/Fife/verilog/mkPositCore.v:571$733'.
  created $dff cell `$procdff$1429' with positive edge clock.
Creating register for signal `\mkQuire.\rg_read_busy' using process `\mkQuire.$proc$/teamspace/studios/this_studio/Melodica-Integration-into-Fife-Core/Learn_Bluespec_and_RISCV_Design/Code/Build/Fife/verilog/mkQuire.v:1144$415'.
  created $dff cell `$procdff$1430' with positive edge clock.
Creating register for signal `\mkQuire.\rg_seg_zero_upd' using process `\mkQuire.$proc$/teamspace/studios/this_studio/Melodica-Integration-into-Fife-Core/Learn_Bluespec_and_RISCV_Design/Code/Build/Fife/verilog/mkQuire.v:1144$415'.
  created $dff cell `$procdff$1431' with positive edge clock.
Creating register for signal `\mkQuire.\seg_adder_rg_inFlight' using process `\mkQuire.$proc$/teamspace/studios/this_studio/Melodica-Integration-into-Fife-Core/Learn_Bluespec_and_RISCV_Design/Code/Build/Fife/verilog/mkQuire.v:1144$415'.
  created $dff cell `$procdff$1432' with positive edge clock.
Creating register for signal `\mkQuire.\vrg_quire_0' using process `\mkQuire.$proc$/teamspace/studios/this_studio/Melodica-Integration-into-Fife-Core/Learn_Bluespec_and_RISCV_Design/Code/Build/Fife/verilog/mkQuire.v:1144$415'.
  created $dff cell `$procdff$1433' with positive edge clock.
Creating register for signal `\mkQuire.\vrg_quire_1' using process `\mkQuire.$proc$/teamspace/studios/this_studio/Melodica-Integration-into-Fife-Core/Learn_Bluespec_and_RISCV_Design/Code/Build/Fife/verilog/mkQuire.v:1144$415'.
  created $dff cell `$procdff$1434' with positive edge clock.
Creating register for signal `\mkQuire.\vrg_quire_2' using process `\mkQuire.$proc$/teamspace/studios/this_studio/Melodica-Integration-into-Fife-Core/Learn_Bluespec_and_RISCV_Design/Code/Build/Fife/verilog/mkQuire.v:1144$415'.
  created $dff cell `$procdff$1435' with positive edge clock.
Creating register for signal `\mkQuire.\vrg_quire_3' using process `\mkQuire.$proc$/teamspace/studios/this_studio/Melodica-Integration-into-Fife-Core/Learn_Bluespec_and_RISCV_Design/Code/Build/Fife/verilog/mkQuire.v:1144$415'.
  created $dff cell `$procdff$1436' with positive edge clock.
Creating register for signal `\mkQuire.\vrg_quire_seg_zero_0' using process `\mkQuire.$proc$/teamspace/studios/this_studio/Melodica-Integration-into-Fife-Core/Learn_Bluespec_and_RISCV_Design/Code/Build/Fife/verilog/mkQuire.v:1144$415'.
  created $dff cell `$procdff$1437' with positive edge clock.
Creating register for signal `\mkQuire.\vrg_quire_seg_zero_1' using process `\mkQuire.$proc$/teamspace/studios/this_studio/Melodica-Integration-into-Fife-Core/Learn_Bluespec_and_RISCV_Design/Code/Build/Fife/verilog/mkQuire.v:1144$415'.
  created $dff cell `$procdff$1438' with positive edge clock.
Creating register for signal `\mkQuire.\vrg_quire_seg_zero_2' using process `\mkQuire.$proc$/teamspace/studios/this_studio/Melodica-Integration-into-Fife-Core/Learn_Bluespec_and_RISCV_Design/Code/Build/Fife/verilog/mkQuire.v:1144$415'.
  created $dff cell `$procdff$1439' with positive edge clock.
Creating register for signal `\mkQuire.\vrg_quire_seg_zero_3' using process `\mkQuire.$proc$/teamspace/studios/this_studio/Melodica-Integration-into-Fife-Core/Learn_Bluespec_and_RISCV_Design/Code/Build/Fife/verilog/mkQuire.v:1144$415'.
  created $dff cell `$procdff$1440' with positive edge clock.
Creating register for signal `\mkQuire.\zero_counter_rg_firstNonZeroSeg' using process `\mkQuire.$proc$/teamspace/studios/this_studio/Melodica-Integration-into-Fife-Core/Learn_Bluespec_and_RISCV_Design/Code/Build/Fife/verilog/mkQuire.v:1144$415'.
  created $dff cell `$procdff$1441' with positive edge clock.
Creating register for signal `\mkQuire.\zero_counter_rg_numZeroSegs' using process `\mkQuire.$proc$/teamspace/studios/this_studio/Melodica-Integration-into-Fife-Core/Learn_Bluespec_and_RISCV_Design/Code/Build/Fife/verilog/mkQuire.v:1144$415'.
  created $dff cell `$procdff$1442' with positive edge clock.
Creating register for signal `\mkQuire.\zero_counter_rg_seg_counter_busy' using process `\mkQuire.$proc$/teamspace/studios/this_studio/Melodica-Integration-into-Fife-Core/Learn_Bluespec_and_RISCV_Design/Code/Build/Fife/verilog/mkQuire.v:1144$415'.
  created $dff cell `$procdff$1443' with positive edge clock.
Creating register for signal `$paramod\FIFO2\width=32'00000000000000000000000000000011\guarded=1'1.\data0_reg' using process `$paramod\FIFO2\width=32'00000000000000000000000000000011\guarded=1'1.$proc$/teamspace/studios/this_studio/Melodica-Integration-into-Fife-Core/bsc/lib/Verilog/FIFO2.v:110$966'.
  created $dff cell `$procdff$1444' with positive edge clock.
Creating register for signal `$paramod\FIFO2\width=32'00000000000000000000000000000011\guarded=1'1.\data1_reg' using process `$paramod\FIFO2\width=32'00000000000000000000000000000011\guarded=1'1.$proc$/teamspace/studios/this_studio/Melodica-Integration-into-Fife-Core/bsc/lib/Verilog/FIFO2.v:110$966'.
  created $dff cell `$procdff$1445' with positive edge clock.
Creating register for signal `$paramod\FIFO2\width=32'00000000000000000000000000000011\guarded=1'1.\empty_reg' using process `$paramod\FIFO2\width=32'00000000000000000000000000000011\guarded=1'1.$proc$/teamspace/studios/this_studio/Melodica-Integration-into-Fife-Core/bsc/lib/Verilog/FIFO2.v:81$958'.
  created $dff cell `$procdff$1446' with positive edge clock.
Creating register for signal `$paramod\FIFO2\width=32'00000000000000000000000000000011\guarded=1'1.\full_reg' using process `$paramod\FIFO2\width=32'00000000000000000000000000000011\guarded=1'1.$proc$/teamspace/studios/this_studio/Melodica-Integration-into-Fife-Core/bsc/lib/Verilog/FIFO2.v:81$958'.
  created $dff cell `$procdff$1447' with positive edge clock.
Creating register for signal `$paramod\FIFO2\width=32'00000000000000000000000010001010\guarded=1'1.\data0_reg' using process `$paramod\FIFO2\width=32'00000000000000000000000010001010\guarded=1'1.$proc$/teamspace/studios/this_studio/Melodica-Integration-into-Fife-Core/bsc/lib/Verilog/FIFO2.v:110$934'.
  created $dff cell `$procdff$1448' with positive edge clock.
Creating register for signal `$paramod\FIFO2\width=32'00000000000000000000000010001010\guarded=1'1.\data1_reg' using process `$paramod\FIFO2\width=32'00000000000000000000000010001010\guarded=1'1.$proc$/teamspace/studios/this_studio/Melodica-Integration-into-Fife-Core/bsc/lib/Verilog/FIFO2.v:110$934'.
  created $dff cell `$procdff$1449' with positive edge clock.
Creating register for signal `$paramod\FIFO2\width=32'00000000000000000000000010001010\guarded=1'1.\empty_reg' using process `$paramod\FIFO2\width=32'00000000000000000000000010001010\guarded=1'1.$proc$/teamspace/studios/this_studio/Melodica-Integration-into-Fife-Core/bsc/lib/Verilog/FIFO2.v:81$926'.
  created $dff cell `$procdff$1450' with positive edge clock.
Creating register for signal `$paramod\FIFO2\width=32'00000000000000000000000010001010\guarded=1'1.\full_reg' using process `$paramod\FIFO2\width=32'00000000000000000000000010001010\guarded=1'1.$proc$/teamspace/studios/this_studio/Melodica-Integration-into-Fife-Core/bsc/lib/Verilog/FIFO2.v:81$926'.
  created $dff cell `$procdff$1451' with positive edge clock.
Creating register for signal `$paramod\FIFO2\width=32'00000000000000000000000000100011\guarded=1'1.\data0_reg' using process `$paramod\FIFO2\width=32'00000000000000000000000000100011\guarded=1'1.$proc$/teamspace/studios/this_studio/Melodica-Integration-into-Fife-Core/bsc/lib/Verilog/FIFO2.v:110$902'.
  created $dff cell `$procdff$1452' with positive edge clock.
Creating register for signal `$paramod\FIFO2\width=32'00000000000000000000000000100011\guarded=1'1.\data1_reg' using process `$paramod\FIFO2\width=32'00000000000000000000000000100011\guarded=1'1.$proc$/teamspace/studios/this_studio/Melodica-Integration-into-Fife-Core/bsc/lib/Verilog/FIFO2.v:110$902'.
  created $dff cell `$procdff$1453' with positive edge clock.
Creating register for signal `$paramod\FIFO2\width=32'00000000000000000000000000100011\guarded=1'1.\empty_reg' using process `$paramod\FIFO2\width=32'00000000000000000000000000100011\guarded=1'1.$proc$/teamspace/studios/this_studio/Melodica-Integration-into-Fife-Core/bsc/lib/Verilog/FIFO2.v:81$894'.
  created $dff cell `$procdff$1454' with positive edge clock.
Creating register for signal `$paramod\FIFO2\width=32'00000000000000000000000000100011\guarded=1'1.\full_reg' using process `$paramod\FIFO2\width=32'00000000000000000000000000100011\guarded=1'1.$proc$/teamspace/studios/this_studio/Melodica-Integration-into-Fife-Core/bsc/lib/Verilog/FIFO2.v:81$894'.
  created $dff cell `$procdff$1455' with positive edge clock.
Creating register for signal `$paramod\FIFO2\width=32'00000000000000000000000000101000\guarded=1'1.\data0_reg' using process `$paramod\FIFO2\width=32'00000000000000000000000000101000\guarded=1'1.$proc$/teamspace/studios/this_studio/Melodica-Integration-into-Fife-Core/bsc/lib/Verilog/FIFO2.v:110$870'.
  created $dff cell `$procdff$1456' with positive edge clock.
Creating register for signal `$paramod\FIFO2\width=32'00000000000000000000000000101000\guarded=1'1.\data1_reg' using process `$paramod\FIFO2\width=32'00000000000000000000000000101000\guarded=1'1.$proc$/teamspace/studios/this_studio/Melodica-Integration-into-Fife-Core/bsc/lib/Verilog/FIFO2.v:110$870'.
  created $dff cell `$procdff$1457' with positive edge clock.
Creating register for signal `$paramod\FIFO2\width=32'00000000000000000000000000101000\guarded=1'1.\empty_reg' using process `$paramod\FIFO2\width=32'00000000000000000000000000101000\guarded=1'1.$proc$/teamspace/studios/this_studio/Melodica-Integration-into-Fife-Core/bsc/lib/Verilog/FIFO2.v:81$862'.
  created $dff cell `$procdff$1458' with positive edge clock.
Creating register for signal `$paramod\FIFO2\width=32'00000000000000000000000000101000\guarded=1'1.\full_reg' using process `$paramod\FIFO2\width=32'00000000000000000000000000101000\guarded=1'1.$proc$/teamspace/studios/this_studio/Melodica-Integration-into-Fife-Core/bsc/lib/Verilog/FIFO2.v:81$862'.
  created $dff cell `$procdff$1459' with positive edge clock.

14.2.10. Executing PROC_MEMWR pass (convert process memory writes to cells).

14.2.11. Executing PROC_CLEAN pass (remove empty switches from decision trees).
Removing empty process `$paramod\FIFO2\width=32'00000000000000000000000000100100\guarded=1'1.$proc$/teamspace/studios/this_studio/Melodica-Integration-into-Fife-Core/bsc/lib/Verilog/FIFO2.v:110$838'.
Found and cleaned up 4 empty switches in `$paramod\FIFO2\width=32'00000000000000000000000000100100\guarded=1'1.$proc$/teamspace/studios/this_studio/Melodica-Integration-into-Fife-Core/bsc/lib/Verilog/FIFO2.v:81$830'.
Removing empty process `$paramod\FIFO2\width=32'00000000000000000000000000100100\guarded=1'1.$proc$/teamspace/studios/this_studio/Melodica-Integration-into-Fife-Core/bsc/lib/Verilog/FIFO2.v:81$830'.
Found and cleaned up 1 empty switch in `$paramod\FIFO1\width=32'00000000000000000000000001000111\guarded=1'1.$proc$/teamspace/studios/this_studio/Melodica-Integration-into-Fife-Core/bsc/lib/Verilog/FIFO1.v:96$812'.
Removing empty process `$paramod\FIFO1\width=32'00000000000000000000000001000111\guarded=1'1.$proc$/teamspace/studios/this_studio/Melodica-Integration-into-Fife-Core/bsc/lib/Verilog/FIFO1.v:96$812'.
Found and cleaned up 4 empty switches in `$paramod\FIFO1\width=32'00000000000000000000000001000111\guarded=1'1.$proc$/teamspace/studios/this_studio/Melodica-Integration-into-Fife-Core/bsc/lib/Verilog/FIFO1.v:73$810'.
Removing empty process `$paramod\FIFO1\width=32'00000000000000000000000001000111\guarded=1'1.$proc$/teamspace/studios/this_studio/Melodica-Integration-into-Fife-Core/bsc/lib/Verilog/FIFO1.v:73$810'.
Found and cleaned up 1 empty switch in `$paramod\FIFO1\width=32'00000000000000000000000001100110\guarded=1'1.$proc$/teamspace/studios/this_studio/Melodica-Integration-into-Fife-Core/bsc/lib/Verilog/FIFO1.v:96$808'.
Removing empty process `$paramod\FIFO1\width=32'00000000000000000000000001100110\guarded=1'1.$proc$/teamspace/studios/this_studio/Melodica-Integration-into-Fife-Core/bsc/lib/Verilog/FIFO1.v:96$808'.
Found and cleaned up 4 empty switches in `$paramod\FIFO1\width=32'00000000000000000000000001100110\guarded=1'1.$proc$/teamspace/studios/this_studio/Melodica-Integration-into-Fife-Core/bsc/lib/Verilog/FIFO1.v:73$806'.
Removing empty process `$paramod\FIFO1\width=32'00000000000000000000000001100110\guarded=1'1.$proc$/teamspace/studios/this_studio/Melodica-Integration-into-Fife-Core/bsc/lib/Verilog/FIFO1.v:73$806'.
Found and cleaned up 1 empty switch in `$paramod\FIFO1\width=32'00000000000000000000000000001000\guarded=1'1.$proc$/teamspace/studios/this_studio/Melodica-Integration-into-Fife-Core/bsc/lib/Verilog/FIFO1.v:96$804'.
Removing empty process `$paramod\FIFO1\width=32'00000000000000000000000000001000\guarded=1'1.$proc$/teamspace/studios/this_studio/Melodica-Integration-into-Fife-Core/bsc/lib/Verilog/FIFO1.v:96$804'.
Found and cleaned up 4 empty switches in `$paramod\FIFO1\width=32'00000000000000000000000000001000\guarded=1'1.$proc$/teamspace/studios/this_studio/Melodica-Integration-into-Fife-Core/bsc/lib/Verilog/FIFO1.v:73$802'.
Removing empty process `$paramod\FIFO1\width=32'00000000000000000000000000001000\guarded=1'1.$proc$/teamspace/studios/this_studio/Melodica-Integration-into-Fife-Core/bsc/lib/Verilog/FIFO1.v:73$802'.
Found and cleaned up 1 empty switch in `$paramod\FIFO1\width=32'00000000000000000000000000101011\guarded=1'1.$proc$/teamspace/studios/this_studio/Melodica-Integration-into-Fife-Core/bsc/lib/Verilog/FIFO1.v:96$800'.
Removing empty process `$paramod\FIFO1\width=32'00000000000000000000000000101011\guarded=1'1.$proc$/teamspace/studios/this_studio/Melodica-Integration-into-Fife-Core/bsc/lib/Verilog/FIFO1.v:96$800'.
Found and cleaned up 4 empty switches in `$paramod\FIFO1\width=32'00000000000000000000000000101011\guarded=1'1.$proc$/teamspace/studios/this_studio/Melodica-Integration-into-Fife-Core/bsc/lib/Verilog/FIFO1.v:73$798'.
Removing empty process `$paramod\FIFO1\width=32'00000000000000000000000000101011\guarded=1'1.$proc$/teamspace/studios/this_studio/Melodica-Integration-into-Fife-Core/bsc/lib/Verilog/FIFO1.v:73$798'.
Found and cleaned up 1 empty switch in `$paramod$77feb722284cbb4b2efebea6faec56b4318dabcc\SizedFIFO.$proc$/teamspace/studios/this_studio/Melodica-Integration-into-Fife-Core/bsc/lib/Verilog/SizedFIFO.v:190$781'.
Removing empty process `$paramod$77feb722284cbb4b2efebea6faec56b4318dabcc\SizedFIFO.$proc$/teamspace/studios/this_studio/Melodica-Integration-into-Fife-Core/bsc/lib/Verilog/SizedFIFO.v:190$781'.
Found and cleaned up 1 empty switch in `$paramod$77feb722284cbb4b2efebea6faec56b4318dabcc\SizedFIFO.$proc$/teamspace/studios/this_studio/Melodica-Integration-into-Fife-Core/bsc/lib/Verilog/SizedFIFO.v:167$778'.
Removing empty process `$paramod$77feb722284cbb4b2efebea6faec56b4318dabcc\SizedFIFO.$proc$/teamspace/studios/this_studio/Melodica-Integration-into-Fife-Core/bsc/lib/Verilog/SizedFIFO.v:167$778'.
Found and cleaned up 3 empty switches in `$paramod$77feb722284cbb4b2efebea6faec56b4318dabcc\SizedFIFO.$proc$/teamspace/studios/this_studio/Melodica-Integration-into-Fife-Core/bsc/lib/Verilog/SizedFIFO.v:107$773'.
Removing empty process `$paramod$77feb722284cbb4b2efebea6faec56b4318dabcc\SizedFIFO.$proc$/teamspace/studios/this_studio/Melodica-Integration-into-Fife-Core/bsc/lib/Verilog/SizedFIFO.v:107$773'.
Found and cleaned up 1 empty switch in `$paramod$a0c6df3c1489bcd5c1c6c2071c80faf091665997\SizedFIFO.$proc$/teamspace/studios/this_studio/Melodica-Integration-into-Fife-Core/bsc/lib/Verilog/SizedFIFO.v:190$750'.
Removing empty process `$paramod$a0c6df3c1489bcd5c1c6c2071c80faf091665997\SizedFIFO.$proc$/teamspace/studios/this_studio/Melodica-Integration-into-Fife-Core/bsc/lib/Verilog/SizedFIFO.v:190$750'.
Found and cleaned up 1 empty switch in `$paramod$a0c6df3c1489bcd5c1c6c2071c80faf091665997\SizedFIFO.$proc$/teamspace/studios/this_studio/Melodica-Integration-into-Fife-Core/bsc/lib/Verilog/SizedFIFO.v:167$747'.
Removing empty process `$paramod$a0c6df3c1489bcd5c1c6c2071c80faf091665997\SizedFIFO.$proc$/teamspace/studios/this_studio/Melodica-Integration-into-Fife-Core/bsc/lib/Verilog/SizedFIFO.v:167$747'.
Found and cleaned up 3 empty switches in `$paramod$a0c6df3c1489bcd5c1c6c2071c80faf091665997\SizedFIFO.$proc$/teamspace/studios/this_studio/Melodica-Integration-into-Fife-Core/bsc/lib/Verilog/SizedFIFO.v:107$742'.
Removing empty process `$paramod$a0c6df3c1489bcd5c1c6c2071c80faf091665997\SizedFIFO.$proc$/teamspace/studios/this_studio/Melodica-Integration-into-Fife-Core/bsc/lib/Verilog/SizedFIFO.v:107$742'.
Found and cleaned up 2 empty switches in `\mkPositCore.$proc$/teamspace/studios/this_studio/Melodica-Integration-into-Fife-Core/Learn_Bluespec_and_RISCV_Design/Code/Build/Fife/verilog/mkPositCore.v:571$733'.
Removing empty process `mkPositCore.$proc$/teamspace/studios/this_studio/Melodica-Integration-into-Fife-Core/Learn_Bluespec_and_RISCV_Design/Code/Build/Fife/verilog/mkPositCore.v:571$733'.
Found and cleaned up 1 empty switch in `\mkPtoF_PNE.$proc$/teamspace/studios/this_studio/Melodica-Integration-into-Fife-Core/Learn_Bluespec_and_RISCV_Design/Code/Build/Fife/verilog/mkPtoF_PNE.v:220$607'.
Removing empty process `mkPtoF_PNE.$proc$/teamspace/studios/this_studio/Melodica-Integration-into-Fife-Core/Learn_Bluespec_and_RISCV_Design/Code/Build/Fife/verilog/mkPtoF_PNE.v:220$607'.
Found and cleaned up 1 empty switch in `\mkPtoF_PNE.$proc$/teamspace/studios/this_studio/Melodica-Integration-into-Fife-Core/Learn_Bluespec_and_RISCV_Design/Code/Build/Fife/verilog/mkPtoF_PNE.v:212$605'.
Removing empty process `mkPtoF_PNE.$proc$/teamspace/studios/this_studio/Melodica-Integration-into-Fife-Core/Learn_Bluespec_and_RISCV_Design/Code/Build/Fife/verilog/mkPtoF_PNE.v:212$605'.
Found and cleaned up 1 empty switch in `\mkNormalizer.$proc$/teamspace/studios/this_studio/Melodica-Integration-into-Fife-Core/Learn_Bluespec_and_RISCV_Design/Code/Build/Fife/verilog/mkNormalizer.v:184$474'.
Removing empty process `mkNormalizer.$proc$/teamspace/studios/this_studio/Melodica-Integration-into-Fife-Core/Learn_Bluespec_and_RISCV_Design/Code/Build/Fife/verilog/mkNormalizer.v:184$474'.
Found and cleaned up 1 empty switch in `\mkNormalizer.$proc$/teamspace/studios/this_studio/Melodica-Integration-into-Fife-Core/Learn_Bluespec_and_RISCV_Design/Code/Build/Fife/verilog/mkNormalizer.v:162$473'.
Removing empty process `mkNormalizer.$proc$/teamspace/studios/this_studio/Melodica-Integration-into-Fife-Core/Learn_Bluespec_and_RISCV_Design/Code/Build/Fife/verilog/mkNormalizer.v:162$473'.
Found and cleaned up 1 empty switch in `\mkNormalizer.$proc$/teamspace/studios/this_studio/Melodica-Integration-into-Fife-Core/Learn_Bluespec_and_RISCV_Design/Code/Build/Fife/verilog/mkNormalizer.v:148$472'.
Removing empty process `mkNormalizer.$proc$/teamspace/studios/this_studio/Melodica-Integration-into-Fife-Core/Learn_Bluespec_and_RISCV_Design/Code/Build/Fife/verilog/mkNormalizer.v:148$472'.
Found and cleaned up 15 empty switches in `\mkQuire.$proc$/teamspace/studios/this_studio/Melodica-Integration-into-Fife-Core/Learn_Bluespec_and_RISCV_Design/Code/Build/Fife/verilog/mkQuire.v:1144$415'.
Removing empty process `mkQuire.$proc$/teamspace/studios/this_studio/Melodica-Integration-into-Fife-Core/Learn_Bluespec_and_RISCV_Design/Code/Build/Fife/verilog/mkQuire.v:1144$415'.
Found and cleaned up 1 empty switch in `\mkQuire.$proc$/teamspace/studios/this_studio/Melodica-Integration-into-Fife-Core/Learn_Bluespec_and_RISCV_Design/Code/Build/Fife/verilog/mkQuire.v:789$291'.
Removing empty process `mkQuire.$proc$/teamspace/studios/this_studio/Melodica-Integration-into-Fife-Core/Learn_Bluespec_and_RISCV_Design/Code/Build/Fife/verilog/mkQuire.v:789$291'.
Found and cleaned up 1 empty switch in `\mkQuire.$proc$/teamspace/studios/this_studio/Melodica-Integration-into-Fife-Core/Learn_Bluespec_and_RISCV_Design/Code/Build/Fife/verilog/mkQuire.v:763$277'.
Removing empty process `mkQuire.$proc$/teamspace/studios/this_studio/Melodica-Integration-into-Fife-Core/Learn_Bluespec_and_RISCV_Design/Code/Build/Fife/verilog/mkQuire.v:763$277'.
Found and cleaned up 1 empty switch in `\mkQuire.$proc$/teamspace/studios/this_studio/Melodica-Integration-into-Fife-Core/Learn_Bluespec_and_RISCV_Design/Code/Build/Fife/verilog/mkQuire.v:737$263'.
Removing empty process `mkQuire.$proc$/teamspace/studios/this_studio/Melodica-Integration-into-Fife-Core/Learn_Bluespec_and_RISCV_Design/Code/Build/Fife/verilog/mkQuire.v:737$263'.
Found and cleaned up 1 empty switch in `\mkQuire.$proc$/teamspace/studios/this_studio/Melodica-Integration-into-Fife-Core/Learn_Bluespec_and_RISCV_Design/Code/Build/Fife/verilog/mkQuire.v:711$249'.
Removing empty process `mkQuire.$proc$/teamspace/studios/this_studio/Melodica-Integration-into-Fife-Core/Learn_Bluespec_and_RISCV_Design/Code/Build/Fife/verilog/mkQuire.v:711$249'.
Found and cleaned up 1 empty switch in `\mkQuire.$proc$/teamspace/studios/this_studio/Melodica-Integration-into-Fife-Core/Learn_Bluespec_and_RISCV_Design/Code/Build/Fife/verilog/mkQuire.v:686$239'.
Removing empty process `mkQuire.$proc$/teamspace/studios/this_studio/Melodica-Integration-into-Fife-Core/Learn_Bluespec_and_RISCV_Design/Code/Build/Fife/verilog/mkQuire.v:686$239'.
Found and cleaned up 1 empty switch in `\mkQuire.$proc$/teamspace/studios/this_studio/Melodica-Integration-into-Fife-Core/Learn_Bluespec_and_RISCV_Design/Code/Build/Fife/verilog/mkQuire.v:661$229'.
Removing empty process `mkQuire.$proc$/teamspace/studios/this_studio/Melodica-Integration-into-Fife-Core/Learn_Bluespec_and_RISCV_Design/Code/Build/Fife/verilog/mkQuire.v:661$229'.
Found and cleaned up 1 empty switch in `\mkQuire.$proc$/teamspace/studios/this_studio/Melodica-Integration-into-Fife-Core/Learn_Bluespec_and_RISCV_Design/Code/Build/Fife/verilog/mkQuire.v:637$219'.
Removing empty process `mkQuire.$proc$/teamspace/studios/this_studio/Melodica-Integration-into-Fife-Core/Learn_Bluespec_and_RISCV_Design/Code/Build/Fife/verilog/mkQuire.v:637$219'.
Found and cleaned up 1 empty switch in `\mkQuire.$proc$/teamspace/studios/this_studio/Melodica-Integration-into-Fife-Core/Learn_Bluespec_and_RISCV_Design/Code/Build/Fife/verilog/mkQuire.v:614$209'.
Removing empty process `mkQuire.$proc$/teamspace/studios/this_studio/Melodica-Integration-into-Fife-Core/Learn_Bluespec_and_RISCV_Design/Code/Build/Fife/verilog/mkQuire.v:614$209'.
Removing empty process `$paramod\FIFO2\width=32'00000000000000000000000000000011\guarded=1'1.$proc$/teamspace/studios/this_studio/Melodica-Integration-into-Fife-Core/bsc/lib/Verilog/FIFO2.v:110$966'.
Found and cleaned up 4 empty switches in `$paramod\FIFO2\width=32'00000000000000000000000000000011\guarded=1'1.$proc$/teamspace/studios/this_studio/Melodica-Integration-into-Fife-Core/bsc/lib/Verilog/FIFO2.v:81$958'.
Removing empty process `$paramod\FIFO2\width=32'00000000000000000000000000000011\guarded=1'1.$proc$/teamspace/studios/this_studio/Melodica-Integration-into-Fife-Core/bsc/lib/Verilog/FIFO2.v:81$958'.
Removing empty process `$paramod\FIFO2\width=32'00000000000000000000000010001010\guarded=1'1.$proc$/teamspace/studios/this_studio/Melodica-Integration-into-Fife-Core/bsc/lib/Verilog/FIFO2.v:110$934'.
Found and cleaned up 4 empty switches in `$paramod\FIFO2\width=32'00000000000000000000000010001010\guarded=1'1.$proc$/teamspace/studios/this_studio/Melodica-Integration-into-Fife-Core/bsc/lib/Verilog/FIFO2.v:81$926'.
Removing empty process `$paramod\FIFO2\width=32'00000000000000000000000010001010\guarded=1'1.$proc$/teamspace/studios/this_studio/Melodica-Integration-into-Fife-Core/bsc/lib/Verilog/FIFO2.v:81$926'.
Removing empty process `$paramod\FIFO2\width=32'00000000000000000000000000100011\guarded=1'1.$proc$/teamspace/studios/this_studio/Melodica-Integration-into-Fife-Core/bsc/lib/Verilog/FIFO2.v:110$902'.
Found and cleaned up 4 empty switches in `$paramod\FIFO2\width=32'00000000000000000000000000100011\guarded=1'1.$proc$/teamspace/studios/this_studio/Melodica-Integration-into-Fife-Core/bsc/lib/Verilog/FIFO2.v:81$894'.
Removing empty process `$paramod\FIFO2\width=32'00000000000000000000000000100011\guarded=1'1.$proc$/teamspace/studios/this_studio/Melodica-Integration-into-Fife-Core/bsc/lib/Verilog/FIFO2.v:81$894'.
Removing empty process `$paramod\FIFO2\width=32'00000000000000000000000000101000\guarded=1'1.$proc$/teamspace/studios/this_studio/Melodica-Integration-into-Fife-Core/bsc/lib/Verilog/FIFO2.v:110$870'.
Found and cleaned up 4 empty switches in `$paramod\FIFO2\width=32'00000000000000000000000000101000\guarded=1'1.$proc$/teamspace/studios/this_studio/Melodica-Integration-into-Fife-Core/bsc/lib/Verilog/FIFO2.v:81$862'.
Removing empty process `$paramod\FIFO2\width=32'00000000000000000000000000101000\guarded=1'1.$proc$/teamspace/studios/this_studio/Melodica-Integration-into-Fife-Core/bsc/lib/Verilog/FIFO2.v:81$862'.
Cleaned up 80 empty switches.

14.2.12. Executing OPT_EXPR pass (perform const folding).
Optimizing module $paramod\FIFO2\width=32'00000000000000000000000000100100\guarded=1'1.
<suppressed ~3 debug messages>
Optimizing module $paramod\FIFO1\width=32'00000000000000000000000001000111\guarded=1'1.
<suppressed ~2 debug messages>
Optimizing module $paramod\FIFO1\width=32'00000000000000000000000001100110\guarded=1'1.
<suppressed ~2 debug messages>
Optimizing module $paramod\FIFO1\width=32'00000000000000000000000000001000\guarded=1'1.
<suppressed ~2 debug messages>
Optimizing module $paramod\FIFO1\width=32'00000000000000000000000000101011\guarded=1'1.
<suppressed ~2 debug messages>
Optimizing module $paramod$77feb722284cbb4b2efebea6faec56b4318dabcc\SizedFIFO.
<suppressed ~6 debug messages>
Optimizing module $paramod$a0c6df3c1489bcd5c1c6c2071c80faf091665997\SizedFIFO.
<suppressed ~6 debug messages>
Optimizing module mkPositCore.
<suppressed ~7 debug messages>
Optimizing module mkPtoF_PNE.
<suppressed ~12 debug messages>
Optimizing module mkFtoP_PNE.
<suppressed ~13 debug messages>
Optimizing module mkExtracter.
<suppressed ~6 debug messages>
Optimizing module mkNormalizer.
<suppressed ~2 debug messages>
Optimizing module mkMultiplier.
Optimizing module mkQuire.
<suppressed ~91 debug messages>
Optimizing module module_fn_twosC_quire.
Optimizing module $paramod\FIFO2\width=32'00000000000000000000000000000011\guarded=1'1.
<suppressed ~3 debug messages>
Optimizing module $paramod\FIFO2\width=32'00000000000000000000000010001010\guarded=1'1.
<suppressed ~3 debug messages>
Optimizing module $paramod\FIFO2\width=32'00000000000000000000000000100011\guarded=1'1.
<suppressed ~3 debug messages>
Optimizing module $paramod\FIFO2\width=32'00000000000000000000000000101000\guarded=1'1.
<suppressed ~3 debug messages>

14.3. Executing FLATTEN pass (flatten design).
Deleting now unused module $paramod\FIFO2\width=32'00000000000000000000000000100100\guarded=1'1.
Deleting now unused module $paramod\FIFO1\width=32'00000000000000000000000001000111\guarded=1'1.
Deleting now unused module $paramod\FIFO1\width=32'00000000000000000000000001100110\guarded=1'1.
Deleting now unused module $paramod\FIFO1\width=32'00000000000000000000000000001000\guarded=1'1.
Deleting now unused module $paramod\FIFO1\width=32'00000000000000000000000000101011\guarded=1'1.
Deleting now unused module $paramod$77feb722284cbb4b2efebea6faec56b4318dabcc\SizedFIFO.
Deleting now unused module $paramod$a0c6df3c1489bcd5c1c6c2071c80faf091665997\SizedFIFO.
Deleting now unused module mkPtoF_PNE.
Deleting now unused module mkFtoP_PNE.
Deleting now unused module mkExtracter.
Deleting now unused module mkNormalizer.
Deleting now unused module mkMultiplier.
Deleting now unused module mkQuire.
Deleting now unused module module_fn_twosC_quire.
Deleting now unused module $paramod\FIFO2\width=32'00000000000000000000000000000011\guarded=1'1.
Deleting now unused module $paramod\FIFO2\width=32'00000000000000000000000010001010\guarded=1'1.
Deleting now unused module $paramod\FIFO2\width=32'00000000000000000000000000100011\guarded=1'1.
Deleting now unused module $paramod\FIFO2\width=32'00000000000000000000000000101000\guarded=1'1.
<suppressed ~29 debug messages>

14.4. Executing OPT_EXPR pass (perform const folding).
Optimizing module mkPositCore.
<suppressed ~51 debug messages>

14.5. Executing OPT_CLEAN pass (remove unused cells and wires).
Finding unused cells or wires in module \mkPositCore..
Removed 77 unused cells and 866 unused wires.
<suppressed ~81 debug messages>

14.6. Executing CHECK pass (checking for obvious problems).
Checking module mkPositCore...
Found and reported 0 problems.

14.7. Executing OPT pass (performing simple optimizations).

14.7.1. Executing OPT_EXPR pass (perform const folding).
Optimizing module mkPositCore.

14.7.2. Executing OPT_MERGE pass (detect identical cells).
Finding identical cells in module `\mkPositCore'.
<suppressed ~798 debug messages>
Removed a total of 266 cells.

14.7.3. Executing OPT_MUXTREE pass (detect dead branches in mux trees).
Running muxtree optimizer on module \mkPositCore..
  Creating internal representation of mux trees.
  Evaluating internal representation of mux trees.
      Replacing known input bits on port A of cell $flatten\ftop.$ternary$/teamspace/studios/this_studio/Melodica-Integration-into-Fife-Core/Learn_Bluespec_and_RISCV_Design/Code/Build/Fife/verilog/mkFtoP_PNE.v:132$529: \ftop.IF_SEXT__0_CONCAT_request_put_BITS_30_TO_23_3__ETC___d32 -> { 1'0 \ftop.IF_SEXT__0_CONCAT_request_put_BITS_30_TO_23_3__ETC___d32 [4:0] }
      Replacing known input bits on port A of cell $flatten\multiplier.$ternary$/teamspace/studios/this_studio/Melodica-Integration-into-Fife-Core/Learn_Bluespec_and_RISCV_Design/Code/Build/Fife/verilog/mkMultiplier.v:227$469: \multiplier.ff_pipe_reg_first_BITS_66_TO_56_PLUS_1___d7 -> { 1'0 \multiplier.ff_pipe_reg_first_BITS_66_TO_56_PLUS_1___d7 [9:0] }
      Replacing known input bits on port A of cell $flatten\ptof.$ternary$/teamspace/studios/this_studio/Melodica-Integration-into-Fife-Core/Learn_Bluespec_and_RISCV_Design/Code/Build/Fife/verilog/mkPtoF_PNE.v:137$563: \ptof.IF_request_put_BITS_36_TO_27_SLT_897_THEN_IF_r_ETC___d22 -> { 1'0 \ptof.IF_request_put_BITS_36_TO_27_SLT_897_THEN_IF_r_ETC___d22 [4:0] }
      Replacing known input bits on port A of cell $flatten\quire.$ternary$/teamspace/studios/this_studio/Melodica-Integration-into-Fife-Core/Learn_Bluespec_and_RISCV_Design/Code/Build/Fife/verilog/mkQuire.v:1071$379: \extracter1.ff_extract_out.data0_reg [36:27] -> { 1'0 \extracter1.ff_extract_out.data0_reg [35:27] }
      Replacing known input bits on port A of cell $flatten\quire.\instance_fn_twosC_quire_1.$ternary$/teamspace/studios/this_studio/Melodica-Integration-into-Fife-Core/Learn_Bluespec_and_RISCV_Design/Code/Build/Fife/verilog/module_fn_twosC_quire.v:82$103: \quire.vrg_quire_3 -> { 1'1 \quire.vrg_quire_3 [30:0] }
      Replacing known input bits on port A of cell $flatten\quire.\seg_adder_vff_carry_0.$procmux$1100: \quire.seg_adder_vff_carry_0.not_ring_full -> 1'0
      Replacing known input bits on port A of cell $flatten\quire.\seg_adder_vff_carry_1.$procmux$1100: \quire.seg_adder_vff_carry_1.not_ring_full -> 1'0
      Replacing known input bits on port A of cell $flatten\quire.\seg_adder_vff_carry_2.$procmux$1100: \quire.seg_adder_vff_carry_2.not_ring_full -> 1'0
      Replacing known input bits on port A of cell $flatten\quire.\seg_adder_vff_in_0.$procmux$1158: \quire.seg_adder_vff_in_0.not_ring_full -> 1'0
      Replacing known input bits on port A of cell $flatten\quire.\seg_adder_vff_in_1.$procmux$1158: \quire.seg_adder_vff_in_1.not_ring_full -> 1'0
      Replacing known input bits on port A of cell $flatten\quire.\seg_adder_vff_in_2.$procmux$1158: \quire.seg_adder_vff_in_2.not_ring_full -> 1'0
      Replacing known input bits on port A of cell $flatten\quire.\seg_adder_vff_in_3.$procmux$1158: \quire.seg_adder_vff_in_3.not_ring_full -> 1'0
  Analyzing evaluation results.
    dead port 3/4 on $pmux $flatten\quire.\seg_adder_vff_carry_0.$procmux$1066.
    dead port 3/4 on $pmux $flatten\quire.\seg_adder_vff_carry_0.$procmux$1075.
    dead port 3/4 on $pmux $flatten\quire.\seg_adder_vff_carry_0.$procmux$1084.
    dead port 3/4 on $pmux $flatten\quire.\seg_adder_vff_carry_0.$procmux$1093.
    dead port 3/4 on $pmux $flatten\quire.\seg_adder_vff_carry_0.$procmux$1102.
    dead port 3/4 on $pmux $flatten\quire.\seg_adder_vff_carry_1.$procmux$1066.
    dead port 3/4 on $pmux $flatten\quire.\seg_adder_vff_carry_1.$procmux$1075.
    dead port 3/4 on $pmux $flatten\quire.\seg_adder_vff_carry_1.$procmux$1084.
    dead port 3/4 on $pmux $flatten\quire.\seg_adder_vff_carry_1.$procmux$1093.
    dead port 3/4 on $pmux $flatten\quire.\seg_adder_vff_carry_1.$procmux$1102.
    dead port 3/4 on $pmux $flatten\quire.\seg_adder_vff_carry_2.$procmux$1066.
    dead port 3/4 on $pmux $flatten\quire.\seg_adder_vff_carry_2.$procmux$1075.
    dead port 3/4 on $pmux $flatten\quire.\seg_adder_vff_carry_2.$procmux$1084.
    dead port 3/4 on $pmux $flatten\quire.\seg_adder_vff_carry_2.$procmux$1093.
    dead port 3/4 on $pmux $flatten\quire.\seg_adder_vff_carry_2.$procmux$1102.
    dead port 3/4 on $pmux $flatten\quire.\seg_adder_vff_in_0.$procmux$1124.
    dead port 3/4 on $pmux $flatten\quire.\seg_adder_vff_in_0.$procmux$1133.
    dead port 3/4 on $pmux $flatten\quire.\seg_adder_vff_in_0.$procmux$1142.
    dead port 3/4 on $pmux $flatten\quire.\seg_adder_vff_in_0.$procmux$1151.
    dead port 3/4 on $pmux $flatten\quire.\seg_adder_vff_in_0.$procmux$1160.
    dead port 3/4 on $pmux $flatten\quire.\seg_adder_vff_in_1.$procmux$1124.
    dead port 3/4 on $pmux $flatten\quire.\seg_adder_vff_in_1.$procmux$1133.
    dead port 3/4 on $pmux $flatten\quire.\seg_adder_vff_in_1.$procmux$1142.
    dead port 3/4 on $pmux $flatten\quire.\seg_adder_vff_in_1.$procmux$1151.
    dead port 3/4 on $pmux $flatten\quire.\seg_adder_vff_in_1.$procmux$1160.
    dead port 3/4 on $pmux $flatten\quire.\seg_adder_vff_in_2.$procmux$1124.
    dead port 3/4 on $pmux $flatten\quire.\seg_adder_vff_in_2.$procmux$1133.
    dead port 3/4 on $pmux $flatten\quire.\seg_adder_vff_in_2.$procmux$1142.
    dead port 3/4 on $pmux $flatten\quire.\seg_adder_vff_in_2.$procmux$1151.
    dead port 3/4 on $pmux $flatten\quire.\seg_adder_vff_in_2.$procmux$1160.
    dead port 3/4 on $pmux $flatten\quire.\seg_adder_vff_in_3.$procmux$1124.
    dead port 3/4 on $pmux $flatten\quire.\seg_adder_vff_in_3.$procmux$1133.
    dead port 3/4 on $pmux $flatten\quire.\seg_adder_vff_in_3.$procmux$1142.
    dead port 3/4 on $pmux $flatten\quire.\seg_adder_vff_in_3.$procmux$1151.
    dead port 3/4 on $pmux $flatten\quire.\seg_adder_vff_in_3.$procmux$1160.
Removed 35 multiplexer ports.
<suppressed ~157 debug messages>

14.7.4. Executing OPT_REDUCE pass (consolidate $*mux and $reduce_* inputs).
  Optimizing cells in module \mkPositCore.
    New ctrl vector for $pmux cell $flatten\quire.\seg_adder_vff_carry_0.$procmux$1060: { $auto$opt_reduce.cc:134:opt_pmux$1485 $auto$opt_reduce.cc:134:opt_pmux$1483 }
    New ctrl vector for $pmux cell $flatten\quire.\seg_adder_vff_carry_0.$procmux$1084: $auto$opt_reduce.cc:134:opt_pmux$1487
    New ctrl vector for $pmux cell $flatten\quire.\seg_adder_vff_carry_1.$procmux$1060: { $auto$opt_reduce.cc:134:opt_pmux$1491 $auto$opt_reduce.cc:134:opt_pmux$1489 }
    New ctrl vector for $pmux cell $flatten\quire.\seg_adder_vff_carry_1.$procmux$1084: $auto$opt_reduce.cc:134:opt_pmux$1493
    New ctrl vector for $pmux cell $flatten\quire.\seg_adder_vff_carry_2.$procmux$1060: { $auto$opt_reduce.cc:134:opt_pmux$1497 $auto$opt_reduce.cc:134:opt_pmux$1495 }
    New ctrl vector for $pmux cell $flatten\quire.\seg_adder_vff_carry_2.$procmux$1084: $auto$opt_reduce.cc:134:opt_pmux$1499
    Consolidated identical input bits for $mux cell $flatten\quire.\seg_adder_vff_in_0.$procmux$1110:
      Old ports: A=0, B=32'11111111111111111111111111111111, Y=$flatten\quire.\seg_adder_vff_in_0.$0$memwr$\arr$/teamspace/studios/this_studio/Melodica-Integration-into-Fife-Core/bsc/lib/Verilog/SizedFIFO.v:206$735_EN[31:0]$753
      New ports: A=1'0, B=1'1, Y=$flatten\quire.\seg_adder_vff_in_0.$0$memwr$\arr$/teamspace/studios/this_studio/Melodica-Integration-into-Fife-Core/bsc/lib/Verilog/SizedFIFO.v:206$735_EN[31:0]$753 [0]
      New connections: $flatten\quire.\seg_adder_vff_in_0.$0$memwr$\arr$/teamspace/studios/this_studio/Melodica-Integration-into-Fife-Core/bsc/lib/Verilog/SizedFIFO.v:206$735_EN[31:0]$753 [31:1] = { $flatten\quire.\seg_adder_vff_in_0.$0$memwr$\arr$/teamspace/studios/this_studio/Melodica-Integration-into-Fife-Core/bsc/lib/Verilog/SizedFIFO.v:206$735_EN[31:0]$753 [0] $flatten\quire.\seg_adder_vff_in_0.$0$memwr$\arr$/teamspace/studios/this_studio/Melodica-Integration-into-Fife-Core/bsc/lib/Verilog/SizedFIFO.v:206$735_EN[31:0]$753 [0] $flatten\quire.\seg_adder_vff_in_0.$0$memwr$\arr$/teamspace/studios/this_studio/Melodica-Integration-into-Fife-Core/bsc/lib/Verilog/SizedFIFO.v:206$735_EN[31:0]$753 [0] $flatten\quire.\seg_adder_vff_in_0.$0$memwr$\arr$/teamspace/studios/this_studio/Melodica-Integration-into-Fife-Core/bsc/lib/Verilog/SizedFIFO.v:206$735_EN[31:0]$753 [0] $flatten\quire.\seg_adder_vff_in_0.$0$memwr$\arr$/teamspace/studios/this_studio/Melodica-Integration-into-Fife-Core/bsc/lib/Verilog/SizedFIFO.v:206$735_EN[31:0]$753 [0] $flatten\quire.\seg_adder_vff_in_0.$0$memwr$\arr$/teamspace/studios/this_studio/Melodica-Integration-into-Fife-Core/bsc/lib/Verilog/SizedFIFO.v:206$735_EN[31:0]$753 [0] $flatten\quire.\seg_adder_vff_in_0.$0$memwr$\arr$/teamspace/studios/this_studio/Melodica-Integration-into-Fife-Core/bsc/lib/Verilog/SizedFIFO.v:206$735_EN[31:0]$753 [0] $flatten\quire.\seg_adder_vff_in_0.$0$memwr$\arr$/teamspace/studios/this_studio/Melodica-Integration-into-Fife-Core/bsc/lib/Verilog/SizedFIFO.v:206$735_EN[31:0]$753 [0] $flatten\quire.\seg_adder_vff_in_0.$0$memwr$\arr$/teamspace/studios/this_studio/Melodica-Integration-into-Fife-Core/bsc/lib/Verilog/SizedFIFO.v:206$735_EN[31:0]$753 [0] $flatten\quire.\seg_adder_vff_in_0.$0$memwr$\arr$/teamspace/studios/this_studio/Melodica-Integration-into-Fife-Core/bsc/lib/Verilog/SizedFIFO.v:206$735_EN[31:0]$753 [0] $flatten\quire.\seg_adder_vff_in_0.$0$memwr$\arr$/teamspace/studios/this_studio/Melodica-Integration-into-Fife-Core/bsc/lib/Verilog/SizedFIFO.v:206$735_EN[31:0]$753 [0] $flatten\quire.\seg_adder_vff_in_0.$0$memwr$\arr$/teamspace/studios/this_studio/Melodica-Integration-into-Fife-Core/bsc/lib/Verilog/SizedFIFO.v:206$735_EN[31:0]$753 [0] $flatten\quire.\seg_adder_vff_in_0.$0$memwr$\arr$/teamspace/studios/this_studio/Melodica-Integration-into-Fife-Core/bsc/lib/Verilog/SizedFIFO.v:206$735_EN[31:0]$753 [0] $flatten\quire.\seg_adder_vff_in_0.$0$memwr$\arr$/teamspace/studios/this_studio/Melodica-Integration-into-Fife-Core/bsc/lib/Verilog/SizedFIFO.v:206$735_EN[31:0]$753 [0] $flatten\quire.\seg_adder_vff_in_0.$0$memwr$\arr$/teamspace/studios/this_studio/Melodica-Integration-into-Fife-Core/bsc/lib/Verilog/SizedFIFO.v:206$735_EN[31:0]$753 [0] $flatten\quire.\seg_adder_vff_in_0.$0$memwr$\arr$/teamspace/studios/this_studio/Melodica-Integration-into-Fife-Core/bsc/lib/Verilog/SizedFIFO.v:206$735_EN[31:0]$753 [0] $flatten\quire.\seg_adder_vff_in_0.$0$memwr$\arr$/teamspace/studios/this_studio/Melodica-Integration-into-Fife-Core/bsc/lib/Verilog/SizedFIFO.v:206$735_EN[31:0]$753 [0] $flatten\quire.\seg_adder_vff_in_0.$0$memwr$\arr$/teamspace/studios/this_studio/Melodica-Integration-into-Fife-Core/bsc/lib/Verilog/SizedFIFO.v:206$735_EN[31:0]$753 [0] $flatten\quire.\seg_adder_vff_in_0.$0$memwr$\arr$/teamspace/studios/this_studio/Melodica-Integration-into-Fife-Core/bsc/lib/Verilog/SizedFIFO.v:206$735_EN[31:0]$753 [0] $flatten\quire.\seg_adder_vff_in_0.$0$memwr$\arr$/teamspace/studios/this_studio/Melodica-Integration-into-Fife-Core/bsc/lib/Verilog/SizedFIFO.v:206$735_EN[31:0]$753 [0] $flatten\quire.\seg_adder_vff_in_0.$0$memwr$\arr$/teamspace/studios/this_studio/Melodica-Integration-into-Fife-Core/bsc/lib/Verilog/SizedFIFO.v:206$735_EN[31:0]$753 [0] $flatten\quire.\seg_adder_vff_in_0.$0$memwr$\arr$/teamspace/studios/this_studio/Melodica-Integration-into-Fife-Core/bsc/lib/Verilog/SizedFIFO.v:206$735_EN[31:0]$753 [0] $flatten\quire.\seg_adder_vff_in_0.$0$memwr$\arr$/teamspace/studios/this_studio/Melodica-Integration-into-Fife-Core/bsc/lib/Verilog/SizedFIFO.v:206$735_EN[31:0]$753 [0] $flatten\quire.\seg_adder_vff_in_0.$0$memwr$\arr$/teamspace/studios/this_studio/Melodica-Integration-into-Fife-Core/bsc/lib/Verilog/SizedFIFO.v:206$735_EN[31:0]$753 [0] $flatten\quire.\seg_adder_vff_in_0.$0$memwr$\arr$/teamspace/studios/this_studio/Melodica-Integration-into-Fife-Core/bsc/lib/Verilog/SizedFIFO.v:206$735_EN[31:0]$753 [0] $flatten\quire.\seg_adder_vff_in_0.$0$memwr$\arr$/teamspace/studios/this_studio/Melodica-Integration-into-Fife-Core/bsc/lib/Verilog/SizedFIFO.v:206$735_EN[31:0]$753 [0] $flatten\quire.\seg_adder_vff_in_0.$0$memwr$\arr$/teamspace/studios/this_studio/Melodica-Integration-into-Fife-Core/bsc/lib/Verilog/SizedFIFO.v:206$735_EN[31:0]$753 [0] $flatten\quire.\seg_adder_vff_in_0.$0$memwr$\arr$/teamspace/studios/this_studio/Melodica-Integration-into-Fife-Core/bsc/lib/Verilog/SizedFIFO.v:206$735_EN[31:0]$753 [0] $flatten\quire.\seg_adder_vff_in_0.$0$memwr$\arr$/teamspace/studios/this_studio/Melodica-Integration-into-Fife-Core/bsc/lib/Verilog/SizedFIFO.v:206$735_EN[31:0]$753 [0] $flatten\quire.\seg_adder_vff_in_0.$0$memwr$\arr$/teamspace/studios/this_studio/Melodica-Integration-into-Fife-Core/bsc/lib/Verilog/SizedFIFO.v:206$735_EN[31:0]$753 [0] $flatten\quire.\seg_adder_vff_in_0.$0$memwr$\arr$/teamspace/studios/this_studio/Melodica-Integration-into-Fife-Core/bsc/lib/Verilog/SizedFIFO.v:206$735_EN[31:0]$753 [0] }
    New ctrl vector for $pmux cell $flatten\quire.\seg_adder_vff_in_0.$procmux$1118: { $auto$opt_reduce.cc:134:opt_pmux$1503 $auto$opt_reduce.cc:134:opt_pmux$1501 }
    New ctrl vector for $pmux cell $flatten\quire.\seg_adder_vff_in_0.$procmux$1142: $auto$opt_reduce.cc:134:opt_pmux$1505
    Consolidated identical input bits for $mux cell $flatten\quire.\seg_adder_vff_in_1.$procmux$1110:
      Old ports: A=0, B=32'11111111111111111111111111111111, Y=$flatten\quire.\seg_adder_vff_in_1.$0$memwr$\arr$/teamspace/studios/this_studio/Melodica-Integration-into-Fife-Core/bsc/lib/Verilog/SizedFIFO.v:206$735_EN[31:0]$753
      New ports: A=1'0, B=1'1, Y=$flatten\quire.\seg_adder_vff_in_1.$0$memwr$\arr$/teamspace/studios/this_studio/Melodica-Integration-into-Fife-Core/bsc/lib/Verilog/SizedFIFO.v:206$735_EN[31:0]$753 [0]
      New connections: $flatten\quire.\seg_adder_vff_in_1.$0$memwr$\arr$/teamspace/studios/this_studio/Melodica-Integration-into-Fife-Core/bsc/lib/Verilog/SizedFIFO.v:206$735_EN[31:0]$753 [31:1] = { $flatten\quire.\seg_adder_vff_in_1.$0$memwr$\arr$/teamspace/studios/this_studio/Melodica-Integration-into-Fife-Core/bsc/lib/Verilog/SizedFIFO.v:206$735_EN[31:0]$753 [0] $flatten\quire.\seg_adder_vff_in_1.$0$memwr$\arr$/teamspace/studios/this_studio/Melodica-Integration-into-Fife-Core/bsc/lib/Verilog/SizedFIFO.v:206$735_EN[31:0]$753 [0] $flatten\quire.\seg_adder_vff_in_1.$0$memwr$\arr$/teamspace/studios/this_studio/Melodica-Integration-into-Fife-Core/bsc/lib/Verilog/SizedFIFO.v:206$735_EN[31:0]$753 [0] $flatten\quire.\seg_adder_vff_in_1.$0$memwr$\arr$/teamspace/studios/this_studio/Melodica-Integration-into-Fife-Core/bsc/lib/Verilog/SizedFIFO.v:206$735_EN[31:0]$753 [0] $flatten\quire.\seg_adder_vff_in_1.$0$memwr$\arr$/teamspace/studios/this_studio/Melodica-Integration-into-Fife-Core/bsc/lib/Verilog/SizedFIFO.v:206$735_EN[31:0]$753 [0] $flatten\quire.\seg_adder_vff_in_1.$0$memwr$\arr$/teamspace/studios/this_studio/Melodica-Integration-into-Fife-Core/bsc/lib/Verilog/SizedFIFO.v:206$735_EN[31:0]$753 [0] $flatten\quire.\seg_adder_vff_in_1.$0$memwr$\arr$/teamspace/studios/this_studio/Melodica-Integration-into-Fife-Core/bsc/lib/Verilog/SizedFIFO.v:206$735_EN[31:0]$753 [0] $flatten\quire.\seg_adder_vff_in_1.$0$memwr$\arr$/teamspace/studios/this_studio/Melodica-Integration-into-Fife-Core/bsc/lib/Verilog/SizedFIFO.v:206$735_EN[31:0]$753 [0] $flatten\quire.\seg_adder_vff_in_1.$0$memwr$\arr$/teamspace/studios/this_studio/Melodica-Integration-into-Fife-Core/bsc/lib/Verilog/SizedFIFO.v:206$735_EN[31:0]$753 [0] $flatten\quire.\seg_adder_vff_in_1.$0$memwr$\arr$/teamspace/studios/this_studio/Melodica-Integration-into-Fife-Core/bsc/lib/Verilog/SizedFIFO.v:206$735_EN[31:0]$753 [0] $flatten\quire.\seg_adder_vff_in_1.$0$memwr$\arr$/teamspace/studios/this_studio/Melodica-Integration-into-Fife-Core/bsc/lib/Verilog/SizedFIFO.v:206$735_EN[31:0]$753 [0] $flatten\quire.\seg_adder_vff_in_1.$0$memwr$\arr$/teamspace/studios/this_studio/Melodica-Integration-into-Fife-Core/bsc/lib/Verilog/SizedFIFO.v:206$735_EN[31:0]$753 [0] $flatten\quire.\seg_adder_vff_in_1.$0$memwr$\arr$/teamspace/studios/this_studio/Melodica-Integration-into-Fife-Core/bsc/lib/Verilog/SizedFIFO.v:206$735_EN[31:0]$753 [0] $flatten\quire.\seg_adder_vff_in_1.$0$memwr$\arr$/teamspace/studios/this_studio/Melodica-Integration-into-Fife-Core/bsc/lib/Verilog/SizedFIFO.v:206$735_EN[31:0]$753 [0] $flatten\quire.\seg_adder_vff_in_1.$0$memwr$\arr$/teamspace/studios/this_studio/Melodica-Integration-into-Fife-Core/bsc/lib/Verilog/SizedFIFO.v:206$735_EN[31:0]$753 [0] $flatten\quire.\seg_adder_vff_in_1.$0$memwr$\arr$/teamspace/studios/this_studio/Melodica-Integration-into-Fife-Core/bsc/lib/Verilog/SizedFIFO.v:206$735_EN[31:0]$753 [0] $flatten\quire.\seg_adder_vff_in_1.$0$memwr$\arr$/teamspace/studios/this_studio/Melodica-Integration-into-Fife-Core/bsc/lib/Verilog/SizedFIFO.v:206$735_EN[31:0]$753 [0] $flatten\quire.\seg_adder_vff_in_1.$0$memwr$\arr$/teamspace/studios/this_studio/Melodica-Integration-into-Fife-Core/bsc/lib/Verilog/SizedFIFO.v:206$735_EN[31:0]$753 [0] $flatten\quire.\seg_adder_vff_in_1.$0$memwr$\arr$/teamspace/studios/this_studio/Melodica-Integration-into-Fife-Core/bsc/lib/Verilog/SizedFIFO.v:206$735_EN[31:0]$753 [0] $flatten\quire.\seg_adder_vff_in_1.$0$memwr$\arr$/teamspace/studios/this_studio/Melodica-Integration-into-Fife-Core/bsc/lib/Verilog/SizedFIFO.v:206$735_EN[31:0]$753 [0] $flatten\quire.\seg_adder_vff_in_1.$0$memwr$\arr$/teamspace/studios/this_studio/Melodica-Integration-into-Fife-Core/bsc/lib/Verilog/SizedFIFO.v:206$735_EN[31:0]$753 [0] $flatten\quire.\seg_adder_vff_in_1.$0$memwr$\arr$/teamspace/studios/this_studio/Melodica-Integration-into-Fife-Core/bsc/lib/Verilog/SizedFIFO.v:206$735_EN[31:0]$753 [0] $flatten\quire.\seg_adder_vff_in_1.$0$memwr$\arr$/teamspace/studios/this_studio/Melodica-Integration-into-Fife-Core/bsc/lib/Verilog/SizedFIFO.v:206$735_EN[31:0]$753 [0] $flatten\quire.\seg_adder_vff_in_1.$0$memwr$\arr$/teamspace/studios/this_studio/Melodica-Integration-into-Fife-Core/bsc/lib/Verilog/SizedFIFO.v:206$735_EN[31:0]$753 [0] $flatten\quire.\seg_adder_vff_in_1.$0$memwr$\arr$/teamspace/studios/this_studio/Melodica-Integration-into-Fife-Core/bsc/lib/Verilog/SizedFIFO.v:206$735_EN[31:0]$753 [0] $flatten\quire.\seg_adder_vff_in_1.$0$memwr$\arr$/teamspace/studios/this_studio/Melodica-Integration-into-Fife-Core/bsc/lib/Verilog/SizedFIFO.v:206$735_EN[31:0]$753 [0] $flatten\quire.\seg_adder_vff_in_1.$0$memwr$\arr$/teamspace/studios/this_studio/Melodica-Integration-into-Fife-Core/bsc/lib/Verilog/SizedFIFO.v:206$735_EN[31:0]$753 [0] $flatten\quire.\seg_adder_vff_in_1.$0$memwr$\arr$/teamspace/studios/this_studio/Melodica-Integration-into-Fife-Core/bsc/lib/Verilog/SizedFIFO.v:206$735_EN[31:0]$753 [0] $flatten\quire.\seg_adder_vff_in_1.$0$memwr$\arr$/teamspace/studios/this_studio/Melodica-Integration-into-Fife-Core/bsc/lib/Verilog/SizedFIFO.v:206$735_EN[31:0]$753 [0] $flatten\quire.\seg_adder_vff_in_1.$0$memwr$\arr$/teamspace/studios/this_studio/Melodica-Integration-into-Fife-Core/bsc/lib/Verilog/SizedFIFO.v:206$735_EN[31:0]$753 [0] $flatten\quire.\seg_adder_vff_in_1.$0$memwr$\arr$/teamspace/studios/this_studio/Melodica-Integration-into-Fife-Core/bsc/lib/Verilog/SizedFIFO.v:206$735_EN[31:0]$753 [0] }
    New ctrl vector for $pmux cell $flatten\quire.\seg_adder_vff_in_1.$procmux$1118: { $auto$opt_reduce.cc:134:opt_pmux$1509 $auto$opt_reduce.cc:134:opt_pmux$1507 }
    New ctrl vector for $pmux cell $flatten\quire.\seg_adder_vff_in_1.$procmux$1142: $auto$opt_reduce.cc:134:opt_pmux$1511
    Consolidated identical input bits for $mux cell $flatten\quire.\seg_adder_vff_in_2.$procmux$1110:
      Old ports: A=0, B=32'11111111111111111111111111111111, Y=$flatten\quire.\seg_adder_vff_in_2.$0$memwr$\arr$/teamspace/studios/this_studio/Melodica-Integration-into-Fife-Core/bsc/lib/Verilog/SizedFIFO.v:206$735_EN[31:0]$753
      New ports: A=1'0, B=1'1, Y=$flatten\quire.\seg_adder_vff_in_2.$0$memwr$\arr$/teamspace/studios/this_studio/Melodica-Integration-into-Fife-Core/bsc/lib/Verilog/SizedFIFO.v:206$735_EN[31:0]$753 [0]
      New connections: $flatten\quire.\seg_adder_vff_in_2.$0$memwr$\arr$/teamspace/studios/this_studio/Melodica-Integration-into-Fife-Core/bsc/lib/Verilog/SizedFIFO.v:206$735_EN[31:0]$753 [31:1] = { $flatten\quire.\seg_adder_vff_in_2.$0$memwr$\arr$/teamspace/studios/this_studio/Melodica-Integration-into-Fife-Core/bsc/lib/Verilog/SizedFIFO.v:206$735_EN[31:0]$753 [0] $flatten\quire.\seg_adder_vff_in_2.$0$memwr$\arr$/teamspace/studios/this_studio/Melodica-Integration-into-Fife-Core/bsc/lib/Verilog/SizedFIFO.v:206$735_EN[31:0]$753 [0] $flatten\quire.\seg_adder_vff_in_2.$0$memwr$\arr$/teamspace/studios/this_studio/Melodica-Integration-into-Fife-Core/bsc/lib/Verilog/SizedFIFO.v:206$735_EN[31:0]$753 [0] $flatten\quire.\seg_adder_vff_in_2.$0$memwr$\arr$/teamspace/studios/this_studio/Melodica-Integration-into-Fife-Core/bsc/lib/Verilog/SizedFIFO.v:206$735_EN[31:0]$753 [0] $flatten\quire.\seg_adder_vff_in_2.$0$memwr$\arr$/teamspace/studios/this_studio/Melodica-Integration-into-Fife-Core/bsc/lib/Verilog/SizedFIFO.v:206$735_EN[31:0]$753 [0] $flatten\quire.\seg_adder_vff_in_2.$0$memwr$\arr$/teamspace/studios/this_studio/Melodica-Integration-into-Fife-Core/bsc/lib/Verilog/SizedFIFO.v:206$735_EN[31:0]$753 [0] $flatten\quire.\seg_adder_vff_in_2.$0$memwr$\arr$/teamspace/studios/this_studio/Melodica-Integration-into-Fife-Core/bsc/lib/Verilog/SizedFIFO.v:206$735_EN[31:0]$753 [0] $flatten\quire.\seg_adder_vff_in_2.$0$memwr$\arr$/teamspace/studios/this_studio/Melodica-Integration-into-Fife-Core/bsc/lib/Verilog/SizedFIFO.v:206$735_EN[31:0]$753 [0] $flatten\quire.\seg_adder_vff_in_2.$0$memwr$\arr$/teamspace/studios/this_studio/Melodica-Integration-into-Fife-Core/bsc/lib/Verilog/SizedFIFO.v:206$735_EN[31:0]$753 [0] $flatten\quire.\seg_adder_vff_in_2.$0$memwr$\arr$/teamspace/studios/this_studio/Melodica-Integration-into-Fife-Core/bsc/lib/Verilog/SizedFIFO.v:206$735_EN[31:0]$753 [0] $flatten\quire.\seg_adder_vff_in_2.$0$memwr$\arr$/teamspace/studios/this_studio/Melodica-Integration-into-Fife-Core/bsc/lib/Verilog/SizedFIFO.v:206$735_EN[31:0]$753 [0] $flatten\quire.\seg_adder_vff_in_2.$0$memwr$\arr$/teamspace/studios/this_studio/Melodica-Integration-into-Fife-Core/bsc/lib/Verilog/SizedFIFO.v:206$735_EN[31:0]$753 [0] $flatten\quire.\seg_adder_vff_in_2.$0$memwr$\arr$/teamspace/studios/this_studio/Melodica-Integration-into-Fife-Core/bsc/lib/Verilog/SizedFIFO.v:206$735_EN[31:0]$753 [0] $flatten\quire.\seg_adder_vff_in_2.$0$memwr$\arr$/teamspace/studios/this_studio/Melodica-Integration-into-Fife-Core/bsc/lib/Verilog/SizedFIFO.v:206$735_EN[31:0]$753 [0] $flatten\quire.\seg_adder_vff_in_2.$0$memwr$\arr$/teamspace/studios/this_studio/Melodica-Integration-into-Fife-Core/bsc/lib/Verilog/SizedFIFO.v:206$735_EN[31:0]$753 [0] $flatten\quire.\seg_adder_vff_in_2.$0$memwr$\arr$/teamspace/studios/this_studio/Melodica-Integration-into-Fife-Core/bsc/lib/Verilog/SizedFIFO.v:206$735_EN[31:0]$753 [0] $flatten\quire.\seg_adder_vff_in_2.$0$memwr$\arr$/teamspace/studios/this_studio/Melodica-Integration-into-Fife-Core/bsc/lib/Verilog/SizedFIFO.v:206$735_EN[31:0]$753 [0] $flatten\quire.\seg_adder_vff_in_2.$0$memwr$\arr$/teamspace/studios/this_studio/Melodica-Integration-into-Fife-Core/bsc/lib/Verilog/SizedFIFO.v:206$735_EN[31:0]$753 [0] $flatten\quire.\seg_adder_vff_in_2.$0$memwr$\arr$/teamspace/studios/this_studio/Melodica-Integration-into-Fife-Core/bsc/lib/Verilog/SizedFIFO.v:206$735_EN[31:0]$753 [0] $flatten\quire.\seg_adder_vff_in_2.$0$memwr$\arr$/teamspace/studios/this_studio/Melodica-Integration-into-Fife-Core/bsc/lib/Verilog/SizedFIFO.v:206$735_EN[31:0]$753 [0] $flatten\quire.\seg_adder_vff_in_2.$0$memwr$\arr$/teamspace/studios/this_studio/Melodica-Integration-into-Fife-Core/bsc/lib/Verilog/SizedFIFO.v:206$735_EN[31:0]$753 [0] $flatten\quire.\seg_adder_vff_in_2.$0$memwr$\arr$/teamspace/studios/this_studio/Melodica-Integration-into-Fife-Core/bsc/lib/Verilog/SizedFIFO.v:206$735_EN[31:0]$753 [0] $flatten\quire.\seg_adder_vff_in_2.$0$memwr$\arr$/teamspace/studios/this_studio/Melodica-Integration-into-Fife-Core/bsc/lib/Verilog/SizedFIFO.v:206$735_EN[31:0]$753 [0] $flatten\quire.\seg_adder_vff_in_2.$0$memwr$\arr$/teamspace/studios/this_studio/Melodica-Integration-into-Fife-Core/bsc/lib/Verilog/SizedFIFO.v:206$735_EN[31:0]$753 [0] $flatten\quire.\seg_adder_vff_in_2.$0$memwr$\arr$/teamspace/studios/this_studio/Melodica-Integration-into-Fife-Core/bsc/lib/Verilog/SizedFIFO.v:206$735_EN[31:0]$753 [0] $flatten\quire.\seg_adder_vff_in_2.$0$memwr$\arr$/teamspace/studios/this_studio/Melodica-Integration-into-Fife-Core/bsc/lib/Verilog/SizedFIFO.v:206$735_EN[31:0]$753 [0] $flatten\quire.\seg_adder_vff_in_2.$0$memwr$\arr$/teamspace/studios/this_studio/Melodica-Integration-into-Fife-Core/bsc/lib/Verilog/SizedFIFO.v:206$735_EN[31:0]$753 [0] $flatten\quire.\seg_adder_vff_in_2.$0$memwr$\arr$/teamspace/studios/this_studio/Melodica-Integration-into-Fife-Core/bsc/lib/Verilog/SizedFIFO.v:206$735_EN[31:0]$753 [0] $flatten\quire.\seg_adder_vff_in_2.$0$memwr$\arr$/teamspace/studios/this_studio/Melodica-Integration-into-Fife-Core/bsc/lib/Verilog/SizedFIFO.v:206$735_EN[31:0]$753 [0] $flatten\quire.\seg_adder_vff_in_2.$0$memwr$\arr$/teamspace/studios/this_studio/Melodica-Integration-into-Fife-Core/bsc/lib/Verilog/SizedFIFO.v:206$735_EN[31:0]$753 [0] $flatten\quire.\seg_adder_vff_in_2.$0$memwr$\arr$/teamspace/studios/this_studio/Melodica-Integration-into-Fife-Core/bsc/lib/Verilog/SizedFIFO.v:206$735_EN[31:0]$753 [0] }
    New ctrl vector for $pmux cell $flatten\quire.\seg_adder_vff_in_2.$procmux$1118: { $auto$opt_reduce.cc:134:opt_pmux$1515 $auto$opt_reduce.cc:134:opt_pmux$1513 }
    New ctrl vector for $pmux cell $flatten\quire.\seg_adder_vff_in_2.$procmux$1142: $auto$opt_reduce.cc:134:opt_pmux$1517
    Consolidated identical input bits for $mux cell $flatten\quire.\seg_adder_vff_in_3.$procmux$1110:
      Old ports: A=0, B=32'11111111111111111111111111111111, Y=$flatten\quire.\seg_adder_vff_in_3.$0$memwr$\arr$/teamspace/studios/this_studio/Melodica-Integration-into-Fife-Core/bsc/lib/Verilog/SizedFIFO.v:206$735_EN[31:0]$753
      New ports: A=1'0, B=1'1, Y=$flatten\quire.\seg_adder_vff_in_3.$0$memwr$\arr$/teamspace/studios/this_studio/Melodica-Integration-into-Fife-Core/bsc/lib/Verilog/SizedFIFO.v:206$735_EN[31:0]$753 [0]
      New connections: $flatten\quire.\seg_adder_vff_in_3.$0$memwr$\arr$/teamspace/studios/this_studio/Melodica-Integration-into-Fife-Core/bsc/lib/Verilog/SizedFIFO.v:206$735_EN[31:0]$753 [31:1] = { $flatten\quire.\seg_adder_vff_in_3.$0$memwr$\arr$/teamspace/studios/this_studio/Melodica-Integration-into-Fife-Core/bsc/lib/Verilog/SizedFIFO.v:206$735_EN[31:0]$753 [0] $flatten\quire.\seg_adder_vff_in_3.$0$memwr$\arr$/teamspace/studios/this_studio/Melodica-Integration-into-Fife-Core/bsc/lib/Verilog/SizedFIFO.v:206$735_EN[31:0]$753 [0] $flatten\quire.\seg_adder_vff_in_3.$0$memwr$\arr$/teamspace/studios/this_studio/Melodica-Integration-into-Fife-Core/bsc/lib/Verilog/SizedFIFO.v:206$735_EN[31:0]$753 [0] $flatten\quire.\seg_adder_vff_in_3.$0$memwr$\arr$/teamspace/studios/this_studio/Melodica-Integration-into-Fife-Core/bsc/lib/Verilog/SizedFIFO.v:206$735_EN[31:0]$753 [0] $flatten\quire.\seg_adder_vff_in_3.$0$memwr$\arr$/teamspace/studios/this_studio/Melodica-Integration-into-Fife-Core/bsc/lib/Verilog/SizedFIFO.v:206$735_EN[31:0]$753 [0] $flatten\quire.\seg_adder_vff_in_3.$0$memwr$\arr$/teamspace/studios/this_studio/Melodica-Integration-into-Fife-Core/bsc/lib/Verilog/SizedFIFO.v:206$735_EN[31:0]$753 [0] $flatten\quire.\seg_adder_vff_in_3.$0$memwr$\arr$/teamspace/studios/this_studio/Melodica-Integration-into-Fife-Core/bsc/lib/Verilog/SizedFIFO.v:206$735_EN[31:0]$753 [0] $flatten\quire.\seg_adder_vff_in_3.$0$memwr$\arr$/teamspace/studios/this_studio/Melodica-Integration-into-Fife-Core/bsc/lib/Verilog/SizedFIFO.v:206$735_EN[31:0]$753 [0] $flatten\quire.\seg_adder_vff_in_3.$0$memwr$\arr$/teamspace/studios/this_studio/Melodica-Integration-into-Fife-Core/bsc/lib/Verilog/SizedFIFO.v:206$735_EN[31:0]$753 [0] $flatten\quire.\seg_adder_vff_in_3.$0$memwr$\arr$/teamspace/studios/this_studio/Melodica-Integration-into-Fife-Core/bsc/lib/Verilog/SizedFIFO.v:206$735_EN[31:0]$753 [0] $flatten\quire.\seg_adder_vff_in_3.$0$memwr$\arr$/teamspace/studios/this_studio/Melodica-Integration-into-Fife-Core/bsc/lib/Verilog/SizedFIFO.v:206$735_EN[31:0]$753 [0] $flatten\quire.\seg_adder_vff_in_3.$0$memwr$\arr$/teamspace/studios/this_studio/Melodica-Integration-into-Fife-Core/bsc/lib/Verilog/SizedFIFO.v:206$735_EN[31:0]$753 [0] $flatten\quire.\seg_adder_vff_in_3.$0$memwr$\arr$/teamspace/studios/this_studio/Melodica-Integration-into-Fife-Core/bsc/lib/Verilog/SizedFIFO.v:206$735_EN[31:0]$753 [0] $flatten\quire.\seg_adder_vff_in_3.$0$memwr$\arr$/teamspace/studios/this_studio/Melodica-Integration-into-Fife-Core/bsc/lib/Verilog/SizedFIFO.v:206$735_EN[31:0]$753 [0] $flatten\quire.\seg_adder_vff_in_3.$0$memwr$\arr$/teamspace/studios/this_studio/Melodica-Integration-into-Fife-Core/bsc/lib/Verilog/SizedFIFO.v:206$735_EN[31:0]$753 [0] $flatten\quire.\seg_adder_vff_in_3.$0$memwr$\arr$/teamspace/studios/this_studio/Melodica-Integration-into-Fife-Core/bsc/lib/Verilog/SizedFIFO.v:206$735_EN[31:0]$753 [0] $flatten\quire.\seg_adder_vff_in_3.$0$memwr$\arr$/teamspace/studios/this_studio/Melodica-Integration-into-Fife-Core/bsc/lib/Verilog/SizedFIFO.v:206$735_EN[31:0]$753 [0] $flatten\quire.\seg_adder_vff_in_3.$0$memwr$\arr$/teamspace/studios/this_studio/Melodica-Integration-into-Fife-Core/bsc/lib/Verilog/SizedFIFO.v:206$735_EN[31:0]$753 [0] $flatten\quire.\seg_adder_vff_in_3.$0$memwr$\arr$/teamspace/studios/this_studio/Melodica-Integration-into-Fife-Core/bsc/lib/Verilog/SizedFIFO.v:206$735_EN[31:0]$753 [0] $flatten\quire.\seg_adder_vff_in_3.$0$memwr$\arr$/teamspace/studios/this_studio/Melodica-Integration-into-Fife-Core/bsc/lib/Verilog/SizedFIFO.v:206$735_EN[31:0]$753 [0] $flatten\quire.\seg_adder_vff_in_3.$0$memwr$\arr$/teamspace/studios/this_studio/Melodica-Integration-into-Fife-Core/bsc/lib/Verilog/SizedFIFO.v:206$735_EN[31:0]$753 [0] $flatten\quire.\seg_adder_vff_in_3.$0$memwr$\arr$/teamspace/studios/this_studio/Melodica-Integration-into-Fife-Core/bsc/lib/Verilog/SizedFIFO.v:206$735_EN[31:0]$753 [0] $flatten\quire.\seg_adder_vff_in_3.$0$memwr$\arr$/teamspace/studios/this_studio/Melodica-Integration-into-Fife-Core/bsc/lib/Verilog/SizedFIFO.v:206$735_EN[31:0]$753 [0] $flatten\quire.\seg_adder_vff_in_3.$0$memwr$\arr$/teamspace/studios/this_studio/Melodica-Integration-into-Fife-Core/bsc/lib/Verilog/SizedFIFO.v:206$735_EN[31:0]$753 [0] $flatten\quire.\seg_adder_vff_in_3.$0$memwr$\arr$/teamspace/studios/this_studio/Melodica-Integration-into-Fife-Core/bsc/lib/Verilog/SizedFIFO.v:206$735_EN[31:0]$753 [0] $flatten\quire.\seg_adder_vff_in_3.$0$memwr$\arr$/teamspace/studios/this_studio/Melodica-Integration-into-Fife-Core/bsc/lib/Verilog/SizedFIFO.v:206$735_EN[31:0]$753 [0] $flatten\quire.\seg_adder_vff_in_3.$0$memwr$\arr$/teamspace/studios/this_studio/Melodica-Integration-into-Fife-Core/bsc/lib/Verilog/SizedFIFO.v:206$735_EN[31:0]$753 [0] $flatten\quire.\seg_adder_vff_in_3.$0$memwr$\arr$/teamspace/studios/this_studio/Melodica-Integration-into-Fife-Core/bsc/lib/Verilog/SizedFIFO.v:206$735_EN[31:0]$753 [0] $flatten\quire.\seg_adder_vff_in_3.$0$memwr$\arr$/teamspace/studios/this_studio/Melodica-Integration-into-Fife-Core/bsc/lib/Verilog/SizedFIFO.v:206$735_EN[31:0]$753 [0] $flatten\quire.\seg_adder_vff_in_3.$0$memwr$\arr$/teamspace/studios/this_studio/Melodica-Integration-into-Fife-Core/bsc/lib/Verilog/SizedFIFO.v:206$735_EN[31:0]$753 [0] $flatten\quire.\seg_adder_vff_in_3.$0$memwr$\arr$/teamspace/studios/this_studio/Melodica-Integration-into-Fife-Core/bsc/lib/Verilog/SizedFIFO.v:206$735_EN[31:0]$753 [0] }
    New ctrl vector for $pmux cell $flatten\quire.\seg_adder_vff_in_3.$procmux$1118: { $auto$opt_reduce.cc:134:opt_pmux$1521 $auto$opt_reduce.cc:134:opt_pmux$1519 }
    New ctrl vector for $pmux cell $flatten\quire.\seg_adder_vff_in_3.$procmux$1142: $auto$opt_reduce.cc:134:opt_pmux$1523
  Optimizing cells in module \mkPositCore.
Performed a total of 18 changes.

14.7.5. Executing OPT_MERGE pass (detect identical cells).
Finding identical cells in module `\mkPositCore'.
<suppressed ~21 debug messages>
Removed a total of 7 cells.

14.7.6. Executing OPT_DFF pass (perform DFF optimizations).

14.7.7. Executing OPT_CLEAN pass (remove unused cells and wires).
Finding unused cells or wires in module \mkPositCore..
Removed 0 unused cells and 268 unused wires.
<suppressed ~1 debug messages>

14.7.8. Executing OPT_EXPR pass (perform const folding).
Optimizing module mkPositCore.

14.7.9. Rerunning OPT passes. (Maybe there is more to do..)

14.7.10. Executing OPT_MUXTREE pass (detect dead branches in mux trees).
Running muxtree optimizer on module \mkPositCore..
  Creating internal representation of mux trees.
  Evaluating internal representation of mux trees.
  Analyzing evaluation results.
Removed 0 multiplexer ports.
<suppressed ~157 debug messages>

14.7.11. Executing OPT_REDUCE pass (consolidate $*mux and $reduce_* inputs).
  Optimizing cells in module \mkPositCore.
Performed a total of 0 changes.

14.7.12. Executing OPT_MERGE pass (detect identical cells).
Finding identical cells in module `\mkPositCore'.
Removed a total of 0 cells.

14.7.13. Executing OPT_DFF pass (perform DFF optimizations).

14.7.14. Executing OPT_CLEAN pass (remove unused cells and wires).
Finding unused cells or wires in module \mkPositCore..

14.7.15. Executing OPT_EXPR pass (perform const folding).
Optimizing module mkPositCore.

14.7.16. Finished OPT passes. (There is nothing left to do.)

14.8. Executing FSM pass (extract and optimize FSM).

14.8.1. Executing FSM_DETECT pass (finding FSMs in design).
Not marking mkPositCore.quire.zero_counter_rg_numZeroSegs as FSM state register:
    Users of register don't seem to benefit from recoding.

14.8.2. Executing FSM_EXTRACT pass (extracting FSM from design).

14.8.3. Executing FSM_OPT pass (simple optimizations of FSMs).

14.8.4. Executing OPT_CLEAN pass (remove unused cells and wires).
Finding unused cells or wires in module \mkPositCore..

14.8.5. Executing FSM_OPT pass (simple optimizations of FSMs).

14.8.6. Executing FSM_RECODE pass (re-assigning FSM state encoding).

14.8.7. Executing FSM_INFO pass (dumping all available information on FSM cells).

14.8.8. Executing FSM_MAP pass (mapping FSMs to basic logic).

14.9. Executing OPT pass (performing simple optimizations).

14.9.1. Executing OPT_EXPR pass (perform const folding).
Optimizing module mkPositCore.

14.9.2. Executing OPT_MERGE pass (detect identical cells).
Finding identical cells in module `\mkPositCore'.
Removed a total of 0 cells.

14.9.3. Executing OPT_MUXTREE pass (detect dead branches in mux trees).
Running muxtree optimizer on module \mkPositCore..
  Creating internal representation of mux trees.
  Evaluating internal representation of mux trees.
  Analyzing evaluation results.
Removed 0 multiplexer ports.
<suppressed ~157 debug messages>

14.9.4. Executing OPT_REDUCE pass (consolidate $*mux and $reduce_* inputs).
  Optimizing cells in module \mkPositCore.
Performed a total of 0 changes.

14.9.5. Executing OPT_MERGE pass (detect identical cells).
Finding identical cells in module `\mkPositCore'.
Removed a total of 0 cells.

14.9.6. Executing OPT_DFF pass (perform DFF optimizations).
Adding SRST signal on $procdff$1429 ($dff) from module mkPositCore (D = $procmux$1167_Y, Q = \rg_inflight, rval = 8'00000000).
Adding EN signal on $auto$ff.cc:266:slice$1524 ($sdff) from module mkPositCore (D = \rg_inflight$D_IN, Q = \rg_inflight).
Adding SRST signal on $flatten\quire.\seg_adder_vff_in_3.$procdff$1428 ($dff) from module mkPositCore (D = $flatten\quire.\seg_adder_vff_in_3.$procmux$1124_Y, Q = \quire.seg_adder_vff_in_3.hasodata, rval = 1'0).
Adding EN signal on $auto$ff.cc:266:slice$1526 ($sdff) from module mkPositCore (D = $flatten\quire.\seg_adder_vff_in_3.$procmux$1124_Y, Q = \quire.seg_adder_vff_in_3.hasodata).
Adding SRST signal on $flatten\quire.\seg_adder_vff_in_3.$procdff$1427 ($dff) from module mkPositCore (D = $flatten\quire.\seg_adder_vff_in_3.$procmux$1133_Y, Q = \quire.seg_adder_vff_in_3.tail, rval = 2'00).
Adding EN signal on $auto$ff.cc:266:slice$1530 ($sdff) from module mkPositCore (D = $flatten\quire.\seg_adder_vff_in_3.$procmux$1133_Y, Q = \quire.seg_adder_vff_in_3.tail).
Adding SRST signal on $flatten\quire.\seg_adder_vff_in_3.$procdff$1426 ($dff) from module mkPositCore (D = $flatten\quire.\seg_adder_vff_in_3.$procmux$1142_Y, Q = \quire.seg_adder_vff_in_3.head, rval = 2'00).
Adding EN signal on $auto$ff.cc:266:slice$1538 ($sdff) from module mkPositCore (D = \quire.seg_adder_vff_in_3.next_head, Q = \quire.seg_adder_vff_in_3.head).
Adding SRST signal on $flatten\quire.\seg_adder_vff_in_3.$procdff$1425 ($dff) from module mkPositCore (D = $flatten\quire.\seg_adder_vff_in_3.$procmux$1151_Y, Q = \quire.seg_adder_vff_in_3.ring_empty, rval = 1'1).
Adding EN signal on $auto$ff.cc:266:slice$1540 ($sdff) from module mkPositCore (D = $flatten\quire.\seg_adder_vff_in_3.$procmux$1151_Y, Q = \quire.seg_adder_vff_in_3.ring_empty).
Adding SRST signal on $flatten\quire.\seg_adder_vff_in_3.$procdff$1424 ($dff) from module mkPositCore (D = $flatten\quire.\seg_adder_vff_in_3.$procmux$1160_Y, Q = \quire.seg_adder_vff_in_3.not_ring_full, rval = 1'1).
Adding EN signal on $auto$ff.cc:266:slice$1548 ($sdff) from module mkPositCore (D = $flatten\quire.\seg_adder_vff_in_3.$procmux$1160_Y, Q = \quire.seg_adder_vff_in_3.not_ring_full).
Adding EN signal on $flatten\quire.\seg_adder_vff_in_3.$procdff$1423 ($dff) from module mkPositCore (D = $flatten\quire.\seg_adder_vff_in_3.$0\D_OUT[31:0], Q = \quire.seg_adder_vff_in_3.D_OUT).
Adding SRST signal on $flatten\quire.\seg_adder_vff_in_2.$procdff$1428 ($dff) from module mkPositCore (D = $flatten\quire.\seg_adder_vff_in_2.$procmux$1124_Y, Q = \quire.seg_adder_vff_in_2.hasodata, rval = 1'0).
Adding EN signal on $auto$ff.cc:266:slice$1555 ($sdff) from module mkPositCore (D = $flatten\quire.\seg_adder_vff_in_2.$procmux$1124_Y, Q = \quire.seg_adder_vff_in_2.hasodata).
Adding SRST signal on $flatten\quire.\seg_adder_vff_in_2.$procdff$1427 ($dff) from module mkPositCore (D = $flatten\quire.\seg_adder_vff_in_2.$procmux$1133_Y, Q = \quire.seg_adder_vff_in_2.tail, rval = 2'00).
Adding EN signal on $auto$ff.cc:266:slice$1559 ($sdff) from module mkPositCore (D = $flatten\quire.\seg_adder_vff_in_2.$procmux$1133_Y, Q = \quire.seg_adder_vff_in_2.tail).
Adding SRST signal on $flatten\quire.\seg_adder_vff_in_2.$procdff$1426 ($dff) from module mkPositCore (D = $flatten\quire.\seg_adder_vff_in_2.$procmux$1142_Y, Q = \quire.seg_adder_vff_in_2.head, rval = 2'00).
Adding EN signal on $auto$ff.cc:266:slice$1567 ($sdff) from module mkPositCore (D = \quire.seg_adder_vff_in_2.next_head, Q = \quire.seg_adder_vff_in_2.head).
Adding SRST signal on $flatten\quire.\seg_adder_vff_in_2.$procdff$1425 ($dff) from module mkPositCore (D = $flatten\quire.\seg_adder_vff_in_2.$procmux$1151_Y, Q = \quire.seg_adder_vff_in_2.ring_empty, rval = 1'1).
Adding EN signal on $auto$ff.cc:266:slice$1569 ($sdff) from module mkPositCore (D = $flatten\quire.\seg_adder_vff_in_2.$procmux$1151_Y, Q = \quire.seg_adder_vff_in_2.ring_empty).
Adding SRST signal on $flatten\quire.\seg_adder_vff_in_2.$procdff$1424 ($dff) from module mkPositCore (D = $flatten\quire.\seg_adder_vff_in_2.$procmux$1160_Y, Q = \quire.seg_adder_vff_in_2.not_ring_full, rval = 1'1).
Adding EN signal on $auto$ff.cc:266:slice$1577 ($sdff) from module mkPositCore (D = $flatten\quire.\seg_adder_vff_in_2.$procmux$1160_Y, Q = \quire.seg_adder_vff_in_2.not_ring_full).
Adding EN signal on $flatten\quire.\seg_adder_vff_in_2.$procdff$1423 ($dff) from module mkPositCore (D = $flatten\quire.\seg_adder_vff_in_2.$0\D_OUT[31:0], Q = \quire.seg_adder_vff_in_2.D_OUT).
Adding SRST signal on $flatten\quire.\seg_adder_vff_in_1.$procdff$1428 ($dff) from module mkPositCore (D = $flatten\quire.\seg_adder_vff_in_1.$procmux$1124_Y, Q = \quire.seg_adder_vff_in_1.hasodata, rval = 1'0).
Adding EN signal on $auto$ff.cc:266:slice$1584 ($sdff) from module mkPositCore (D = $flatten\quire.\seg_adder_vff_in_1.$procmux$1124_Y, Q = \quire.seg_adder_vff_in_1.hasodata).
Adding SRST signal on $flatten\quire.\seg_adder_vff_in_1.$procdff$1427 ($dff) from module mkPositCore (D = $flatten\quire.\seg_adder_vff_in_1.$procmux$1133_Y, Q = \quire.seg_adder_vff_in_1.tail, rval = 2'00).
Adding EN signal on $auto$ff.cc:266:slice$1588 ($sdff) from module mkPositCore (D = $flatten\quire.\seg_adder_vff_in_1.$procmux$1133_Y, Q = \quire.seg_adder_vff_in_1.tail).
Adding SRST signal on $flatten\quire.\seg_adder_vff_in_1.$procdff$1426 ($dff) from module mkPositCore (D = $flatten\quire.\seg_adder_vff_in_1.$procmux$1142_Y, Q = \quire.seg_adder_vff_in_1.head, rval = 2'00).
Adding EN signal on $auto$ff.cc:266:slice$1596 ($sdff) from module mkPositCore (D = \quire.seg_adder_vff_in_1.next_head, Q = \quire.seg_adder_vff_in_1.head).
Adding SRST signal on $flatten\quire.\seg_adder_vff_in_1.$procdff$1425 ($dff) from module mkPositCore (D = $flatten\quire.\seg_adder_vff_in_1.$procmux$1151_Y, Q = \quire.seg_adder_vff_in_1.ring_empty, rval = 1'1).
Adding EN signal on $auto$ff.cc:266:slice$1598 ($sdff) from module mkPositCore (D = $flatten\quire.\seg_adder_vff_in_1.$procmux$1151_Y, Q = \quire.seg_adder_vff_in_1.ring_empty).
Adding SRST signal on $flatten\quire.\seg_adder_vff_in_1.$procdff$1424 ($dff) from module mkPositCore (D = $flatten\quire.\seg_adder_vff_in_1.$procmux$1160_Y, Q = \quire.seg_adder_vff_in_1.not_ring_full, rval = 1'1).
Adding EN signal on $auto$ff.cc:266:slice$1606 ($sdff) from module mkPositCore (D = $flatten\quire.\seg_adder_vff_in_1.$procmux$1160_Y, Q = \quire.seg_adder_vff_in_1.not_ring_full).
Adding EN signal on $flatten\quire.\seg_adder_vff_in_1.$procdff$1423 ($dff) from module mkPositCore (D = $flatten\quire.\seg_adder_vff_in_1.$0\D_OUT[31:0], Q = \quire.seg_adder_vff_in_1.D_OUT).
Adding SRST signal on $flatten\quire.\seg_adder_vff_in_0.$procdff$1428 ($dff) from module mkPositCore (D = $flatten\quire.\seg_adder_vff_in_0.$procmux$1124_Y, Q = \quire.seg_adder_vff_in_0.hasodata, rval = 1'0).
Adding EN signal on $auto$ff.cc:266:slice$1613 ($sdff) from module mkPositCore (D = $flatten\quire.\seg_adder_vff_in_0.$procmux$1124_Y, Q = \quire.seg_adder_vff_in_0.hasodata).
Adding SRST signal on $flatten\quire.\seg_adder_vff_in_0.$procdff$1427 ($dff) from module mkPositCore (D = $flatten\quire.\seg_adder_vff_in_0.$procmux$1133_Y, Q = \quire.seg_adder_vff_in_0.tail, rval = 2'00).
Adding EN signal on $auto$ff.cc:266:slice$1617 ($sdff) from module mkPositCore (D = $flatten\quire.\seg_adder_vff_in_0.$procmux$1133_Y, Q = \quire.seg_adder_vff_in_0.tail).
Adding SRST signal on $flatten\quire.\seg_adder_vff_in_0.$procdff$1426 ($dff) from module mkPositCore (D = $flatten\quire.\seg_adder_vff_in_0.$procmux$1142_Y, Q = \quire.seg_adder_vff_in_0.head, rval = 2'00).
Adding EN signal on $auto$ff.cc:266:slice$1625 ($sdff) from module mkPositCore (D = \quire.seg_adder_vff_in_0.next_head, Q = \quire.seg_adder_vff_in_0.head).
Adding SRST signal on $flatten\quire.\seg_adder_vff_in_0.$procdff$1425 ($dff) from module mkPositCore (D = $flatten\quire.\seg_adder_vff_in_0.$procmux$1151_Y, Q = \quire.seg_adder_vff_in_0.ring_empty, rval = 1'1).
Adding EN signal on $auto$ff.cc:266:slice$1627 ($sdff) from module mkPositCore (D = $flatten\quire.\seg_adder_vff_in_0.$procmux$1151_Y, Q = \quire.seg_adder_vff_in_0.ring_empty).
Adding SRST signal on $flatten\quire.\seg_adder_vff_in_0.$procdff$1424 ($dff) from module mkPositCore (D = $flatten\quire.\seg_adder_vff_in_0.$procmux$1160_Y, Q = \quire.seg_adder_vff_in_0.not_ring_full, rval = 1'1).
Adding EN signal on $auto$ff.cc:266:slice$1635 ($sdff) from module mkPositCore (D = $flatten\quire.\seg_adder_vff_in_0.$procmux$1160_Y, Q = \quire.seg_adder_vff_in_0.not_ring_full).
Adding EN signal on $flatten\quire.\seg_adder_vff_in_0.$procdff$1423 ($dff) from module mkPositCore (D = $flatten\quire.\seg_adder_vff_in_0.$0\D_OUT[31:0], Q = \quire.seg_adder_vff_in_0.D_OUT).
Adding SRST signal on $flatten\quire.\seg_adder_vff_carry_2.$procdff$1419 ($dff) from module mkPositCore (D = $flatten\quire.\seg_adder_vff_carry_2.$procmux$1066_Y, Q = \quire.seg_adder_vff_carry_2.hasodata, rval = 1'0).
Adding EN signal on $auto$ff.cc:266:slice$1642 ($sdff) from module mkPositCore (D = $flatten\quire.\seg_adder_vff_carry_2.$procmux$1066_Y, Q = \quire.seg_adder_vff_carry_2.hasodata).
Adding SRST signal on $flatten\quire.\seg_adder_vff_carry_2.$procdff$1418 ($dff) from module mkPositCore (D = $flatten\quire.\seg_adder_vff_carry_2.$procmux$1075_Y, Q = \quire.seg_adder_vff_carry_2.tail, rval = 2'00).
Adding EN signal on $auto$ff.cc:266:slice$1646 ($sdff) from module mkPositCore (D = $flatten\quire.\seg_adder_vff_carry_2.$procmux$1075_Y, Q = \quire.seg_adder_vff_carry_2.tail).
Adding SRST signal on $flatten\quire.\seg_adder_vff_carry_2.$procdff$1417 ($dff) from module mkPositCore (D = $flatten\quire.\seg_adder_vff_carry_2.$procmux$1084_Y, Q = \quire.seg_adder_vff_carry_2.head, rval = 2'00).
Adding EN signal on $auto$ff.cc:266:slice$1654 ($sdff) from module mkPositCore (D = \quire.seg_adder_vff_carry_2.next_head, Q = \quire.seg_adder_vff_carry_2.head).
Adding SRST signal on $flatten\quire.\seg_adder_vff_carry_2.$procdff$1416 ($dff) from module mkPositCore (D = $flatten\quire.\seg_adder_vff_carry_2.$procmux$1093_Y, Q = \quire.seg_adder_vff_carry_2.ring_empty, rval = 1'1).
Adding EN signal on $auto$ff.cc:266:slice$1656 ($sdff) from module mkPositCore (D = $flatten\quire.\seg_adder_vff_carry_2.$procmux$1093_Y, Q = \quire.seg_adder_vff_carry_2.ring_empty).
Adding SRST signal on $flatten\quire.\seg_adder_vff_carry_2.$procdff$1415 ($dff) from module mkPositCore (D = $flatten\quire.\seg_adder_vff_carry_2.$procmux$1102_Y, Q = \quire.seg_adder_vff_carry_2.not_ring_full, rval = 1'1).
Adding EN signal on $auto$ff.cc:266:slice$1664 ($sdff) from module mkPositCore (D = $flatten\quire.\seg_adder_vff_carry_2.$procmux$1102_Y, Q = \quire.seg_adder_vff_carry_2.not_ring_full).
Adding EN signal on $flatten\quire.\seg_adder_vff_carry_2.$procdff$1414 ($dff) from module mkPositCore (D = $flatten\quire.\seg_adder_vff_carry_2.$0\D_OUT[0:0], Q = \quire.seg_adder_vff_carry_2.D_OUT).
Adding SRST signal on $flatten\quire.\seg_adder_vff_carry_1.$procdff$1419 ($dff) from module mkPositCore (D = $flatten\quire.\seg_adder_vff_carry_1.$procmux$1066_Y, Q = \quire.seg_adder_vff_carry_1.hasodata, rval = 1'0).
Adding EN signal on $auto$ff.cc:266:slice$1671 ($sdff) from module mkPositCore (D = $flatten\quire.\seg_adder_vff_carry_1.$procmux$1066_Y, Q = \quire.seg_adder_vff_carry_1.hasodata).
Adding SRST signal on $flatten\quire.\seg_adder_vff_carry_1.$procdff$1418 ($dff) from module mkPositCore (D = $flatten\quire.\seg_adder_vff_carry_1.$procmux$1075_Y, Q = \quire.seg_adder_vff_carry_1.tail, rval = 2'00).
Adding EN signal on $auto$ff.cc:266:slice$1675 ($sdff) from module mkPositCore (D = $flatten\quire.\seg_adder_vff_carry_1.$procmux$1075_Y, Q = \quire.seg_adder_vff_carry_1.tail).
Adding SRST signal on $flatten\quire.\seg_adder_vff_carry_1.$procdff$1417 ($dff) from module mkPositCore (D = $flatten\quire.\seg_adder_vff_carry_1.$procmux$1084_Y, Q = \quire.seg_adder_vff_carry_1.head, rval = 2'00).
Adding EN signal on $auto$ff.cc:266:slice$1683 ($sdff) from module mkPositCore (D = \quire.seg_adder_vff_carry_1.next_head, Q = \quire.seg_adder_vff_carry_1.head).
Adding SRST signal on $flatten\quire.\seg_adder_vff_carry_1.$procdff$1416 ($dff) from module mkPositCore (D = $flatten\quire.\seg_adder_vff_carry_1.$procmux$1093_Y, Q = \quire.seg_adder_vff_carry_1.ring_empty, rval = 1'1).
Adding EN signal on $auto$ff.cc:266:slice$1685 ($sdff) from module mkPositCore (D = $flatten\quire.\seg_adder_vff_carry_1.$procmux$1093_Y, Q = \quire.seg_adder_vff_carry_1.ring_empty).
Adding SRST signal on $flatten\quire.\seg_adder_vff_carry_1.$procdff$1415 ($dff) from module mkPositCore (D = $flatten\quire.\seg_adder_vff_carry_1.$procmux$1102_Y, Q = \quire.seg_adder_vff_carry_1.not_ring_full, rval = 1'1).
Adding EN signal on $auto$ff.cc:266:slice$1693 ($sdff) from module mkPositCore (D = $flatten\quire.\seg_adder_vff_carry_1.$procmux$1102_Y, Q = \quire.seg_adder_vff_carry_1.not_ring_full).
Adding EN signal on $flatten\quire.\seg_adder_vff_carry_1.$procdff$1414 ($dff) from module mkPositCore (D = $flatten\quire.\seg_adder_vff_carry_1.$0\D_OUT[0:0], Q = \quire.seg_adder_vff_carry_1.D_OUT).
Adding SRST signal on $flatten\quire.\seg_adder_vff_carry_0.$procdff$1419 ($dff) from module mkPositCore (D = $flatten\quire.\seg_adder_vff_carry_0.$procmux$1066_Y, Q = \quire.seg_adder_vff_carry_0.hasodata, rval = 1'0).
Adding EN signal on $auto$ff.cc:266:slice$1700 ($sdff) from module mkPositCore (D = $flatten\quire.\seg_adder_vff_carry_0.$procmux$1066_Y, Q = \quire.seg_adder_vff_carry_0.hasodata).
Adding SRST signal on $flatten\quire.\seg_adder_vff_carry_0.$procdff$1418 ($dff) from module mkPositCore (D = $flatten\quire.\seg_adder_vff_carry_0.$procmux$1075_Y, Q = \quire.seg_adder_vff_carry_0.tail, rval = 2'00).
Adding EN signal on $auto$ff.cc:266:slice$1704 ($sdff) from module mkPositCore (D = $flatten\quire.\seg_adder_vff_carry_0.$procmux$1075_Y, Q = \quire.seg_adder_vff_carry_0.tail).
Adding SRST signal on $flatten\quire.\seg_adder_vff_carry_0.$procdff$1417 ($dff) from module mkPositCore (D = $flatten\quire.\seg_adder_vff_carry_0.$procmux$1084_Y, Q = \quire.seg_adder_vff_carry_0.head, rval = 2'00).
Adding EN signal on $auto$ff.cc:266:slice$1712 ($sdff) from module mkPositCore (D = \quire.seg_adder_vff_carry_0.next_head, Q = \quire.seg_adder_vff_carry_0.head).
Adding SRST signal on $flatten\quire.\seg_adder_vff_carry_0.$procdff$1416 ($dff) from module mkPositCore (D = $flatten\quire.\seg_adder_vff_carry_0.$procmux$1093_Y, Q = \quire.seg_adder_vff_carry_0.ring_empty, rval = 1'1).
Adding EN signal on $auto$ff.cc:266:slice$1714 ($sdff) from module mkPositCore (D = $flatten\quire.\seg_adder_vff_carry_0.$procmux$1093_Y, Q = \quire.seg_adder_vff_carry_0.ring_empty).
Adding SRST signal on $flatten\quire.\seg_adder_vff_carry_0.$procdff$1415 ($dff) from module mkPositCore (D = $flatten\quire.\seg_adder_vff_carry_0.$procmux$1102_Y, Q = \quire.seg_adder_vff_carry_0.not_ring_full, rval = 1'1).
Adding EN signal on $auto$ff.cc:266:slice$1722 ($sdff) from module mkPositCore (D = $flatten\quire.\seg_adder_vff_carry_0.$procmux$1102_Y, Q = \quire.seg_adder_vff_carry_0.not_ring_full).
Adding EN signal on $flatten\quire.\seg_adder_vff_carry_0.$procdff$1414 ($dff) from module mkPositCore (D = $flatten\quire.\seg_adder_vff_carry_0.$0\D_OUT[0:0], Q = \quire.seg_adder_vff_carry_0.D_OUT).
Adding SRST signal on $flatten\quire.\posit_rsp_f.$procdff$1410 ($dff) from module mkPositCore (D = $flatten\quire.\posit_rsp_f.$procmux$1043_Y, Q = \quire.posit_rsp_f.empty_reg, rval = 1'0).
Adding EN signal on $auto$ff.cc:266:slice$1729 ($sdff) from module mkPositCore (D = $flatten\quire.\posit_rsp_f.$procmux$1043_Y, Q = \quire.posit_rsp_f.empty_reg).
Adding EN signal on $flatten\quire.\posit_rsp_f.$procdff$1409 ($dff) from module mkPositCore (D = \quire.posit_rsp_f.D_IN, Q = \quire.posit_rsp_f.D_OUT).
Adding SRST signal on $auto$ff.cc:266:slice$1733 ($dffe) from module mkPositCore (D = \quire.IF_ff_num_msb_zeros_first__57_PLUS_1_58_BIT_7__ETC___d163 [2:0], Q = \quire.posit_rsp_f.D_OUT [31:29], rval = 3'000).
Adding SRST signal on $auto$ff.cc:266:slice$1733 ($dffe) from module mkPositCore (D = $flatten\quire.$ternary$/teamspace/studios/this_studio/Melodica-Integration-into-Fife-Core/Learn_Bluespec_and_RISCV_Design/Code/Build/Fife/verilog/mkQuire.v:949$333_Y [6:4], Q = \quire.posit_rsp_f.D_OUT [35:33], rval = 3'000).
Adding SRST signal on $auto$ff.cc:266:slice$1733 ($dffe) from module mkPositCore (D = { \quire.vrg_quire_3 [31] \quire.MUX_posit_rsp_f$enq_1__VAL_2 [39] \quire.IF_SEXT_IF_ff_num_msb_zeros_first__57_PLUS_1_5_ETC___d176 [9:7] \quire.IF_SEXT_IF_ff_num_msb_zeros_first__57_PLUS_1_5_ETC___d176 [3] \quire.prenorm_posit_frac__h10787 \quire.x__h13658 \quire.x__h14582 }, Q = { \quire.posit_rsp_f.D_OUT [42] \quire.posit_rsp_f.D_OUT [39:36] \quire.posit_rsp_f.D_OUT [32] \quire.posit_rsp_f.D_OUT [28:0] }, rval = 35'00000000000000000000000000000000001).
Adding SRST signal on $flatten\quire.\ff_num_msb_zeros.$procdff$1408 ($dff) from module mkPositCore (D = $flatten\quire.\ff_num_msb_zeros.$procmux$1030_Y, Q = \quire.ff_num_msb_zeros.empty_reg, rval = 1'0).
Adding EN signal on $auto$ff.cc:266:slice$1744 ($sdff) from module mkPositCore (D = $flatten\quire.\ff_num_msb_zeros.$procmux$1030_Y, Q = \quire.ff_num_msb_zeros.empty_reg).
Adding EN signal on $flatten\quire.\ff_num_msb_zeros.$procdff$1407 ($dff) from module mkPositCore (D = \quire.ff_num_msb_zeros.D_IN, Q = \quire.ff_num_msb_zeros.D_OUT).
Adding SRST signal on $flatten\quire.$procdff$1443 ($dff) from module mkPositCore (D = $flatten\quire.$procmux$1191_Y, Q = \quire.zero_counter_rg_seg_counter_busy, rval = 1'0).
Adding EN signal on $auto$ff.cc:266:slice$1749 ($sdff) from module mkPositCore (D = \quire.MUX_rg_read_busy$write_1__SEL_1, Q = \quire.zero_counter_rg_seg_counter_busy).
Adding EN signal on $flatten\quire.$procdff$1442 ($dff) from module mkPositCore (D = \quire.IF_INV_vrg_quire_seg_zero_3_83_00_THEN_0_ELSE__ETC___d307 [1:0], Q = \quire.zero_counter_rg_numZeroSegs).
Adding EN signal on $flatten\quire.$procdff$1441 ($dff) from module mkPositCore (D = \quire.zero_counter_rg_firstNonZeroSeg$D_IN, Q = \quire.zero_counter_rg_firstNonZeroSeg).
Adding SRST signal on $flatten\quire.$procdff$1440 ($dff) from module mkPositCore (D = $flatten\quire.$procmux$1200_Y, Q = \quire.vrg_quire_seg_zero_3, rval = 1'1).
Adding EN signal on $auto$ff.cc:266:slice$1753 ($sdff) from module mkPositCore (D = \quire.vrg_quire_seg_zero_3$D_IN, Q = \quire.vrg_quire_seg_zero_3).
Adding SRST signal on $flatten\quire.$procdff$1439 ($dff) from module mkPositCore (D = $flatten\quire.$procmux$1205_Y, Q = \quire.vrg_quire_seg_zero_2, rval = 1'1).
Adding EN signal on $auto$ff.cc:266:slice$1755 ($sdff) from module mkPositCore (D = \quire.vrg_quire_seg_zero_2$D_IN, Q = \quire.vrg_quire_seg_zero_2).
Adding SRST signal on $flatten\quire.$procdff$1438 ($dff) from module mkPositCore (D = $flatten\quire.$procmux$1210_Y, Q = \quire.vrg_quire_seg_zero_1, rval = 1'1).
Adding EN signal on $auto$ff.cc:266:slice$1757 ($sdff) from module mkPositCore (D = \quire.vrg_quire_seg_zero_1$D_IN, Q = \quire.vrg_quire_seg_zero_1).
Adding SRST signal on $flatten\quire.$procdff$1437 ($dff) from module mkPositCore (D = $flatten\quire.$procmux$1215_Y, Q = \quire.vrg_quire_seg_zero_0, rval = 1'1).
Adding EN signal on $auto$ff.cc:266:slice$1759 ($sdff) from module mkPositCore (D = \quire.vrg_quire_seg_zero_0$D_IN, Q = \quire.vrg_quire_seg_zero_0).
Adding SRST signal on $flatten\quire.$procdff$1436 ($dff) from module mkPositCore (D = $flatten\quire.$procmux$1220_Y, Q = \quire.vrg_quire_3, rval = 0).
Adding EN signal on $auto$ff.cc:266:slice$1761 ($sdff) from module mkPositCore (D = \quire.vrg_quire_3$D_IN, Q = \quire.vrg_quire_3).
Adding SRST signal on $flatten\quire.$procdff$1435 ($dff) from module mkPositCore (D = $flatten\quire.$procmux$1225_Y, Q = \quire.vrg_quire_2, rval = 0).
Adding EN signal on $auto$ff.cc:266:slice$1763 ($sdff) from module mkPositCore (D = \quire.vrg_quire_2$D_IN, Q = \quire.vrg_quire_2).
Adding SRST signal on $flatten\quire.$procdff$1434 ($dff) from module mkPositCore (D = $flatten\quire.$procmux$1230_Y, Q = \quire.vrg_quire_1, rval = 0).
Adding EN signal on $auto$ff.cc:266:slice$1765 ($sdff) from module mkPositCore (D = \quire.vrg_quire_1$D_IN, Q = \quire.vrg_quire_1).
Adding SRST signal on $flatten\quire.$procdff$1433 ($dff) from module mkPositCore (D = $flatten\quire.$procmux$1235_Y, Q = \quire.vrg_quire_0, rval = 0).
Adding EN signal on $auto$ff.cc:266:slice$1767 ($sdff) from module mkPositCore (D = \quire.vrg_quire_0$D_IN, Q = \quire.vrg_quire_0).
Adding SRST signal on $flatten\quire.$procdff$1432 ($dff) from module mkPositCore (D = $flatten\quire.$procmux$1240_Y, Q = \quire.seg_adder_rg_inFlight, rval = 2'00).
Adding EN signal on $auto$ff.cc:266:slice$1769 ($sdff) from module mkPositCore (D = \quire.seg_adder_rg_inFlight$D_IN, Q = \quire.seg_adder_rg_inFlight).
Adding SRST signal on $flatten\quire.$procdff$1431 ($dff) from module mkPositCore (D = $flatten\quire.$procmux$1245_Y, Q = \quire.rg_seg_zero_upd, rval = 1'1).
Adding EN signal on $auto$ff.cc:266:slice$1771 ($sdff) from module mkPositCore (D = \quire.rg_seg_zero_upd$D_IN, Q = \quire.rg_seg_zero_upd).
Adding SRST signal on $flatten\quire.$procdff$1430 ($dff) from module mkPositCore (D = $flatten\quire.$procmux$1250_Y, Q = \quire.rg_read_busy, rval = 1'0).
Adding EN signal on $auto$ff.cc:266:slice$1773 ($sdff) from module mkPositCore (D = \quire.MUX_rg_read_busy$write_1__SEL_1, Q = \quire.rg_read_busy).
Adding SRST signal on $flatten\ptof.\ffO.$procdff$1455 ($dff) from module mkPositCore (D = $flatten\ptof.\ffO.$procmux$1358_Y, Q = \ptof.ffO.full_reg, rval = 1'1).
Adding EN signal on $auto$ff.cc:266:slice$1775 ($sdff) from module mkPositCore (D = $flatten\ptof.\ffO.$procmux$1358_Y, Q = \ptof.ffO.full_reg).
Adding SRST signal on $flatten\ptof.\ffO.$procdff$1454 ($dff) from module mkPositCore (D = $flatten\ptof.\ffO.$procmux$1369_Y, Q = \ptof.ffO.empty_reg, rval = 1'0).
Adding EN signal on $auto$ff.cc:266:slice$1779 ($sdff) from module mkPositCore (D = $flatten\ptof.\ffO.$procmux$1369_Y, Q = \ptof.ffO.empty_reg).
Adding EN signal on $flatten\ptof.\ffO.$procdff$1453 ($dff) from module mkPositCore (D = { \ptof.float_no__h169 \ptof.ffO.D_IN [2:1] \ptof.add_round__h167 }, Q = \ptof.ffO.data1_reg).
Adding SRST signal on $flatten\normalizer.\fifo_output_reg.$procdff$1402 ($dff) from module mkPositCore (D = $flatten\normalizer.\fifo_output_reg.$procmux$980_Y, Q = \normalizer.fifo_output_reg.full_reg, rval = 1'1).
Adding EN signal on $auto$ff.cc:266:slice$1784 ($sdff) from module mkPositCore (D = $flatten\normalizer.\fifo_output_reg.$procmux$980_Y, Q = \normalizer.fifo_output_reg.full_reg).
Adding SRST signal on $flatten\normalizer.\fifo_output_reg.$procdff$1401 ($dff) from module mkPositCore (D = $flatten\normalizer.\fifo_output_reg.$procmux$991_Y, Q = \normalizer.fifo_output_reg.empty_reg, rval = 1'0).
Adding EN signal on $auto$ff.cc:266:slice$1788 ($sdff) from module mkPositCore (D = $flatten\normalizer.\fifo_output_reg.$procmux$991_Y, Q = \normalizer.fifo_output_reg.empty_reg).
Adding EN signal on $flatten\normalizer.\fifo_output_reg.$procdff$1400 ($dff) from module mkPositCore (D = { \normalizer.output_regf_posit__h172 \normalizer.request_put [41:39] 1'0 }, Q = \normalizer.fifo_output_reg.data1_reg).
Adding SRST signal on $flatten\multiplier.\ff_to_quire.$procdff$1406 ($dff) from module mkPositCore (D = $flatten\multiplier.\ff_to_quire.$procmux$1017_Y, Q = \multiplier.ff_to_quire.empty_reg, rval = 1'0).
Adding EN signal on $auto$ff.cc:266:slice$1793 ($sdff) from module mkPositCore (D = $flatten\multiplier.\ff_to_quire.$procmux$1017_Y, Q = \multiplier.ff_to_quire.empty_reg).
Adding EN signal on $flatten\multiplier.\ff_to_quire.$procdff$1405 ($dff) from module mkPositCore (D = { \multiplier.ff_pipe_reg.D_OUT [67] \multiplier.qif__h247 \multiplier.ff_pipe_reg.D_OUT [70:68] 2'01 }, Q = \multiplier.ff_to_quire.D_OUT).
Adding SRST signal on $flatten\multiplier.\ff_pipe_reg.$procdff$1404 ($dff) from module mkPositCore (D = $flatten\multiplier.\ff_pipe_reg.$procmux$1004_Y, Q = \multiplier.ff_pipe_reg.empty_reg, rval = 1'0).
Adding EN signal on $auto$ff.cc:266:slice$1798 ($sdff) from module mkPositCore (D = $flatten\multiplier.\ff_pipe_reg.$procmux$1004_Y, Q = \multiplier.ff_pipe_reg.empty_reg).
Adding EN signal on $flatten\multiplier.\ff_pipe_reg.$procdff$1403 ($dff) from module mkPositCore (D = { \multiplier.ff_pipe_reg.D_IN [70:68] \multiplier.stage0_regf_sign__h1834 \multiplier.SEXT_request_put_BITS_76_TO_67_4_5_PLUS_SEXT_r_ETC___d78 \multiplier._0_CONCAT_IF_request_put_BITS_79_TO_78_2_EQ_2_8_ETC___d85 [55:0] }, Q = \multiplier.ff_pipe_reg.D_OUT).
Adding SRST signal on $auto$ff.cc:266:slice$1802 ($dffe) from module mkPositCore (D = $flatten\multiplier.$ternary$/teamspace/studios/this_studio/Melodica-Integration-into-Fife-Core/Learn_Bluespec_and_RISCV_Design/Code/Build/Fife/verilog/mkMultiplier.v:154$424_Y, Q = \multiplier.ff_pipe_reg.D_OUT [69:68], rval = 2'10).
Adding SRST signal on $flatten\ftop.\ffO.$procdff$1410 ($dff) from module mkPositCore (D = $flatten\ftop.\ffO.$procmux$1043_Y, Q = \ftop.ffO.empty_reg, rval = 1'0).
Adding EN signal on $auto$ff.cc:266:slice$1805 ($sdff) from module mkPositCore (D = $flatten\ftop.\ffO.$procmux$1043_Y, Q = \ftop.ffO.empty_reg).
Adding EN signal on $flatten\ftop.\ffO.$procdff$1409 ($dff) from module mkPositCore (D = { \ffI.data0_reg [103] \ftop.ffO.D_IN [41:39] \ftop.x_scale__h164 \ftop.IF_IF_SEXT__0_CONCAT_request_put_BITS_30_TO_23_ETC___d53 }, Q = \ftop.ffO.D_OUT).
Adding SRST signal on $auto$ff.cc:266:slice$1809 ($dffe) from module mkPositCore (D = $flatten\ftop.$ternary$/teamspace/studios/this_studio/Melodica-Integration-into-Fife-Core/Learn_Bluespec_and_RISCV_Design/Code/Build/Fife/verilog/mkFtoP_PNE.v:120$526_Y, Q = \ftop.ffO.D_OUT [41:40], rval = 2'01).
Adding SRST signal on $auto$ff.cc:266:slice$1809 ($dffe) from module mkPositCore (D = \ftop._0_CONCAT_request_put_BITS_30_TO_23_MINUS_127__q1 [3:0], Q = \ftop.ffO.D_OUT [32:29], rval = 4'1000).
Adding SRST signal on $auto$ff.cc:266:slice$1809 ($dffe) from module mkPositCore (D = $flatten\ftop.$ternary$/teamspace/studios/this_studio/Melodica-Integration-into-Fife-Core/Learn_Bluespec_and_RISCV_Design/Code/Build/Fife/verilog/mkFtoP_PNE.v:200$558_Y [9:4], Q = \ftop.ffO.D_OUT [38:33], rval = 6'111000).
Adding SRST signal on $flatten\ffO.$procdff$1404 ($dff) from module mkPositCore (D = $flatten\ffO.$procmux$1004_Y, Q = \ffO.empty_reg, rval = 1'0).
Adding EN signal on $auto$ff.cc:266:slice$1818 ($sdff) from module mkPositCore (D = $flatten\ffO.$procmux$1004_Y, Q = \ffO.empty_reg).
Adding EN signal on $flatten\ffO.$procdff$1403 ($dff) from module mkPositCore (D = \ffO.D_IN, Q = \ffO.D_OUT).
Adding SRST signal on $auto$ff.cc:266:slice$1822 ($dffe) from module mkPositCore (D = \normalizer.fifo_output_reg.data0_reg [1], Q = \ffO.D_OUT [4], rval = 1'0).
Adding SRST signal on $flatten\ffI.$procdff$1451 ($dff) from module mkPositCore (D = $flatten\ffI.$procmux$1336_Y, Q = \ffI.full_reg, rval = 1'1).
Adding EN signal on $auto$ff.cc:266:slice$1825 ($sdff) from module mkPositCore (D = $flatten\ffI.$procmux$1336_Y, Q = \ffI.full_reg).
Adding SRST signal on $flatten\ffI.$procdff$1450 ($dff) from module mkPositCore (D = $flatten\ffI.$procmux$1347_Y, Q = \ffI.empty_reg, rval = 1'0).
Adding EN signal on $auto$ff.cc:266:slice$1829 ($sdff) from module mkPositCore (D = $flatten\ffI.$procmux$1347_Y, Q = \ffI.empty_reg).
Adding EN signal on $flatten\ffI.$procdff$1449 ($dff) from module mkPositCore (D = \server_core_request_put, Q = \ffI.data1_reg).
Adding SRST signal on $flatten\extracter2.\ff_extract_out.$procdff$1459 ($dff) from module mkPositCore (D = $flatten\extracter2.\ff_extract_out.$procmux$1380_Y, Q = \extracter2.ff_extract_out.full_reg, rval = 1'1).
Adding EN signal on $auto$ff.cc:266:slice$1834 ($sdff) from module mkPositCore (D = $flatten\extracter2.\ff_extract_out.$procmux$1380_Y, Q = \extracter2.ff_extract_out.full_reg).
Adding SRST signal on $flatten\extracter2.\ff_extract_out.$procdff$1458 ($dff) from module mkPositCore (D = $flatten\extracter2.\ff_extract_out.$procmux$1391_Y, Q = \extracter2.ff_extract_out.empty_reg, rval = 1'0).
Adding EN signal on $auto$ff.cc:266:slice$1838 ($sdff) from module mkPositCore (D = $flatten\extracter2.\ff_extract_out.$procmux$1391_Y, Q = \extracter2.ff_extract_out.empty_reg).
Adding EN signal on $flatten\extracter2.\ff_extract_out.$procdff$1457 ($dff) from module mkPositCore (D = { \extracter2.ff_extract_out.D_IN [39:38] \extracter2.request_put [31] \extracter2.ff_extract_out.D_IN [36:0] }, Q = \extracter2.ff_extract_out.data1_reg).
Adding SRST signal on $flatten\extracter1.\ff_extract_out.$procdff$1459 ($dff) from module mkPositCore (D = $flatten\extracter1.\ff_extract_out.$procmux$1380_Y, Q = \extracter1.ff_extract_out.full_reg, rval = 1'1).
Adding EN signal on $auto$ff.cc:266:slice$1843 ($sdff) from module mkPositCore (D = $flatten\extracter1.\ff_extract_out.$procmux$1380_Y, Q = \extracter1.ff_extract_out.full_reg).
Adding SRST signal on $flatten\extracter1.\ff_extract_out.$procdff$1458 ($dff) from module mkPositCore (D = $flatten\extracter1.\ff_extract_out.$procmux$1391_Y, Q = \extracter1.ff_extract_out.empty_reg, rval = 1'0).
Adding EN signal on $auto$ff.cc:266:slice$1847 ($sdff) from module mkPositCore (D = $flatten\extracter1.\ff_extract_out.$procmux$1391_Y, Q = \extracter1.ff_extract_out.empty_reg).
Adding EN signal on $flatten\extracter1.\ff_extract_out.$procdff$1457 ($dff) from module mkPositCore (D = { \extracter1.ff_extract_out.D_IN [39:38] \ffI.data0_reg [103] \extracter1.ff_extract_out.D_IN [36:0] }, Q = \extracter1.ff_extract_out.data1_reg).
Adding SRST signal on $flatten\cmd_stg3_f.$procdff$1447 ($dff) from module mkPositCore (D = $flatten\cmd_stg3_f.$procmux$1314_Y, Q = \cmd_stg3_f.full_reg, rval = 1'1).
Adding EN signal on $auto$ff.cc:266:slice$1852 ($sdff) from module mkPositCore (D = $flatten\cmd_stg3_f.$procmux$1314_Y, Q = \cmd_stg3_f.full_reg).
Adding SRST signal on $flatten\cmd_stg3_f.$procdff$1446 ($dff) from module mkPositCore (D = $flatten\cmd_stg3_f.$procmux$1325_Y, Q = \cmd_stg3_f.empty_reg, rval = 1'0).
Adding EN signal on $auto$ff.cc:266:slice$1856 ($sdff) from module mkPositCore (D = $flatten\cmd_stg3_f.$procmux$1325_Y, Q = \cmd_stg3_f.empty_reg).
Adding EN signal on $flatten\cmd_stg3_f.$procdff$1445 ($dff) from module mkPositCore (D = \cmd_stg2_f.data0_reg, Q = \cmd_stg3_f.data1_reg).
Adding SRST signal on $flatten\cmd_stg2_f.$procdff$1447 ($dff) from module mkPositCore (D = $flatten\cmd_stg2_f.$procmux$1314_Y, Q = \cmd_stg2_f.full_reg, rval = 1'1).
Adding EN signal on $auto$ff.cc:266:slice$1861 ($sdff) from module mkPositCore (D = $flatten\cmd_stg2_f.$procmux$1314_Y, Q = \cmd_stg2_f.full_reg).
Adding SRST signal on $flatten\cmd_stg2_f.$procdff$1446 ($dff) from module mkPositCore (D = $flatten\cmd_stg2_f.$procmux$1325_Y, Q = \cmd_stg2_f.empty_reg, rval = 1'0).
Adding EN signal on $auto$ff.cc:266:slice$1865 ($sdff) from module mkPositCore (D = $flatten\cmd_stg2_f.$procmux$1325_Y, Q = \cmd_stg2_f.empty_reg).
Adding EN signal on $flatten\cmd_stg2_f.$procdff$1445 ($dff) from module mkPositCore (D = \ffI.data0_reg [2:0], Q = \cmd_stg2_f.data1_reg).
Setting constant 1-bit at position 0 on $auto$ff.cc:266:slice$1797 ($dffe) from module mkPositCore.
Setting constant 0-bit at position 1 on $auto$ff.cc:266:slice$1797 ($dffe) from module mkPositCore.
Setting constant 0-bit at position 0 on $auto$ff.cc:266:slice$1792 ($dffe) from module mkPositCore.

14.9.7. Executing OPT_CLEAN pass (remove unused cells and wires).
Finding unused cells or wires in module \mkPositCore..
Removed 106 unused cells and 103 unused wires.
<suppressed ~107 debug messages>

14.9.8. Executing OPT_EXPR pass (perform const folding).
Optimizing module mkPositCore.
<suppressed ~55 debug messages>

14.9.9. Rerunning OPT passes. (Maybe there is more to do..)

14.9.10. Executing OPT_MUXTREE pass (detect dead branches in mux trees).
Running muxtree optimizer on module \mkPositCore..
  Creating internal representation of mux trees.
  Evaluating internal representation of mux trees.
  Analyzing evaluation results.
Removed 0 multiplexer ports.
<suppressed ~143 debug messages>

14.9.11. Executing OPT_REDUCE pass (consolidate $*mux and $reduce_* inputs).
  Optimizing cells in module \mkPositCore.
Performed a total of 0 changes.

14.9.12. Executing OPT_MERGE pass (detect identical cells).
Finding identical cells in module `\mkPositCore'.
<suppressed ~69 debug messages>
Removed a total of 23 cells.

14.9.13. Executing OPT_DFF pass (perform DFF optimizations).

14.9.14. Executing OPT_CLEAN pass (remove unused cells and wires).
Finding unused cells or wires in module \mkPositCore..
Removed 0 unused cells and 23 unused wires.
<suppressed ~1 debug messages>

14.9.15. Executing OPT_EXPR pass (perform const folding).
Optimizing module mkPositCore.

14.9.16. Rerunning OPT passes. (Maybe there is more to do..)

14.9.17. Executing OPT_MUXTREE pass (detect dead branches in mux trees).
Running muxtree optimizer on module \mkPositCore..
  Creating internal representation of mux trees.
  Evaluating internal representation of mux trees.
  Analyzing evaluation results.
Removed 0 multiplexer ports.
<suppressed ~144 debug messages>

14.9.18. Executing OPT_REDUCE pass (consolidate $*mux and $reduce_* inputs).
  Optimizing cells in module \mkPositCore.
Performed a total of 0 changes.

14.9.19. Executing OPT_MERGE pass (detect identical cells).
Finding identical cells in module `\mkPositCore'.
Removed a total of 0 cells.

14.9.20. Executing OPT_DFF pass (perform DFF optimizations).

14.9.21. Executing OPT_CLEAN pass (remove unused cells and wires).
Finding unused cells or wires in module \mkPositCore..

14.9.22. Executing OPT_EXPR pass (perform const folding).
Optimizing module mkPositCore.

14.9.23. Finished OPT passes. (There is nothing left to do.)

14.10. Executing WREDUCE pass (reducing word size of cells).
Removed top 28 address bits (of 32) from memory init port mkPositCore.$flatten\normalizer.$auto$mem.cc:319:emit$976 ($flatten\normalizer.$auto$proc_rom.cc:150:do_switch$974).
Removed top 1 bits (of 3) from port B of cell mkPositCore.$ne$/teamspace/studios/this_studio/Melodica-Integration-into-Fife-Core/Learn_Bluespec_and_RISCV_Design/Code/Build/Fife/verilog/mkPositCore.v:329$611 ($ne).
Removed top 1 bits (of 3) from port B of cell mkPositCore.$eq$/teamspace/studios/this_studio/Melodica-Integration-into-Fife-Core/Learn_Bluespec_and_RISCV_Design/Code/Build/Fife/verilog/mkPositCore.v:336$617 ($eq).
Removed top 2 bits (of 3) from port B of cell mkPositCore.$eq$/teamspace/studios/this_studio/Melodica-Integration-into-Fife-Core/Learn_Bluespec_and_RISCV_Design/Code/Build/Fife/verilog/mkPositCore.v:353$630 ($eq).
Removed top 1 bits (of 3) from port B of cell mkPositCore.$eq$/teamspace/studios/this_studio/Melodica-Integration-into-Fife-Core/Learn_Bluespec_and_RISCV_Design/Code/Build/Fife/verilog/mkPositCore.v:362$637 ($eq).
Removed top 1 bits (of 3) from port B of cell mkPositCore.$eq$/teamspace/studios/this_studio/Melodica-Integration-into-Fife-Core/Learn_Bluespec_and_RISCV_Design/Code/Build/Fife/verilog/mkPositCore.v:371$642 ($eq).
Removed top 2 bits (of 3) from port B of cell mkPositCore.$eq$/teamspace/studios/this_studio/Melodica-Integration-into-Fife-Core/Learn_Bluespec_and_RISCV_Design/Code/Build/Fife/verilog/mkPositCore.v:387$652 ($eq).
Removed top 1 bits (of 3) from port B of cell mkPositCore.$eq$/teamspace/studios/this_studio/Melodica-Integration-into-Fife-Core/Learn_Bluespec_and_RISCV_Design/Code/Build/Fife/verilog/mkPositCore.v:407$672 ($eq).
Removed top 1 bits (of 3) from port B of cell mkPositCore.$eq$/teamspace/studios/this_studio/Melodica-Integration-into-Fife-Core/Learn_Bluespec_and_RISCV_Design/Code/Build/Fife/verilog/mkPositCore.v:415$676 ($eq).
Removed top 2 bits (of 3) from port B of cell mkPositCore.$eq$/teamspace/studios/this_studio/Melodica-Integration-into-Fife-Core/Learn_Bluespec_and_RISCV_Design/Code/Build/Fife/verilog/mkPositCore.v:432$684 ($eq).
Removed top 1 bits (of 2) from port B of cell mkPositCore.$eq$/teamspace/studios/this_studio/Melodica-Integration-into-Fife-Core/Learn_Bluespec_and_RISCV_Design/Code/Build/Fife/verilog/mkPositCore.v:440$691 ($eq).
Removed top 1 bits (of 2) from port B of cell mkPositCore.$eq$/teamspace/studios/this_studio/Melodica-Integration-into-Fife-Core/Learn_Bluespec_and_RISCV_Design/Code/Build/Fife/verilog/mkPositCore.v:449$694 ($eq).
Removed top 7 bits (of 8) from port B of cell mkPositCore.$add$/teamspace/studios/this_studio/Melodica-Integration-into-Fife-Core/Learn_Bluespec_and_RISCV_Design/Code/Build/Fife/verilog/mkPositCore.v:452$695 ($add).
Removed top 7 bits (of 8) from port B of cell mkPositCore.$sub$/teamspace/studios/this_studio/Melodica-Integration-into-Fife-Core/Learn_Bluespec_and_RISCV_Design/Code/Build/Fife/verilog/mkPositCore.v:453$696 ($sub).
Removed top 31 bits (of 32) from port B of cell mkPositCore.$add$/teamspace/studios/this_studio/Melodica-Integration-into-Fife-Core/Learn_Bluespec_and_RISCV_Design/Code/Build/Fife/verilog/mkPositCore.v:506$722 ($add).
Removed top 9 bits (of 10) from port B of cell mkPositCore.$flatten\extracter1.$add$/teamspace/studios/this_studio/Melodica-Integration-into-Fife-Core/Learn_Bluespec_and_RISCV_Design/Code/Build/Fife/verilog/mkExtracter.v:178$504 ($add).
Removed top 5 bits (of 10) from port B of cell mkPositCore.$flatten\extracter1.$add$/teamspace/studios/this_studio/Melodica-Integration-into-Fife-Core/Learn_Bluespec_and_RISCV_Design/Code/Build/Fife/verilog/mkExtracter.v:178$503 ($add).
Removed top 1 bits (of 6) from mux cell mkPositCore.$flatten\extracter1.$ternary$/teamspace/studios/this_studio/Melodica-Integration-into-Fife-Core/Learn_Bluespec_and_RISCV_Design/Code/Build/Fife/verilog/mkExtracter.v:147$488 ($mux).
Removed top 1 bits (of 6) from mux cell mkPositCore.$flatten\extracter1.$ternary$/teamspace/studios/this_studio/Melodica-Integration-into-Fife-Core/Learn_Bluespec_and_RISCV_Design/Code/Build/Fife/verilog/mkExtracter.v:148$487 ($mux).
Removed top 1 bits (of 2) from mux cell mkPositCore.$flatten\extracter1.$ternary$/teamspace/studios/this_studio/Melodica-Integration-into-Fife-Core/Learn_Bluespec_and_RISCV_Design/Code/Build/Fife/verilog/mkExtracter.v:133$484 ($mux).
Removed top 9 bits (of 10) from port B of cell mkPositCore.$flatten\extracter2.$add$/teamspace/studios/this_studio/Melodica-Integration-into-Fife-Core/Learn_Bluespec_and_RISCV_Design/Code/Build/Fife/verilog/mkExtracter.v:178$504 ($add).
Removed top 5 bits (of 10) from port B of cell mkPositCore.$flatten\extracter2.$add$/teamspace/studios/this_studio/Melodica-Integration-into-Fife-Core/Learn_Bluespec_and_RISCV_Design/Code/Build/Fife/verilog/mkExtracter.v:178$503 ($add).
Removed top 1 bits (of 6) from mux cell mkPositCore.$flatten\extracter2.$ternary$/teamspace/studios/this_studio/Melodica-Integration-into-Fife-Core/Learn_Bluespec_and_RISCV_Design/Code/Build/Fife/verilog/mkExtracter.v:147$488 ($mux).
Removed top 1 bits (of 6) from mux cell mkPositCore.$flatten\extracter2.$ternary$/teamspace/studios/this_studio/Melodica-Integration-into-Fife-Core/Learn_Bluespec_and_RISCV_Design/Code/Build/Fife/verilog/mkExtracter.v:148$487 ($mux).
Removed top 1 bits (of 2) from mux cell mkPositCore.$flatten\extracter2.$ternary$/teamspace/studios/this_studio/Melodica-Integration-into-Fife-Core/Learn_Bluespec_and_RISCV_Design/Code/Build/Fife/verilog/mkExtracter.v:133$484 ($mux).
Removed top 5 bits (of 6) from port B of cell mkPositCore.$flatten\ftop.$add$/teamspace/studios/this_studio/Melodica-Integration-into-Fife-Core/Learn_Bluespec_and_RISCV_Design/Code/Build/Fife/verilog/mkFtoP_PNE.v:196$557 ($add).
Removed top 1 bits (of 28) from port Y of cell mkPositCore.$flatten\ftop.$shr$/teamspace/studios/this_studio/Melodica-Integration-into-Fife-Core/Learn_Bluespec_and_RISCV_Design/Code/Build/Fife/verilog/mkFtoP_PNE.v:194$556 ($shr).
Removed top 1 bits (of 9) from port A of cell mkPositCore.$flatten\ftop.$sub$/teamspace/studios/this_studio/Melodica-Integration-into-Fife-Core/Learn_Bluespec_and_RISCV_Design/Code/Build/Fife/verilog/mkFtoP_PNE.v:191$555 ($sub).
Removed top 2 bits (of 9) from port B of cell mkPositCore.$flatten\ftop.$sub$/teamspace/studios/this_studio/Melodica-Integration-into-Fife-Core/Learn_Bluespec_and_RISCV_Design/Code/Build/Fife/verilog/mkFtoP_PNE.v:191$555 ($sub).
Removed top 1 bits (of 9) from port Y of cell mkPositCore.$flatten\ftop.$sub$/teamspace/studios/this_studio/Melodica-Integration-into-Fife-Core/Learn_Bluespec_and_RISCV_Design/Code/Build/Fife/verilog/mkFtoP_PNE.v:191$555 ($sub).
Removed top 3 bits (of 10) from port B of cell mkPositCore.$flatten\ftop.$sub$/teamspace/studios/this_studio/Melodica-Integration-into-Fife-Core/Learn_Bluespec_and_RISCV_Design/Code/Build/Fife/verilog/mkFtoP_PNE.v:186$554 ($sub).
Removed top 2 bits (of 10) from port Y of cell mkPositCore.$flatten\ftop.$sub$/teamspace/studios/this_studio/Melodica-Integration-into-Fife-Core/Learn_Bluespec_and_RISCV_Design/Code/Build/Fife/verilog/mkFtoP_PNE.v:186$554 ($sub).
Removed top 2 bits (of 10) from port A of cell mkPositCore.$flatten\ftop.$sub$/teamspace/studios/this_studio/Melodica-Integration-into-Fife-Core/Learn_Bluespec_and_RISCV_Design/Code/Build/Fife/verilog/mkFtoP_PNE.v:186$554 ($sub).
Removed top 2 bits (of 10) from port Y of cell mkPositCore.$flatten\ftop.$sub$/teamspace/studios/this_studio/Melodica-Integration-into-Fife-Core/Learn_Bluespec_and_RISCV_Design/Code/Build/Fife/verilog/mkFtoP_PNE.v:183$553 ($sub).
Removed top 2 bits (of 10) from port A of cell mkPositCore.$flatten\ftop.$sub$/teamspace/studios/this_studio/Melodica-Integration-into-Fife-Core/Learn_Bluespec_and_RISCV_Design/Code/Build/Fife/verilog/mkFtoP_PNE.v:183$553 ($sub).
Removed top 2 bits (of 10) from port B of cell mkPositCore.$flatten\ftop.$sub$/teamspace/studios/this_studio/Melodica-Integration-into-Fife-Core/Learn_Bluespec_and_RISCV_Design/Code/Build/Fife/verilog/mkFtoP_PNE.v:183$553 ($sub).
Removed top 1 bits (of 10) from port B of cell mkPositCore.$flatten\ftop.$lt$/teamspace/studios/this_studio/Melodica-Integration-into-Fife-Core/Learn_Bluespec_and_RISCV_Design/Code/Build/Fife/verilog/mkFtoP_PNE.v:175$550 ($lt).
Removed top 2 bits (of 8) from mux cell mkPositCore.$flatten\ftop.$ternary$/teamspace/studios/this_studio/Melodica-Integration-into-Fife-Core/Learn_Bluespec_and_RISCV_Design/Code/Build/Fife/verilog/mkFtoP_PNE.v:166$548 ($mux).
Removed top 2 bits (of 8) from mux cell mkPositCore.$flatten\ftop.$ternary$/teamspace/studios/this_studio/Melodica-Integration-into-Fife-Core/Learn_Bluespec_and_RISCV_Design/Code/Build/Fife/verilog/mkFtoP_PNE.v:160$545 ($mux).
Removed top 1 bits (of 8) from port B of cell mkPositCore.$flatten\ftop.$le$/teamspace/studios/this_studio/Melodica-Integration-into-Fife-Core/Learn_Bluespec_and_RISCV_Design/Code/Build/Fife/verilog/mkFtoP_PNE.v:160$544 ($le).
Removed top 47 bits (of 96) from port A of cell mkPositCore.$flatten\multiplier.$shr$/teamspace/studios/this_studio/Melodica-Integration-into-Fife-Core/Learn_Bluespec_and_RISCV_Design/Code/Build/Fife/verilog/mkMultiplier.v:206$460 ($shr).
Removed top 85 bits (of 96) from port B of cell mkPositCore.$flatten\multiplier.$shr$/teamspace/studios/this_studio/Melodica-Integration-into-Fife-Core/Learn_Bluespec_and_RISCV_Design/Code/Build/Fife/verilog/mkMultiplier.v:206$460 ($shr).
Removed top 47 bits (of 96) from port A of cell mkPositCore.$flatten\multiplier.$shl$/teamspace/studios/this_studio/Melodica-Integration-into-Fife-Core/Learn_Bluespec_and_RISCV_Design/Code/Build/Fife/verilog/mkMultiplier.v:204$459 ($shl).
Removed top 85 bits (of 96) from port B of cell mkPositCore.$flatten\multiplier.$shl$/teamspace/studios/this_studio/Melodica-Integration-into-Fife-Core/Learn_Bluespec_and_RISCV_Design/Code/Build/Fife/verilog/mkMultiplier.v:204$459 ($shl).
Removed top 10 bits (of 11) from port B of cell mkPositCore.$flatten\multiplier.$add$/teamspace/studios/this_studio/Melodica-Integration-into-Fife-Core/Learn_Bluespec_and_RISCV_Design/Code/Build/Fife/verilog/mkMultiplier.v:203$458 ($add).
Removed top 84 bits (of 112) from port A of cell mkPositCore.$flatten\multiplier.$mul$/teamspace/studios/this_studio/Melodica-Integration-into-Fife-Core/Learn_Bluespec_and_RISCV_Design/Code/Build/Fife/verilog/mkMultiplier.v:195$457 ($mul).
Removed top 84 bits (of 112) from port B of cell mkPositCore.$flatten\multiplier.$mul$/teamspace/studios/this_studio/Melodica-Integration-into-Fife-Core/Learn_Bluespec_and_RISCV_Design/Code/Build/Fife/verilog/mkMultiplier.v:195$457 ($mul).
Removed top 56 bits (of 112) from port Y of cell mkPositCore.$flatten\multiplier.$mul$/teamspace/studios/this_studio/Melodica-Integration-into-Fife-Core/Learn_Bluespec_and_RISCV_Design/Code/Build/Fife/verilog/mkMultiplier.v:195$457 ($mul).
Removed top 1 bits (of 2) from port B of cell mkPositCore.$flatten\multiplier.$eq$/teamspace/studios/this_studio/Melodica-Integration-into-Fife-Core/Learn_Bluespec_and_RISCV_Design/Code/Build/Fife/verilog/mkMultiplier.v:151$429 ($eq).
Removed top 1 bits (of 2) from port B of cell mkPositCore.$flatten\multiplier.$eq$/teamspace/studios/this_studio/Melodica-Integration-into-Fife-Core/Learn_Bluespec_and_RISCV_Design/Code/Build/Fife/verilog/mkMultiplier.v:150$426 ($eq).
Removed top 1 bits (of 2) from mux cell mkPositCore.$flatten\multiplier.$ternary$/teamspace/studios/this_studio/Melodica-Integration-into-Fife-Core/Learn_Bluespec_and_RISCV_Design/Code/Build/Fife/verilog/mkMultiplier.v:154$424 ($mux).
Removed top 3 bits (of 4) from port B of cell mkPositCore.$flatten\normalizer.$procmux$1188_CMP0 ($eq).
Removed top 2 bits (of 4) from port B of cell mkPositCore.$flatten\normalizer.$procmux$1187_CMP0 ($eq).
Removed top 2 bits (of 4) from port B of cell mkPositCore.$flatten\normalizer.$procmux$1186_CMP0 ($eq).
Removed top 1 bits (of 2) from port B of cell mkPositCore.$flatten\normalizer.$procmux$1182_CMP0 ($eq).
Removed top 31 bits (of 32) from port B of cell mkPositCore.$flatten\ptof.$add$/teamspace/studios/this_studio/Melodica-Integration-into-Fife-Core/Learn_Bluespec_and_RISCV_Design/Code/Build/Fife/verilog/mkPtoF_PNE.v:217$606 ($add).
Removed top 5 bits (of 6) from port B of cell mkPositCore.$flatten\ptof.$add$/teamspace/studios/this_studio/Melodica-Integration-into-Fife-Core/Learn_Bluespec_and_RISCV_Design/Code/Build/Fife/verilog/mkPtoF_PNE.v:201$596 ($add).
Removed top 1 bits (of 24) from port Y of cell mkPositCore.$flatten\ptof.$shr$/teamspace/studios/this_studio/Melodica-Integration-into-Fife-Core/Learn_Bluespec_and_RISCV_Design/Code/Build/Fife/verilog/mkPtoF_PNE.v:199$595 ($shr).
Removed top 2 bits (of 9) from port B of cell mkPositCore.$flatten\ptof.$add$/teamspace/studios/this_studio/Melodica-Integration-into-Fife-Core/Learn_Bluespec_and_RISCV_Design/Code/Build/Fife/verilog/mkPtoF_PNE.v:197$594 ($add).
Removed top 1 bits (of 9) from port Y of cell mkPositCore.$flatten\ptof.$add$/teamspace/studios/this_studio/Melodica-Integration-into-Fife-Core/Learn_Bluespec_and_RISCV_Design/Code/Build/Fife/verilog/mkPtoF_PNE.v:197$594 ($add).
Removed top 1 bits (of 9) from port A of cell mkPositCore.$flatten\ptof.$add$/teamspace/studios/this_studio/Melodica-Integration-into-Fife-Core/Learn_Bluespec_and_RISCV_Design/Code/Build/Fife/verilog/mkPtoF_PNE.v:197$594 ($add).
Removed top 1 bits (of 10) from port B of cell mkPositCore.$flatten\ptof.$lt$/teamspace/studios/this_studio/Melodica-Integration-into-Fife-Core/Learn_Bluespec_and_RISCV_Design/Code/Build/Fife/verilog/mkPtoF_PNE.v:183$584 ($lt).
Removed top 3 bits (of 10) from port B of cell mkPositCore.$flatten\ptof.$sub$/teamspace/studios/this_studio/Melodica-Integration-into-Fife-Core/Learn_Bluespec_and_RISCV_Design/Code/Build/Fife/verilog/mkPtoF_PNE.v:177$579 ($sub).
Removed top 4 bits (of 10) from mux cell mkPositCore.$flatten\ptof.$ternary$/teamspace/studios/this_studio/Melodica-Integration-into-Fife-Core/Learn_Bluespec_and_RISCV_Design/Code/Build/Fife/verilog/mkPtoF_PNE.v:146$569 ($mux).
Removed top 1 bits (of 10) from port B of cell mkPositCore.$flatten\ptof.$le$/teamspace/studios/this_studio/Melodica-Integration-into-Fife-Core/Learn_Bluespec_and_RISCV_Design/Code/Build/Fife/verilog/mkPtoF_PNE.v:146$568 ($le).
Removed top 4 bits (of 10) from mux cell mkPositCore.$flatten\ptof.$ternary$/teamspace/studios/this_studio/Melodica-Integration-into-Fife-Core/Learn_Bluespec_and_RISCV_Design/Code/Build/Fife/verilog/mkPtoF_PNE.v:141$566 ($mux).
Removed top 31 bits (of 32) from port B of cell mkPositCore.$flatten\quire.\instance_fn_twosC_quire_2.$add$/teamspace/studios/this_studio/Melodica-Integration-into-Fife-Core/Learn_Bluespec_and_RISCV_Design/Code/Build/Fife/verilog/module_fn_twosC_quire.v:62$84 ($add).
Removed top 31 bits (of 32) from port B of cell mkPositCore.$flatten\quire.\instance_fn_twosC_quire_2.$add$/teamspace/studios/this_studio/Melodica-Integration-into-Fife-Core/Learn_Bluespec_and_RISCV_Design/Code/Build/Fife/verilog/module_fn_twosC_quire.v:69$90 ($add).
Removed top 31 bits (of 32) from port B of cell mkPositCore.$flatten\quire.\instance_fn_twosC_quire_2.$add$/teamspace/studios/this_studio/Melodica-Integration-into-Fife-Core/Learn_Bluespec_and_RISCV_Design/Code/Build/Fife/verilog/module_fn_twosC_quire.v:76$96 ($add).
Removed top 1 bits (of 32) from mux cell mkPositCore.$flatten\quire.\instance_fn_twosC_quire_2.$ternary$/teamspace/studios/this_studio/Melodica-Integration-into-Fife-Core/Learn_Bluespec_and_RISCV_Design/Code/Build/Fife/verilog/module_fn_twosC_quire.v:79$104 ($mux).
Removed top 3 bits (of 4) from port B of cell mkPositCore.$flatten\quire.\instance_fn_twosC_quire_2.$add$/teamspace/studios/this_studio/Melodica-Integration-into-Fife-Core/Learn_Bluespec_and_RISCV_Design/Code/Build/Fife/verilog/module_fn_twosC_quire.v:86$105 ($add).
Removed top 31 bits (of 32) from port B of cell mkPositCore.$flatten\quire.\instance_fn_twosC_quire_0.$add$/teamspace/studios/this_studio/Melodica-Integration-into-Fife-Core/Learn_Bluespec_and_RISCV_Design/Code/Build/Fife/verilog/module_fn_twosC_quire.v:62$84 ($add).
Removed top 31 bits (of 32) from port B of cell mkPositCore.$flatten\quire.\instance_fn_twosC_quire_0.$add$/teamspace/studios/this_studio/Melodica-Integration-into-Fife-Core/Learn_Bluespec_and_RISCV_Design/Code/Build/Fife/verilog/module_fn_twosC_quire.v:69$90 ($add).
Removed top 31 bits (of 32) from port B of cell mkPositCore.$flatten\quire.\instance_fn_twosC_quire_0.$add$/teamspace/studios/this_studio/Melodica-Integration-into-Fife-Core/Learn_Bluespec_and_RISCV_Design/Code/Build/Fife/verilog/module_fn_twosC_quire.v:76$96 ($add).
Removed top 1 bits (of 32) from mux cell mkPositCore.$flatten\quire.\instance_fn_twosC_quire_0.$ternary$/teamspace/studios/this_studio/Melodica-Integration-into-Fife-Core/Learn_Bluespec_and_RISCV_Design/Code/Build/Fife/verilog/module_fn_twosC_quire.v:79$104 ($mux).
Removed top 3 bits (of 4) from port B of cell mkPositCore.$flatten\quire.\instance_fn_twosC_quire_0.$add$/teamspace/studios/this_studio/Melodica-Integration-into-Fife-Core/Learn_Bluespec_and_RISCV_Design/Code/Build/Fife/verilog/module_fn_twosC_quire.v:86$105 ($add).
Removed top 31 bits (of 32) from port B of cell mkPositCore.$flatten\quire.\instance_fn_twosC_quire_1.$add$/teamspace/studios/this_studio/Melodica-Integration-into-Fife-Core/Learn_Bluespec_and_RISCV_Design/Code/Build/Fife/verilog/module_fn_twosC_quire.v:62$84 ($add).
Removed top 31 bits (of 32) from port B of cell mkPositCore.$flatten\quire.\instance_fn_twosC_quire_1.$add$/teamspace/studios/this_studio/Melodica-Integration-into-Fife-Core/Learn_Bluespec_and_RISCV_Design/Code/Build/Fife/verilog/module_fn_twosC_quire.v:69$90 ($add).
Removed top 31 bits (of 32) from port B of cell mkPositCore.$flatten\quire.\instance_fn_twosC_quire_1.$add$/teamspace/studios/this_studio/Melodica-Integration-into-Fife-Core/Learn_Bluespec_and_RISCV_Design/Code/Build/Fife/verilog/module_fn_twosC_quire.v:76$96 ($add).
Removed top 31 bits (of 32) from port B of cell mkPositCore.$flatten\quire.\instance_fn_twosC_quire_1.$add$/teamspace/studios/this_studio/Melodica-Integration-into-Fife-Core/Learn_Bluespec_and_RISCV_Design/Code/Build/Fife/verilog/module_fn_twosC_quire.v:83$102 ($add).
Removed top 1 bits (of 32) from mux cell mkPositCore.$flatten\quire.\instance_fn_twosC_quire_1.$ternary$/teamspace/studios/this_studio/Melodica-Integration-into-Fife-Core/Learn_Bluespec_and_RISCV_Design/Code/Build/Fife/verilog/module_fn_twosC_quire.v:79$104 ($mux).
Removed top 3 bits (of 4) from port B of cell mkPositCore.$flatten\quire.\instance_fn_twosC_quire_1.$add$/teamspace/studios/this_studio/Melodica-Integration-into-Fife-Core/Learn_Bluespec_and_RISCV_Design/Code/Build/Fife/verilog/module_fn_twosC_quire.v:86$105 ($add).
Removed top 1 bits (of 3) from port B of cell mkPositCore.$flatten\quire.\seg_adder_vff_in_3.$procmux$1119_CMP0 ($eq).
Removed top 1 bits (of 3) from port B of cell mkPositCore.$flatten\quire.\seg_adder_vff_in_3.$procmux$1134_CMP0 ($eq).
Removed top 1 bits (of 3) from port B of cell mkPositCore.$flatten\quire.\seg_adder_vff_in_2.$procmux$1119_CMP0 ($eq).
Removed top 1 bits (of 3) from port B of cell mkPositCore.$flatten\quire.\seg_adder_vff_in_2.$procmux$1134_CMP0 ($eq).
Removed top 1 bits (of 3) from port B of cell mkPositCore.$flatten\quire.\seg_adder_vff_in_1.$procmux$1119_CMP0 ($eq).
Removed top 1 bits (of 3) from port B of cell mkPositCore.$flatten\quire.\seg_adder_vff_in_1.$procmux$1134_CMP0 ($eq).
Removed top 1 bits (of 3) from port B of cell mkPositCore.$flatten\quire.\seg_adder_vff_in_0.$procmux$1119_CMP0 ($eq).
Removed top 1 bits (of 3) from port B of cell mkPositCore.$flatten\quire.\seg_adder_vff_in_0.$procmux$1134_CMP0 ($eq).
Removed top 1 bits (of 3) from port B of cell mkPositCore.$flatten\quire.\seg_adder_vff_carry_2.$procmux$1061_CMP0 ($eq).
Removed top 1 bits (of 3) from port B of cell mkPositCore.$flatten\quire.\seg_adder_vff_carry_2.$procmux$1076_CMP0 ($eq).
Removed top 1 bits (of 3) from port B of cell mkPositCore.$flatten\quire.\seg_adder_vff_carry_1.$procmux$1061_CMP0 ($eq).
Removed top 1 bits (of 3) from port B of cell mkPositCore.$flatten\quire.\seg_adder_vff_carry_1.$procmux$1076_CMP0 ($eq).
Removed top 1 bits (of 3) from port B of cell mkPositCore.$flatten\quire.\seg_adder_vff_carry_0.$procmux$1061_CMP0 ($eq).
Removed top 1 bits (of 3) from port B of cell mkPositCore.$flatten\quire.\seg_adder_vff_carry_0.$procmux$1076_CMP0 ($eq).
Removed top 1 bits (of 33) from port A of cell mkPositCore.$flatten\quire.$add$/teamspace/studios/this_studio/Melodica-Integration-into-Fife-Core/Learn_Bluespec_and_RISCV_Design/Code/Build/Fife/verilog/mkQuire.v:1074$382 ($add).
Removed top 1 bits (of 33) from port B of cell mkPositCore.$flatten\quire.$add$/teamspace/studios/this_studio/Melodica-Integration-into-Fife-Core/Learn_Bluespec_and_RISCV_Design/Code/Build/Fife/verilog/mkQuire.v:1074$382 ($add).
Removed top 1 bits (of 33) from port A of cell mkPositCore.$flatten\quire.$add$/teamspace/studios/this_studio/Melodica-Integration-into-Fife-Core/Learn_Bluespec_and_RISCV_Design/Code/Build/Fife/verilog/mkQuire.v:1073$381 ($add).
Removed top 1 bits (of 33) from port B of cell mkPositCore.$flatten\quire.$add$/teamspace/studios/this_studio/Melodica-Integration-into-Fife-Core/Learn_Bluespec_and_RISCV_Design/Code/Build/Fife/verilog/mkQuire.v:1073$381 ($add).
Removed top 1 bits (of 33) from port A of cell mkPositCore.$flatten\quire.$add$/teamspace/studios/this_studio/Melodica-Integration-into-Fife-Core/Learn_Bluespec_and_RISCV_Design/Code/Build/Fife/verilog/mkQuire.v:1072$380 ($add).
Removed top 1 bits (of 33) from port B of cell mkPositCore.$flatten\quire.$add$/teamspace/studios/this_studio/Melodica-Integration-into-Fife-Core/Learn_Bluespec_and_RISCV_Design/Code/Build/Fife/verilog/mkQuire.v:1072$380 ($add).
Removed top 47 bits (of 96) from port A of cell mkPositCore.$flatten\quire.$shr$/teamspace/studios/this_studio/Melodica-Integration-into-Fife-Core/Learn_Bluespec_and_RISCV_Design/Code/Build/Fife/verilog/mkQuire.v:1036$365 ($shr).
Removed top 86 bits (of 96) from port B of cell mkPositCore.$flatten\quire.$shr$/teamspace/studios/this_studio/Melodica-Integration-into-Fife-Core/Learn_Bluespec_and_RISCV_Design/Code/Build/Fife/verilog/mkQuire.v:1036$365 ($shr).
Removed top 47 bits (of 96) from port A of cell mkPositCore.$flatten\quire.$shl$/teamspace/studios/this_studio/Melodica-Integration-into-Fife-Core/Learn_Bluespec_and_RISCV_Design/Code/Build/Fife/verilog/mkQuire.v:1033$363 ($shl).
Removed top 86 bits (of 96) from port B of cell mkPositCore.$flatten\quire.$shl$/teamspace/studios/this_studio/Melodica-Integration-into-Fife-Core/Learn_Bluespec_and_RISCV_Design/Code/Build/Fife/verilog/mkQuire.v:1033$363 ($shl).
Removed top 1 bits (of 8) from port A of cell mkPositCore.$flatten\quire.$add$/teamspace/studios/this_studio/Melodica-Integration-into-Fife-Core/Learn_Bluespec_and_RISCV_Design/Code/Build/Fife/verilog/mkQuire.v:1019$359 ($add).
Removed top 2 bits (of 8) from port B of cell mkPositCore.$flatten\quire.$add$/teamspace/studios/this_studio/Melodica-Integration-into-Fife-Core/Learn_Bluespec_and_RISCV_Design/Code/Build/Fife/verilog/mkQuire.v:1019$359 ($add).
Removed top 7 bits (of 8) from port B of cell mkPositCore.$flatten\quire.$add$/teamspace/studios/this_studio/Melodica-Integration-into-Fife-Core/Learn_Bluespec_and_RISCV_Design/Code/Build/Fife/verilog/mkQuire.v:1013$358 ($add).
Removed top 32 bits (of 33) from port B of cell mkPositCore.$flatten\quire.$add$/teamspace/studios/this_studio/Melodica-Integration-into-Fife-Core/Learn_Bluespec_and_RISCV_Design/Code/Build/Fife/verilog/mkQuire.v:1006$356 ($add).
Removed top 1 bits (of 33) from port Y of cell mkPositCore.$flatten\quire.$add$/teamspace/studios/this_studio/Melodica-Integration-into-Fife-Core/Learn_Bluespec_and_RISCV_Design/Code/Build/Fife/verilog/mkQuire.v:1006$356 ($add).
Removed top 1 bits (of 33) from port A of cell mkPositCore.$flatten\quire.$add$/teamspace/studios/this_studio/Melodica-Integration-into-Fife-Core/Learn_Bluespec_and_RISCV_Design/Code/Build/Fife/verilog/mkQuire.v:1006$356 ($add).
Removed top 32 bits (of 33) from port B of cell mkPositCore.$flatten\quire.$add$/teamspace/studios/this_studio/Melodica-Integration-into-Fife-Core/Learn_Bluespec_and_RISCV_Design/Code/Build/Fife/verilog/mkQuire.v:1004$355 ($add).
Removed top 32 bits (of 33) from port B of cell mkPositCore.$flatten\quire.$add$/teamspace/studios/this_studio/Melodica-Integration-into-Fife-Core/Learn_Bluespec_and_RISCV_Design/Code/Build/Fife/verilog/mkQuire.v:1002$354 ($add).
Removed top 1 bits (of 33) from port A of cell mkPositCore.$flatten\quire.$add$/teamspace/studios/this_studio/Melodica-Integration-into-Fife-Core/Learn_Bluespec_and_RISCV_Design/Code/Build/Fife/verilog/mkQuire.v:1000$353 ($add).
Removed top 1 bits (of 33) from port B of cell mkPositCore.$flatten\quire.$add$/teamspace/studios/this_studio/Melodica-Integration-into-Fife-Core/Learn_Bluespec_and_RISCV_Design/Code/Build/Fife/verilog/mkQuire.v:1000$353 ($add).
Removed top 1 bits (of 8) from port A of cell mkPositCore.$flatten\quire.$sub$/teamspace/studios/this_studio/Melodica-Integration-into-Fife-Core/Learn_Bluespec_and_RISCV_Design/Code/Build/Fife/verilog/mkQuire.v:993$351 ($sub).
Removed top 1 bits (of 100) from port B of cell mkPositCore.$flatten\quire.$lt$/teamspace/studios/this_studio/Melodica-Integration-into-Fife-Core/Learn_Bluespec_and_RISCV_Design/Code/Build/Fife/verilog/mkQuire.v:985$348 ($lt).
Removed top 119 bits (of 127) from port B of cell mkPositCore.$flatten\quire.$shl$/teamspace/studios/this_studio/Melodica-Integration-into-Fife-Core/Learn_Bluespec_and_RISCV_Design/Code/Build/Fife/verilog/mkQuire.v:964$339 ($shl).
Removed top 1 bits (of 127) from port Y of cell mkPositCore.$flatten\quire.$shl$/teamspace/studios/this_studio/Melodica-Integration-into-Fife-Core/Learn_Bluespec_and_RISCV_Design/Code/Build/Fife/verilog/mkQuire.v:964$339 ($shl).
Removed top 1 bits (of 3) from mux cell mkPositCore.$flatten\quire.$ternary$/teamspace/studios/this_studio/Melodica-Integration-into-Fife-Core/Learn_Bluespec_and_RISCV_Design/Code/Build/Fife/verilog/mkQuire.v:943$332 ($mux).
Removed top 1 bits (of 3) from mux cell mkPositCore.$flatten\quire.$ternary$/teamspace/studios/this_studio/Melodica-Integration-into-Fife-Core/Learn_Bluespec_and_RISCV_Design/Code/Build/Fife/verilog/mkQuire.v:937$330 ($mux).
Removed top 1 bits (of 3) from mux cell mkPositCore.$flatten\quire.$ternary$/teamspace/studios/this_studio/Melodica-Integration-into-Fife-Core/Learn_Bluespec_and_RISCV_Design/Code/Build/Fife/verilog/mkQuire.v:939$329 ($mux).
Removed top 1 bits (of 3) from mux cell mkPositCore.$flatten\quire.$ternary$/teamspace/studios/this_studio/Melodica-Integration-into-Fife-Core/Learn_Bluespec_and_RISCV_Design/Code/Build/Fife/verilog/mkQuire.v:941$328 ($mux).
Removed top 1 bits (of 43) from mux cell mkPositCore.$flatten\quire.$ternary$/teamspace/studios/this_studio/Melodica-Integration-into-Fife-Core/Learn_Bluespec_and_RISCV_Design/Code/Build/Fife/verilog/mkQuire.v:845$310 ($mux).
Removed top 7 bits (of 8) from port B of cell mkPositCore.$flatten\quire.$sub$/teamspace/studios/this_studio/Melodica-Integration-into-Fife-Core/Learn_Bluespec_and_RISCV_Design/Code/Build/Fife/verilog/mkQuire.v:837$309 ($sub).
Removed top 1 bits (of 2) from port B of cell mkPositCore.$flatten\quire.$sub$/teamspace/studios/this_studio/Melodica-Integration-into-Fife-Core/Learn_Bluespec_and_RISCV_Design/Code/Build/Fife/verilog/mkQuire.v:572$181 ($sub).
Removed top 1 bits (of 2) from port B of cell mkPositCore.$flatten\quire.$add$/teamspace/studios/this_studio/Melodica-Integration-into-Fife-Core/Learn_Bluespec_and_RISCV_Design/Code/Build/Fife/verilog/mkQuire.v:570$180 ($add).
Removed top 1 bits (of 6) from mux cell mkPositCore.$flatten\extracter1.$ternary$/teamspace/studios/this_studio/Melodica-Integration-into-Fife-Core/Learn_Bluespec_and_RISCV_Design/Code/Build/Fife/verilog/mkExtracter.v:161$497 ($mux).
Removed top 1 bits (of 6) from mux cell mkPositCore.$flatten\extracter2.$ternary$/teamspace/studios/this_studio/Melodica-Integration-into-Fife-Core/Learn_Bluespec_and_RISCV_Design/Code/Build/Fife/verilog/mkExtracter.v:161$497 ($mux).
Removed top 1 bits (of 32) from mux cell mkPositCore.$flatten\quire.\instance_fn_twosC_quire_1.$ternary$/teamspace/studios/this_studio/Melodica-Integration-into-Fife-Core/Learn_Bluespec_and_RISCV_Design/Code/Build/Fife/verilog/module_fn_twosC_quire.v:82$103 ($mux).
Removed top 1 bits (of 33) from port Y of cell mkPositCore.$flatten\quire.$add$/teamspace/studios/this_studio/Melodica-Integration-into-Fife-Core/Learn_Bluespec_and_RISCV_Design/Code/Build/Fife/verilog/mkQuire.v:1074$382 ($add).
Removed top 1 bits (of 6) from mux cell mkPositCore.$flatten\extracter1.$ternary$/teamspace/studios/this_studio/Melodica-Integration-into-Fife-Core/Learn_Bluespec_and_RISCV_Design/Code/Build/Fife/verilog/mkExtracter.v:162$496 ($mux).
Removed top 1 bits (of 6) from mux cell mkPositCore.$flatten\extracter1.$ternary$/teamspace/studios/this_studio/Melodica-Integration-into-Fife-Core/Learn_Bluespec_and_RISCV_Design/Code/Build/Fife/verilog/mkExtracter.v:155$495 ($mux).
Removed top 1 bits (of 6) from mux cell mkPositCore.$flatten\extracter2.$ternary$/teamspace/studios/this_studio/Melodica-Integration-into-Fife-Core/Learn_Bluespec_and_RISCV_Design/Code/Build/Fife/verilog/mkExtracter.v:162$496 ($mux).
Removed top 1 bits (of 6) from mux cell mkPositCore.$flatten\extracter2.$ternary$/teamspace/studios/this_studio/Melodica-Integration-into-Fife-Core/Learn_Bluespec_and_RISCV_Design/Code/Build/Fife/verilog/mkExtracter.v:155$495 ($mux).
Removed top 1 bits (of 32) from port Y of cell mkPositCore.$flatten\quire.\instance_fn_twosC_quire_1.$add$/teamspace/studios/this_studio/Melodica-Integration-into-Fife-Core/Learn_Bluespec_and_RISCV_Design/Code/Build/Fife/verilog/module_fn_twosC_quire.v:83$102 ($add).
Removed top 1 bits (of 32) from port A of cell mkPositCore.$flatten\quire.\instance_fn_twosC_quire_1.$add$/teamspace/studios/this_studio/Melodica-Integration-into-Fife-Core/Learn_Bluespec_and_RISCV_Design/Code/Build/Fife/verilog/module_fn_twosC_quire.v:83$102 ($add).
Removed top 1 bits (of 6) from mux cell mkPositCore.$flatten\extracter1.$ternary$/teamspace/studios/this_studio/Melodica-Integration-into-Fife-Core/Learn_Bluespec_and_RISCV_Design/Code/Build/Fife/verilog/mkExtracter.v:157$494 ($mux).
Removed top 1 bits (of 6) from mux cell mkPositCore.$flatten\extracter1.$ternary$/teamspace/studios/this_studio/Melodica-Integration-into-Fife-Core/Learn_Bluespec_and_RISCV_Design/Code/Build/Fife/verilog/mkExtracter.v:156$491 ($mux).
Removed top 1 bits (of 6) from mux cell mkPositCore.$flatten\extracter2.$ternary$/teamspace/studios/this_studio/Melodica-Integration-into-Fife-Core/Learn_Bluespec_and_RISCV_Design/Code/Build/Fife/verilog/mkExtracter.v:157$494 ($mux).
Removed top 1 bits (of 6) from mux cell mkPositCore.$flatten\extracter2.$ternary$/teamspace/studios/this_studio/Melodica-Integration-into-Fife-Core/Learn_Bluespec_and_RISCV_Design/Code/Build/Fife/verilog/mkExtracter.v:156$491 ($mux).
Removed top 1 bits (of 32) from port Y of cell mkPositCore.$flatten\quire.\instance_fn_twosC_quire_1.$not$/teamspace/studios/this_studio/Melodica-Integration-into-Fife-Core/Learn_Bluespec_and_RISCV_Design/Code/Build/Fife/verilog/module_fn_twosC_quire.v:81$100 ($not).
Removed top 1 bits (of 32) from port A of cell mkPositCore.$flatten\quire.\instance_fn_twosC_quire_1.$not$/teamspace/studios/this_studio/Melodica-Integration-into-Fife-Core/Learn_Bluespec_and_RISCV_Design/Code/Build/Fife/verilog/module_fn_twosC_quire.v:81$100 ($not).
Removed top 1 bits (of 6) from mux cell mkPositCore.$flatten\extracter1.$ternary$/teamspace/studios/this_studio/Melodica-Integration-into-Fife-Core/Learn_Bluespec_and_RISCV_Design/Code/Build/Fife/verilog/mkExtracter.v:159$493 ($mux).
Removed top 1 bits (of 6) from mux cell mkPositCore.$flatten\extracter1.$ternary$/teamspace/studios/this_studio/Melodica-Integration-into-Fife-Core/Learn_Bluespec_and_RISCV_Design/Code/Build/Fife/verilog/mkExtracter.v:158$492 ($mux).
Removed top 1 bits (of 6) from mux cell mkPositCore.$flatten\extracter2.$ternary$/teamspace/studios/this_studio/Melodica-Integration-into-Fife-Core/Learn_Bluespec_and_RISCV_Design/Code/Build/Fife/verilog/mkExtracter.v:159$493 ($mux).
Removed top 1 bits (of 6) from mux cell mkPositCore.$flatten\extracter2.$ternary$/teamspace/studios/this_studio/Melodica-Integration-into-Fife-Core/Learn_Bluespec_and_RISCV_Design/Code/Build/Fife/verilog/mkExtracter.v:158$492 ($mux).
Removed top 1 bits (of 2) from wire mkPositCore.$flatten\extracter1.$ternary$/teamspace/studios/this_studio/Melodica-Integration-into-Fife-Core/Learn_Bluespec_and_RISCV_Design/Code/Build/Fife/verilog/mkExtracter.v:133$484_Y.
Removed top 1 bits (of 6) from wire mkPositCore.$flatten\extracter1.$ternary$/teamspace/studios/this_studio/Melodica-Integration-into-Fife-Core/Learn_Bluespec_and_RISCV_Design/Code/Build/Fife/verilog/mkExtracter.v:148$487_Y.
Removed top 1 bits (of 6) from wire mkPositCore.$flatten\extracter1.$ternary$/teamspace/studios/this_studio/Melodica-Integration-into-Fife-Core/Learn_Bluespec_and_RISCV_Design/Code/Build/Fife/verilog/mkExtracter.v:156$491_Y.
Removed top 1 bits (of 6) from wire mkPositCore.$flatten\extracter1.$ternary$/teamspace/studios/this_studio/Melodica-Integration-into-Fife-Core/Learn_Bluespec_and_RISCV_Design/Code/Build/Fife/verilog/mkExtracter.v:157$494_Y.
Removed top 1 bits (of 6) from wire mkPositCore.$flatten\extracter1.$ternary$/teamspace/studios/this_studio/Melodica-Integration-into-Fife-Core/Learn_Bluespec_and_RISCV_Design/Code/Build/Fife/verilog/mkExtracter.v:158$492_Y.
Removed top 1 bits (of 6) from wire mkPositCore.$flatten\extracter1.$ternary$/teamspace/studios/this_studio/Melodica-Integration-into-Fife-Core/Learn_Bluespec_and_RISCV_Design/Code/Build/Fife/verilog/mkExtracter.v:159$493_Y.
Removed top 1 bits (of 6) from wire mkPositCore.$flatten\extracter1.$ternary$/teamspace/studios/this_studio/Melodica-Integration-into-Fife-Core/Learn_Bluespec_and_RISCV_Design/Code/Build/Fife/verilog/mkExtracter.v:162$496_Y.
Removed top 1 bits (of 2) from wire mkPositCore.$flatten\extracter2.$ternary$/teamspace/studios/this_studio/Melodica-Integration-into-Fife-Core/Learn_Bluespec_and_RISCV_Design/Code/Build/Fife/verilog/mkExtracter.v:133$484_Y.
Removed top 1 bits (of 6) from wire mkPositCore.$flatten\extracter2.$ternary$/teamspace/studios/this_studio/Melodica-Integration-into-Fife-Core/Learn_Bluespec_and_RISCV_Design/Code/Build/Fife/verilog/mkExtracter.v:148$487_Y.
Removed top 1 bits (of 6) from wire mkPositCore.$flatten\extracter2.$ternary$/teamspace/studios/this_studio/Melodica-Integration-into-Fife-Core/Learn_Bluespec_and_RISCV_Design/Code/Build/Fife/verilog/mkExtracter.v:156$491_Y.
Removed top 1 bits (of 6) from wire mkPositCore.$flatten\extracter2.$ternary$/teamspace/studios/this_studio/Melodica-Integration-into-Fife-Core/Learn_Bluespec_and_RISCV_Design/Code/Build/Fife/verilog/mkExtracter.v:157$494_Y.
Removed top 1 bits (of 6) from wire mkPositCore.$flatten\extracter2.$ternary$/teamspace/studios/this_studio/Melodica-Integration-into-Fife-Core/Learn_Bluespec_and_RISCV_Design/Code/Build/Fife/verilog/mkExtracter.v:158$492_Y.
Removed top 1 bits (of 6) from wire mkPositCore.$flatten\extracter2.$ternary$/teamspace/studios/this_studio/Melodica-Integration-into-Fife-Core/Learn_Bluespec_and_RISCV_Design/Code/Build/Fife/verilog/mkExtracter.v:159$493_Y.
Removed top 1 bits (of 6) from wire mkPositCore.$flatten\extracter2.$ternary$/teamspace/studios/this_studio/Melodica-Integration-into-Fife-Core/Learn_Bluespec_and_RISCV_Design/Code/Build/Fife/verilog/mkExtracter.v:162$496_Y.
Removed top 1 bits (of 2) from wire mkPositCore.$flatten\multiplier.$ternary$/teamspace/studios/this_studio/Melodica-Integration-into-Fife-Core/Learn_Bluespec_and_RISCV_Design/Code/Build/Fife/verilog/mkMultiplier.v:154$424_Y.
Removed top 1 bits (of 3) from wire mkPositCore.$flatten\quire.$ternary$/teamspace/studios/this_studio/Melodica-Integration-into-Fife-Core/Learn_Bluespec_and_RISCV_Design/Code/Build/Fife/verilog/mkQuire.v:939$329_Y.
Removed top 1 bits (of 3) from wire mkPositCore.$flatten\quire.$ternary$/teamspace/studios/this_studio/Melodica-Integration-into-Fife-Core/Learn_Bluespec_and_RISCV_Design/Code/Build/Fife/verilog/mkQuire.v:941$328_Y.
Removed top 1 bits (of 32) from wire mkPositCore.$flatten\quire.\instance_fn_twosC_quire_1.$add$/teamspace/studios/this_studio/Melodica-Integration-into-Fife-Core/Learn_Bluespec_and_RISCV_Design/Code/Build/Fife/verilog/module_fn_twosC_quire.v:83$102_Y.
Removed top 1 bits (of 32) from wire mkPositCore.$flatten\quire.\instance_fn_twosC_quire_1.$not$/teamspace/studios/this_studio/Melodica-Integration-into-Fife-Core/Learn_Bluespec_and_RISCV_Design/Code/Build/Fife/verilog/module_fn_twosC_quire.v:81$100_Y.
Removed top 34 bits (of 71) from wire mkPositCore.MUX_ffO$enq_1__VAL_1.
Removed top 34 bits (of 71) from wire mkPositCore.MUX_ffO$enq_1__VAL_2.

14.11. Executing PEEPOPT pass (run peephole optimizers).

14.12. Executing OPT_CLEAN pass (remove unused cells and wires).
Finding unused cells or wires in module \mkPositCore..
Removed 0 unused cells and 21 unused wires.
<suppressed ~1 debug messages>

14.13. Executing ALUMACC pass (create $alu and $macc cells).
Extracting $alu and $macc cells in module mkPositCore:
  creating $macc model for $add$/teamspace/studios/this_studio/Melodica-Integration-into-Fife-Core/Learn_Bluespec_and_RISCV_Design/Code/Build/Fife/verilog/mkPositCore.v:452$695 ($add).
  creating $macc model for $add$/teamspace/studios/this_studio/Melodica-Integration-into-Fife-Core/Learn_Bluespec_and_RISCV_Design/Code/Build/Fife/verilog/mkPositCore.v:506$722 ($add).
  creating $macc model for $flatten\extracter1.$add$/teamspace/studios/this_studio/Melodica-Integration-into-Fife-Core/Learn_Bluespec_and_RISCV_Design/Code/Build/Fife/verilog/mkExtracter.v:178$503 ($add).
  creating $macc model for $flatten\extracter1.$add$/teamspace/studios/this_studio/Melodica-Integration-into-Fife-Core/Learn_Bluespec_and_RISCV_Design/Code/Build/Fife/verilog/mkExtracter.v:178$504 ($add).
  creating $macc model for $flatten\extracter2.$add$/teamspace/studios/this_studio/Melodica-Integration-into-Fife-Core/Learn_Bluespec_and_RISCV_Design/Code/Build/Fife/verilog/mkExtracter.v:178$503 ($add).
  creating $macc model for $flatten\extracter2.$add$/teamspace/studios/this_studio/Melodica-Integration-into-Fife-Core/Learn_Bluespec_and_RISCV_Design/Code/Build/Fife/verilog/mkExtracter.v:178$504 ($add).
  creating $macc model for $flatten\ftop.$add$/teamspace/studios/this_studio/Melodica-Integration-into-Fife-Core/Learn_Bluespec_and_RISCV_Design/Code/Build/Fife/verilog/mkFtoP_PNE.v:196$557 ($add).
  creating $macc model for $flatten\ftop.$neg$/teamspace/studios/this_studio/Melodica-Integration-into-Fife-Core/Learn_Bluespec_and_RISCV_Design/Code/Build/Fife/verilog/mkFtoP_PNE.v:133$528 ($neg).
  creating $macc model for $flatten\ftop.$sub$/teamspace/studios/this_studio/Melodica-Integration-into-Fife-Core/Learn_Bluespec_and_RISCV_Design/Code/Build/Fife/verilog/mkFtoP_PNE.v:183$553 ($sub).
  creating $macc model for $flatten\ftop.$sub$/teamspace/studios/this_studio/Melodica-Integration-into-Fife-Core/Learn_Bluespec_and_RISCV_Design/Code/Build/Fife/verilog/mkFtoP_PNE.v:186$554 ($sub).
  creating $macc model for $flatten\ftop.$sub$/teamspace/studios/this_studio/Melodica-Integration-into-Fife-Core/Learn_Bluespec_and_RISCV_Design/Code/Build/Fife/verilog/mkFtoP_PNE.v:191$555 ($sub).
  creating $macc model for $flatten\multiplier.$add$/teamspace/studios/this_studio/Melodica-Integration-into-Fife-Core/Learn_Bluespec_and_RISCV_Design/Code/Build/Fife/verilog/mkMultiplier.v:190$456 ($add).
  creating $macc model for $flatten\multiplier.$add$/teamspace/studios/this_studio/Melodica-Integration-into-Fife-Core/Learn_Bluespec_and_RISCV_Design/Code/Build/Fife/verilog/mkMultiplier.v:203$458 ($add).
  creating $macc model for $flatten\multiplier.$mul$/teamspace/studios/this_studio/Melodica-Integration-into-Fife-Core/Learn_Bluespec_and_RISCV_Design/Code/Build/Fife/verilog/mkMultiplier.v:195$457 ($mul).
  creating $macc model for $flatten\multiplier.$neg$/teamspace/studios/this_studio/Melodica-Integration-into-Fife-Core/Learn_Bluespec_and_RISCV_Design/Code/Build/Fife/verilog/mkMultiplier.v:228$468 ($neg).
  creating $macc model for $flatten\ptof.$add$/teamspace/studios/this_studio/Melodica-Integration-into-Fife-Core/Learn_Bluespec_and_RISCV_Design/Code/Build/Fife/verilog/mkPtoF_PNE.v:197$594 ($add).
  creating $macc model for $flatten\ptof.$add$/teamspace/studios/this_studio/Melodica-Integration-into-Fife-Core/Learn_Bluespec_and_RISCV_Design/Code/Build/Fife/verilog/mkPtoF_PNE.v:201$596 ($add).
  creating $macc model for $flatten\ptof.$add$/teamspace/studios/this_studio/Melodica-Integration-into-Fife-Core/Learn_Bluespec_and_RISCV_Design/Code/Build/Fife/verilog/mkPtoF_PNE.v:217$606 ($add).
  creating $macc model for $flatten\ptof.$neg$/teamspace/studios/this_studio/Melodica-Integration-into-Fife-Core/Learn_Bluespec_and_RISCV_Design/Code/Build/Fife/verilog/mkPtoF_PNE.v:138$562 ($neg).
  creating $macc model for $flatten\ptof.$sub$/teamspace/studios/this_studio/Melodica-Integration-into-Fife-Core/Learn_Bluespec_and_RISCV_Design/Code/Build/Fife/verilog/mkPtoF_PNE.v:177$579 ($sub).
  creating $macc model for $flatten\ptof.$sub$/teamspace/studios/this_studio/Melodica-Integration-into-Fife-Core/Learn_Bluespec_and_RISCV_Design/Code/Build/Fife/verilog/mkPtoF_PNE.v:179$580 ($sub).
  creating $macc model for $flatten\quire.$add$/teamspace/studios/this_studio/Melodica-Integration-into-Fife-Core/Learn_Bluespec_and_RISCV_Design/Code/Build/Fife/verilog/mkQuire.v:1000$353 ($add).
  creating $macc model for $flatten\quire.$add$/teamspace/studios/this_studio/Melodica-Integration-into-Fife-Core/Learn_Bluespec_and_RISCV_Design/Code/Build/Fife/verilog/mkQuire.v:1002$354 ($add).
  creating $macc model for $flatten\quire.$add$/teamspace/studios/this_studio/Melodica-Integration-into-Fife-Core/Learn_Bluespec_and_RISCV_Design/Code/Build/Fife/verilog/mkQuire.v:1004$355 ($add).
  creating $macc model for $flatten\quire.$add$/teamspace/studios/this_studio/Melodica-Integration-into-Fife-Core/Learn_Bluespec_and_RISCV_Design/Code/Build/Fife/verilog/mkQuire.v:1006$356 ($add).
  creating $macc model for $flatten\quire.$add$/teamspace/studios/this_studio/Melodica-Integration-into-Fife-Core/Learn_Bluespec_and_RISCV_Design/Code/Build/Fife/verilog/mkQuire.v:1013$358 ($add).
  creating $macc model for $flatten\quire.$add$/teamspace/studios/this_studio/Melodica-Integration-into-Fife-Core/Learn_Bluespec_and_RISCV_Design/Code/Build/Fife/verilog/mkQuire.v:1019$359 ($add).
  creating $macc model for $flatten\quire.$add$/teamspace/studios/this_studio/Melodica-Integration-into-Fife-Core/Learn_Bluespec_and_RISCV_Design/Code/Build/Fife/verilog/mkQuire.v:1072$380 ($add).
  creating $macc model for $flatten\quire.$add$/teamspace/studios/this_studio/Melodica-Integration-into-Fife-Core/Learn_Bluespec_and_RISCV_Design/Code/Build/Fife/verilog/mkQuire.v:1073$381 ($add).
  creating $macc model for $flatten\quire.$add$/teamspace/studios/this_studio/Melodica-Integration-into-Fife-Core/Learn_Bluespec_and_RISCV_Design/Code/Build/Fife/verilog/mkQuire.v:1074$382 ($add).
  creating $macc model for $flatten\quire.$add$/teamspace/studios/this_studio/Melodica-Integration-into-Fife-Core/Learn_Bluespec_and_RISCV_Design/Code/Build/Fife/verilog/mkQuire.v:570$180 ($add).
  creating $macc model for $flatten\quire.$neg$/teamspace/studios/this_studio/Melodica-Integration-into-Fife-Core/Learn_Bluespec_and_RISCV_Design/Code/Build/Fife/verilog/mkQuire.v:1071$378 ($neg).
  creating $macc model for $flatten\quire.$sub$/teamspace/studios/this_studio/Melodica-Integration-into-Fife-Core/Learn_Bluespec_and_RISCV_Design/Code/Build/Fife/verilog/mkQuire.v:572$181 ($sub).
  creating $macc model for $flatten\quire.$sub$/teamspace/studios/this_studio/Melodica-Integration-into-Fife-Core/Learn_Bluespec_and_RISCV_Design/Code/Build/Fife/verilog/mkQuire.v:837$309 ($sub).
  creating $macc model for $flatten\quire.$sub$/teamspace/studios/this_studio/Melodica-Integration-into-Fife-Core/Learn_Bluespec_and_RISCV_Design/Code/Build/Fife/verilog/mkQuire.v:993$351 ($sub).
  creating $macc model for $flatten\quire.\instance_fn_twosC_quire_0.$add$/teamspace/studios/this_studio/Melodica-Integration-into-Fife-Core/Learn_Bluespec_and_RISCV_Design/Code/Build/Fife/verilog/module_fn_twosC_quire.v:62$84 ($add).
  creating $macc model for $flatten\quire.\instance_fn_twosC_quire_0.$add$/teamspace/studios/this_studio/Melodica-Integration-into-Fife-Core/Learn_Bluespec_and_RISCV_Design/Code/Build/Fife/verilog/module_fn_twosC_quire.v:69$90 ($add).
  creating $macc model for $flatten\quire.\instance_fn_twosC_quire_0.$add$/teamspace/studios/this_studio/Melodica-Integration-into-Fife-Core/Learn_Bluespec_and_RISCV_Design/Code/Build/Fife/verilog/module_fn_twosC_quire.v:76$96 ($add).
  creating $macc model for $flatten\quire.\instance_fn_twosC_quire_0.$add$/teamspace/studios/this_studio/Melodica-Integration-into-Fife-Core/Learn_Bluespec_and_RISCV_Design/Code/Build/Fife/verilog/module_fn_twosC_quire.v:86$105 ($add).
  creating $macc model for $flatten\quire.\instance_fn_twosC_quire_1.$add$/teamspace/studios/this_studio/Melodica-Integration-into-Fife-Core/Learn_Bluespec_and_RISCV_Design/Code/Build/Fife/verilog/module_fn_twosC_quire.v:62$84 ($add).
  creating $macc model for $flatten\quire.\instance_fn_twosC_quire_1.$add$/teamspace/studios/this_studio/Melodica-Integration-into-Fife-Core/Learn_Bluespec_and_RISCV_Design/Code/Build/Fife/verilog/module_fn_twosC_quire.v:69$90 ($add).
  creating $macc model for $flatten\quire.\instance_fn_twosC_quire_1.$add$/teamspace/studios/this_studio/Melodica-Integration-into-Fife-Core/Learn_Bluespec_and_RISCV_Design/Code/Build/Fife/verilog/module_fn_twosC_quire.v:76$96 ($add).
  creating $macc model for $flatten\quire.\instance_fn_twosC_quire_1.$add$/teamspace/studios/this_studio/Melodica-Integration-into-Fife-Core/Learn_Bluespec_and_RISCV_Design/Code/Build/Fife/verilog/module_fn_twosC_quire.v:83$102 ($add).
  creating $macc model for $flatten\quire.\instance_fn_twosC_quire_1.$add$/teamspace/studios/this_studio/Melodica-Integration-into-Fife-Core/Learn_Bluespec_and_RISCV_Design/Code/Build/Fife/verilog/module_fn_twosC_quire.v:86$105 ($add).
  creating $macc model for $flatten\quire.\instance_fn_twosC_quire_2.$add$/teamspace/studios/this_studio/Melodica-Integration-into-Fife-Core/Learn_Bluespec_and_RISCV_Design/Code/Build/Fife/verilog/module_fn_twosC_quire.v:62$84 ($add).
  creating $macc model for $flatten\quire.\instance_fn_twosC_quire_2.$add$/teamspace/studios/this_studio/Melodica-Integration-into-Fife-Core/Learn_Bluespec_and_RISCV_Design/Code/Build/Fife/verilog/module_fn_twosC_quire.v:69$90 ($add).
  creating $macc model for $flatten\quire.\instance_fn_twosC_quire_2.$add$/teamspace/studios/this_studio/Melodica-Integration-into-Fife-Core/Learn_Bluespec_and_RISCV_Design/Code/Build/Fife/verilog/module_fn_twosC_quire.v:76$96 ($add).
  creating $macc model for $flatten\quire.\instance_fn_twosC_quire_2.$add$/teamspace/studios/this_studio/Melodica-Integration-into-Fife-Core/Learn_Bluespec_and_RISCV_Design/Code/Build/Fife/verilog/module_fn_twosC_quire.v:86$105 ($add).
  creating $macc model for $flatten\quire.\seg_adder_vff_carry_0.$add$/teamspace/studios/this_studio/Melodica-Integration-into-Fife-Core/bsc/lib/Verilog/SizedFIFO.v:75$767 ($add).
  creating $macc model for $flatten\quire.\seg_adder_vff_carry_0.$add$/teamspace/studios/this_studio/Melodica-Integration-into-Fife-Core/bsc/lib/Verilog/SizedFIFO.v:76$768 ($add).
  creating $macc model for $flatten\quire.\seg_adder_vff_carry_1.$add$/teamspace/studios/this_studio/Melodica-Integration-into-Fife-Core/bsc/lib/Verilog/SizedFIFO.v:75$767 ($add).
  creating $macc model for $flatten\quire.\seg_adder_vff_carry_1.$add$/teamspace/studios/this_studio/Melodica-Integration-into-Fife-Core/bsc/lib/Verilog/SizedFIFO.v:76$768 ($add).
  creating $macc model for $flatten\quire.\seg_adder_vff_carry_2.$add$/teamspace/studios/this_studio/Melodica-Integration-into-Fife-Core/bsc/lib/Verilog/SizedFIFO.v:75$767 ($add).
  creating $macc model for $flatten\quire.\seg_adder_vff_carry_2.$add$/teamspace/studios/this_studio/Melodica-Integration-into-Fife-Core/bsc/lib/Verilog/SizedFIFO.v:76$768 ($add).
  creating $macc model for $flatten\quire.\seg_adder_vff_in_0.$add$/teamspace/studios/this_studio/Melodica-Integration-into-Fife-Core/bsc/lib/Verilog/SizedFIFO.v:75$736 ($add).
  creating $macc model for $flatten\quire.\seg_adder_vff_in_0.$add$/teamspace/studios/this_studio/Melodica-Integration-into-Fife-Core/bsc/lib/Verilog/SizedFIFO.v:76$737 ($add).
  creating $macc model for $flatten\quire.\seg_adder_vff_in_1.$add$/teamspace/studios/this_studio/Melodica-Integration-into-Fife-Core/bsc/lib/Verilog/SizedFIFO.v:75$736 ($add).
  creating $macc model for $flatten\quire.\seg_adder_vff_in_1.$add$/teamspace/studios/this_studio/Melodica-Integration-into-Fife-Core/bsc/lib/Verilog/SizedFIFO.v:76$737 ($add).
  creating $macc model for $flatten\quire.\seg_adder_vff_in_2.$add$/teamspace/studios/this_studio/Melodica-Integration-into-Fife-Core/bsc/lib/Verilog/SizedFIFO.v:75$736 ($add).
  creating $macc model for $flatten\quire.\seg_adder_vff_in_2.$add$/teamspace/studios/this_studio/Melodica-Integration-into-Fife-Core/bsc/lib/Verilog/SizedFIFO.v:76$737 ($add).
  creating $macc model for $flatten\quire.\seg_adder_vff_in_3.$add$/teamspace/studios/this_studio/Melodica-Integration-into-Fife-Core/bsc/lib/Verilog/SizedFIFO.v:75$736 ($add).
  creating $macc model for $flatten\quire.\seg_adder_vff_in_3.$add$/teamspace/studios/this_studio/Melodica-Integration-into-Fife-Core/bsc/lib/Verilog/SizedFIFO.v:76$737 ($add).
  creating $macc model for $sub$/teamspace/studios/this_studio/Melodica-Integration-into-Fife-Core/Learn_Bluespec_and_RISCV_Design/Code/Build/Fife/verilog/mkPositCore.v:453$696 ($sub).
  merging $macc model for $flatten\quire.$add$/teamspace/studios/this_studio/Melodica-Integration-into-Fife-Core/Learn_Bluespec_and_RISCV_Design/Code/Build/Fife/verilog/mkQuire.v:1019$359 into $flatten\quire.$sub$/teamspace/studios/this_studio/Melodica-Integration-into-Fife-Core/Learn_Bluespec_and_RISCV_Design/Code/Build/Fife/verilog/mkQuire.v:837$309.
  merging $macc model for $flatten\quire.$add$/teamspace/studios/this_studio/Melodica-Integration-into-Fife-Core/Learn_Bluespec_and_RISCV_Design/Code/Build/Fife/verilog/mkQuire.v:1074$382 into $flatten\quire.$add$/teamspace/studios/this_studio/Melodica-Integration-into-Fife-Core/Learn_Bluespec_and_RISCV_Design/Code/Build/Fife/verilog/mkQuire.v:1006$356.
  merging $macc model for $flatten\quire.$add$/teamspace/studios/this_studio/Melodica-Integration-into-Fife-Core/Learn_Bluespec_and_RISCV_Design/Code/Build/Fife/verilog/mkQuire.v:1073$381 into $flatten\quire.$add$/teamspace/studios/this_studio/Melodica-Integration-into-Fife-Core/Learn_Bluespec_and_RISCV_Design/Code/Build/Fife/verilog/mkQuire.v:1004$355.
  merging $macc model for $flatten\quire.$add$/teamspace/studios/this_studio/Melodica-Integration-into-Fife-Core/Learn_Bluespec_and_RISCV_Design/Code/Build/Fife/verilog/mkQuire.v:1072$380 into $flatten\quire.$add$/teamspace/studios/this_studio/Melodica-Integration-into-Fife-Core/Learn_Bluespec_and_RISCV_Design/Code/Build/Fife/verilog/mkQuire.v:1002$354.
  merging $macc model for $flatten\extracter2.$add$/teamspace/studios/this_studio/Melodica-Integration-into-Fife-Core/Learn_Bluespec_and_RISCV_Design/Code/Build/Fife/verilog/mkExtracter.v:178$503 into $flatten\extracter2.$add$/teamspace/studios/this_studio/Melodica-Integration-into-Fife-Core/Learn_Bluespec_and_RISCV_Design/Code/Build/Fife/verilog/mkExtracter.v:178$504.
  merging $macc model for $flatten\extracter1.$add$/teamspace/studios/this_studio/Melodica-Integration-into-Fife-Core/Learn_Bluespec_and_RISCV_Design/Code/Build/Fife/verilog/mkExtracter.v:178$503 into $flatten\extracter1.$add$/teamspace/studios/this_studio/Melodica-Integration-into-Fife-Core/Learn_Bluespec_and_RISCV_Design/Code/Build/Fife/verilog/mkExtracter.v:178$504.
  creating $alu model for $macc $flatten\quire.\seg_adder_vff_in_1.$add$/teamspace/studios/this_studio/Melodica-Integration-into-Fife-Core/bsc/lib/Verilog/SizedFIFO.v:75$736.
  creating $alu model for $macc $flatten\quire.\seg_adder_vff_in_0.$add$/teamspace/studios/this_studio/Melodica-Integration-into-Fife-Core/bsc/lib/Verilog/SizedFIFO.v:76$737.
  creating $alu model for $macc $flatten\quire.\seg_adder_vff_in_0.$add$/teamspace/studios/this_studio/Melodica-Integration-into-Fife-Core/bsc/lib/Verilog/SizedFIFO.v:75$736.
  creating $alu model for $macc $flatten\quire.\seg_adder_vff_carry_2.$add$/teamspace/studios/this_studio/Melodica-Integration-into-Fife-Core/bsc/lib/Verilog/SizedFIFO.v:76$768.
  creating $alu model for $macc $flatten\quire.\seg_adder_vff_carry_2.$add$/teamspace/studios/this_studio/Melodica-Integration-into-Fife-Core/bsc/lib/Verilog/SizedFIFO.v:75$767.
  creating $alu model for $macc $flatten\quire.\seg_adder_vff_carry_1.$add$/teamspace/studios/this_studio/Melodica-Integration-into-Fife-Core/bsc/lib/Verilog/SizedFIFO.v:76$768.
  creating $alu model for $macc $flatten\quire.\seg_adder_vff_carry_1.$add$/teamspace/studios/this_studio/Melodica-Integration-into-Fife-Core/bsc/lib/Verilog/SizedFIFO.v:75$767.
  creating $alu model for $macc $flatten\quire.\seg_adder_vff_carry_0.$add$/teamspace/studios/this_studio/Melodica-Integration-into-Fife-Core/bsc/lib/Verilog/SizedFIFO.v:76$768.
  creating $alu model for $macc $flatten\quire.\seg_adder_vff_carry_0.$add$/teamspace/studios/this_studio/Melodica-Integration-into-Fife-Core/bsc/lib/Verilog/SizedFIFO.v:75$767.
  creating $alu model for $macc $flatten\quire.\instance_fn_twosC_quire_2.$add$/teamspace/studios/this_studio/Melodica-Integration-into-Fife-Core/Learn_Bluespec_and_RISCV_Design/Code/Build/Fife/verilog/module_fn_twosC_quire.v:86$105.
  creating $alu model for $macc $flatten\quire.\instance_fn_twosC_quire_2.$add$/teamspace/studios/this_studio/Melodica-Integration-into-Fife-Core/Learn_Bluespec_and_RISCV_Design/Code/Build/Fife/verilog/module_fn_twosC_quire.v:76$96.
  creating $alu model for $macc $flatten\quire.\instance_fn_twosC_quire_2.$add$/teamspace/studios/this_studio/Melodica-Integration-into-Fife-Core/Learn_Bluespec_and_RISCV_Design/Code/Build/Fife/verilog/module_fn_twosC_quire.v:69$90.
  creating $alu model for $macc $flatten\quire.\instance_fn_twosC_quire_2.$add$/teamspace/studios/this_studio/Melodica-Integration-into-Fife-Core/Learn_Bluespec_and_RISCV_Design/Code/Build/Fife/verilog/module_fn_twosC_quire.v:62$84.
  creating $alu model for $macc $flatten\quire.\instance_fn_twosC_quire_1.$add$/teamspace/studios/this_studio/Melodica-Integration-into-Fife-Core/Learn_Bluespec_and_RISCV_Design/Code/Build/Fife/verilog/module_fn_twosC_quire.v:86$105.
  creating $alu model for $macc $flatten\quire.\instance_fn_twosC_quire_1.$add$/teamspace/studios/this_studio/Melodica-Integration-into-Fife-Core/Learn_Bluespec_and_RISCV_Design/Code/Build/Fife/verilog/module_fn_twosC_quire.v:83$102.
  creating $alu model for $macc $flatten\quire.\instance_fn_twosC_quire_1.$add$/teamspace/studios/this_studio/Melodica-Integration-into-Fife-Core/Learn_Bluespec_and_RISCV_Design/Code/Build/Fife/verilog/module_fn_twosC_quire.v:76$96.
  creating $alu model for $macc $flatten\quire.\instance_fn_twosC_quire_1.$add$/teamspace/studios/this_studio/Melodica-Integration-into-Fife-Core/Learn_Bluespec_and_RISCV_Design/Code/Build/Fife/verilog/module_fn_twosC_quire.v:69$90.
  creating $alu model for $macc $flatten\quire.\instance_fn_twosC_quire_1.$add$/teamspace/studios/this_studio/Melodica-Integration-into-Fife-Core/Learn_Bluespec_and_RISCV_Design/Code/Build/Fife/verilog/module_fn_twosC_quire.v:62$84.
  creating $alu model for $macc $flatten\quire.\instance_fn_twosC_quire_0.$add$/teamspace/studios/this_studio/Melodica-Integration-into-Fife-Core/Learn_Bluespec_and_RISCV_Design/Code/Build/Fife/verilog/module_fn_twosC_quire.v:86$105.
  creating $alu model for $macc $flatten\quire.\instance_fn_twosC_quire_0.$add$/teamspace/studios/this_studio/Melodica-Integration-into-Fife-Core/Learn_Bluespec_and_RISCV_Design/Code/Build/Fife/verilog/module_fn_twosC_quire.v:76$96.
  creating $alu model for $macc $flatten\quire.\instance_fn_twosC_quire_0.$add$/teamspace/studios/this_studio/Melodica-Integration-into-Fife-Core/Learn_Bluespec_and_RISCV_Design/Code/Build/Fife/verilog/module_fn_twosC_quire.v:69$90.
  creating $alu model for $macc $flatten\quire.\instance_fn_twosC_quire_0.$add$/teamspace/studios/this_studio/Melodica-Integration-into-Fife-Core/Learn_Bluespec_and_RISCV_Design/Code/Build/Fife/verilog/module_fn_twosC_quire.v:62$84.
  creating $alu model for $macc $flatten\quire.$sub$/teamspace/studios/this_studio/Melodica-Integration-into-Fife-Core/Learn_Bluespec_and_RISCV_Design/Code/Build/Fife/verilog/mkQuire.v:993$351.
  creating $alu model for $macc $flatten\quire.$sub$/teamspace/studios/this_studio/Melodica-Integration-into-Fife-Core/Learn_Bluespec_and_RISCV_Design/Code/Build/Fife/verilog/mkQuire.v:572$181.
  creating $alu model for $macc $flatten\quire.$neg$/teamspace/studios/this_studio/Melodica-Integration-into-Fife-Core/Learn_Bluespec_and_RISCV_Design/Code/Build/Fife/verilog/mkQuire.v:1071$378.
  creating $alu model for $macc $flatten\quire.$add$/teamspace/studios/this_studio/Melodica-Integration-into-Fife-Core/Learn_Bluespec_and_RISCV_Design/Code/Build/Fife/verilog/mkQuire.v:570$180.
  creating $alu model for $macc $flatten\quire.\seg_adder_vff_in_2.$add$/teamspace/studios/this_studio/Melodica-Integration-into-Fife-Core/bsc/lib/Verilog/SizedFIFO.v:75$736.
  creating $alu model for $macc $flatten\quire.\seg_adder_vff_in_2.$add$/teamspace/studios/this_studio/Melodica-Integration-into-Fife-Core/bsc/lib/Verilog/SizedFIFO.v:76$737.
  creating $alu model for $macc $flatten\quire.\seg_adder_vff_in_3.$add$/teamspace/studios/this_studio/Melodica-Integration-into-Fife-Core/bsc/lib/Verilog/SizedFIFO.v:75$736.
  creating $alu model for $macc $flatten\quire.\seg_adder_vff_in_1.$add$/teamspace/studios/this_studio/Melodica-Integration-into-Fife-Core/bsc/lib/Verilog/SizedFIFO.v:76$737.
  creating $alu model for $macc $flatten\quire.$add$/teamspace/studios/this_studio/Melodica-Integration-into-Fife-Core/Learn_Bluespec_and_RISCV_Design/Code/Build/Fife/verilog/mkQuire.v:1013$358.
  creating $alu model for $macc $flatten\quire.$add$/teamspace/studios/this_studio/Melodica-Integration-into-Fife-Core/Learn_Bluespec_and_RISCV_Design/Code/Build/Fife/verilog/mkQuire.v:1006$356.
  creating $alu model for $macc $flatten\quire.$add$/teamspace/studios/this_studio/Melodica-Integration-into-Fife-Core/Learn_Bluespec_and_RISCV_Design/Code/Build/Fife/verilog/mkQuire.v:1004$355.
  creating $alu model for $macc $flatten\quire.$add$/teamspace/studios/this_studio/Melodica-Integration-into-Fife-Core/Learn_Bluespec_and_RISCV_Design/Code/Build/Fife/verilog/mkQuire.v:1002$354.
  creating $alu model for $macc $flatten\quire.$add$/teamspace/studios/this_studio/Melodica-Integration-into-Fife-Core/Learn_Bluespec_and_RISCV_Design/Code/Build/Fife/verilog/mkQuire.v:1000$353.
  creating $alu model for $macc $flatten\ptof.$sub$/teamspace/studios/this_studio/Melodica-Integration-into-Fife-Core/Learn_Bluespec_and_RISCV_Design/Code/Build/Fife/verilog/mkPtoF_PNE.v:179$580.
  creating $alu model for $macc $flatten\ptof.$sub$/teamspace/studios/this_studio/Melodica-Integration-into-Fife-Core/Learn_Bluespec_and_RISCV_Design/Code/Build/Fife/verilog/mkPtoF_PNE.v:177$579.
  creating $alu model for $macc $flatten\ptof.$neg$/teamspace/studios/this_studio/Melodica-Integration-into-Fife-Core/Learn_Bluespec_and_RISCV_Design/Code/Build/Fife/verilog/mkPtoF_PNE.v:138$562.
  creating $alu model for $macc $flatten\ptof.$add$/teamspace/studios/this_studio/Melodica-Integration-into-Fife-Core/Learn_Bluespec_and_RISCV_Design/Code/Build/Fife/verilog/mkPtoF_PNE.v:217$606.
  creating $alu model for $macc $flatten\ptof.$add$/teamspace/studios/this_studio/Melodica-Integration-into-Fife-Core/Learn_Bluespec_and_RISCV_Design/Code/Build/Fife/verilog/mkPtoF_PNE.v:201$596.
  creating $alu model for $macc $flatten\ptof.$add$/teamspace/studios/this_studio/Melodica-Integration-into-Fife-Core/Learn_Bluespec_and_RISCV_Design/Code/Build/Fife/verilog/mkPtoF_PNE.v:197$594.
  creating $alu model for $macc $flatten\multiplier.$neg$/teamspace/studios/this_studio/Melodica-Integration-into-Fife-Core/Learn_Bluespec_and_RISCV_Design/Code/Build/Fife/verilog/mkMultiplier.v:228$468.
  creating $alu model for $macc $flatten\multiplier.$add$/teamspace/studios/this_studio/Melodica-Integration-into-Fife-Core/Learn_Bluespec_and_RISCV_Design/Code/Build/Fife/verilog/mkMultiplier.v:203$458.
  creating $alu model for $macc $flatten\multiplier.$add$/teamspace/studios/this_studio/Melodica-Integration-into-Fife-Core/Learn_Bluespec_and_RISCV_Design/Code/Build/Fife/verilog/mkMultiplier.v:190$456.
  creating $alu model for $macc $flatten\ftop.$sub$/teamspace/studios/this_studio/Melodica-Integration-into-Fife-Core/Learn_Bluespec_and_RISCV_Design/Code/Build/Fife/verilog/mkFtoP_PNE.v:191$555.
  creating $alu model for $macc $flatten\ftop.$sub$/teamspace/studios/this_studio/Melodica-Integration-into-Fife-Core/Learn_Bluespec_and_RISCV_Design/Code/Build/Fife/verilog/mkFtoP_PNE.v:186$554.
  creating $alu model for $macc $flatten\ftop.$sub$/teamspace/studios/this_studio/Melodica-Integration-into-Fife-Core/Learn_Bluespec_and_RISCV_Design/Code/Build/Fife/verilog/mkFtoP_PNE.v:183$553.
  creating $alu model for $macc $flatten\ftop.$neg$/teamspace/studios/this_studio/Melodica-Integration-into-Fife-Core/Learn_Bluespec_and_RISCV_Design/Code/Build/Fife/verilog/mkFtoP_PNE.v:133$528.
  creating $alu model for $macc $flatten\ftop.$add$/teamspace/studios/this_studio/Melodica-Integration-into-Fife-Core/Learn_Bluespec_and_RISCV_Design/Code/Build/Fife/verilog/mkFtoP_PNE.v:196$557.
  creating $alu model for $macc $flatten\extracter2.$add$/teamspace/studios/this_studio/Melodica-Integration-into-Fife-Core/Learn_Bluespec_and_RISCV_Design/Code/Build/Fife/verilog/mkExtracter.v:178$504.
  creating $alu model for $macc $flatten\quire.\seg_adder_vff_in_3.$add$/teamspace/studios/this_studio/Melodica-Integration-into-Fife-Core/bsc/lib/Verilog/SizedFIFO.v:76$737.
  creating $alu model for $macc $flatten\extracter1.$add$/teamspace/studios/this_studio/Melodica-Integration-into-Fife-Core/Learn_Bluespec_and_RISCV_Design/Code/Build/Fife/verilog/mkExtracter.v:178$504.
  creating $alu model for $macc $sub$/teamspace/studios/this_studio/Melodica-Integration-into-Fife-Core/Learn_Bluespec_and_RISCV_Design/Code/Build/Fife/verilog/mkPositCore.v:453$696.
  creating $alu model for $macc $add$/teamspace/studios/this_studio/Melodica-Integration-into-Fife-Core/Learn_Bluespec_and_RISCV_Design/Code/Build/Fife/verilog/mkPositCore.v:506$722.
  creating $alu model for $macc $add$/teamspace/studios/this_studio/Melodica-Integration-into-Fife-Core/Learn_Bluespec_and_RISCV_Design/Code/Build/Fife/verilog/mkPositCore.v:452$695.
  creating $macc cell for $flatten\multiplier.$mul$/teamspace/studios/this_studio/Melodica-Integration-into-Fife-Core/Learn_Bluespec_and_RISCV_Design/Code/Build/Fife/verilog/mkMultiplier.v:195$457: $auto$alumacc.cc:365:replace_macc$1893
  creating $macc cell for $flatten\quire.$sub$/teamspace/studios/this_studio/Melodica-Integration-into-Fife-Core/Learn_Bluespec_and_RISCV_Design/Code/Build/Fife/verilog/mkQuire.v:837$309: $auto$alumacc.cc:365:replace_macc$1894
  creating $alu model for $flatten\ftop.$le$/teamspace/studios/this_studio/Melodica-Integration-into-Fife-Core/Learn_Bluespec_and_RISCV_Design/Code/Build/Fife/verilog/mkFtoP_PNE.v:160$544 ($le): new $alu
  creating $alu model for $flatten\ftop.$le$/teamspace/studios/this_studio/Melodica-Integration-into-Fife-Core/Learn_Bluespec_and_RISCV_Design/Code/Build/Fife/verilog/mkFtoP_PNE.v:166$547 ($le): new $alu
  creating $alu model for $flatten\ftop.$le$/teamspace/studios/this_studio/Melodica-Integration-into-Fife-Core/Learn_Bluespec_and_RISCV_Design/Code/Build/Fife/verilog/mkFtoP_PNE.v:179$552 ($le): new $alu
  creating $alu model for $flatten\ftop.$lt$/teamspace/studios/this_studio/Melodica-Integration-into-Fife-Core/Learn_Bluespec_and_RISCV_Design/Code/Build/Fife/verilog/mkFtoP_PNE.v:175$550 ($lt): new $alu
  creating $alu model for $flatten\ptof.$le$/teamspace/studios/this_studio/Melodica-Integration-into-Fife-Core/Learn_Bluespec_and_RISCV_Design/Code/Build/Fife/verilog/mkPtoF_PNE.v:141$565 ($le): new $alu
  creating $alu model for $flatten\ptof.$le$/teamspace/studios/this_studio/Melodica-Integration-into-Fife-Core/Learn_Bluespec_and_RISCV_Design/Code/Build/Fife/verilog/mkPtoF_PNE.v:146$568 ($le): new $alu
  creating $alu model for $flatten\ptof.$le$/teamspace/studios/this_studio/Melodica-Integration-into-Fife-Core/Learn_Bluespec_and_RISCV_Design/Code/Build/Fife/verilog/mkPtoF_PNE.v:181$582 ($le): new $alu
  creating $alu model for $flatten\ptof.$lt$/teamspace/studios/this_studio/Melodica-Integration-into-Fife-Core/Learn_Bluespec_and_RISCV_Design/Code/Build/Fife/verilog/mkPtoF_PNE.v:183$584 ($lt): new $alu
  creating $alu model for $flatten\quire.$le$/teamspace/studios/this_studio/Melodica-Integration-into-Fife-Core/Learn_Bluespec_and_RISCV_Design/Code/Build/Fife/verilog/mkQuire.v:989$350 ($le): new $alu
  creating $alu model for $flatten\quire.$lt$/teamspace/studios/this_studio/Melodica-Integration-into-Fife-Core/Learn_Bluespec_and_RISCV_Design/Code/Build/Fife/verilog/mkQuire.v:985$348 ($lt): new $alu
  creating $alu cell for $flatten\quire.$lt$/teamspace/studios/this_studio/Melodica-Integration-into-Fife-Core/Learn_Bluespec_and_RISCV_Design/Code/Build/Fife/verilog/mkQuire.v:985$348: $auto$alumacc.cc:485:replace_alu$1905
  creating $alu cell for $flatten\quire.$le$/teamspace/studios/this_studio/Melodica-Integration-into-Fife-Core/Learn_Bluespec_and_RISCV_Design/Code/Build/Fife/verilog/mkQuire.v:989$350: $auto$alumacc.cc:485:replace_alu$1916
  creating $alu cell for $flatten\ptof.$lt$/teamspace/studios/this_studio/Melodica-Integration-into-Fife-Core/Learn_Bluespec_and_RISCV_Design/Code/Build/Fife/verilog/mkPtoF_PNE.v:183$584: $auto$alumacc.cc:485:replace_alu$1929
  creating $alu cell for $flatten\ptof.$le$/teamspace/studios/this_studio/Melodica-Integration-into-Fife-Core/Learn_Bluespec_and_RISCV_Design/Code/Build/Fife/verilog/mkPtoF_PNE.v:181$582: $auto$alumacc.cc:485:replace_alu$1940
  creating $alu cell for $flatten\ptof.$le$/teamspace/studios/this_studio/Melodica-Integration-into-Fife-Core/Learn_Bluespec_and_RISCV_Design/Code/Build/Fife/verilog/mkPtoF_PNE.v:146$568: $auto$alumacc.cc:485:replace_alu$1953
  creating $alu cell for $flatten\ptof.$le$/teamspace/studios/this_studio/Melodica-Integration-into-Fife-Core/Learn_Bluespec_and_RISCV_Design/Code/Build/Fife/verilog/mkPtoF_PNE.v:141$565: $auto$alumacc.cc:485:replace_alu$1966
  creating $alu cell for $flatten\ftop.$lt$/teamspace/studios/this_studio/Melodica-Integration-into-Fife-Core/Learn_Bluespec_and_RISCV_Design/Code/Build/Fife/verilog/mkFtoP_PNE.v:175$550: $auto$alumacc.cc:485:replace_alu$1979
  creating $alu cell for $flatten\ftop.$le$/teamspace/studios/this_studio/Melodica-Integration-into-Fife-Core/Learn_Bluespec_and_RISCV_Design/Code/Build/Fife/verilog/mkFtoP_PNE.v:179$552: $auto$alumacc.cc:485:replace_alu$1990
  creating $alu cell for $flatten\ftop.$le$/teamspace/studios/this_studio/Melodica-Integration-into-Fife-Core/Learn_Bluespec_and_RISCV_Design/Code/Build/Fife/verilog/mkFtoP_PNE.v:166$547: $auto$alumacc.cc:485:replace_alu$2003
  creating $alu cell for $flatten\ftop.$le$/teamspace/studios/this_studio/Melodica-Integration-into-Fife-Core/Learn_Bluespec_and_RISCV_Design/Code/Build/Fife/verilog/mkFtoP_PNE.v:160$544: $auto$alumacc.cc:485:replace_alu$2016
  creating $alu cell for $add$/teamspace/studios/this_studio/Melodica-Integration-into-Fife-Core/Learn_Bluespec_and_RISCV_Design/Code/Build/Fife/verilog/mkPositCore.v:452$695: $auto$alumacc.cc:485:replace_alu$2029
  creating $alu cell for $add$/teamspace/studios/this_studio/Melodica-Integration-into-Fife-Core/Learn_Bluespec_and_RISCV_Design/Code/Build/Fife/verilog/mkPositCore.v:506$722: $auto$alumacc.cc:485:replace_alu$2032
  creating $alu cell for $sub$/teamspace/studios/this_studio/Melodica-Integration-into-Fife-Core/Learn_Bluespec_and_RISCV_Design/Code/Build/Fife/verilog/mkPositCore.v:453$696: $auto$alumacc.cc:485:replace_alu$2035
  creating $alu cell for $flatten\extracter1.$add$/teamspace/studios/this_studio/Melodica-Integration-into-Fife-Core/Learn_Bluespec_and_RISCV_Design/Code/Build/Fife/verilog/mkExtracter.v:178$504: $auto$alumacc.cc:485:replace_alu$2038
  creating $alu cell for $flatten\quire.\seg_adder_vff_in_3.$add$/teamspace/studios/this_studio/Melodica-Integration-into-Fife-Core/bsc/lib/Verilog/SizedFIFO.v:76$737: $auto$alumacc.cc:485:replace_alu$2041
  creating $alu cell for $flatten\extracter2.$add$/teamspace/studios/this_studio/Melodica-Integration-into-Fife-Core/Learn_Bluespec_and_RISCV_Design/Code/Build/Fife/verilog/mkExtracter.v:178$504: $auto$alumacc.cc:485:replace_alu$2044
  creating $alu cell for $flatten\ftop.$add$/teamspace/studios/this_studio/Melodica-Integration-into-Fife-Core/Learn_Bluespec_and_RISCV_Design/Code/Build/Fife/verilog/mkFtoP_PNE.v:196$557: $auto$alumacc.cc:485:replace_alu$2047
  creating $alu cell for $flatten\ftop.$neg$/teamspace/studios/this_studio/Melodica-Integration-into-Fife-Core/Learn_Bluespec_and_RISCV_Design/Code/Build/Fife/verilog/mkFtoP_PNE.v:133$528: $auto$alumacc.cc:485:replace_alu$2050
  creating $alu cell for $flatten\ftop.$sub$/teamspace/studios/this_studio/Melodica-Integration-into-Fife-Core/Learn_Bluespec_and_RISCV_Design/Code/Build/Fife/verilog/mkFtoP_PNE.v:183$553: $auto$alumacc.cc:485:replace_alu$2053
  creating $alu cell for $flatten\ftop.$sub$/teamspace/studios/this_studio/Melodica-Integration-into-Fife-Core/Learn_Bluespec_and_RISCV_Design/Code/Build/Fife/verilog/mkFtoP_PNE.v:186$554: $auto$alumacc.cc:485:replace_alu$2056
  creating $alu cell for $flatten\ftop.$sub$/teamspace/studios/this_studio/Melodica-Integration-into-Fife-Core/Learn_Bluespec_and_RISCV_Design/Code/Build/Fife/verilog/mkFtoP_PNE.v:191$555: $auto$alumacc.cc:485:replace_alu$2059
  creating $alu cell for $flatten\multiplier.$add$/teamspace/studios/this_studio/Melodica-Integration-into-Fife-Core/Learn_Bluespec_and_RISCV_Design/Code/Build/Fife/verilog/mkMultiplier.v:190$456: $auto$alumacc.cc:485:replace_alu$2062
  creating $alu cell for $flatten\multiplier.$add$/teamspace/studios/this_studio/Melodica-Integration-into-Fife-Core/Learn_Bluespec_and_RISCV_Design/Code/Build/Fife/verilog/mkMultiplier.v:203$458: $auto$alumacc.cc:485:replace_alu$2065
  creating $alu cell for $flatten\multiplier.$neg$/teamspace/studios/this_studio/Melodica-Integration-into-Fife-Core/Learn_Bluespec_and_RISCV_Design/Code/Build/Fife/verilog/mkMultiplier.v:228$468: $auto$alumacc.cc:485:replace_alu$2068
  creating $alu cell for $flatten\ptof.$add$/teamspace/studios/this_studio/Melodica-Integration-into-Fife-Core/Learn_Bluespec_and_RISCV_Design/Code/Build/Fife/verilog/mkPtoF_PNE.v:197$594: $auto$alumacc.cc:485:replace_alu$2071
  creating $alu cell for $flatten\ptof.$add$/teamspace/studios/this_studio/Melodica-Integration-into-Fife-Core/Learn_Bluespec_and_RISCV_Design/Code/Build/Fife/verilog/mkPtoF_PNE.v:201$596: $auto$alumacc.cc:485:replace_alu$2074
  creating $alu cell for $flatten\ptof.$add$/teamspace/studios/this_studio/Melodica-Integration-into-Fife-Core/Learn_Bluespec_and_RISCV_Design/Code/Build/Fife/verilog/mkPtoF_PNE.v:217$606: $auto$alumacc.cc:485:replace_alu$2077
  creating $alu cell for $flatten\ptof.$neg$/teamspace/studios/this_studio/Melodica-Integration-into-Fife-Core/Learn_Bluespec_and_RISCV_Design/Code/Build/Fife/verilog/mkPtoF_PNE.v:138$562: $auto$alumacc.cc:485:replace_alu$2080
  creating $alu cell for $flatten\ptof.$sub$/teamspace/studios/this_studio/Melodica-Integration-into-Fife-Core/Learn_Bluespec_and_RISCV_Design/Code/Build/Fife/verilog/mkPtoF_PNE.v:177$579: $auto$alumacc.cc:485:replace_alu$2083
  creating $alu cell for $flatten\ptof.$sub$/teamspace/studios/this_studio/Melodica-Integration-into-Fife-Core/Learn_Bluespec_and_RISCV_Design/Code/Build/Fife/verilog/mkPtoF_PNE.v:179$580: $auto$alumacc.cc:485:replace_alu$2086
  creating $alu cell for $flatten\quire.$add$/teamspace/studios/this_studio/Melodica-Integration-into-Fife-Core/Learn_Bluespec_and_RISCV_Design/Code/Build/Fife/verilog/mkQuire.v:1000$353: $auto$alumacc.cc:485:replace_alu$2089
  creating $alu cell for $flatten\quire.$add$/teamspace/studios/this_studio/Melodica-Integration-into-Fife-Core/Learn_Bluespec_and_RISCV_Design/Code/Build/Fife/verilog/mkQuire.v:1002$354: $auto$alumacc.cc:485:replace_alu$2092
  creating $alu cell for $flatten\quire.$add$/teamspace/studios/this_studio/Melodica-Integration-into-Fife-Core/Learn_Bluespec_and_RISCV_Design/Code/Build/Fife/verilog/mkQuire.v:1004$355: $auto$alumacc.cc:485:replace_alu$2095
  creating $alu cell for $flatten\quire.$add$/teamspace/studios/this_studio/Melodica-Integration-into-Fife-Core/Learn_Bluespec_and_RISCV_Design/Code/Build/Fife/verilog/mkQuire.v:1006$356: $auto$alumacc.cc:485:replace_alu$2098
  creating $alu cell for $flatten\quire.$add$/teamspace/studios/this_studio/Melodica-Integration-into-Fife-Core/Learn_Bluespec_and_RISCV_Design/Code/Build/Fife/verilog/mkQuire.v:1013$358: $auto$alumacc.cc:485:replace_alu$2101
  creating $alu cell for $flatten\quire.\seg_adder_vff_in_1.$add$/teamspace/studios/this_studio/Melodica-Integration-into-Fife-Core/bsc/lib/Verilog/SizedFIFO.v:76$737: $auto$alumacc.cc:485:replace_alu$2104
  creating $alu cell for $flatten\quire.\seg_adder_vff_in_3.$add$/teamspace/studios/this_studio/Melodica-Integration-into-Fife-Core/bsc/lib/Verilog/SizedFIFO.v:75$736: $auto$alumacc.cc:485:replace_alu$2107
  creating $alu cell for $flatten\quire.\seg_adder_vff_in_2.$add$/teamspace/studios/this_studio/Melodica-Integration-into-Fife-Core/bsc/lib/Verilog/SizedFIFO.v:76$737: $auto$alumacc.cc:485:replace_alu$2110
  creating $alu cell for $flatten\quire.\seg_adder_vff_in_2.$add$/teamspace/studios/this_studio/Melodica-Integration-into-Fife-Core/bsc/lib/Verilog/SizedFIFO.v:75$736: $auto$alumacc.cc:485:replace_alu$2113
  creating $alu cell for $flatten\quire.$add$/teamspace/studios/this_studio/Melodica-Integration-into-Fife-Core/Learn_Bluespec_and_RISCV_Design/Code/Build/Fife/verilog/mkQuire.v:570$180: $auto$alumacc.cc:485:replace_alu$2116
  creating $alu cell for $flatten\quire.$neg$/teamspace/studios/this_studio/Melodica-Integration-into-Fife-Core/Learn_Bluespec_and_RISCV_Design/Code/Build/Fife/verilog/mkQuire.v:1071$378: $auto$alumacc.cc:485:replace_alu$2119
  creating $alu cell for $flatten\quire.$sub$/teamspace/studios/this_studio/Melodica-Integration-into-Fife-Core/Learn_Bluespec_and_RISCV_Design/Code/Build/Fife/verilog/mkQuire.v:572$181: $auto$alumacc.cc:485:replace_alu$2122
  creating $alu cell for $flatten\quire.$sub$/teamspace/studios/this_studio/Melodica-Integration-into-Fife-Core/Learn_Bluespec_and_RISCV_Design/Code/Build/Fife/verilog/mkQuire.v:993$351: $auto$alumacc.cc:485:replace_alu$2125
  creating $alu cell for $flatten\quire.\instance_fn_twosC_quire_0.$add$/teamspace/studios/this_studio/Melodica-Integration-into-Fife-Core/Learn_Bluespec_and_RISCV_Design/Code/Build/Fife/verilog/module_fn_twosC_quire.v:62$84: $auto$alumacc.cc:485:replace_alu$2128
  creating $alu cell for $flatten\quire.\instance_fn_twosC_quire_0.$add$/teamspace/studios/this_studio/Melodica-Integration-into-Fife-Core/Learn_Bluespec_and_RISCV_Design/Code/Build/Fife/verilog/module_fn_twosC_quire.v:69$90: $auto$alumacc.cc:485:replace_alu$2131
  creating $alu cell for $flatten\quire.\instance_fn_twosC_quire_0.$add$/teamspace/studios/this_studio/Melodica-Integration-into-Fife-Core/Learn_Bluespec_and_RISCV_Design/Code/Build/Fife/verilog/module_fn_twosC_quire.v:76$96: $auto$alumacc.cc:485:replace_alu$2134
  creating $alu cell for $flatten\quire.\instance_fn_twosC_quire_0.$add$/teamspace/studios/this_studio/Melodica-Integration-into-Fife-Core/Learn_Bluespec_and_RISCV_Design/Code/Build/Fife/verilog/module_fn_twosC_quire.v:86$105: $auto$alumacc.cc:485:replace_alu$2137
  creating $alu cell for $flatten\quire.\instance_fn_twosC_quire_1.$add$/teamspace/studios/this_studio/Melodica-Integration-into-Fife-Core/Learn_Bluespec_and_RISCV_Design/Code/Build/Fife/verilog/module_fn_twosC_quire.v:62$84: $auto$alumacc.cc:485:replace_alu$2140
  creating $alu cell for $flatten\quire.\instance_fn_twosC_quire_1.$add$/teamspace/studios/this_studio/Melodica-Integration-into-Fife-Core/Learn_Bluespec_and_RISCV_Design/Code/Build/Fife/verilog/module_fn_twosC_quire.v:69$90: $auto$alumacc.cc:485:replace_alu$2143
  creating $alu cell for $flatten\quire.\instance_fn_twosC_quire_1.$add$/teamspace/studios/this_studio/Melodica-Integration-into-Fife-Core/Learn_Bluespec_and_RISCV_Design/Code/Build/Fife/verilog/module_fn_twosC_quire.v:76$96: $auto$alumacc.cc:485:replace_alu$2146
  creating $alu cell for $flatten\quire.\instance_fn_twosC_quire_1.$add$/teamspace/studios/this_studio/Melodica-Integration-into-Fife-Core/Learn_Bluespec_and_RISCV_Design/Code/Build/Fife/verilog/module_fn_twosC_quire.v:83$102: $auto$alumacc.cc:485:replace_alu$2149
  creating $alu cell for $flatten\quire.\instance_fn_twosC_quire_1.$add$/teamspace/studios/this_studio/Melodica-Integration-into-Fife-Core/Learn_Bluespec_and_RISCV_Design/Code/Build/Fife/verilog/module_fn_twosC_quire.v:86$105: $auto$alumacc.cc:485:replace_alu$2152
  creating $alu cell for $flatten\quire.\instance_fn_twosC_quire_2.$add$/teamspace/studios/this_studio/Melodica-Integration-into-Fife-Core/Learn_Bluespec_and_RISCV_Design/Code/Build/Fife/verilog/module_fn_twosC_quire.v:62$84: $auto$alumacc.cc:485:replace_alu$2155
  creating $alu cell for $flatten\quire.\instance_fn_twosC_quire_2.$add$/teamspace/studios/this_studio/Melodica-Integration-into-Fife-Core/Learn_Bluespec_and_RISCV_Design/Code/Build/Fife/verilog/module_fn_twosC_quire.v:69$90: $auto$alumacc.cc:485:replace_alu$2158
  creating $alu cell for $flatten\quire.\instance_fn_twosC_quire_2.$add$/teamspace/studios/this_studio/Melodica-Integration-into-Fife-Core/Learn_Bluespec_and_RISCV_Design/Code/Build/Fife/verilog/module_fn_twosC_quire.v:76$96: $auto$alumacc.cc:485:replace_alu$2161
  creating $alu cell for $flatten\quire.\instance_fn_twosC_quire_2.$add$/teamspace/studios/this_studio/Melodica-Integration-into-Fife-Core/Learn_Bluespec_and_RISCV_Design/Code/Build/Fife/verilog/module_fn_twosC_quire.v:86$105: $auto$alumacc.cc:485:replace_alu$2164
  creating $alu cell for $flatten\quire.\seg_adder_vff_carry_0.$add$/teamspace/studios/this_studio/Melodica-Integration-into-Fife-Core/bsc/lib/Verilog/SizedFIFO.v:75$767: $auto$alumacc.cc:485:replace_alu$2167
  creating $alu cell for $flatten\quire.\seg_adder_vff_carry_0.$add$/teamspace/studios/this_studio/Melodica-Integration-into-Fife-Core/bsc/lib/Verilog/SizedFIFO.v:76$768: $auto$alumacc.cc:485:replace_alu$2170
  creating $alu cell for $flatten\quire.\seg_adder_vff_carry_1.$add$/teamspace/studios/this_studio/Melodica-Integration-into-Fife-Core/bsc/lib/Verilog/SizedFIFO.v:75$767: $auto$alumacc.cc:485:replace_alu$2173
  creating $alu cell for $flatten\quire.\seg_adder_vff_carry_1.$add$/teamspace/studios/this_studio/Melodica-Integration-into-Fife-Core/bsc/lib/Verilog/SizedFIFO.v:76$768: $auto$alumacc.cc:485:replace_alu$2176
  creating $alu cell for $flatten\quire.\seg_adder_vff_carry_2.$add$/teamspace/studios/this_studio/Melodica-Integration-into-Fife-Core/bsc/lib/Verilog/SizedFIFO.v:75$767: $auto$alumacc.cc:485:replace_alu$2179
  creating $alu cell for $flatten\quire.\seg_adder_vff_carry_2.$add$/teamspace/studios/this_studio/Melodica-Integration-into-Fife-Core/bsc/lib/Verilog/SizedFIFO.v:76$768: $auto$alumacc.cc:485:replace_alu$2182
  creating $alu cell for $flatten\quire.\seg_adder_vff_in_0.$add$/teamspace/studios/this_studio/Melodica-Integration-into-Fife-Core/bsc/lib/Verilog/SizedFIFO.v:75$736: $auto$alumacc.cc:485:replace_alu$2185
  creating $alu cell for $flatten\quire.\seg_adder_vff_in_0.$add$/teamspace/studios/this_studio/Melodica-Integration-into-Fife-Core/bsc/lib/Verilog/SizedFIFO.v:76$737: $auto$alumacc.cc:485:replace_alu$2188
  creating $alu cell for $flatten\quire.\seg_adder_vff_in_1.$add$/teamspace/studios/this_studio/Melodica-Integration-into-Fife-Core/bsc/lib/Verilog/SizedFIFO.v:75$736: $auto$alumacc.cc:485:replace_alu$2191
  created 65 $alu and 2 $macc cells.

14.14. Executing SHARE pass (SAT-based resource sharing).
Found 16 cells in module mkPositCore that may be considered for resource sharing.
  Analyzing resource sharing options for $flatten\quire.\seg_adder_vff_in_3.$memrd$\arr$/teamspace/studios/this_studio/Melodica-Integration-into-Fife-Core/bsc/lib/Verilog/SizedFIFO.v:179$748 ($memrd):
    Found 1 activation_patterns using ctrl signal $auto$opt_reduce.cc:134:opt_pmux$1521.
    No candidates found.
  Analyzing resource sharing options for $flatten\quire.\seg_adder_vff_in_2.$memrd$\arr$/teamspace/studios/this_studio/Melodica-Integration-into-Fife-Core/bsc/lib/Verilog/SizedFIFO.v:179$748 ($memrd):
    Found 1 activation_patterns using ctrl signal $auto$opt_reduce.cc:134:opt_pmux$1515.
    No candidates found.
  Analyzing resource sharing options for $flatten\quire.\seg_adder_vff_in_1.$memrd$\arr$/teamspace/studios/this_studio/Melodica-Integration-into-Fife-Core/bsc/lib/Verilog/SizedFIFO.v:179$748 ($memrd):
    Found 1 activation_patterns using ctrl signal $auto$opt_reduce.cc:134:opt_pmux$1509.
    No candidates found.
  Analyzing resource sharing options for $flatten\quire.\seg_adder_vff_in_0.$memrd$\arr$/teamspace/studios/this_studio/Melodica-Integration-into-Fife-Core/bsc/lib/Verilog/SizedFIFO.v:179$748 ($memrd):
    Found 1 activation_patterns using ctrl signal $auto$opt_reduce.cc:134:opt_pmux$1503.
    No candidates found.
  Analyzing resource sharing options for $flatten\quire.\seg_adder_vff_carry_2.$memrd$\arr$/teamspace/studios/this_studio/Melodica-Integration-into-Fife-Core/bsc/lib/Verilog/SizedFIFO.v:179$779 ($memrd):
    Found 1 activation_patterns using ctrl signal $auto$opt_reduce.cc:134:opt_pmux$1497.
    No candidates found.
  Analyzing resource sharing options for $flatten\quire.\seg_adder_vff_carry_1.$memrd$\arr$/teamspace/studios/this_studio/Melodica-Integration-into-Fife-Core/bsc/lib/Verilog/SizedFIFO.v:179$779 ($memrd):
    Found 1 activation_patterns using ctrl signal $auto$opt_reduce.cc:134:opt_pmux$1491.
    No candidates found.
  Analyzing resource sharing options for $flatten\quire.\seg_adder_vff_carry_0.$memrd$\arr$/teamspace/studios/this_studio/Melodica-Integration-into-Fife-Core/bsc/lib/Verilog/SizedFIFO.v:179$779 ($memrd):
    Found 1 activation_patterns using ctrl signal $auto$opt_reduce.cc:134:opt_pmux$1485.
    No candidates found.
  Analyzing resource sharing options for $flatten\quire.$shr$/teamspace/studios/this_studio/Melodica-Integration-into-Fife-Core/Learn_Bluespec_and_RISCV_Design/Code/Build/Fife/verilog/mkQuire.v:1036$365 ($shr):
    Found 7 activation_patterns using ctrl signal { \quire.EN_init \quire.WILL_FIRE_RL_seg_adder_acc_stage_0 \quire.WILL_FIRE_RL_seg_adder_acc_stage_i \quire.WILL_FIRE_RL_seg_adder_acc_stage_i_1 $flatten\quire.\instance_fn_twosC_quire_2.$eq$/teamspace/studios/this_studio/Melodica-Integration-into-Fife-Core/Learn_Bluespec_and_RISCV_Design/Code/Build/Fife/verilog/module_fn_twosC_quire.v:72$93_Y $flatten\quire.\instance_fn_twosC_quire_2.$eq$/teamspace/studios/this_studio/Melodica-Integration-into-Fife-Core/Learn_Bluespec_and_RISCV_Design/Code/Build/Fife/verilog/module_fn_twosC_quire.v:65$87_Y $flatten\quire.\instance_fn_twosC_quire_2.$eq$/teamspace/studios/this_studio/Melodica-Integration-into-Fife-Core/Learn_Bluespec_and_RISCV_Design/Code/Build/Fife/verilog/module_fn_twosC_quire.v:58$81_Y \extracter1.ff_extract_out.data0_reg [37:36] }.
    Found 1 candidates: $flatten\multiplier.$shr$/teamspace/studios/this_studio/Melodica-Integration-into-Fife-Core/Learn_Bluespec_and_RISCV_Design/Code/Build/Fife/verilog/mkMultiplier.v:206$460
    Analyzing resource sharing with $flatten\multiplier.$shr$/teamspace/studios/this_studio/Melodica-Integration-into-Fife-Core/Learn_Bluespec_and_RISCV_Design/Code/Build/Fife/verilog/mkMultiplier.v:206$460 ($shr):
      Found 1 activation_patterns using ctrl signal \multiplier.ff_pipe_reg_first_BITS_66_TO_56_PLUS_1___d7 [10].
      Forbidden control signals for this pair of cells: { $flatten\quire.\instance_fn_twosC_quire_2.$eq$/teamspace/studios/this_studio/Melodica-Integration-into-Fife-Core/Learn_Bluespec_and_RISCV_Design/Code/Build/Fife/verilog/module_fn_twosC_quire.v:72$93_Y $flatten\quire.\instance_fn_twosC_quire_2.$eq$/teamspace/studios/this_studio/Melodica-Integration-into-Fife-Core/Learn_Bluespec_and_RISCV_Design/Code/Build/Fife/verilog/module_fn_twosC_quire.v:65$87_Y $flatten\quire.\instance_fn_twosC_quire_2.$eq$/teamspace/studios/this_studio/Melodica-Integration-into-Fife-Core/Learn_Bluespec_and_RISCV_Design/Code/Build/Fife/verilog/module_fn_twosC_quire.v:58$81_Y \quire.instance_fn_twosC_quire_2.fn_twosC_quire_quire_seg_zero_PLUS_1___d1 }
      Activation pattern for cell $flatten\quire.$shr$/teamspace/studios/this_studio/Melodica-Integration-into-Fife-Core/Learn_Bluespec_and_RISCV_Design/Code/Build/Fife/verilog/mkQuire.v:1036$365: { \quire.EN_init \quire.WILL_FIRE_RL_seg_adder_acc_stage_i_1 \extracter1.ff_extract_out.data0_reg [36] } = 3'101
      Activation pattern for cell $flatten\quire.$shr$/teamspace/studios/this_studio/Melodica-Integration-into-Fife-Core/Learn_Bluespec_and_RISCV_Design/Code/Build/Fife/verilog/mkQuire.v:1036$365: { \quire.EN_init \quire.WILL_FIRE_RL_seg_adder_acc_stage_i \extracter1.ff_extract_out.data0_reg [36] } = 3'101
      Activation pattern for cell $flatten\quire.$shr$/teamspace/studios/this_studio/Melodica-Integration-into-Fife-Core/Learn_Bluespec_and_RISCV_Design/Code/Build/Fife/verilog/mkQuire.v:1036$365: { \quire.EN_init \extracter1.ff_extract_out.data0_reg [37:36] } = 3'111
      Activation pattern for cell $flatten\quire.$shr$/teamspace/studios/this_studio/Melodica-Integration-into-Fife-Core/Learn_Bluespec_and_RISCV_Design/Code/Build/Fife/verilog/mkQuire.v:1036$365: { \quire.EN_init \quire.WILL_FIRE_RL_seg_adder_acc_stage_0 \extracter1.ff_extract_out.data0_reg [36] } = 3'101
      Activation pattern for cell $flatten\quire.$shr$/teamspace/studios/this_studio/Melodica-Integration-into-Fife-Core/Learn_Bluespec_and_RISCV_Design/Code/Build/Fife/verilog/mkQuire.v:1036$365: { \quire.EN_init \extracter1.ff_extract_out.data0_reg [36] } = 2'11
      Activation pattern for cell $flatten\multiplier.$shr$/teamspace/studios/this_studio/Melodica-Integration-into-Fife-Core/Learn_Bluespec_and_RISCV_Design/Code/Build/Fife/verilog/mkMultiplier.v:206$460: \multiplier.ff_pipe_reg_first_BITS_66_TO_56_PLUS_1___d7 [10] = 1'1
      Size of SAT problem: 0 cells, 629 variables, 1551 clauses
      According to the SAT solver this pair of cells can not be shared.
      Model from SAT solver: { \quire.EN_init \quire.WILL_FIRE_RL_seg_adder_acc_stage_0 \quire.WILL_FIRE_RL_seg_adder_acc_stage_i \quire.WILL_FIRE_RL_seg_adder_acc_stage_i_1 \multiplier.ff_pipe_reg_first_BITS_66_TO_56_PLUS_1___d7 [10] \extracter1.ff_extract_out.data0_reg [37:36] } = 7'1000101
  Analyzing resource sharing options for $flatten\quire.$shl$/teamspace/studios/this_studio/Melodica-Integration-into-Fife-Core/Learn_Bluespec_and_RISCV_Design/Code/Build/Fife/verilog/mkQuire.v:1033$363 ($shl):
    Found 7 activation_patterns using ctrl signal { \quire.EN_init \quire.WILL_FIRE_RL_seg_adder_acc_stage_0 \quire.WILL_FIRE_RL_seg_adder_acc_stage_i \quire.WILL_FIRE_RL_seg_adder_acc_stage_i_1 $flatten\quire.\instance_fn_twosC_quire_2.$eq$/teamspace/studios/this_studio/Melodica-Integration-into-Fife-Core/Learn_Bluespec_and_RISCV_Design/Code/Build/Fife/verilog/module_fn_twosC_quire.v:72$93_Y $flatten\quire.\instance_fn_twosC_quire_2.$eq$/teamspace/studios/this_studio/Melodica-Integration-into-Fife-Core/Learn_Bluespec_and_RISCV_Design/Code/Build/Fife/verilog/module_fn_twosC_quire.v:65$87_Y $flatten\quire.\instance_fn_twosC_quire_2.$eq$/teamspace/studios/this_studio/Melodica-Integration-into-Fife-Core/Learn_Bluespec_and_RISCV_Design/Code/Build/Fife/verilog/module_fn_twosC_quire.v:58$81_Y \extracter1.ff_extract_out.data0_reg [37:36] }.
    Found 1 candidates: $flatten\multiplier.$shl$/teamspace/studios/this_studio/Melodica-Integration-into-Fife-Core/Learn_Bluespec_and_RISCV_Design/Code/Build/Fife/verilog/mkMultiplier.v:204$459
    Analyzing resource sharing with $flatten\multiplier.$shl$/teamspace/studios/this_studio/Melodica-Integration-into-Fife-Core/Learn_Bluespec_and_RISCV_Design/Code/Build/Fife/verilog/mkMultiplier.v:204$459 ($shl):
      Found 1 activation_patterns using ctrl signal \multiplier.ff_pipe_reg_first_BITS_66_TO_56_PLUS_1___d7 [10].
      Forbidden control signals for this pair of cells: { $flatten\quire.\instance_fn_twosC_quire_2.$eq$/teamspace/studios/this_studio/Melodica-Integration-into-Fife-Core/Learn_Bluespec_and_RISCV_Design/Code/Build/Fife/verilog/module_fn_twosC_quire.v:72$93_Y $flatten\quire.\instance_fn_twosC_quire_2.$eq$/teamspace/studios/this_studio/Melodica-Integration-into-Fife-Core/Learn_Bluespec_and_RISCV_Design/Code/Build/Fife/verilog/module_fn_twosC_quire.v:65$87_Y $flatten\quire.\instance_fn_twosC_quire_2.$eq$/teamspace/studios/this_studio/Melodica-Integration-into-Fife-Core/Learn_Bluespec_and_RISCV_Design/Code/Build/Fife/verilog/module_fn_twosC_quire.v:58$81_Y \quire.instance_fn_twosC_quire_2.fn_twosC_quire_quire_seg_zero_PLUS_1___d1 }
      Activation pattern for cell $flatten\quire.$shl$/teamspace/studios/this_studio/Melodica-Integration-into-Fife-Core/Learn_Bluespec_and_RISCV_Design/Code/Build/Fife/verilog/mkQuire.v:1033$363: { \quire.EN_init \quire.WILL_FIRE_RL_seg_adder_acc_stage_i_1 \extracter1.ff_extract_out.data0_reg [36] } = 3'100
      Activation pattern for cell $flatten\quire.$shl$/teamspace/studios/this_studio/Melodica-Integration-into-Fife-Core/Learn_Bluespec_and_RISCV_Design/Code/Build/Fife/verilog/mkQuire.v:1033$363: { \quire.EN_init \quire.WILL_FIRE_RL_seg_adder_acc_stage_i \extracter1.ff_extract_out.data0_reg [36] } = 3'100
      Activation pattern for cell $flatten\quire.$shl$/teamspace/studios/this_studio/Melodica-Integration-into-Fife-Core/Learn_Bluespec_and_RISCV_Design/Code/Build/Fife/verilog/mkQuire.v:1033$363: { \quire.EN_init \extracter1.ff_extract_out.data0_reg [37:36] } = 3'110
      Activation pattern for cell $flatten\quire.$shl$/teamspace/studios/this_studio/Melodica-Integration-into-Fife-Core/Learn_Bluespec_and_RISCV_Design/Code/Build/Fife/verilog/mkQuire.v:1033$363: { \quire.EN_init \quire.WILL_FIRE_RL_seg_adder_acc_stage_0 \extracter1.ff_extract_out.data0_reg [36] } = 3'100
      Activation pattern for cell $flatten\quire.$shl$/teamspace/studios/this_studio/Melodica-Integration-into-Fife-Core/Learn_Bluespec_and_RISCV_Design/Code/Build/Fife/verilog/mkQuire.v:1033$363: { \quire.EN_init \extracter1.ff_extract_out.data0_reg [36] } = 2'10
      Activation pattern for cell $flatten\multiplier.$shl$/teamspace/studios/this_studio/Melodica-Integration-into-Fife-Core/Learn_Bluespec_and_RISCV_Design/Code/Build/Fife/verilog/mkMultiplier.v:204$459: \multiplier.ff_pipe_reg_first_BITS_66_TO_56_PLUS_1___d7 [10] = 1'0
      Size of SAT problem: 0 cells, 629 variables, 1551 clauses
      According to the SAT solver this pair of cells can not be shared.
      Model from SAT solver: { \quire.EN_init \quire.WILL_FIRE_RL_seg_adder_acc_stage_0 \quire.WILL_FIRE_RL_seg_adder_acc_stage_i \quire.WILL_FIRE_RL_seg_adder_acc_stage_i_1 \multiplier.ff_pipe_reg_first_BITS_66_TO_56_PLUS_1___d7 [10] \extracter1.ff_extract_out.data0_reg [37:36] } = 7'1000000
  Analyzing resource sharing options for $flatten\ptof.$shr$/teamspace/studios/this_studio/Melodica-Integration-into-Fife-Core/Learn_Bluespec_and_RISCV_Design/Code/Build/Fife/verilog/mkPtoF_PNE.v:199$595 ($shr):
    Found 1 activation_patterns using ctrl signal \ptof.IF_request_put_BITS_36_TO_27_SLT_897_THEN_IF_r_ETC___d22 [5].
    Found 1 candidates: $flatten\ftop.$shr$/teamspace/studios/this_studio/Melodica-Integration-into-Fife-Core/Learn_Bluespec_and_RISCV_Design/Code/Build/Fife/verilog/mkFtoP_PNE.v:194$556
    Analyzing resource sharing with $flatten\ftop.$shr$/teamspace/studios/this_studio/Melodica-Integration-into-Fife-Core/Learn_Bluespec_and_RISCV_Design/Code/Build/Fife/verilog/mkFtoP_PNE.v:194$556 ($shr):
      Found 1 activation_patterns using ctrl signal \ftop.IF_SEXT__0_CONCAT_request_put_BITS_30_TO_23_3__ETC___d32 [5].
      Forbidden control signals for this pair of cells: { $flatten\ptof.$procmux$1174_CMP $flatten\ptof.$procmux$1175_CMP }
      Activation pattern for cell $flatten\ptof.$shr$/teamspace/studios/this_studio/Melodica-Integration-into-Fife-Core/Learn_Bluespec_and_RISCV_Design/Code/Build/Fife/verilog/mkPtoF_PNE.v:199$595: \ptof.IF_request_put_BITS_36_TO_27_SLT_897_THEN_IF_r_ETC___d22 [5] = 1'1
      Activation pattern for cell $flatten\ftop.$shr$/teamspace/studios/this_studio/Melodica-Integration-into-Fife-Core/Learn_Bluespec_and_RISCV_Design/Code/Build/Fife/verilog/mkFtoP_PNE.v:194$556: \ftop.IF_SEXT__0_CONCAT_request_put_BITS_30_TO_23_3__ETC___d32 [5] = 1'1
      Size of SAT problem: 0 cells, 2624 variables, 7079 clauses
      According to the SAT solver this pair of cells can not be shared.
      Model from SAT solver: { \ptof.IF_request_put_BITS_36_TO_27_SLT_897_THEN_IF_r_ETC___d22 [5] \ftop.IF_SEXT__0_CONCAT_request_put_BITS_30_TO_23_3__ETC___d32 [5] } = 2'11
  Analyzing resource sharing options for $flatten\ptof.$shl$/teamspace/studios/this_studio/Melodica-Integration-into-Fife-Core/Learn_Bluespec_and_RISCV_Design/Code/Build/Fife/verilog/mkPtoF_PNE.v:208$600 ($shl):
    Found 1 activation_patterns using ctrl signal \ptof.IF_request_put_BITS_36_TO_27_SLT_897_THEN_IF_r_ETC___d22 [5].
    Found 1 candidates: $flatten\ftop.$shl$/teamspace/studios/this_studio/Melodica-Integration-into-Fife-Core/Learn_Bluespec_and_RISCV_Design/Code/Build/Fife/verilog/mkFtoP_PNE.v:141$530
    Analyzing resource sharing with $flatten\ftop.$shl$/teamspace/studios/this_studio/Melodica-Integration-into-Fife-Core/Learn_Bluespec_and_RISCV_Design/Code/Build/Fife/verilog/mkFtoP_PNE.v:141$530 ($shl):
      Found 1 activation_patterns using ctrl signal \ftop.IF_SEXT__0_CONCAT_request_put_BITS_30_TO_23_3__ETC___d32 [5].
      Forbidden control signals for this pair of cells: { $flatten\ptof.$procmux$1174_CMP $flatten\ptof.$procmux$1175_CMP }
      Activation pattern for cell $flatten\ptof.$shl$/teamspace/studios/this_studio/Melodica-Integration-into-Fife-Core/Learn_Bluespec_and_RISCV_Design/Code/Build/Fife/verilog/mkPtoF_PNE.v:208$600: \ptof.IF_request_put_BITS_36_TO_27_SLT_897_THEN_IF_r_ETC___d22 [5] = 1'1
      Activation pattern for cell $flatten\ftop.$shl$/teamspace/studios/this_studio/Melodica-Integration-into-Fife-Core/Learn_Bluespec_and_RISCV_Design/Code/Build/Fife/verilog/mkFtoP_PNE.v:141$530: \ftop.IF_SEXT__0_CONCAT_request_put_BITS_30_TO_23_3__ETC___d32 [5] = 1'1
      Size of SAT problem: 0 cells, 2624 variables, 7079 clauses
      According to the SAT solver this pair of cells can not be shared.
      Model from SAT solver: { \ptof.IF_request_put_BITS_36_TO_27_SLT_897_THEN_IF_r_ETC___d22 [5] \ftop.IF_SEXT__0_CONCAT_request_put_BITS_30_TO_23_3__ETC___d32 [5] } = 2'11
  Analyzing resource sharing options for $flatten\normalizer.$auto$mem.cc:273:emit$975 ($memrd_v2):
    Found 5 activation_patterns using ctrl signal { $flatten\normalizer.$procmux$1183_CMP $flatten\normalizer.$procmux$1186_CTRL $flatten\normalizer.$procmux$1187_CTRL $flatten\normalizer.$procmux$1188_CTRL $flatten\normalizer.$procmux$1189_CTRL }.
    No candidates found.
  Analyzing resource sharing options for $flatten\multiplier.$shr$/teamspace/studios/this_studio/Melodica-Integration-into-Fife-Core/Learn_Bluespec_and_RISCV_Design/Code/Build/Fife/verilog/mkMultiplier.v:206$460 ($shr):
    Found 1 activation_patterns using ctrl signal \multiplier.ff_pipe_reg_first_BITS_66_TO_56_PLUS_1___d7 [10].
    No candidates found.
  Analyzing resource sharing options for $flatten\multiplier.$shl$/teamspace/studios/this_studio/Melodica-Integration-into-Fife-Core/Learn_Bluespec_and_RISCV_Design/Code/Build/Fife/verilog/mkMultiplier.v:204$459 ($shl):
    Found 1 activation_patterns using ctrl signal \multiplier.ff_pipe_reg_first_BITS_66_TO_56_PLUS_1___d7 [10].
    No candidates found.
  Analyzing resource sharing options for $flatten\ftop.$shr$/teamspace/studios/this_studio/Melodica-Integration-into-Fife-Core/Learn_Bluespec_and_RISCV_Design/Code/Build/Fife/verilog/mkFtoP_PNE.v:194$556 ($shr):
    Found 1 activation_patterns using ctrl signal \ftop.IF_SEXT__0_CONCAT_request_put_BITS_30_TO_23_3__ETC___d32 [5].
    No candidates found.
  Analyzing resource sharing options for $flatten\ftop.$shl$/teamspace/studios/this_studio/Melodica-Integration-into-Fife-Core/Learn_Bluespec_and_RISCV_Design/Code/Build/Fife/verilog/mkFtoP_PNE.v:141$530 ($shl):
    Found 1 activation_patterns using ctrl signal \ftop.IF_SEXT__0_CONCAT_request_put_BITS_30_TO_23_3__ETC___d32 [5].
    No candidates found.

14.15. Executing OPT pass (performing simple optimizations).

14.15.1. Executing OPT_EXPR pass (perform const folding).
Optimizing module mkPositCore.
<suppressed ~6 debug messages>

14.15.2. Executing OPT_MERGE pass (detect identical cells).
Finding identical cells in module `\mkPositCore'.
Removed a total of 0 cells.

14.15.3. Executing OPT_MUXTREE pass (detect dead branches in mux trees).
Running muxtree optimizer on module \mkPositCore..
  Creating internal representation of mux trees.
  Evaluating internal representation of mux trees.
  Analyzing evaluation results.
Removed 0 multiplexer ports.
<suppressed ~144 debug messages>

14.15.4. Executing OPT_REDUCE pass (consolidate $*mux and $reduce_* inputs).
  Optimizing cells in module \mkPositCore.
Performed a total of 0 changes.

14.15.5. Executing OPT_MERGE pass (detect identical cells).
Finding identical cells in module `\mkPositCore'.
Removed a total of 0 cells.

14.15.6. Executing OPT_DFF pass (perform DFF optimizations).

14.15.7. Executing OPT_CLEAN pass (remove unused cells and wires).
Finding unused cells or wires in module \mkPositCore..
Removed 7 unused cells and 18 unused wires.
<suppressed ~13 debug messages>

14.15.8. Executing OPT_EXPR pass (perform const folding).
Optimizing module mkPositCore.

14.15.9. Rerunning OPT passes. (Maybe there is more to do..)

14.15.10. Executing OPT_MUXTREE pass (detect dead branches in mux trees).
Running muxtree optimizer on module \mkPositCore..
  Creating internal representation of mux trees.
  Evaluating internal representation of mux trees.
  Analyzing evaluation results.
Removed 0 multiplexer ports.
<suppressed ~144 debug messages>

14.15.11. Executing OPT_REDUCE pass (consolidate $*mux and $reduce_* inputs).
  Optimizing cells in module \mkPositCore.
Performed a total of 0 changes.

14.15.12. Executing OPT_MERGE pass (detect identical cells).
Finding identical cells in module `\mkPositCore'.
Removed a total of 0 cells.

14.15.13. Executing OPT_DFF pass (perform DFF optimizations).

14.15.14. Executing OPT_CLEAN pass (remove unused cells and wires).
Finding unused cells or wires in module \mkPositCore..

14.15.15. Executing OPT_EXPR pass (perform const folding).
Optimizing module mkPositCore.

14.15.16. Finished OPT passes. (There is nothing left to do.)

14.16. Executing MEMORY pass.

14.16.1. Executing OPT_MEM pass (optimize memories).
Performed a total of 0 transformations.

14.16.2. Executing OPT_MEM_PRIORITY pass (removing unnecessary memory write priority relations).
Performed a total of 0 transformations.

14.16.3. Executing OPT_MEM_FEEDBACK pass (finding memory read-to-write feedback paths).
  Analyzing mkPositCore.quire.seg_adder_vff_carry_0.arr write port 0.
  Analyzing mkPositCore.quire.seg_adder_vff_carry_1.arr write port 0.
  Analyzing mkPositCore.quire.seg_adder_vff_carry_2.arr write port 0.
  Analyzing mkPositCore.quire.seg_adder_vff_in_0.arr write port 0.
  Analyzing mkPositCore.quire.seg_adder_vff_in_1.arr write port 0.
  Analyzing mkPositCore.quire.seg_adder_vff_in_2.arr write port 0.
  Analyzing mkPositCore.quire.seg_adder_vff_in_3.arr write port 0.

14.16.4. Executing MEMORY_BMUX2ROM pass (converting muxes to ROMs).

14.16.5. Executing MEMORY_DFF pass (merging $dff cells to $memrd).
Checking read port `$flatten\normalizer.$auto$proc_rom.cc:150:do_switch$974'[0] in module `\mkPositCore': no output FF found.
Checking read port `\quire.seg_adder_vff_carry_0.arr'[0] in module `\mkPositCore': no output FF found.
Checking read port `\quire.seg_adder_vff_carry_1.arr'[0] in module `\mkPositCore': no output FF found.
Checking read port `\quire.seg_adder_vff_carry_2.arr'[0] in module `\mkPositCore': no output FF found.
Checking read port `\quire.seg_adder_vff_in_0.arr'[0] in module `\mkPositCore': no output FF found.
Checking read port `\quire.seg_adder_vff_in_1.arr'[0] in module `\mkPositCore': no output FF found.
Checking read port `\quire.seg_adder_vff_in_2.arr'[0] in module `\mkPositCore': no output FF found.
Checking read port `\quire.seg_adder_vff_in_3.arr'[0] in module `\mkPositCore': no output FF found.
Checking read port address `$flatten\normalizer.$auto$proc_rom.cc:150:do_switch$974'[0] in module `\mkPositCore': no address FF found.
Checking read port address `\quire.seg_adder_vff_carry_0.arr'[0] in module `\mkPositCore': merged address FF to cell.
Checking read port address `\quire.seg_adder_vff_carry_1.arr'[0] in module `\mkPositCore': merged address FF to cell.
Checking read port address `\quire.seg_adder_vff_carry_2.arr'[0] in module `\mkPositCore': merged address FF to cell.
Checking read port address `\quire.seg_adder_vff_in_0.arr'[0] in module `\mkPositCore': merged address FF to cell.
Checking read port address `\quire.seg_adder_vff_in_1.arr'[0] in module `\mkPositCore': merged address FF to cell.
Checking read port address `\quire.seg_adder_vff_in_2.arr'[0] in module `\mkPositCore': merged address FF to cell.
Checking read port address `\quire.seg_adder_vff_in_3.arr'[0] in module `\mkPositCore': merged address FF to cell.

14.16.6. Executing OPT_CLEAN pass (remove unused cells and wires).
Finding unused cells or wires in module \mkPositCore..

14.16.7. Executing MEMORY_SHARE pass (consolidating $memrd/$memwr cells).

14.16.8. Executing OPT_MEM_WIDEN pass (optimize memories where all ports are wide).
Performed a total of 0 transformations.

14.16.9. Executing OPT_CLEAN pass (remove unused cells and wires).
Finding unused cells or wires in module \mkPositCore..

14.16.10. Executing MEMORY_COLLECT pass (generating $mem cells).

14.17. Executing OPT_CLEAN pass (remove unused cells and wires).
Finding unused cells or wires in module \mkPositCore..

14.18. Executing OPT pass (performing simple optimizations).

14.18.1. Executing OPT_EXPR pass (perform const folding).
Optimizing module mkPositCore.
<suppressed ~355 debug messages>

14.18.2. Executing OPT_MERGE pass (detect identical cells).
Finding identical cells in module `\mkPositCore'.
<suppressed ~24 debug messages>
Removed a total of 8 cells.

14.18.3. Executing OPT_DFF pass (perform DFF optimizations).

14.18.4. Executing OPT_CLEAN pass (remove unused cells and wires).
Finding unused cells or wires in module \mkPositCore..
Removed 18 unused cells and 121 unused wires.
<suppressed ~19 debug messages>

14.18.5. Finished fast OPT passes.

14.19. Executing MEMORY_MAP pass (converting memories to logic and flip-flops).
Mapping memory $flatten\normalizer.$auto$proc_rom.cc:150:do_switch$974 in module \mkPositCore:
  created 16 $dff cells and 0 static cells of width 6.
  read interface: 0 $dff and 15 $mux cells.
  write interface: 0 write mux blocks.
Mapping memory \quire.seg_adder_vff_carry_0.arr in module \mkPositCore:
  created 3 $dff cells and 0 static cells of width 1.
Extracted addr FF from read port 0 of mkPositCore.quire.seg_adder_vff_carry_0.arr: $\quire.seg_adder_vff_carry_0.arr$rdreg[0]
  read interface: 1 $dff and 3 $mux cells.
  write interface: 3 write mux blocks.
Mapping memory \quire.seg_adder_vff_carry_1.arr in module \mkPositCore:
  created 3 $dff cells and 0 static cells of width 1.
Extracted addr FF from read port 0 of mkPositCore.quire.seg_adder_vff_carry_1.arr: $\quire.seg_adder_vff_carry_1.arr$rdreg[0]
  read interface: 1 $dff and 3 $mux cells.
  write interface: 3 write mux blocks.
Mapping memory \quire.seg_adder_vff_carry_2.arr in module \mkPositCore:
  created 3 $dff cells and 0 static cells of width 1.
Extracted addr FF from read port 0 of mkPositCore.quire.seg_adder_vff_carry_2.arr: $\quire.seg_adder_vff_carry_2.arr$rdreg[0]
  read interface: 1 $dff and 3 $mux cells.
  write interface: 3 write mux blocks.
Mapping memory \quire.seg_adder_vff_in_0.arr in module \mkPositCore:
  created 3 $dff cells and 0 static cells of width 32.
Extracted addr FF from read port 0 of mkPositCore.quire.seg_adder_vff_in_0.arr: $\quire.seg_adder_vff_in_0.arr$rdreg[0]
  read interface: 1 $dff and 3 $mux cells.
  write interface: 3 write mux blocks.
Mapping memory \quire.seg_adder_vff_in_1.arr in module \mkPositCore:
  created 3 $dff cells and 0 static cells of width 32.
Extracted addr FF from read port 0 of mkPositCore.quire.seg_adder_vff_in_1.arr: $\quire.seg_adder_vff_in_1.arr$rdreg[0]
  read interface: 1 $dff and 3 $mux cells.
  write interface: 3 write mux blocks.
Mapping memory \quire.seg_adder_vff_in_2.arr in module \mkPositCore:
  created 3 $dff cells and 0 static cells of width 32.
Extracted addr FF from read port 0 of mkPositCore.quire.seg_adder_vff_in_2.arr: $\quire.seg_adder_vff_in_2.arr$rdreg[0]
  read interface: 1 $dff and 3 $mux cells.
  write interface: 3 write mux blocks.
Mapping memory \quire.seg_adder_vff_in_3.arr in module \mkPositCore:
  created 3 $dff cells and 0 static cells of width 32.
Extracted addr FF from read port 0 of mkPositCore.quire.seg_adder_vff_in_3.arr: $\quire.seg_adder_vff_in_3.arr$rdreg[0]
  read interface: 1 $dff and 3 $mux cells.
  write interface: 3 write mux blocks.

14.20. Executing OPT pass (performing simple optimizations).

14.20.1. Executing OPT_EXPR pass (perform const folding).
Optimizing module mkPositCore.
<suppressed ~103 debug messages>

14.20.2. Executing OPT_MERGE pass (detect identical cells).
Finding identical cells in module `\mkPositCore'.
Removed a total of 0 cells.

14.20.3. Executing OPT_MUXTREE pass (detect dead branches in mux trees).
Running muxtree optimizer on module \mkPositCore..
  Creating internal representation of mux trees.
  Evaluating internal representation of mux trees.
  Analyzing evaluation results.
Removed 0 multiplexer ports.
<suppressed ~124 debug messages>

14.20.4. Executing OPT_REDUCE pass (consolidate $*mux and $reduce_* inputs).
  Optimizing cells in module \mkPositCore.
    Consolidated identical input bits for $mux cell $memory$flatten\normalizer.$auto$proc_rom.cc:150:do_switch$974$rdmux[0][3][5]$2357:
      Old ports: A=6'000000, B=6'000001, Y=$memory$flatten\normalizer.$auto$proc_rom.cc:150:do_switch$974$rdmux[0][2][2]$b$2338
      New ports: A=1'0, B=1'1, Y=$memory$flatten\normalizer.$auto$proc_rom.cc:150:do_switch$974$rdmux[0][2][2]$b$2338 [0]
      New connections: $memory$flatten\normalizer.$auto$proc_rom.cc:150:do_switch$974$rdmux[0][2][2]$b$2338 [5:1] = 5'00000
    Consolidated identical input bits for $mux cell $memory$flatten\normalizer.$auto$proc_rom.cc:150:do_switch$974$rdmux[0][3][2]$2348:
      Old ports: A=6'111110, B=6'111111, Y=$memory$flatten\normalizer.$auto$proc_rom.cc:150:do_switch$974$rdmux[0][2][1]$a$2334
      New ports: A=1'0, B=1'1, Y=$memory$flatten\normalizer.$auto$proc_rom.cc:150:do_switch$974$rdmux[0][2][1]$a$2334 [0]
      New connections: $memory$flatten\normalizer.$auto$proc_rom.cc:150:do_switch$974$rdmux[0][2][1]$a$2334 [5:1] = 5'11111
    Consolidated identical input bits for $mux cell $memory$flatten\normalizer.$auto$proc_rom.cc:150:do_switch$974$rdmux[0][3][1]$2345:
      Old ports: A=6'001110, B=6'011110, Y=$memory$flatten\normalizer.$auto$proc_rom.cc:150:do_switch$974$rdmux[0][2][0]$b$2332
      New ports: A=1'0, B=1'1, Y=$memory$flatten\normalizer.$auto$proc_rom.cc:150:do_switch$974$rdmux[0][2][0]$b$2332 [4]
      New connections: { $memory$flatten\normalizer.$auto$proc_rom.cc:150:do_switch$974$rdmux[0][2][0]$b$2332 [5] $memory$flatten\normalizer.$auto$proc_rom.cc:150:do_switch$974$rdmux[0][2][0]$b$2332 [3:0] } = 5'01110
    Consolidated identical input bits for $mux cell $memory$flatten\normalizer.$auto$proc_rom.cc:150:do_switch$974$rdmux[0][3][0]$2342:
      Old ports: A=6'000010, B=6'000110, Y=$memory$flatten\normalizer.$auto$proc_rom.cc:150:do_switch$974$rdmux[0][2][0]$a$2331
      New ports: A=1'0, B=1'1, Y=$memory$flatten\normalizer.$auto$proc_rom.cc:150:do_switch$974$rdmux[0][2][0]$a$2331 [2]
      New connections: { $memory$flatten\normalizer.$auto$proc_rom.cc:150:do_switch$974$rdmux[0][2][0]$a$2331 [5:3] $memory$flatten\normalizer.$auto$proc_rom.cc:150:do_switch$974$rdmux[0][2][0]$a$2331 [1:0] } = 5'00010
    Consolidated identical input bits for $mux cell $flatten\extracter1.$ternary$/teamspace/studios/this_studio/Melodica-Integration-into-Fife-Core/Learn_Bluespec_and_RISCV_Design/Code/Build/Fife/verilog/mkExtracter.v:137$478:
      Old ports: A={ \extracter1.SEXT_IF_INV_request_put_BITS_29_TO_25_XOR_SEXT_ETC___d62 \extracter1.IF_INV_request_put_BITS_29_TO_25_XOR_SEXT_requ_ETC___d52 [23:0] 3'000 }, B=37'0000000000000000000000000000000000000, Y=\extracter1.ff_extract_out.D_IN [36:0]
      New ports: A={ \extracter1.SEXT_IF_INV_request_put_BITS_29_TO_25_XOR_SEXT_ETC___d62 \extracter1.IF_INV_request_put_BITS_29_TO_25_XOR_SEXT_requ_ETC___d52 [23:0] }, B=34'0000000000000000000000000000000000, Y=\extracter1.ff_extract_out.D_IN [36:3]
      New connections: \extracter1.ff_extract_out.D_IN [2:0] = 3'000
    Consolidated identical input bits for $mux cell $flatten\extracter1.$ternary$/teamspace/studios/this_studio/Melodica-Integration-into-Fife-Core/Learn_Bluespec_and_RISCV_Design/Code/Build/Fife/verilog/mkExtracter.v:148$487:
      Old ports: A=5'11110, B=5'00001, Y=$auto$wreduce.cc:461:run$1873 [4:0]
      New ports: A=2'10, B=2'01, Y=$auto$wreduce.cc:461:run$1873 [1:0]
      New connections: $auto$wreduce.cc:461:run$1873 [4:2] = { $auto$wreduce.cc:461:run$1873 [1] $auto$wreduce.cc:461:run$1873 [1] $auto$wreduce.cc:461:run$1873 [1] }
    Consolidated identical input bits for $mux cell $flatten\extracter1.$ternary$/teamspace/studios/this_studio/Melodica-Integration-into-Fife-Core/Learn_Bluespec_and_RISCV_Design/Code/Build/Fife/verilog/mkExtracter.v:156$491:
      Old ports: A=5'11100, B=5'00011, Y=$auto$wreduce.cc:461:run$1874 [4:0]
      New ports: A=2'10, B=2'01, Y={ $auto$wreduce.cc:461:run$1874 [2] $auto$wreduce.cc:461:run$1874 [0] }
      New connections: { $auto$wreduce.cc:461:run$1874 [4:3] $auto$wreduce.cc:461:run$1874 [1] } = { $auto$wreduce.cc:461:run$1874 [2] $auto$wreduce.cc:461:run$1874 [2] $auto$wreduce.cc:461:run$1874 [0] }
    Consolidated identical input bits for $mux cell $flatten\extracter1.$ternary$/teamspace/studios/this_studio/Melodica-Integration-into-Fife-Core/Learn_Bluespec_and_RISCV_Design/Code/Build/Fife/verilog/mkExtracter.v:158$492:
      Old ports: A=5'11011, B=5'00100, Y=$auto$wreduce.cc:461:run$1876 [4:0]
      New ports: A=2'01, B=2'10, Y={ $auto$wreduce.cc:461:run$1876 [2] $auto$wreduce.cc:461:run$1876 [0] }
      New connections: { $auto$wreduce.cc:461:run$1876 [4:3] $auto$wreduce.cc:461:run$1876 [1] } = { $auto$wreduce.cc:461:run$1876 [0] $auto$wreduce.cc:461:run$1876 [0] $auto$wreduce.cc:461:run$1876 [0] }
    Consolidated identical input bits for $mux cell $flatten\extracter1.$ternary$/teamspace/studios/this_studio/Melodica-Integration-into-Fife-Core/Learn_Bluespec_and_RISCV_Design/Code/Build/Fife/verilog/mkExtracter.v:159$493:
      Old ports: A=5'11010, B=5'00101, Y=$auto$wreduce.cc:461:run$1877 [4:0]
      New ports: A=2'10, B=2'01, Y=$auto$wreduce.cc:461:run$1877 [1:0]
      New connections: $auto$wreduce.cc:461:run$1877 [4:2] = { $auto$wreduce.cc:461:run$1877 [1] $auto$wreduce.cc:461:run$1877 [1:0] }
    Consolidated identical input bits for $mux cell $flatten\extracter1.$ternary$/teamspace/studios/this_studio/Melodica-Integration-into-Fife-Core/Learn_Bluespec_and_RISCV_Design/Code/Build/Fife/verilog/mkExtracter.v:162$496:
      Old ports: A=5'11101, B=5'00010, Y=$auto$wreduce.cc:461:run$1878 [4:0]
      New ports: A=2'01, B=2'10, Y=$auto$wreduce.cc:461:run$1878 [1:0]
      New connections: $auto$wreduce.cc:461:run$1878 [4:2] = { $auto$wreduce.cc:461:run$1878 [0] $auto$wreduce.cc:461:run$1878 [0] $auto$wreduce.cc:461:run$1878 [0] }
    Consolidated identical input bits for $mux cell $flatten\extracter1.$ternary$/teamspace/studios/this_studio/Melodica-Integration-into-Fife-Core/Learn_Bluespec_and_RISCV_Design/Code/Build/Fife/verilog/mkExtracter.v:167$499:
      Old ports: A=29'00000000000000000000000000000, B={ \ffI.data0_reg [96:72] 4'0000 }, Y=$flatten\extracter1.$ternary$/teamspace/studios/this_studio/Melodica-Integration-into-Fife-Core/Learn_Bluespec_and_RISCV_Design/Code/Build/Fife/verilog/mkExtracter.v:167$499_Y
      New ports: A=25'0000000000000000000000000, B=\ffI.data0_reg [96:72], Y=$flatten\extracter1.$ternary$/teamspace/studios/this_studio/Melodica-Integration-into-Fife-Core/Learn_Bluespec_and_RISCV_Design/Code/Build/Fife/verilog/mkExtracter.v:167$499_Y [28:4]
      New connections: $flatten\extracter1.$ternary$/teamspace/studios/this_studio/Melodica-Integration-into-Fife-Core/Learn_Bluespec_and_RISCV_Design/Code/Build/Fife/verilog/mkExtracter.v:167$499_Y [3:0] = 4'0000
    Consolidated identical input bits for $mux cell $flatten\extracter2.$ternary$/teamspace/studios/this_studio/Melodica-Integration-into-Fife-Core/Learn_Bluespec_and_RISCV_Design/Code/Build/Fife/verilog/mkExtracter.v:137$478:
      Old ports: A={ \extracter2.SEXT_IF_INV_request_put_BITS_29_TO_25_XOR_SEXT_ETC___d62 \extracter2.IF_INV_request_put_BITS_29_TO_25_XOR_SEXT_requ_ETC___d52 [23:0] 3'000 }, B=37'0000000000000000000000000000000000000, Y=\extracter2.ff_extract_out.D_IN [36:0]
      New ports: A={ \extracter2.SEXT_IF_INV_request_put_BITS_29_TO_25_XOR_SEXT_ETC___d62 \extracter2.IF_INV_request_put_BITS_29_TO_25_XOR_SEXT_requ_ETC___d52 [23:0] }, B=34'0000000000000000000000000000000000, Y=\extracter2.ff_extract_out.D_IN [36:3]
      New connections: \extracter2.ff_extract_out.D_IN [2:0] = 3'000
    Consolidated identical input bits for $mux cell $flatten\extracter2.$ternary$/teamspace/studios/this_studio/Melodica-Integration-into-Fife-Core/Learn_Bluespec_and_RISCV_Design/Code/Build/Fife/verilog/mkExtracter.v:148$487:
      Old ports: A=5'11110, B=5'00001, Y=$auto$wreduce.cc:461:run$1880 [4:0]
      New ports: A=2'10, B=2'01, Y=$auto$wreduce.cc:461:run$1880 [1:0]
      New connections: $auto$wreduce.cc:461:run$1880 [4:2] = { $auto$wreduce.cc:461:run$1880 [1] $auto$wreduce.cc:461:run$1880 [1] $auto$wreduce.cc:461:run$1880 [1] }
    Consolidated identical input bits for $mux cell $flatten\extracter2.$ternary$/teamspace/studios/this_studio/Melodica-Integration-into-Fife-Core/Learn_Bluespec_and_RISCV_Design/Code/Build/Fife/verilog/mkExtracter.v:156$491:
      Old ports: A=5'11100, B=5'00011, Y=$auto$wreduce.cc:461:run$1881 [4:0]
      New ports: A=2'10, B=2'01, Y={ $auto$wreduce.cc:461:run$1881 [2] $auto$wreduce.cc:461:run$1881 [0] }
      New connections: { $auto$wreduce.cc:461:run$1881 [4:3] $auto$wreduce.cc:461:run$1881 [1] } = { $auto$wreduce.cc:461:run$1881 [2] $auto$wreduce.cc:461:run$1881 [2] $auto$wreduce.cc:461:run$1881 [0] }
    Consolidated identical input bits for $mux cell $flatten\extracter2.$ternary$/teamspace/studios/this_studio/Melodica-Integration-into-Fife-Core/Learn_Bluespec_and_RISCV_Design/Code/Build/Fife/verilog/mkExtracter.v:158$492:
      Old ports: A=5'11011, B=5'00100, Y=$auto$wreduce.cc:461:run$1883 [4:0]
      New ports: A=2'01, B=2'10, Y={ $auto$wreduce.cc:461:run$1883 [2] $auto$wreduce.cc:461:run$1883 [0] }
      New connections: { $auto$wreduce.cc:461:run$1883 [4:3] $auto$wreduce.cc:461:run$1883 [1] } = { $auto$wreduce.cc:461:run$1883 [0] $auto$wreduce.cc:461:run$1883 [0] $auto$wreduce.cc:461:run$1883 [0] }
    Consolidated identical input bits for $mux cell $flatten\extracter2.$ternary$/teamspace/studios/this_studio/Melodica-Integration-into-Fife-Core/Learn_Bluespec_and_RISCV_Design/Code/Build/Fife/verilog/mkExtracter.v:159$493:
      Old ports: A=5'11010, B=5'00101, Y=$auto$wreduce.cc:461:run$1884 [4:0]
      New ports: A=2'10, B=2'01, Y=$auto$wreduce.cc:461:run$1884 [1:0]
      New connections: $auto$wreduce.cc:461:run$1884 [4:2] = { $auto$wreduce.cc:461:run$1884 [1] $auto$wreduce.cc:461:run$1884 [1:0] }
    Consolidated identical input bits for $mux cell $flatten\extracter2.$ternary$/teamspace/studios/this_studio/Melodica-Integration-into-Fife-Core/Learn_Bluespec_and_RISCV_Design/Code/Build/Fife/verilog/mkExtracter.v:162$496:
      Old ports: A=5'11101, B=5'00010, Y=$auto$wreduce.cc:461:run$1885 [4:0]
      New ports: A=2'01, B=2'10, Y=$auto$wreduce.cc:461:run$1885 [1:0]
      New connections: $auto$wreduce.cc:461:run$1885 [4:2] = { $auto$wreduce.cc:461:run$1885 [0] $auto$wreduce.cc:461:run$1885 [0] $auto$wreduce.cc:461:run$1885 [0] }
    Consolidated identical input bits for $mux cell $flatten\extracter2.$ternary$/teamspace/studios/this_studio/Melodica-Integration-into-Fife-Core/Learn_Bluespec_and_RISCV_Design/Code/Build/Fife/verilog/mkExtracter.v:167$499:
      Old ports: A=29'00000000000000000000000000000, B={ \extracter2.request_put [24:0] 4'0000 }, Y=$flatten\extracter2.$ternary$/teamspace/studios/this_studio/Melodica-Integration-into-Fife-Core/Learn_Bluespec_and_RISCV_Design/Code/Build/Fife/verilog/mkExtracter.v:167$499_Y
      New ports: A=25'0000000000000000000000000, B=\extracter2.request_put [24:0], Y=$flatten\extracter2.$ternary$/teamspace/studios/this_studio/Melodica-Integration-into-Fife-Core/Learn_Bluespec_and_RISCV_Design/Code/Build/Fife/verilog/mkExtracter.v:167$499_Y [28:4]
      New connections: $flatten\extracter2.$ternary$/teamspace/studios/this_studio/Melodica-Integration-into-Fife-Core/Learn_Bluespec_and_RISCV_Design/Code/Build/Fife/verilog/mkExtracter.v:167$499_Y [3:0] = 4'0000
    Consolidated identical input bits for $mux cell $flatten\ftop.$ternary$/teamspace/studios/this_studio/Melodica-Integration-into-Fife-Core/Learn_Bluespec_and_RISCV_Design/Code/Build/Fife/verilog/mkFtoP_PNE.v:120$526:
      Old ports: A=2'00, B=2'10, Y=$flatten\ftop.$ternary$/teamspace/studios/this_studio/Melodica-Integration-into-Fife-Core/Learn_Bluespec_and_RISCV_Design/Code/Build/Fife/verilog/mkFtoP_PNE.v:120$526_Y
      New ports: A=1'0, B=1'1, Y=$flatten\ftop.$ternary$/teamspace/studios/this_studio/Melodica-Integration-into-Fife-Core/Learn_Bluespec_and_RISCV_Design/Code/Build/Fife/verilog/mkFtoP_PNE.v:120$526_Y [1]
      New connections: $flatten\ftop.$ternary$/teamspace/studios/this_studio/Melodica-Integration-into-Fife-Core/Learn_Bluespec_and_RISCV_Design/Code/Build/Fife/verilog/mkFtoP_PNE.v:120$526_Y [0] = 1'0
    Consolidated identical input bits for $mux cell $flatten\ftop.$ternary$/teamspace/studios/this_studio/Melodica-Integration-into-Fife-Core/Learn_Bluespec_and_RISCV_Design/Code/Build/Fife/verilog/mkFtoP_PNE.v:145$539:
      Old ports: A=27'111111111111111111111111111, B={ \ffI.data0_reg [94:72] 4'0000 }, Y=$flatten\ftop.$ternary$/teamspace/studios/this_studio/Melodica-Integration-into-Fife-Core/Learn_Bluespec_and_RISCV_Design/Code/Build/Fife/verilog/mkFtoP_PNE.v:145$539_Y
      New ports: A=24'111111111111111111111111, B={ \ffI.data0_reg [94:72] 1'0 }, Y={ $flatten\ftop.$ternary$/teamspace/studios/this_studio/Melodica-Integration-into-Fife-Core/Learn_Bluespec_and_RISCV_Design/Code/Build/Fife/verilog/mkFtoP_PNE.v:145$539_Y [26:4] $flatten\ftop.$ternary$/teamspace/studios/this_studio/Melodica-Integration-into-Fife-Core/Learn_Bluespec_and_RISCV_Design/Code/Build/Fife/verilog/mkFtoP_PNE.v:145$539_Y [0] }
      New connections: $flatten\ftop.$ternary$/teamspace/studios/this_studio/Melodica-Integration-into-Fife-Core/Learn_Bluespec_and_RISCV_Design/Code/Build/Fife/verilog/mkFtoP_PNE.v:145$539_Y [3:1] = { $flatten\ftop.$ternary$/teamspace/studios/this_studio/Melodica-Integration-into-Fife-Core/Learn_Bluespec_and_RISCV_Design/Code/Build/Fife/verilog/mkFtoP_PNE.v:145$539_Y [0] $flatten\ftop.$ternary$/teamspace/studios/this_studio/Melodica-Integration-into-Fife-Core/Learn_Bluespec_and_RISCV_Design/Code/Build/Fife/verilog/mkFtoP_PNE.v:145$539_Y [0] $flatten\ftop.$ternary$/teamspace/studios/this_studio/Melodica-Integration-into-Fife-Core/Learn_Bluespec_and_RISCV_Design/Code/Build/Fife/verilog/mkFtoP_PNE.v:145$539_Y [0] }
    Consolidated identical input bits for $mux cell $flatten\ftop.$ternary$/teamspace/studios/this_studio/Melodica-Integration-into-Fife-Core/Learn_Bluespec_and_RISCV_Design/Code/Build/Fife/verilog/mkFtoP_PNE.v:200$558:
      Old ports: A=10'0001111000, B={ \ftop._0_CONCAT_request_put_BITS_30_TO_23_MINUS_127_B_ETC__q2 [7] \ftop._0_CONCAT_request_put_BITS_30_TO_23_MINUS_127_B_ETC__q2 [7] \ftop._0_CONCAT_request_put_BITS_30_TO_23_MINUS_127_B_ETC__q2 }, Y=$flatten\ftop.$ternary$/teamspace/studios/this_studio/Melodica-Integration-into-Fife-Core/Learn_Bluespec_and_RISCV_Design/Code/Build/Fife/verilog/mkFtoP_PNE.v:200$558_Y
      New ports: A=8'01111000, B=\ftop._0_CONCAT_request_put_BITS_30_TO_23_MINUS_127_B_ETC__q2, Y=$flatten\ftop.$ternary$/teamspace/studios/this_studio/Melodica-Integration-into-Fife-Core/Learn_Bluespec_and_RISCV_Design/Code/Build/Fife/verilog/mkFtoP_PNE.v:200$558_Y [7:0]
      New connections: $flatten\ftop.$ternary$/teamspace/studios/this_studio/Melodica-Integration-into-Fife-Core/Learn_Bluespec_and_RISCV_Design/Code/Build/Fife/verilog/mkFtoP_PNE.v:200$558_Y [9:8] = { $flatten\ftop.$ternary$/teamspace/studios/this_studio/Melodica-Integration-into-Fife-Core/Learn_Bluespec_and_RISCV_Design/Code/Build/Fife/verilog/mkFtoP_PNE.v:200$558_Y [7] $flatten\ftop.$ternary$/teamspace/studios/this_studio/Melodica-Integration-into-Fife-Core/Learn_Bluespec_and_RISCV_Design/Code/Build/Fife/verilog/mkFtoP_PNE.v:200$558_Y [7] }
    Consolidated identical input bits for $mux cell $flatten\quire.$ternary$/teamspace/studios/this_studio/Melodica-Integration-into-Fife-Core/Learn_Bluespec_and_RISCV_Design/Code/Build/Fife/verilog/mkQuire.v:1138$383:
      Old ports: A=6'100000, B=6'011111, Y=$flatten\quire.$ternary$/teamspace/studios/this_studio/Melodica-Integration-into-Fife-Core/Learn_Bluespec_and_RISCV_Design/Code/Build/Fife/verilog/mkQuire.v:1138$383_Y
      New ports: A=2'10, B=2'01, Y={ $flatten\quire.$ternary$/teamspace/studios/this_studio/Melodica-Integration-into-Fife-Core/Learn_Bluespec_and_RISCV_Design/Code/Build/Fife/verilog/mkQuire.v:1138$383_Y [5] $flatten\quire.$ternary$/teamspace/studios/this_studio/Melodica-Integration-into-Fife-Core/Learn_Bluespec_and_RISCV_Design/Code/Build/Fife/verilog/mkQuire.v:1138$383_Y [0] }
      New connections: $flatten\quire.$ternary$/teamspace/studios/this_studio/Melodica-Integration-into-Fife-Core/Learn_Bluespec_and_RISCV_Design/Code/Build/Fife/verilog/mkQuire.v:1138$383_Y [4:1] = { $flatten\quire.$ternary$/teamspace/studios/this_studio/Melodica-Integration-into-Fife-Core/Learn_Bluespec_and_RISCV_Design/Code/Build/Fife/verilog/mkQuire.v:1138$383_Y [0] $flatten\quire.$ternary$/teamspace/studios/this_studio/Melodica-Integration-into-Fife-Core/Learn_Bluespec_and_RISCV_Design/Code/Build/Fife/verilog/mkQuire.v:1138$383_Y [0] $flatten\quire.$ternary$/teamspace/studios/this_studio/Melodica-Integration-into-Fife-Core/Learn_Bluespec_and_RISCV_Design/Code/Build/Fife/verilog/mkQuire.v:1138$383_Y [0] $flatten\quire.$ternary$/teamspace/studios/this_studio/Melodica-Integration-into-Fife-Core/Learn_Bluespec_and_RISCV_Design/Code/Build/Fife/verilog/mkQuire.v:1138$383_Y [0] }
    Consolidated identical input bits for $mux cell $flatten\quire.$ternary$/teamspace/studios/this_studio/Melodica-Integration-into-Fife-Core/Learn_Bluespec_and_RISCV_Design/Code/Build/Fife/verilog/mkQuire.v:845$310:
      Old ports: A={ 2'00 \quire.MUX_posit_rsp_f$enq_1__VAL_2 [39] \quire.IF_SEXT_IF_ff_num_msb_zeros_first__57_PLUS_1_5_ETC___d176 \quire.prenorm_posit_frac__h10787 \quire.x__h13658 \quire.x__h14582 }, B=42'100000000000000000000000000000000000000001, Y=\quire.posit_rsp_f.D_IN [41:0]
      New ports: A={ 1'0 \quire.MUX_posit_rsp_f$enq_1__VAL_2 [39] \quire.IF_SEXT_IF_ff_num_msb_zeros_first__57_PLUS_1_5_ETC___d176 \quire.prenorm_posit_frac__h10787 \quire.x__h13658 \quire.x__h14582 }, B=41'10000000000000000000000000000000000000001, Y={ \quire.posit_rsp_f.D_IN [41] \quire.posit_rsp_f.D_IN [39:0] }
      New connections: \quire.posit_rsp_f.D_IN [40] = 1'0
    Consolidated identical input bits for $mux cell $flatten\quire.$ternary$/teamspace/studios/this_studio/Melodica-Integration-into-Fife-Core/Learn_Bluespec_and_RISCV_Design/Code/Build/Fife/verilog/mkQuire.v:941$328:
      Old ports: A=2'11, B=2'00, Y=$auto$wreduce.cc:461:run$1888 [1:0]
      New ports: A=1'1, B=1'0, Y=$auto$wreduce.cc:461:run$1888 [0]
      New connections: $auto$wreduce.cc:461:run$1888 [1] = $auto$wreduce.cc:461:run$1888 [0]
    Consolidated identical input bits for $mux cell $flatten\quire.$ternary$/teamspace/studios/this_studio/Melodica-Integration-into-Fife-Core/Learn_Bluespec_and_RISCV_Design/Code/Build/Fife/verilog/mkQuire.v:949$333:
      Old ports: A=10'0001111000, B={ \quire.IF_ff_num_msb_zeros_first__57_PLUS_1_58_BIT_7__ETC___d163 [7] \quire.IF_ff_num_msb_zeros_first__57_PLUS_1_58_BIT_7__ETC___d163 [7] \quire.IF_ff_num_msb_zeros_first__57_PLUS_1_58_BIT_7__ETC___d163 }, Y=$flatten\quire.$ternary$/teamspace/studios/this_studio/Melodica-Integration-into-Fife-Core/Learn_Bluespec_and_RISCV_Design/Code/Build/Fife/verilog/mkQuire.v:949$333_Y
      New ports: A=8'01111000, B=\quire.IF_ff_num_msb_zeros_first__57_PLUS_1_58_BIT_7__ETC___d163, Y=$flatten\quire.$ternary$/teamspace/studios/this_studio/Melodica-Integration-into-Fife-Core/Learn_Bluespec_and_RISCV_Design/Code/Build/Fife/verilog/mkQuire.v:949$333_Y [7:0]
      New connections: $flatten\quire.$ternary$/teamspace/studios/this_studio/Melodica-Integration-into-Fife-Core/Learn_Bluespec_and_RISCV_Design/Code/Build/Fife/verilog/mkQuire.v:949$333_Y [9:8] = { $flatten\quire.$ternary$/teamspace/studios/this_studio/Melodica-Integration-into-Fife-Core/Learn_Bluespec_and_RISCV_Design/Code/Build/Fife/verilog/mkQuire.v:949$333_Y [7] $flatten\quire.$ternary$/teamspace/studios/this_studio/Melodica-Integration-into-Fife-Core/Learn_Bluespec_and_RISCV_Design/Code/Build/Fife/verilog/mkQuire.v:949$333_Y [7] }
    Consolidated identical input bits for $mux cell $flatten\quire.\instance_fn_twosC_quire_0.$ternary$/teamspace/studios/this_studio/Melodica-Integration-into-Fife-Core/Learn_Bluespec_and_RISCV_Design/Code/Build/Fife/verilog/module_fn_twosC_quire.v:79$104:
      Old ports: A=31'0000000000000000000000000000000, B=31'1111111111111111111111111111111, Y=\quire.instance_fn_twosC_quire_0.IF_fn_twosC_quire_quire_seg_zero_PLUS_1_BIT_3__ETC___d9 [30:0]
      New ports: A=1'0, B=1'1, Y=\quire.instance_fn_twosC_quire_0.IF_fn_twosC_quire_quire_seg_zero_PLUS_1_BIT_3__ETC___d9 [0]
      New connections: \quire.instance_fn_twosC_quire_0.IF_fn_twosC_quire_quire_seg_zero_PLUS_1_BIT_3__ETC___d9 [30:1] = { \quire.instance_fn_twosC_quire_0.IF_fn_twosC_quire_quire_seg_zero_PLUS_1_BIT_3__ETC___d9 [0] \quire.instance_fn_twosC_quire_0.IF_fn_twosC_quire_quire_seg_zero_PLUS_1_BIT_3__ETC___d9 [0] \quire.instance_fn_twosC_quire_0.IF_fn_twosC_quire_quire_seg_zero_PLUS_1_BIT_3__ETC___d9 [0] \quire.instance_fn_twosC_quire_0.IF_fn_twosC_quire_quire_seg_zero_PLUS_1_BIT_3__ETC___d9 [0] \quire.instance_fn_twosC_quire_0.IF_fn_twosC_quire_quire_seg_zero_PLUS_1_BIT_3__ETC___d9 [0] \quire.instance_fn_twosC_quire_0.IF_fn_twosC_quire_quire_seg_zero_PLUS_1_BIT_3__ETC___d9 [0] \quire.instance_fn_twosC_quire_0.IF_fn_twosC_quire_quire_seg_zero_PLUS_1_BIT_3__ETC___d9 [0] \quire.instance_fn_twosC_quire_0.IF_fn_twosC_quire_quire_seg_zero_PLUS_1_BIT_3__ETC___d9 [0] \quire.instance_fn_twosC_quire_0.IF_fn_twosC_quire_quire_seg_zero_PLUS_1_BIT_3__ETC___d9 [0] \quire.instance_fn_twosC_quire_0.IF_fn_twosC_quire_quire_seg_zero_PLUS_1_BIT_3__ETC___d9 [0] \quire.instance_fn_twosC_quire_0.IF_fn_twosC_quire_quire_seg_zero_PLUS_1_BIT_3__ETC___d9 [0] \quire.instance_fn_twosC_quire_0.IF_fn_twosC_quire_quire_seg_zero_PLUS_1_BIT_3__ETC___d9 [0] \quire.instance_fn_twosC_quire_0.IF_fn_twosC_quire_quire_seg_zero_PLUS_1_BIT_3__ETC___d9 [0] \quire.instance_fn_twosC_quire_0.IF_fn_twosC_quire_quire_seg_zero_PLUS_1_BIT_3__ETC___d9 [0] \quire.instance_fn_twosC_quire_0.IF_fn_twosC_quire_quire_seg_zero_PLUS_1_BIT_3__ETC___d9 [0] \quire.instance_fn_twosC_quire_0.IF_fn_twosC_quire_quire_seg_zero_PLUS_1_BIT_3__ETC___d9 [0] \quire.instance_fn_twosC_quire_0.IF_fn_twosC_quire_quire_seg_zero_PLUS_1_BIT_3__ETC___d9 [0] \quire.instance_fn_twosC_quire_0.IF_fn_twosC_quire_quire_seg_zero_PLUS_1_BIT_3__ETC___d9 [0] \quire.instance_fn_twosC_quire_0.IF_fn_twosC_quire_quire_seg_zero_PLUS_1_BIT_3__ETC___d9 [0] \quire.instance_fn_twosC_quire_0.IF_fn_twosC_quire_quire_seg_zero_PLUS_1_BIT_3__ETC___d9 [0] \quire.instance_fn_twosC_quire_0.IF_fn_twosC_quire_quire_seg_zero_PLUS_1_BIT_3__ETC___d9 [0] \quire.instance_fn_twosC_quire_0.IF_fn_twosC_quire_quire_seg_zero_PLUS_1_BIT_3__ETC___d9 [0] \quire.instance_fn_twosC_quire_0.IF_fn_twosC_quire_quire_seg_zero_PLUS_1_BIT_3__ETC___d9 [0] \quire.instance_fn_twosC_quire_0.IF_fn_twosC_quire_quire_seg_zero_PLUS_1_BIT_3__ETC___d9 [0] \quire.instance_fn_twosC_quire_0.IF_fn_twosC_quire_quire_seg_zero_PLUS_1_BIT_3__ETC___d9 [0] \quire.instance_fn_twosC_quire_0.IF_fn_twosC_quire_quire_seg_zero_PLUS_1_BIT_3__ETC___d9 [0] \quire.instance_fn_twosC_quire_0.IF_fn_twosC_quire_quire_seg_zero_PLUS_1_BIT_3__ETC___d9 [0] \quire.instance_fn_twosC_quire_0.IF_fn_twosC_quire_quire_seg_zero_PLUS_1_BIT_3__ETC___d9 [0] \quire.instance_fn_twosC_quire_0.IF_fn_twosC_quire_quire_seg_zero_PLUS_1_BIT_3__ETC___d9 [0] \quire.instance_fn_twosC_quire_0.IF_fn_twosC_quire_quire_seg_zero_PLUS_1_BIT_3__ETC___d9 [0] }
    Consolidated identical input bits for $mux cell $flatten\quire.\instance_fn_twosC_quire_2.$ternary$/teamspace/studios/this_studio/Melodica-Integration-into-Fife-Core/Learn_Bluespec_and_RISCV_Design/Code/Build/Fife/verilog/module_fn_twosC_quire.v:79$104:
      Old ports: A=31'0000000000000000000000000000000, B=31'1111111111111111111111111111111, Y=\quire.instance_fn_twosC_quire_2.IF_fn_twosC_quire_quire_seg_zero_PLUS_1_BIT_3__ETC___d9 [30:0]
      New ports: A=1'0, B=1'1, Y=\quire.instance_fn_twosC_quire_2.IF_fn_twosC_quire_quire_seg_zero_PLUS_1_BIT_3__ETC___d9 [0]
      New connections: \quire.instance_fn_twosC_quire_2.IF_fn_twosC_quire_quire_seg_zero_PLUS_1_BIT_3__ETC___d9 [30:1] = { \quire.instance_fn_twosC_quire_2.IF_fn_twosC_quire_quire_seg_zero_PLUS_1_BIT_3__ETC___d9 [0] \quire.instance_fn_twosC_quire_2.IF_fn_twosC_quire_quire_seg_zero_PLUS_1_BIT_3__ETC___d9 [0] \quire.instance_fn_twosC_quire_2.IF_fn_twosC_quire_quire_seg_zero_PLUS_1_BIT_3__ETC___d9 [0] \quire.instance_fn_twosC_quire_2.IF_fn_twosC_quire_quire_seg_zero_PLUS_1_BIT_3__ETC___d9 [0] \quire.instance_fn_twosC_quire_2.IF_fn_twosC_quire_quire_seg_zero_PLUS_1_BIT_3__ETC___d9 [0] \quire.instance_fn_twosC_quire_2.IF_fn_twosC_quire_quire_seg_zero_PLUS_1_BIT_3__ETC___d9 [0] \quire.instance_fn_twosC_quire_2.IF_fn_twosC_quire_quire_seg_zero_PLUS_1_BIT_3__ETC___d9 [0] \quire.instance_fn_twosC_quire_2.IF_fn_twosC_quire_quire_seg_zero_PLUS_1_BIT_3__ETC___d9 [0] \quire.instance_fn_twosC_quire_2.IF_fn_twosC_quire_quire_seg_zero_PLUS_1_BIT_3__ETC___d9 [0] \quire.instance_fn_twosC_quire_2.IF_fn_twosC_quire_quire_seg_zero_PLUS_1_BIT_3__ETC___d9 [0] \quire.instance_fn_twosC_quire_2.IF_fn_twosC_quire_quire_seg_zero_PLUS_1_BIT_3__ETC___d9 [0] \quire.instance_fn_twosC_quire_2.IF_fn_twosC_quire_quire_seg_zero_PLUS_1_BIT_3__ETC___d9 [0] \quire.instance_fn_twosC_quire_2.IF_fn_twosC_quire_quire_seg_zero_PLUS_1_BIT_3__ETC___d9 [0] \quire.instance_fn_twosC_quire_2.IF_fn_twosC_quire_quire_seg_zero_PLUS_1_BIT_3__ETC___d9 [0] \quire.instance_fn_twosC_quire_2.IF_fn_twosC_quire_quire_seg_zero_PLUS_1_BIT_3__ETC___d9 [0] \quire.instance_fn_twosC_quire_2.IF_fn_twosC_quire_quire_seg_zero_PLUS_1_BIT_3__ETC___d9 [0] \quire.instance_fn_twosC_quire_2.IF_fn_twosC_quire_quire_seg_zero_PLUS_1_BIT_3__ETC___d9 [0] \quire.instance_fn_twosC_quire_2.IF_fn_twosC_quire_quire_seg_zero_PLUS_1_BIT_3__ETC___d9 [0] \quire.instance_fn_twosC_quire_2.IF_fn_twosC_quire_quire_seg_zero_PLUS_1_BIT_3__ETC___d9 [0] \quire.instance_fn_twosC_quire_2.IF_fn_twosC_quire_quire_seg_zero_PLUS_1_BIT_3__ETC___d9 [0] \quire.instance_fn_twosC_quire_2.IF_fn_twosC_quire_quire_seg_zero_PLUS_1_BIT_3__ETC___d9 [0] \quire.instance_fn_twosC_quire_2.IF_fn_twosC_quire_quire_seg_zero_PLUS_1_BIT_3__ETC___d9 [0] \quire.instance_fn_twosC_quire_2.IF_fn_twosC_quire_quire_seg_zero_PLUS_1_BIT_3__ETC___d9 [0] \quire.instance_fn_twosC_quire_2.IF_fn_twosC_quire_quire_seg_zero_PLUS_1_BIT_3__ETC___d9 [0] \quire.instance_fn_twosC_quire_2.IF_fn_twosC_quire_quire_seg_zero_PLUS_1_BIT_3__ETC___d9 [0] \quire.instance_fn_twosC_quire_2.IF_fn_twosC_quire_quire_seg_zero_PLUS_1_BIT_3__ETC___d9 [0] \quire.instance_fn_twosC_quire_2.IF_fn_twosC_quire_quire_seg_zero_PLUS_1_BIT_3__ETC___d9 [0] \quire.instance_fn_twosC_quire_2.IF_fn_twosC_quire_quire_seg_zero_PLUS_1_BIT_3__ETC___d9 [0] \quire.instance_fn_twosC_quire_2.IF_fn_twosC_quire_quire_seg_zero_PLUS_1_BIT_3__ETC___d9 [0] \quire.instance_fn_twosC_quire_2.IF_fn_twosC_quire_quire_seg_zero_PLUS_1_BIT_3__ETC___d9 [0] }
    Consolidated identical input bits for $mux cell $ternary$/teamspace/studios/this_studio/Melodica-Integration-into-Fife-Core/Learn_Bluespec_and_RISCV_Design/Code/Build/Fife/verilog/mkPositCore.v:525$728:
      Old ports: A={ 34'01xxxxxxxxxxxxxxxxxxxxxxxxxxxxxxxx \ptof.ffO.data0_reg [34:3] 2'00 \MUX_ffO$enq_1__VAL_2 [2:1] \ptof.ffO.data0_reg [0] }, B={ 34'10xxxxxxxxxxxxxxxxxxxxxxxxxxxxxxxx \normalizer.fifo_output_reg.data0_reg [35:4] \normalizer.fifo_output_reg.data0_reg [1] 1'0 \MUX_ffO$enq_1__VAL_1 [2:1] \normalizer.fifo_output_reg.data0_reg [0] }, Y=\ffO.D_IN
      New ports: A={ 2'01 \ptof.ffO.data0_reg [34:3] 1'0 \MUX_ffO$enq_1__VAL_2 [2:1] \ptof.ffO.data0_reg [0] }, B={ 2'10 \normalizer.fifo_output_reg.data0_reg [35:4] \normalizer.fifo_output_reg.data0_reg [1] \MUX_ffO$enq_1__VAL_1 [2:1] \normalizer.fifo_output_reg.data0_reg [0] }, Y={ \ffO.D_IN [70:69] \ffO.D_IN [36:4] \ffO.D_IN [2:0] }
      New connections: { \ffO.D_IN [68:37] \ffO.D_IN [3] } = 33'xxxxxxxxxxxxxxxxxxxxxxxxxxxxxxxx0
  Optimizing cells in module \mkPositCore.
    Consolidated identical input bits for $mux cell $memory$flatten\normalizer.$auto$proc_rom.cc:150:do_switch$974$rdmux[0][2][2]$2336:
      Old ports: A=6'000000, B=$memory$flatten\normalizer.$auto$proc_rom.cc:150:do_switch$974$rdmux[0][2][2]$b$2338, Y=$memory$flatten\normalizer.$auto$proc_rom.cc:150:do_switch$974$rdmux[0][1][1]$a$2328
      New ports: A=1'0, B=$memory$flatten\normalizer.$auto$proc_rom.cc:150:do_switch$974$rdmux[0][2][2]$b$2338 [0], Y=$memory$flatten\normalizer.$auto$proc_rom.cc:150:do_switch$974$rdmux[0][1][1]$a$2328 [0]
      New connections: $memory$flatten\normalizer.$auto$proc_rom.cc:150:do_switch$974$rdmux[0][1][1]$a$2328 [5:1] = 5'00000
    Consolidated identical input bits for $mux cell $memory$flatten\normalizer.$auto$proc_rom.cc:150:do_switch$974$rdmux[0][2][1]$2333:
      Old ports: A=$memory$flatten\normalizer.$auto$proc_rom.cc:150:do_switch$974$rdmux[0][2][1]$a$2334, B=6'000000, Y=$memory$flatten\normalizer.$auto$proc_rom.cc:150:do_switch$974$rdmux[0][1][0]$b$2326
      New ports: A={ 1'1 $memory$flatten\normalizer.$auto$proc_rom.cc:150:do_switch$974$rdmux[0][2][1]$a$2334 [0] }, B=2'00, Y=$memory$flatten\normalizer.$auto$proc_rom.cc:150:do_switch$974$rdmux[0][1][0]$b$2326 [1:0]
      New connections: $memory$flatten\normalizer.$auto$proc_rom.cc:150:do_switch$974$rdmux[0][1][0]$b$2326 [5:2] = { $memory$flatten\normalizer.$auto$proc_rom.cc:150:do_switch$974$rdmux[0][1][0]$b$2326 [1] $memory$flatten\normalizer.$auto$proc_rom.cc:150:do_switch$974$rdmux[0][1][0]$b$2326 [1] $memory$flatten\normalizer.$auto$proc_rom.cc:150:do_switch$974$rdmux[0][1][0]$b$2326 [1] $memory$flatten\normalizer.$auto$proc_rom.cc:150:do_switch$974$rdmux[0][1][0]$b$2326 [1] }
    Consolidated identical input bits for $mux cell $memory$flatten\normalizer.$auto$proc_rom.cc:150:do_switch$974$rdmux[0][2][0]$2330:
      Old ports: A=$memory$flatten\normalizer.$auto$proc_rom.cc:150:do_switch$974$rdmux[0][2][0]$a$2331, B=$memory$flatten\normalizer.$auto$proc_rom.cc:150:do_switch$974$rdmux[0][2][0]$b$2332, Y=$memory$flatten\normalizer.$auto$proc_rom.cc:150:do_switch$974$rdmux[0][1][0]$a$2325
      New ports: A={ 2'00 $memory$flatten\normalizer.$auto$proc_rom.cc:150:do_switch$974$rdmux[0][2][0]$a$2331 [2] }, B={ $memory$flatten\normalizer.$auto$proc_rom.cc:150:do_switch$974$rdmux[0][2][0]$b$2332 [4] 2'11 }, Y=$memory$flatten\normalizer.$auto$proc_rom.cc:150:do_switch$974$rdmux[0][1][0]$a$2325 [4:2]
      New connections: { $memory$flatten\normalizer.$auto$proc_rom.cc:150:do_switch$974$rdmux[0][1][0]$a$2325 [5] $memory$flatten\normalizer.$auto$proc_rom.cc:150:do_switch$974$rdmux[0][1][0]$a$2325 [1:0] } = 3'010
    Consolidated identical input bits for $mux cell $flatten\extracter1.$ternary$/teamspace/studios/this_studio/Melodica-Integration-into-Fife-Core/Learn_Bluespec_and_RISCV_Design/Code/Build/Fife/verilog/mkExtracter.v:157$494:
      Old ports: A=$auto$wreduce.cc:461:run$1877 [4:0], B=$auto$wreduce.cc:461:run$1876 [4:0], Y=$auto$wreduce.cc:461:run$1875 [4:0]
      New ports: A={ $auto$wreduce.cc:461:run$1877 [0] $auto$wreduce.cc:461:run$1877 [1:0] }, B={ $auto$wreduce.cc:461:run$1876 [2] $auto$wreduce.cc:461:run$1876 [0] $auto$wreduce.cc:461:run$1876 [0] }, Y=$auto$wreduce.cc:461:run$1875 [2:0]
      New connections: $auto$wreduce.cc:461:run$1875 [4:3] = { $auto$wreduce.cc:461:run$1875 [1] $auto$wreduce.cc:461:run$1875 [1] }
    Consolidated identical input bits for $mux cell $flatten\extracter1.$ternary$/teamspace/studios/this_studio/Melodica-Integration-into-Fife-Core/Learn_Bluespec_and_RISCV_Design/Code/Build/Fife/verilog/mkExtracter.v:165$500:
      Old ports: A=$flatten\extracter1.$ternary$/teamspace/studios/this_studio/Melodica-Integration-into-Fife-Core/Learn_Bluespec_and_RISCV_Design/Code/Build/Fife/verilog/mkExtracter.v:167$499_Y, B={ \ffI.data0_reg [97:72] 3'000 }, Y=\extracter1.IF_request_put_BITS_29_TO_25_XOR_SEXT_request__ETC___d49
      New ports: A={ $flatten\extracter1.$ternary$/teamspace/studios/this_studio/Melodica-Integration-into-Fife-Core/Learn_Bluespec_and_RISCV_Design/Code/Build/Fife/verilog/mkExtracter.v:167$499_Y [28:4] 1'0 }, B=\ffI.data0_reg [97:72], Y=\extracter1.IF_request_put_BITS_29_TO_25_XOR_SEXT_request__ETC___d49 [28:3]
      New connections: \extracter1.IF_request_put_BITS_29_TO_25_XOR_SEXT_request__ETC___d49 [2:0] = 3'000
    Consolidated identical input bits for $mux cell $flatten\extracter2.$ternary$/teamspace/studios/this_studio/Melodica-Integration-into-Fife-Core/Learn_Bluespec_and_RISCV_Design/Code/Build/Fife/verilog/mkExtracter.v:157$494:
      Old ports: A=$auto$wreduce.cc:461:run$1884 [4:0], B=$auto$wreduce.cc:461:run$1883 [4:0], Y=$auto$wreduce.cc:461:run$1882 [4:0]
      New ports: A={ $auto$wreduce.cc:461:run$1884 [0] $auto$wreduce.cc:461:run$1884 [1:0] }, B={ $auto$wreduce.cc:461:run$1883 [2] $auto$wreduce.cc:461:run$1883 [0] $auto$wreduce.cc:461:run$1883 [0] }, Y=$auto$wreduce.cc:461:run$1882 [2:0]
      New connections: $auto$wreduce.cc:461:run$1882 [4:3] = { $auto$wreduce.cc:461:run$1882 [1] $auto$wreduce.cc:461:run$1882 [1] }
    Consolidated identical input bits for $mux cell $flatten\extracter2.$ternary$/teamspace/studios/this_studio/Melodica-Integration-into-Fife-Core/Learn_Bluespec_and_RISCV_Design/Code/Build/Fife/verilog/mkExtracter.v:165$500:
      Old ports: A=$flatten\extracter2.$ternary$/teamspace/studios/this_studio/Melodica-Integration-into-Fife-Core/Learn_Bluespec_and_RISCV_Design/Code/Build/Fife/verilog/mkExtracter.v:167$499_Y, B={ \extracter2.request_put [25:0] 3'000 }, Y=\extracter2.IF_request_put_BITS_29_TO_25_XOR_SEXT_request__ETC___d49
      New ports: A={ $flatten\extracter2.$ternary$/teamspace/studios/this_studio/Melodica-Integration-into-Fife-Core/Learn_Bluespec_and_RISCV_Design/Code/Build/Fife/verilog/mkExtracter.v:167$499_Y [28:4] 1'0 }, B=\extracter2.request_put [25:0], Y=\extracter2.IF_request_put_BITS_29_TO_25_XOR_SEXT_request__ETC___d49 [28:3]
      New connections: \extracter2.IF_request_put_BITS_29_TO_25_XOR_SEXT_request__ETC___d49 [2:0] = 3'000
    Consolidated identical input bits for $mux cell $flatten\quire.$ternary$/teamspace/studios/this_studio/Melodica-Integration-into-Fife-Core/Learn_Bluespec_and_RISCV_Design/Code/Build/Fife/verilog/mkQuire.v:1136$384:
      Old ports: A=$flatten\quire.$ternary$/teamspace/studios/this_studio/Melodica-Integration-into-Fife-Core/Learn_Bluespec_and_RISCV_Design/Code/Build/Fife/verilog/mkQuire.v:1138$383_Y, B=6'011110, Y=$flatten\quire.$ternary$/teamspace/studios/this_studio/Melodica-Integration-into-Fife-Core/Learn_Bluespec_and_RISCV_Design/Code/Build/Fife/verilog/mkQuire.v:1136$384_Y
      New ports: A={ $flatten\quire.$ternary$/teamspace/studios/this_studio/Melodica-Integration-into-Fife-Core/Learn_Bluespec_and_RISCV_Design/Code/Build/Fife/verilog/mkQuire.v:1138$383_Y [5] $flatten\quire.$ternary$/teamspace/studios/this_studio/Melodica-Integration-into-Fife-Core/Learn_Bluespec_and_RISCV_Design/Code/Build/Fife/verilog/mkQuire.v:1138$383_Y [0] $flatten\quire.$ternary$/teamspace/studios/this_studio/Melodica-Integration-into-Fife-Core/Learn_Bluespec_and_RISCV_Design/Code/Build/Fife/verilog/mkQuire.v:1138$383_Y [0] }, B=3'010, Y={ $flatten\quire.$ternary$/teamspace/studios/this_studio/Melodica-Integration-into-Fife-Core/Learn_Bluespec_and_RISCV_Design/Code/Build/Fife/verilog/mkQuire.v:1136$384_Y [5] $flatten\quire.$ternary$/teamspace/studios/this_studio/Melodica-Integration-into-Fife-Core/Learn_Bluespec_and_RISCV_Design/Code/Build/Fife/verilog/mkQuire.v:1136$384_Y [1:0] }
      New connections: $flatten\quire.$ternary$/teamspace/studios/this_studio/Melodica-Integration-into-Fife-Core/Learn_Bluespec_and_RISCV_Design/Code/Build/Fife/verilog/mkQuire.v:1136$384_Y [4:2] = { $flatten\quire.$ternary$/teamspace/studios/this_studio/Melodica-Integration-into-Fife-Core/Learn_Bluespec_and_RISCV_Design/Code/Build/Fife/verilog/mkQuire.v:1136$384_Y [1] $flatten\quire.$ternary$/teamspace/studios/this_studio/Melodica-Integration-into-Fife-Core/Learn_Bluespec_and_RISCV_Design/Code/Build/Fife/verilog/mkQuire.v:1136$384_Y [1] $flatten\quire.$ternary$/teamspace/studios/this_studio/Melodica-Integration-into-Fife-Core/Learn_Bluespec_and_RISCV_Design/Code/Build/Fife/verilog/mkQuire.v:1136$384_Y [1] }
    Consolidated identical input bits for $mux cell $flatten\quire.$ternary$/teamspace/studios/this_studio/Melodica-Integration-into-Fife-Core/Learn_Bluespec_and_RISCV_Design/Code/Build/Fife/verilog/mkQuire.v:578$184:
      Old ports: A=0, B={ 1'1 \quire.instance_fn_twosC_quire_2.IF_fn_twosC_quire_quire_seg_zero_PLUS_1_BIT_3__ETC___d9 [30:0] }, Y=\quire.MUX_vrg_quire_3$write_1__VAL_2
      New ports: A=2'00, B={ 1'1 \quire.instance_fn_twosC_quire_2.IF_fn_twosC_quire_quire_seg_zero_PLUS_1_BIT_3__ETC___d9 [0] }, Y={ \quire.MUX_vrg_quire_3$write_1__VAL_2 [31] \quire.MUX_vrg_quire_3$write_1__VAL_2 [0] }
      New connections: \quire.MUX_vrg_quire_3$write_1__VAL_2 [30:1] = { \quire.MUX_vrg_quire_3$write_1__VAL_2 [0] \quire.MUX_vrg_quire_3$write_1__VAL_2 [0] \quire.MUX_vrg_quire_3$write_1__VAL_2 [0] \quire.MUX_vrg_quire_3$write_1__VAL_2 [0] \quire.MUX_vrg_quire_3$write_1__VAL_2 [0] \quire.MUX_vrg_quire_3$write_1__VAL_2 [0] \quire.MUX_vrg_quire_3$write_1__VAL_2 [0] \quire.MUX_vrg_quire_3$write_1__VAL_2 [0] \quire.MUX_vrg_quire_3$write_1__VAL_2 [0] \quire.MUX_vrg_quire_3$write_1__VAL_2 [0] \quire.MUX_vrg_quire_3$write_1__VAL_2 [0] \quire.MUX_vrg_quire_3$write_1__VAL_2 [0] \quire.MUX_vrg_quire_3$write_1__VAL_2 [0] \quire.MUX_vrg_quire_3$write_1__VAL_2 [0] \quire.MUX_vrg_quire_3$write_1__VAL_2 [0] \quire.MUX_vrg_quire_3$write_1__VAL_2 [0] \quire.MUX_vrg_quire_3$write_1__VAL_2 [0] \quire.MUX_vrg_quire_3$write_1__VAL_2 [0] \quire.MUX_vrg_quire_3$write_1__VAL_2 [0] \quire.MUX_vrg_quire_3$write_1__VAL_2 [0] \quire.MUX_vrg_quire_3$write_1__VAL_2 [0] \quire.MUX_vrg_quire_3$write_1__VAL_2 [0] \quire.MUX_vrg_quire_3$write_1__VAL_2 [0] \quire.MUX_vrg_quire_3$write_1__VAL_2 [0] \quire.MUX_vrg_quire_3$write_1__VAL_2 [0] \quire.MUX_vrg_quire_3$write_1__VAL_2 [0] \quire.MUX_vrg_quire_3$write_1__VAL_2 [0] \quire.MUX_vrg_quire_3$write_1__VAL_2 [0] \quire.MUX_vrg_quire_3$write_1__VAL_2 [0] \quire.MUX_vrg_quire_3$write_1__VAL_2 [0] }
    Consolidated identical input bits for $mux cell $flatten\quire.$ternary$/teamspace/studios/this_studio/Melodica-Integration-into-Fife-Core/Learn_Bluespec_and_RISCV_Design/Code/Build/Fife/verilog/mkQuire.v:947$334:
      Old ports: A=10'1110001000, B=$flatten\quire.$ternary$/teamspace/studios/this_studio/Melodica-Integration-into-Fife-Core/Learn_Bluespec_and_RISCV_Design/Code/Build/Fife/verilog/mkQuire.v:949$333_Y, Y=\quire.IF_SEXT_IF_ff_num_msb_zeros_first__57_PLUS_1_5_ETC___d176
      New ports: A=8'10001000, B=$flatten\quire.$ternary$/teamspace/studios/this_studio/Melodica-Integration-into-Fife-Core/Learn_Bluespec_and_RISCV_Design/Code/Build/Fife/verilog/mkQuire.v:949$333_Y [7:0], Y=\quire.IF_SEXT_IF_ff_num_msb_zeros_first__57_PLUS_1_5_ETC___d176 [7:0]
      New connections: \quire.IF_SEXT_IF_ff_num_msb_zeros_first__57_PLUS_1_5_ETC___d176 [9:8] = { \quire.IF_SEXT_IF_ff_num_msb_zeros_first__57_PLUS_1_5_ETC___d176 [7] \quire.IF_SEXT_IF_ff_num_msb_zeros_first__57_PLUS_1_5_ETC___d176 [7] }
    Consolidated identical input bits for $mux cell $flatten\quire.$ternary$/teamspace/studios/this_studio/Melodica-Integration-into-Fife-Core/Learn_Bluespec_and_RISCV_Design/Code/Build/Fife/verilog/mkQuire.v:953$335:
      Old ports: A={ 32'00000000000000000000000000000000 \multiplier.ff_to_quire.D_OUT [100:5] }, B={ 1'1 \quire.instance_fn_twosC_quire_0.IF_fn_twosC_quire_quire_seg_zero_PLUS_1_BIT_3__ETC___d9 [30:0] \quire.instance_fn_twosC_quire_0.IF_fn_twosC_quire_quire_seg_zero_PLUS_1_BIT_2__ETC___d18 \quire.instance_fn_twosC_quire_0.IF_fn_twosC_quire_quire_seg_zero_PLUS_1_BIT_1__ETC___d27 \quire.instance_fn_twosC_quire_0.IF_fn_twosC_quire_quire_seg_zero_PLUS_1_BIT_0__ETC___d35 }, Y=\quire.IF_accumulate_x_BIT_101_21_THEN_0b1_CONCAT_fn__ETC___d234
      New ports: A={ 2'00 \multiplier.ff_to_quire.D_OUT [100:5] }, B={ 1'1 \quire.instance_fn_twosC_quire_0.IF_fn_twosC_quire_quire_seg_zero_PLUS_1_BIT_3__ETC___d9 [0] \quire.instance_fn_twosC_quire_0.IF_fn_twosC_quire_quire_seg_zero_PLUS_1_BIT_2__ETC___d18 \quire.instance_fn_twosC_quire_0.IF_fn_twosC_quire_quire_seg_zero_PLUS_1_BIT_1__ETC___d27 \quire.instance_fn_twosC_quire_0.IF_fn_twosC_quire_quire_seg_zero_PLUS_1_BIT_0__ETC___d35 }, Y={ \quire.IF_accumulate_x_BIT_101_21_THEN_0b1_CONCAT_fn__ETC___d234 [127] \quire.IF_accumulate_x_BIT_101_21_THEN_0b1_CONCAT_fn__ETC___d234 [96:0] }
      New connections: \quire.IF_accumulate_x_BIT_101_21_THEN_0b1_CONCAT_fn__ETC___d234 [126:97] = { \quire.IF_accumulate_x_BIT_101_21_THEN_0b1_CONCAT_fn__ETC___d234 [96] \quire.IF_accumulate_x_BIT_101_21_THEN_0b1_CONCAT_fn__ETC___d234 [96] \quire.IF_accumulate_x_BIT_101_21_THEN_0b1_CONCAT_fn__ETC___d234 [96] \quire.IF_accumulate_x_BIT_101_21_THEN_0b1_CONCAT_fn__ETC___d234 [96] \quire.IF_accumulate_x_BIT_101_21_THEN_0b1_CONCAT_fn__ETC___d234 [96] \quire.IF_accumulate_x_BIT_101_21_THEN_0b1_CONCAT_fn__ETC___d234 [96] \quire.IF_accumulate_x_BIT_101_21_THEN_0b1_CONCAT_fn__ETC___d234 [96] \quire.IF_accumulate_x_BIT_101_21_THEN_0b1_CONCAT_fn__ETC___d234 [96] \quire.IF_accumulate_x_BIT_101_21_THEN_0b1_CONCAT_fn__ETC___d234 [96] \quire.IF_accumulate_x_BIT_101_21_THEN_0b1_CONCAT_fn__ETC___d234 [96] \quire.IF_accumulate_x_BIT_101_21_THEN_0b1_CONCAT_fn__ETC___d234 [96] \quire.IF_accumulate_x_BIT_101_21_THEN_0b1_CONCAT_fn__ETC___d234 [96] \quire.IF_accumulate_x_BIT_101_21_THEN_0b1_CONCAT_fn__ETC___d234 [96] \quire.IF_accumulate_x_BIT_101_21_THEN_0b1_CONCAT_fn__ETC___d234 [96] \quire.IF_accumulate_x_BIT_101_21_THEN_0b1_CONCAT_fn__ETC___d234 [96] \quire.IF_accumulate_x_BIT_101_21_THEN_0b1_CONCAT_fn__ETC___d234 [96] \quire.IF_accumulate_x_BIT_101_21_THEN_0b1_CONCAT_fn__ETC___d234 [96] \quire.IF_accumulate_x_BIT_101_21_THEN_0b1_CONCAT_fn__ETC___d234 [96] \quire.IF_accumulate_x_BIT_101_21_THEN_0b1_CONCAT_fn__ETC___d234 [96] \quire.IF_accumulate_x_BIT_101_21_THEN_0b1_CONCAT_fn__ETC___d234 [96] \quire.IF_accumulate_x_BIT_101_21_THEN_0b1_CONCAT_fn__ETC___d234 [96] \quire.IF_accumulate_x_BIT_101_21_THEN_0b1_CONCAT_fn__ETC___d234 [96] \quire.IF_accumulate_x_BIT_101_21_THEN_0b1_CONCAT_fn__ETC___d234 [96] \quire.IF_accumulate_x_BIT_101_21_THEN_0b1_CONCAT_fn__ETC___d234 [96] \quire.IF_accumulate_x_BIT_101_21_THEN_0b1_CONCAT_fn__ETC___d234 [96] \quire.IF_accumulate_x_BIT_101_21_THEN_0b1_CONCAT_fn__ETC___d234 [96] \quire.IF_accumulate_x_BIT_101_21_THEN_0b1_CONCAT_fn__ETC___d234 [96] \quire.IF_accumulate_x_BIT_101_21_THEN_0b1_CONCAT_fn__ETC___d234 [96] \quire.IF_accumulate_x_BIT_101_21_THEN_0b1_CONCAT_fn__ETC___d234 [96] \quire.IF_accumulate_x_BIT_101_21_THEN_0b1_CONCAT_fn__ETC___d234 [96] }
  Optimizing cells in module \mkPositCore.
    Consolidated identical input bits for $mux cell $memory$flatten\normalizer.$auto$proc_rom.cc:150:do_switch$974$rdmux[0][1][1]$2327:
      Old ports: A=$memory$flatten\normalizer.$auto$proc_rom.cc:150:do_switch$974$rdmux[0][1][1]$a$2328, B=6'000001, Y=$memory$flatten\normalizer.$auto$proc_rom.cc:150:do_switch$974$rdmux[0][0][0]$b$2323
      New ports: A=$memory$flatten\normalizer.$auto$proc_rom.cc:150:do_switch$974$rdmux[0][1][1]$a$2328 [0], B=1'1, Y=$memory$flatten\normalizer.$auto$proc_rom.cc:150:do_switch$974$rdmux[0][0][0]$b$2323 [0]
      New connections: $memory$flatten\normalizer.$auto$proc_rom.cc:150:do_switch$974$rdmux[0][0][0]$b$2323 [5:1] = 5'00000
    Consolidated identical input bits for $mux cell $flatten\extracter1.$ternary$/teamspace/studios/this_studio/Melodica-Integration-into-Fife-Core/Learn_Bluespec_and_RISCV_Design/Code/Build/Fife/verilog/mkExtracter.v:155$495:
      Old ports: A=$auto$wreduce.cc:461:run$1875 [4:0], B=$auto$wreduce.cc:461:run$1874 [4:0], Y=\extracter1.IF_request_put_BITS_29_TO_25_XOR_SEXT_request__ETC___d32 [4:0]
      New ports: A={ $auto$wreduce.cc:461:run$1875 [1] $auto$wreduce.cc:461:run$1875 [2:0] }, B={ $auto$wreduce.cc:461:run$1874 [2] $auto$wreduce.cc:461:run$1874 [2] $auto$wreduce.cc:461:run$1874 [0] $auto$wreduce.cc:461:run$1874 [0] }, Y=\extracter1.IF_request_put_BITS_29_TO_25_XOR_SEXT_request__ETC___d32 [3:0]
      New connections: \extracter1.IF_request_put_BITS_29_TO_25_XOR_SEXT_request__ETC___d32 [4] = \extracter1.IF_request_put_BITS_29_TO_25_XOR_SEXT_request__ETC___d32 [3]
    Consolidated identical input bits for $mux cell $flatten\extracter1.$ternary$/teamspace/studios/this_studio/Melodica-Integration-into-Fife-Core/Learn_Bluespec_and_RISCV_Design/Code/Build/Fife/verilog/mkExtracter.v:174$501:
      Old ports: A=\extracter1.IF_request_put_BITS_29_TO_25_XOR_SEXT_request__ETC___d49, B={ \ffI.data0_reg [98:72] 2'00 }, Y=$flatten\extracter1.$ternary$/teamspace/studios/this_studio/Melodica-Integration-into-Fife-Core/Learn_Bluespec_and_RISCV_Design/Code/Build/Fife/verilog/mkExtracter.v:174$501_Y
      New ports: A={ \extracter1.IF_request_put_BITS_29_TO_25_XOR_SEXT_request__ETC___d49 [28:3] 1'0 }, B=\ffI.data0_reg [98:72], Y=$flatten\extracter1.$ternary$/teamspace/studios/this_studio/Melodica-Integration-into-Fife-Core/Learn_Bluespec_and_RISCV_Design/Code/Build/Fife/verilog/mkExtracter.v:174$501_Y [28:2]
      New connections: $flatten\extracter1.$ternary$/teamspace/studios/this_studio/Melodica-Integration-into-Fife-Core/Learn_Bluespec_and_RISCV_Design/Code/Build/Fife/verilog/mkExtracter.v:174$501_Y [1:0] = 2'00
    Consolidated identical input bits for $mux cell $flatten\extracter2.$ternary$/teamspace/studios/this_studio/Melodica-Integration-into-Fife-Core/Learn_Bluespec_and_RISCV_Design/Code/Build/Fife/verilog/mkExtracter.v:155$495:
      Old ports: A=$auto$wreduce.cc:461:run$1882 [4:0], B=$auto$wreduce.cc:461:run$1881 [4:0], Y=\extracter2.IF_request_put_BITS_29_TO_25_XOR_SEXT_request__ETC___d32 [4:0]
      New ports: A={ $auto$wreduce.cc:461:run$1882 [1] $auto$wreduce.cc:461:run$1882 [2:0] }, B={ $auto$wreduce.cc:461:run$1881 [2] $auto$wreduce.cc:461:run$1881 [2] $auto$wreduce.cc:461:run$1881 [0] $auto$wreduce.cc:461:run$1881 [0] }, Y=\extracter2.IF_request_put_BITS_29_TO_25_XOR_SEXT_request__ETC___d32 [3:0]
      New connections: \extracter2.IF_request_put_BITS_29_TO_25_XOR_SEXT_request__ETC___d32 [4] = \extracter2.IF_request_put_BITS_29_TO_25_XOR_SEXT_request__ETC___d32 [3]
    Consolidated identical input bits for $mux cell $flatten\extracter2.$ternary$/teamspace/studios/this_studio/Melodica-Integration-into-Fife-Core/Learn_Bluespec_and_RISCV_Design/Code/Build/Fife/verilog/mkExtracter.v:174$501:
      Old ports: A=\extracter2.IF_request_put_BITS_29_TO_25_XOR_SEXT_request__ETC___d49, B={ \extracter2.request_put [26:0] 2'00 }, Y=$flatten\extracter2.$ternary$/teamspace/studios/this_studio/Melodica-Integration-into-Fife-Core/Learn_Bluespec_and_RISCV_Design/Code/Build/Fife/verilog/mkExtracter.v:174$501_Y
      New ports: A={ \extracter2.IF_request_put_BITS_29_TO_25_XOR_SEXT_request__ETC___d49 [28:3] 1'0 }, B=\extracter2.request_put [26:0], Y=$flatten\extracter2.$ternary$/teamspace/studios/this_studio/Melodica-Integration-into-Fife-Core/Learn_Bluespec_and_RISCV_Design/Code/Build/Fife/verilog/mkExtracter.v:174$501_Y [28:2]
      New connections: $flatten\extracter2.$ternary$/teamspace/studios/this_studio/Melodica-Integration-into-Fife-Core/Learn_Bluespec_and_RISCV_Design/Code/Build/Fife/verilog/mkExtracter.v:174$501_Y [1:0] = 2'00
    Consolidated identical input bits for $mux cell $flatten\quire.$ternary$/teamspace/studios/this_studio/Melodica-Integration-into-Fife-Core/Learn_Bluespec_and_RISCV_Design/Code/Build/Fife/verilog/mkQuire.v:1134$385:
      Old ports: A=$flatten\quire.$ternary$/teamspace/studios/this_studio/Melodica-Integration-into-Fife-Core/Learn_Bluespec_and_RISCV_Design/Code/Build/Fife/verilog/mkQuire.v:1136$384_Y, B=6'011101, Y=$flatten\quire.$ternary$/teamspace/studios/this_studio/Melodica-Integration-into-Fife-Core/Learn_Bluespec_and_RISCV_Design/Code/Build/Fife/verilog/mkQuire.v:1134$385_Y
      New ports: A={ $flatten\quire.$ternary$/teamspace/studios/this_studio/Melodica-Integration-into-Fife-Core/Learn_Bluespec_and_RISCV_Design/Code/Build/Fife/verilog/mkQuire.v:1136$384_Y [5] $flatten\quire.$ternary$/teamspace/studios/this_studio/Melodica-Integration-into-Fife-Core/Learn_Bluespec_and_RISCV_Design/Code/Build/Fife/verilog/mkQuire.v:1136$384_Y [1] $flatten\quire.$ternary$/teamspace/studios/this_studio/Melodica-Integration-into-Fife-Core/Learn_Bluespec_and_RISCV_Design/Code/Build/Fife/verilog/mkQuire.v:1136$384_Y [1:0] }, B=4'0101, Y={ $flatten\quire.$ternary$/teamspace/studios/this_studio/Melodica-Integration-into-Fife-Core/Learn_Bluespec_and_RISCV_Design/Code/Build/Fife/verilog/mkQuire.v:1134$385_Y [5] $flatten\quire.$ternary$/teamspace/studios/this_studio/Melodica-Integration-into-Fife-Core/Learn_Bluespec_and_RISCV_Design/Code/Build/Fife/verilog/mkQuire.v:1134$385_Y [2:0] }
      New connections: $flatten\quire.$ternary$/teamspace/studios/this_studio/Melodica-Integration-into-Fife-Core/Learn_Bluespec_and_RISCV_Design/Code/Build/Fife/verilog/mkQuire.v:1134$385_Y [4:3] = { $flatten\quire.$ternary$/teamspace/studios/this_studio/Melodica-Integration-into-Fife-Core/Learn_Bluespec_and_RISCV_Design/Code/Build/Fife/verilog/mkQuire.v:1134$385_Y [2] $flatten\quire.$ternary$/teamspace/studios/this_studio/Melodica-Integration-into-Fife-Core/Learn_Bluespec_and_RISCV_Design/Code/Build/Fife/verilog/mkQuire.v:1134$385_Y [2] }
    Consolidated identical input bits for $mux cell $flatten\quire.$ternary$/teamspace/studios/this_studio/Melodica-Integration-into-Fife-Core/Learn_Bluespec_and_RISCV_Design/Code/Build/Fife/verilog/mkQuire.v:845$310:
      Old ports: A={ 1'0 \quire.MUX_posit_rsp_f$enq_1__VAL_2 [39] \quire.IF_SEXT_IF_ff_num_msb_zeros_first__57_PLUS_1_5_ETC___d176 \quire.prenorm_posit_frac__h10787 \quire.x__h13658 \quire.x__h14582 }, B=41'10000000000000000000000000000000000000001, Y={ \quire.posit_rsp_f.D_IN [41] \quire.posit_rsp_f.D_IN [39:0] }
      New ports: A={ 1'0 \quire.MUX_posit_rsp_f$enq_1__VAL_2 [39] \quire.IF_SEXT_IF_ff_num_msb_zeros_first__57_PLUS_1_5_ETC___d176 [7:0] \quire.prenorm_posit_frac__h10787 \quire.x__h13658 \quire.x__h14582 }, B=39'100000000000000000000000000000000000001, Y={ \quire.posit_rsp_f.D_IN [41] \quire.posit_rsp_f.D_IN [39] \quire.posit_rsp_f.D_IN [36:0] }
      New connections: \quire.posit_rsp_f.D_IN [38:37] = { \quire.posit_rsp_f.D_IN [36] \quire.posit_rsp_f.D_IN [36] }
  Optimizing cells in module \mkPositCore.
    Consolidated identical input bits for $mux cell $flatten\extracter1.$ternary$/teamspace/studios/this_studio/Melodica-Integration-into-Fife-Core/Learn_Bluespec_and_RISCV_Design/Code/Build/Fife/verilog/mkExtracter.v:161$497:
      Old ports: A=\extracter1.IF_request_put_BITS_29_TO_25_XOR_SEXT_request__ETC___d32 [4:0], B=$auto$wreduce.cc:461:run$1878 [4:0], Y=\extracter1.IF_request_put_BITS_29_TO_25_XOR_SEXT_request__ETC___d33 [4:0]
      New ports: A=\extracter1.IF_request_put_BITS_29_TO_25_XOR_SEXT_request__ETC___d32 [3:0], B={ $auto$wreduce.cc:461:run$1878 [0] $auto$wreduce.cc:461:run$1878 [0] $auto$wreduce.cc:461:run$1878 [1:0] }, Y=\extracter1.IF_request_put_BITS_29_TO_25_XOR_SEXT_request__ETC___d33 [3:0]
      New connections: \extracter1.IF_request_put_BITS_29_TO_25_XOR_SEXT_request__ETC___d33 [4] = \extracter1.IF_request_put_BITS_29_TO_25_XOR_SEXT_request__ETC___d33 [3]
    Consolidated identical input bits for $mux cell $flatten\extracter1.$ternary$/teamspace/studios/this_studio/Melodica-Integration-into-Fife-Core/Learn_Bluespec_and_RISCV_Design/Code/Build/Fife/verilog/mkExtracter.v:172$502:
      Old ports: A=$flatten\extracter1.$ternary$/teamspace/studios/this_studio/Melodica-Integration-into-Fife-Core/Learn_Bluespec_and_RISCV_Design/Code/Build/Fife/verilog/mkExtracter.v:174$501_Y, B={ \ffI.data0_reg [99:72] 1'0 }, Y=\extracter1.IF_request_put_BITS_29_TO_25_XOR_SEXT_request__ETC___d51
      New ports: A={ $flatten\extracter1.$ternary$/teamspace/studios/this_studio/Melodica-Integration-into-Fife-Core/Learn_Bluespec_and_RISCV_Design/Code/Build/Fife/verilog/mkExtracter.v:174$501_Y [28:2] 1'0 }, B=\ffI.data0_reg [99:72], Y=\extracter1.IF_request_put_BITS_29_TO_25_XOR_SEXT_request__ETC___d51 [28:1]
      New connections: \extracter1.IF_request_put_BITS_29_TO_25_XOR_SEXT_request__ETC___d51 [0] = 1'0
    Consolidated identical input bits for $mux cell $flatten\extracter2.$ternary$/teamspace/studios/this_studio/Melodica-Integration-into-Fife-Core/Learn_Bluespec_and_RISCV_Design/Code/Build/Fife/verilog/mkExtracter.v:161$497:
      Old ports: A=\extracter2.IF_request_put_BITS_29_TO_25_XOR_SEXT_request__ETC___d32 [4:0], B=$auto$wreduce.cc:461:run$1885 [4:0], Y=\extracter2.IF_request_put_BITS_29_TO_25_XOR_SEXT_request__ETC___d33 [4:0]
      New ports: A=\extracter2.IF_request_put_BITS_29_TO_25_XOR_SEXT_request__ETC___d32 [3:0], B={ $auto$wreduce.cc:461:run$1885 [0] $auto$wreduce.cc:461:run$1885 [0] $auto$wreduce.cc:461:run$1885 [1:0] }, Y=\extracter2.IF_request_put_BITS_29_TO_25_XOR_SEXT_request__ETC___d33 [3:0]
      New connections: \extracter2.IF_request_put_BITS_29_TO_25_XOR_SEXT_request__ETC___d33 [4] = \extracter2.IF_request_put_BITS_29_TO_25_XOR_SEXT_request__ETC___d33 [3]
    Consolidated identical input bits for $mux cell $flatten\extracter2.$ternary$/teamspace/studios/this_studio/Melodica-Integration-into-Fife-Core/Learn_Bluespec_and_RISCV_Design/Code/Build/Fife/verilog/mkExtracter.v:172$502:
      Old ports: A=$flatten\extracter2.$ternary$/teamspace/studios/this_studio/Melodica-Integration-into-Fife-Core/Learn_Bluespec_and_RISCV_Design/Code/Build/Fife/verilog/mkExtracter.v:174$501_Y, B={ \extracter2.request_put [27:0] 1'0 }, Y=\extracter2.IF_request_put_BITS_29_TO_25_XOR_SEXT_request__ETC___d51
      New ports: A={ $flatten\extracter2.$ternary$/teamspace/studios/this_studio/Melodica-Integration-into-Fife-Core/Learn_Bluespec_and_RISCV_Design/Code/Build/Fife/verilog/mkExtracter.v:174$501_Y [28:2] 1'0 }, B=\extracter2.request_put [27:0], Y=\extracter2.IF_request_put_BITS_29_TO_25_XOR_SEXT_request__ETC___d51 [28:1]
      New connections: \extracter2.IF_request_put_BITS_29_TO_25_XOR_SEXT_request__ETC___d51 [0] = 1'0
    Consolidated identical input bits for $mux cell $flatten\quire.$ternary$/teamspace/studios/this_studio/Melodica-Integration-into-Fife-Core/Learn_Bluespec_and_RISCV_Design/Code/Build/Fife/verilog/mkQuire.v:1132$386:
      Old ports: A=$flatten\quire.$ternary$/teamspace/studios/this_studio/Melodica-Integration-into-Fife-Core/Learn_Bluespec_and_RISCV_Design/Code/Build/Fife/verilog/mkQuire.v:1134$385_Y, B=6'011100, Y=$flatten\quire.$ternary$/teamspace/studios/this_studio/Melodica-Integration-into-Fife-Core/Learn_Bluespec_and_RISCV_Design/Code/Build/Fife/verilog/mkQuire.v:1132$386_Y
      New ports: A={ $flatten\quire.$ternary$/teamspace/studios/this_studio/Melodica-Integration-into-Fife-Core/Learn_Bluespec_and_RISCV_Design/Code/Build/Fife/verilog/mkQuire.v:1134$385_Y [5] $flatten\quire.$ternary$/teamspace/studios/this_studio/Melodica-Integration-into-Fife-Core/Learn_Bluespec_and_RISCV_Design/Code/Build/Fife/verilog/mkQuire.v:1134$385_Y [2:0] }, B=4'0100, Y={ $flatten\quire.$ternary$/teamspace/studios/this_studio/Melodica-Integration-into-Fife-Core/Learn_Bluespec_and_RISCV_Design/Code/Build/Fife/verilog/mkQuire.v:1132$386_Y [5] $flatten\quire.$ternary$/teamspace/studios/this_studio/Melodica-Integration-into-Fife-Core/Learn_Bluespec_and_RISCV_Design/Code/Build/Fife/verilog/mkQuire.v:1132$386_Y [2:0] }
      New connections: $flatten\quire.$ternary$/teamspace/studios/this_studio/Melodica-Integration-into-Fife-Core/Learn_Bluespec_and_RISCV_Design/Code/Build/Fife/verilog/mkQuire.v:1132$386_Y [4:3] = { $flatten\quire.$ternary$/teamspace/studios/this_studio/Melodica-Integration-into-Fife-Core/Learn_Bluespec_and_RISCV_Design/Code/Build/Fife/verilog/mkQuire.v:1132$386_Y [2] $flatten\quire.$ternary$/teamspace/studios/this_studio/Melodica-Integration-into-Fife-Core/Learn_Bluespec_and_RISCV_Design/Code/Build/Fife/verilog/mkQuire.v:1132$386_Y [2] }
  Optimizing cells in module \mkPositCore.
    Consolidated identical input bits for $mux cell $flatten\extracter1.$ternary$/teamspace/studios/this_studio/Melodica-Integration-into-Fife-Core/Learn_Bluespec_and_RISCV_Design/Code/Build/Fife/verilog/mkExtracter.v:147$488:
      Old ports: A=$auto$wreduce.cc:461:run$1873 [4:0], B=\extracter1.IF_request_put_BITS_29_TO_25_XOR_SEXT_request__ETC___d33 [4:0], Y=\extracter1.IF_INV_request_put_BITS_29_TO_25_XOR_SEXT_requ_ETC___d34 [4:0]
      New ports: A={ $auto$wreduce.cc:461:run$1873 [1] $auto$wreduce.cc:461:run$1873 [1] $auto$wreduce.cc:461:run$1873 [1:0] }, B=\extracter1.IF_request_put_BITS_29_TO_25_XOR_SEXT_request__ETC___d33 [3:0], Y=\extracter1.IF_INV_request_put_BITS_29_TO_25_XOR_SEXT_requ_ETC___d34 [3:0]
      New connections: \extracter1.IF_INV_request_put_BITS_29_TO_25_XOR_SEXT_requ_ETC___d34 [4] = \extracter1.IF_INV_request_put_BITS_29_TO_25_XOR_SEXT_requ_ETC___d34 [3]
    Consolidated identical input bits for $mux cell $flatten\extracter2.$ternary$/teamspace/studios/this_studio/Melodica-Integration-into-Fife-Core/Learn_Bluespec_and_RISCV_Design/Code/Build/Fife/verilog/mkExtracter.v:147$488:
      Old ports: A=$auto$wreduce.cc:461:run$1880 [4:0], B=\extracter2.IF_request_put_BITS_29_TO_25_XOR_SEXT_request__ETC___d33 [4:0], Y=\extracter2.IF_INV_request_put_BITS_29_TO_25_XOR_SEXT_requ_ETC___d34 [4:0]
      New ports: A={ $auto$wreduce.cc:461:run$1880 [1] $auto$wreduce.cc:461:run$1880 [1] $auto$wreduce.cc:461:run$1880 [1:0] }, B=\extracter2.IF_request_put_BITS_29_TO_25_XOR_SEXT_request__ETC___d33 [3:0], Y=\extracter2.IF_INV_request_put_BITS_29_TO_25_XOR_SEXT_requ_ETC___d34 [3:0]
      New connections: \extracter2.IF_INV_request_put_BITS_29_TO_25_XOR_SEXT_requ_ETC___d34 [4] = \extracter2.IF_INV_request_put_BITS_29_TO_25_XOR_SEXT_requ_ETC___d34 [3]
    Consolidated identical input bits for $mux cell $flatten\quire.$ternary$/teamspace/studios/this_studio/Melodica-Integration-into-Fife-Core/Learn_Bluespec_and_RISCV_Design/Code/Build/Fife/verilog/mkQuire.v:1130$387:
      Old ports: A=$flatten\quire.$ternary$/teamspace/studios/this_studio/Melodica-Integration-into-Fife-Core/Learn_Bluespec_and_RISCV_Design/Code/Build/Fife/verilog/mkQuire.v:1132$386_Y, B=6'011011, Y=$flatten\quire.$ternary$/teamspace/studios/this_studio/Melodica-Integration-into-Fife-Core/Learn_Bluespec_and_RISCV_Design/Code/Build/Fife/verilog/mkQuire.v:1130$387_Y
      New ports: A={ $flatten\quire.$ternary$/teamspace/studios/this_studio/Melodica-Integration-into-Fife-Core/Learn_Bluespec_and_RISCV_Design/Code/Build/Fife/verilog/mkQuire.v:1132$386_Y [5] $flatten\quire.$ternary$/teamspace/studios/this_studio/Melodica-Integration-into-Fife-Core/Learn_Bluespec_and_RISCV_Design/Code/Build/Fife/verilog/mkQuire.v:1132$386_Y [2] $flatten\quire.$ternary$/teamspace/studios/this_studio/Melodica-Integration-into-Fife-Core/Learn_Bluespec_and_RISCV_Design/Code/Build/Fife/verilog/mkQuire.v:1132$386_Y [2:0] }, B=5'01011, Y={ $flatten\quire.$ternary$/teamspace/studios/this_studio/Melodica-Integration-into-Fife-Core/Learn_Bluespec_and_RISCV_Design/Code/Build/Fife/verilog/mkQuire.v:1130$387_Y [5] $flatten\quire.$ternary$/teamspace/studios/this_studio/Melodica-Integration-into-Fife-Core/Learn_Bluespec_and_RISCV_Design/Code/Build/Fife/verilog/mkQuire.v:1130$387_Y [3:0] }
      New connections: $flatten\quire.$ternary$/teamspace/studios/this_studio/Melodica-Integration-into-Fife-Core/Learn_Bluespec_and_RISCV_Design/Code/Build/Fife/verilog/mkQuire.v:1130$387_Y [4] = $flatten\quire.$ternary$/teamspace/studios/this_studio/Melodica-Integration-into-Fife-Core/Learn_Bluespec_and_RISCV_Design/Code/Build/Fife/verilog/mkQuire.v:1130$387_Y [3]
  Optimizing cells in module \mkPositCore.
    Consolidated identical input bits for $mux cell $flatten\quire.$ternary$/teamspace/studios/this_studio/Melodica-Integration-into-Fife-Core/Learn_Bluespec_and_RISCV_Design/Code/Build/Fife/verilog/mkQuire.v:1128$388:
      Old ports: A=$flatten\quire.$ternary$/teamspace/studios/this_studio/Melodica-Integration-into-Fife-Core/Learn_Bluespec_and_RISCV_Design/Code/Build/Fife/verilog/mkQuire.v:1130$387_Y, B=6'011010, Y=$flatten\quire.$ternary$/teamspace/studios/this_studio/Melodica-Integration-into-Fife-Core/Learn_Bluespec_and_RISCV_Design/Code/Build/Fife/verilog/mkQuire.v:1128$388_Y
      New ports: A={ $flatten\quire.$ternary$/teamspace/studios/this_studio/Melodica-Integration-into-Fife-Core/Learn_Bluespec_and_RISCV_Design/Code/Build/Fife/verilog/mkQuire.v:1130$387_Y [5] $flatten\quire.$ternary$/teamspace/studios/this_studio/Melodica-Integration-into-Fife-Core/Learn_Bluespec_and_RISCV_Design/Code/Build/Fife/verilog/mkQuire.v:1130$387_Y [3:0] }, B=5'01010, Y={ $flatten\quire.$ternary$/teamspace/studios/this_studio/Melodica-Integration-into-Fife-Core/Learn_Bluespec_and_RISCV_Design/Code/Build/Fife/verilog/mkQuire.v:1128$388_Y [5] $flatten\quire.$ternary$/teamspace/studios/this_studio/Melodica-Integration-into-Fife-Core/Learn_Bluespec_and_RISCV_Design/Code/Build/Fife/verilog/mkQuire.v:1128$388_Y [3:0] }
      New connections: $flatten\quire.$ternary$/teamspace/studios/this_studio/Melodica-Integration-into-Fife-Core/Learn_Bluespec_and_RISCV_Design/Code/Build/Fife/verilog/mkQuire.v:1128$388_Y [4] = $flatten\quire.$ternary$/teamspace/studios/this_studio/Melodica-Integration-into-Fife-Core/Learn_Bluespec_and_RISCV_Design/Code/Build/Fife/verilog/mkQuire.v:1128$388_Y [3]
  Optimizing cells in module \mkPositCore.
    Consolidated identical input bits for $mux cell $flatten\quire.$ternary$/teamspace/studios/this_studio/Melodica-Integration-into-Fife-Core/Learn_Bluespec_and_RISCV_Design/Code/Build/Fife/verilog/mkQuire.v:1126$389:
      Old ports: A=$flatten\quire.$ternary$/teamspace/studios/this_studio/Melodica-Integration-into-Fife-Core/Learn_Bluespec_and_RISCV_Design/Code/Build/Fife/verilog/mkQuire.v:1128$388_Y, B=6'011001, Y=$flatten\quire.$ternary$/teamspace/studios/this_studio/Melodica-Integration-into-Fife-Core/Learn_Bluespec_and_RISCV_Design/Code/Build/Fife/verilog/mkQuire.v:1126$389_Y
      New ports: A={ $flatten\quire.$ternary$/teamspace/studios/this_studio/Melodica-Integration-into-Fife-Core/Learn_Bluespec_and_RISCV_Design/Code/Build/Fife/verilog/mkQuire.v:1128$388_Y [5] $flatten\quire.$ternary$/teamspace/studios/this_studio/Melodica-Integration-into-Fife-Core/Learn_Bluespec_and_RISCV_Design/Code/Build/Fife/verilog/mkQuire.v:1128$388_Y [3:0] }, B=5'01001, Y={ $flatten\quire.$ternary$/teamspace/studios/this_studio/Melodica-Integration-into-Fife-Core/Learn_Bluespec_and_RISCV_Design/Code/Build/Fife/verilog/mkQuire.v:1126$389_Y [5] $flatten\quire.$ternary$/teamspace/studios/this_studio/Melodica-Integration-into-Fife-Core/Learn_Bluespec_and_RISCV_Design/Code/Build/Fife/verilog/mkQuire.v:1126$389_Y [3:0] }
      New connections: $flatten\quire.$ternary$/teamspace/studios/this_studio/Melodica-Integration-into-Fife-Core/Learn_Bluespec_and_RISCV_Design/Code/Build/Fife/verilog/mkQuire.v:1126$389_Y [4] = $flatten\quire.$ternary$/teamspace/studios/this_studio/Melodica-Integration-into-Fife-Core/Learn_Bluespec_and_RISCV_Design/Code/Build/Fife/verilog/mkQuire.v:1126$389_Y [3]
  Optimizing cells in module \mkPositCore.
    Consolidated identical input bits for $mux cell $flatten\quire.$ternary$/teamspace/studios/this_studio/Melodica-Integration-into-Fife-Core/Learn_Bluespec_and_RISCV_Design/Code/Build/Fife/verilog/mkQuire.v:1124$390:
      Old ports: A=$flatten\quire.$ternary$/teamspace/studios/this_studio/Melodica-Integration-into-Fife-Core/Learn_Bluespec_and_RISCV_Design/Code/Build/Fife/verilog/mkQuire.v:1126$389_Y, B=6'011000, Y=$flatten\quire.$ternary$/teamspace/studios/this_studio/Melodica-Integration-into-Fife-Core/Learn_Bluespec_and_RISCV_Design/Code/Build/Fife/verilog/mkQuire.v:1124$390_Y
      New ports: A={ $flatten\quire.$ternary$/teamspace/studios/this_studio/Melodica-Integration-into-Fife-Core/Learn_Bluespec_and_RISCV_Design/Code/Build/Fife/verilog/mkQuire.v:1126$389_Y [5] $flatten\quire.$ternary$/teamspace/studios/this_studio/Melodica-Integration-into-Fife-Core/Learn_Bluespec_and_RISCV_Design/Code/Build/Fife/verilog/mkQuire.v:1126$389_Y [3:0] }, B=5'01000, Y={ $flatten\quire.$ternary$/teamspace/studios/this_studio/Melodica-Integration-into-Fife-Core/Learn_Bluespec_and_RISCV_Design/Code/Build/Fife/verilog/mkQuire.v:1124$390_Y [5] $flatten\quire.$ternary$/teamspace/studios/this_studio/Melodica-Integration-into-Fife-Core/Learn_Bluespec_and_RISCV_Design/Code/Build/Fife/verilog/mkQuire.v:1124$390_Y [3:0] }
      New connections: $flatten\quire.$ternary$/teamspace/studios/this_studio/Melodica-Integration-into-Fife-Core/Learn_Bluespec_and_RISCV_Design/Code/Build/Fife/verilog/mkQuire.v:1124$390_Y [4] = $flatten\quire.$ternary$/teamspace/studios/this_studio/Melodica-Integration-into-Fife-Core/Learn_Bluespec_and_RISCV_Design/Code/Build/Fife/verilog/mkQuire.v:1124$390_Y [3]
  Optimizing cells in module \mkPositCore.
Performed a total of 57 changes.

14.20.5. Executing OPT_MERGE pass (detect identical cells).
Finding identical cells in module `\mkPositCore'.
<suppressed ~27 debug messages>
Removed a total of 9 cells.

14.20.6. Executing OPT_SHARE pass.
    Found cells that share an operand and can be merged by moving the $mux $flatten\quire.$ternary$/teamspace/studios/this_studio/Melodica-Integration-into-Fife-Core/Learn_Bluespec_and_RISCV_Design/Code/Build/Fife/verilog/mkQuire.v:604$202 in front of them:
        $auto$alumacc.cc:485:replace_alu$2116
        $auto$alumacc.cc:485:replace_alu$2122

    Found cells that share an operand and can be merged by moving the $mux $ternary$/teamspace/studios/this_studio/Melodica-Integration-into-Fife-Core/Learn_Bluespec_and_RISCV_Design/Code/Build/Fife/verilog/mkPositCore.v:457$697 in front of them:
        $auto$alumacc.cc:485:replace_alu$2029
        $auto$alumacc.cc:485:replace_alu$2035

    Found cells that share an operand and can be merged by moving the $mux $ternary$/teamspace/studios/this_studio/Melodica-Integration-into-Fife-Core/Learn_Bluespec_and_RISCV_Design/Code/Build/Fife/verilog/mkPositCore.v:525$728 in front of them:
        $eq$/teamspace/studios/this_studio/Melodica-Integration-into-Fife-Core/Learn_Bluespec_and_RISCV_Design/Code/Build/Fife/verilog/mkPositCore.v:440$691
        $eq$/teamspace/studios/this_studio/Melodica-Integration-into-Fife-Core/Learn_Bluespec_and_RISCV_Design/Code/Build/Fife/verilog/mkPositCore.v:449$694

14.20.7. Executing OPT_DFF pass (perform DFF optimizations).
Adding SRST signal on $\quire.seg_adder_vff_carry_0.arr$rdreg[0] ($dff) from module mkPositCore (D = $auto$rtlil.cc:2498:Mux$2205, Q = $\quire.seg_adder_vff_carry_0.arr$rdreg[0]$q, rval = 2'00).
Adding SRST signal on $\quire.seg_adder_vff_carry_1.arr$rdreg[0] ($dff) from module mkPositCore (D = $auto$rtlil.cc:2498:Mux$2210, Q = $\quire.seg_adder_vff_carry_1.arr$rdreg[0]$q, rval = 2'00).
Adding SRST signal on $\quire.seg_adder_vff_carry_2.arr$rdreg[0] ($dff) from module mkPositCore (D = $auto$rtlil.cc:2498:Mux$2215, Q = $\quire.seg_adder_vff_carry_2.arr$rdreg[0]$q, rval = 2'00).
Adding SRST signal on $\quire.seg_adder_vff_in_3.arr$rdreg[0] ($dff) from module mkPositCore (D = $auto$rtlil.cc:2498:Mux$2235, Q = $\quire.seg_adder_vff_in_3.arr$rdreg[0]$q, rval = 2'00).
Adding SRST signal on $\quire.seg_adder_vff_in_0.arr$rdreg[0] ($dff) from module mkPositCore (D = $auto$rtlil.cc:2498:Mux$2220, Q = $\quire.seg_adder_vff_in_0.arr$rdreg[0]$q, rval = 2'00).
Adding SRST signal on $\quire.seg_adder_vff_in_1.arr$rdreg[0] ($dff) from module mkPositCore (D = $auto$rtlil.cc:2498:Mux$2225, Q = $\quire.seg_adder_vff_in_1.arr$rdreg[0]$q, rval = 2'00).
Adding SRST signal on $\quire.seg_adder_vff_in_2.arr$rdreg[0] ($dff) from module mkPositCore (D = $auto$rtlil.cc:2498:Mux$2230, Q = $\quire.seg_adder_vff_in_2.arr$rdreg[0]$q, rval = 2'00).

14.20.8. Executing OPT_CLEAN pass (remove unused cells and wires).
Finding unused cells or wires in module \mkPositCore..
Removed 7 unused cells and 112 unused wires.
<suppressed ~12 debug messages>

14.20.9. Executing OPT_EXPR pass (perform const folding).
Optimizing module mkPositCore.
<suppressed ~46 debug messages>

14.20.10. Rerunning OPT passes. (Maybe there is more to do..)

14.20.11. Executing OPT_MUXTREE pass (detect dead branches in mux trees).
Running muxtree optimizer on module \mkPositCore..
  Creating internal representation of mux trees.
  Evaluating internal representation of mux trees.
  Analyzing evaluation results.
Removed 0 multiplexer ports.
<suppressed ~128 debug messages>

14.20.12. Executing OPT_REDUCE pass (consolidate $*mux and $reduce_* inputs).
  Optimizing cells in module \mkPositCore.
    Consolidated identical input bits for $mux cell $auto$opt_share.cc:244:merge_operators$2656:
      Old ports: A=2'11, B=2'01, Y=$auto$rtlil.cc:2498:Mux$2657
      New ports: A=1'1, B=1'0, Y=$auto$rtlil.cc:2498:Mux$2657 [1]
      New connections: $auto$rtlil.cc:2498:Mux$2657 [0] = 1'1
    Consolidated identical input bits for $mux cell $auto$opt_share.cc:244:merge_operators$2663:
      Old ports: A=8'11111111, B=8'00000001, Y=$auto$rtlil.cc:2498:Mux$2664
      New ports: A=1'1, B=1'0, Y=$auto$rtlil.cc:2498:Mux$2664 [1]
      New connections: { $auto$rtlil.cc:2498:Mux$2664 [7:2] $auto$rtlil.cc:2498:Mux$2664 [0] } = { $auto$rtlil.cc:2498:Mux$2664 [1] $auto$rtlil.cc:2498:Mux$2664 [1] $auto$rtlil.cc:2498:Mux$2664 [1] $auto$rtlil.cc:2498:Mux$2664 [1] $auto$rtlil.cc:2498:Mux$2664 [1] $auto$rtlil.cc:2498:Mux$2664 [1] 1'1 }
    Consolidated identical input bits for $mux cell $ternary$/teamspace/studios/this_studio/Melodica-Integration-into-Fife-Core/Learn_Bluespec_and_RISCV_Design/Code/Build/Fife/verilog/mkPositCore.v:525$728:
      Old ports: A={ 2'01 \ptof.ffO.data0_reg [34:3] 1'0 $auto$opt_share.cc:222:merge_operators$2667 \MUX_ffO$enq_1__VAL_2 [1] \ptof.ffO.data0_reg [0] }, B={ 2'10 \normalizer.fifo_output_reg.data0_reg [35:4] \normalizer.fifo_output_reg.data0_reg [1] $auto$opt_share.cc:222:merge_operators$2667 \MUX_ffO$enq_1__VAL_1 [1] \normalizer.fifo_output_reg.data0_reg [0] }, Y={ \ffO.D_IN [70:69] \ffO.D_IN [36:4] \ffO.D_IN [2:0] }
      New ports: A={ 2'01 \ptof.ffO.data0_reg [34:3] 1'0 \MUX_ffO$enq_1__VAL_2 [1] \ptof.ffO.data0_reg [0] }, B={ 2'10 \normalizer.fifo_output_reg.data0_reg [35:4] \normalizer.fifo_output_reg.data0_reg [1] \MUX_ffO$enq_1__VAL_1 [1] \normalizer.fifo_output_reg.data0_reg [0] }, Y={ \ffO.D_IN [70:69] \ffO.D_IN [36:4] \ffO.D_IN [1:0] }
      New connections: \ffO.D_IN [2] = $auto$opt_share.cc:222:merge_operators$2667
  Optimizing cells in module \mkPositCore.
Performed a total of 3 changes.

14.20.13. Executing OPT_MERGE pass (detect identical cells).
Finding identical cells in module `\mkPositCore'.
Removed a total of 0 cells.

14.20.14. Executing OPT_SHARE pass.

14.20.15. Executing OPT_DFF pass (perform DFF optimizations).
Adding EN signal on $memory\quire.seg_adder_vff_in_3.arr[2]$2616 ($dff) from module mkPositCore (D = { \quire.IF_accumulate_x_BIT_101_21_THEN_0b1_CONCAT_fn__ETC___d234 [127:126] \quire.IF_accumulate_x_BIT_101_21_THEN_0b1_CONCAT_fn__ETC___d234 [126] \quire.IF_accumulate_x_BIT_101_21_THEN_0b1_CONCAT_fn__ETC___d234 [126] \quire.IF_accumulate_x_BIT_101_21_THEN_0b1_CONCAT_fn__ETC___d234 [126] \quire.IF_accumulate_x_BIT_101_21_THEN_0b1_CONCAT_fn__ETC___d234 [126] \quire.IF_accumulate_x_BIT_101_21_THEN_0b1_CONCAT_fn__ETC___d234 [126] \quire.IF_accumulate_x_BIT_101_21_THEN_0b1_CONCAT_fn__ETC___d234 [126] \quire.IF_accumulate_x_BIT_101_21_THEN_0b1_CONCAT_fn__ETC___d234 [126] \quire.IF_accumulate_x_BIT_101_21_THEN_0b1_CONCAT_fn__ETC___d234 [126] \quire.IF_accumulate_x_BIT_101_21_THEN_0b1_CONCAT_fn__ETC___d234 [126] \quire.IF_accumulate_x_BIT_101_21_THEN_0b1_CONCAT_fn__ETC___d234 [126] \quire.IF_accumulate_x_BIT_101_21_THEN_0b1_CONCAT_fn__ETC___d234 [126] \quire.IF_accumulate_x_BIT_101_21_THEN_0b1_CONCAT_fn__ETC___d234 [126] \quire.IF_accumulate_x_BIT_101_21_THEN_0b1_CONCAT_fn__ETC___d234 [126] \quire.IF_accumulate_x_BIT_101_21_THEN_0b1_CONCAT_fn__ETC___d234 [126] \quire.IF_accumulate_x_BIT_101_21_THEN_0b1_CONCAT_fn__ETC___d234 [126] \quire.IF_accumulate_x_BIT_101_21_THEN_0b1_CONCAT_fn__ETC___d234 [126] \quire.IF_accumulate_x_BIT_101_21_THEN_0b1_CONCAT_fn__ETC___d234 [126] \quire.IF_accumulate_x_BIT_101_21_THEN_0b1_CONCAT_fn__ETC___d234 [126] \quire.IF_accumulate_x_BIT_101_21_THEN_0b1_CONCAT_fn__ETC___d234 [126] \quire.IF_accumulate_x_BIT_101_21_THEN_0b1_CONCAT_fn__ETC___d234 [126] \quire.IF_accumulate_x_BIT_101_21_THEN_0b1_CONCAT_fn__ETC___d234 [126] \quire.IF_accumulate_x_BIT_101_21_THEN_0b1_CONCAT_fn__ETC___d234 [126] \quire.IF_accumulate_x_BIT_101_21_THEN_0b1_CONCAT_fn__ETC___d234 [126] \quire.IF_accumulate_x_BIT_101_21_THEN_0b1_CONCAT_fn__ETC___d234 [126] \quire.IF_accumulate_x_BIT_101_21_THEN_0b1_CONCAT_fn__ETC___d234 [126] \quire.IF_accumulate_x_BIT_101_21_THEN_0b1_CONCAT_fn__ETC___d234 [126] \quire.IF_accumulate_x_BIT_101_21_THEN_0b1_CONCAT_fn__ETC___d234 [126] \quire.IF_accumulate_x_BIT_101_21_THEN_0b1_CONCAT_fn__ETC___d234 [126] \quire.IF_accumulate_x_BIT_101_21_THEN_0b1_CONCAT_fn__ETC___d234 [126] \quire.IF_accumulate_x_BIT_101_21_THEN_0b1_CONCAT_fn__ETC___d234 [126] }, Q = \quire.seg_adder_vff_in_3.arr[2]).
Adding EN signal on $memory\quire.seg_adder_vff_in_3.arr[1]$2614 ($dff) from module mkPositCore (D = { \quire.IF_accumulate_x_BIT_101_21_THEN_0b1_CONCAT_fn__ETC___d234 [127:126] \quire.IF_accumulate_x_BIT_101_21_THEN_0b1_CONCAT_fn__ETC___d234 [126] \quire.IF_accumulate_x_BIT_101_21_THEN_0b1_CONCAT_fn__ETC___d234 [126] \quire.IF_accumulate_x_BIT_101_21_THEN_0b1_CONCAT_fn__ETC___d234 [126] \quire.IF_accumulate_x_BIT_101_21_THEN_0b1_CONCAT_fn__ETC___d234 [126] \quire.IF_accumulate_x_BIT_101_21_THEN_0b1_CONCAT_fn__ETC___d234 [126] \quire.IF_accumulate_x_BIT_101_21_THEN_0b1_CONCAT_fn__ETC___d234 [126] \quire.IF_accumulate_x_BIT_101_21_THEN_0b1_CONCAT_fn__ETC___d234 [126] \quire.IF_accumulate_x_BIT_101_21_THEN_0b1_CONCAT_fn__ETC___d234 [126] \quire.IF_accumulate_x_BIT_101_21_THEN_0b1_CONCAT_fn__ETC___d234 [126] \quire.IF_accumulate_x_BIT_101_21_THEN_0b1_CONCAT_fn__ETC___d234 [126] \quire.IF_accumulate_x_BIT_101_21_THEN_0b1_CONCAT_fn__ETC___d234 [126] \quire.IF_accumulate_x_BIT_101_21_THEN_0b1_CONCAT_fn__ETC___d234 [126] \quire.IF_accumulate_x_BIT_101_21_THEN_0b1_CONCAT_fn__ETC___d234 [126] \quire.IF_accumulate_x_BIT_101_21_THEN_0b1_CONCAT_fn__ETC___d234 [126] \quire.IF_accumulate_x_BIT_101_21_THEN_0b1_CONCAT_fn__ETC___d234 [126] \quire.IF_accumulate_x_BIT_101_21_THEN_0b1_CONCAT_fn__ETC___d234 [126] \quire.IF_accumulate_x_BIT_101_21_THEN_0b1_CONCAT_fn__ETC___d234 [126] \quire.IF_accumulate_x_BIT_101_21_THEN_0b1_CONCAT_fn__ETC___d234 [126] \quire.IF_accumulate_x_BIT_101_21_THEN_0b1_CONCAT_fn__ETC___d234 [126] \quire.IF_accumulate_x_BIT_101_21_THEN_0b1_CONCAT_fn__ETC___d234 [126] \quire.IF_accumulate_x_BIT_101_21_THEN_0b1_CONCAT_fn__ETC___d234 [126] \quire.IF_accumulate_x_BIT_101_21_THEN_0b1_CONCAT_fn__ETC___d234 [126] \quire.IF_accumulate_x_BIT_101_21_THEN_0b1_CONCAT_fn__ETC___d234 [126] \quire.IF_accumulate_x_BIT_101_21_THEN_0b1_CONCAT_fn__ETC___d234 [126] \quire.IF_accumulate_x_BIT_101_21_THEN_0b1_CONCAT_fn__ETC___d234 [126] \quire.IF_accumulate_x_BIT_101_21_THEN_0b1_CONCAT_fn__ETC___d234 [126] \quire.IF_accumulate_x_BIT_101_21_THEN_0b1_CONCAT_fn__ETC___d234 [126] \quire.IF_accumulate_x_BIT_101_21_THEN_0b1_CONCAT_fn__ETC___d234 [126] \quire.IF_accumulate_x_BIT_101_21_THEN_0b1_CONCAT_fn__ETC___d234 [126] \quire.IF_accumulate_x_BIT_101_21_THEN_0b1_CONCAT_fn__ETC___d234 [126] }, Q = \quire.seg_adder_vff_in_3.arr[1]).
Adding EN signal on $memory\quire.seg_adder_vff_in_3.arr[0]$2612 ($dff) from module mkPositCore (D = { \quire.IF_accumulate_x_BIT_101_21_THEN_0b1_CONCAT_fn__ETC___d234 [127:126] \quire.IF_accumulate_x_BIT_101_21_THEN_0b1_CONCAT_fn__ETC___d234 [126] \quire.IF_accumulate_x_BIT_101_21_THEN_0b1_CONCAT_fn__ETC___d234 [126] \quire.IF_accumulate_x_BIT_101_21_THEN_0b1_CONCAT_fn__ETC___d234 [126] \quire.IF_accumulate_x_BIT_101_21_THEN_0b1_CONCAT_fn__ETC___d234 [126] \quire.IF_accumulate_x_BIT_101_21_THEN_0b1_CONCAT_fn__ETC___d234 [126] \quire.IF_accumulate_x_BIT_101_21_THEN_0b1_CONCAT_fn__ETC___d234 [126] \quire.IF_accumulate_x_BIT_101_21_THEN_0b1_CONCAT_fn__ETC___d234 [126] \quire.IF_accumulate_x_BIT_101_21_THEN_0b1_CONCAT_fn__ETC___d234 [126] \quire.IF_accumulate_x_BIT_101_21_THEN_0b1_CONCAT_fn__ETC___d234 [126] \quire.IF_accumulate_x_BIT_101_21_THEN_0b1_CONCAT_fn__ETC___d234 [126] \quire.IF_accumulate_x_BIT_101_21_THEN_0b1_CONCAT_fn__ETC___d234 [126] \quire.IF_accumulate_x_BIT_101_21_THEN_0b1_CONCAT_fn__ETC___d234 [126] \quire.IF_accumulate_x_BIT_101_21_THEN_0b1_CONCAT_fn__ETC___d234 [126] \quire.IF_accumulate_x_BIT_101_21_THEN_0b1_CONCAT_fn__ETC___d234 [126] \quire.IF_accumulate_x_BIT_101_21_THEN_0b1_CONCAT_fn__ETC___d234 [126] \quire.IF_accumulate_x_BIT_101_21_THEN_0b1_CONCAT_fn__ETC___d234 [126] \quire.IF_accumulate_x_BIT_101_21_THEN_0b1_CONCAT_fn__ETC___d234 [126] \quire.IF_accumulate_x_BIT_101_21_THEN_0b1_CONCAT_fn__ETC___d234 [126] \quire.IF_accumulate_x_BIT_101_21_THEN_0b1_CONCAT_fn__ETC___d234 [126] \quire.IF_accumulate_x_BIT_101_21_THEN_0b1_CONCAT_fn__ETC___d234 [126] \quire.IF_accumulate_x_BIT_101_21_THEN_0b1_CONCAT_fn__ETC___d234 [126] \quire.IF_accumulate_x_BIT_101_21_THEN_0b1_CONCAT_fn__ETC___d234 [126] \quire.IF_accumulate_x_BIT_101_21_THEN_0b1_CONCAT_fn__ETC___d234 [126] \quire.IF_accumulate_x_BIT_101_21_THEN_0b1_CONCAT_fn__ETC___d234 [126] \quire.IF_accumulate_x_BIT_101_21_THEN_0b1_CONCAT_fn__ETC___d234 [126] \quire.IF_accumulate_x_BIT_101_21_THEN_0b1_CONCAT_fn__ETC___d234 [126] \quire.IF_accumulate_x_BIT_101_21_THEN_0b1_CONCAT_fn__ETC___d234 [126] \quire.IF_accumulate_x_BIT_101_21_THEN_0b1_CONCAT_fn__ETC___d234 [126] \quire.IF_accumulate_x_BIT_101_21_THEN_0b1_CONCAT_fn__ETC___d234 [126] \quire.IF_accumulate_x_BIT_101_21_THEN_0b1_CONCAT_fn__ETC___d234 [126] }, Q = \quire.seg_adder_vff_in_3.arr[0]).
Adding EN signal on $memory\quire.seg_adder_vff_in_2.arr[2]$2575 ($dff) from module mkPositCore (D = \quire.IF_accumulate_x_BIT_101_21_THEN_0b1_CONCAT_fn__ETC___d234 [95:64], Q = \quire.seg_adder_vff_in_2.arr[2]).
Adding EN signal on $memory\quire.seg_adder_vff_in_2.arr[1]$2573 ($dff) from module mkPositCore (D = \quire.IF_accumulate_x_BIT_101_21_THEN_0b1_CONCAT_fn__ETC___d234 [95:64], Q = \quire.seg_adder_vff_in_2.arr[1]).
Adding EN signal on $memory\quire.seg_adder_vff_in_2.arr[0]$2571 ($dff) from module mkPositCore (D = \quire.IF_accumulate_x_BIT_101_21_THEN_0b1_CONCAT_fn__ETC___d234 [95:64], Q = \quire.seg_adder_vff_in_2.arr[0]).
Adding EN signal on $memory\quire.seg_adder_vff_in_1.arr[2]$2534 ($dff) from module mkPositCore (D = \quire.IF_accumulate_x_BIT_101_21_THEN_0b1_CONCAT_fn__ETC___d234 [63:32], Q = \quire.seg_adder_vff_in_1.arr[2]).
Adding EN signal on $memory\quire.seg_adder_vff_in_1.arr[1]$2532 ($dff) from module mkPositCore (D = \quire.IF_accumulate_x_BIT_101_21_THEN_0b1_CONCAT_fn__ETC___d234 [63:32], Q = \quire.seg_adder_vff_in_1.arr[1]).
Adding EN signal on $memory\quire.seg_adder_vff_in_1.arr[0]$2530 ($dff) from module mkPositCore (D = \quire.IF_accumulate_x_BIT_101_21_THEN_0b1_CONCAT_fn__ETC___d234 [63:32], Q = \quire.seg_adder_vff_in_1.arr[0]).
Adding EN signal on $memory\quire.seg_adder_vff_in_0.arr[2]$2493 ($dff) from module mkPositCore (D = \quire.IF_accumulate_x_BIT_101_21_THEN_0b1_CONCAT_fn__ETC___d234 [31:0], Q = \quire.seg_adder_vff_in_0.arr[2]).
Adding EN signal on $memory\quire.seg_adder_vff_in_0.arr[1]$2491 ($dff) from module mkPositCore (D = \quire.IF_accumulate_x_BIT_101_21_THEN_0b1_CONCAT_fn__ETC___d234 [31:0], Q = \quire.seg_adder_vff_in_0.arr[1]).
Adding EN signal on $memory\quire.seg_adder_vff_in_0.arr[0]$2489 ($dff) from module mkPositCore (D = \quire.IF_accumulate_x_BIT_101_21_THEN_0b1_CONCAT_fn__ETC___d234 [31:0], Q = \quire.seg_adder_vff_in_0.arr[0]).
Adding EN signal on $memory\quire.seg_adder_vff_carry_2.arr[2]$2452 ($dff) from module mkPositCore (D = \quire.acc__h3156 [32], Q = \quire.seg_adder_vff_carry_2.arr[2]).
Adding EN signal on $memory\quire.seg_adder_vff_carry_2.arr[1]$2450 ($dff) from module mkPositCore (D = \quire.acc__h3156 [32], Q = \quire.seg_adder_vff_carry_2.arr[1]).
Adding EN signal on $memory\quire.seg_adder_vff_carry_2.arr[0]$2448 ($dff) from module mkPositCore (D = \quire.acc__h3156 [32], Q = \quire.seg_adder_vff_carry_2.arr[0]).
Adding EN signal on $memory\quire.seg_adder_vff_carry_1.arr[2]$2411 ($dff) from module mkPositCore (D = \quire.acc__h2653 [32], Q = \quire.seg_adder_vff_carry_1.arr[2]).
Adding EN signal on $memory\quire.seg_adder_vff_carry_1.arr[1]$2409 ($dff) from module mkPositCore (D = \quire.acc__h2653 [32], Q = \quire.seg_adder_vff_carry_1.arr[1]).
Adding EN signal on $memory\quire.seg_adder_vff_carry_1.arr[0]$2407 ($dff) from module mkPositCore (D = \quire.acc__h2653 [32], Q = \quire.seg_adder_vff_carry_1.arr[0]).
Adding EN signal on $memory\quire.seg_adder_vff_carry_0.arr[2]$2370 ($dff) from module mkPositCore (D = \quire.acc__h1842 [32], Q = \quire.seg_adder_vff_carry_0.arr[2]).
Adding EN signal on $memory\quire.seg_adder_vff_carry_0.arr[1]$2368 ($dff) from module mkPositCore (D = \quire.acc__h1842 [32], Q = \quire.seg_adder_vff_carry_0.arr[1]).
Adding EN signal on $memory\quire.seg_adder_vff_carry_0.arr[0]$2366 ($dff) from module mkPositCore (D = \quire.acc__h1842 [32], Q = \quire.seg_adder_vff_carry_0.arr[0]).
Setting constant 0-bit at position 0 on $auto$ff.cc:266:slice$1743 ($dffe) from module mkPositCore.
Setting constant 0-bit at position 3 on $auto$ff.cc:266:slice$1824 ($dffe) from module mkPositCore.
Setting constant 1-bit at position 36 on $auto$ff.cc:266:slice$1824 ($dffe) from module mkPositCore.
Setting constant 1-bit at position 37 on $auto$ff.cc:266:slice$1824 ($dffe) from module mkPositCore.
Setting constant 1-bit at position 38 on $auto$ff.cc:266:slice$1824 ($dffe) from module mkPositCore.
Setting constant 1-bit at position 39 on $auto$ff.cc:266:slice$1824 ($dffe) from module mkPositCore.
Setting constant 1-bit at position 40 on $auto$ff.cc:266:slice$1824 ($dffe) from module mkPositCore.
Setting constant 1-bit at position 41 on $auto$ff.cc:266:slice$1824 ($dffe) from module mkPositCore.
Setting constant 1-bit at position 42 on $auto$ff.cc:266:slice$1824 ($dffe) from module mkPositCore.
Setting constant 1-bit at position 43 on $auto$ff.cc:266:slice$1824 ($dffe) from module mkPositCore.
Setting constant 1-bit at position 44 on $auto$ff.cc:266:slice$1824 ($dffe) from module mkPositCore.
Setting constant 1-bit at position 45 on $auto$ff.cc:266:slice$1824 ($dffe) from module mkPositCore.
Setting constant 1-bit at position 46 on $auto$ff.cc:266:slice$1824 ($dffe) from module mkPositCore.
Setting constant 1-bit at position 47 on $auto$ff.cc:266:slice$1824 ($dffe) from module mkPositCore.
Setting constant 1-bit at position 48 on $auto$ff.cc:266:slice$1824 ($dffe) from module mkPositCore.
Setting constant 1-bit at position 49 on $auto$ff.cc:266:slice$1824 ($dffe) from module mkPositCore.
Setting constant 1-bit at position 50 on $auto$ff.cc:266:slice$1824 ($dffe) from module mkPositCore.
Setting constant 1-bit at position 51 on $auto$ff.cc:266:slice$1824 ($dffe) from module mkPositCore.
Setting constant 1-bit at position 52 on $auto$ff.cc:266:slice$1824 ($dffe) from module mkPositCore.
Setting constant 1-bit at position 53 on $auto$ff.cc:266:slice$1824 ($dffe) from module mkPositCore.
Setting constant 1-bit at position 54 on $auto$ff.cc:266:slice$1824 ($dffe) from module mkPositCore.
Setting constant 1-bit at position 55 on $auto$ff.cc:266:slice$1824 ($dffe) from module mkPositCore.
Setting constant 1-bit at position 56 on $auto$ff.cc:266:slice$1824 ($dffe) from module mkPositCore.
Setting constant 1-bit at position 57 on $auto$ff.cc:266:slice$1824 ($dffe) from module mkPositCore.
Setting constant 1-bit at position 58 on $auto$ff.cc:266:slice$1824 ($dffe) from module mkPositCore.
Setting constant 1-bit at position 59 on $auto$ff.cc:266:slice$1824 ($dffe) from module mkPositCore.
Setting constant 1-bit at position 60 on $auto$ff.cc:266:slice$1824 ($dffe) from module mkPositCore.
Setting constant 1-bit at position 61 on $auto$ff.cc:266:slice$1824 ($dffe) from module mkPositCore.
Setting constant 1-bit at position 62 on $auto$ff.cc:266:slice$1824 ($dffe) from module mkPositCore.
Setting constant 1-bit at position 63 on $auto$ff.cc:266:slice$1824 ($dffe) from module mkPositCore.
Setting constant 1-bit at position 64 on $auto$ff.cc:266:slice$1824 ($dffe) from module mkPositCore.
Setting constant 1-bit at position 65 on $auto$ff.cc:266:slice$1824 ($dffe) from module mkPositCore.
Setting constant 1-bit at position 66 on $auto$ff.cc:266:slice$1824 ($dffe) from module mkPositCore.
Setting constant 1-bit at position 67 on $auto$ff.cc:266:slice$1824 ($dffe) from module mkPositCore.
Setting constant 0-bit at position 0 on $auto$ff.cc:266:slice$1842 ($dffe) from module mkPositCore.
Setting constant 0-bit at position 1 on $auto$ff.cc:266:slice$1842 ($dffe) from module mkPositCore.
Setting constant 0-bit at position 2 on $auto$ff.cc:266:slice$1842 ($dffe) from module mkPositCore.
Setting constant 0-bit at position 0 on $auto$ff.cc:266:slice$1851 ($dffe) from module mkPositCore.
Setting constant 0-bit at position 1 on $auto$ff.cc:266:slice$1851 ($dffe) from module mkPositCore.
Setting constant 0-bit at position 2 on $auto$ff.cc:266:slice$1851 ($dffe) from module mkPositCore.

14.20.16. Executing OPT_CLEAN pass (remove unused cells and wires).
Finding unused cells or wires in module \mkPositCore..
Removed 21 unused cells and 41 unused wires.
<suppressed ~22 debug messages>

14.20.17. Executing OPT_EXPR pass (perform const folding).
Optimizing module mkPositCore.
<suppressed ~28 debug messages>

14.20.18. Rerunning OPT passes. (Maybe there is more to do..)

14.20.19. Executing OPT_MUXTREE pass (detect dead branches in mux trees).
Running muxtree optimizer on module \mkPositCore..
  Creating internal representation of mux trees.
  Evaluating internal representation of mux trees.
  Analyzing evaluation results.
Removed 0 multiplexer ports.
<suppressed ~105 debug messages>

14.20.20. Executing OPT_REDUCE pass (consolidate $*mux and $reduce_* inputs).
  Optimizing cells in module \mkPositCore.
Performed a total of 0 changes.

14.20.21. Executing OPT_MERGE pass (detect identical cells).
Finding identical cells in module `\mkPositCore'.
Removed a total of 0 cells.

14.20.22. Executing OPT_SHARE pass.

14.20.23. Executing OPT_DFF pass (perform DFF optimizations).

14.20.24. Executing OPT_CLEAN pass (remove unused cells and wires).
Finding unused cells or wires in module \mkPositCore..
Removed 0 unused cells and 8 unused wires.
<suppressed ~1 debug messages>

14.20.25. Executing OPT_EXPR pass (perform const folding).
Optimizing module mkPositCore.

14.20.26. Rerunning OPT passes. (Maybe there is more to do..)

14.20.27. Executing OPT_MUXTREE pass (detect dead branches in mux trees).
Running muxtree optimizer on module \mkPositCore..
  Creating internal representation of mux trees.
  Evaluating internal representation of mux trees.
  Analyzing evaluation results.
Removed 0 multiplexer ports.
<suppressed ~105 debug messages>

14.20.28. Executing OPT_REDUCE pass (consolidate $*mux and $reduce_* inputs).
  Optimizing cells in module \mkPositCore.
Performed a total of 0 changes.

14.20.29. Executing OPT_MERGE pass (detect identical cells).
Finding identical cells in module `\mkPositCore'.
Removed a total of 0 cells.

14.20.30. Executing OPT_SHARE pass.

14.20.31. Executing OPT_DFF pass (perform DFF optimizations).

14.20.32. Executing OPT_CLEAN pass (remove unused cells and wires).
Finding unused cells or wires in module \mkPositCore..

14.20.33. Executing OPT_EXPR pass (perform const folding).
Optimizing module mkPositCore.

14.20.34. Finished OPT passes. (There is nothing left to do.)

14.21. Executing TECHMAP pass (map to technology primitives).

14.21.1. Executing Verilog-2005 frontend: /usr/bin/../share/yosys/techmap.v
Parsing Verilog input from `/usr/bin/../share/yosys/techmap.v' to AST representation.
Generating RTLIL representation for module `\_90_simplemap_bool_ops'.
Generating RTLIL representation for module `\_90_simplemap_reduce_ops'.
Generating RTLIL representation for module `\_90_simplemap_logic_ops'.
Generating RTLIL representation for module `\_90_simplemap_compare_ops'.
Generating RTLIL representation for module `\_90_simplemap_various'.
Generating RTLIL representation for module `\_90_simplemap_registers'.
Generating RTLIL representation for module `\_90_shift_ops_shr_shl_sshl_sshr'.
Generating RTLIL representation for module `\_90_shift_shiftx'.
Generating RTLIL representation for module `\_90_fa'.
Generating RTLIL representation for module `\_90_lcu'.
Generating RTLIL representation for module `\_90_alu'.
Generating RTLIL representation for module `\_90_macc'.
Generating RTLIL representation for module `\_90_alumacc'.
Generating RTLIL representation for module `\$__div_mod_u'.
Generating RTLIL representation for module `\$__div_mod_trunc'.
Generating RTLIL representation for module `\_90_div'.
Generating RTLIL representation for module `\_90_mod'.
Generating RTLIL representation for module `\$__div_mod_floor'.
Generating RTLIL representation for module `\_90_divfloor'.
Generating RTLIL representation for module `\_90_modfloor'.
Generating RTLIL representation for module `\_90_pow'.
Generating RTLIL representation for module `\_90_pmux'.
Generating RTLIL representation for module `\_90_demux'.
Generating RTLIL representation for module `\_90_lut'.
Successfully finished Verilog frontend.

14.21.2. Continuing TECHMAP pass.
Using extmapper simplemap for cells of type $logic_and.
Using extmapper simplemap for cells of type $ne.
Using extmapper simplemap for cells of type $eq.
Using extmapper simplemap for cells of type $logic_not.
Using extmapper simplemap for cells of type $logic_or.
Using extmapper simplemap for cells of type $not.
Using extmapper simplemap for cells of type $and.
Using template $paramod$6a42b6fefed750f8a1c58eab59479d960557103c\_90_alu for cells of type $alu.
Using template $paramod$d902cfcd8f5bceb817669b134f968d68db216af4\_90_alu for cells of type $alu.
Using extmapper simplemap for cells of type $reduce_and.
Using extmapper simplemap for cells of type $or.
Using extmapper simplemap for cells of type $mux.
Using extmapper simplemap for cells of type $sdffe.
Using extmapper simplemap for cells of type $reduce_bool.
Using extmapper simplemap for cells of type $dffe.
Using extmapper simplemap for cells of type $dff.
Using extmapper simplemap for cells of type $reduce_or.
Using extmapper simplemap for cells of type $xor.
Using template $paramod$175e67c02b86e96b1288b9dc100122520d7240d8\_90_alu for cells of type $alu.
Using template $paramod$ccf850e03d245b24a3ec7bc4d75de879f619fc7b\_90_alu for cells of type $alu.
Using template $paramod$32efbfac1c4dc57230cf86180788fdfd12e3b511\_90_alu for cells of type $alu.
Using extmapper simplemap for cells of type $sdffce.
Using template $paramod$821d2886e47353e724eaca46af4992e9c3e6ac1d\_90_alu for cells of type $alu.
Using template $paramod$constmap:b64020473ebf40a62ec43d3c5e6066e86b5b316f$paramod$cd544d2f03413e81a077e3d351e50d0455609b18\_90_shift_ops_shr_shl_sshl_sshr for cells of type $shr.
Using template $paramod$ec32b97001540459632a2df9accd677d3703ea0f\_90_alu for cells of type $alu.
Using template $paramod$befd47b1c77b68561d11d0cb61a0fae29b79f34c\_90_alu for cells of type $alu.
Using template $paramod$dad13a281fa6a9ffd6dd427a87dc9a952e80e9ea\_90_alu for cells of type $alu.
Using template $paramod$78e969f2586efcf3a5b0b0440bcca0db83d5cca2\_90_alu for cells of type $alu.
Using template $paramod$484d51534650924b7ed4c69e46eed3a56904771f\_90_alu for cells of type $alu.
Using template $paramod$b18e16801adf491a64caa0542270798e5d4ac6b6\_90_alu for cells of type $alu.
Using template $paramod$c4905825bb8ecc38b98eb4167e8b007447af7884\_90_alu for cells of type $alu.
Using template $paramod$a1bc51c02ce12ac21eb18988e83292af48ed7d72\_90_alu for cells of type $alu.
Using template $paramod$constmap:58e265f3963d170f6370448396d4e52825a576e2$paramod$82bba7787c4e6df1139a2b7420dd6798afd8f5c0\_90_shift_shiftx for cells of type $shiftx.
Using template $paramod$constmap:6d42ca5e0ad993e7b5848d37813207d6cc9fdcbf$paramod$f3820d182a19f1e1c376358695931adcd5bb37f8\_90_shift_ops_shr_shl_sshl_sshr for cells of type $shl.
Using template $paramod$dfca81329cbbac01700318224209a5f2318c7128\_90_alu for cells of type $alu.
Using template $paramod$constmap:62282a2c3aa357c9d44a6274ab55e63f36b7508c$paramod$d84cf4a454c8161027a52ecce982516fa5ea11a8\_90_shift_ops_shr_shl_sshl_sshr for cells of type $shr.
Using template $paramod$2f5fb04daf2da94d981bf9455fa4454c6ec8b705\_90_alu for cells of type $alu.
Using template $paramod$constmap:62282a2c3aa357c9d44a6274ab55e63f36b7508c$paramod$829f02bc44b91d665789b3d92245c87f37c820a0\_90_shift_ops_shr_shl_sshl_sshr for cells of type $shl.
Using template $paramod$b88c814db3182f0c444e9827cc183ec51bbd865d\_90_alu for cells of type $alu.
Using extmapper maccmap for cells of type $macc.
  add { \quire.zero_counter_rg_numZeroSegs 5'00000 } (7 bits, unsigned)
  add \quire.x__h3961 (6 bits, unsigned)
  add 8'11111111 (8 bits, unsigned)
Using extmapper simplemap for cells of type $sdff.
Using template $paramod$0ae36a7056fbae1b1191049d3533163e46c0843a\_90_pmux for cells of type $pmux.
Using template $paramod$8fabc56b80a569262acfc42757a02ca0b8e91278\_90_pmux for cells of type $pmux.
Using template $paramod$521ce43182eecb9f60c72393a788160d2c356bf5\_90_pmux for cells of type $pmux.
Using template $paramod$constmap:962766be3b03db751bd41b56901e9e0158cd641a$paramod$baa86c99689aa906d63eea8fa5f76ad95a37e9da\_90_shift_ops_shr_shl_sshl_sshr for cells of type $shl.
Using template $paramod$constmap:516d3344d79674e46af06072969b74bfde95d6d2$paramod$364418a307f123f8357e6b476fa9381a6e1a7c2b\_90_shift_ops_shr_shl_sshl_sshr for cells of type $shr.
Using template $paramod$constmap:0d0f735b2c33663b8db1f3723fc3f729345a890b$paramod$36bcedab95bc008bdb3be17850b72f55052ea47a\_90_shift_shiftx for cells of type $shiftx.
Using template $paramod$78464f9f65d57061f7490f3fe5dd257e4a61e2b7\_90_alu for cells of type $alu.
Using template $paramod$857150d3a9b7fb38b73bbaa31ff652415e553f98\_90_alu for cells of type $alu.
Using template $paramod$94b2d39efe5cee36393111e3a7a149e3dba7e8c5\_90_alu for cells of type $alu.
Using template $paramod$49641a5ace7a8dbedd31c417f5a1b54fcecf6c7d\_90_alu for cells of type $alu.
  add { \multiplier.IF_request_put_BITS_79_TO_78_2_EQ_2_8_THEN_0b1_ETC___d69 [1] \extracter1.ff_extract_out.data0_reg [26:0] } * { \multiplier.IF_request_put_BITS_79_TO_78_2_EQ_2_8_THEN_0b1_ETC___d69 [0] \extracter2.ff_extract_out.data0_reg [26:0] } (28x28 bits, unsigned)
Using template $paramod$32a7b7b86c07519b7537abc18e96f0331f97914d\_90_alu for cells of type $alu.
Using template $paramod$788c3d57e5abb3a3f89aea6d4acd665be37f4e9b\_90_alu for cells of type $alu.
Using template $paramod$fbc7873bff55778c0b3173955b7e4bce1d9d6834\_90_alu for cells of type $alu.
Using template $paramod$constmap:00e8935904c3f1579318bbc6a3cdc01f5f22cc85$paramod$2d6339d855f6d875f86190fed384adeb9efe963a\_90_shift_ops_shr_shl_sshl_sshr for cells of type $shr.
Using template $paramod$constmap:00e8935904c3f1579318bbc6a3cdc01f5f22cc85$paramod$00b1735c05c076e64f4ef7153abb17286bf13f40\_90_shift_ops_shr_shl_sshl_sshr for cells of type $shl.
Using template $paramod$c3cd1564c35d873179656addd6052d7ea8b6d991\_90_alu for cells of type $alu.
Using template $paramod$4bff87f89c86fe7fb8a2fc2d582304796a9f90ab\_90_alu for cells of type $alu.
Using template $paramod$constmap:62f1b3006998af790d4398348bd3d5bcc3a93e8b$paramod$4667d70a992ea765cd996d29e4719bfc2e74ff1a\_90_shift_ops_shr_shl_sshl_sshr for cells of type $shl.
Using template $paramod$1a3a0c35c4a4896fbfd612699525c057298e72d2\_90_alu for cells of type $alu.
Using template $paramod$bd91b1311a7e26328ec7b35acb363a89aa87e033\_90_alu for cells of type $alu.
Using template $paramod$7e708ae28ab761f11d0fb59d3ffc72f6a4baf5d9\_90_alu for cells of type $alu.
Using extmapper simplemap for cells of type $pos.
Using template $paramod\_90_lcu\WIDTH=32'00000000000000000000000000000110 for cells of type $lcu.
Using template $paramod\_90_lcu\WIDTH=32'00000000000000000000000000001000 for cells of type $lcu.
Using template $paramod\_90_lcu\WIDTH=32'00000000000000000000000000000010 for cells of type $lcu.
Using template $paramod\_90_lcu\WIDTH=32'00000000000000000000000001100100 for cells of type $lcu.
Using template $paramod\_90_lcu\WIDTH=32'00000000000000000000000000000111 for cells of type $lcu.
Using template $paramod\_90_lcu\WIDTH=32'00000000000000000000000000000101 for cells of type $lcu.
Using template $paramod\_90_lcu\WIDTH=32'00000000000000000000000000001010 for cells of type $lcu.
Using template $paramod\_90_lcu\WIDTH=32'00000000000000000000000000000011 for cells of type $lcu.
Using template $paramod\_90_lcu\WIDTH=32'00000000000000000000000000001011 for cells of type $lcu.
Using template $paramod\_90_lcu\WIDTH=32'00000000000000000000000000100000 for cells of type $lcu.
Using template $paramod\_90_fa\WIDTH=32'00000000000000000000000000001000 for cells of type $fa.
Using template $paramod\_90_lcu\WIDTH=32'00000000000000000000000000001001 for cells of type $lcu.
Using template $paramod\_90_lcu\WIDTH=32'00000000000000000000000000100001 for cells of type $lcu.
Using template $paramod\_90_fa\WIDTH=32'00000000000000000000000000111000 for cells of type $fa.
Using template $paramod$7bd4281b5f3a80256512f7bfc730d1882f38423f\_90_alu for cells of type $alu.
Using template $paramod\_90_lcu\WIDTH=32'00000000000000000000000000000100 for cells of type $lcu.
Using template $paramod\_90_lcu\WIDTH=32'00000000000000000000000000011111 for cells of type $lcu.
Using template $paramod\_90_lcu\WIDTH=32'00000000000000000000000000111000 for cells of type $lcu.
No more expansions possible.
<suppressed ~18532 debug messages>

14.22. Executing OPT pass (performing simple optimizations).

14.22.1. Executing OPT_EXPR pass (perform const folding).
Optimizing module mkPositCore.
<suppressed ~11081 debug messages>

14.22.2. Executing OPT_MERGE pass (detect identical cells).
Finding identical cells in module `\mkPositCore'.
<suppressed ~4365 debug messages>
Removed a total of 1455 cells.

14.22.3. Executing OPT_DFF pass (perform DFF optimizations).
Adding SRST signal on $auto$ff.cc:266:slice$3534 ($_DFFE_PP_) from module mkPositCore (D = $techmap$flatten\multiplier.$shr$/teamspace/studios/this_studio/Melodica-Integration-into-Fife-Core/Learn_Bluespec_and_RISCV_Design/Code/Build/Fife/verilog/mkMultiplier.v:206$460.$16\buffer[95:0] [0], Q = \multiplier.ff_to_quire.D_OUT [5], rval = 1'0).
Adding SRST signal on $auto$ff.cc:266:slice$3583 ($_DFFE_PP_) from module mkPositCore (D = $techmap$flatten\multiplier.$shl$/teamspace/studios/this_studio/Melodica-Integration-into-Fife-Core/Learn_Bluespec_and_RISCV_Design/Code/Build/Fife/verilog/mkMultiplier.v:204$459.$11\buffer[95:0] [49], Q = \multiplier.ff_to_quire.D_OUT [54], rval = 1'0).
Adding SRST signal on $auto$ff.cc:266:slice$3584 ($_DFFE_PP_) from module mkPositCore (D = $techmap$flatten\multiplier.$shl$/teamspace/studios/this_studio/Melodica-Integration-into-Fife-Core/Learn_Bluespec_and_RISCV_Design/Code/Build/Fife/verilog/mkMultiplier.v:204$459.$11\buffer[95:0] [50], Q = \multiplier.ff_to_quire.D_OUT [55], rval = 1'0).
Adding SRST signal on $auto$ff.cc:266:slice$3585 ($_DFFE_PP_) from module mkPositCore (D = $techmap$flatten\multiplier.$shl$/teamspace/studios/this_studio/Melodica-Integration-into-Fife-Core/Learn_Bluespec_and_RISCV_Design/Code/Build/Fife/verilog/mkMultiplier.v:204$459.$11\buffer[95:0] [51], Q = \multiplier.ff_to_quire.D_OUT [56], rval = 1'0).
Adding SRST signal on $auto$ff.cc:266:slice$3586 ($_DFFE_PP_) from module mkPositCore (D = $techmap$flatten\multiplier.$shl$/teamspace/studios/this_studio/Melodica-Integration-into-Fife-Core/Learn_Bluespec_and_RISCV_Design/Code/Build/Fife/verilog/mkMultiplier.v:204$459.$11\buffer[95:0] [52], Q = \multiplier.ff_to_quire.D_OUT [57], rval = 1'0).
Adding SRST signal on $auto$ff.cc:266:slice$3587 ($_DFFE_PP_) from module mkPositCore (D = $techmap$flatten\multiplier.$shl$/teamspace/studios/this_studio/Melodica-Integration-into-Fife-Core/Learn_Bluespec_and_RISCV_Design/Code/Build/Fife/verilog/mkMultiplier.v:204$459.$11\buffer[95:0] [53], Q = \multiplier.ff_to_quire.D_OUT [58], rval = 1'0).
Adding SRST signal on $auto$ff.cc:266:slice$3588 ($_DFFE_PP_) from module mkPositCore (D = $techmap$flatten\multiplier.$shl$/teamspace/studios/this_studio/Melodica-Integration-into-Fife-Core/Learn_Bluespec_and_RISCV_Design/Code/Build/Fife/verilog/mkMultiplier.v:204$459.$11\buffer[95:0] [54], Q = \multiplier.ff_to_quire.D_OUT [59], rval = 1'0).
Adding SRST signal on $auto$ff.cc:266:slice$3589 ($_DFFE_PP_) from module mkPositCore (D = $techmap$flatten\multiplier.$shl$/teamspace/studios/this_studio/Melodica-Integration-into-Fife-Core/Learn_Bluespec_and_RISCV_Design/Code/Build/Fife/verilog/mkMultiplier.v:204$459.$11\buffer[95:0] [55], Q = \multiplier.ff_to_quire.D_OUT [60], rval = 1'0).
Adding SRST signal on $auto$ff.cc:266:slice$3590 ($_DFFE_PP_) from module mkPositCore (D = $techmap$flatten\multiplier.$shl$/teamspace/studios/this_studio/Melodica-Integration-into-Fife-Core/Learn_Bluespec_and_RISCV_Design/Code/Build/Fife/verilog/mkMultiplier.v:204$459.$11\buffer[95:0] [56], Q = \multiplier.ff_to_quire.D_OUT [61], rval = 1'0).
Adding SRST signal on $auto$ff.cc:266:slice$3591 ($_DFFE_PP_) from module mkPositCore (D = $techmap$flatten\multiplier.$shl$/teamspace/studios/this_studio/Melodica-Integration-into-Fife-Core/Learn_Bluespec_and_RISCV_Design/Code/Build/Fife/verilog/mkMultiplier.v:204$459.$11\buffer[95:0] [57], Q = \multiplier.ff_to_quire.D_OUT [62], rval = 1'0).
Adding SRST signal on $auto$ff.cc:266:slice$3592 ($_DFFE_PP_) from module mkPositCore (D = $techmap$flatten\multiplier.$shl$/teamspace/studios/this_studio/Melodica-Integration-into-Fife-Core/Learn_Bluespec_and_RISCV_Design/Code/Build/Fife/verilog/mkMultiplier.v:204$459.$11\buffer[95:0] [58], Q = \multiplier.ff_to_quire.D_OUT [63], rval = 1'0).
Adding SRST signal on $auto$ff.cc:266:slice$3593 ($_DFFE_PP_) from module mkPositCore (D = $techmap$flatten\multiplier.$shl$/teamspace/studios/this_studio/Melodica-Integration-into-Fife-Core/Learn_Bluespec_and_RISCV_Design/Code/Build/Fife/verilog/mkMultiplier.v:204$459.$11\buffer[95:0] [59], Q = \multiplier.ff_to_quire.D_OUT [64], rval = 1'0).
Adding SRST signal on $auto$ff.cc:266:slice$3594 ($_DFFE_PP_) from module mkPositCore (D = $techmap$flatten\multiplier.$shl$/teamspace/studios/this_studio/Melodica-Integration-into-Fife-Core/Learn_Bluespec_and_RISCV_Design/Code/Build/Fife/verilog/mkMultiplier.v:204$459.$11\buffer[95:0] [60], Q = \multiplier.ff_to_quire.D_OUT [65], rval = 1'0).
Adding SRST signal on $auto$ff.cc:266:slice$3595 ($_DFFE_PP_) from module mkPositCore (D = $techmap$flatten\multiplier.$shl$/teamspace/studios/this_studio/Melodica-Integration-into-Fife-Core/Learn_Bluespec_and_RISCV_Design/Code/Build/Fife/verilog/mkMultiplier.v:204$459.$11\buffer[95:0] [61], Q = \multiplier.ff_to_quire.D_OUT [66], rval = 1'0).
Adding SRST signal on $auto$ff.cc:266:slice$3596 ($_DFFE_PP_) from module mkPositCore (D = $techmap$flatten\multiplier.$shl$/teamspace/studios/this_studio/Melodica-Integration-into-Fife-Core/Learn_Bluespec_and_RISCV_Design/Code/Build/Fife/verilog/mkMultiplier.v:204$459.$11\buffer[95:0] [62], Q = \multiplier.ff_to_quire.D_OUT [67], rval = 1'0).
Adding SRST signal on $auto$ff.cc:266:slice$3597 ($_DFFE_PP_) from module mkPositCore (D = $techmap$flatten\multiplier.$shl$/teamspace/studios/this_studio/Melodica-Integration-into-Fife-Core/Learn_Bluespec_and_RISCV_Design/Code/Build/Fife/verilog/mkMultiplier.v:204$459.$11\buffer[95:0] [63], Q = \multiplier.ff_to_quire.D_OUT [68], rval = 1'0).
Adding SRST signal on $auto$ff.cc:266:slice$3598 ($_DFFE_PP_) from module mkPositCore (D = $techmap$flatten\multiplier.$shl$/teamspace/studios/this_studio/Melodica-Integration-into-Fife-Core/Learn_Bluespec_and_RISCV_Design/Code/Build/Fife/verilog/mkMultiplier.v:204$459.$11\buffer[95:0] [64], Q = \multiplier.ff_to_quire.D_OUT [69], rval = 1'0).
Adding SRST signal on $auto$ff.cc:266:slice$3599 ($_DFFE_PP_) from module mkPositCore (D = $techmap$flatten\multiplier.$shl$/teamspace/studios/this_studio/Melodica-Integration-into-Fife-Core/Learn_Bluespec_and_RISCV_Design/Code/Build/Fife/verilog/mkMultiplier.v:204$459.$13\buffer[95:0] [65], Q = \multiplier.ff_to_quire.D_OUT [70], rval = 1'0).
Adding SRST signal on $auto$ff.cc:266:slice$3600 ($_DFFE_PP_) from module mkPositCore (D = $techmap$flatten\multiplier.$shl$/teamspace/studios/this_studio/Melodica-Integration-into-Fife-Core/Learn_Bluespec_and_RISCV_Design/Code/Build/Fife/verilog/mkMultiplier.v:204$459.$13\buffer[95:0] [66], Q = \multiplier.ff_to_quire.D_OUT [71], rval = 1'0).
Adding SRST signal on $auto$ff.cc:266:slice$3601 ($_DFFE_PP_) from module mkPositCore (D = $techmap$flatten\multiplier.$shl$/teamspace/studios/this_studio/Melodica-Integration-into-Fife-Core/Learn_Bluespec_and_RISCV_Design/Code/Build/Fife/verilog/mkMultiplier.v:204$459.$13\buffer[95:0] [67], Q = \multiplier.ff_to_quire.D_OUT [72], rval = 1'0).
Adding SRST signal on $auto$ff.cc:266:slice$3602 ($_DFFE_PP_) from module mkPositCore (D = $techmap$flatten\multiplier.$shl$/teamspace/studios/this_studio/Melodica-Integration-into-Fife-Core/Learn_Bluespec_and_RISCV_Design/Code/Build/Fife/verilog/mkMultiplier.v:204$459.$13\buffer[95:0] [68], Q = \multiplier.ff_to_quire.D_OUT [73], rval = 1'0).
Adding SRST signal on $auto$ff.cc:266:slice$3603 ($_DFFE_PP_) from module mkPositCore (D = $techmap$flatten\multiplier.$shl$/teamspace/studios/this_studio/Melodica-Integration-into-Fife-Core/Learn_Bluespec_and_RISCV_Design/Code/Build/Fife/verilog/mkMultiplier.v:204$459.$13\buffer[95:0] [69], Q = \multiplier.ff_to_quire.D_OUT [74], rval = 1'0).
Adding SRST signal on $auto$ff.cc:266:slice$3604 ($_DFFE_PP_) from module mkPositCore (D = $techmap$flatten\multiplier.$shl$/teamspace/studios/this_studio/Melodica-Integration-into-Fife-Core/Learn_Bluespec_and_RISCV_Design/Code/Build/Fife/verilog/mkMultiplier.v:204$459.$13\buffer[95:0] [70], Q = \multiplier.ff_to_quire.D_OUT [75], rval = 1'0).
Adding SRST signal on $auto$ff.cc:266:slice$3605 ($_DFFE_PP_) from module mkPositCore (D = $techmap$flatten\multiplier.$shl$/teamspace/studios/this_studio/Melodica-Integration-into-Fife-Core/Learn_Bluespec_and_RISCV_Design/Code/Build/Fife/verilog/mkMultiplier.v:204$459.$13\buffer[95:0] [71], Q = \multiplier.ff_to_quire.D_OUT [76], rval = 1'0).
Adding SRST signal on $auto$ff.cc:266:slice$3606 ($_DFFE_PP_) from module mkPositCore (D = $techmap$flatten\multiplier.$shl$/teamspace/studios/this_studio/Melodica-Integration-into-Fife-Core/Learn_Bluespec_and_RISCV_Design/Code/Build/Fife/verilog/mkMultiplier.v:204$459.$13\buffer[95:0] [72], Q = \multiplier.ff_to_quire.D_OUT [77], rval = 1'0).
Adding SRST signal on $auto$ff.cc:266:slice$3607 ($_DFFE_PP_) from module mkPositCore (D = $techmap$flatten\multiplier.$shl$/teamspace/studios/this_studio/Melodica-Integration-into-Fife-Core/Learn_Bluespec_and_RISCV_Design/Code/Build/Fife/verilog/mkMultiplier.v:204$459.$13\buffer[95:0] [73], Q = \multiplier.ff_to_quire.D_OUT [78], rval = 1'0).
Adding SRST signal on $auto$ff.cc:266:slice$3608 ($_DFFE_PP_) from module mkPositCore (D = $techmap$flatten\multiplier.$shl$/teamspace/studios/this_studio/Melodica-Integration-into-Fife-Core/Learn_Bluespec_and_RISCV_Design/Code/Build/Fife/verilog/mkMultiplier.v:204$459.$13\buffer[95:0] [74], Q = \multiplier.ff_to_quire.D_OUT [79], rval = 1'0).
Adding SRST signal on $auto$ff.cc:266:slice$3609 ($_DFFE_PP_) from module mkPositCore (D = $techmap$flatten\multiplier.$shl$/teamspace/studios/this_studio/Melodica-Integration-into-Fife-Core/Learn_Bluespec_and_RISCV_Design/Code/Build/Fife/verilog/mkMultiplier.v:204$459.$13\buffer[95:0] [75], Q = \multiplier.ff_to_quire.D_OUT [80], rval = 1'0).
Adding SRST signal on $auto$ff.cc:266:slice$3610 ($_DFFE_PP_) from module mkPositCore (D = $techmap$flatten\multiplier.$shl$/teamspace/studios/this_studio/Melodica-Integration-into-Fife-Core/Learn_Bluespec_and_RISCV_Design/Code/Build/Fife/verilog/mkMultiplier.v:204$459.$13\buffer[95:0] [76], Q = \multiplier.ff_to_quire.D_OUT [81], rval = 1'0).
Adding SRST signal on $auto$ff.cc:266:slice$3611 ($_DFFE_PP_) from module mkPositCore (D = $techmap$flatten\multiplier.$shl$/teamspace/studios/this_studio/Melodica-Integration-into-Fife-Core/Learn_Bluespec_and_RISCV_Design/Code/Build/Fife/verilog/mkMultiplier.v:204$459.$13\buffer[95:0] [77], Q = \multiplier.ff_to_quire.D_OUT [82], rval = 1'0).
Adding SRST signal on $auto$ff.cc:266:slice$3612 ($_DFFE_PP_) from module mkPositCore (D = $techmap$flatten\multiplier.$shl$/teamspace/studios/this_studio/Melodica-Integration-into-Fife-Core/Learn_Bluespec_and_RISCV_Design/Code/Build/Fife/verilog/mkMultiplier.v:204$459.$13\buffer[95:0] [78], Q = \multiplier.ff_to_quire.D_OUT [83], rval = 1'0).
Adding SRST signal on $auto$ff.cc:266:slice$3613 ($_DFFE_PP_) from module mkPositCore (D = $techmap$flatten\multiplier.$shl$/teamspace/studios/this_studio/Melodica-Integration-into-Fife-Core/Learn_Bluespec_and_RISCV_Design/Code/Build/Fife/verilog/mkMultiplier.v:204$459.$13\buffer[95:0] [79], Q = \multiplier.ff_to_quire.D_OUT [84], rval = 1'0).
Adding SRST signal on $auto$ff.cc:266:slice$3614 ($_DFFE_PP_) from module mkPositCore (D = $techmap$flatten\multiplier.$shl$/teamspace/studios/this_studio/Melodica-Integration-into-Fife-Core/Learn_Bluespec_and_RISCV_Design/Code/Build/Fife/verilog/mkMultiplier.v:204$459.$13\buffer[95:0] [80], Q = \multiplier.ff_to_quire.D_OUT [85], rval = 1'0).
Adding SRST signal on $auto$ff.cc:266:slice$3615 ($_DFFE_PP_) from module mkPositCore (D = $techmap$flatten\multiplier.$shl$/teamspace/studios/this_studio/Melodica-Integration-into-Fife-Core/Learn_Bluespec_and_RISCV_Design/Code/Build/Fife/verilog/mkMultiplier.v:204$459.$13\buffer[95:0] [81], Q = \multiplier.ff_to_quire.D_OUT [86], rval = 1'0).
Adding SRST signal on $auto$ff.cc:266:slice$3616 ($_DFFE_PP_) from module mkPositCore (D = $techmap$flatten\multiplier.$shl$/teamspace/studios/this_studio/Melodica-Integration-into-Fife-Core/Learn_Bluespec_and_RISCV_Design/Code/Build/Fife/verilog/mkMultiplier.v:204$459.$13\buffer[95:0] [82], Q = \multiplier.ff_to_quire.D_OUT [87], rval = 1'0).
Adding SRST signal on $auto$ff.cc:266:slice$3617 ($_DFFE_PP_) from module mkPositCore (D = $techmap$flatten\multiplier.$shl$/teamspace/studios/this_studio/Melodica-Integration-into-Fife-Core/Learn_Bluespec_and_RISCV_Design/Code/Build/Fife/verilog/mkMultiplier.v:204$459.$13\buffer[95:0] [83], Q = \multiplier.ff_to_quire.D_OUT [88], rval = 1'0).
Adding SRST signal on $auto$ff.cc:266:slice$3618 ($_DFFE_PP_) from module mkPositCore (D = $techmap$flatten\multiplier.$shl$/teamspace/studios/this_studio/Melodica-Integration-into-Fife-Core/Learn_Bluespec_and_RISCV_Design/Code/Build/Fife/verilog/mkMultiplier.v:204$459.$13\buffer[95:0] [84], Q = \multiplier.ff_to_quire.D_OUT [89], rval = 1'0).
Adding SRST signal on $auto$ff.cc:266:slice$3619 ($_DFFE_PP_) from module mkPositCore (D = $techmap$flatten\multiplier.$shl$/teamspace/studios/this_studio/Melodica-Integration-into-Fife-Core/Learn_Bluespec_and_RISCV_Design/Code/Build/Fife/verilog/mkMultiplier.v:204$459.$13\buffer[95:0] [85], Q = \multiplier.ff_to_quire.D_OUT [90], rval = 1'0).
Adding SRST signal on $auto$ff.cc:266:slice$3620 ($_DFFE_PP_) from module mkPositCore (D = $techmap$flatten\multiplier.$shl$/teamspace/studios/this_studio/Melodica-Integration-into-Fife-Core/Learn_Bluespec_and_RISCV_Design/Code/Build/Fife/verilog/mkMultiplier.v:204$459.$13\buffer[95:0] [86], Q = \multiplier.ff_to_quire.D_OUT [91], rval = 1'0).
Adding SRST signal on $auto$ff.cc:266:slice$3621 ($_DFFE_PP_) from module mkPositCore (D = $techmap$flatten\multiplier.$shl$/teamspace/studios/this_studio/Melodica-Integration-into-Fife-Core/Learn_Bluespec_and_RISCV_Design/Code/Build/Fife/verilog/mkMultiplier.v:204$459.$13\buffer[95:0] [87], Q = \multiplier.ff_to_quire.D_OUT [92], rval = 1'0).
Adding SRST signal on $auto$ff.cc:266:slice$3622 ($_DFFE_PP_) from module mkPositCore (D = $techmap$flatten\multiplier.$shl$/teamspace/studios/this_studio/Melodica-Integration-into-Fife-Core/Learn_Bluespec_and_RISCV_Design/Code/Build/Fife/verilog/mkMultiplier.v:204$459.$13\buffer[95:0] [88], Q = \multiplier.ff_to_quire.D_OUT [93], rval = 1'0).
Adding SRST signal on $auto$ff.cc:266:slice$3623 ($_DFFE_PP_) from module mkPositCore (D = $techmap$flatten\multiplier.$shl$/teamspace/studios/this_studio/Melodica-Integration-into-Fife-Core/Learn_Bluespec_and_RISCV_Design/Code/Build/Fife/verilog/mkMultiplier.v:204$459.$13\buffer[95:0] [89], Q = \multiplier.ff_to_quire.D_OUT [94], rval = 1'0).
Adding SRST signal on $auto$ff.cc:266:slice$3624 ($_DFFE_PP_) from module mkPositCore (D = $techmap$flatten\multiplier.$shl$/teamspace/studios/this_studio/Melodica-Integration-into-Fife-Core/Learn_Bluespec_and_RISCV_Design/Code/Build/Fife/verilog/mkMultiplier.v:204$459.$13\buffer[95:0] [90], Q = \multiplier.ff_to_quire.D_OUT [95], rval = 1'0).
Adding SRST signal on $auto$ff.cc:266:slice$3625 ($_DFFE_PP_) from module mkPositCore (D = $techmap$flatten\multiplier.$shl$/teamspace/studios/this_studio/Melodica-Integration-into-Fife-Core/Learn_Bluespec_and_RISCV_Design/Code/Build/Fife/verilog/mkMultiplier.v:204$459.$13\buffer[95:0] [91], Q = \multiplier.ff_to_quire.D_OUT [96], rval = 1'0).
Adding SRST signal on $auto$ff.cc:266:slice$3626 ($_DFFE_PP_) from module mkPositCore (D = $techmap$flatten\multiplier.$shl$/teamspace/studios/this_studio/Melodica-Integration-into-Fife-Core/Learn_Bluespec_and_RISCV_Design/Code/Build/Fife/verilog/mkMultiplier.v:204$459.$13\buffer[95:0] [92], Q = \multiplier.ff_to_quire.D_OUT [97], rval = 1'0).
Adding SRST signal on $auto$ff.cc:266:slice$3627 ($_DFFE_PP_) from module mkPositCore (D = $techmap$flatten\multiplier.$shl$/teamspace/studios/this_studio/Melodica-Integration-into-Fife-Core/Learn_Bluespec_and_RISCV_Design/Code/Build/Fife/verilog/mkMultiplier.v:204$459.$13\buffer[95:0] [93], Q = \multiplier.ff_to_quire.D_OUT [98], rval = 1'0).
Adding SRST signal on $auto$ff.cc:266:slice$3628 ($_DFFE_PP_) from module mkPositCore (D = $techmap$flatten\multiplier.$shl$/teamspace/studios/this_studio/Melodica-Integration-into-Fife-Core/Learn_Bluespec_and_RISCV_Design/Code/Build/Fife/verilog/mkMultiplier.v:204$459.$13\buffer[95:0] [94], Q = \multiplier.ff_to_quire.D_OUT [99], rval = 1'0).
Adding SRST signal on $auto$ff.cc:266:slice$3629 ($_DFFE_PP_) from module mkPositCore (D = $techmap$flatten\multiplier.$shl$/teamspace/studios/this_studio/Melodica-Integration-into-Fife-Core/Learn_Bluespec_and_RISCV_Design/Code/Build/Fife/verilog/mkMultiplier.v:204$459.$13\buffer[95:0] [95], Q = \multiplier.ff_to_quire.D_OUT [100], rval = 1'0).

14.22.4. Executing OPT_CLEAN pass (remove unused cells and wires).
Finding unused cells or wires in module \mkPositCore..
Removed 2068 unused cells and 5803 unused wires.
<suppressed ~2069 debug messages>

14.22.5. Rerunning OPT passes. (Removed registers in this run.)

14.22.6. Executing OPT_EXPR pass (perform const folding).
Optimizing module mkPositCore.
<suppressed ~67 debug messages>

14.22.7. Executing OPT_MERGE pass (detect identical cells).
Finding identical cells in module `\mkPositCore'.
<suppressed ~183 debug messages>
Removed a total of 61 cells.

14.22.8. Executing OPT_DFF pass (perform DFF optimizations).

14.22.9. Executing OPT_CLEAN pass (remove unused cells and wires).
Finding unused cells or wires in module \mkPositCore..
Removed 1 unused cells and 63 unused wires.
<suppressed ~2 debug messages>

14.22.10. Finished fast OPT passes.

14.23. Executing ABC pass (technology mapping using ABC).

14.23.1. Extracting gate netlist of module `\mkPositCore' to `<abc-temp-dir>/input.blif'..
Extracted 16557 gates and 17973 wires to a netlist network with 1413 inputs and 1203 outputs.

14.23.1.1. Executing ABC.
Running ABC command: "<yosys-exe-dir>/yosys-abc" -s -f <abc-temp-dir>/abc.script 2>&1
ABC: ABC command line: "source <abc-temp-dir>/abc.script".
ABC: 
ABC: + read_blif <abc-temp-dir>/input.blif 
ABC: + read_library <abc-temp-dir>/stdcells.genlib 
ABC: Entered genlib library with 13 gates from file "<abc-temp-dir>/stdcells.genlib".
ABC: + strash 
ABC: + dretime 
ABC: + map 
ABC: + write_blif <abc-temp-dir>/output.blif 

14.23.1.2. Re-integrating ABC results.
ABC RESULTS:               XOR cells:     1538
ABC RESULTS:             ORNOT cells:      244
ABC RESULTS:              NAND cells:      604
ABC RESULTS:               AND cells:      842
ABC RESULTS:              XNOR cells:      910
ABC RESULTS:                OR cells:     2576
ABC RESULTS:               NOR cells:      835
ABC RESULTS:               NOT cells:      920
ABC RESULTS:            ANDNOT cells:     4080
ABC RESULTS:               MUX cells:     3665
ABC RESULTS:        internal signals:    15357
ABC RESULTS:           input signals:     1413
ABC RESULTS:          output signals:     1203
Removing temp directory.

14.24. Executing OPT pass (performing simple optimizations).

14.24.1. Executing OPT_EXPR pass (perform const folding).
Optimizing module mkPositCore.
<suppressed ~1395 debug messages>

14.24.2. Executing OPT_MERGE pass (detect identical cells).
Finding identical cells in module `\mkPositCore'.
<suppressed ~96 debug messages>
Removed a total of 32 cells.

14.24.3. Executing OPT_DFF pass (perform DFF optimizations).

14.24.4. Executing OPT_CLEAN pass (remove unused cells and wires).
Finding unused cells or wires in module \mkPositCore..
Removed 14 unused cells and 4786 unused wires.
<suppressed ~178 debug messages>

14.24.5. Finished fast OPT passes.

14.25. Executing HIERARCHY pass (managing design hierarchy).

14.25.1. Analyzing design hierarchy..
Top module:  \mkPositCore

14.25.2. Analyzing design hierarchy..
Top module:  \mkPositCore
Removed 0 unused modules.

14.26. Printing statistics.

=== mkPositCore ===

   Number of wires:              16272
   Number of wire bits:          27838
   Number of public wires:         785
   Number of public wire bits:   12344
   Number of memories:               0
   Number of memory bits:            0
   Number of processes:              0
   Number of cells:              17553
     $_ANDNOT_                    4068
     $_AND_                        838
     $_DFFE_PP_                    838
     $_DFF_P_                      224
     $_MUX_                       3662
     $_NAND_                       603
     $_NOR_                        827
     $_NOT_                        906
     $_ORNOT_                      244
     $_OR_                        2575
     $_SDFFCE_PP0P_                 91
     $_SDFFCE_PP1P_                  4
     $_SDFFE_PN0N_                  14
     $_SDFFE_PN0P_                 174
     $_SDFFE_PN1P_                  26
     $_SDFF_PN0_                    14
     $_XNOR_                       909
     $_XOR_                       1536

14.27. Executing CHECK pass (checking for obvious problems).
Checking module mkPositCore...
Found and reported 0 problems.

15. Executing DFFLIBMAP pass (mapping DFF cells to sequential cells from liberty file).
  cell DFF_P (noninv, pins=3, area=0.00) is a direct match for cell type $_DFF_P_.
  cell DFF_PP0 (noninv, pins=4, area=0.00) is a direct match for cell type $_DFF_PN0_.
  final dff cell mappings:
    unmapped dff cell: $_DFF_N_
    \DFF_P _DFF_P_ (.C( C), .D( D), .Q( Q));
    unmapped dff cell: $_DFF_NN0_
    unmapped dff cell: $_DFF_NN1_
    unmapped dff cell: $_DFF_NP0_
    unmapped dff cell: $_DFF_NP1_
    \DFF_PP0 _DFF_PN0_ (.C( C), .D( D), .Q( Q), .R( R));
    unmapped dff cell: $_DFF_PN1_
    unmapped dff cell: $_DFF_PP0_
    unmapped dff cell: $_DFF_PP1_
    unmapped dff cell: $_DFFSR_NNN_
    unmapped dff cell: $_DFFSR_NNP_
    unmapped dff cell: $_DFFSR_NPN_
    unmapped dff cell: $_DFFSR_NPP_
    unmapped dff cell: $_DFFSR_PNN_
    unmapped dff cell: $_DFFSR_PNP_
    unmapped dff cell: $_DFFSR_PPN_
    unmapped dff cell: $_DFFSR_PPP_

15.1. Executing DFFLEGALIZE pass (convert FFs to types supported by the target).
Mapping DFF cells in module `\mkPositCore':
  mapped 1385 $_DFF_P_ cells to \DFF_P cells.

16. Executing ABC pass (technology mapping using ABC).

16.1. Extracting gate netlist of module `\mkPositCore' to `<abc-temp-dir>/input.blif'..
Extracted 17638 gates and 19095 wires to a netlist network with 1455 inputs and 1385 outputs.

16.1.1. Executing ABC.
Running ABC command: "<yosys-exe-dir>/yosys-abc" -s -f <abc-temp-dir>/abc.script 2>&1
ABC: ABC command line: "source <abc-temp-dir>/abc.script".
ABC: 
ABC: + read_blif <abc-temp-dir>/input.blif 
ABC: + read_lib -w /teamspace/studios/this_studio/Melodica-Integration-into-Fife-Core/generic45nm_fixed.lib 
ABC: Parsing finished successfully.  Parsing time =     0.00 sec
ABC: Scl_LibertyReadGenlib() skipped sequential cell "DFF_P".
ABC: Scl_LibertyReadGenlib() skipped sequential cell "DFF_PP0".
ABC: Scl_LibertyReadGenlib() skipped sequential cell "DFFE_PP".
ABC: Library "generic45nm" from "/teamspace/studios/this_studio/Melodica-Integration-into-Fife-Core/generic45nm_fixed.lib" has 11 cells (3 skipped: 3 seq; 0 tri-state; 0 no func; 0 dont_use).  Time =     0.00 sec
ABC: Memory =    0.04 MB. Time =     0.00 sec
ABC: + read_lib /teamspace/studios/this_studio/Melodica-Integration-into-Fife-Core/generic45nm_fixed.lib 
ABC: Library "generic45nm" from "/teamspace/studios/this_studio/Melodica-Integration-into-Fife-Core/generic45nm_fixed.lib" has 11 cells (3 skipped: 3 seq; 0 tri-state; 0 no func; 0 dont_use).  Time =     0.00 sec
ABC: + strash 
ABC: + dch 
ABC: + map 
ABC: + topo 
ABC: + buffer 
ABC: + upsize 
ABC: + dnsize 
ABC: + stime -p 
ABC: WireLoad = "none"  Gates =  16921 (  7.6 %)   Cap =  0.0 ff (  0.0 %)   Area =    16921.00 (100.0 %)   Delay =   897.00 ps  (  1.7 %)               
ABC: Path  0 --     866 : 0    3 pi      A =   0.00  Df =   0.0   -0.0 ps  S =   0.0 ps  Cin =  0.0 ff  Cout =   0.0 ff  Cmax =   0.0 ff  G =    0  
ABC: Path  1 --    6522 : 2    2 XOR2    A =   1.00  Df =  28.0   -0.0 ps  S =   6.0 ps  Cin =  0.0 ff  Cout =   0.0 ff  Cmax =   0.0 ff  G =-2147483648  
ABC: Path  2 --    6524 : 2    1 NAND2   A =   1.00  Df =  45.0   -3.0 ps  S =   5.0 ps  Cin =  0.0 ff  Cout =   0.0 ff  Cmax =   0.0 ff  G =-2147483648  
ABC: Path  3 --    6526 : 2    2 NAND2   A =   1.00  Df =  62.0   -3.0 ps  S =   5.0 ps  Cin =  0.0 ff  Cout =   0.0 ff  Cmax =   0.0 ff  G =-2147483648  
ABC: Path  4 --    6527 : 2    1 NAND2   A =   1.00  Df =  79.0   -3.0 ps  S =   5.0 ps  Cin =  0.0 ff  Cout =   0.0 ff  Cmax =   0.0 ff  G =-2147483648  
ABC: Path  5 --    6529 : 2    2 NAND2   A =   1.00  Df =  96.0   -3.0 ps  S =   5.0 ps  Cin =  0.0 ff  Cout =   0.0 ff  Cmax =   0.0 ff  G =-2147483648  
ABC: Path  6 --    6531 : 2    1 NAND2   A =   1.00  Df = 113.0   -3.0 ps  S =   5.0 ps  Cin =  0.0 ff  Cout =   0.0 ff  Cmax =   0.0 ff  G =-2147483648  
ABC: Path  7 --    6533 : 2    2 NAND2   A =   1.00  Df = 130.0   -3.0 ps  S =   5.0 ps  Cin =  0.0 ff  Cout =   0.0 ff  Cmax =   0.0 ff  G =-2147483648  
ABC: Path  8 --    6534 : 2    1 NAND2   A =   1.00  Df = 147.0   -3.0 ps  S =   5.0 ps  Cin =  0.0 ff  Cout =   0.0 ff  Cmax =   0.0 ff  G =-2147483648  
ABC: Path  9 --    6536 : 2    2 NAND2   A =   1.00  Df = 164.0   -3.0 ps  S =   5.0 ps  Cin =  0.0 ff  Cout =   0.0 ff  Cmax =   0.0 ff  G =-2147483648  
ABC: Path 10 --    6538 : 2    1 NAND2   A =   1.00  Df = 181.0   -3.0 ps  S =   5.0 ps  Cin =  0.0 ff  Cout =   0.0 ff  Cmax =   0.0 ff  G =-2147483648  
ABC: Path 11 --    6540 : 2    2 NAND2   A =   1.00  Df = 198.0   -3.0 ps  S =   5.0 ps  Cin =  0.0 ff  Cout =   0.0 ff  Cmax =   0.0 ff  G =-2147483648  
ABC: Path 12 --    6542 : 2    1 NAND2   A =   1.00  Df = 215.0   -3.0 ps  S =   5.0 ps  Cin =  0.0 ff  Cout =   0.0 ff  Cmax =   0.0 ff  G =-2147483648  
ABC: Path 13 --    6544 : 2    2 NAND2   A =   1.00  Df = 232.0   -3.0 ps  S =   5.0 ps  Cin =  0.0 ff  Cout =   0.0 ff  Cmax =   0.0 ff  G =-2147483648  
ABC: Path 14 --    6546 : 2    1 NAND2   A =   1.00  Df = 249.0   -3.0 ps  S =   5.0 ps  Cin =  0.0 ff  Cout =   0.0 ff  Cmax =   0.0 ff  G =-2147483648  
ABC: Path 15 --    6548 : 2    2 NAND2   A =   1.00  Df = 266.0   -3.0 ps  S =   5.0 ps  Cin =  0.0 ff  Cout =   0.0 ff  Cmax =   0.0 ff  G =-2147483648  
ABC: Path 16 --    6549 : 2    1 NAND2   A =   1.00  Df = 283.0   -3.0 ps  S =   5.0 ps  Cin =  0.0 ff  Cout =   0.0 ff  Cmax =   0.0 ff  G =-2147483648  
ABC: Path 17 --    6551 : 2    2 NAND2   A =   1.00  Df = 300.0   -3.0 ps  S =   5.0 ps  Cin =  0.0 ff  Cout =   0.0 ff  Cmax =   0.0 ff  G =-2147483648  
ABC: Path 18 --    6553 : 2    1 NAND2   A =   1.00  Df = 317.0   -3.0 ps  S =   5.0 ps  Cin =  0.0 ff  Cout =   0.0 ff  Cmax =   0.0 ff  G =-2147483648  
ABC: Path 19 --    6555 : 2    2 NAND2   A =   1.00  Df = 334.0   -3.0 ps  S =   5.0 ps  Cin =  0.0 ff  Cout =   0.0 ff  Cmax =   0.0 ff  G =-2147483648  
ABC: Path 20 --    6557 : 2    1 NAND2   A =   1.00  Df = 351.0   -3.0 ps  S =   5.0 ps  Cin =  0.0 ff  Cout =   0.0 ff  Cmax =   0.0 ff  G =-2147483648  
ABC: Path 21 --    6559 : 2    2 NAND2   A =   1.00  Df = 368.0   -3.0 ps  S =   5.0 ps  Cin =  0.0 ff  Cout =   0.0 ff  Cmax =   0.0 ff  G =-2147483648  
ABC: Path 22 --    6561 : 2    1 NAND2   A =   1.00  Df = 385.0   -3.0 ps  S =   5.0 ps  Cin =  0.0 ff  Cout =   0.0 ff  Cmax =   0.0 ff  G =-2147483648  
ABC: Path 23 --    6563 : 2    2 NAND2   A =   1.00  Df = 402.0   -3.0 ps  S =   5.0 ps  Cin =  0.0 ff  Cout =   0.0 ff  Cmax =   0.0 ff  G =-2147483648  
ABC: Path 24 --    6565 : 2    1 NAND2   A =   1.00  Df = 419.0   -3.0 ps  S =   5.0 ps  Cin =  0.0 ff  Cout =   0.0 ff  Cmax =   0.0 ff  G =-2147483648  
ABC: Path 25 --    6567 : 2    2 NAND2   A =   1.00  Df = 436.0   -3.0 ps  S =   5.0 ps  Cin =  0.0 ff  Cout =   0.0 ff  Cmax =   0.0 ff  G =-2147483648  
ABC: Path 26 --    6569 : 2    1 NAND2   A =   1.00  Df = 453.0   -3.0 ps  S =   5.0 ps  Cin =  0.0 ff  Cout =   0.0 ff  Cmax =   0.0 ff  G =-2147483648  
ABC: Path 27 --    6571 : 2    2 NAND2   A =   1.00  Df = 470.0   -3.0 ps  S =   5.0 ps  Cin =  0.0 ff  Cout =   0.0 ff  Cmax =   0.0 ff  G =-2147483648  
ABC: Path 28 --    6573 : 2    1 NAND2   A =   1.00  Df = 487.0   -3.0 ps  S =   5.0 ps  Cin =  0.0 ff  Cout =   0.0 ff  Cmax =   0.0 ff  G =-2147483648  
ABC: Path 29 --    6575 : 2    2 NAND2   A =   1.00  Df = 504.0   -3.0 ps  S =   5.0 ps  Cin =  0.0 ff  Cout =   0.0 ff  Cmax =   0.0 ff  G =-2147483648  
ABC: Path 30 --    6577 : 2    1 NAND2   A =   1.00  Df = 521.0   -3.0 ps  S =   5.0 ps  Cin =  0.0 ff  Cout =   0.0 ff  Cmax =   0.0 ff  G =-2147483648  
ABC: Path 31 --    6579 : 2    5 NAND2   A =   1.00  Df = 538.0   -3.0 ps  S =   5.0 ps  Cin =  0.0 ff  Cout =   0.0 ff  Cmax =   0.0 ff  G =-2147483648  
ABC: Path 32 --    6580 : 2    1 NAND2   A =   1.00  Df = 555.0   -3.0 ps  S =   5.0 ps  Cin =  0.0 ff  Cout =   0.0 ff  Cmax =   0.0 ff  G =-2147483648  
ABC: Path 33 --    6603 : 2    2 NAND2   A =   1.00  Df = 572.0   -3.0 ps  S =   5.0 ps  Cin =  0.0 ff  Cout =   0.0 ff  Cmax =   0.0 ff  G =-2147483648  
ABC: Path 34 --    6605 : 2    2 NAND2   A =   1.00  Df = 589.0   -3.0 ps  S =   5.0 ps  Cin =  0.0 ff  Cout =   0.0 ff  Cmax =   0.0 ff  G =-2147483648  
ABC: Path 35 --    6606 : 2    1 NAND2   A =   1.00  Df = 606.0   -3.0 ps  S =   5.0 ps  Cin =  0.0 ff  Cout =   0.0 ff  Cmax =   0.0 ff  G =-2147483648  
ABC: Path 36 --    6608 : 2    3 ANDNOT2 A =   1.00  Df = 624.0   -2.0 ps  S =   5.0 ps  Cin =  0.0 ff  Cout =   0.0 ff  Cmax =   0.0 ff  G =-2147483648  
ABC: Path 37 --    6612 : 2    1 NAND2   A =   1.00  Df = 641.0   -3.0 ps  S =   5.0 ps  Cin =  0.0 ff  Cout =   0.0 ff  Cmax =   0.0 ff  G =-2147483648  
ABC: Path 38 --    6617 : 2    3 NAND2   A =   1.00  Df = 658.0   -3.0 ps  S =   5.0 ps  Cin =  0.0 ff  Cout =   0.0 ff  Cmax =   0.0 ff  G =-2147483648  
ABC: Path 39 --    6621 : 2    1 NAND2   A =   1.00  Df = 675.0   -3.0 ps  S =   5.0 ps  Cin =  0.0 ff  Cout =   0.0 ff  Cmax =   0.0 ff  G =-2147483648  
ABC: Path 40 --    6626 : 2    2 NAND2   A =   1.00  Df = 692.0   -3.0 ps  S =   5.0 ps  Cin =  0.0 ff  Cout =   0.0 ff  Cmax =   0.0 ff  G =-2147483648  
ABC: Path 41 --    6628 : 2    1 NAND2   A =   1.00  Df = 709.0   -3.0 ps  S =   5.0 ps  Cin =  0.0 ff  Cout =   0.0 ff  Cmax =   0.0 ff  G =-2147483648  
ABC: Path 42 --    6630 : 2    2 NAND2   A =   1.00  Df = 726.0   -3.0 ps  S =   5.0 ps  Cin =  0.0 ff  Cout =   0.0 ff  Cmax =   0.0 ff  G =-2147483648  
ABC: Path 43 --   15881 : 2    2 XOR2    A =   1.00  Df = 754.0   -0.0 ps  S =   6.0 ps  Cin =  0.0 ff  Cout =   0.0 ff  Cmax =   0.0 ff  G =-2147483648  
ABC: Path 44 --   17605 : 2    1 NOR2    A =   1.00  Df = 771.0   -3.0 ps  S =   5.0 ps  Cin =  0.0 ff  Cout =   0.0 ff  Cmax =   0.0 ff  G =-2147483648  
ABC: Path 45 --   17606 : 2    1 NAND2   A =   1.00  Df = 788.0   -3.0 ps  S =   5.0 ps  Cin =  0.0 ff  Cout =   0.0 ff  Cmax =   0.0 ff  G =-2147483648  
ABC: Path 46 --   17607 : 2    1 NOR2    A =   1.00  Df = 805.0   -3.0 ps  S =   5.0 ps  Cin =  0.0 ff  Cout =   0.0 ff  Cmax =   0.0 ff  G =-2147483648  
ABC: Path 47 --   17608 : 2    1 NAND2   A =   1.00  Df = 822.0   -3.0 ps  S =   5.0 ps  Cin =  0.0 ff  Cout =   0.0 ff  Cmax =   0.0 ff  G =-2147483648  
ABC: Path 48 --   17624 : 2    1 NOR2    A =   1.00  Df = 839.0   -3.0 ps  S =   5.0 ps  Cin =  0.0 ff  Cout =   0.0 ff  Cmax =   0.0 ff  G =-2147483648  
ABC: Path 49 --   17625 : 3    1 MUX2    A =   1.00  Df = 861.0   -0.0 ps  S =   6.0 ps  Cin =  0.0 ff  Cout =   0.0 ff  Cmax =   0.0 ff  G =-2147483648  
ABC: Path 50 --   17626 : 2    1 ORNOT2  A =   1.00  Df = 880.0   -2.0 ps  S =   5.0 ps  Cin =  0.0 ff  Cout =   0.0 ff  Cmax =   0.0 ff  G =-2147483648  
ABC: Path 51 --   17627 : 2    1 NAND2   A =   1.00  Df = 897.0   -3.0 ps  S =   5.0 ps  Cin =  0.0 ff  Cout =   0.0 ff  Cmax =   0.0 ff  G =-2147483648  
ABC: Start-point = pi865 (\quire.seg_adder_vff_in_0.D_OUT [1]).  End-point = po971 ($auto$rtlil.cc:2609:MuxGate$65222).
ABC: + print_stats -t 
ABC: netlist                       : i/o = 1455/ 1385  lat =    0  nd = 16921  edge =  36019  area =16921.00  delay =779.00  lev = 51
ABC: elapse: 4.52 seconds, total: 4.52 seconds
ABC: + write_blif <abc-temp-dir>/output.blif 

16.1.2. Re-integrating ABC results.
ABC RESULTS:             XNOR2 cells:      293
ABC RESULTS:               OR2 cells:      342
ABC RESULTS:              NOT1 cells:      782
ABC RESULTS:              XOR2 cells:     2077
ABC RESULTS:             NAND2 cells:     5338
ABC RESULTS:              BUF1 cells:      508
ABC RESULTS:           ANDNOT2 cells:     1812
ABC RESULTS:            ORNOT2 cells:      229
ABC RESULTS:              MUX2 cells:     3467
ABC RESULTS:              AND2 cells:     1133
ABC RESULTS:              NOR2 cells:      940
ABC RESULTS:        internal signals:    16255
ABC RESULTS:           input signals:     1455
ABC RESULTS:          output signals:     1385
Removing temp directory.

17. Printing statistics.

=== mkPositCore ===

   Number of wires:              36118
   Number of wire bits:          47684
   Number of public wires:         785
   Number of public wire bits:   12344
   Number of memories:               0
   Number of memory bits:            0
   Number of processes:              0
   Number of cells:              18306
     AND2                         1133
     ANDNOT2                      1812
     BUF1                          508
     DFF_P                        1385
     MUX2                         3467
     NAND2                        5338
     NOR2                          940
     NOT1                          782
     OR2                           342
     ORNOT2                        229
     XNOR2                         293
     XOR2                         2077

Warnings: 2 unique messages, 2 total
End of script. Logfile hash: 22e9c4a275, CPU: user 16.99s system 0.18s, MEM: 211.60 MB peak
Yosys 0.33 (git sha1 2584903a060)
Time spent: 30% 2x abc (7 sec), 20% 73x opt_expr (4 sec), ...
