
 /----------------------------------------------------------------------------\
 |                                                                            |
 |  yosys -- Yosys Open SYnthesis Suite                                       |
 |                                                                            |
 |  Copyright (C) 2012 - 2020  Claire Xenia Wolf <claire@yosyshq.com>         |
 |                                                                            |
 |  Permission to use, copy, modify, and/or distribute this software for any  |
 |  purpose with or without fee is hereby granted, provided that the above    |
 |  copyright notice and this permission notice appear in all copies.         |
 |                                                                            |
 |  THE SOFTWARE IS PROVIDED "AS IS" AND THE AUTHOR DISCLAIMS ALL WARRANTIES  |
 |  WITH REGARD TO THIS SOFTWARE INCLUDING ALL IMPLIED WARRANTIES OF          |
 |  MERCHANTABILITY AND FITNESS. IN NO EVENT SHALL THE AUTHOR BE LIABLE FOR   |
 |  ANY SPECIAL, DIRECT, INDIRECT, OR CONSEQUENTIAL DAMAGES OR ANY DAMAGES    |
 |  WHATSOEVER RESULTING FROM LOSS OF USE, DATA OR PROFITS, WHETHER IN AN     |
 |  ACTION OF CONTRACT, NEGLIGENCE OR OTHER TORTIOUS ACTION, ARISING OUT OF   |
 |  OR IN CONNECTION WITH THE USE OR PERFORMANCE OF THIS SOFTWARE.            |
 |                                                                            |
 \----------------------------------------------------------------------------/

 Yosys 0.33 (git sha1 2584903a060)


-- Executing script file `/teamspace/studios/this_studio/Melodica-Integration-into-Fife-Core/synth_script_mkQuire_es5_bposit.ys' --

1. Executing Verilog-2005 frontend: /teamspace/studios/this_studio/Melodica-Integration-into-Fife-Core/bsc/lib/Verilog/FIFO1.v
Parsing Verilog input from `/teamspace/studios/this_studio/Melodica-Integration-into-Fife-Core/bsc/lib/Verilog/FIFO1.v' to AST representation.
Warning: Encountered `translate_off' comment! Such legacy hot comments are supported by Yosys, but are not part of any formal language specification. Using a portable and standards-compliant construct such as `ifdef is recommended!
Generating RTLIL representation for module `\FIFO1'.
Successfully finished Verilog frontend.

2. Executing Verilog-2005 frontend: /teamspace/studios/this_studio/Melodica-Integration-into-Fife-Core/bsc/lib/Verilog/FIFO2.v
Parsing Verilog input from `/teamspace/studios/this_studio/Melodica-Integration-into-Fife-Core/bsc/lib/Verilog/FIFO2.v' to AST representation.
Generating RTLIL representation for module `\FIFO2'.
Successfully finished Verilog frontend.

3. Executing Verilog-2005 frontend: /teamspace/studios/this_studio/Melodica-Integration-into-Fife-Core/bsc/lib/Verilog/SizedFIFO.v
Parsing Verilog input from `/teamspace/studios/this_studio/Melodica-Integration-into-Fife-Core/bsc/lib/Verilog/SizedFIFO.v' to AST representation.
Generating RTLIL representation for module `\SizedFIFO'.
Successfully finished Verilog frontend.

4. Executing Verilog-2005 frontend: /teamspace/studios/this_studio/Melodica-Integration-into-Fife-Core/bsc/lib/Verilog/RegFile.v
Parsing Verilog input from `/teamspace/studios/this_studio/Melodica-Integration-into-Fife-Core/bsc/lib/Verilog/RegFile.v' to AST representation.
Generating RTLIL representation for module `\RegFile'.
Successfully finished Verilog frontend.

5. Executing Verilog-2005 frontend: /teamspace/studios/this_studio/Melodica-Integration-into-Fife-Core/Learn_Bluespec_and_RISCV_Design/Code/Build/Fife/verilog/module_fn_twosC_quire.v
Parsing Verilog input from `/teamspace/studios/this_studio/Melodica-Integration-into-Fife-Core/Learn_Bluespec_and_RISCV_Design/Code/Build/Fife/verilog/module_fn_twosC_quire.v' to AST representation.
Generating RTLIL representation for module `\module_fn_twosC_quire'.
Successfully finished Verilog frontend.

6. Executing Verilog-2005 frontend: /teamspace/studios/this_studio/Melodica-Integration-into-Fife-Core/Learn_Bluespec_and_RISCV_Design/Code/Build/Fife/verilog/mkQuire.v
Parsing Verilog input from `/teamspace/studios/this_studio/Melodica-Integration-into-Fife-Core/Learn_Bluespec_and_RISCV_Design/Code/Build/Fife/verilog/mkQuire.v' to AST representation.
Warning: Encountered `parallel_case' comment! Such legacy hot comments are supported by Yosys, but are not part of any formal language specification. Using the Verilog `parallel_case' attribute or the SystemVerilog `unique' or `priority' keywords is recommended!
Generating RTLIL representation for module `\mkQuire'.
Note: Assuming pure combinatorial block at /teamspace/studios/this_studio/Melodica-Integration-into-Fife-Core/Learn_Bluespec_and_RISCV_Design/Code/Build/Fife/verilog/mkQuire.v:2317.3-2331.6 in
compliance with IEC 62142(E):2005 / IEEE Std. 1364.1(E):2002. Recommending
use of @* instead of @(...) for better match of synthesis and simulation.
Note: Assuming pure combinatorial block at /teamspace/studios/this_studio/Melodica-Integration-into-Fife-Core/Learn_Bluespec_and_RISCV_Design/Code/Build/Fife/verilog/mkQuire.v:2340.3-2356.6 in
compliance with IEC 62142(E):2005 / IEEE Std. 1364.1(E):2002. Recommending
use of @* instead of @(...) for better match of synthesis and simulation.
Note: Assuming pure combinatorial block at /teamspace/studios/this_studio/Melodica-Integration-into-Fife-Core/Learn_Bluespec_and_RISCV_Design/Code/Build/Fife/verilog/mkQuire.v:2365.3-2381.6 in
compliance with IEC 62142(E):2005 / IEEE Std. 1364.1(E):2002. Recommending
use of @* instead of @(...) for better match of synthesis and simulation.
Note: Assuming pure combinatorial block at /teamspace/studios/this_studio/Melodica-Integration-into-Fife-Core/Learn_Bluespec_and_RISCV_Design/Code/Build/Fife/verilog/mkQuire.v:2390.3-2406.6 in
compliance with IEC 62142(E):2005 / IEEE Std. 1364.1(E):2002. Recommending
use of @* instead of @(...) for better match of synthesis and simulation.
Note: Assuming pure combinatorial block at /teamspace/studios/this_studio/Melodica-Integration-into-Fife-Core/Learn_Bluespec_and_RISCV_Design/Code/Build/Fife/verilog/mkQuire.v:2415.3-2431.6 in
compliance with IEC 62142(E):2005 / IEEE Std. 1364.1(E):2002. Recommending
use of @* instead of @(...) for better match of synthesis and simulation.
Note: Assuming pure combinatorial block at /teamspace/studios/this_studio/Melodica-Integration-into-Fife-Core/Learn_Bluespec_and_RISCV_Design/Code/Build/Fife/verilog/mkQuire.v:2440.3-2456.6 in
compliance with IEC 62142(E):2005 / IEEE Std. 1364.1(E):2002. Recommending
use of @* instead of @(...) for better match of synthesis and simulation.
Note: Assuming pure combinatorial block at /teamspace/studios/this_studio/Melodica-Integration-into-Fife-Core/Learn_Bluespec_and_RISCV_Design/Code/Build/Fife/verilog/mkQuire.v:2465.3-2481.6 in
compliance with IEC 62142(E):2005 / IEEE Std. 1364.1(E):2002. Recommending
use of @* instead of @(...) for better match of synthesis and simulation.
Note: Assuming pure combinatorial block at /teamspace/studios/this_studio/Melodica-Integration-into-Fife-Core/Learn_Bluespec_and_RISCV_Design/Code/Build/Fife/verilog/mkQuire.v:2490.3-2506.6 in
compliance with IEC 62142(E):2005 / IEEE Std. 1364.1(E):2002. Recommending
use of @* instead of @(...) for better match of synthesis and simulation.
Note: Assuming pure combinatorial block at /teamspace/studios/this_studio/Melodica-Integration-into-Fife-Core/Learn_Bluespec_and_RISCV_Design/Code/Build/Fife/verilog/mkQuire.v:2515.3-2531.6 in
compliance with IEC 62142(E):2005 / IEEE Std. 1364.1(E):2002. Recommending
use of @* instead of @(...) for better match of synthesis and simulation.
Note: Assuming pure combinatorial block at /teamspace/studios/this_studio/Melodica-Integration-into-Fife-Core/Learn_Bluespec_and_RISCV_Design/Code/Build/Fife/verilog/mkQuire.v:2540.3-2556.6 in
compliance with IEC 62142(E):2005 / IEEE Std. 1364.1(E):2002. Recommending
use of @* instead of @(...) for better match of synthesis and simulation.
Note: Assuming pure combinatorial block at /teamspace/studios/this_studio/Melodica-Integration-into-Fife-Core/Learn_Bluespec_and_RISCV_Design/Code/Build/Fife/verilog/mkQuire.v:2565.3-2581.6 in
compliance with IEC 62142(E):2005 / IEEE Std. 1364.1(E):2002. Recommending
use of @* instead of @(...) for better match of synthesis and simulation.
Note: Assuming pure combinatorial block at /teamspace/studios/this_studio/Melodica-Integration-into-Fife-Core/Learn_Bluespec_and_RISCV_Design/Code/Build/Fife/verilog/mkQuire.v:2590.3-2606.6 in
compliance with IEC 62142(E):2005 / IEEE Std. 1364.1(E):2002. Recommending
use of @* instead of @(...) for better match of synthesis and simulation.
Note: Assuming pure combinatorial block at /teamspace/studios/this_studio/Melodica-Integration-into-Fife-Core/Learn_Bluespec_and_RISCV_Design/Code/Build/Fife/verilog/mkQuire.v:2615.3-2631.6 in
compliance with IEC 62142(E):2005 / IEEE Std. 1364.1(E):2002. Recommending
use of @* instead of @(...) for better match of synthesis and simulation.
Note: Assuming pure combinatorial block at /teamspace/studios/this_studio/Melodica-Integration-into-Fife-Core/Learn_Bluespec_and_RISCV_Design/Code/Build/Fife/verilog/mkQuire.v:2640.3-2656.6 in
compliance with IEC 62142(E):2005 / IEEE Std. 1364.1(E):2002. Recommending
use of @* instead of @(...) for better match of synthesis and simulation.
Note: Assuming pure combinatorial block at /teamspace/studios/this_studio/Melodica-Integration-into-Fife-Core/Learn_Bluespec_and_RISCV_Design/Code/Build/Fife/verilog/mkQuire.v:2665.3-2681.6 in
compliance with IEC 62142(E):2005 / IEEE Std. 1364.1(E):2002. Recommending
use of @* instead of @(...) for better match of synthesis and simulation.
Note: Assuming pure combinatorial block at /teamspace/studios/this_studio/Melodica-Integration-into-Fife-Core/Learn_Bluespec_and_RISCV_Design/Code/Build/Fife/verilog/mkQuire.v:2690.3-2706.6 in
compliance with IEC 62142(E):2005 / IEEE Std. 1364.1(E):2002. Recommending
use of @* instead of @(...) for better match of synthesis and simulation.
Note: Assuming pure combinatorial block at /teamspace/studios/this_studio/Melodica-Integration-into-Fife-Core/Learn_Bluespec_and_RISCV_Design/Code/Build/Fife/verilog/mkQuire.v:2715.3-2731.6 in
compliance with IEC 62142(E):2005 / IEEE Std. 1364.1(E):2002. Recommending
use of @* instead of @(...) for better match of synthesis and simulation.
Note: Assuming pure combinatorial block at /teamspace/studios/this_studio/Melodica-Integration-into-Fife-Core/Learn_Bluespec_and_RISCV_Design/Code/Build/Fife/verilog/mkQuire.v:2740.3-2756.6 in
compliance with IEC 62142(E):2005 / IEEE Std. 1364.1(E):2002. Recommending
use of @* instead of @(...) for better match of synthesis and simulation.
Note: Assuming pure combinatorial block at /teamspace/studios/this_studio/Melodica-Integration-into-Fife-Core/Learn_Bluespec_and_RISCV_Design/Code/Build/Fife/verilog/mkQuire.v:2765.3-2781.6 in
compliance with IEC 62142(E):2005 / IEEE Std. 1364.1(E):2002. Recommending
use of @* instead of @(...) for better match of synthesis and simulation.
Note: Assuming pure combinatorial block at /teamspace/studios/this_studio/Melodica-Integration-into-Fife-Core/Learn_Bluespec_and_RISCV_Design/Code/Build/Fife/verilog/mkQuire.v:2790.3-2806.6 in
compliance with IEC 62142(E):2005 / IEEE Std. 1364.1(E):2002. Recommending
use of @* instead of @(...) for better match of synthesis and simulation.
Note: Assuming pure combinatorial block at /teamspace/studios/this_studio/Melodica-Integration-into-Fife-Core/Learn_Bluespec_and_RISCV_Design/Code/Build/Fife/verilog/mkQuire.v:2815.3-2831.6 in
compliance with IEC 62142(E):2005 / IEEE Std. 1364.1(E):2002. Recommending
use of @* instead of @(...) for better match of synthesis and simulation.
Note: Assuming pure combinatorial block at /teamspace/studios/this_studio/Melodica-Integration-into-Fife-Core/Learn_Bluespec_and_RISCV_Design/Code/Build/Fife/verilog/mkQuire.v:2840.3-2856.6 in
compliance with IEC 62142(E):2005 / IEEE Std. 1364.1(E):2002. Recommending
use of @* instead of @(...) for better match of synthesis and simulation.
Note: Assuming pure combinatorial block at /teamspace/studios/this_studio/Melodica-Integration-into-Fife-Core/Learn_Bluespec_and_RISCV_Design/Code/Build/Fife/verilog/mkQuire.v:2865.3-2881.6 in
compliance with IEC 62142(E):2005 / IEEE Std. 1364.1(E):2002. Recommending
use of @* instead of @(...) for better match of synthesis and simulation.
Note: Assuming pure combinatorial block at /teamspace/studios/this_studio/Melodica-Integration-into-Fife-Core/Learn_Bluespec_and_RISCV_Design/Code/Build/Fife/verilog/mkQuire.v:2890.3-2906.6 in
compliance with IEC 62142(E):2005 / IEEE Std. 1364.1(E):2002. Recommending
use of @* instead of @(...) for better match of synthesis and simulation.
Note: Assuming pure combinatorial block at /teamspace/studios/this_studio/Melodica-Integration-into-Fife-Core/Learn_Bluespec_and_RISCV_Design/Code/Build/Fife/verilog/mkQuire.v:2915.3-2931.6 in
compliance with IEC 62142(E):2005 / IEEE Std. 1364.1(E):2002. Recommending
use of @* instead of @(...) for better match of synthesis and simulation.
Note: Assuming pure combinatorial block at /teamspace/studios/this_studio/Melodica-Integration-into-Fife-Core/Learn_Bluespec_and_RISCV_Design/Code/Build/Fife/verilog/mkQuire.v:2940.3-2960.10 in
compliance with IEC 62142(E):2005 / IEEE Std. 1364.1(E):2002. Recommending
use of @* instead of @(...) for better match of synthesis and simulation.
Note: Assuming pure combinatorial block at /teamspace/studios/this_studio/Melodica-Integration-into-Fife-Core/Learn_Bluespec_and_RISCV_Design/Code/Build/Fife/verilog/mkQuire.v:2970.3-2990.10 in
compliance with IEC 62142(E):2005 / IEEE Std. 1364.1(E):2002. Recommending
use of @* instead of @(...) for better match of synthesis and simulation.
Note: Assuming pure combinatorial block at /teamspace/studios/this_studio/Melodica-Integration-into-Fife-Core/Learn_Bluespec_and_RISCV_Design/Code/Build/Fife/verilog/mkQuire.v:3000.3-3020.10 in
compliance with IEC 62142(E):2005 / IEEE Std. 1364.1(E):2002. Recommending
use of @* instead of @(...) for better match of synthesis and simulation.
Note: Assuming pure combinatorial block at /teamspace/studios/this_studio/Melodica-Integration-into-Fife-Core/Learn_Bluespec_and_RISCV_Design/Code/Build/Fife/verilog/mkQuire.v:3030.3-3050.10 in
compliance with IEC 62142(E):2005 / IEEE Std. 1364.1(E):2002. Recommending
use of @* instead of @(...) for better match of synthesis and simulation.
Note: Assuming pure combinatorial block at /teamspace/studios/this_studio/Melodica-Integration-into-Fife-Core/Learn_Bluespec_and_RISCV_Design/Code/Build/Fife/verilog/mkQuire.v:3060.3-3080.10 in
compliance with IEC 62142(E):2005 / IEEE Std. 1364.1(E):2002. Recommending
use of @* instead of @(...) for better match of synthesis and simulation.
Note: Assuming pure combinatorial block at /teamspace/studios/this_studio/Melodica-Integration-into-Fife-Core/Learn_Bluespec_and_RISCV_Design/Code/Build/Fife/verilog/mkQuire.v:3090.3-3110.10 in
compliance with IEC 62142(E):2005 / IEEE Std. 1364.1(E):2002. Recommending
use of @* instead of @(...) for better match of synthesis and simulation.
Note: Assuming pure combinatorial block at /teamspace/studios/this_studio/Melodica-Integration-into-Fife-Core/Learn_Bluespec_and_RISCV_Design/Code/Build/Fife/verilog/mkQuire.v:3120.3-3140.10 in
compliance with IEC 62142(E):2005 / IEEE Std. 1364.1(E):2002. Recommending
use of @* instead of @(...) for better match of synthesis and simulation.
Note: Assuming pure combinatorial block at /teamspace/studios/this_studio/Melodica-Integration-into-Fife-Core/Learn_Bluespec_and_RISCV_Design/Code/Build/Fife/verilog/mkQuire.v:3150.3-3170.10 in
compliance with IEC 62142(E):2005 / IEEE Std. 1364.1(E):2002. Recommending
use of @* instead of @(...) for better match of synthesis and simulation.
Note: Assuming pure combinatorial block at /teamspace/studios/this_studio/Melodica-Integration-into-Fife-Core/Learn_Bluespec_and_RISCV_Design/Code/Build/Fife/verilog/mkQuire.v:3180.3-3200.10 in
compliance with IEC 62142(E):2005 / IEEE Std. 1364.1(E):2002. Recommending
use of @* instead of @(...) for better match of synthesis and simulation.
Note: Assuming pure combinatorial block at /teamspace/studios/this_studio/Melodica-Integration-into-Fife-Core/Learn_Bluespec_and_RISCV_Design/Code/Build/Fife/verilog/mkQuire.v:3210.3-3230.10 in
compliance with IEC 62142(E):2005 / IEEE Std. 1364.1(E):2002. Recommending
use of @* instead of @(...) for better match of synthesis and simulation.
Note: Assuming pure combinatorial block at /teamspace/studios/this_studio/Melodica-Integration-into-Fife-Core/Learn_Bluespec_and_RISCV_Design/Code/Build/Fife/verilog/mkQuire.v:3240.3-3260.10 in
compliance with IEC 62142(E):2005 / IEEE Std. 1364.1(E):2002. Recommending
use of @* instead of @(...) for better match of synthesis and simulation.
Note: Assuming pure combinatorial block at /teamspace/studios/this_studio/Melodica-Integration-into-Fife-Core/Learn_Bluespec_and_RISCV_Design/Code/Build/Fife/verilog/mkQuire.v:3270.3-3290.10 in
compliance with IEC 62142(E):2005 / IEEE Std. 1364.1(E):2002. Recommending
use of @* instead of @(...) for better match of synthesis and simulation.
Note: Assuming pure combinatorial block at /teamspace/studios/this_studio/Melodica-Integration-into-Fife-Core/Learn_Bluespec_and_RISCV_Design/Code/Build/Fife/verilog/mkQuire.v:3300.3-3320.10 in
compliance with IEC 62142(E):2005 / IEEE Std. 1364.1(E):2002. Recommending
use of @* instead of @(...) for better match of synthesis and simulation.
Note: Assuming pure combinatorial block at /teamspace/studios/this_studio/Melodica-Integration-into-Fife-Core/Learn_Bluespec_and_RISCV_Design/Code/Build/Fife/verilog/mkQuire.v:3330.3-3350.10 in
compliance with IEC 62142(E):2005 / IEEE Std. 1364.1(E):2002. Recommending
use of @* instead of @(...) for better match of synthesis and simulation.
Note: Assuming pure combinatorial block at /teamspace/studios/this_studio/Melodica-Integration-into-Fife-Core/Learn_Bluespec_and_RISCV_Design/Code/Build/Fife/verilog/mkQuire.v:3360.3-3380.10 in
compliance with IEC 62142(E):2005 / IEEE Std. 1364.1(E):2002. Recommending
use of @* instead of @(...) for better match of synthesis and simulation.
Note: Assuming pure combinatorial block at /teamspace/studios/this_studio/Melodica-Integration-into-Fife-Core/Learn_Bluespec_and_RISCV_Design/Code/Build/Fife/verilog/mkQuire.v:3390.3-3410.10 in
compliance with IEC 62142(E):2005 / IEEE Std. 1364.1(E):2002. Recommending
use of @* instead of @(...) for better match of synthesis and simulation.
Note: Assuming pure combinatorial block at /teamspace/studios/this_studio/Melodica-Integration-into-Fife-Core/Learn_Bluespec_and_RISCV_Design/Code/Build/Fife/verilog/mkQuire.v:3420.3-3440.10 in
compliance with IEC 62142(E):2005 / IEEE Std. 1364.1(E):2002. Recommending
use of @* instead of @(...) for better match of synthesis and simulation.
Note: Assuming pure combinatorial block at /teamspace/studios/this_studio/Melodica-Integration-into-Fife-Core/Learn_Bluespec_and_RISCV_Design/Code/Build/Fife/verilog/mkQuire.v:3450.3-3468.10 in
compliance with IEC 62142(E):2005 / IEEE Std. 1364.1(E):2002. Recommending
use of @* instead of @(...) for better match of synthesis and simulation.
Note: Assuming pure combinatorial block at /teamspace/studios/this_studio/Melodica-Integration-into-Fife-Core/Learn_Bluespec_and_RISCV_Design/Code/Build/Fife/verilog/mkQuire.v:3478.3-3498.10 in
compliance with IEC 62142(E):2005 / IEEE Std. 1364.1(E):2002. Recommending
use of @* instead of @(...) for better match of synthesis and simulation.
Note: Assuming pure combinatorial block at /teamspace/studios/this_studio/Melodica-Integration-into-Fife-Core/Learn_Bluespec_and_RISCV_Design/Code/Build/Fife/verilog/mkQuire.v:3508.3-3528.10 in
compliance with IEC 62142(E):2005 / IEEE Std. 1364.1(E):2002. Recommending
use of @* instead of @(...) for better match of synthesis and simulation.
Note: Assuming pure combinatorial block at /teamspace/studios/this_studio/Melodica-Integration-into-Fife-Core/Learn_Bluespec_and_RISCV_Design/Code/Build/Fife/verilog/mkQuire.v:3538.3-3558.10 in
compliance with IEC 62142(E):2005 / IEEE Std. 1364.1(E):2002. Recommending
use of @* instead of @(...) for better match of synthesis and simulation.
Note: Assuming pure combinatorial block at /teamspace/studios/this_studio/Melodica-Integration-into-Fife-Core/Learn_Bluespec_and_RISCV_Design/Code/Build/Fife/verilog/mkQuire.v:3568.3-3588.10 in
compliance with IEC 62142(E):2005 / IEEE Std. 1364.1(E):2002. Recommending
use of @* instead of @(...) for better match of synthesis and simulation.
Note: Assuming pure combinatorial block at /teamspace/studios/this_studio/Melodica-Integration-into-Fife-Core/Learn_Bluespec_and_RISCV_Design/Code/Build/Fife/verilog/mkQuire.v:3598.3-3618.10 in
compliance with IEC 62142(E):2005 / IEEE Std. 1364.1(E):2002. Recommending
use of @* instead of @(...) for better match of synthesis and simulation.
Note: Assuming pure combinatorial block at /teamspace/studios/this_studio/Melodica-Integration-into-Fife-Core/Learn_Bluespec_and_RISCV_Design/Code/Build/Fife/verilog/mkQuire.v:3628.3-3648.10 in
compliance with IEC 62142(E):2005 / IEEE Std. 1364.1(E):2002. Recommending
use of @* instead of @(...) for better match of synthesis and simulation.
Note: Assuming pure combinatorial block at /teamspace/studios/this_studio/Melodica-Integration-into-Fife-Core/Learn_Bluespec_and_RISCV_Design/Code/Build/Fife/verilog/mkQuire.v:3658.3-3678.10 in
compliance with IEC 62142(E):2005 / IEEE Std. 1364.1(E):2002. Recommending
use of @* instead of @(...) for better match of synthesis and simulation.
Successfully finished Verilog frontend.

7. Executing Verilog-2005 frontend: /teamspace/studios/this_studio/Melodica-Integration-into-Fife-Core/Learn_Bluespec_and_RISCV_Design/Code/Build/Fife/verilog/mkMultiplier.v
Parsing Verilog input from `/teamspace/studios/this_studio/Melodica-Integration-into-Fife-Core/Learn_Bluespec_and_RISCV_Design/Code/Build/Fife/verilog/mkMultiplier.v' to AST representation.
Generating RTLIL representation for module `\mkMultiplier'.
Successfully finished Verilog frontend.

8. Executing Verilog-2005 frontend: /teamspace/studios/this_studio/Melodica-Integration-into-Fife-Core/Learn_Bluespec_and_RISCV_Design/Code/Build/Fife/verilog/mkNormalizer.v
Parsing Verilog input from `/teamspace/studios/this_studio/Melodica-Integration-into-Fife-Core/Learn_Bluespec_and_RISCV_Design/Code/Build/Fife/verilog/mkNormalizer.v' to AST representation.
Generating RTLIL representation for module `\mkNormalizer'.
Note: Assuming pure combinatorial block at /teamspace/studios/this_studio/Melodica-Integration-into-Fife-Core/Learn_Bluespec_and_RISCV_Design/Code/Build/Fife/verilog/mkNormalizer.v:157.3-170.6 in
compliance with IEC 62142(E):2005 / IEEE Std. 1364.1(E):2002. Recommending
use of @* instead of @(...) for better match of synthesis and simulation.
Note: Assuming pure combinatorial block at /teamspace/studios/this_studio/Melodica-Integration-into-Fife-Core/Learn_Bluespec_and_RISCV_Design/Code/Build/Fife/verilog/mkNormalizer.v:171.3-192.6 in
compliance with IEC 62142(E):2005 / IEEE Std. 1364.1(E):2002. Recommending
use of @* instead of @(...) for better match of synthesis and simulation.
Note: Assuming pure combinatorial block at /teamspace/studios/this_studio/Melodica-Integration-into-Fife-Core/Learn_Bluespec_and_RISCV_Design/Code/Build/Fife/verilog/mkNormalizer.v:193.3-200.6 in
compliance with IEC 62142(E):2005 / IEEE Std. 1364.1(E):2002. Recommending
use of @* instead of @(...) for better match of synthesis and simulation.
Successfully finished Verilog frontend.

9. Executing Verilog-2005 frontend: /teamspace/studios/this_studio/Melodica-Integration-into-Fife-Core/Learn_Bluespec_and_RISCV_Design/Code/Build/Fife/verilog/mkExtracter.v
Parsing Verilog input from `/teamspace/studios/this_studio/Melodica-Integration-into-Fife-Core/Learn_Bluespec_and_RISCV_Design/Code/Build/Fife/verilog/mkExtracter.v' to AST representation.
Generating RTLIL representation for module `\mkExtracter'.
Successfully finished Verilog frontend.

10. Executing Verilog-2005 frontend: /teamspace/studios/this_studio/Melodica-Integration-into-Fife-Core/Learn_Bluespec_and_RISCV_Design/Code/Build/Fife/verilog/mkFtoP_PNE.v
Parsing Verilog input from `/teamspace/studios/this_studio/Melodica-Integration-into-Fife-Core/Learn_Bluespec_and_RISCV_Design/Code/Build/Fife/verilog/mkFtoP_PNE.v' to AST representation.
Generating RTLIL representation for module `\mkFtoP_PNE'.
Successfully finished Verilog frontend.

11. Executing Verilog-2005 frontend: /teamspace/studios/this_studio/Melodica-Integration-into-Fife-Core/Learn_Bluespec_and_RISCV_Design/Code/Build/Fife/verilog/mkPtoF_PNE.v
Parsing Verilog input from `/teamspace/studios/this_studio/Melodica-Integration-into-Fife-Core/Learn_Bluespec_and_RISCV_Design/Code/Build/Fife/verilog/mkPtoF_PNE.v' to AST representation.
Generating RTLIL representation for module `\mkPtoF_PNE'.
Note: Assuming pure combinatorial block at /teamspace/studios/this_studio/Melodica-Integration-into-Fife-Core/Learn_Bluespec_and_RISCV_Design/Code/Build/Fife/verilog/mkPtoF_PNE.v:211.3-218.6 in
compliance with IEC 62142(E):2005 / IEEE Std. 1364.1(E):2002. Recommending
use of @* instead of @(...) for better match of synthesis and simulation.
Note: Assuming pure combinatorial block at /teamspace/studios/this_studio/Melodica-Integration-into-Fife-Core/Learn_Bluespec_and_RISCV_Design/Code/Build/Fife/verilog/mkPtoF_PNE.v:219.3-226.6 in
compliance with IEC 62142(E):2005 / IEEE Std. 1364.1(E):2002. Recommending
use of @* instead of @(...) for better match of synthesis and simulation.
Successfully finished Verilog frontend.

12. Executing Verilog-2005 frontend: /teamspace/studios/this_studio/Melodica-Integration-into-Fife-Core/Learn_Bluespec_and_RISCV_Design/Code/Build/Fife/verilog/mkPositCore.v
Parsing Verilog input from `/teamspace/studios/this_studio/Melodica-Integration-into-Fife-Core/Learn_Bluespec_and_RISCV_Design/Code/Build/Fife/verilog/mkPositCore.v' to AST representation.
Generating RTLIL representation for module `\mkPositCore'.
Successfully finished Verilog frontend.

13. Executing HIERARCHY pass (managing design hierarchy).

13.1. Analyzing design hierarchy..
Top module:  \mkQuire
Used module:     \module_fn_twosC_quire
Used module:     \SizedFIFO
Used module:     \FIFO1
Parameter \p1width = 32
Parameter \p2depth = 4
Parameter \p3cntr_width = 2
Parameter \guarded = 1'1

13.2. Executing AST frontend in derive mode using pre-parsed AST for module `\SizedFIFO'.
Parameter \p1width = 32
Parameter \p2depth = 4
Parameter \p3cntr_width = 2
Parameter \guarded = 1'1
Generating RTLIL representation for module `$paramod$a0c6df3c1489bcd5c1c6c2071c80faf091665997\SizedFIFO'.
Parameter \p1width = 32
Parameter \p2depth = 4
Parameter \p3cntr_width = 2
Parameter \guarded = 1'1
Found cached RTLIL representation for module `$paramod$a0c6df3c1489bcd5c1c6c2071c80faf091665997\SizedFIFO'.
Parameter \p1width = 32
Parameter \p2depth = 4
Parameter \p3cntr_width = 2
Parameter \guarded = 1'1
Found cached RTLIL representation for module `$paramod$a0c6df3c1489bcd5c1c6c2071c80faf091665997\SizedFIFO'.
Parameter \p1width = 32
Parameter \p2depth = 4
Parameter \p3cntr_width = 2
Parameter \guarded = 1'1
Found cached RTLIL representation for module `$paramod$a0c6df3c1489bcd5c1c6c2071c80faf091665997\SizedFIFO'.
Parameter \p1width = 32
Parameter \p2depth = 4
Parameter \p3cntr_width = 2
Parameter \guarded = 1'1
Found cached RTLIL representation for module `$paramod$a0c6df3c1489bcd5c1c6c2071c80faf091665997\SizedFIFO'.
Parameter \p1width = 32
Parameter \p2depth = 4
Parameter \p3cntr_width = 2
Parameter \guarded = 1'1
Found cached RTLIL representation for module `$paramod$a0c6df3c1489bcd5c1c6c2071c80faf091665997\SizedFIFO'.
Parameter \p1width = 32
Parameter \p2depth = 4
Parameter \p3cntr_width = 2
Parameter \guarded = 1'1
Found cached RTLIL representation for module `$paramod$a0c6df3c1489bcd5c1c6c2071c80faf091665997\SizedFIFO'.
Parameter \p1width = 32
Parameter \p2depth = 4
Parameter \p3cntr_width = 2
Parameter \guarded = 1'1
Found cached RTLIL representation for module `$paramod$a0c6df3c1489bcd5c1c6c2071c80faf091665997\SizedFIFO'.
Parameter \p1width = 32
Parameter \p2depth = 4
Parameter \p3cntr_width = 2
Parameter \guarded = 1'1
Found cached RTLIL representation for module `$paramod$a0c6df3c1489bcd5c1c6c2071c80faf091665997\SizedFIFO'.
Parameter \p1width = 32
Parameter \p2depth = 4
Parameter \p3cntr_width = 2
Parameter \guarded = 1'1
Found cached RTLIL representation for module `$paramod$a0c6df3c1489bcd5c1c6c2071c80faf091665997\SizedFIFO'.
Parameter \p1width = 32
Parameter \p2depth = 4
Parameter \p3cntr_width = 2
Parameter \guarded = 1'1
Found cached RTLIL representation for module `$paramod$a0c6df3c1489bcd5c1c6c2071c80faf091665997\SizedFIFO'.
Parameter \p1width = 32
Parameter \p2depth = 4
Parameter \p3cntr_width = 2
Parameter \guarded = 1'1
Found cached RTLIL representation for module `$paramod$a0c6df3c1489bcd5c1c6c2071c80faf091665997\SizedFIFO'.
Parameter \p1width = 32
Parameter \p2depth = 4
Parameter \p3cntr_width = 2
Parameter \guarded = 1'1
Found cached RTLIL representation for module `$paramod$a0c6df3c1489bcd5c1c6c2071c80faf091665997\SizedFIFO'.
Parameter \p1width = 32
Parameter \p2depth = 4
Parameter \p3cntr_width = 2
Parameter \guarded = 1'1
Found cached RTLIL representation for module `$paramod$a0c6df3c1489bcd5c1c6c2071c80faf091665997\SizedFIFO'.
Parameter \p1width = 32
Parameter \p2depth = 4
Parameter \p3cntr_width = 2
Parameter \guarded = 1'1
Found cached RTLIL representation for module `$paramod$a0c6df3c1489bcd5c1c6c2071c80faf091665997\SizedFIFO'.
Parameter \p1width = 32
Parameter \p2depth = 4
Parameter \p3cntr_width = 2
Parameter \guarded = 1'1
Found cached RTLIL representation for module `$paramod$a0c6df3c1489bcd5c1c6c2071c80faf091665997\SizedFIFO'.
Parameter \p1width = 32
Parameter \p2depth = 4
Parameter \p3cntr_width = 2
Parameter \guarded = 1'1
Found cached RTLIL representation for module `$paramod$a0c6df3c1489bcd5c1c6c2071c80faf091665997\SizedFIFO'.
Parameter \p1width = 32
Parameter \p2depth = 4
Parameter \p3cntr_width = 2
Parameter \guarded = 1'1
Found cached RTLIL representation for module `$paramod$a0c6df3c1489bcd5c1c6c2071c80faf091665997\SizedFIFO'.
Parameter \p1width = 32
Parameter \p2depth = 4
Parameter \p3cntr_width = 2
Parameter \guarded = 1'1
Found cached RTLIL representation for module `$paramod$a0c6df3c1489bcd5c1c6c2071c80faf091665997\SizedFIFO'.
Parameter \p1width = 32
Parameter \p2depth = 4
Parameter \p3cntr_width = 2
Parameter \guarded = 1'1
Found cached RTLIL representation for module `$paramod$a0c6df3c1489bcd5c1c6c2071c80faf091665997\SizedFIFO'.
Parameter \p1width = 32
Parameter \p2depth = 4
Parameter \p3cntr_width = 2
Parameter \guarded = 1'1
Found cached RTLIL representation for module `$paramod$a0c6df3c1489bcd5c1c6c2071c80faf091665997\SizedFIFO'.
Parameter \p1width = 32
Parameter \p2depth = 4
Parameter \p3cntr_width = 2
Parameter \guarded = 1'1
Found cached RTLIL representation for module `$paramod$a0c6df3c1489bcd5c1c6c2071c80faf091665997\SizedFIFO'.
Parameter \p1width = 32
Parameter \p2depth = 4
Parameter \p3cntr_width = 2
Parameter \guarded = 1'1
Found cached RTLIL representation for module `$paramod$a0c6df3c1489bcd5c1c6c2071c80faf091665997\SizedFIFO'.
Parameter \p1width = 32
Parameter \p2depth = 4
Parameter \p3cntr_width = 2
Parameter \guarded = 1'1
Found cached RTLIL representation for module `$paramod$a0c6df3c1489bcd5c1c6c2071c80faf091665997\SizedFIFO'.
Parameter \p1width = 32
Parameter \p2depth = 4
Parameter \p3cntr_width = 2
Parameter \guarded = 1'1
Found cached RTLIL representation for module `$paramod$a0c6df3c1489bcd5c1c6c2071c80faf091665997\SizedFIFO'.
Parameter \p1width = 1
Parameter \p2depth = 4
Parameter \p3cntr_width = 2
Parameter \guarded = 1'1

13.3. Executing AST frontend in derive mode using pre-parsed AST for module `\SizedFIFO'.
Parameter \p1width = 1
Parameter \p2depth = 4
Parameter \p3cntr_width = 2
Parameter \guarded = 1'1
Generating RTLIL representation for module `$paramod$77feb722284cbb4b2efebea6faec56b4318dabcc\SizedFIFO'.
Parameter \p1width = 1
Parameter \p2depth = 4
Parameter \p3cntr_width = 2
Parameter \guarded = 1'1
Found cached RTLIL representation for module `$paramod$77feb722284cbb4b2efebea6faec56b4318dabcc\SizedFIFO'.
Parameter \p1width = 1
Parameter \p2depth = 4
Parameter \p3cntr_width = 2
Parameter \guarded = 1'1
Found cached RTLIL representation for module `$paramod$77feb722284cbb4b2efebea6faec56b4318dabcc\SizedFIFO'.
Parameter \p1width = 1
Parameter \p2depth = 4
Parameter \p3cntr_width = 2
Parameter \guarded = 1'1
Found cached RTLIL representation for module `$paramod$77feb722284cbb4b2efebea6faec56b4318dabcc\SizedFIFO'.
Parameter \p1width = 1
Parameter \p2depth = 4
Parameter \p3cntr_width = 2
Parameter \guarded = 1'1
Found cached RTLIL representation for module `$paramod$77feb722284cbb4b2efebea6faec56b4318dabcc\SizedFIFO'.
Parameter \p1width = 1
Parameter \p2depth = 4
Parameter \p3cntr_width = 2
Parameter \guarded = 1'1
Found cached RTLIL representation for module `$paramod$77feb722284cbb4b2efebea6faec56b4318dabcc\SizedFIFO'.
Parameter \p1width = 1
Parameter \p2depth = 4
Parameter \p3cntr_width = 2
Parameter \guarded = 1'1
Found cached RTLIL representation for module `$paramod$77feb722284cbb4b2efebea6faec56b4318dabcc\SizedFIFO'.
Parameter \p1width = 1
Parameter \p2depth = 4
Parameter \p3cntr_width = 2
Parameter \guarded = 1'1
Found cached RTLIL representation for module `$paramod$77feb722284cbb4b2efebea6faec56b4318dabcc\SizedFIFO'.
Parameter \p1width = 1
Parameter \p2depth = 4
Parameter \p3cntr_width = 2
Parameter \guarded = 1'1
Found cached RTLIL representation for module `$paramod$77feb722284cbb4b2efebea6faec56b4318dabcc\SizedFIFO'.
Parameter \p1width = 1
Parameter \p2depth = 4
Parameter \p3cntr_width = 2
Parameter \guarded = 1'1
Found cached RTLIL representation for module `$paramod$77feb722284cbb4b2efebea6faec56b4318dabcc\SizedFIFO'.
Parameter \p1width = 1
Parameter \p2depth = 4
Parameter \p3cntr_width = 2
Parameter \guarded = 1'1
Found cached RTLIL representation for module `$paramod$77feb722284cbb4b2efebea6faec56b4318dabcc\SizedFIFO'.
Parameter \p1width = 1
Parameter \p2depth = 4
Parameter \p3cntr_width = 2
Parameter \guarded = 1'1
Found cached RTLIL representation for module `$paramod$77feb722284cbb4b2efebea6faec56b4318dabcc\SizedFIFO'.
Parameter \p1width = 1
Parameter \p2depth = 4
Parameter \p3cntr_width = 2
Parameter \guarded = 1'1
Found cached RTLIL representation for module `$paramod$77feb722284cbb4b2efebea6faec56b4318dabcc\SizedFIFO'.
Parameter \p1width = 1
Parameter \p2depth = 4
Parameter \p3cntr_width = 2
Parameter \guarded = 1'1
Found cached RTLIL representation for module `$paramod$77feb722284cbb4b2efebea6faec56b4318dabcc\SizedFIFO'.
Parameter \p1width = 1
Parameter \p2depth = 4
Parameter \p3cntr_width = 2
Parameter \guarded = 1'1
Found cached RTLIL representation for module `$paramod$77feb722284cbb4b2efebea6faec56b4318dabcc\SizedFIFO'.
Parameter \p1width = 1
Parameter \p2depth = 4
Parameter \p3cntr_width = 2
Parameter \guarded = 1'1
Found cached RTLIL representation for module `$paramod$77feb722284cbb4b2efebea6faec56b4318dabcc\SizedFIFO'.
Parameter \p1width = 1
Parameter \p2depth = 4
Parameter \p3cntr_width = 2
Parameter \guarded = 1'1
Found cached RTLIL representation for module `$paramod$77feb722284cbb4b2efebea6faec56b4318dabcc\SizedFIFO'.
Parameter \p1width = 1
Parameter \p2depth = 4
Parameter \p3cntr_width = 2
Parameter \guarded = 1'1
Found cached RTLIL representation for module `$paramod$77feb722284cbb4b2efebea6faec56b4318dabcc\SizedFIFO'.
Parameter \p1width = 1
Parameter \p2depth = 4
Parameter \p3cntr_width = 2
Parameter \guarded = 1'1
Found cached RTLIL representation for module `$paramod$77feb722284cbb4b2efebea6faec56b4318dabcc\SizedFIFO'.
Parameter \p1width = 1
Parameter \p2depth = 4
Parameter \p3cntr_width = 2
Parameter \guarded = 1'1
Found cached RTLIL representation for module `$paramod$77feb722284cbb4b2efebea6faec56b4318dabcc\SizedFIFO'.
Parameter \p1width = 1
Parameter \p2depth = 4
Parameter \p3cntr_width = 2
Parameter \guarded = 1'1
Found cached RTLIL representation for module `$paramod$77feb722284cbb4b2efebea6faec56b4318dabcc\SizedFIFO'.
Parameter \p1width = 1
Parameter \p2depth = 4
Parameter \p3cntr_width = 2
Parameter \guarded = 1'1
Found cached RTLIL representation for module `$paramod$77feb722284cbb4b2efebea6faec56b4318dabcc\SizedFIFO'.
Parameter \p1width = 1
Parameter \p2depth = 4
Parameter \p3cntr_width = 2
Parameter \guarded = 1'1
Found cached RTLIL representation for module `$paramod$77feb722284cbb4b2efebea6faec56b4318dabcc\SizedFIFO'.
Parameter \p1width = 1
Parameter \p2depth = 4
Parameter \p3cntr_width = 2
Parameter \guarded = 1'1
Found cached RTLIL representation for module `$paramod$77feb722284cbb4b2efebea6faec56b4318dabcc\SizedFIFO'.
Parameter \width = 41
Parameter \guarded = 1'1

13.4. Executing AST frontend in derive mode using pre-parsed AST for module `\FIFO1'.
Parameter \width = 41
Parameter \guarded = 1'1
Generating RTLIL representation for module `$paramod\FIFO1\width=32'00000000000000000000000000101001\guarded=1'1'.
Parameter \width = 11
Parameter \guarded = 1'1

13.5. Executing AST frontend in derive mode using pre-parsed AST for module `\FIFO1'.
Parameter \width = 11
Parameter \guarded = 1'1
Generating RTLIL representation for module `$paramod\FIFO1\width=32'00000000000000000000000000001011\guarded=1'1'.

13.6. Analyzing design hierarchy..
Top module:  \mkQuire
Used module:     \module_fn_twosC_quire
Used module:     $paramod$a0c6df3c1489bcd5c1c6c2071c80faf091665997\SizedFIFO
Used module:     $paramod$77feb722284cbb4b2efebea6faec56b4318dabcc\SizedFIFO
Used module:     $paramod\FIFO1\width=32'00000000000000000000000000101001\guarded=1'1
Used module:     $paramod\FIFO1\width=32'00000000000000000000000000001011\guarded=1'1

13.7. Analyzing design hierarchy..
Top module:  \mkQuire
Used module:     \module_fn_twosC_quire
Used module:     $paramod$a0c6df3c1489bcd5c1c6c2071c80faf091665997\SizedFIFO
Used module:     $paramod$77feb722284cbb4b2efebea6faec56b4318dabcc\SizedFIFO
Used module:     $paramod\FIFO1\width=32'00000000000000000000000000101001\guarded=1'1
Used module:     $paramod\FIFO1\width=32'00000000000000000000000000001011\guarded=1'1
Removing unused module `\mkPositCore'.
Removing unused module `\mkPtoF_PNE'.
Removing unused module `\mkFtoP_PNE'.
Removing unused module `\mkExtracter'.
Removing unused module `\mkNormalizer'.
Removing unused module `\mkMultiplier'.
Removing unused module `\RegFile'.
Removing unused module `\SizedFIFO'.
Removing unused module `\FIFO2'.
Removing unused module `\FIFO1'.
Removed 10 unused modules.

14. Executing SYNTH pass.

14.1. Executing HIERARCHY pass (managing design hierarchy).

14.1.1. Analyzing design hierarchy..
Top module:  \mkQuire
Used module:     \module_fn_twosC_quire
Used module:     $paramod$a0c6df3c1489bcd5c1c6c2071c80faf091665997\SizedFIFO
Used module:     $paramod$77feb722284cbb4b2efebea6faec56b4318dabcc\SizedFIFO
Used module:     $paramod\FIFO1\width=32'00000000000000000000000000101001\guarded=1'1
Used module:     $paramod\FIFO1\width=32'00000000000000000000000000001011\guarded=1'1

14.1.2. Analyzing design hierarchy..
Top module:  \mkQuire
Used module:     \module_fn_twosC_quire
Used module:     $paramod$a0c6df3c1489bcd5c1c6c2071c80faf091665997\SizedFIFO
Used module:     $paramod$77feb722284cbb4b2efebea6faec56b4318dabcc\SizedFIFO
Used module:     $paramod\FIFO1\width=32'00000000000000000000000000101001\guarded=1'1
Used module:     $paramod\FIFO1\width=32'00000000000000000000000000001011\guarded=1'1
Removed 0 unused modules.

14.2. Executing PROC pass (convert processes to netlists).

14.2.1. Executing PROC_CLEAN pass (remove empty switches from decision trees).
Cleaned up 0 empty switches.

14.2.2. Executing PROC_RMDEAD pass (remove dead branches from decision trees).
Marked 1 switch rules as full_case in process $proc$/teamspace/studios/this_studio/Melodica-Integration-into-Fife-Core/Learn_Bluespec_and_RISCV_Design/Code/Build/Fife/verilog/mkQuire.v:4879$1498 in module mkQuire.
Marked 1 switch rules as full_case in process $proc$/teamspace/studios/this_studio/Melodica-Integration-into-Fife-Core/Learn_Bluespec_and_RISCV_Design/Code/Build/Fife/verilog/mkQuire.v:3658$1131 in module mkQuire.
Marked 1 switch rules as full_case in process $proc$/teamspace/studios/this_studio/Melodica-Integration-into-Fife-Core/Learn_Bluespec_and_RISCV_Design/Code/Build/Fife/verilog/mkQuire.v:3628$1117 in module mkQuire.
Marked 1 switch rules as full_case in process $proc$/teamspace/studios/this_studio/Melodica-Integration-into-Fife-Core/Learn_Bluespec_and_RISCV_Design/Code/Build/Fife/verilog/mkQuire.v:3598$1103 in module mkQuire.
Marked 1 switch rules as full_case in process $proc$/teamspace/studios/this_studio/Melodica-Integration-into-Fife-Core/Learn_Bluespec_and_RISCV_Design/Code/Build/Fife/verilog/mkQuire.v:3568$1089 in module mkQuire.
Marked 1 switch rules as full_case in process $proc$/teamspace/studios/this_studio/Melodica-Integration-into-Fife-Core/Learn_Bluespec_and_RISCV_Design/Code/Build/Fife/verilog/mkQuire.v:3538$1075 in module mkQuire.
Marked 1 switch rules as full_case in process $proc$/teamspace/studios/this_studio/Melodica-Integration-into-Fife-Core/Learn_Bluespec_and_RISCV_Design/Code/Build/Fife/verilog/mkQuire.v:3508$1061 in module mkQuire.
Marked 1 switch rules as full_case in process $proc$/teamspace/studios/this_studio/Melodica-Integration-into-Fife-Core/Learn_Bluespec_and_RISCV_Design/Code/Build/Fife/verilog/mkQuire.v:3478$1047 in module mkQuire.
Marked 1 switch rules as full_case in process $proc$/teamspace/studios/this_studio/Melodica-Integration-into-Fife-Core/Learn_Bluespec_and_RISCV_Design/Code/Build/Fife/verilog/mkQuire.v:3450$1033 in module mkQuire.
Marked 1 switch rules as full_case in process $proc$/teamspace/studios/this_studio/Melodica-Integration-into-Fife-Core/Learn_Bluespec_and_RISCV_Design/Code/Build/Fife/verilog/mkQuire.v:3420$1019 in module mkQuire.
Marked 1 switch rules as full_case in process $proc$/teamspace/studios/this_studio/Melodica-Integration-into-Fife-Core/Learn_Bluespec_and_RISCV_Design/Code/Build/Fife/verilog/mkQuire.v:3390$1005 in module mkQuire.
Marked 1 switch rules as full_case in process $proc$/teamspace/studios/this_studio/Melodica-Integration-into-Fife-Core/Learn_Bluespec_and_RISCV_Design/Code/Build/Fife/verilog/mkQuire.v:3360$991 in module mkQuire.
Marked 1 switch rules as full_case in process $proc$/teamspace/studios/this_studio/Melodica-Integration-into-Fife-Core/Learn_Bluespec_and_RISCV_Design/Code/Build/Fife/verilog/mkQuire.v:3330$977 in module mkQuire.
Marked 1 switch rules as full_case in process $proc$/teamspace/studios/this_studio/Melodica-Integration-into-Fife-Core/Learn_Bluespec_and_RISCV_Design/Code/Build/Fife/verilog/mkQuire.v:3300$963 in module mkQuire.
Marked 1 switch rules as full_case in process $proc$/teamspace/studios/this_studio/Melodica-Integration-into-Fife-Core/Learn_Bluespec_and_RISCV_Design/Code/Build/Fife/verilog/mkQuire.v:3270$949 in module mkQuire.
Marked 1 switch rules as full_case in process $proc$/teamspace/studios/this_studio/Melodica-Integration-into-Fife-Core/Learn_Bluespec_and_RISCV_Design/Code/Build/Fife/verilog/mkQuire.v:3240$935 in module mkQuire.
Marked 1 switch rules as full_case in process $proc$/teamspace/studios/this_studio/Melodica-Integration-into-Fife-Core/Learn_Bluespec_and_RISCV_Design/Code/Build/Fife/verilog/mkQuire.v:3210$921 in module mkQuire.
Marked 1 switch rules as full_case in process $proc$/teamspace/studios/this_studio/Melodica-Integration-into-Fife-Core/Learn_Bluespec_and_RISCV_Design/Code/Build/Fife/verilog/mkQuire.v:3180$907 in module mkQuire.
Marked 1 switch rules as full_case in process $proc$/teamspace/studios/this_studio/Melodica-Integration-into-Fife-Core/Learn_Bluespec_and_RISCV_Design/Code/Build/Fife/verilog/mkQuire.v:3150$893 in module mkQuire.
Marked 1 switch rules as full_case in process $proc$/teamspace/studios/this_studio/Melodica-Integration-into-Fife-Core/Learn_Bluespec_and_RISCV_Design/Code/Build/Fife/verilog/mkQuire.v:3120$879 in module mkQuire.
Marked 1 switch rules as full_case in process $proc$/teamspace/studios/this_studio/Melodica-Integration-into-Fife-Core/Learn_Bluespec_and_RISCV_Design/Code/Build/Fife/verilog/mkQuire.v:3090$865 in module mkQuire.
Marked 1 switch rules as full_case in process $proc$/teamspace/studios/this_studio/Melodica-Integration-into-Fife-Core/Learn_Bluespec_and_RISCV_Design/Code/Build/Fife/verilog/mkQuire.v:3060$851 in module mkQuire.
Marked 1 switch rules as full_case in process $proc$/teamspace/studios/this_studio/Melodica-Integration-into-Fife-Core/Learn_Bluespec_and_RISCV_Design/Code/Build/Fife/verilog/mkQuire.v:3030$837 in module mkQuire.
Marked 1 switch rules as full_case in process $proc$/teamspace/studios/this_studio/Melodica-Integration-into-Fife-Core/Learn_Bluespec_and_RISCV_Design/Code/Build/Fife/verilog/mkQuire.v:3000$823 in module mkQuire.
Marked 1 switch rules as full_case in process $proc$/teamspace/studios/this_studio/Melodica-Integration-into-Fife-Core/Learn_Bluespec_and_RISCV_Design/Code/Build/Fife/verilog/mkQuire.v:2970$809 in module mkQuire.
Marked 1 switch rules as full_case in process $proc$/teamspace/studios/this_studio/Melodica-Integration-into-Fife-Core/Learn_Bluespec_and_RISCV_Design/Code/Build/Fife/verilog/mkQuire.v:2940$795 in module mkQuire.
Marked 1 switch rules as full_case in process $proc$/teamspace/studios/this_studio/Melodica-Integration-into-Fife-Core/Learn_Bluespec_and_RISCV_Design/Code/Build/Fife/verilog/mkQuire.v:2915$785 in module mkQuire.
Marked 1 switch rules as full_case in process $proc$/teamspace/studios/this_studio/Melodica-Integration-into-Fife-Core/Learn_Bluespec_and_RISCV_Design/Code/Build/Fife/verilog/mkQuire.v:2890$775 in module mkQuire.
Marked 1 switch rules as full_case in process $proc$/teamspace/studios/this_studio/Melodica-Integration-into-Fife-Core/Learn_Bluespec_and_RISCV_Design/Code/Build/Fife/verilog/mkQuire.v:2865$765 in module mkQuire.
Marked 1 switch rules as full_case in process $proc$/teamspace/studios/this_studio/Melodica-Integration-into-Fife-Core/Learn_Bluespec_and_RISCV_Design/Code/Build/Fife/verilog/mkQuire.v:2840$755 in module mkQuire.
Marked 1 switch rules as full_case in process $proc$/teamspace/studios/this_studio/Melodica-Integration-into-Fife-Core/Learn_Bluespec_and_RISCV_Design/Code/Build/Fife/verilog/mkQuire.v:2815$745 in module mkQuire.
Marked 1 switch rules as full_case in process $proc$/teamspace/studios/this_studio/Melodica-Integration-into-Fife-Core/Learn_Bluespec_and_RISCV_Design/Code/Build/Fife/verilog/mkQuire.v:2790$735 in module mkQuire.
Marked 1 switch rules as full_case in process $proc$/teamspace/studios/this_studio/Melodica-Integration-into-Fife-Core/Learn_Bluespec_and_RISCV_Design/Code/Build/Fife/verilog/mkQuire.v:2765$725 in module mkQuire.
Marked 1 switch rules as full_case in process $proc$/teamspace/studios/this_studio/Melodica-Integration-into-Fife-Core/Learn_Bluespec_and_RISCV_Design/Code/Build/Fife/verilog/mkQuire.v:2740$715 in module mkQuire.
Marked 1 switch rules as full_case in process $proc$/teamspace/studios/this_studio/Melodica-Integration-into-Fife-Core/Learn_Bluespec_and_RISCV_Design/Code/Build/Fife/verilog/mkQuire.v:2715$705 in module mkQuire.
Marked 1 switch rules as full_case in process $proc$/teamspace/studios/this_studio/Melodica-Integration-into-Fife-Core/Learn_Bluespec_and_RISCV_Design/Code/Build/Fife/verilog/mkQuire.v:2690$695 in module mkQuire.
Marked 1 switch rules as full_case in process $proc$/teamspace/studios/this_studio/Melodica-Integration-into-Fife-Core/Learn_Bluespec_and_RISCV_Design/Code/Build/Fife/verilog/mkQuire.v:2665$685 in module mkQuire.
Marked 1 switch rules as full_case in process $proc$/teamspace/studios/this_studio/Melodica-Integration-into-Fife-Core/Learn_Bluespec_and_RISCV_Design/Code/Build/Fife/verilog/mkQuire.v:2640$675 in module mkQuire.
Marked 1 switch rules as full_case in process $proc$/teamspace/studios/this_studio/Melodica-Integration-into-Fife-Core/Learn_Bluespec_and_RISCV_Design/Code/Build/Fife/verilog/mkQuire.v:2615$665 in module mkQuire.
Marked 1 switch rules as full_case in process $proc$/teamspace/studios/this_studio/Melodica-Integration-into-Fife-Core/Learn_Bluespec_and_RISCV_Design/Code/Build/Fife/verilog/mkQuire.v:2590$655 in module mkQuire.
Marked 1 switch rules as full_case in process $proc$/teamspace/studios/this_studio/Melodica-Integration-into-Fife-Core/Learn_Bluespec_and_RISCV_Design/Code/Build/Fife/verilog/mkQuire.v:2565$645 in module mkQuire.
Marked 1 switch rules as full_case in process $proc$/teamspace/studios/this_studio/Melodica-Integration-into-Fife-Core/Learn_Bluespec_and_RISCV_Design/Code/Build/Fife/verilog/mkQuire.v:2540$635 in module mkQuire.
Marked 1 switch rules as full_case in process $proc$/teamspace/studios/this_studio/Melodica-Integration-into-Fife-Core/Learn_Bluespec_and_RISCV_Design/Code/Build/Fife/verilog/mkQuire.v:2515$625 in module mkQuire.
Marked 1 switch rules as full_case in process $proc$/teamspace/studios/this_studio/Melodica-Integration-into-Fife-Core/Learn_Bluespec_and_RISCV_Design/Code/Build/Fife/verilog/mkQuire.v:2490$615 in module mkQuire.
Marked 1 switch rules as full_case in process $proc$/teamspace/studios/this_studio/Melodica-Integration-into-Fife-Core/Learn_Bluespec_and_RISCV_Design/Code/Build/Fife/verilog/mkQuire.v:2465$605 in module mkQuire.
Marked 1 switch rules as full_case in process $proc$/teamspace/studios/this_studio/Melodica-Integration-into-Fife-Core/Learn_Bluespec_and_RISCV_Design/Code/Build/Fife/verilog/mkQuire.v:2440$595 in module mkQuire.
Marked 1 switch rules as full_case in process $proc$/teamspace/studios/this_studio/Melodica-Integration-into-Fife-Core/Learn_Bluespec_and_RISCV_Design/Code/Build/Fife/verilog/mkQuire.v:2415$585 in module mkQuire.
Marked 1 switch rules as full_case in process $proc$/teamspace/studios/this_studio/Melodica-Integration-into-Fife-Core/Learn_Bluespec_and_RISCV_Design/Code/Build/Fife/verilog/mkQuire.v:2390$575 in module mkQuire.
Marked 1 switch rules as full_case in process $proc$/teamspace/studios/this_studio/Melodica-Integration-into-Fife-Core/Learn_Bluespec_and_RISCV_Design/Code/Build/Fife/verilog/mkQuire.v:2365$565 in module mkQuire.
Marked 1 switch rules as full_case in process $proc$/teamspace/studios/this_studio/Melodica-Integration-into-Fife-Core/Learn_Bluespec_and_RISCV_Design/Code/Build/Fife/verilog/mkQuire.v:2340$555 in module mkQuire.
Marked 1 switch rules as full_case in process $proc$/teamspace/studios/this_studio/Melodica-Integration-into-Fife-Core/Learn_Bluespec_and_RISCV_Design/Code/Build/Fife/verilog/mkQuire.v:2317$545 in module mkQuire.
Marked 1 switch rules as full_case in process $proc$/teamspace/studios/this_studio/Melodica-Integration-into-Fife-Core/bsc/lib/Verilog/SizedFIFO.v:190$1862 in module $paramod$77feb722284cbb4b2efebea6faec56b4318dabcc\SizedFIFO.
Marked 1 switch rules as full_case in process $proc$/teamspace/studios/this_studio/Melodica-Integration-into-Fife-Core/bsc/lib/Verilog/SizedFIFO.v:107$1854 in module $paramod$77feb722284cbb4b2efebea6faec56b4318dabcc\SizedFIFO.
Marked 1 switch rules as full_case in process $proc$/teamspace/studios/this_studio/Melodica-Integration-into-Fife-Core/bsc/lib/Verilog/SizedFIFO.v:190$1831 in module $paramod$a0c6df3c1489bcd5c1c6c2071c80faf091665997\SizedFIFO.
Marked 1 switch rules as full_case in process $proc$/teamspace/studios/this_studio/Melodica-Integration-into-Fife-Core/bsc/lib/Verilog/SizedFIFO.v:107$1823 in module $paramod$a0c6df3c1489bcd5c1c6c2071c80faf091665997\SizedFIFO.
Marked 3 switch rules as full_case in process $proc$/teamspace/studios/this_studio/Melodica-Integration-into-Fife-Core/bsc/lib/Verilog/FIFO1.v:73$1883 in module $paramod\FIFO1\width=32'00000000000000000000000000001011\guarded=1'1.
Marked 3 switch rules as full_case in process $proc$/teamspace/studios/this_studio/Melodica-Integration-into-Fife-Core/bsc/lib/Verilog/FIFO1.v:73$1879 in module $paramod\FIFO1\width=32'00000000000000000000000000101001\guarded=1'1.
Removed a total of 0 dead cases.

14.2.3. Executing PROC_PRUNE pass (remove redundant assignments in processes).
Removed 0 redundant assignments.
Promoted 56 assignments to connections.

14.2.4. Executing PROC_INIT pass (extract init attributes).

14.2.5. Executing PROC_ARST pass (detect async resets in processes).

14.2.6. Executing PROC_ROM pass (convert switches to ROMs).
Converted 0 switches.
<suppressed ~127 debug messages>

14.2.7. Executing PROC_MUX pass (convert decision trees to multiplexers).
Creating decoders for process `\mkQuire.$proc$/teamspace/studios/this_studio/Melodica-Integration-into-Fife-Core/Learn_Bluespec_and_RISCV_Design/Code/Build/Fife/verilog/mkQuire.v:4879$1498'.
     1/56: $0\zero_counter_rg_seg_counter_busy[0:0]
     2/56: $0\zero_counter_rg_numZeroSegs[4:0]
     3/56: $0\zero_counter_rg_firstNonZeroSeg[31:0]
     4/56: $0\vrg_quire_seg_zero_9[0:0]
     5/56: $0\vrg_quire_seg_zero_8[0:0]
     6/56: $0\vrg_quire_seg_zero_7[0:0]
     7/56: $0\vrg_quire_seg_zero_6[0:0]
     8/56: $0\vrg_quire_seg_zero_5[0:0]
     9/56: $0\vrg_quire_seg_zero_4[0:0]
    10/56: $0\vrg_quire_seg_zero_3[0:0]
    11/56: $0\vrg_quire_seg_zero_24[0:0]
    12/56: $0\vrg_quire_seg_zero_23[0:0]
    13/56: $0\vrg_quire_seg_zero_22[0:0]
    14/56: $0\vrg_quire_seg_zero_21[0:0]
    15/56: $0\vrg_quire_seg_zero_20[0:0]
    16/56: $0\vrg_quire_seg_zero_2[0:0]
    17/56: $0\vrg_quire_seg_zero_19[0:0]
    18/56: $0\vrg_quire_seg_zero_18[0:0]
    19/56: $0\vrg_quire_seg_zero_17[0:0]
    20/56: $0\vrg_quire_seg_zero_16[0:0]
    21/56: $0\vrg_quire_seg_zero_15[0:0]
    22/56: $0\vrg_quire_seg_zero_14[0:0]
    23/56: $0\vrg_quire_seg_zero_13[0:0]
    24/56: $0\vrg_quire_seg_zero_12[0:0]
    25/56: $0\vrg_quire_seg_zero_11[0:0]
    26/56: $0\vrg_quire_seg_zero_10[0:0]
    27/56: $0\vrg_quire_seg_zero_1[0:0]
    28/56: $0\vrg_quire_seg_zero_0[0:0]
    29/56: $0\vrg_quire_9[31:0]
    30/56: $0\vrg_quire_8[31:0]
    31/56: $0\vrg_quire_7[31:0]
    32/56: $0\vrg_quire_6[31:0]
    33/56: $0\vrg_quire_5[31:0]
    34/56: $0\vrg_quire_4[31:0]
    35/56: $0\vrg_quire_3[31:0]
    36/56: $0\vrg_quire_24[31:0]
    37/56: $0\vrg_quire_23[31:0]
    38/56: $0\vrg_quire_22[31:0]
    39/56: $0\vrg_quire_21[31:0]
    40/56: $0\vrg_quire_20[31:0]
    41/56: $0\vrg_quire_2[31:0]
    42/56: $0\vrg_quire_19[31:0]
    43/56: $0\vrg_quire_18[31:0]
    44/56: $0\vrg_quire_17[31:0]
    45/56: $0\vrg_quire_16[31:0]
    46/56: $0\vrg_quire_15[31:0]
    47/56: $0\vrg_quire_14[31:0]
    48/56: $0\vrg_quire_13[31:0]
    49/56: $0\vrg_quire_12[31:0]
    50/56: $0\vrg_quire_11[31:0]
    51/56: $0\vrg_quire_10[31:0]
    52/56: $0\vrg_quire_1[31:0]
    53/56: $0\vrg_quire_0[31:0]
    54/56: $0\seg_adder_rg_inFlight[4:0]
    55/56: $0\rg_seg_zero_upd[0:0]
    56/56: $0\rg_read_busy[0:0]
Creating decoders for process `\mkQuire.$proc$/teamspace/studios/this_studio/Melodica-Integration-into-Fife-Core/Learn_Bluespec_and_RISCV_Design/Code/Build/Fife/verilog/mkQuire.v:3658$1131'.
     1/1: $1\vrg_quire_seg_zero_9$D_IN[0:0]$1133
Creating decoders for process `\mkQuire.$proc$/teamspace/studios/this_studio/Melodica-Integration-into-Fife-Core/Learn_Bluespec_and_RISCV_Design/Code/Build/Fife/verilog/mkQuire.v:3628$1117'.
     1/1: $1\vrg_quire_seg_zero_8$D_IN[0:0]$1119
Creating decoders for process `\mkQuire.$proc$/teamspace/studios/this_studio/Melodica-Integration-into-Fife-Core/Learn_Bluespec_and_RISCV_Design/Code/Build/Fife/verilog/mkQuire.v:3598$1103'.
     1/1: $1\vrg_quire_seg_zero_7$D_IN[0:0]$1105
Creating decoders for process `\mkQuire.$proc$/teamspace/studios/this_studio/Melodica-Integration-into-Fife-Core/Learn_Bluespec_and_RISCV_Design/Code/Build/Fife/verilog/mkQuire.v:3568$1089'.
     1/1: $1\vrg_quire_seg_zero_6$D_IN[0:0]$1091
Creating decoders for process `\mkQuire.$proc$/teamspace/studios/this_studio/Melodica-Integration-into-Fife-Core/Learn_Bluespec_and_RISCV_Design/Code/Build/Fife/verilog/mkQuire.v:3538$1075'.
     1/1: $1\vrg_quire_seg_zero_5$D_IN[0:0]$1077
Creating decoders for process `\mkQuire.$proc$/teamspace/studios/this_studio/Melodica-Integration-into-Fife-Core/Learn_Bluespec_and_RISCV_Design/Code/Build/Fife/verilog/mkQuire.v:3508$1061'.
     1/1: $1\vrg_quire_seg_zero_4$D_IN[0:0]$1063
Creating decoders for process `\mkQuire.$proc$/teamspace/studios/this_studio/Melodica-Integration-into-Fife-Core/Learn_Bluespec_and_RISCV_Design/Code/Build/Fife/verilog/mkQuire.v:3478$1047'.
     1/1: $1\vrg_quire_seg_zero_3$D_IN[0:0]$1049
Creating decoders for process `\mkQuire.$proc$/teamspace/studios/this_studio/Melodica-Integration-into-Fife-Core/Learn_Bluespec_and_RISCV_Design/Code/Build/Fife/verilog/mkQuire.v:3450$1033'.
     1/1: $1\vrg_quire_seg_zero_24$D_IN[0:0]$1035
Creating decoders for process `\mkQuire.$proc$/teamspace/studios/this_studio/Melodica-Integration-into-Fife-Core/Learn_Bluespec_and_RISCV_Design/Code/Build/Fife/verilog/mkQuire.v:3420$1019'.
     1/1: $1\vrg_quire_seg_zero_23$D_IN[0:0]$1021
Creating decoders for process `\mkQuire.$proc$/teamspace/studios/this_studio/Melodica-Integration-into-Fife-Core/Learn_Bluespec_and_RISCV_Design/Code/Build/Fife/verilog/mkQuire.v:3390$1005'.
     1/1: $1\vrg_quire_seg_zero_22$D_IN[0:0]$1007
Creating decoders for process `\mkQuire.$proc$/teamspace/studios/this_studio/Melodica-Integration-into-Fife-Core/Learn_Bluespec_and_RISCV_Design/Code/Build/Fife/verilog/mkQuire.v:3360$991'.
     1/1: $1\vrg_quire_seg_zero_21$D_IN[0:0]$993
Creating decoders for process `\mkQuire.$proc$/teamspace/studios/this_studio/Melodica-Integration-into-Fife-Core/Learn_Bluespec_and_RISCV_Design/Code/Build/Fife/verilog/mkQuire.v:3330$977'.
     1/1: $1\vrg_quire_seg_zero_20$D_IN[0:0]$979
Creating decoders for process `\mkQuire.$proc$/teamspace/studios/this_studio/Melodica-Integration-into-Fife-Core/Learn_Bluespec_and_RISCV_Design/Code/Build/Fife/verilog/mkQuire.v:3300$963'.
     1/1: $1\vrg_quire_seg_zero_2$D_IN[0:0]$965
Creating decoders for process `\mkQuire.$proc$/teamspace/studios/this_studio/Melodica-Integration-into-Fife-Core/Learn_Bluespec_and_RISCV_Design/Code/Build/Fife/verilog/mkQuire.v:3270$949'.
     1/1: $1\vrg_quire_seg_zero_19$D_IN[0:0]$951
Creating decoders for process `\mkQuire.$proc$/teamspace/studios/this_studio/Melodica-Integration-into-Fife-Core/Learn_Bluespec_and_RISCV_Design/Code/Build/Fife/verilog/mkQuire.v:3240$935'.
     1/1: $1\vrg_quire_seg_zero_18$D_IN[0:0]$937
Creating decoders for process `\mkQuire.$proc$/teamspace/studios/this_studio/Melodica-Integration-into-Fife-Core/Learn_Bluespec_and_RISCV_Design/Code/Build/Fife/verilog/mkQuire.v:3210$921'.
     1/1: $1\vrg_quire_seg_zero_17$D_IN[0:0]$923
Creating decoders for process `\mkQuire.$proc$/teamspace/studios/this_studio/Melodica-Integration-into-Fife-Core/Learn_Bluespec_and_RISCV_Design/Code/Build/Fife/verilog/mkQuire.v:3180$907'.
     1/1: $1\vrg_quire_seg_zero_16$D_IN[0:0]$909
Creating decoders for process `\mkQuire.$proc$/teamspace/studios/this_studio/Melodica-Integration-into-Fife-Core/Learn_Bluespec_and_RISCV_Design/Code/Build/Fife/verilog/mkQuire.v:3150$893'.
     1/1: $1\vrg_quire_seg_zero_15$D_IN[0:0]$895
Creating decoders for process `\mkQuire.$proc$/teamspace/studios/this_studio/Melodica-Integration-into-Fife-Core/Learn_Bluespec_and_RISCV_Design/Code/Build/Fife/verilog/mkQuire.v:3120$879'.
     1/1: $1\vrg_quire_seg_zero_14$D_IN[0:0]$881
Creating decoders for process `\mkQuire.$proc$/teamspace/studios/this_studio/Melodica-Integration-into-Fife-Core/Learn_Bluespec_and_RISCV_Design/Code/Build/Fife/verilog/mkQuire.v:3090$865'.
     1/1: $1\vrg_quire_seg_zero_13$D_IN[0:0]$867
Creating decoders for process `\mkQuire.$proc$/teamspace/studios/this_studio/Melodica-Integration-into-Fife-Core/Learn_Bluespec_and_RISCV_Design/Code/Build/Fife/verilog/mkQuire.v:3060$851'.
     1/1: $1\vrg_quire_seg_zero_12$D_IN[0:0]$853
Creating decoders for process `\mkQuire.$proc$/teamspace/studios/this_studio/Melodica-Integration-into-Fife-Core/Learn_Bluespec_and_RISCV_Design/Code/Build/Fife/verilog/mkQuire.v:3030$837'.
     1/1: $1\vrg_quire_seg_zero_11$D_IN[0:0]$839
Creating decoders for process `\mkQuire.$proc$/teamspace/studios/this_studio/Melodica-Integration-into-Fife-Core/Learn_Bluespec_and_RISCV_Design/Code/Build/Fife/verilog/mkQuire.v:3000$823'.
     1/1: $1\vrg_quire_seg_zero_10$D_IN[0:0]$825
Creating decoders for process `\mkQuire.$proc$/teamspace/studios/this_studio/Melodica-Integration-into-Fife-Core/Learn_Bluespec_and_RISCV_Design/Code/Build/Fife/verilog/mkQuire.v:2970$809'.
     1/1: $1\vrg_quire_seg_zero_1$D_IN[0:0]$811
Creating decoders for process `\mkQuire.$proc$/teamspace/studios/this_studio/Melodica-Integration-into-Fife-Core/Learn_Bluespec_and_RISCV_Design/Code/Build/Fife/verilog/mkQuire.v:2940$795'.
     1/1: $1\vrg_quire_seg_zero_0$D_IN[0:0]$797
Creating decoders for process `\mkQuire.$proc$/teamspace/studios/this_studio/Melodica-Integration-into-Fife-Core/Learn_Bluespec_and_RISCV_Design/Code/Build/Fife/verilog/mkQuire.v:2915$785'.
     1/1: $1\vrg_quire_9$D_IN[31:0]$787
Creating decoders for process `\mkQuire.$proc$/teamspace/studios/this_studio/Melodica-Integration-into-Fife-Core/Learn_Bluespec_and_RISCV_Design/Code/Build/Fife/verilog/mkQuire.v:2890$775'.
     1/1: $1\vrg_quire_8$D_IN[31:0]$777
Creating decoders for process `\mkQuire.$proc$/teamspace/studios/this_studio/Melodica-Integration-into-Fife-Core/Learn_Bluespec_and_RISCV_Design/Code/Build/Fife/verilog/mkQuire.v:2865$765'.
     1/1: $1\vrg_quire_7$D_IN[31:0]$767
Creating decoders for process `\mkQuire.$proc$/teamspace/studios/this_studio/Melodica-Integration-into-Fife-Core/Learn_Bluespec_and_RISCV_Design/Code/Build/Fife/verilog/mkQuire.v:2840$755'.
     1/1: $1\vrg_quire_6$D_IN[31:0]$757
Creating decoders for process `\mkQuire.$proc$/teamspace/studios/this_studio/Melodica-Integration-into-Fife-Core/Learn_Bluespec_and_RISCV_Design/Code/Build/Fife/verilog/mkQuire.v:2815$745'.
     1/1: $1\vrg_quire_5$D_IN[31:0]$747
Creating decoders for process `\mkQuire.$proc$/teamspace/studios/this_studio/Melodica-Integration-into-Fife-Core/Learn_Bluespec_and_RISCV_Design/Code/Build/Fife/verilog/mkQuire.v:2790$735'.
     1/1: $1\vrg_quire_4$D_IN[31:0]$737
Creating decoders for process `\mkQuire.$proc$/teamspace/studios/this_studio/Melodica-Integration-into-Fife-Core/Learn_Bluespec_and_RISCV_Design/Code/Build/Fife/verilog/mkQuire.v:2765$725'.
     1/1: $1\vrg_quire_3$D_IN[31:0]$727
Creating decoders for process `\mkQuire.$proc$/teamspace/studios/this_studio/Melodica-Integration-into-Fife-Core/Learn_Bluespec_and_RISCV_Design/Code/Build/Fife/verilog/mkQuire.v:2740$715'.
     1/1: $1\vrg_quire_24$D_IN[31:0]$717
Creating decoders for process `\mkQuire.$proc$/teamspace/studios/this_studio/Melodica-Integration-into-Fife-Core/Learn_Bluespec_and_RISCV_Design/Code/Build/Fife/verilog/mkQuire.v:2715$705'.
     1/1: $1\vrg_quire_23$D_IN[31:0]$707
Creating decoders for process `\mkQuire.$proc$/teamspace/studios/this_studio/Melodica-Integration-into-Fife-Core/Learn_Bluespec_and_RISCV_Design/Code/Build/Fife/verilog/mkQuire.v:2690$695'.
     1/1: $1\vrg_quire_22$D_IN[31:0]$697
Creating decoders for process `\mkQuire.$proc$/teamspace/studios/this_studio/Melodica-Integration-into-Fife-Core/Learn_Bluespec_and_RISCV_Design/Code/Build/Fife/verilog/mkQuire.v:2665$685'.
     1/1: $1\vrg_quire_21$D_IN[31:0]$687
Creating decoders for process `\mkQuire.$proc$/teamspace/studios/this_studio/Melodica-Integration-into-Fife-Core/Learn_Bluespec_and_RISCV_Design/Code/Build/Fife/verilog/mkQuire.v:2640$675'.
     1/1: $1\vrg_quire_20$D_IN[31:0]$677
Creating decoders for process `\mkQuire.$proc$/teamspace/studios/this_studio/Melodica-Integration-into-Fife-Core/Learn_Bluespec_and_RISCV_Design/Code/Build/Fife/verilog/mkQuire.v:2615$665'.
     1/1: $1\vrg_quire_2$D_IN[31:0]$667
Creating decoders for process `\mkQuire.$proc$/teamspace/studios/this_studio/Melodica-Integration-into-Fife-Core/Learn_Bluespec_and_RISCV_Design/Code/Build/Fife/verilog/mkQuire.v:2590$655'.
     1/1: $1\vrg_quire_19$D_IN[31:0]$657
Creating decoders for process `\mkQuire.$proc$/teamspace/studios/this_studio/Melodica-Integration-into-Fife-Core/Learn_Bluespec_and_RISCV_Design/Code/Build/Fife/verilog/mkQuire.v:2565$645'.
     1/1: $1\vrg_quire_18$D_IN[31:0]$647
Creating decoders for process `\mkQuire.$proc$/teamspace/studios/this_studio/Melodica-Integration-into-Fife-Core/Learn_Bluespec_and_RISCV_Design/Code/Build/Fife/verilog/mkQuire.v:2540$635'.
     1/1: $1\vrg_quire_17$D_IN[31:0]$637
Creating decoders for process `\mkQuire.$proc$/teamspace/studios/this_studio/Melodica-Integration-into-Fife-Core/Learn_Bluespec_and_RISCV_Design/Code/Build/Fife/verilog/mkQuire.v:2515$625'.
     1/1: $1\vrg_quire_16$D_IN[31:0]$627
Creating decoders for process `\mkQuire.$proc$/teamspace/studios/this_studio/Melodica-Integration-into-Fife-Core/Learn_Bluespec_and_RISCV_Design/Code/Build/Fife/verilog/mkQuire.v:2490$615'.
     1/1: $1\vrg_quire_15$D_IN[31:0]$617
Creating decoders for process `\mkQuire.$proc$/teamspace/studios/this_studio/Melodica-Integration-into-Fife-Core/Learn_Bluespec_and_RISCV_Design/Code/Build/Fife/verilog/mkQuire.v:2465$605'.
     1/1: $1\vrg_quire_14$D_IN[31:0]$607
Creating decoders for process `\mkQuire.$proc$/teamspace/studios/this_studio/Melodica-Integration-into-Fife-Core/Learn_Bluespec_and_RISCV_Design/Code/Build/Fife/verilog/mkQuire.v:2440$595'.
     1/1: $1\vrg_quire_13$D_IN[31:0]$597
Creating decoders for process `\mkQuire.$proc$/teamspace/studios/this_studio/Melodica-Integration-into-Fife-Core/Learn_Bluespec_and_RISCV_Design/Code/Build/Fife/verilog/mkQuire.v:2415$585'.
     1/1: $1\vrg_quire_12$D_IN[31:0]$587
Creating decoders for process `\mkQuire.$proc$/teamspace/studios/this_studio/Melodica-Integration-into-Fife-Core/Learn_Bluespec_and_RISCV_Design/Code/Build/Fife/verilog/mkQuire.v:2390$575'.
     1/1: $1\vrg_quire_11$D_IN[31:0]$577
Creating decoders for process `\mkQuire.$proc$/teamspace/studios/this_studio/Melodica-Integration-into-Fife-Core/Learn_Bluespec_and_RISCV_Design/Code/Build/Fife/verilog/mkQuire.v:2365$565'.
     1/1: $1\vrg_quire_10$D_IN[31:0]$567
Creating decoders for process `\mkQuire.$proc$/teamspace/studios/this_studio/Melodica-Integration-into-Fife-Core/Learn_Bluespec_and_RISCV_Design/Code/Build/Fife/verilog/mkQuire.v:2340$555'.
     1/1: $1\vrg_quire_1$D_IN[31:0]$557
Creating decoders for process `\mkQuire.$proc$/teamspace/studios/this_studio/Melodica-Integration-into-Fife-Core/Learn_Bluespec_and_RISCV_Design/Code/Build/Fife/verilog/mkQuire.v:2317$545'.
     1/1: $1\vrg_quire_0$D_IN[31:0]$547
Creating decoders for process `$paramod$77feb722284cbb4b2efebea6faec56b4318dabcc\SizedFIFO.$proc$/teamspace/studios/this_studio/Melodica-Integration-into-Fife-Core/bsc/lib/Verilog/SizedFIFO.v:190$1862'.
     1/3: $1$memwr$\arr$/teamspace/studios/this_studio/Melodica-Integration-into-Fife-Core/bsc/lib/Verilog/SizedFIFO.v:206$1847_EN[0:0]$1877
     2/3: $1$memwr$\arr$/teamspace/studios/this_studio/Melodica-Integration-into-Fife-Core/bsc/lib/Verilog/SizedFIFO.v:206$1847_DATA[0:0]$1876
     3/3: $1$memwr$\arr$/teamspace/studios/this_studio/Melodica-Integration-into-Fife-Core/bsc/lib/Verilog/SizedFIFO.v:206$1847_ADDR[1:0]$1875
Creating decoders for process `$paramod$77feb722284cbb4b2efebea6faec56b4318dabcc\SizedFIFO.$proc$/teamspace/studios/this_studio/Melodica-Integration-into-Fife-Core/bsc/lib/Verilog/SizedFIFO.v:167$1859'.
     1/1: $0\D_OUT[0:0]
Creating decoders for process `$paramod$77feb722284cbb4b2efebea6faec56b4318dabcc\SizedFIFO.$proc$/teamspace/studios/this_studio/Melodica-Integration-into-Fife-Core/bsc/lib/Verilog/SizedFIFO.v:107$1854'.
     1/5: $0\hasodata[0:0]
     2/5: $0\tail[1:0]
     3/5: $0\head[1:0]
     4/5: $0\ring_empty[0:0]
     5/5: $0\not_ring_full[0:0]
Creating decoders for process `$paramod$a0c6df3c1489bcd5c1c6c2071c80faf091665997\SizedFIFO.$proc$/teamspace/studios/this_studio/Melodica-Integration-into-Fife-Core/bsc/lib/Verilog/SizedFIFO.v:190$1831'.
     1/3: $1$memwr$\arr$/teamspace/studios/this_studio/Melodica-Integration-into-Fife-Core/bsc/lib/Verilog/SizedFIFO.v:206$1816_EN[31:0]$1846
     2/3: $1$memwr$\arr$/teamspace/studios/this_studio/Melodica-Integration-into-Fife-Core/bsc/lib/Verilog/SizedFIFO.v:206$1816_DATA[31:0]$1845
     3/3: $1$memwr$\arr$/teamspace/studios/this_studio/Melodica-Integration-into-Fife-Core/bsc/lib/Verilog/SizedFIFO.v:206$1816_ADDR[1:0]$1844
Creating decoders for process `$paramod$a0c6df3c1489bcd5c1c6c2071c80faf091665997\SizedFIFO.$proc$/teamspace/studios/this_studio/Melodica-Integration-into-Fife-Core/bsc/lib/Verilog/SizedFIFO.v:167$1828'.
     1/1: $0\D_OUT[31:0]
Creating decoders for process `$paramod$a0c6df3c1489bcd5c1c6c2071c80faf091665997\SizedFIFO.$proc$/teamspace/studios/this_studio/Melodica-Integration-into-Fife-Core/bsc/lib/Verilog/SizedFIFO.v:107$1823'.
     1/5: $0\hasodata[0:0]
     2/5: $0\tail[1:0]
     3/5: $0\head[1:0]
     4/5: $0\ring_empty[0:0]
     5/5: $0\not_ring_full[0:0]
Creating decoders for process `$paramod\FIFO1\width=32'00000000000000000000000000001011\guarded=1'1.$proc$/teamspace/studios/this_studio/Melodica-Integration-into-Fife-Core/bsc/lib/Verilog/FIFO1.v:96$1885'.
     1/1: $0\D_OUT[10:0]
Creating decoders for process `$paramod\FIFO1\width=32'00000000000000000000000000001011\guarded=1'1.$proc$/teamspace/studios/this_studio/Melodica-Integration-into-Fife-Core/bsc/lib/Verilog/FIFO1.v:73$1883'.
     1/1: $0\empty_reg[0:0]
Creating decoders for process `$paramod\FIFO1\width=32'00000000000000000000000000101001\guarded=1'1.$proc$/teamspace/studios/this_studio/Melodica-Integration-into-Fife-Core/bsc/lib/Verilog/FIFO1.v:96$1881'.
     1/1: $0\D_OUT[40:0]
Creating decoders for process `$paramod\FIFO1\width=32'00000000000000000000000000101001\guarded=1'1.$proc$/teamspace/studios/this_studio/Melodica-Integration-into-Fife-Core/bsc/lib/Verilog/FIFO1.v:73$1879'.
     1/1: $0\empty_reg[0:0]

14.2.8. Executing PROC_DLATCH pass (convert process syncs to latches).
No latch inferred for signal `\mkQuire.\vrg_quire_seg_zero_9$D_IN' from process `\mkQuire.$proc$/teamspace/studios/this_studio/Melodica-Integration-into-Fife-Core/Learn_Bluespec_and_RISCV_Design/Code/Build/Fife/verilog/mkQuire.v:3658$1131'.
No latch inferred for signal `\mkQuire.\vrg_quire_seg_zero_8$D_IN' from process `\mkQuire.$proc$/teamspace/studios/this_studio/Melodica-Integration-into-Fife-Core/Learn_Bluespec_and_RISCV_Design/Code/Build/Fife/verilog/mkQuire.v:3628$1117'.
No latch inferred for signal `\mkQuire.\vrg_quire_seg_zero_7$D_IN' from process `\mkQuire.$proc$/teamspace/studios/this_studio/Melodica-Integration-into-Fife-Core/Learn_Bluespec_and_RISCV_Design/Code/Build/Fife/verilog/mkQuire.v:3598$1103'.
No latch inferred for signal `\mkQuire.\vrg_quire_seg_zero_6$D_IN' from process `\mkQuire.$proc$/teamspace/studios/this_studio/Melodica-Integration-into-Fife-Core/Learn_Bluespec_and_RISCV_Design/Code/Build/Fife/verilog/mkQuire.v:3568$1089'.
No latch inferred for signal `\mkQuire.\vrg_quire_seg_zero_5$D_IN' from process `\mkQuire.$proc$/teamspace/studios/this_studio/Melodica-Integration-into-Fife-Core/Learn_Bluespec_and_RISCV_Design/Code/Build/Fife/verilog/mkQuire.v:3538$1075'.
No latch inferred for signal `\mkQuire.\vrg_quire_seg_zero_4$D_IN' from process `\mkQuire.$proc$/teamspace/studios/this_studio/Melodica-Integration-into-Fife-Core/Learn_Bluespec_and_RISCV_Design/Code/Build/Fife/verilog/mkQuire.v:3508$1061'.
No latch inferred for signal `\mkQuire.\vrg_quire_seg_zero_3$D_IN' from process `\mkQuire.$proc$/teamspace/studios/this_studio/Melodica-Integration-into-Fife-Core/Learn_Bluespec_and_RISCV_Design/Code/Build/Fife/verilog/mkQuire.v:3478$1047'.
No latch inferred for signal `\mkQuire.\vrg_quire_seg_zero_24$D_IN' from process `\mkQuire.$proc$/teamspace/studios/this_studio/Melodica-Integration-into-Fife-Core/Learn_Bluespec_and_RISCV_Design/Code/Build/Fife/verilog/mkQuire.v:3450$1033'.
No latch inferred for signal `\mkQuire.\vrg_quire_seg_zero_23$D_IN' from process `\mkQuire.$proc$/teamspace/studios/this_studio/Melodica-Integration-into-Fife-Core/Learn_Bluespec_and_RISCV_Design/Code/Build/Fife/verilog/mkQuire.v:3420$1019'.
No latch inferred for signal `\mkQuire.\vrg_quire_seg_zero_22$D_IN' from process `\mkQuire.$proc$/teamspace/studios/this_studio/Melodica-Integration-into-Fife-Core/Learn_Bluespec_and_RISCV_Design/Code/Build/Fife/verilog/mkQuire.v:3390$1005'.
No latch inferred for signal `\mkQuire.\vrg_quire_seg_zero_21$D_IN' from process `\mkQuire.$proc$/teamspace/studios/this_studio/Melodica-Integration-into-Fife-Core/Learn_Bluespec_and_RISCV_Design/Code/Build/Fife/verilog/mkQuire.v:3360$991'.
No latch inferred for signal `\mkQuire.\vrg_quire_seg_zero_20$D_IN' from process `\mkQuire.$proc$/teamspace/studios/this_studio/Melodica-Integration-into-Fife-Core/Learn_Bluespec_and_RISCV_Design/Code/Build/Fife/verilog/mkQuire.v:3330$977'.
No latch inferred for signal `\mkQuire.\vrg_quire_seg_zero_2$D_IN' from process `\mkQuire.$proc$/teamspace/studios/this_studio/Melodica-Integration-into-Fife-Core/Learn_Bluespec_and_RISCV_Design/Code/Build/Fife/verilog/mkQuire.v:3300$963'.
No latch inferred for signal `\mkQuire.\vrg_quire_seg_zero_19$D_IN' from process `\mkQuire.$proc$/teamspace/studios/this_studio/Melodica-Integration-into-Fife-Core/Learn_Bluespec_and_RISCV_Design/Code/Build/Fife/verilog/mkQuire.v:3270$949'.
No latch inferred for signal `\mkQuire.\vrg_quire_seg_zero_18$D_IN' from process `\mkQuire.$proc$/teamspace/studios/this_studio/Melodica-Integration-into-Fife-Core/Learn_Bluespec_and_RISCV_Design/Code/Build/Fife/verilog/mkQuire.v:3240$935'.
No latch inferred for signal `\mkQuire.\vrg_quire_seg_zero_17$D_IN' from process `\mkQuire.$proc$/teamspace/studios/this_studio/Melodica-Integration-into-Fife-Core/Learn_Bluespec_and_RISCV_Design/Code/Build/Fife/verilog/mkQuire.v:3210$921'.
No latch inferred for signal `\mkQuire.\vrg_quire_seg_zero_16$D_IN' from process `\mkQuire.$proc$/teamspace/studios/this_studio/Melodica-Integration-into-Fife-Core/Learn_Bluespec_and_RISCV_Design/Code/Build/Fife/verilog/mkQuire.v:3180$907'.
No latch inferred for signal `\mkQuire.\vrg_quire_seg_zero_15$D_IN' from process `\mkQuire.$proc$/teamspace/studios/this_studio/Melodica-Integration-into-Fife-Core/Learn_Bluespec_and_RISCV_Design/Code/Build/Fife/verilog/mkQuire.v:3150$893'.
No latch inferred for signal `\mkQuire.\vrg_quire_seg_zero_14$D_IN' from process `\mkQuire.$proc$/teamspace/studios/this_studio/Melodica-Integration-into-Fife-Core/Learn_Bluespec_and_RISCV_Design/Code/Build/Fife/verilog/mkQuire.v:3120$879'.
No latch inferred for signal `\mkQuire.\vrg_quire_seg_zero_13$D_IN' from process `\mkQuire.$proc$/teamspace/studios/this_studio/Melodica-Integration-into-Fife-Core/Learn_Bluespec_and_RISCV_Design/Code/Build/Fife/verilog/mkQuire.v:3090$865'.
No latch inferred for signal `\mkQuire.\vrg_quire_seg_zero_12$D_IN' from process `\mkQuire.$proc$/teamspace/studios/this_studio/Melodica-Integration-into-Fife-Core/Learn_Bluespec_and_RISCV_Design/Code/Build/Fife/verilog/mkQuire.v:3060$851'.
No latch inferred for signal `\mkQuire.\vrg_quire_seg_zero_11$D_IN' from process `\mkQuire.$proc$/teamspace/studios/this_studio/Melodica-Integration-into-Fife-Core/Learn_Bluespec_and_RISCV_Design/Code/Build/Fife/verilog/mkQuire.v:3030$837'.
No latch inferred for signal `\mkQuire.\vrg_quire_seg_zero_10$D_IN' from process `\mkQuire.$proc$/teamspace/studios/this_studio/Melodica-Integration-into-Fife-Core/Learn_Bluespec_and_RISCV_Design/Code/Build/Fife/verilog/mkQuire.v:3000$823'.
No latch inferred for signal `\mkQuire.\vrg_quire_seg_zero_1$D_IN' from process `\mkQuire.$proc$/teamspace/studios/this_studio/Melodica-Integration-into-Fife-Core/Learn_Bluespec_and_RISCV_Design/Code/Build/Fife/verilog/mkQuire.v:2970$809'.
No latch inferred for signal `\mkQuire.\vrg_quire_seg_zero_0$D_IN' from process `\mkQuire.$proc$/teamspace/studios/this_studio/Melodica-Integration-into-Fife-Core/Learn_Bluespec_and_RISCV_Design/Code/Build/Fife/verilog/mkQuire.v:2940$795'.
No latch inferred for signal `\mkQuire.\vrg_quire_9$D_IN' from process `\mkQuire.$proc$/teamspace/studios/this_studio/Melodica-Integration-into-Fife-Core/Learn_Bluespec_and_RISCV_Design/Code/Build/Fife/verilog/mkQuire.v:2915$785'.
No latch inferred for signal `\mkQuire.\vrg_quire_8$D_IN' from process `\mkQuire.$proc$/teamspace/studios/this_studio/Melodica-Integration-into-Fife-Core/Learn_Bluespec_and_RISCV_Design/Code/Build/Fife/verilog/mkQuire.v:2890$775'.
No latch inferred for signal `\mkQuire.\vrg_quire_7$D_IN' from process `\mkQuire.$proc$/teamspace/studios/this_studio/Melodica-Integration-into-Fife-Core/Learn_Bluespec_and_RISCV_Design/Code/Build/Fife/verilog/mkQuire.v:2865$765'.
No latch inferred for signal `\mkQuire.\vrg_quire_6$D_IN' from process `\mkQuire.$proc$/teamspace/studios/this_studio/Melodica-Integration-into-Fife-Core/Learn_Bluespec_and_RISCV_Design/Code/Build/Fife/verilog/mkQuire.v:2840$755'.
No latch inferred for signal `\mkQuire.\vrg_quire_5$D_IN' from process `\mkQuire.$proc$/teamspace/studios/this_studio/Melodica-Integration-into-Fife-Core/Learn_Bluespec_and_RISCV_Design/Code/Build/Fife/verilog/mkQuire.v:2815$745'.
No latch inferred for signal `\mkQuire.\vrg_quire_4$D_IN' from process `\mkQuire.$proc$/teamspace/studios/this_studio/Melodica-Integration-into-Fife-Core/Learn_Bluespec_and_RISCV_Design/Code/Build/Fife/verilog/mkQuire.v:2790$735'.
No latch inferred for signal `\mkQuire.\vrg_quire_3$D_IN' from process `\mkQuire.$proc$/teamspace/studios/this_studio/Melodica-Integration-into-Fife-Core/Learn_Bluespec_and_RISCV_Design/Code/Build/Fife/verilog/mkQuire.v:2765$725'.
No latch inferred for signal `\mkQuire.\vrg_quire_24$D_IN' from process `\mkQuire.$proc$/teamspace/studios/this_studio/Melodica-Integration-into-Fife-Core/Learn_Bluespec_and_RISCV_Design/Code/Build/Fife/verilog/mkQuire.v:2740$715'.
No latch inferred for signal `\mkQuire.\vrg_quire_23$D_IN' from process `\mkQuire.$proc$/teamspace/studios/this_studio/Melodica-Integration-into-Fife-Core/Learn_Bluespec_and_RISCV_Design/Code/Build/Fife/verilog/mkQuire.v:2715$705'.
No latch inferred for signal `\mkQuire.\vrg_quire_22$D_IN' from process `\mkQuire.$proc$/teamspace/studios/this_studio/Melodica-Integration-into-Fife-Core/Learn_Bluespec_and_RISCV_Design/Code/Build/Fife/verilog/mkQuire.v:2690$695'.
No latch inferred for signal `\mkQuire.\vrg_quire_21$D_IN' from process `\mkQuire.$proc$/teamspace/studios/this_studio/Melodica-Integration-into-Fife-Core/Learn_Bluespec_and_RISCV_Design/Code/Build/Fife/verilog/mkQuire.v:2665$685'.
No latch inferred for signal `\mkQuire.\vrg_quire_20$D_IN' from process `\mkQuire.$proc$/teamspace/studios/this_studio/Melodica-Integration-into-Fife-Core/Learn_Bluespec_and_RISCV_Design/Code/Build/Fife/verilog/mkQuire.v:2640$675'.
No latch inferred for signal `\mkQuire.\vrg_quire_2$D_IN' from process `\mkQuire.$proc$/teamspace/studios/this_studio/Melodica-Integration-into-Fife-Core/Learn_Bluespec_and_RISCV_Design/Code/Build/Fife/verilog/mkQuire.v:2615$665'.
No latch inferred for signal `\mkQuire.\vrg_quire_19$D_IN' from process `\mkQuire.$proc$/teamspace/studios/this_studio/Melodica-Integration-into-Fife-Core/Learn_Bluespec_and_RISCV_Design/Code/Build/Fife/verilog/mkQuire.v:2590$655'.
No latch inferred for signal `\mkQuire.\vrg_quire_18$D_IN' from process `\mkQuire.$proc$/teamspace/studios/this_studio/Melodica-Integration-into-Fife-Core/Learn_Bluespec_and_RISCV_Design/Code/Build/Fife/verilog/mkQuire.v:2565$645'.
No latch inferred for signal `\mkQuire.\vrg_quire_17$D_IN' from process `\mkQuire.$proc$/teamspace/studios/this_studio/Melodica-Integration-into-Fife-Core/Learn_Bluespec_and_RISCV_Design/Code/Build/Fife/verilog/mkQuire.v:2540$635'.
No latch inferred for signal `\mkQuire.\vrg_quire_16$D_IN' from process `\mkQuire.$proc$/teamspace/studios/this_studio/Melodica-Integration-into-Fife-Core/Learn_Bluespec_and_RISCV_Design/Code/Build/Fife/verilog/mkQuire.v:2515$625'.
No latch inferred for signal `\mkQuire.\vrg_quire_15$D_IN' from process `\mkQuire.$proc$/teamspace/studios/this_studio/Melodica-Integration-into-Fife-Core/Learn_Bluespec_and_RISCV_Design/Code/Build/Fife/verilog/mkQuire.v:2490$615'.
No latch inferred for signal `\mkQuire.\vrg_quire_14$D_IN' from process `\mkQuire.$proc$/teamspace/studios/this_studio/Melodica-Integration-into-Fife-Core/Learn_Bluespec_and_RISCV_Design/Code/Build/Fife/verilog/mkQuire.v:2465$605'.
No latch inferred for signal `\mkQuire.\vrg_quire_13$D_IN' from process `\mkQuire.$proc$/teamspace/studios/this_studio/Melodica-Integration-into-Fife-Core/Learn_Bluespec_and_RISCV_Design/Code/Build/Fife/verilog/mkQuire.v:2440$595'.
No latch inferred for signal `\mkQuire.\vrg_quire_12$D_IN' from process `\mkQuire.$proc$/teamspace/studios/this_studio/Melodica-Integration-into-Fife-Core/Learn_Bluespec_and_RISCV_Design/Code/Build/Fife/verilog/mkQuire.v:2415$585'.
No latch inferred for signal `\mkQuire.\vrg_quire_11$D_IN' from process `\mkQuire.$proc$/teamspace/studios/this_studio/Melodica-Integration-into-Fife-Core/Learn_Bluespec_and_RISCV_Design/Code/Build/Fife/verilog/mkQuire.v:2390$575'.
No latch inferred for signal `\mkQuire.\vrg_quire_10$D_IN' from process `\mkQuire.$proc$/teamspace/studios/this_studio/Melodica-Integration-into-Fife-Core/Learn_Bluespec_and_RISCV_Design/Code/Build/Fife/verilog/mkQuire.v:2365$565'.
No latch inferred for signal `\mkQuire.\vrg_quire_1$D_IN' from process `\mkQuire.$proc$/teamspace/studios/this_studio/Melodica-Integration-into-Fife-Core/Learn_Bluespec_and_RISCV_Design/Code/Build/Fife/verilog/mkQuire.v:2340$555'.
No latch inferred for signal `\mkQuire.\vrg_quire_0$D_IN' from process `\mkQuire.$proc$/teamspace/studios/this_studio/Melodica-Integration-into-Fife-Core/Learn_Bluespec_and_RISCV_Design/Code/Build/Fife/verilog/mkQuire.v:2317$545'.

14.2.9. Executing PROC_DFF pass (convert process syncs to FFs).
Creating register for signal `\mkQuire.\rg_read_busy' using process `\mkQuire.$proc$/teamspace/studios/this_studio/Melodica-Integration-into-Fife-Core/Learn_Bluespec_and_RISCV_Design/Code/Build/Fife/verilog/mkQuire.v:4879$1498'.
  created $dff cell `$procdff$2652' with positive edge clock.
Creating register for signal `\mkQuire.\rg_seg_zero_upd' using process `\mkQuire.$proc$/teamspace/studios/this_studio/Melodica-Integration-into-Fife-Core/Learn_Bluespec_and_RISCV_Design/Code/Build/Fife/verilog/mkQuire.v:4879$1498'.
  created $dff cell `$procdff$2653' with positive edge clock.
Creating register for signal `\mkQuire.\seg_adder_rg_inFlight' using process `\mkQuire.$proc$/teamspace/studios/this_studio/Melodica-Integration-into-Fife-Core/Learn_Bluespec_and_RISCV_Design/Code/Build/Fife/verilog/mkQuire.v:4879$1498'.
  created $dff cell `$procdff$2654' with positive edge clock.
Creating register for signal `\mkQuire.\vrg_quire_0' using process `\mkQuire.$proc$/teamspace/studios/this_studio/Melodica-Integration-into-Fife-Core/Learn_Bluespec_and_RISCV_Design/Code/Build/Fife/verilog/mkQuire.v:4879$1498'.
  created $dff cell `$procdff$2655' with positive edge clock.
Creating register for signal `\mkQuire.\vrg_quire_1' using process `\mkQuire.$proc$/teamspace/studios/this_studio/Melodica-Integration-into-Fife-Core/Learn_Bluespec_and_RISCV_Design/Code/Build/Fife/verilog/mkQuire.v:4879$1498'.
  created $dff cell `$procdff$2656' with positive edge clock.
Creating register for signal `\mkQuire.\vrg_quire_10' using process `\mkQuire.$proc$/teamspace/studios/this_studio/Melodica-Integration-into-Fife-Core/Learn_Bluespec_and_RISCV_Design/Code/Build/Fife/verilog/mkQuire.v:4879$1498'.
  created $dff cell `$procdff$2657' with positive edge clock.
Creating register for signal `\mkQuire.\vrg_quire_11' using process `\mkQuire.$proc$/teamspace/studios/this_studio/Melodica-Integration-into-Fife-Core/Learn_Bluespec_and_RISCV_Design/Code/Build/Fife/verilog/mkQuire.v:4879$1498'.
  created $dff cell `$procdff$2658' with positive edge clock.
Creating register for signal `\mkQuire.\vrg_quire_12' using process `\mkQuire.$proc$/teamspace/studios/this_studio/Melodica-Integration-into-Fife-Core/Learn_Bluespec_and_RISCV_Design/Code/Build/Fife/verilog/mkQuire.v:4879$1498'.
  created $dff cell `$procdff$2659' with positive edge clock.
Creating register for signal `\mkQuire.\vrg_quire_13' using process `\mkQuire.$proc$/teamspace/studios/this_studio/Melodica-Integration-into-Fife-Core/Learn_Bluespec_and_RISCV_Design/Code/Build/Fife/verilog/mkQuire.v:4879$1498'.
  created $dff cell `$procdff$2660' with positive edge clock.
Creating register for signal `\mkQuire.\vrg_quire_14' using process `\mkQuire.$proc$/teamspace/studios/this_studio/Melodica-Integration-into-Fife-Core/Learn_Bluespec_and_RISCV_Design/Code/Build/Fife/verilog/mkQuire.v:4879$1498'.
  created $dff cell `$procdff$2661' with positive edge clock.
Creating register for signal `\mkQuire.\vrg_quire_15' using process `\mkQuire.$proc$/teamspace/studios/this_studio/Melodica-Integration-into-Fife-Core/Learn_Bluespec_and_RISCV_Design/Code/Build/Fife/verilog/mkQuire.v:4879$1498'.
  created $dff cell `$procdff$2662' with positive edge clock.
Creating register for signal `\mkQuire.\vrg_quire_16' using process `\mkQuire.$proc$/teamspace/studios/this_studio/Melodica-Integration-into-Fife-Core/Learn_Bluespec_and_RISCV_Design/Code/Build/Fife/verilog/mkQuire.v:4879$1498'.
  created $dff cell `$procdff$2663' with positive edge clock.
Creating register for signal `\mkQuire.\vrg_quire_17' using process `\mkQuire.$proc$/teamspace/studios/this_studio/Melodica-Integration-into-Fife-Core/Learn_Bluespec_and_RISCV_Design/Code/Build/Fife/verilog/mkQuire.v:4879$1498'.
  created $dff cell `$procdff$2664' with positive edge clock.
Creating register for signal `\mkQuire.\vrg_quire_18' using process `\mkQuire.$proc$/teamspace/studios/this_studio/Melodica-Integration-into-Fife-Core/Learn_Bluespec_and_RISCV_Design/Code/Build/Fife/verilog/mkQuire.v:4879$1498'.
  created $dff cell `$procdff$2665' with positive edge clock.
Creating register for signal `\mkQuire.\vrg_quire_19' using process `\mkQuire.$proc$/teamspace/studios/this_studio/Melodica-Integration-into-Fife-Core/Learn_Bluespec_and_RISCV_Design/Code/Build/Fife/verilog/mkQuire.v:4879$1498'.
  created $dff cell `$procdff$2666' with positive edge clock.
Creating register for signal `\mkQuire.\vrg_quire_2' using process `\mkQuire.$proc$/teamspace/studios/this_studio/Melodica-Integration-into-Fife-Core/Learn_Bluespec_and_RISCV_Design/Code/Build/Fife/verilog/mkQuire.v:4879$1498'.
  created $dff cell `$procdff$2667' with positive edge clock.
Creating register for signal `\mkQuire.\vrg_quire_20' using process `\mkQuire.$proc$/teamspace/studios/this_studio/Melodica-Integration-into-Fife-Core/Learn_Bluespec_and_RISCV_Design/Code/Build/Fife/verilog/mkQuire.v:4879$1498'.
  created $dff cell `$procdff$2668' with positive edge clock.
Creating register for signal `\mkQuire.\vrg_quire_21' using process `\mkQuire.$proc$/teamspace/studios/this_studio/Melodica-Integration-into-Fife-Core/Learn_Bluespec_and_RISCV_Design/Code/Build/Fife/verilog/mkQuire.v:4879$1498'.
  created $dff cell `$procdff$2669' with positive edge clock.
Creating register for signal `\mkQuire.\vrg_quire_22' using process `\mkQuire.$proc$/teamspace/studios/this_studio/Melodica-Integration-into-Fife-Core/Learn_Bluespec_and_RISCV_Design/Code/Build/Fife/verilog/mkQuire.v:4879$1498'.
  created $dff cell `$procdff$2670' with positive edge clock.
Creating register for signal `\mkQuire.\vrg_quire_23' using process `\mkQuire.$proc$/teamspace/studios/this_studio/Melodica-Integration-into-Fife-Core/Learn_Bluespec_and_RISCV_Design/Code/Build/Fife/verilog/mkQuire.v:4879$1498'.
  created $dff cell `$procdff$2671' with positive edge clock.
Creating register for signal `\mkQuire.\vrg_quire_24' using process `\mkQuire.$proc$/teamspace/studios/this_studio/Melodica-Integration-into-Fife-Core/Learn_Bluespec_and_RISCV_Design/Code/Build/Fife/verilog/mkQuire.v:4879$1498'.
  created $dff cell `$procdff$2672' with positive edge clock.
Creating register for signal `\mkQuire.\vrg_quire_3' using process `\mkQuire.$proc$/teamspace/studios/this_studio/Melodica-Integration-into-Fife-Core/Learn_Bluespec_and_RISCV_Design/Code/Build/Fife/verilog/mkQuire.v:4879$1498'.
  created $dff cell `$procdff$2673' with positive edge clock.
Creating register for signal `\mkQuire.\vrg_quire_4' using process `\mkQuire.$proc$/teamspace/studios/this_studio/Melodica-Integration-into-Fife-Core/Learn_Bluespec_and_RISCV_Design/Code/Build/Fife/verilog/mkQuire.v:4879$1498'.
  created $dff cell `$procdff$2674' with positive edge clock.
Creating register for signal `\mkQuire.\vrg_quire_5' using process `\mkQuire.$proc$/teamspace/studios/this_studio/Melodica-Integration-into-Fife-Core/Learn_Bluespec_and_RISCV_Design/Code/Build/Fife/verilog/mkQuire.v:4879$1498'.
  created $dff cell `$procdff$2675' with positive edge clock.
Creating register for signal `\mkQuire.\vrg_quire_6' using process `\mkQuire.$proc$/teamspace/studios/this_studio/Melodica-Integration-into-Fife-Core/Learn_Bluespec_and_RISCV_Design/Code/Build/Fife/verilog/mkQuire.v:4879$1498'.
  created $dff cell `$procdff$2676' with positive edge clock.
Creating register for signal `\mkQuire.\vrg_quire_7' using process `\mkQuire.$proc$/teamspace/studios/this_studio/Melodica-Integration-into-Fife-Core/Learn_Bluespec_and_RISCV_Design/Code/Build/Fife/verilog/mkQuire.v:4879$1498'.
  created $dff cell `$procdff$2677' with positive edge clock.
Creating register for signal `\mkQuire.\vrg_quire_8' using process `\mkQuire.$proc$/teamspace/studios/this_studio/Melodica-Integration-into-Fife-Core/Learn_Bluespec_and_RISCV_Design/Code/Build/Fife/verilog/mkQuire.v:4879$1498'.
  created $dff cell `$procdff$2678' with positive edge clock.
Creating register for signal `\mkQuire.\vrg_quire_9' using process `\mkQuire.$proc$/teamspace/studios/this_studio/Melodica-Integration-into-Fife-Core/Learn_Bluespec_and_RISCV_Design/Code/Build/Fife/verilog/mkQuire.v:4879$1498'.
  created $dff cell `$procdff$2679' with positive edge clock.
Creating register for signal `\mkQuire.\vrg_quire_seg_zero_0' using process `\mkQuire.$proc$/teamspace/studios/this_studio/Melodica-Integration-into-Fife-Core/Learn_Bluespec_and_RISCV_Design/Code/Build/Fife/verilog/mkQuire.v:4879$1498'.
  created $dff cell `$procdff$2680' with positive edge clock.
Creating register for signal `\mkQuire.\vrg_quire_seg_zero_1' using process `\mkQuire.$proc$/teamspace/studios/this_studio/Melodica-Integration-into-Fife-Core/Learn_Bluespec_and_RISCV_Design/Code/Build/Fife/verilog/mkQuire.v:4879$1498'.
  created $dff cell `$procdff$2681' with positive edge clock.
Creating register for signal `\mkQuire.\vrg_quire_seg_zero_10' using process `\mkQuire.$proc$/teamspace/studios/this_studio/Melodica-Integration-into-Fife-Core/Learn_Bluespec_and_RISCV_Design/Code/Build/Fife/verilog/mkQuire.v:4879$1498'.
  created $dff cell `$procdff$2682' with positive edge clock.
Creating register for signal `\mkQuire.\vrg_quire_seg_zero_11' using process `\mkQuire.$proc$/teamspace/studios/this_studio/Melodica-Integration-into-Fife-Core/Learn_Bluespec_and_RISCV_Design/Code/Build/Fife/verilog/mkQuire.v:4879$1498'.
  created $dff cell `$procdff$2683' with positive edge clock.
Creating register for signal `\mkQuire.\vrg_quire_seg_zero_12' using process `\mkQuire.$proc$/teamspace/studios/this_studio/Melodica-Integration-into-Fife-Core/Learn_Bluespec_and_RISCV_Design/Code/Build/Fife/verilog/mkQuire.v:4879$1498'.
  created $dff cell `$procdff$2684' with positive edge clock.
Creating register for signal `\mkQuire.\vrg_quire_seg_zero_13' using process `\mkQuire.$proc$/teamspace/studios/this_studio/Melodica-Integration-into-Fife-Core/Learn_Bluespec_and_RISCV_Design/Code/Build/Fife/verilog/mkQuire.v:4879$1498'.
  created $dff cell `$procdff$2685' with positive edge clock.
Creating register for signal `\mkQuire.\vrg_quire_seg_zero_14' using process `\mkQuire.$proc$/teamspace/studios/this_studio/Melodica-Integration-into-Fife-Core/Learn_Bluespec_and_RISCV_Design/Code/Build/Fife/verilog/mkQuire.v:4879$1498'.
  created $dff cell `$procdff$2686' with positive edge clock.
Creating register for signal `\mkQuire.\vrg_quire_seg_zero_15' using process `\mkQuire.$proc$/teamspace/studios/this_studio/Melodica-Integration-into-Fife-Core/Learn_Bluespec_and_RISCV_Design/Code/Build/Fife/verilog/mkQuire.v:4879$1498'.
  created $dff cell `$procdff$2687' with positive edge clock.
Creating register for signal `\mkQuire.\vrg_quire_seg_zero_16' using process `\mkQuire.$proc$/teamspace/studios/this_studio/Melodica-Integration-into-Fife-Core/Learn_Bluespec_and_RISCV_Design/Code/Build/Fife/verilog/mkQuire.v:4879$1498'.
  created $dff cell `$procdff$2688' with positive edge clock.
Creating register for signal `\mkQuire.\vrg_quire_seg_zero_17' using process `\mkQuire.$proc$/teamspace/studios/this_studio/Melodica-Integration-into-Fife-Core/Learn_Bluespec_and_RISCV_Design/Code/Build/Fife/verilog/mkQuire.v:4879$1498'.
  created $dff cell `$procdff$2689' with positive edge clock.
Creating register for signal `\mkQuire.\vrg_quire_seg_zero_18' using process `\mkQuire.$proc$/teamspace/studios/this_studio/Melodica-Integration-into-Fife-Core/Learn_Bluespec_and_RISCV_Design/Code/Build/Fife/verilog/mkQuire.v:4879$1498'.
  created $dff cell `$procdff$2690' with positive edge clock.
Creating register for signal `\mkQuire.\vrg_quire_seg_zero_19' using process `\mkQuire.$proc$/teamspace/studios/this_studio/Melodica-Integration-into-Fife-Core/Learn_Bluespec_and_RISCV_Design/Code/Build/Fife/verilog/mkQuire.v:4879$1498'.
  created $dff cell `$procdff$2691' with positive edge clock.
Creating register for signal `\mkQuire.\vrg_quire_seg_zero_2' using process `\mkQuire.$proc$/teamspace/studios/this_studio/Melodica-Integration-into-Fife-Core/Learn_Bluespec_and_RISCV_Design/Code/Build/Fife/verilog/mkQuire.v:4879$1498'.
  created $dff cell `$procdff$2692' with positive edge clock.
Creating register for signal `\mkQuire.\vrg_quire_seg_zero_20' using process `\mkQuire.$proc$/teamspace/studios/this_studio/Melodica-Integration-into-Fife-Core/Learn_Bluespec_and_RISCV_Design/Code/Build/Fife/verilog/mkQuire.v:4879$1498'.
  created $dff cell `$procdff$2693' with positive edge clock.
Creating register for signal `\mkQuire.\vrg_quire_seg_zero_21' using process `\mkQuire.$proc$/teamspace/studios/this_studio/Melodica-Integration-into-Fife-Core/Learn_Bluespec_and_RISCV_Design/Code/Build/Fife/verilog/mkQuire.v:4879$1498'.
  created $dff cell `$procdff$2694' with positive edge clock.
Creating register for signal `\mkQuire.\vrg_quire_seg_zero_22' using process `\mkQuire.$proc$/teamspace/studios/this_studio/Melodica-Integration-into-Fife-Core/Learn_Bluespec_and_RISCV_Design/Code/Build/Fife/verilog/mkQuire.v:4879$1498'.
  created $dff cell `$procdff$2695' with positive edge clock.
Creating register for signal `\mkQuire.\vrg_quire_seg_zero_23' using process `\mkQuire.$proc$/teamspace/studios/this_studio/Melodica-Integration-into-Fife-Core/Learn_Bluespec_and_RISCV_Design/Code/Build/Fife/verilog/mkQuire.v:4879$1498'.
  created $dff cell `$procdff$2696' with positive edge clock.
Creating register for signal `\mkQuire.\vrg_quire_seg_zero_24' using process `\mkQuire.$proc$/teamspace/studios/this_studio/Melodica-Integration-into-Fife-Core/Learn_Bluespec_and_RISCV_Design/Code/Build/Fife/verilog/mkQuire.v:4879$1498'.
  created $dff cell `$procdff$2697' with positive edge clock.
Creating register for signal `\mkQuire.\vrg_quire_seg_zero_3' using process `\mkQuire.$proc$/teamspace/studios/this_studio/Melodica-Integration-into-Fife-Core/Learn_Bluespec_and_RISCV_Design/Code/Build/Fife/verilog/mkQuire.v:4879$1498'.
  created $dff cell `$procdff$2698' with positive edge clock.
Creating register for signal `\mkQuire.\vrg_quire_seg_zero_4' using process `\mkQuire.$proc$/teamspace/studios/this_studio/Melodica-Integration-into-Fife-Core/Learn_Bluespec_and_RISCV_Design/Code/Build/Fife/verilog/mkQuire.v:4879$1498'.
  created $dff cell `$procdff$2699' with positive edge clock.
Creating register for signal `\mkQuire.\vrg_quire_seg_zero_5' using process `\mkQuire.$proc$/teamspace/studios/this_studio/Melodica-Integration-into-Fife-Core/Learn_Bluespec_and_RISCV_Design/Code/Build/Fife/verilog/mkQuire.v:4879$1498'.
  created $dff cell `$procdff$2700' with positive edge clock.
Creating register for signal `\mkQuire.\vrg_quire_seg_zero_6' using process `\mkQuire.$proc$/teamspace/studios/this_studio/Melodica-Integration-into-Fife-Core/Learn_Bluespec_and_RISCV_Design/Code/Build/Fife/verilog/mkQuire.v:4879$1498'.
  created $dff cell `$procdff$2701' with positive edge clock.
Creating register for signal `\mkQuire.\vrg_quire_seg_zero_7' using process `\mkQuire.$proc$/teamspace/studios/this_studio/Melodica-Integration-into-Fife-Core/Learn_Bluespec_and_RISCV_Design/Code/Build/Fife/verilog/mkQuire.v:4879$1498'.
  created $dff cell `$procdff$2702' with positive edge clock.
Creating register for signal `\mkQuire.\vrg_quire_seg_zero_8' using process `\mkQuire.$proc$/teamspace/studios/this_studio/Melodica-Integration-into-Fife-Core/Learn_Bluespec_and_RISCV_Design/Code/Build/Fife/verilog/mkQuire.v:4879$1498'.
  created $dff cell `$procdff$2703' with positive edge clock.
Creating register for signal `\mkQuire.\vrg_quire_seg_zero_9' using process `\mkQuire.$proc$/teamspace/studios/this_studio/Melodica-Integration-into-Fife-Core/Learn_Bluespec_and_RISCV_Design/Code/Build/Fife/verilog/mkQuire.v:4879$1498'.
  created $dff cell `$procdff$2704' with positive edge clock.
Creating register for signal `\mkQuire.\zero_counter_rg_firstNonZeroSeg' using process `\mkQuire.$proc$/teamspace/studios/this_studio/Melodica-Integration-into-Fife-Core/Learn_Bluespec_and_RISCV_Design/Code/Build/Fife/verilog/mkQuire.v:4879$1498'.
  created $dff cell `$procdff$2705' with positive edge clock.
Creating register for signal `\mkQuire.\zero_counter_rg_numZeroSegs' using process `\mkQuire.$proc$/teamspace/studios/this_studio/Melodica-Integration-into-Fife-Core/Learn_Bluespec_and_RISCV_Design/Code/Build/Fife/verilog/mkQuire.v:4879$1498'.
  created $dff cell `$procdff$2706' with positive edge clock.
Creating register for signal `\mkQuire.\zero_counter_rg_seg_counter_busy' using process `\mkQuire.$proc$/teamspace/studios/this_studio/Melodica-Integration-into-Fife-Core/Learn_Bluespec_and_RISCV_Design/Code/Build/Fife/verilog/mkQuire.v:4879$1498'.
  created $dff cell `$procdff$2707' with positive edge clock.
Creating register for signal `$paramod$77feb722284cbb4b2efebea6faec56b4318dabcc\SizedFIFO.$memwr$\arr$/teamspace/studios/this_studio/Melodica-Integration-into-Fife-Core/bsc/lib/Verilog/SizedFIFO.v:206$1847_ADDR' using process `$paramod$77feb722284cbb4b2efebea6faec56b4318dabcc\SizedFIFO.$proc$/teamspace/studios/this_studio/Melodica-Integration-into-Fife-Core/bsc/lib/Verilog/SizedFIFO.v:190$1862'.
  created $dff cell `$procdff$2708' with positive edge clock.
Creating register for signal `$paramod$77feb722284cbb4b2efebea6faec56b4318dabcc\SizedFIFO.$memwr$\arr$/teamspace/studios/this_studio/Melodica-Integration-into-Fife-Core/bsc/lib/Verilog/SizedFIFO.v:206$1847_DATA' using process `$paramod$77feb722284cbb4b2efebea6faec56b4318dabcc\SizedFIFO.$proc$/teamspace/studios/this_studio/Melodica-Integration-into-Fife-Core/bsc/lib/Verilog/SizedFIFO.v:190$1862'.
  created $dff cell `$procdff$2709' with positive edge clock.
Creating register for signal `$paramod$77feb722284cbb4b2efebea6faec56b4318dabcc\SizedFIFO.$memwr$\arr$/teamspace/studios/this_studio/Melodica-Integration-into-Fife-Core/bsc/lib/Verilog/SizedFIFO.v:206$1847_EN' using process `$paramod$77feb722284cbb4b2efebea6faec56b4318dabcc\SizedFIFO.$proc$/teamspace/studios/this_studio/Melodica-Integration-into-Fife-Core/bsc/lib/Verilog/SizedFIFO.v:190$1862'.
  created $dff cell `$procdff$2710' with positive edge clock.
Creating register for signal `$paramod$77feb722284cbb4b2efebea6faec56b4318dabcc\SizedFIFO.\D_OUT' using process `$paramod$77feb722284cbb4b2efebea6faec56b4318dabcc\SizedFIFO.$proc$/teamspace/studios/this_studio/Melodica-Integration-into-Fife-Core/bsc/lib/Verilog/SizedFIFO.v:167$1859'.
  created $dff cell `$procdff$2711' with positive edge clock.
Creating register for signal `$paramod$77feb722284cbb4b2efebea6faec56b4318dabcc\SizedFIFO.\not_ring_full' using process `$paramod$77feb722284cbb4b2efebea6faec56b4318dabcc\SizedFIFO.$proc$/teamspace/studios/this_studio/Melodica-Integration-into-Fife-Core/bsc/lib/Verilog/SizedFIFO.v:107$1854'.
  created $dff cell `$procdff$2712' with positive edge clock.
Creating register for signal `$paramod$77feb722284cbb4b2efebea6faec56b4318dabcc\SizedFIFO.\ring_empty' using process `$paramod$77feb722284cbb4b2efebea6faec56b4318dabcc\SizedFIFO.$proc$/teamspace/studios/this_studio/Melodica-Integration-into-Fife-Core/bsc/lib/Verilog/SizedFIFO.v:107$1854'.
  created $dff cell `$procdff$2713' with positive edge clock.
Creating register for signal `$paramod$77feb722284cbb4b2efebea6faec56b4318dabcc\SizedFIFO.\head' using process `$paramod$77feb722284cbb4b2efebea6faec56b4318dabcc\SizedFIFO.$proc$/teamspace/studios/this_studio/Melodica-Integration-into-Fife-Core/bsc/lib/Verilog/SizedFIFO.v:107$1854'.
  created $dff cell `$procdff$2714' with positive edge clock.
Creating register for signal `$paramod$77feb722284cbb4b2efebea6faec56b4318dabcc\SizedFIFO.\tail' using process `$paramod$77feb722284cbb4b2efebea6faec56b4318dabcc\SizedFIFO.$proc$/teamspace/studios/this_studio/Melodica-Integration-into-Fife-Core/bsc/lib/Verilog/SizedFIFO.v:107$1854'.
  created $dff cell `$procdff$2715' with positive edge clock.
Creating register for signal `$paramod$77feb722284cbb4b2efebea6faec56b4318dabcc\SizedFIFO.\hasodata' using process `$paramod$77feb722284cbb4b2efebea6faec56b4318dabcc\SizedFIFO.$proc$/teamspace/studios/this_studio/Melodica-Integration-into-Fife-Core/bsc/lib/Verilog/SizedFIFO.v:107$1854'.
  created $dff cell `$procdff$2716' with positive edge clock.
Creating register for signal `$paramod$a0c6df3c1489bcd5c1c6c2071c80faf091665997\SizedFIFO.$memwr$\arr$/teamspace/studios/this_studio/Melodica-Integration-into-Fife-Core/bsc/lib/Verilog/SizedFIFO.v:206$1816_ADDR' using process `$paramod$a0c6df3c1489bcd5c1c6c2071c80faf091665997\SizedFIFO.$proc$/teamspace/studios/this_studio/Melodica-Integration-into-Fife-Core/bsc/lib/Verilog/SizedFIFO.v:190$1831'.
  created $dff cell `$procdff$2717' with positive edge clock.
Creating register for signal `$paramod$a0c6df3c1489bcd5c1c6c2071c80faf091665997\SizedFIFO.$memwr$\arr$/teamspace/studios/this_studio/Melodica-Integration-into-Fife-Core/bsc/lib/Verilog/SizedFIFO.v:206$1816_DATA' using process `$paramod$a0c6df3c1489bcd5c1c6c2071c80faf091665997\SizedFIFO.$proc$/teamspace/studios/this_studio/Melodica-Integration-into-Fife-Core/bsc/lib/Verilog/SizedFIFO.v:190$1831'.
  created $dff cell `$procdff$2718' with positive edge clock.
Creating register for signal `$paramod$a0c6df3c1489bcd5c1c6c2071c80faf091665997\SizedFIFO.$memwr$\arr$/teamspace/studios/this_studio/Melodica-Integration-into-Fife-Core/bsc/lib/Verilog/SizedFIFO.v:206$1816_EN' using process `$paramod$a0c6df3c1489bcd5c1c6c2071c80faf091665997\SizedFIFO.$proc$/teamspace/studios/this_studio/Melodica-Integration-into-Fife-Core/bsc/lib/Verilog/SizedFIFO.v:190$1831'.
  created $dff cell `$procdff$2719' with positive edge clock.
Creating register for signal `$paramod$a0c6df3c1489bcd5c1c6c2071c80faf091665997\SizedFIFO.\D_OUT' using process `$paramod$a0c6df3c1489bcd5c1c6c2071c80faf091665997\SizedFIFO.$proc$/teamspace/studios/this_studio/Melodica-Integration-into-Fife-Core/bsc/lib/Verilog/SizedFIFO.v:167$1828'.
  created $dff cell `$procdff$2720' with positive edge clock.
Creating register for signal `$paramod$a0c6df3c1489bcd5c1c6c2071c80faf091665997\SizedFIFO.\not_ring_full' using process `$paramod$a0c6df3c1489bcd5c1c6c2071c80faf091665997\SizedFIFO.$proc$/teamspace/studios/this_studio/Melodica-Integration-into-Fife-Core/bsc/lib/Verilog/SizedFIFO.v:107$1823'.
  created $dff cell `$procdff$2721' with positive edge clock.
Creating register for signal `$paramod$a0c6df3c1489bcd5c1c6c2071c80faf091665997\SizedFIFO.\ring_empty' using process `$paramod$a0c6df3c1489bcd5c1c6c2071c80faf091665997\SizedFIFO.$proc$/teamspace/studios/this_studio/Melodica-Integration-into-Fife-Core/bsc/lib/Verilog/SizedFIFO.v:107$1823'.
  created $dff cell `$procdff$2722' with positive edge clock.
Creating register for signal `$paramod$a0c6df3c1489bcd5c1c6c2071c80faf091665997\SizedFIFO.\head' using process `$paramod$a0c6df3c1489bcd5c1c6c2071c80faf091665997\SizedFIFO.$proc$/teamspace/studios/this_studio/Melodica-Integration-into-Fife-Core/bsc/lib/Verilog/SizedFIFO.v:107$1823'.
  created $dff cell `$procdff$2723' with positive edge clock.
Creating register for signal `$paramod$a0c6df3c1489bcd5c1c6c2071c80faf091665997\SizedFIFO.\tail' using process `$paramod$a0c6df3c1489bcd5c1c6c2071c80faf091665997\SizedFIFO.$proc$/teamspace/studios/this_studio/Melodica-Integration-into-Fife-Core/bsc/lib/Verilog/SizedFIFO.v:107$1823'.
  created $dff cell `$procdff$2724' with positive edge clock.
Creating register for signal `$paramod$a0c6df3c1489bcd5c1c6c2071c80faf091665997\SizedFIFO.\hasodata' using process `$paramod$a0c6df3c1489bcd5c1c6c2071c80faf091665997\SizedFIFO.$proc$/teamspace/studios/this_studio/Melodica-Integration-into-Fife-Core/bsc/lib/Verilog/SizedFIFO.v:107$1823'.
  created $dff cell `$procdff$2725' with positive edge clock.
Creating register for signal `$paramod\FIFO1\width=32'00000000000000000000000000001011\guarded=1'1.\D_OUT' using process `$paramod\FIFO1\width=32'00000000000000000000000000001011\guarded=1'1.$proc$/teamspace/studios/this_studio/Melodica-Integration-into-Fife-Core/bsc/lib/Verilog/FIFO1.v:96$1885'.
  created $dff cell `$procdff$2726' with positive edge clock.
Creating register for signal `$paramod\FIFO1\width=32'00000000000000000000000000001011\guarded=1'1.\empty_reg' using process `$paramod\FIFO1\width=32'00000000000000000000000000001011\guarded=1'1.$proc$/teamspace/studios/this_studio/Melodica-Integration-into-Fife-Core/bsc/lib/Verilog/FIFO1.v:73$1883'.
  created $dff cell `$procdff$2727' with positive edge clock.
Creating register for signal `$paramod\FIFO1\width=32'00000000000000000000000000101001\guarded=1'1.\D_OUT' using process `$paramod\FIFO1\width=32'00000000000000000000000000101001\guarded=1'1.$proc$/teamspace/studios/this_studio/Melodica-Integration-into-Fife-Core/bsc/lib/Verilog/FIFO1.v:96$1881'.
  created $dff cell `$procdff$2728' with positive edge clock.
Creating register for signal `$paramod\FIFO1\width=32'00000000000000000000000000101001\guarded=1'1.\empty_reg' using process `$paramod\FIFO1\width=32'00000000000000000000000000101001\guarded=1'1.$proc$/teamspace/studios/this_studio/Melodica-Integration-into-Fife-Core/bsc/lib/Verilog/FIFO1.v:73$1879'.
  created $dff cell `$procdff$2729' with positive edge clock.

14.2.10. Executing PROC_MEMWR pass (convert process memory writes to cells).

14.2.11. Executing PROC_CLEAN pass (remove empty switches from decision trees).
Found and cleaned up 57 empty switches in `\mkQuire.$proc$/teamspace/studios/this_studio/Melodica-Integration-into-Fife-Core/Learn_Bluespec_and_RISCV_Design/Code/Build/Fife/verilog/mkQuire.v:4879$1498'.
Removing empty process `mkQuire.$proc$/teamspace/studios/this_studio/Melodica-Integration-into-Fife-Core/Learn_Bluespec_and_RISCV_Design/Code/Build/Fife/verilog/mkQuire.v:4879$1498'.
Found and cleaned up 1 empty switch in `\mkQuire.$proc$/teamspace/studios/this_studio/Melodica-Integration-into-Fife-Core/Learn_Bluespec_and_RISCV_Design/Code/Build/Fife/verilog/mkQuire.v:3658$1131'.
Removing empty process `mkQuire.$proc$/teamspace/studios/this_studio/Melodica-Integration-into-Fife-Core/Learn_Bluespec_and_RISCV_Design/Code/Build/Fife/verilog/mkQuire.v:3658$1131'.
Found and cleaned up 1 empty switch in `\mkQuire.$proc$/teamspace/studios/this_studio/Melodica-Integration-into-Fife-Core/Learn_Bluespec_and_RISCV_Design/Code/Build/Fife/verilog/mkQuire.v:3628$1117'.
Removing empty process `mkQuire.$proc$/teamspace/studios/this_studio/Melodica-Integration-into-Fife-Core/Learn_Bluespec_and_RISCV_Design/Code/Build/Fife/verilog/mkQuire.v:3628$1117'.
Found and cleaned up 1 empty switch in `\mkQuire.$proc$/teamspace/studios/this_studio/Melodica-Integration-into-Fife-Core/Learn_Bluespec_and_RISCV_Design/Code/Build/Fife/verilog/mkQuire.v:3598$1103'.
Removing empty process `mkQuire.$proc$/teamspace/studios/this_studio/Melodica-Integration-into-Fife-Core/Learn_Bluespec_and_RISCV_Design/Code/Build/Fife/verilog/mkQuire.v:3598$1103'.
Found and cleaned up 1 empty switch in `\mkQuire.$proc$/teamspace/studios/this_studio/Melodica-Integration-into-Fife-Core/Learn_Bluespec_and_RISCV_Design/Code/Build/Fife/verilog/mkQuire.v:3568$1089'.
Removing empty process `mkQuire.$proc$/teamspace/studios/this_studio/Melodica-Integration-into-Fife-Core/Learn_Bluespec_and_RISCV_Design/Code/Build/Fife/verilog/mkQuire.v:3568$1089'.
Found and cleaned up 1 empty switch in `\mkQuire.$proc$/teamspace/studios/this_studio/Melodica-Integration-into-Fife-Core/Learn_Bluespec_and_RISCV_Design/Code/Build/Fife/verilog/mkQuire.v:3538$1075'.
Removing empty process `mkQuire.$proc$/teamspace/studios/this_studio/Melodica-Integration-into-Fife-Core/Learn_Bluespec_and_RISCV_Design/Code/Build/Fife/verilog/mkQuire.v:3538$1075'.
Found and cleaned up 1 empty switch in `\mkQuire.$proc$/teamspace/studios/this_studio/Melodica-Integration-into-Fife-Core/Learn_Bluespec_and_RISCV_Design/Code/Build/Fife/verilog/mkQuire.v:3508$1061'.
Removing empty process `mkQuire.$proc$/teamspace/studios/this_studio/Melodica-Integration-into-Fife-Core/Learn_Bluespec_and_RISCV_Design/Code/Build/Fife/verilog/mkQuire.v:3508$1061'.
Found and cleaned up 1 empty switch in `\mkQuire.$proc$/teamspace/studios/this_studio/Melodica-Integration-into-Fife-Core/Learn_Bluespec_and_RISCV_Design/Code/Build/Fife/verilog/mkQuire.v:3478$1047'.
Removing empty process `mkQuire.$proc$/teamspace/studios/this_studio/Melodica-Integration-into-Fife-Core/Learn_Bluespec_and_RISCV_Design/Code/Build/Fife/verilog/mkQuire.v:3478$1047'.
Found and cleaned up 1 empty switch in `\mkQuire.$proc$/teamspace/studios/this_studio/Melodica-Integration-into-Fife-Core/Learn_Bluespec_and_RISCV_Design/Code/Build/Fife/verilog/mkQuire.v:3450$1033'.
Removing empty process `mkQuire.$proc$/teamspace/studios/this_studio/Melodica-Integration-into-Fife-Core/Learn_Bluespec_and_RISCV_Design/Code/Build/Fife/verilog/mkQuire.v:3450$1033'.
Found and cleaned up 1 empty switch in `\mkQuire.$proc$/teamspace/studios/this_studio/Melodica-Integration-into-Fife-Core/Learn_Bluespec_and_RISCV_Design/Code/Build/Fife/verilog/mkQuire.v:3420$1019'.
Removing empty process `mkQuire.$proc$/teamspace/studios/this_studio/Melodica-Integration-into-Fife-Core/Learn_Bluespec_and_RISCV_Design/Code/Build/Fife/verilog/mkQuire.v:3420$1019'.
Found and cleaned up 1 empty switch in `\mkQuire.$proc$/teamspace/studios/this_studio/Melodica-Integration-into-Fife-Core/Learn_Bluespec_and_RISCV_Design/Code/Build/Fife/verilog/mkQuire.v:3390$1005'.
Removing empty process `mkQuire.$proc$/teamspace/studios/this_studio/Melodica-Integration-into-Fife-Core/Learn_Bluespec_and_RISCV_Design/Code/Build/Fife/verilog/mkQuire.v:3390$1005'.
Found and cleaned up 1 empty switch in `\mkQuire.$proc$/teamspace/studios/this_studio/Melodica-Integration-into-Fife-Core/Learn_Bluespec_and_RISCV_Design/Code/Build/Fife/verilog/mkQuire.v:3360$991'.
Removing empty process `mkQuire.$proc$/teamspace/studios/this_studio/Melodica-Integration-into-Fife-Core/Learn_Bluespec_and_RISCV_Design/Code/Build/Fife/verilog/mkQuire.v:3360$991'.
Found and cleaned up 1 empty switch in `\mkQuire.$proc$/teamspace/studios/this_studio/Melodica-Integration-into-Fife-Core/Learn_Bluespec_and_RISCV_Design/Code/Build/Fife/verilog/mkQuire.v:3330$977'.
Removing empty process `mkQuire.$proc$/teamspace/studios/this_studio/Melodica-Integration-into-Fife-Core/Learn_Bluespec_and_RISCV_Design/Code/Build/Fife/verilog/mkQuire.v:3330$977'.
Found and cleaned up 1 empty switch in `\mkQuire.$proc$/teamspace/studios/this_studio/Melodica-Integration-into-Fife-Core/Learn_Bluespec_and_RISCV_Design/Code/Build/Fife/verilog/mkQuire.v:3300$963'.
Removing empty process `mkQuire.$proc$/teamspace/studios/this_studio/Melodica-Integration-into-Fife-Core/Learn_Bluespec_and_RISCV_Design/Code/Build/Fife/verilog/mkQuire.v:3300$963'.
Found and cleaned up 1 empty switch in `\mkQuire.$proc$/teamspace/studios/this_studio/Melodica-Integration-into-Fife-Core/Learn_Bluespec_and_RISCV_Design/Code/Build/Fife/verilog/mkQuire.v:3270$949'.
Removing empty process `mkQuire.$proc$/teamspace/studios/this_studio/Melodica-Integration-into-Fife-Core/Learn_Bluespec_and_RISCV_Design/Code/Build/Fife/verilog/mkQuire.v:3270$949'.
Found and cleaned up 1 empty switch in `\mkQuire.$proc$/teamspace/studios/this_studio/Melodica-Integration-into-Fife-Core/Learn_Bluespec_and_RISCV_Design/Code/Build/Fife/verilog/mkQuire.v:3240$935'.
Removing empty process `mkQuire.$proc$/teamspace/studios/this_studio/Melodica-Integration-into-Fife-Core/Learn_Bluespec_and_RISCV_Design/Code/Build/Fife/verilog/mkQuire.v:3240$935'.
Found and cleaned up 1 empty switch in `\mkQuire.$proc$/teamspace/studios/this_studio/Melodica-Integration-into-Fife-Core/Learn_Bluespec_and_RISCV_Design/Code/Build/Fife/verilog/mkQuire.v:3210$921'.
Removing empty process `mkQuire.$proc$/teamspace/studios/this_studio/Melodica-Integration-into-Fife-Core/Learn_Bluespec_and_RISCV_Design/Code/Build/Fife/verilog/mkQuire.v:3210$921'.
Found and cleaned up 1 empty switch in `\mkQuire.$proc$/teamspace/studios/this_studio/Melodica-Integration-into-Fife-Core/Learn_Bluespec_and_RISCV_Design/Code/Build/Fife/verilog/mkQuire.v:3180$907'.
Removing empty process `mkQuire.$proc$/teamspace/studios/this_studio/Melodica-Integration-into-Fife-Core/Learn_Bluespec_and_RISCV_Design/Code/Build/Fife/verilog/mkQuire.v:3180$907'.
Found and cleaned up 1 empty switch in `\mkQuire.$proc$/teamspace/studios/this_studio/Melodica-Integration-into-Fife-Core/Learn_Bluespec_and_RISCV_Design/Code/Build/Fife/verilog/mkQuire.v:3150$893'.
Removing empty process `mkQuire.$proc$/teamspace/studios/this_studio/Melodica-Integration-into-Fife-Core/Learn_Bluespec_and_RISCV_Design/Code/Build/Fife/verilog/mkQuire.v:3150$893'.
Found and cleaned up 1 empty switch in `\mkQuire.$proc$/teamspace/studios/this_studio/Melodica-Integration-into-Fife-Core/Learn_Bluespec_and_RISCV_Design/Code/Build/Fife/verilog/mkQuire.v:3120$879'.
Removing empty process `mkQuire.$proc$/teamspace/studios/this_studio/Melodica-Integration-into-Fife-Core/Learn_Bluespec_and_RISCV_Design/Code/Build/Fife/verilog/mkQuire.v:3120$879'.
Found and cleaned up 1 empty switch in `\mkQuire.$proc$/teamspace/studios/this_studio/Melodica-Integration-into-Fife-Core/Learn_Bluespec_and_RISCV_Design/Code/Build/Fife/verilog/mkQuire.v:3090$865'.
Removing empty process `mkQuire.$proc$/teamspace/studios/this_studio/Melodica-Integration-into-Fife-Core/Learn_Bluespec_and_RISCV_Design/Code/Build/Fife/verilog/mkQuire.v:3090$865'.
Found and cleaned up 1 empty switch in `\mkQuire.$proc$/teamspace/studios/this_studio/Melodica-Integration-into-Fife-Core/Learn_Bluespec_and_RISCV_Design/Code/Build/Fife/verilog/mkQuire.v:3060$851'.
Removing empty process `mkQuire.$proc$/teamspace/studios/this_studio/Melodica-Integration-into-Fife-Core/Learn_Bluespec_and_RISCV_Design/Code/Build/Fife/verilog/mkQuire.v:3060$851'.
Found and cleaned up 1 empty switch in `\mkQuire.$proc$/teamspace/studios/this_studio/Melodica-Integration-into-Fife-Core/Learn_Bluespec_and_RISCV_Design/Code/Build/Fife/verilog/mkQuire.v:3030$837'.
Removing empty process `mkQuire.$proc$/teamspace/studios/this_studio/Melodica-Integration-into-Fife-Core/Learn_Bluespec_and_RISCV_Design/Code/Build/Fife/verilog/mkQuire.v:3030$837'.
Found and cleaned up 1 empty switch in `\mkQuire.$proc$/teamspace/studios/this_studio/Melodica-Integration-into-Fife-Core/Learn_Bluespec_and_RISCV_Design/Code/Build/Fife/verilog/mkQuire.v:3000$823'.
Removing empty process `mkQuire.$proc$/teamspace/studios/this_studio/Melodica-Integration-into-Fife-Core/Learn_Bluespec_and_RISCV_Design/Code/Build/Fife/verilog/mkQuire.v:3000$823'.
Found and cleaned up 1 empty switch in `\mkQuire.$proc$/teamspace/studios/this_studio/Melodica-Integration-into-Fife-Core/Learn_Bluespec_and_RISCV_Design/Code/Build/Fife/verilog/mkQuire.v:2970$809'.
Removing empty process `mkQuire.$proc$/teamspace/studios/this_studio/Melodica-Integration-into-Fife-Core/Learn_Bluespec_and_RISCV_Design/Code/Build/Fife/verilog/mkQuire.v:2970$809'.
Found and cleaned up 1 empty switch in `\mkQuire.$proc$/teamspace/studios/this_studio/Melodica-Integration-into-Fife-Core/Learn_Bluespec_and_RISCV_Design/Code/Build/Fife/verilog/mkQuire.v:2940$795'.
Removing empty process `mkQuire.$proc$/teamspace/studios/this_studio/Melodica-Integration-into-Fife-Core/Learn_Bluespec_and_RISCV_Design/Code/Build/Fife/verilog/mkQuire.v:2940$795'.
Found and cleaned up 1 empty switch in `\mkQuire.$proc$/teamspace/studios/this_studio/Melodica-Integration-into-Fife-Core/Learn_Bluespec_and_RISCV_Design/Code/Build/Fife/verilog/mkQuire.v:2915$785'.
Removing empty process `mkQuire.$proc$/teamspace/studios/this_studio/Melodica-Integration-into-Fife-Core/Learn_Bluespec_and_RISCV_Design/Code/Build/Fife/verilog/mkQuire.v:2915$785'.
Found and cleaned up 1 empty switch in `\mkQuire.$proc$/teamspace/studios/this_studio/Melodica-Integration-into-Fife-Core/Learn_Bluespec_and_RISCV_Design/Code/Build/Fife/verilog/mkQuire.v:2890$775'.
Removing empty process `mkQuire.$proc$/teamspace/studios/this_studio/Melodica-Integration-into-Fife-Core/Learn_Bluespec_and_RISCV_Design/Code/Build/Fife/verilog/mkQuire.v:2890$775'.
Found and cleaned up 1 empty switch in `\mkQuire.$proc$/teamspace/studios/this_studio/Melodica-Integration-into-Fife-Core/Learn_Bluespec_and_RISCV_Design/Code/Build/Fife/verilog/mkQuire.v:2865$765'.
Removing empty process `mkQuire.$proc$/teamspace/studios/this_studio/Melodica-Integration-into-Fife-Core/Learn_Bluespec_and_RISCV_Design/Code/Build/Fife/verilog/mkQuire.v:2865$765'.
Found and cleaned up 1 empty switch in `\mkQuire.$proc$/teamspace/studios/this_studio/Melodica-Integration-into-Fife-Core/Learn_Bluespec_and_RISCV_Design/Code/Build/Fife/verilog/mkQuire.v:2840$755'.
Removing empty process `mkQuire.$proc$/teamspace/studios/this_studio/Melodica-Integration-into-Fife-Core/Learn_Bluespec_and_RISCV_Design/Code/Build/Fife/verilog/mkQuire.v:2840$755'.
Found and cleaned up 1 empty switch in `\mkQuire.$proc$/teamspace/studios/this_studio/Melodica-Integration-into-Fife-Core/Learn_Bluespec_and_RISCV_Design/Code/Build/Fife/verilog/mkQuire.v:2815$745'.
Removing empty process `mkQuire.$proc$/teamspace/studios/this_studio/Melodica-Integration-into-Fife-Core/Learn_Bluespec_and_RISCV_Design/Code/Build/Fife/verilog/mkQuire.v:2815$745'.
Found and cleaned up 1 empty switch in `\mkQuire.$proc$/teamspace/studios/this_studio/Melodica-Integration-into-Fife-Core/Learn_Bluespec_and_RISCV_Design/Code/Build/Fife/verilog/mkQuire.v:2790$735'.
Removing empty process `mkQuire.$proc$/teamspace/studios/this_studio/Melodica-Integration-into-Fife-Core/Learn_Bluespec_and_RISCV_Design/Code/Build/Fife/verilog/mkQuire.v:2790$735'.
Found and cleaned up 1 empty switch in `\mkQuire.$proc$/teamspace/studios/this_studio/Melodica-Integration-into-Fife-Core/Learn_Bluespec_and_RISCV_Design/Code/Build/Fife/verilog/mkQuire.v:2765$725'.
Removing empty process `mkQuire.$proc$/teamspace/studios/this_studio/Melodica-Integration-into-Fife-Core/Learn_Bluespec_and_RISCV_Design/Code/Build/Fife/verilog/mkQuire.v:2765$725'.
Found and cleaned up 1 empty switch in `\mkQuire.$proc$/teamspace/studios/this_studio/Melodica-Integration-into-Fife-Core/Learn_Bluespec_and_RISCV_Design/Code/Build/Fife/verilog/mkQuire.v:2740$715'.
Removing empty process `mkQuire.$proc$/teamspace/studios/this_studio/Melodica-Integration-into-Fife-Core/Learn_Bluespec_and_RISCV_Design/Code/Build/Fife/verilog/mkQuire.v:2740$715'.
Found and cleaned up 1 empty switch in `\mkQuire.$proc$/teamspace/studios/this_studio/Melodica-Integration-into-Fife-Core/Learn_Bluespec_and_RISCV_Design/Code/Build/Fife/verilog/mkQuire.v:2715$705'.
Removing empty process `mkQuire.$proc$/teamspace/studios/this_studio/Melodica-Integration-into-Fife-Core/Learn_Bluespec_and_RISCV_Design/Code/Build/Fife/verilog/mkQuire.v:2715$705'.
Found and cleaned up 1 empty switch in `\mkQuire.$proc$/teamspace/studios/this_studio/Melodica-Integration-into-Fife-Core/Learn_Bluespec_and_RISCV_Design/Code/Build/Fife/verilog/mkQuire.v:2690$695'.
Removing empty process `mkQuire.$proc$/teamspace/studios/this_studio/Melodica-Integration-into-Fife-Core/Learn_Bluespec_and_RISCV_Design/Code/Build/Fife/verilog/mkQuire.v:2690$695'.
Found and cleaned up 1 empty switch in `\mkQuire.$proc$/teamspace/studios/this_studio/Melodica-Integration-into-Fife-Core/Learn_Bluespec_and_RISCV_Design/Code/Build/Fife/verilog/mkQuire.v:2665$685'.
Removing empty process `mkQuire.$proc$/teamspace/studios/this_studio/Melodica-Integration-into-Fife-Core/Learn_Bluespec_and_RISCV_Design/Code/Build/Fife/verilog/mkQuire.v:2665$685'.
Found and cleaned up 1 empty switch in `\mkQuire.$proc$/teamspace/studios/this_studio/Melodica-Integration-into-Fife-Core/Learn_Bluespec_and_RISCV_Design/Code/Build/Fife/verilog/mkQuire.v:2640$675'.
Removing empty process `mkQuire.$proc$/teamspace/studios/this_studio/Melodica-Integration-into-Fife-Core/Learn_Bluespec_and_RISCV_Design/Code/Build/Fife/verilog/mkQuire.v:2640$675'.
Found and cleaned up 1 empty switch in `\mkQuire.$proc$/teamspace/studios/this_studio/Melodica-Integration-into-Fife-Core/Learn_Bluespec_and_RISCV_Design/Code/Build/Fife/verilog/mkQuire.v:2615$665'.
Removing empty process `mkQuire.$proc$/teamspace/studios/this_studio/Melodica-Integration-into-Fife-Core/Learn_Bluespec_and_RISCV_Design/Code/Build/Fife/verilog/mkQuire.v:2615$665'.
Found and cleaned up 1 empty switch in `\mkQuire.$proc$/teamspace/studios/this_studio/Melodica-Integration-into-Fife-Core/Learn_Bluespec_and_RISCV_Design/Code/Build/Fife/verilog/mkQuire.v:2590$655'.
Removing empty process `mkQuire.$proc$/teamspace/studios/this_studio/Melodica-Integration-into-Fife-Core/Learn_Bluespec_and_RISCV_Design/Code/Build/Fife/verilog/mkQuire.v:2590$655'.
Found and cleaned up 1 empty switch in `\mkQuire.$proc$/teamspace/studios/this_studio/Melodica-Integration-into-Fife-Core/Learn_Bluespec_and_RISCV_Design/Code/Build/Fife/verilog/mkQuire.v:2565$645'.
Removing empty process `mkQuire.$proc$/teamspace/studios/this_studio/Melodica-Integration-into-Fife-Core/Learn_Bluespec_and_RISCV_Design/Code/Build/Fife/verilog/mkQuire.v:2565$645'.
Found and cleaned up 1 empty switch in `\mkQuire.$proc$/teamspace/studios/this_studio/Melodica-Integration-into-Fife-Core/Learn_Bluespec_and_RISCV_Design/Code/Build/Fife/verilog/mkQuire.v:2540$635'.
Removing empty process `mkQuire.$proc$/teamspace/studios/this_studio/Melodica-Integration-into-Fife-Core/Learn_Bluespec_and_RISCV_Design/Code/Build/Fife/verilog/mkQuire.v:2540$635'.
Found and cleaned up 1 empty switch in `\mkQuire.$proc$/teamspace/studios/this_studio/Melodica-Integration-into-Fife-Core/Learn_Bluespec_and_RISCV_Design/Code/Build/Fife/verilog/mkQuire.v:2515$625'.
Removing empty process `mkQuire.$proc$/teamspace/studios/this_studio/Melodica-Integration-into-Fife-Core/Learn_Bluespec_and_RISCV_Design/Code/Build/Fife/verilog/mkQuire.v:2515$625'.
Found and cleaned up 1 empty switch in `\mkQuire.$proc$/teamspace/studios/this_studio/Melodica-Integration-into-Fife-Core/Learn_Bluespec_and_RISCV_Design/Code/Build/Fife/verilog/mkQuire.v:2490$615'.
Removing empty process `mkQuire.$proc$/teamspace/studios/this_studio/Melodica-Integration-into-Fife-Core/Learn_Bluespec_and_RISCV_Design/Code/Build/Fife/verilog/mkQuire.v:2490$615'.
Found and cleaned up 1 empty switch in `\mkQuire.$proc$/teamspace/studios/this_studio/Melodica-Integration-into-Fife-Core/Learn_Bluespec_and_RISCV_Design/Code/Build/Fife/verilog/mkQuire.v:2465$605'.
Removing empty process `mkQuire.$proc$/teamspace/studios/this_studio/Melodica-Integration-into-Fife-Core/Learn_Bluespec_and_RISCV_Design/Code/Build/Fife/verilog/mkQuire.v:2465$605'.
Found and cleaned up 1 empty switch in `\mkQuire.$proc$/teamspace/studios/this_studio/Melodica-Integration-into-Fife-Core/Learn_Bluespec_and_RISCV_Design/Code/Build/Fife/verilog/mkQuire.v:2440$595'.
Removing empty process `mkQuire.$proc$/teamspace/studios/this_studio/Melodica-Integration-into-Fife-Core/Learn_Bluespec_and_RISCV_Design/Code/Build/Fife/verilog/mkQuire.v:2440$595'.
Found and cleaned up 1 empty switch in `\mkQuire.$proc$/teamspace/studios/this_studio/Melodica-Integration-into-Fife-Core/Learn_Bluespec_and_RISCV_Design/Code/Build/Fife/verilog/mkQuire.v:2415$585'.
Removing empty process `mkQuire.$proc$/teamspace/studios/this_studio/Melodica-Integration-into-Fife-Core/Learn_Bluespec_and_RISCV_Design/Code/Build/Fife/verilog/mkQuire.v:2415$585'.
Found and cleaned up 1 empty switch in `\mkQuire.$proc$/teamspace/studios/this_studio/Melodica-Integration-into-Fife-Core/Learn_Bluespec_and_RISCV_Design/Code/Build/Fife/verilog/mkQuire.v:2390$575'.
Removing empty process `mkQuire.$proc$/teamspace/studios/this_studio/Melodica-Integration-into-Fife-Core/Learn_Bluespec_and_RISCV_Design/Code/Build/Fife/verilog/mkQuire.v:2390$575'.
Found and cleaned up 1 empty switch in `\mkQuire.$proc$/teamspace/studios/this_studio/Melodica-Integration-into-Fife-Core/Learn_Bluespec_and_RISCV_Design/Code/Build/Fife/verilog/mkQuire.v:2365$565'.
Removing empty process `mkQuire.$proc$/teamspace/studios/this_studio/Melodica-Integration-into-Fife-Core/Learn_Bluespec_and_RISCV_Design/Code/Build/Fife/verilog/mkQuire.v:2365$565'.
Found and cleaned up 1 empty switch in `\mkQuire.$proc$/teamspace/studios/this_studio/Melodica-Integration-into-Fife-Core/Learn_Bluespec_and_RISCV_Design/Code/Build/Fife/verilog/mkQuire.v:2340$555'.
Removing empty process `mkQuire.$proc$/teamspace/studios/this_studio/Melodica-Integration-into-Fife-Core/Learn_Bluespec_and_RISCV_Design/Code/Build/Fife/verilog/mkQuire.v:2340$555'.
Found and cleaned up 1 empty switch in `\mkQuire.$proc$/teamspace/studios/this_studio/Melodica-Integration-into-Fife-Core/Learn_Bluespec_and_RISCV_Design/Code/Build/Fife/verilog/mkQuire.v:2317$545'.
Removing empty process `mkQuire.$proc$/teamspace/studios/this_studio/Melodica-Integration-into-Fife-Core/Learn_Bluespec_and_RISCV_Design/Code/Build/Fife/verilog/mkQuire.v:2317$545'.
Found and cleaned up 1 empty switch in `$paramod$77feb722284cbb4b2efebea6faec56b4318dabcc\SizedFIFO.$proc$/teamspace/studios/this_studio/Melodica-Integration-into-Fife-Core/bsc/lib/Verilog/SizedFIFO.v:190$1862'.
Removing empty process `$paramod$77feb722284cbb4b2efebea6faec56b4318dabcc\SizedFIFO.$proc$/teamspace/studios/this_studio/Melodica-Integration-into-Fife-Core/bsc/lib/Verilog/SizedFIFO.v:190$1862'.
Found and cleaned up 1 empty switch in `$paramod$77feb722284cbb4b2efebea6faec56b4318dabcc\SizedFIFO.$proc$/teamspace/studios/this_studio/Melodica-Integration-into-Fife-Core/bsc/lib/Verilog/SizedFIFO.v:167$1859'.
Removing empty process `$paramod$77feb722284cbb4b2efebea6faec56b4318dabcc\SizedFIFO.$proc$/teamspace/studios/this_studio/Melodica-Integration-into-Fife-Core/bsc/lib/Verilog/SizedFIFO.v:167$1859'.
Found and cleaned up 3 empty switches in `$paramod$77feb722284cbb4b2efebea6faec56b4318dabcc\SizedFIFO.$proc$/teamspace/studios/this_studio/Melodica-Integration-into-Fife-Core/bsc/lib/Verilog/SizedFIFO.v:107$1854'.
Removing empty process `$paramod$77feb722284cbb4b2efebea6faec56b4318dabcc\SizedFIFO.$proc$/teamspace/studios/this_studio/Melodica-Integration-into-Fife-Core/bsc/lib/Verilog/SizedFIFO.v:107$1854'.
Found and cleaned up 1 empty switch in `$paramod$a0c6df3c1489bcd5c1c6c2071c80faf091665997\SizedFIFO.$proc$/teamspace/studios/this_studio/Melodica-Integration-into-Fife-Core/bsc/lib/Verilog/SizedFIFO.v:190$1831'.
Removing empty process `$paramod$a0c6df3c1489bcd5c1c6c2071c80faf091665997\SizedFIFO.$proc$/teamspace/studios/this_studio/Melodica-Integration-into-Fife-Core/bsc/lib/Verilog/SizedFIFO.v:190$1831'.
Found and cleaned up 1 empty switch in `$paramod$a0c6df3c1489bcd5c1c6c2071c80faf091665997\SizedFIFO.$proc$/teamspace/studios/this_studio/Melodica-Integration-into-Fife-Core/bsc/lib/Verilog/SizedFIFO.v:167$1828'.
Removing empty process `$paramod$a0c6df3c1489bcd5c1c6c2071c80faf091665997\SizedFIFO.$proc$/teamspace/studios/this_studio/Melodica-Integration-into-Fife-Core/bsc/lib/Verilog/SizedFIFO.v:167$1828'.
Found and cleaned up 3 empty switches in `$paramod$a0c6df3c1489bcd5c1c6c2071c80faf091665997\SizedFIFO.$proc$/teamspace/studios/this_studio/Melodica-Integration-into-Fife-Core/bsc/lib/Verilog/SizedFIFO.v:107$1823'.
Removing empty process `$paramod$a0c6df3c1489bcd5c1c6c2071c80faf091665997\SizedFIFO.$proc$/teamspace/studios/this_studio/Melodica-Integration-into-Fife-Core/bsc/lib/Verilog/SizedFIFO.v:107$1823'.
Found and cleaned up 1 empty switch in `$paramod\FIFO1\width=32'00000000000000000000000000001011\guarded=1'1.$proc$/teamspace/studios/this_studio/Melodica-Integration-into-Fife-Core/bsc/lib/Verilog/FIFO1.v:96$1885'.
Removing empty process `$paramod\FIFO1\width=32'00000000000000000000000000001011\guarded=1'1.$proc$/teamspace/studios/this_studio/Melodica-Integration-into-Fife-Core/bsc/lib/Verilog/FIFO1.v:96$1885'.
Found and cleaned up 4 empty switches in `$paramod\FIFO1\width=32'00000000000000000000000000001011\guarded=1'1.$proc$/teamspace/studios/this_studio/Melodica-Integration-into-Fife-Core/bsc/lib/Verilog/FIFO1.v:73$1883'.
Removing empty process `$paramod\FIFO1\width=32'00000000000000000000000000001011\guarded=1'1.$proc$/teamspace/studios/this_studio/Melodica-Integration-into-Fife-Core/bsc/lib/Verilog/FIFO1.v:73$1883'.
Found and cleaned up 1 empty switch in `$paramod\FIFO1\width=32'00000000000000000000000000101001\guarded=1'1.$proc$/teamspace/studios/this_studio/Melodica-Integration-into-Fife-Core/bsc/lib/Verilog/FIFO1.v:96$1881'.
Removing empty process `$paramod\FIFO1\width=32'00000000000000000000000000101001\guarded=1'1.$proc$/teamspace/studios/this_studio/Melodica-Integration-into-Fife-Core/bsc/lib/Verilog/FIFO1.v:96$1881'.
Found and cleaned up 4 empty switches in `$paramod\FIFO1\width=32'00000000000000000000000000101001\guarded=1'1.$proc$/teamspace/studios/this_studio/Melodica-Integration-into-Fife-Core/bsc/lib/Verilog/FIFO1.v:73$1879'.
Removing empty process `$paramod\FIFO1\width=32'00000000000000000000000000101001\guarded=1'1.$proc$/teamspace/studios/this_studio/Melodica-Integration-into-Fife-Core/bsc/lib/Verilog/FIFO1.v:73$1879'.
Cleaned up 127 empty switches.

14.2.12. Executing OPT_EXPR pass (perform const folding).
Optimizing module mkQuire.
<suppressed ~516 debug messages>
Optimizing module module_fn_twosC_quire.
Optimizing module $paramod$77feb722284cbb4b2efebea6faec56b4318dabcc\SizedFIFO.
<suppressed ~6 debug messages>
Optimizing module $paramod$a0c6df3c1489bcd5c1c6c2071c80faf091665997\SizedFIFO.
<suppressed ~6 debug messages>
Optimizing module $paramod\FIFO1\width=32'00000000000000000000000000001011\guarded=1'1.
<suppressed ~2 debug messages>
Optimizing module $paramod\FIFO1\width=32'00000000000000000000000000101001\guarded=1'1.
<suppressed ~2 debug messages>

14.3. Executing FLATTEN pass (flatten design).
Deleting now unused module module_fn_twosC_quire.
Deleting now unused module $paramod$77feb722284cbb4b2efebea6faec56b4318dabcc\SizedFIFO.
Deleting now unused module $paramod$a0c6df3c1489bcd5c1c6c2071c80faf091665997\SizedFIFO.
Deleting now unused module $paramod\FIFO1\width=32'00000000000000000000000000001011\guarded=1'1.
Deleting now unused module $paramod\FIFO1\width=32'00000000000000000000000000101001\guarded=1'1.
<suppressed ~54 debug messages>

14.4. Executing OPT_EXPR pass (perform const folding).
Optimizing module mkQuire.
<suppressed ~110 debug messages>

14.5. Executing OPT_CLEAN pass (remove unused cells and wires).
Finding unused cells or wires in module \mkQuire..
Removed 234 unused cells and 2800 unused wires.
<suppressed ~238 debug messages>

14.6. Executing CHECK pass (checking for obvious problems).
Checking module mkQuire...
Found and reported 0 problems.

14.7. Executing OPT pass (performing simple optimizations).

14.7.1. Executing OPT_EXPR pass (perform const folding).
Optimizing module mkQuire.

14.7.2. Executing OPT_MERGE pass (detect identical cells).
Finding identical cells in module `\mkQuire'.
<suppressed ~3030 debug messages>
Removed a total of 1010 cells.

14.7.3. Executing OPT_MUXTREE pass (detect dead branches in mux trees).
Running muxtree optimizer on module \mkQuire..
  Creating internal representation of mux trees.
  Evaluating internal representation of mux trees.
      Replacing known input bits on port A of cell $flatten\seg_adder_vff_carry_11.$procmux$2559: \seg_adder_vff_carry_11.not_ring_full -> 1'0
      Replacing known input bits on port A of cell $flatten\seg_adder_vff_carry_12.$procmux$2559: \seg_adder_vff_carry_12.not_ring_full -> 1'0
      Replacing known input bits on port A of cell $flatten\seg_adder_vff_carry_13.$procmux$2559: \seg_adder_vff_carry_13.not_ring_full -> 1'0
      Replacing known input bits on port A of cell $flatten\seg_adder_vff_carry_14.$procmux$2559: \seg_adder_vff_carry_14.not_ring_full -> 1'0
      Replacing known input bits on port A of cell $flatten\seg_adder_vff_carry_15.$procmux$2559: \seg_adder_vff_carry_15.not_ring_full -> 1'0
      Replacing known input bits on port A of cell $flatten\seg_adder_vff_carry_16.$procmux$2559: \seg_adder_vff_carry_16.not_ring_full -> 1'0
      Replacing known input bits on port A of cell $flatten\seg_adder_vff_carry_17.$procmux$2559: \seg_adder_vff_carry_17.not_ring_full -> 1'0
      Replacing known input bits on port A of cell $flatten\seg_adder_vff_carry_18.$procmux$2559: \seg_adder_vff_carry_18.not_ring_full -> 1'0
      Replacing known input bits on port A of cell $flatten\seg_adder_vff_carry_19.$procmux$2559: \seg_adder_vff_carry_19.not_ring_full -> 1'0
      Replacing known input bits on port A of cell $flatten\seg_adder_vff_carry_2.$procmux$2559: \seg_adder_vff_carry_2.not_ring_full -> 1'0
      Replacing known input bits on port A of cell $flatten\seg_adder_vff_carry_20.$procmux$2559: \seg_adder_vff_carry_20.not_ring_full -> 1'0
      Replacing known input bits on port A of cell $flatten\seg_adder_vff_carry_21.$procmux$2559: \seg_adder_vff_carry_21.not_ring_full -> 1'0
      Replacing known input bits on port A of cell $flatten\seg_adder_vff_carry_22.$procmux$2559: \seg_adder_vff_carry_22.not_ring_full -> 1'0
      Replacing known input bits on port A of cell $flatten\seg_adder_vff_carry_23.$procmux$2559: \seg_adder_vff_carry_23.not_ring_full -> 1'0
      Replacing known input bits on port A of cell $flatten\seg_adder_vff_carry_3.$procmux$2559: \seg_adder_vff_carry_3.not_ring_full -> 1'0
      Replacing known input bits on port A of cell $flatten\seg_adder_vff_carry_4.$procmux$2559: \seg_adder_vff_carry_4.not_ring_full -> 1'0
      Replacing known input bits on port A of cell $flatten\seg_adder_vff_carry_5.$procmux$2559: \seg_adder_vff_carry_5.not_ring_full -> 1'0
      Replacing known input bits on port A of cell $flatten\seg_adder_vff_carry_6.$procmux$2559: \seg_adder_vff_carry_6.not_ring_full -> 1'0
      Replacing known input bits on port A of cell $flatten\seg_adder_vff_carry_7.$procmux$2559: \seg_adder_vff_carry_7.not_ring_full -> 1'0
      Replacing known input bits on port A of cell $flatten\seg_adder_vff_carry_8.$procmux$2559: \seg_adder_vff_carry_8.not_ring_full -> 1'0
      Replacing known input bits on port A of cell $flatten\seg_adder_vff_carry_9.$procmux$2559: \seg_adder_vff_carry_9.not_ring_full -> 1'0
      Replacing known input bits on port A of cell $flatten\seg_adder_vff_in_0.$procmux$2617: \seg_adder_vff_in_0.not_ring_full -> 1'0
      Replacing known input bits on port A of cell $flatten\seg_adder_vff_in_1.$procmux$2617: \seg_adder_vff_in_1.not_ring_full -> 1'0
      Replacing known input bits on port A of cell $flatten\seg_adder_vff_in_10.$procmux$2617: \seg_adder_vff_in_10.not_ring_full -> 1'0
      Replacing known input bits on port A of cell $flatten\seg_adder_vff_in_11.$procmux$2617: \seg_adder_vff_in_11.not_ring_full -> 1'0
      Replacing known input bits on port A of cell $flatten\seg_adder_vff_in_12.$procmux$2617: \seg_adder_vff_in_12.not_ring_full -> 1'0
      Replacing known input bits on port A of cell $flatten\seg_adder_vff_in_13.$procmux$2617: \seg_adder_vff_in_13.not_ring_full -> 1'0
      Replacing known input bits on port A of cell $flatten\seg_adder_vff_in_14.$procmux$2617: \seg_adder_vff_in_14.not_ring_full -> 1'0
      Replacing known input bits on port A of cell $flatten\seg_adder_vff_in_15.$procmux$2617: \seg_adder_vff_in_15.not_ring_full -> 1'0
      Replacing known input bits on port A of cell $flatten\seg_adder_vff_in_16.$procmux$2617: \seg_adder_vff_in_16.not_ring_full -> 1'0
      Replacing known input bits on port A of cell $flatten\seg_adder_vff_in_17.$procmux$2617: \seg_adder_vff_in_17.not_ring_full -> 1'0
      Replacing known input bits on port A of cell $flatten\seg_adder_vff_in_18.$procmux$2617: \seg_adder_vff_in_18.not_ring_full -> 1'0
      Replacing known input bits on port A of cell $flatten\seg_adder_vff_in_19.$procmux$2617: \seg_adder_vff_in_19.not_ring_full -> 1'0
      Replacing known input bits on port A of cell $flatten\seg_adder_vff_in_2.$procmux$2617: \seg_adder_vff_in_2.not_ring_full -> 1'0
      Replacing known input bits on port A of cell $flatten\seg_adder_vff_in_20.$procmux$2617: \seg_adder_vff_in_20.not_ring_full -> 1'0
      Replacing known input bits on port A of cell $flatten\seg_adder_vff_in_21.$procmux$2617: \seg_adder_vff_in_21.not_ring_full -> 1'0
      Replacing known input bits on port A of cell $flatten\seg_adder_vff_in_22.$procmux$2617: \seg_adder_vff_in_22.not_ring_full -> 1'0
      Replacing known input bits on port A of cell $flatten\seg_adder_vff_in_23.$procmux$2617: \seg_adder_vff_in_23.not_ring_full -> 1'0
      Replacing known input bits on port A of cell $flatten\seg_adder_vff_in_24.$procmux$2617: \seg_adder_vff_in_24.not_ring_full -> 1'0
      Replacing known input bits on port A of cell $flatten\seg_adder_vff_in_3.$procmux$2617: \seg_adder_vff_in_3.not_ring_full -> 1'0
      Replacing known input bits on port A of cell $flatten\seg_adder_vff_in_4.$procmux$2617: \seg_adder_vff_in_4.not_ring_full -> 1'0
      Replacing known input bits on port A of cell $flatten\seg_adder_vff_in_5.$procmux$2617: \seg_adder_vff_in_5.not_ring_full -> 1'0
      Replacing known input bits on port A of cell $flatten\seg_adder_vff_in_6.$procmux$2617: \seg_adder_vff_in_6.not_ring_full -> 1'0
      Replacing known input bits on port A of cell $flatten\seg_adder_vff_in_7.$procmux$2617: \seg_adder_vff_in_7.not_ring_full -> 1'0
      Replacing known input bits on port A of cell $flatten\seg_adder_vff_in_8.$procmux$2617: \seg_adder_vff_in_8.not_ring_full -> 1'0
      Replacing known input bits on port A of cell $flatten\seg_adder_vff_in_9.$procmux$2617: \seg_adder_vff_in_9.not_ring_full -> 1'0
      Replacing known input bits on port A of cell $flatten\seg_adder_vff_carry_0.$procmux$2559: \seg_adder_vff_carry_0.not_ring_full -> 1'0
      Replacing known input bits on port A of cell $flatten\seg_adder_vff_carry_1.$procmux$2559: \seg_adder_vff_carry_1.not_ring_full -> 1'0
      Replacing known input bits on port A of cell $flatten\seg_adder_vff_carry_10.$procmux$2559: \seg_adder_vff_carry_10.not_ring_full -> 1'0
      Replacing known input bits on port A of cell $flatten\instance_fn_twosC_quire_1.$ternary$/teamspace/studios/this_studio/Melodica-Integration-into-Fife-Core/Learn_Bluespec_and_RISCV_Design/Code/Build/Fife/verilog/module_fn_twosC_quire.v:215$181: \vrg_quire_24 -> { 1'1 \vrg_quire_24 [30:0] }
      Replacing known input bits on port A of cell $ternary$/teamspace/studios/this_studio/Melodica-Integration-into-Fife-Core/Learn_Bluespec_and_RISCV_Design/Code/Build/Fife/verilog/mkQuire.v:4875$1497: \init_x [34:24] -> { 1'0 \init_x [33:24] }
  Analyzing evaluation results.
    dead port 3/4 on $pmux $flatten\seg_adder_vff_carry_12.$procmux$2525.
    dead port 3/4 on $pmux $flatten\seg_adder_vff_carry_12.$procmux$2534.
    dead port 3/4 on $pmux $flatten\seg_adder_vff_carry_12.$procmux$2543.
    dead port 3/4 on $pmux $flatten\seg_adder_vff_carry_12.$procmux$2552.
    dead port 3/4 on $pmux $flatten\seg_adder_vff_carry_12.$procmux$2561.
    dead port 3/4 on $pmux $flatten\seg_adder_vff_carry_13.$procmux$2525.
    dead port 3/4 on $pmux $flatten\seg_adder_vff_carry_13.$procmux$2534.
    dead port 3/4 on $pmux $flatten\seg_adder_vff_carry_13.$procmux$2543.
    dead port 3/4 on $pmux $flatten\seg_adder_vff_carry_13.$procmux$2552.
    dead port 3/4 on $pmux $flatten\seg_adder_vff_carry_13.$procmux$2561.
    dead port 3/4 on $pmux $flatten\seg_adder_vff_carry_14.$procmux$2525.
    dead port 3/4 on $pmux $flatten\seg_adder_vff_carry_14.$procmux$2534.
    dead port 3/4 on $pmux $flatten\seg_adder_vff_carry_14.$procmux$2543.
    dead port 3/4 on $pmux $flatten\seg_adder_vff_carry_14.$procmux$2552.
    dead port 3/4 on $pmux $flatten\seg_adder_vff_carry_14.$procmux$2561.
    dead port 3/4 on $pmux $flatten\seg_adder_vff_carry_15.$procmux$2525.
    dead port 3/4 on $pmux $flatten\seg_adder_vff_carry_15.$procmux$2534.
    dead port 3/4 on $pmux $flatten\seg_adder_vff_carry_15.$procmux$2543.
    dead port 3/4 on $pmux $flatten\seg_adder_vff_carry_15.$procmux$2552.
    dead port 3/4 on $pmux $flatten\seg_adder_vff_carry_15.$procmux$2561.
    dead port 3/4 on $pmux $flatten\seg_adder_vff_carry_16.$procmux$2525.
    dead port 3/4 on $pmux $flatten\seg_adder_vff_carry_16.$procmux$2534.
    dead port 3/4 on $pmux $flatten\seg_adder_vff_carry_16.$procmux$2543.
    dead port 3/4 on $pmux $flatten\seg_adder_vff_carry_16.$procmux$2552.
    dead port 3/4 on $pmux $flatten\seg_adder_vff_carry_16.$procmux$2561.
    dead port 3/4 on $pmux $flatten\seg_adder_vff_carry_17.$procmux$2525.
    dead port 3/4 on $pmux $flatten\seg_adder_vff_carry_17.$procmux$2534.
    dead port 3/4 on $pmux $flatten\seg_adder_vff_carry_17.$procmux$2543.
    dead port 3/4 on $pmux $flatten\seg_adder_vff_carry_17.$procmux$2552.
    dead port 3/4 on $pmux $flatten\seg_adder_vff_carry_17.$procmux$2561.
    dead port 3/4 on $pmux $flatten\seg_adder_vff_carry_18.$procmux$2525.
    dead port 3/4 on $pmux $flatten\seg_adder_vff_carry_18.$procmux$2534.
    dead port 3/4 on $pmux $flatten\seg_adder_vff_carry_18.$procmux$2543.
    dead port 3/4 on $pmux $flatten\seg_adder_vff_carry_18.$procmux$2552.
    dead port 3/4 on $pmux $flatten\seg_adder_vff_carry_18.$procmux$2561.
    dead port 3/4 on $pmux $flatten\seg_adder_vff_carry_19.$procmux$2525.
    dead port 3/4 on $pmux $flatten\seg_adder_vff_carry_19.$procmux$2534.
    dead port 3/4 on $pmux $flatten\seg_adder_vff_carry_19.$procmux$2543.
    dead port 3/4 on $pmux $flatten\seg_adder_vff_carry_19.$procmux$2552.
    dead port 3/4 on $pmux $flatten\seg_adder_vff_carry_19.$procmux$2561.
    dead port 3/4 on $pmux $flatten\seg_adder_vff_carry_2.$procmux$2525.
    dead port 3/4 on $pmux $flatten\seg_adder_vff_carry_2.$procmux$2534.
    dead port 3/4 on $pmux $flatten\seg_adder_vff_carry_2.$procmux$2543.
    dead port 3/4 on $pmux $flatten\seg_adder_vff_carry_2.$procmux$2552.
    dead port 3/4 on $pmux $flatten\seg_adder_vff_carry_2.$procmux$2561.
    dead port 3/4 on $pmux $flatten\seg_adder_vff_carry_20.$procmux$2525.
    dead port 3/4 on $pmux $flatten\seg_adder_vff_carry_20.$procmux$2534.
    dead port 3/4 on $pmux $flatten\seg_adder_vff_carry_20.$procmux$2543.
    dead port 3/4 on $pmux $flatten\seg_adder_vff_carry_20.$procmux$2552.
    dead port 3/4 on $pmux $flatten\seg_adder_vff_carry_20.$procmux$2561.
    dead port 3/4 on $pmux $flatten\seg_adder_vff_carry_21.$procmux$2525.
    dead port 3/4 on $pmux $flatten\seg_adder_vff_carry_21.$procmux$2534.
    dead port 3/4 on $pmux $flatten\seg_adder_vff_carry_21.$procmux$2543.
    dead port 3/4 on $pmux $flatten\seg_adder_vff_carry_21.$procmux$2552.
    dead port 3/4 on $pmux $flatten\seg_adder_vff_carry_21.$procmux$2561.
    dead port 3/4 on $pmux $flatten\seg_adder_vff_carry_22.$procmux$2525.
    dead port 3/4 on $pmux $flatten\seg_adder_vff_carry_22.$procmux$2534.
    dead port 3/4 on $pmux $flatten\seg_adder_vff_carry_22.$procmux$2543.
    dead port 3/4 on $pmux $flatten\seg_adder_vff_carry_22.$procmux$2552.
    dead port 3/4 on $pmux $flatten\seg_adder_vff_carry_22.$procmux$2561.
    dead port 3/4 on $pmux $flatten\seg_adder_vff_carry_23.$procmux$2525.
    dead port 3/4 on $pmux $flatten\seg_adder_vff_carry_23.$procmux$2534.
    dead port 3/4 on $pmux $flatten\seg_adder_vff_carry_23.$procmux$2543.
    dead port 3/4 on $pmux $flatten\seg_adder_vff_carry_23.$procmux$2552.
    dead port 3/4 on $pmux $flatten\seg_adder_vff_carry_23.$procmux$2561.
    dead port 3/4 on $pmux $flatten\seg_adder_vff_carry_3.$procmux$2525.
    dead port 3/4 on $pmux $flatten\seg_adder_vff_carry_3.$procmux$2534.
    dead port 3/4 on $pmux $flatten\seg_adder_vff_carry_3.$procmux$2543.
    dead port 3/4 on $pmux $flatten\seg_adder_vff_carry_3.$procmux$2552.
    dead port 3/4 on $pmux $flatten\seg_adder_vff_carry_3.$procmux$2561.
    dead port 3/4 on $pmux $flatten\seg_adder_vff_carry_4.$procmux$2525.
    dead port 3/4 on $pmux $flatten\seg_adder_vff_carry_4.$procmux$2534.
    dead port 3/4 on $pmux $flatten\seg_adder_vff_carry_4.$procmux$2543.
    dead port 3/4 on $pmux $flatten\seg_adder_vff_carry_4.$procmux$2552.
    dead port 3/4 on $pmux $flatten\seg_adder_vff_carry_4.$procmux$2561.
    dead port 3/4 on $pmux $flatten\seg_adder_vff_carry_5.$procmux$2525.
    dead port 3/4 on $pmux $flatten\seg_adder_vff_carry_5.$procmux$2534.
    dead port 3/4 on $pmux $flatten\seg_adder_vff_carry_5.$procmux$2543.
    dead port 3/4 on $pmux $flatten\seg_adder_vff_carry_5.$procmux$2552.
    dead port 3/4 on $pmux $flatten\seg_adder_vff_carry_5.$procmux$2561.
    dead port 3/4 on $pmux $flatten\seg_adder_vff_carry_6.$procmux$2525.
    dead port 3/4 on $pmux $flatten\seg_adder_vff_carry_6.$procmux$2534.
    dead port 3/4 on $pmux $flatten\seg_adder_vff_carry_6.$procmux$2543.
    dead port 3/4 on $pmux $flatten\seg_adder_vff_carry_6.$procmux$2552.
    dead port 3/4 on $pmux $flatten\seg_adder_vff_carry_6.$procmux$2561.
    dead port 3/4 on $pmux $flatten\seg_adder_vff_carry_7.$procmux$2525.
    dead port 3/4 on $pmux $flatten\seg_adder_vff_carry_7.$procmux$2534.
    dead port 3/4 on $pmux $flatten\seg_adder_vff_carry_7.$procmux$2543.
    dead port 3/4 on $pmux $flatten\seg_adder_vff_carry_7.$procmux$2552.
    dead port 3/4 on $pmux $flatten\seg_adder_vff_carry_7.$procmux$2561.
    dead port 3/4 on $pmux $flatten\seg_adder_vff_carry_8.$procmux$2525.
    dead port 3/4 on $pmux $flatten\seg_adder_vff_carry_8.$procmux$2534.
    dead port 3/4 on $pmux $flatten\seg_adder_vff_carry_8.$procmux$2543.
    dead port 3/4 on $pmux $flatten\seg_adder_vff_carry_8.$procmux$2552.
    dead port 3/4 on $pmux $flatten\seg_adder_vff_carry_8.$procmux$2561.
    dead port 3/4 on $pmux $flatten\seg_adder_vff_carry_9.$procmux$2525.
    dead port 3/4 on $pmux $flatten\seg_adder_vff_carry_9.$procmux$2534.
    dead port 3/4 on $pmux $flatten\seg_adder_vff_carry_9.$procmux$2543.
    dead port 3/4 on $pmux $flatten\seg_adder_vff_carry_9.$procmux$2552.
    dead port 3/4 on $pmux $flatten\seg_adder_vff_carry_9.$procmux$2561.
    dead port 3/4 on $pmux $flatten\seg_adder_vff_in_0.$procmux$2583.
    dead port 3/4 on $pmux $flatten\seg_adder_vff_in_0.$procmux$2592.
    dead port 3/4 on $pmux $flatten\seg_adder_vff_in_0.$procmux$2601.
    dead port 3/4 on $pmux $flatten\seg_adder_vff_in_0.$procmux$2610.
    dead port 3/4 on $pmux $flatten\seg_adder_vff_in_0.$procmux$2619.
    dead port 3/4 on $pmux $flatten\seg_adder_vff_in_1.$procmux$2583.
    dead port 3/4 on $pmux $flatten\seg_adder_vff_in_1.$procmux$2592.
    dead port 3/4 on $pmux $flatten\seg_adder_vff_in_1.$procmux$2601.
    dead port 3/4 on $pmux $flatten\seg_adder_vff_in_1.$procmux$2610.
    dead port 3/4 on $pmux $flatten\seg_adder_vff_in_1.$procmux$2619.
    dead port 3/4 on $pmux $flatten\seg_adder_vff_in_10.$procmux$2583.
    dead port 3/4 on $pmux $flatten\seg_adder_vff_in_10.$procmux$2592.
    dead port 3/4 on $pmux $flatten\seg_adder_vff_in_10.$procmux$2601.
    dead port 3/4 on $pmux $flatten\seg_adder_vff_in_10.$procmux$2610.
    dead port 3/4 on $pmux $flatten\seg_adder_vff_in_10.$procmux$2619.
    dead port 3/4 on $pmux $flatten\seg_adder_vff_in_11.$procmux$2583.
    dead port 3/4 on $pmux $flatten\seg_adder_vff_in_11.$procmux$2592.
    dead port 3/4 on $pmux $flatten\seg_adder_vff_in_11.$procmux$2601.
    dead port 3/4 on $pmux $flatten\seg_adder_vff_in_11.$procmux$2610.
    dead port 3/4 on $pmux $flatten\seg_adder_vff_in_11.$procmux$2619.
    dead port 3/4 on $pmux $flatten\seg_adder_vff_in_12.$procmux$2583.
    dead port 3/4 on $pmux $flatten\seg_adder_vff_in_12.$procmux$2592.
    dead port 3/4 on $pmux $flatten\seg_adder_vff_in_12.$procmux$2601.
    dead port 3/4 on $pmux $flatten\seg_adder_vff_in_12.$procmux$2610.
    dead port 3/4 on $pmux $flatten\seg_adder_vff_in_12.$procmux$2619.
    dead port 3/4 on $pmux $flatten\seg_adder_vff_in_13.$procmux$2583.
    dead port 3/4 on $pmux $flatten\seg_adder_vff_in_13.$procmux$2592.
    dead port 3/4 on $pmux $flatten\seg_adder_vff_in_13.$procmux$2601.
    dead port 3/4 on $pmux $flatten\seg_adder_vff_in_13.$procmux$2610.
    dead port 3/4 on $pmux $flatten\seg_adder_vff_in_13.$procmux$2619.
    dead port 3/4 on $pmux $flatten\seg_adder_vff_in_14.$procmux$2583.
    dead port 3/4 on $pmux $flatten\seg_adder_vff_in_14.$procmux$2592.
    dead port 3/4 on $pmux $flatten\seg_adder_vff_in_14.$procmux$2601.
    dead port 3/4 on $pmux $flatten\seg_adder_vff_in_14.$procmux$2610.
    dead port 3/4 on $pmux $flatten\seg_adder_vff_in_14.$procmux$2619.
    dead port 3/4 on $pmux $flatten\seg_adder_vff_in_15.$procmux$2583.
    dead port 3/4 on $pmux $flatten\seg_adder_vff_in_15.$procmux$2592.
    dead port 3/4 on $pmux $flatten\seg_adder_vff_in_15.$procmux$2601.
    dead port 3/4 on $pmux $flatten\seg_adder_vff_in_15.$procmux$2610.
    dead port 3/4 on $pmux $flatten\seg_adder_vff_in_15.$procmux$2619.
    dead port 3/4 on $pmux $flatten\seg_adder_vff_in_16.$procmux$2583.
    dead port 3/4 on $pmux $flatten\seg_adder_vff_in_16.$procmux$2592.
    dead port 3/4 on $pmux $flatten\seg_adder_vff_in_16.$procmux$2601.
    dead port 3/4 on $pmux $flatten\seg_adder_vff_in_16.$procmux$2610.
    dead port 3/4 on $pmux $flatten\seg_adder_vff_in_16.$procmux$2619.
    dead port 3/4 on $pmux $flatten\seg_adder_vff_in_17.$procmux$2583.
    dead port 3/4 on $pmux $flatten\seg_adder_vff_in_17.$procmux$2592.
    dead port 3/4 on $pmux $flatten\seg_adder_vff_in_17.$procmux$2601.
    dead port 3/4 on $pmux $flatten\seg_adder_vff_in_17.$procmux$2610.
    dead port 3/4 on $pmux $flatten\seg_adder_vff_in_17.$procmux$2619.
    dead port 3/4 on $pmux $flatten\seg_adder_vff_in_18.$procmux$2583.
    dead port 3/4 on $pmux $flatten\seg_adder_vff_in_18.$procmux$2592.
    dead port 3/4 on $pmux $flatten\seg_adder_vff_in_18.$procmux$2601.
    dead port 3/4 on $pmux $flatten\seg_adder_vff_in_18.$procmux$2610.
    dead port 3/4 on $pmux $flatten\seg_adder_vff_in_18.$procmux$2619.
    dead port 3/4 on $pmux $flatten\seg_adder_vff_in_19.$procmux$2583.
    dead port 3/4 on $pmux $flatten\seg_adder_vff_in_19.$procmux$2592.
    dead port 3/4 on $pmux $flatten\seg_adder_vff_in_19.$procmux$2601.
    dead port 3/4 on $pmux $flatten\seg_adder_vff_in_19.$procmux$2610.
    dead port 3/4 on $pmux $flatten\seg_adder_vff_in_19.$procmux$2619.
    dead port 3/4 on $pmux $flatten\seg_adder_vff_in_2.$procmux$2583.
    dead port 3/4 on $pmux $flatten\seg_adder_vff_in_2.$procmux$2592.
    dead port 3/4 on $pmux $flatten\seg_adder_vff_in_2.$procmux$2601.
    dead port 3/4 on $pmux $flatten\seg_adder_vff_in_2.$procmux$2610.
    dead port 3/4 on $pmux $flatten\seg_adder_vff_in_2.$procmux$2619.
    dead port 3/4 on $pmux $flatten\seg_adder_vff_in_20.$procmux$2583.
    dead port 3/4 on $pmux $flatten\seg_adder_vff_in_20.$procmux$2592.
    dead port 3/4 on $pmux $flatten\seg_adder_vff_in_20.$procmux$2601.
    dead port 3/4 on $pmux $flatten\seg_adder_vff_in_20.$procmux$2610.
    dead port 3/4 on $pmux $flatten\seg_adder_vff_in_20.$procmux$2619.
    dead port 3/4 on $pmux $flatten\seg_adder_vff_in_21.$procmux$2583.
    dead port 3/4 on $pmux $flatten\seg_adder_vff_in_21.$procmux$2592.
    dead port 3/4 on $pmux $flatten\seg_adder_vff_in_21.$procmux$2601.
    dead port 3/4 on $pmux $flatten\seg_adder_vff_in_21.$procmux$2610.
    dead port 3/4 on $pmux $flatten\seg_adder_vff_in_21.$procmux$2619.
    dead port 3/4 on $pmux $flatten\seg_adder_vff_in_22.$procmux$2583.
    dead port 3/4 on $pmux $flatten\seg_adder_vff_in_22.$procmux$2592.
    dead port 3/4 on $pmux $flatten\seg_adder_vff_in_22.$procmux$2601.
    dead port 3/4 on $pmux $flatten\seg_adder_vff_in_22.$procmux$2610.
    dead port 3/4 on $pmux $flatten\seg_adder_vff_in_22.$procmux$2619.
    dead port 3/4 on $pmux $flatten\seg_adder_vff_in_23.$procmux$2583.
    dead port 3/4 on $pmux $flatten\seg_adder_vff_in_23.$procmux$2592.
    dead port 3/4 on $pmux $flatten\seg_adder_vff_in_23.$procmux$2601.
    dead port 3/4 on $pmux $flatten\seg_adder_vff_in_23.$procmux$2610.
    dead port 3/4 on $pmux $flatten\seg_adder_vff_in_23.$procmux$2619.
    dead port 3/4 on $pmux $flatten\seg_adder_vff_in_24.$procmux$2583.
    dead port 3/4 on $pmux $flatten\seg_adder_vff_in_24.$procmux$2592.
    dead port 3/4 on $pmux $flatten\seg_adder_vff_in_24.$procmux$2601.
    dead port 3/4 on $pmux $flatten\seg_adder_vff_in_24.$procmux$2610.
    dead port 3/4 on $pmux $flatten\seg_adder_vff_in_24.$procmux$2619.
    dead port 3/4 on $pmux $flatten\seg_adder_vff_in_3.$procmux$2583.
    dead port 3/4 on $pmux $flatten\seg_adder_vff_in_3.$procmux$2592.
    dead port 3/4 on $pmux $flatten\seg_adder_vff_in_3.$procmux$2601.
    dead port 3/4 on $pmux $flatten\seg_adder_vff_in_3.$procmux$2610.
    dead port 3/4 on $pmux $flatten\seg_adder_vff_in_3.$procmux$2619.
    dead port 3/4 on $pmux $flatten\seg_adder_vff_in_4.$procmux$2583.
    dead port 3/4 on $pmux $flatten\seg_adder_vff_in_4.$procmux$2592.
    dead port 3/4 on $pmux $flatten\seg_adder_vff_in_4.$procmux$2601.
    dead port 3/4 on $pmux $flatten\seg_adder_vff_in_4.$procmux$2610.
    dead port 3/4 on $pmux $flatten\seg_adder_vff_in_4.$procmux$2619.
    dead port 3/4 on $pmux $flatten\seg_adder_vff_in_5.$procmux$2583.
    dead port 3/4 on $pmux $flatten\seg_adder_vff_in_5.$procmux$2592.
    dead port 3/4 on $pmux $flatten\seg_adder_vff_in_5.$procmux$2601.
    dead port 3/4 on $pmux $flatten\seg_adder_vff_in_5.$procmux$2610.
    dead port 3/4 on $pmux $flatten\seg_adder_vff_in_5.$procmux$2619.
    dead port 3/4 on $pmux $flatten\seg_adder_vff_in_6.$procmux$2583.
    dead port 3/4 on $pmux $flatten\seg_adder_vff_in_6.$procmux$2592.
    dead port 3/4 on $pmux $flatten\seg_adder_vff_in_6.$procmux$2601.
    dead port 3/4 on $pmux $flatten\seg_adder_vff_in_6.$procmux$2610.
    dead port 3/4 on $pmux $flatten\seg_adder_vff_in_6.$procmux$2619.
    dead port 3/4 on $pmux $flatten\seg_adder_vff_in_7.$procmux$2583.
    dead port 3/4 on $pmux $flatten\seg_adder_vff_in_7.$procmux$2592.
    dead port 3/4 on $pmux $flatten\seg_adder_vff_in_7.$procmux$2601.
    dead port 3/4 on $pmux $flatten\seg_adder_vff_in_7.$procmux$2610.
    dead port 3/4 on $pmux $flatten\seg_adder_vff_in_7.$procmux$2619.
    dead port 3/4 on $pmux $flatten\seg_adder_vff_in_8.$procmux$2583.
    dead port 3/4 on $pmux $flatten\seg_adder_vff_in_8.$procmux$2592.
    dead port 3/4 on $pmux $flatten\seg_adder_vff_in_8.$procmux$2601.
    dead port 3/4 on $pmux $flatten\seg_adder_vff_in_8.$procmux$2610.
    dead port 3/4 on $pmux $flatten\seg_adder_vff_in_8.$procmux$2619.
    dead port 3/4 on $pmux $flatten\seg_adder_vff_in_9.$procmux$2583.
    dead port 3/4 on $pmux $flatten\seg_adder_vff_in_9.$procmux$2592.
    dead port 3/4 on $pmux $flatten\seg_adder_vff_in_9.$procmux$2601.
    dead port 3/4 on $pmux $flatten\seg_adder_vff_in_9.$procmux$2610.
    dead port 3/4 on $pmux $flatten\seg_adder_vff_in_9.$procmux$2619.
    dead port 3/4 on $pmux $flatten\seg_adder_vff_carry_0.$procmux$2525.
    dead port 3/4 on $pmux $flatten\seg_adder_vff_carry_0.$procmux$2534.
    dead port 3/4 on $pmux $flatten\seg_adder_vff_carry_0.$procmux$2543.
    dead port 3/4 on $pmux $flatten\seg_adder_vff_carry_0.$procmux$2552.
    dead port 3/4 on $pmux $flatten\seg_adder_vff_carry_0.$procmux$2561.
    dead port 3/4 on $pmux $flatten\seg_adder_vff_carry_1.$procmux$2525.
    dead port 3/4 on $pmux $flatten\seg_adder_vff_carry_1.$procmux$2534.
    dead port 3/4 on $pmux $flatten\seg_adder_vff_carry_1.$procmux$2543.
    dead port 3/4 on $pmux $flatten\seg_adder_vff_carry_1.$procmux$2552.
    dead port 3/4 on $pmux $flatten\seg_adder_vff_carry_1.$procmux$2561.
    dead port 3/4 on $pmux $flatten\seg_adder_vff_carry_10.$procmux$2525.
    dead port 3/4 on $pmux $flatten\seg_adder_vff_carry_10.$procmux$2534.
    dead port 3/4 on $pmux $flatten\seg_adder_vff_carry_10.$procmux$2543.
    dead port 3/4 on $pmux $flatten\seg_adder_vff_carry_10.$procmux$2552.
    dead port 3/4 on $pmux $flatten\seg_adder_vff_carry_10.$procmux$2561.
    dead port 3/4 on $pmux $flatten\seg_adder_vff_carry_11.$procmux$2525.
    dead port 3/4 on $pmux $flatten\seg_adder_vff_carry_11.$procmux$2534.
    dead port 3/4 on $pmux $flatten\seg_adder_vff_carry_11.$procmux$2561.
    dead port 3/4 on $pmux $flatten\seg_adder_vff_carry_11.$procmux$2543.
    dead port 3/4 on $pmux $flatten\seg_adder_vff_carry_11.$procmux$2552.
Removed 245 multiplexer ports.
<suppressed ~608 debug messages>

14.7.4. Executing OPT_REDUCE pass (consolidate $*mux and $reduce_* inputs).
  Optimizing cells in module \mkQuire.
    New ctrl vector for $pmux cell $flatten\seg_adder_vff_carry_12.$procmux$2519: { $auto$opt_reduce.cc:134:opt_pmux$2739 $auto$opt_reduce.cc:134:opt_pmux$2737 }
    New ctrl vector for $pmux cell $flatten\seg_adder_vff_carry_12.$procmux$2543: $auto$opt_reduce.cc:134:opt_pmux$2741
    New ctrl vector for $pmux cell $flatten\seg_adder_vff_carry_13.$procmux$2519: { $auto$opt_reduce.cc:134:opt_pmux$2745 $auto$opt_reduce.cc:134:opt_pmux$2743 }
    New ctrl vector for $pmux cell $flatten\seg_adder_vff_carry_13.$procmux$2543: $auto$opt_reduce.cc:134:opt_pmux$2747
    New ctrl vector for $pmux cell $flatten\seg_adder_vff_carry_14.$procmux$2519: { $auto$opt_reduce.cc:134:opt_pmux$2751 $auto$opt_reduce.cc:134:opt_pmux$2749 }
    New ctrl vector for $pmux cell $flatten\seg_adder_vff_carry_14.$procmux$2543: $auto$opt_reduce.cc:134:opt_pmux$2753
    New ctrl vector for $pmux cell $flatten\seg_adder_vff_carry_15.$procmux$2519: { $auto$opt_reduce.cc:134:opt_pmux$2757 $auto$opt_reduce.cc:134:opt_pmux$2755 }
    New ctrl vector for $pmux cell $flatten\seg_adder_vff_carry_15.$procmux$2543: $auto$opt_reduce.cc:134:opt_pmux$2759
    New ctrl vector for $pmux cell $flatten\seg_adder_vff_carry_16.$procmux$2519: { $auto$opt_reduce.cc:134:opt_pmux$2763 $auto$opt_reduce.cc:134:opt_pmux$2761 }
    New ctrl vector for $pmux cell $flatten\seg_adder_vff_carry_16.$procmux$2543: $auto$opt_reduce.cc:134:opt_pmux$2765
    New ctrl vector for $pmux cell $flatten\seg_adder_vff_carry_17.$procmux$2519: { $auto$opt_reduce.cc:134:opt_pmux$2769 $auto$opt_reduce.cc:134:opt_pmux$2767 }
    New ctrl vector for $pmux cell $flatten\seg_adder_vff_carry_17.$procmux$2543: $auto$opt_reduce.cc:134:opt_pmux$2771
    New ctrl vector for $pmux cell $flatten\seg_adder_vff_carry_18.$procmux$2519: { $auto$opt_reduce.cc:134:opt_pmux$2775 $auto$opt_reduce.cc:134:opt_pmux$2773 }
    New ctrl vector for $pmux cell $flatten\seg_adder_vff_carry_18.$procmux$2543: $auto$opt_reduce.cc:134:opt_pmux$2777
    New ctrl vector for $pmux cell $flatten\seg_adder_vff_carry_19.$procmux$2519: { $auto$opt_reduce.cc:134:opt_pmux$2781 $auto$opt_reduce.cc:134:opt_pmux$2779 }
    New ctrl vector for $pmux cell $flatten\seg_adder_vff_carry_19.$procmux$2543: $auto$opt_reduce.cc:134:opt_pmux$2783
    New ctrl vector for $pmux cell $flatten\seg_adder_vff_carry_2.$procmux$2519: { $auto$opt_reduce.cc:134:opt_pmux$2787 $auto$opt_reduce.cc:134:opt_pmux$2785 }
    New ctrl vector for $pmux cell $flatten\seg_adder_vff_carry_2.$procmux$2543: $auto$opt_reduce.cc:134:opt_pmux$2789
    New ctrl vector for $pmux cell $flatten\seg_adder_vff_carry_20.$procmux$2519: { $auto$opt_reduce.cc:134:opt_pmux$2793 $auto$opt_reduce.cc:134:opt_pmux$2791 }
    New ctrl vector for $pmux cell $flatten\seg_adder_vff_carry_20.$procmux$2543: $auto$opt_reduce.cc:134:opt_pmux$2795
    New ctrl vector for $pmux cell $flatten\seg_adder_vff_carry_21.$procmux$2519: { $auto$opt_reduce.cc:134:opt_pmux$2799 $auto$opt_reduce.cc:134:opt_pmux$2797 }
    New ctrl vector for $pmux cell $flatten\seg_adder_vff_carry_21.$procmux$2543: $auto$opt_reduce.cc:134:opt_pmux$2801
    New ctrl vector for $pmux cell $flatten\seg_adder_vff_carry_22.$procmux$2519: { $auto$opt_reduce.cc:134:opt_pmux$2805 $auto$opt_reduce.cc:134:opt_pmux$2803 }
    New ctrl vector for $pmux cell $flatten\seg_adder_vff_carry_22.$procmux$2543: $auto$opt_reduce.cc:134:opt_pmux$2807
    New ctrl vector for $pmux cell $flatten\seg_adder_vff_carry_23.$procmux$2519: { $auto$opt_reduce.cc:134:opt_pmux$2811 $auto$opt_reduce.cc:134:opt_pmux$2809 }
    New ctrl vector for $pmux cell $flatten\seg_adder_vff_carry_23.$procmux$2543: $auto$opt_reduce.cc:134:opt_pmux$2813
    New ctrl vector for $pmux cell $flatten\seg_adder_vff_carry_3.$procmux$2519: { $auto$opt_reduce.cc:134:opt_pmux$2817 $auto$opt_reduce.cc:134:opt_pmux$2815 }
    New ctrl vector for $pmux cell $flatten\seg_adder_vff_carry_3.$procmux$2543: $auto$opt_reduce.cc:134:opt_pmux$2819
    New ctrl vector for $pmux cell $flatten\seg_adder_vff_carry_4.$procmux$2519: { $auto$opt_reduce.cc:134:opt_pmux$2823 $auto$opt_reduce.cc:134:opt_pmux$2821 }
    New ctrl vector for $pmux cell $flatten\seg_adder_vff_carry_4.$procmux$2543: $auto$opt_reduce.cc:134:opt_pmux$2825
    New ctrl vector for $pmux cell $flatten\seg_adder_vff_carry_5.$procmux$2519: { $auto$opt_reduce.cc:134:opt_pmux$2829 $auto$opt_reduce.cc:134:opt_pmux$2827 }
    New ctrl vector for $pmux cell $flatten\seg_adder_vff_carry_5.$procmux$2543: $auto$opt_reduce.cc:134:opt_pmux$2831
    New ctrl vector for $pmux cell $flatten\seg_adder_vff_carry_6.$procmux$2519: { $auto$opt_reduce.cc:134:opt_pmux$2835 $auto$opt_reduce.cc:134:opt_pmux$2833 }
    New ctrl vector for $pmux cell $flatten\seg_adder_vff_carry_6.$procmux$2543: $auto$opt_reduce.cc:134:opt_pmux$2837
    New ctrl vector for $pmux cell $flatten\seg_adder_vff_carry_7.$procmux$2519: { $auto$opt_reduce.cc:134:opt_pmux$2841 $auto$opt_reduce.cc:134:opt_pmux$2839 }
    New ctrl vector for $pmux cell $flatten\seg_adder_vff_carry_7.$procmux$2543: $auto$opt_reduce.cc:134:opt_pmux$2843
    New ctrl vector for $pmux cell $flatten\seg_adder_vff_carry_8.$procmux$2519: { $auto$opt_reduce.cc:134:opt_pmux$2847 $auto$opt_reduce.cc:134:opt_pmux$2845 }
    New ctrl vector for $pmux cell $flatten\seg_adder_vff_carry_8.$procmux$2543: $auto$opt_reduce.cc:134:opt_pmux$2849
    New ctrl vector for $pmux cell $flatten\seg_adder_vff_carry_9.$procmux$2519: { $auto$opt_reduce.cc:134:opt_pmux$2853 $auto$opt_reduce.cc:134:opt_pmux$2851 }
    New ctrl vector for $pmux cell $flatten\seg_adder_vff_carry_9.$procmux$2543: $auto$opt_reduce.cc:134:opt_pmux$2855
    Consolidated identical input bits for $mux cell $flatten\seg_adder_vff_in_0.$procmux$2569:
      Old ports: A=0, B=32'11111111111111111111111111111111, Y=$flatten\seg_adder_vff_in_0.$0$memwr$\arr$/teamspace/studios/this_studio/Melodica-Integration-into-Fife-Core/bsc/lib/Verilog/SizedFIFO.v:206$1816_EN[31:0]$1834
      New ports: A=1'0, B=1'1, Y=$flatten\seg_adder_vff_in_0.$0$memwr$\arr$/teamspace/studios/this_studio/Melodica-Integration-into-Fife-Core/bsc/lib/Verilog/SizedFIFO.v:206$1816_EN[31:0]$1834 [0]
      New connections: $flatten\seg_adder_vff_in_0.$0$memwr$\arr$/teamspace/studios/this_studio/Melodica-Integration-into-Fife-Core/bsc/lib/Verilog/SizedFIFO.v:206$1816_EN[31:0]$1834 [31:1] = { $flatten\seg_adder_vff_in_0.$0$memwr$\arr$/teamspace/studios/this_studio/Melodica-Integration-into-Fife-Core/bsc/lib/Verilog/SizedFIFO.v:206$1816_EN[31:0]$1834 [0] $flatten\seg_adder_vff_in_0.$0$memwr$\arr$/teamspace/studios/this_studio/Melodica-Integration-into-Fife-Core/bsc/lib/Verilog/SizedFIFO.v:206$1816_EN[31:0]$1834 [0] $flatten\seg_adder_vff_in_0.$0$memwr$\arr$/teamspace/studios/this_studio/Melodica-Integration-into-Fife-Core/bsc/lib/Verilog/SizedFIFO.v:206$1816_EN[31:0]$1834 [0] $flatten\seg_adder_vff_in_0.$0$memwr$\arr$/teamspace/studios/this_studio/Melodica-Integration-into-Fife-Core/bsc/lib/Verilog/SizedFIFO.v:206$1816_EN[31:0]$1834 [0] $flatten\seg_adder_vff_in_0.$0$memwr$\arr$/teamspace/studios/this_studio/Melodica-Integration-into-Fife-Core/bsc/lib/Verilog/SizedFIFO.v:206$1816_EN[31:0]$1834 [0] $flatten\seg_adder_vff_in_0.$0$memwr$\arr$/teamspace/studios/this_studio/Melodica-Integration-into-Fife-Core/bsc/lib/Verilog/SizedFIFO.v:206$1816_EN[31:0]$1834 [0] $flatten\seg_adder_vff_in_0.$0$memwr$\arr$/teamspace/studios/this_studio/Melodica-Integration-into-Fife-Core/bsc/lib/Verilog/SizedFIFO.v:206$1816_EN[31:0]$1834 [0] $flatten\seg_adder_vff_in_0.$0$memwr$\arr$/teamspace/studios/this_studio/Melodica-Integration-into-Fife-Core/bsc/lib/Verilog/SizedFIFO.v:206$1816_EN[31:0]$1834 [0] $flatten\seg_adder_vff_in_0.$0$memwr$\arr$/teamspace/studios/this_studio/Melodica-Integration-into-Fife-Core/bsc/lib/Verilog/SizedFIFO.v:206$1816_EN[31:0]$1834 [0] $flatten\seg_adder_vff_in_0.$0$memwr$\arr$/teamspace/studios/this_studio/Melodica-Integration-into-Fife-Core/bsc/lib/Verilog/SizedFIFO.v:206$1816_EN[31:0]$1834 [0] $flatten\seg_adder_vff_in_0.$0$memwr$\arr$/teamspace/studios/this_studio/Melodica-Integration-into-Fife-Core/bsc/lib/Verilog/SizedFIFO.v:206$1816_EN[31:0]$1834 [0] $flatten\seg_adder_vff_in_0.$0$memwr$\arr$/teamspace/studios/this_studio/Melodica-Integration-into-Fife-Core/bsc/lib/Verilog/SizedFIFO.v:206$1816_EN[31:0]$1834 [0] $flatten\seg_adder_vff_in_0.$0$memwr$\arr$/teamspace/studios/this_studio/Melodica-Integration-into-Fife-Core/bsc/lib/Verilog/SizedFIFO.v:206$1816_EN[31:0]$1834 [0] $flatten\seg_adder_vff_in_0.$0$memwr$\arr$/teamspace/studios/this_studio/Melodica-Integration-into-Fife-Core/bsc/lib/Verilog/SizedFIFO.v:206$1816_EN[31:0]$1834 [0] $flatten\seg_adder_vff_in_0.$0$memwr$\arr$/teamspace/studios/this_studio/Melodica-Integration-into-Fife-Core/bsc/lib/Verilog/SizedFIFO.v:206$1816_EN[31:0]$1834 [0] $flatten\seg_adder_vff_in_0.$0$memwr$\arr$/teamspace/studios/this_studio/Melodica-Integration-into-Fife-Core/bsc/lib/Verilog/SizedFIFO.v:206$1816_EN[31:0]$1834 [0] $flatten\seg_adder_vff_in_0.$0$memwr$\arr$/teamspace/studios/this_studio/Melodica-Integration-into-Fife-Core/bsc/lib/Verilog/SizedFIFO.v:206$1816_EN[31:0]$1834 [0] $flatten\seg_adder_vff_in_0.$0$memwr$\arr$/teamspace/studios/this_studio/Melodica-Integration-into-Fife-Core/bsc/lib/Verilog/SizedFIFO.v:206$1816_EN[31:0]$1834 [0] $flatten\seg_adder_vff_in_0.$0$memwr$\arr$/teamspace/studios/this_studio/Melodica-Integration-into-Fife-Core/bsc/lib/Verilog/SizedFIFO.v:206$1816_EN[31:0]$1834 [0] $flatten\seg_adder_vff_in_0.$0$memwr$\arr$/teamspace/studios/this_studio/Melodica-Integration-into-Fife-Core/bsc/lib/Verilog/SizedFIFO.v:206$1816_EN[31:0]$1834 [0] $flatten\seg_adder_vff_in_0.$0$memwr$\arr$/teamspace/studios/this_studio/Melodica-Integration-into-Fife-Core/bsc/lib/Verilog/SizedFIFO.v:206$1816_EN[31:0]$1834 [0] $flatten\seg_adder_vff_in_0.$0$memwr$\arr$/teamspace/studios/this_studio/Melodica-Integration-into-Fife-Core/bsc/lib/Verilog/SizedFIFO.v:206$1816_EN[31:0]$1834 [0] $flatten\seg_adder_vff_in_0.$0$memwr$\arr$/teamspace/studios/this_studio/Melodica-Integration-into-Fife-Core/bsc/lib/Verilog/SizedFIFO.v:206$1816_EN[31:0]$1834 [0] $flatten\seg_adder_vff_in_0.$0$memwr$\arr$/teamspace/studios/this_studio/Melodica-Integration-into-Fife-Core/bsc/lib/Verilog/SizedFIFO.v:206$1816_EN[31:0]$1834 [0] $flatten\seg_adder_vff_in_0.$0$memwr$\arr$/teamspace/studios/this_studio/Melodica-Integration-into-Fife-Core/bsc/lib/Verilog/SizedFIFO.v:206$1816_EN[31:0]$1834 [0] $flatten\seg_adder_vff_in_0.$0$memwr$\arr$/teamspace/studios/this_studio/Melodica-Integration-into-Fife-Core/bsc/lib/Verilog/SizedFIFO.v:206$1816_EN[31:0]$1834 [0] $flatten\seg_adder_vff_in_0.$0$memwr$\arr$/teamspace/studios/this_studio/Melodica-Integration-into-Fife-Core/bsc/lib/Verilog/SizedFIFO.v:206$1816_EN[31:0]$1834 [0] $flatten\seg_adder_vff_in_0.$0$memwr$\arr$/teamspace/studios/this_studio/Melodica-Integration-into-Fife-Core/bsc/lib/Verilog/SizedFIFO.v:206$1816_EN[31:0]$1834 [0] $flatten\seg_adder_vff_in_0.$0$memwr$\arr$/teamspace/studios/this_studio/Melodica-Integration-into-Fife-Core/bsc/lib/Verilog/SizedFIFO.v:206$1816_EN[31:0]$1834 [0] $flatten\seg_adder_vff_in_0.$0$memwr$\arr$/teamspace/studios/this_studio/Melodica-Integration-into-Fife-Core/bsc/lib/Verilog/SizedFIFO.v:206$1816_EN[31:0]$1834 [0] $flatten\seg_adder_vff_in_0.$0$memwr$\arr$/teamspace/studios/this_studio/Melodica-Integration-into-Fife-Core/bsc/lib/Verilog/SizedFIFO.v:206$1816_EN[31:0]$1834 [0] }
    New ctrl vector for $pmux cell $flatten\seg_adder_vff_in_0.$procmux$2577: { $auto$opt_reduce.cc:134:opt_pmux$2859 $auto$opt_reduce.cc:134:opt_pmux$2857 }
    New ctrl vector for $pmux cell $flatten\seg_adder_vff_in_0.$procmux$2601: $auto$opt_reduce.cc:134:opt_pmux$2861
    Consolidated identical input bits for $mux cell $flatten\seg_adder_vff_in_1.$procmux$2569:
      Old ports: A=0, B=32'11111111111111111111111111111111, Y=$flatten\seg_adder_vff_in_1.$0$memwr$\arr$/teamspace/studios/this_studio/Melodica-Integration-into-Fife-Core/bsc/lib/Verilog/SizedFIFO.v:206$1816_EN[31:0]$1834
      New ports: A=1'0, B=1'1, Y=$flatten\seg_adder_vff_in_1.$0$memwr$\arr$/teamspace/studios/this_studio/Melodica-Integration-into-Fife-Core/bsc/lib/Verilog/SizedFIFO.v:206$1816_EN[31:0]$1834 [0]
      New connections: $flatten\seg_adder_vff_in_1.$0$memwr$\arr$/teamspace/studios/this_studio/Melodica-Integration-into-Fife-Core/bsc/lib/Verilog/SizedFIFO.v:206$1816_EN[31:0]$1834 [31:1] = { $flatten\seg_adder_vff_in_1.$0$memwr$\arr$/teamspace/studios/this_studio/Melodica-Integration-into-Fife-Core/bsc/lib/Verilog/SizedFIFO.v:206$1816_EN[31:0]$1834 [0] $flatten\seg_adder_vff_in_1.$0$memwr$\arr$/teamspace/studios/this_studio/Melodica-Integration-into-Fife-Core/bsc/lib/Verilog/SizedFIFO.v:206$1816_EN[31:0]$1834 [0] $flatten\seg_adder_vff_in_1.$0$memwr$\arr$/teamspace/studios/this_studio/Melodica-Integration-into-Fife-Core/bsc/lib/Verilog/SizedFIFO.v:206$1816_EN[31:0]$1834 [0] $flatten\seg_adder_vff_in_1.$0$memwr$\arr$/teamspace/studios/this_studio/Melodica-Integration-into-Fife-Core/bsc/lib/Verilog/SizedFIFO.v:206$1816_EN[31:0]$1834 [0] $flatten\seg_adder_vff_in_1.$0$memwr$\arr$/teamspace/studios/this_studio/Melodica-Integration-into-Fife-Core/bsc/lib/Verilog/SizedFIFO.v:206$1816_EN[31:0]$1834 [0] $flatten\seg_adder_vff_in_1.$0$memwr$\arr$/teamspace/studios/this_studio/Melodica-Integration-into-Fife-Core/bsc/lib/Verilog/SizedFIFO.v:206$1816_EN[31:0]$1834 [0] $flatten\seg_adder_vff_in_1.$0$memwr$\arr$/teamspace/studios/this_studio/Melodica-Integration-into-Fife-Core/bsc/lib/Verilog/SizedFIFO.v:206$1816_EN[31:0]$1834 [0] $flatten\seg_adder_vff_in_1.$0$memwr$\arr$/teamspace/studios/this_studio/Melodica-Integration-into-Fife-Core/bsc/lib/Verilog/SizedFIFO.v:206$1816_EN[31:0]$1834 [0] $flatten\seg_adder_vff_in_1.$0$memwr$\arr$/teamspace/studios/this_studio/Melodica-Integration-into-Fife-Core/bsc/lib/Verilog/SizedFIFO.v:206$1816_EN[31:0]$1834 [0] $flatten\seg_adder_vff_in_1.$0$memwr$\arr$/teamspace/studios/this_studio/Melodica-Integration-into-Fife-Core/bsc/lib/Verilog/SizedFIFO.v:206$1816_EN[31:0]$1834 [0] $flatten\seg_adder_vff_in_1.$0$memwr$\arr$/teamspace/studios/this_studio/Melodica-Integration-into-Fife-Core/bsc/lib/Verilog/SizedFIFO.v:206$1816_EN[31:0]$1834 [0] $flatten\seg_adder_vff_in_1.$0$memwr$\arr$/teamspace/studios/this_studio/Melodica-Integration-into-Fife-Core/bsc/lib/Verilog/SizedFIFO.v:206$1816_EN[31:0]$1834 [0] $flatten\seg_adder_vff_in_1.$0$memwr$\arr$/teamspace/studios/this_studio/Melodica-Integration-into-Fife-Core/bsc/lib/Verilog/SizedFIFO.v:206$1816_EN[31:0]$1834 [0] $flatten\seg_adder_vff_in_1.$0$memwr$\arr$/teamspace/studios/this_studio/Melodica-Integration-into-Fife-Core/bsc/lib/Verilog/SizedFIFO.v:206$1816_EN[31:0]$1834 [0] $flatten\seg_adder_vff_in_1.$0$memwr$\arr$/teamspace/studios/this_studio/Melodica-Integration-into-Fife-Core/bsc/lib/Verilog/SizedFIFO.v:206$1816_EN[31:0]$1834 [0] $flatten\seg_adder_vff_in_1.$0$memwr$\arr$/teamspace/studios/this_studio/Melodica-Integration-into-Fife-Core/bsc/lib/Verilog/SizedFIFO.v:206$1816_EN[31:0]$1834 [0] $flatten\seg_adder_vff_in_1.$0$memwr$\arr$/teamspace/studios/this_studio/Melodica-Integration-into-Fife-Core/bsc/lib/Verilog/SizedFIFO.v:206$1816_EN[31:0]$1834 [0] $flatten\seg_adder_vff_in_1.$0$memwr$\arr$/teamspace/studios/this_studio/Melodica-Integration-into-Fife-Core/bsc/lib/Verilog/SizedFIFO.v:206$1816_EN[31:0]$1834 [0] $flatten\seg_adder_vff_in_1.$0$memwr$\arr$/teamspace/studios/this_studio/Melodica-Integration-into-Fife-Core/bsc/lib/Verilog/SizedFIFO.v:206$1816_EN[31:0]$1834 [0] $flatten\seg_adder_vff_in_1.$0$memwr$\arr$/teamspace/studios/this_studio/Melodica-Integration-into-Fife-Core/bsc/lib/Verilog/SizedFIFO.v:206$1816_EN[31:0]$1834 [0] $flatten\seg_adder_vff_in_1.$0$memwr$\arr$/teamspace/studios/this_studio/Melodica-Integration-into-Fife-Core/bsc/lib/Verilog/SizedFIFO.v:206$1816_EN[31:0]$1834 [0] $flatten\seg_adder_vff_in_1.$0$memwr$\arr$/teamspace/studios/this_studio/Melodica-Integration-into-Fife-Core/bsc/lib/Verilog/SizedFIFO.v:206$1816_EN[31:0]$1834 [0] $flatten\seg_adder_vff_in_1.$0$memwr$\arr$/teamspace/studios/this_studio/Melodica-Integration-into-Fife-Core/bsc/lib/Verilog/SizedFIFO.v:206$1816_EN[31:0]$1834 [0] $flatten\seg_adder_vff_in_1.$0$memwr$\arr$/teamspace/studios/this_studio/Melodica-Integration-into-Fife-Core/bsc/lib/Verilog/SizedFIFO.v:206$1816_EN[31:0]$1834 [0] $flatten\seg_adder_vff_in_1.$0$memwr$\arr$/teamspace/studios/this_studio/Melodica-Integration-into-Fife-Core/bsc/lib/Verilog/SizedFIFO.v:206$1816_EN[31:0]$1834 [0] $flatten\seg_adder_vff_in_1.$0$memwr$\arr$/teamspace/studios/this_studio/Melodica-Integration-into-Fife-Core/bsc/lib/Verilog/SizedFIFO.v:206$1816_EN[31:0]$1834 [0] $flatten\seg_adder_vff_in_1.$0$memwr$\arr$/teamspace/studios/this_studio/Melodica-Integration-into-Fife-Core/bsc/lib/Verilog/SizedFIFO.v:206$1816_EN[31:0]$1834 [0] $flatten\seg_adder_vff_in_1.$0$memwr$\arr$/teamspace/studios/this_studio/Melodica-Integration-into-Fife-Core/bsc/lib/Verilog/SizedFIFO.v:206$1816_EN[31:0]$1834 [0] $flatten\seg_adder_vff_in_1.$0$memwr$\arr$/teamspace/studios/this_studio/Melodica-Integration-into-Fife-Core/bsc/lib/Verilog/SizedFIFO.v:206$1816_EN[31:0]$1834 [0] $flatten\seg_adder_vff_in_1.$0$memwr$\arr$/teamspace/studios/this_studio/Melodica-Integration-into-Fife-Core/bsc/lib/Verilog/SizedFIFO.v:206$1816_EN[31:0]$1834 [0] $flatten\seg_adder_vff_in_1.$0$memwr$\arr$/teamspace/studios/this_studio/Melodica-Integration-into-Fife-Core/bsc/lib/Verilog/SizedFIFO.v:206$1816_EN[31:0]$1834 [0] }
    New ctrl vector for $pmux cell $flatten\seg_adder_vff_in_1.$procmux$2577: { $auto$opt_reduce.cc:134:opt_pmux$2865 $auto$opt_reduce.cc:134:opt_pmux$2863 }
    New ctrl vector for $pmux cell $flatten\seg_adder_vff_in_1.$procmux$2601: $auto$opt_reduce.cc:134:opt_pmux$2867
    Consolidated identical input bits for $mux cell $flatten\seg_adder_vff_in_10.$procmux$2569:
      Old ports: A=0, B=32'11111111111111111111111111111111, Y=$flatten\seg_adder_vff_in_10.$0$memwr$\arr$/teamspace/studios/this_studio/Melodica-Integration-into-Fife-Core/bsc/lib/Verilog/SizedFIFO.v:206$1816_EN[31:0]$1834
      New ports: A=1'0, B=1'1, Y=$flatten\seg_adder_vff_in_10.$0$memwr$\arr$/teamspace/studios/this_studio/Melodica-Integration-into-Fife-Core/bsc/lib/Verilog/SizedFIFO.v:206$1816_EN[31:0]$1834 [0]
      New connections: $flatten\seg_adder_vff_in_10.$0$memwr$\arr$/teamspace/studios/this_studio/Melodica-Integration-into-Fife-Core/bsc/lib/Verilog/SizedFIFO.v:206$1816_EN[31:0]$1834 [31:1] = { $flatten\seg_adder_vff_in_10.$0$memwr$\arr$/teamspace/studios/this_studio/Melodica-Integration-into-Fife-Core/bsc/lib/Verilog/SizedFIFO.v:206$1816_EN[31:0]$1834 [0] $flatten\seg_adder_vff_in_10.$0$memwr$\arr$/teamspace/studios/this_studio/Melodica-Integration-into-Fife-Core/bsc/lib/Verilog/SizedFIFO.v:206$1816_EN[31:0]$1834 [0] $flatten\seg_adder_vff_in_10.$0$memwr$\arr$/teamspace/studios/this_studio/Melodica-Integration-into-Fife-Core/bsc/lib/Verilog/SizedFIFO.v:206$1816_EN[31:0]$1834 [0] $flatten\seg_adder_vff_in_10.$0$memwr$\arr$/teamspace/studios/this_studio/Melodica-Integration-into-Fife-Core/bsc/lib/Verilog/SizedFIFO.v:206$1816_EN[31:0]$1834 [0] $flatten\seg_adder_vff_in_10.$0$memwr$\arr$/teamspace/studios/this_studio/Melodica-Integration-into-Fife-Core/bsc/lib/Verilog/SizedFIFO.v:206$1816_EN[31:0]$1834 [0] $flatten\seg_adder_vff_in_10.$0$memwr$\arr$/teamspace/studios/this_studio/Melodica-Integration-into-Fife-Core/bsc/lib/Verilog/SizedFIFO.v:206$1816_EN[31:0]$1834 [0] $flatten\seg_adder_vff_in_10.$0$memwr$\arr$/teamspace/studios/this_studio/Melodica-Integration-into-Fife-Core/bsc/lib/Verilog/SizedFIFO.v:206$1816_EN[31:0]$1834 [0] $flatten\seg_adder_vff_in_10.$0$memwr$\arr$/teamspace/studios/this_studio/Melodica-Integration-into-Fife-Core/bsc/lib/Verilog/SizedFIFO.v:206$1816_EN[31:0]$1834 [0] $flatten\seg_adder_vff_in_10.$0$memwr$\arr$/teamspace/studios/this_studio/Melodica-Integration-into-Fife-Core/bsc/lib/Verilog/SizedFIFO.v:206$1816_EN[31:0]$1834 [0] $flatten\seg_adder_vff_in_10.$0$memwr$\arr$/teamspace/studios/this_studio/Melodica-Integration-into-Fife-Core/bsc/lib/Verilog/SizedFIFO.v:206$1816_EN[31:0]$1834 [0] $flatten\seg_adder_vff_in_10.$0$memwr$\arr$/teamspace/studios/this_studio/Melodica-Integration-into-Fife-Core/bsc/lib/Verilog/SizedFIFO.v:206$1816_EN[31:0]$1834 [0] $flatten\seg_adder_vff_in_10.$0$memwr$\arr$/teamspace/studios/this_studio/Melodica-Integration-into-Fife-Core/bsc/lib/Verilog/SizedFIFO.v:206$1816_EN[31:0]$1834 [0] $flatten\seg_adder_vff_in_10.$0$memwr$\arr$/teamspace/studios/this_studio/Melodica-Integration-into-Fife-Core/bsc/lib/Verilog/SizedFIFO.v:206$1816_EN[31:0]$1834 [0] $flatten\seg_adder_vff_in_10.$0$memwr$\arr$/teamspace/studios/this_studio/Melodica-Integration-into-Fife-Core/bsc/lib/Verilog/SizedFIFO.v:206$1816_EN[31:0]$1834 [0] $flatten\seg_adder_vff_in_10.$0$memwr$\arr$/teamspace/studios/this_studio/Melodica-Integration-into-Fife-Core/bsc/lib/Verilog/SizedFIFO.v:206$1816_EN[31:0]$1834 [0] $flatten\seg_adder_vff_in_10.$0$memwr$\arr$/teamspace/studios/this_studio/Melodica-Integration-into-Fife-Core/bsc/lib/Verilog/SizedFIFO.v:206$1816_EN[31:0]$1834 [0] $flatten\seg_adder_vff_in_10.$0$memwr$\arr$/teamspace/studios/this_studio/Melodica-Integration-into-Fife-Core/bsc/lib/Verilog/SizedFIFO.v:206$1816_EN[31:0]$1834 [0] $flatten\seg_adder_vff_in_10.$0$memwr$\arr$/teamspace/studios/this_studio/Melodica-Integration-into-Fife-Core/bsc/lib/Verilog/SizedFIFO.v:206$1816_EN[31:0]$1834 [0] $flatten\seg_adder_vff_in_10.$0$memwr$\arr$/teamspace/studios/this_studio/Melodica-Integration-into-Fife-Core/bsc/lib/Verilog/SizedFIFO.v:206$1816_EN[31:0]$1834 [0] $flatten\seg_adder_vff_in_10.$0$memwr$\arr$/teamspace/studios/this_studio/Melodica-Integration-into-Fife-Core/bsc/lib/Verilog/SizedFIFO.v:206$1816_EN[31:0]$1834 [0] $flatten\seg_adder_vff_in_10.$0$memwr$\arr$/teamspace/studios/this_studio/Melodica-Integration-into-Fife-Core/bsc/lib/Verilog/SizedFIFO.v:206$1816_EN[31:0]$1834 [0] $flatten\seg_adder_vff_in_10.$0$memwr$\arr$/teamspace/studios/this_studio/Melodica-Integration-into-Fife-Core/bsc/lib/Verilog/SizedFIFO.v:206$1816_EN[31:0]$1834 [0] $flatten\seg_adder_vff_in_10.$0$memwr$\arr$/teamspace/studios/this_studio/Melodica-Integration-into-Fife-Core/bsc/lib/Verilog/SizedFIFO.v:206$1816_EN[31:0]$1834 [0] $flatten\seg_adder_vff_in_10.$0$memwr$\arr$/teamspace/studios/this_studio/Melodica-Integration-into-Fife-Core/bsc/lib/Verilog/SizedFIFO.v:206$1816_EN[31:0]$1834 [0] $flatten\seg_adder_vff_in_10.$0$memwr$\arr$/teamspace/studios/this_studio/Melodica-Integration-into-Fife-Core/bsc/lib/Verilog/SizedFIFO.v:206$1816_EN[31:0]$1834 [0] $flatten\seg_adder_vff_in_10.$0$memwr$\arr$/teamspace/studios/this_studio/Melodica-Integration-into-Fife-Core/bsc/lib/Verilog/SizedFIFO.v:206$1816_EN[31:0]$1834 [0] $flatten\seg_adder_vff_in_10.$0$memwr$\arr$/teamspace/studios/this_studio/Melodica-Integration-into-Fife-Core/bsc/lib/Verilog/SizedFIFO.v:206$1816_EN[31:0]$1834 [0] $flatten\seg_adder_vff_in_10.$0$memwr$\arr$/teamspace/studios/this_studio/Melodica-Integration-into-Fife-Core/bsc/lib/Verilog/SizedFIFO.v:206$1816_EN[31:0]$1834 [0] $flatten\seg_adder_vff_in_10.$0$memwr$\arr$/teamspace/studios/this_studio/Melodica-Integration-into-Fife-Core/bsc/lib/Verilog/SizedFIFO.v:206$1816_EN[31:0]$1834 [0] $flatten\seg_adder_vff_in_10.$0$memwr$\arr$/teamspace/studios/this_studio/Melodica-Integration-into-Fife-Core/bsc/lib/Verilog/SizedFIFO.v:206$1816_EN[31:0]$1834 [0] $flatten\seg_adder_vff_in_10.$0$memwr$\arr$/teamspace/studios/this_studio/Melodica-Integration-into-Fife-Core/bsc/lib/Verilog/SizedFIFO.v:206$1816_EN[31:0]$1834 [0] }
    New ctrl vector for $pmux cell $flatten\seg_adder_vff_in_10.$procmux$2577: { $auto$opt_reduce.cc:134:opt_pmux$2871 $auto$opt_reduce.cc:134:opt_pmux$2869 }
    New ctrl vector for $pmux cell $flatten\seg_adder_vff_in_10.$procmux$2601: $auto$opt_reduce.cc:134:opt_pmux$2873
    Consolidated identical input bits for $mux cell $flatten\seg_adder_vff_in_11.$procmux$2569:
      Old ports: A=0, B=32'11111111111111111111111111111111, Y=$flatten\seg_adder_vff_in_11.$0$memwr$\arr$/teamspace/studios/this_studio/Melodica-Integration-into-Fife-Core/bsc/lib/Verilog/SizedFIFO.v:206$1816_EN[31:0]$1834
      New ports: A=1'0, B=1'1, Y=$flatten\seg_adder_vff_in_11.$0$memwr$\arr$/teamspace/studios/this_studio/Melodica-Integration-into-Fife-Core/bsc/lib/Verilog/SizedFIFO.v:206$1816_EN[31:0]$1834 [0]
      New connections: $flatten\seg_adder_vff_in_11.$0$memwr$\arr$/teamspace/studios/this_studio/Melodica-Integration-into-Fife-Core/bsc/lib/Verilog/SizedFIFO.v:206$1816_EN[31:0]$1834 [31:1] = { $flatten\seg_adder_vff_in_11.$0$memwr$\arr$/teamspace/studios/this_studio/Melodica-Integration-into-Fife-Core/bsc/lib/Verilog/SizedFIFO.v:206$1816_EN[31:0]$1834 [0] $flatten\seg_adder_vff_in_11.$0$memwr$\arr$/teamspace/studios/this_studio/Melodica-Integration-into-Fife-Core/bsc/lib/Verilog/SizedFIFO.v:206$1816_EN[31:0]$1834 [0] $flatten\seg_adder_vff_in_11.$0$memwr$\arr$/teamspace/studios/this_studio/Melodica-Integration-into-Fife-Core/bsc/lib/Verilog/SizedFIFO.v:206$1816_EN[31:0]$1834 [0] $flatten\seg_adder_vff_in_11.$0$memwr$\arr$/teamspace/studios/this_studio/Melodica-Integration-into-Fife-Core/bsc/lib/Verilog/SizedFIFO.v:206$1816_EN[31:0]$1834 [0] $flatten\seg_adder_vff_in_11.$0$memwr$\arr$/teamspace/studios/this_studio/Melodica-Integration-into-Fife-Core/bsc/lib/Verilog/SizedFIFO.v:206$1816_EN[31:0]$1834 [0] $flatten\seg_adder_vff_in_11.$0$memwr$\arr$/teamspace/studios/this_studio/Melodica-Integration-into-Fife-Core/bsc/lib/Verilog/SizedFIFO.v:206$1816_EN[31:0]$1834 [0] $flatten\seg_adder_vff_in_11.$0$memwr$\arr$/teamspace/studios/this_studio/Melodica-Integration-into-Fife-Core/bsc/lib/Verilog/SizedFIFO.v:206$1816_EN[31:0]$1834 [0] $flatten\seg_adder_vff_in_11.$0$memwr$\arr$/teamspace/studios/this_studio/Melodica-Integration-into-Fife-Core/bsc/lib/Verilog/SizedFIFO.v:206$1816_EN[31:0]$1834 [0] $flatten\seg_adder_vff_in_11.$0$memwr$\arr$/teamspace/studios/this_studio/Melodica-Integration-into-Fife-Core/bsc/lib/Verilog/SizedFIFO.v:206$1816_EN[31:0]$1834 [0] $flatten\seg_adder_vff_in_11.$0$memwr$\arr$/teamspace/studios/this_studio/Melodica-Integration-into-Fife-Core/bsc/lib/Verilog/SizedFIFO.v:206$1816_EN[31:0]$1834 [0] $flatten\seg_adder_vff_in_11.$0$memwr$\arr$/teamspace/studios/this_studio/Melodica-Integration-into-Fife-Core/bsc/lib/Verilog/SizedFIFO.v:206$1816_EN[31:0]$1834 [0] $flatten\seg_adder_vff_in_11.$0$memwr$\arr$/teamspace/studios/this_studio/Melodica-Integration-into-Fife-Core/bsc/lib/Verilog/SizedFIFO.v:206$1816_EN[31:0]$1834 [0] $flatten\seg_adder_vff_in_11.$0$memwr$\arr$/teamspace/studios/this_studio/Melodica-Integration-into-Fife-Core/bsc/lib/Verilog/SizedFIFO.v:206$1816_EN[31:0]$1834 [0] $flatten\seg_adder_vff_in_11.$0$memwr$\arr$/teamspace/studios/this_studio/Melodica-Integration-into-Fife-Core/bsc/lib/Verilog/SizedFIFO.v:206$1816_EN[31:0]$1834 [0] $flatten\seg_adder_vff_in_11.$0$memwr$\arr$/teamspace/studios/this_studio/Melodica-Integration-into-Fife-Core/bsc/lib/Verilog/SizedFIFO.v:206$1816_EN[31:0]$1834 [0] $flatten\seg_adder_vff_in_11.$0$memwr$\arr$/teamspace/studios/this_studio/Melodica-Integration-into-Fife-Core/bsc/lib/Verilog/SizedFIFO.v:206$1816_EN[31:0]$1834 [0] $flatten\seg_adder_vff_in_11.$0$memwr$\arr$/teamspace/studios/this_studio/Melodica-Integration-into-Fife-Core/bsc/lib/Verilog/SizedFIFO.v:206$1816_EN[31:0]$1834 [0] $flatten\seg_adder_vff_in_11.$0$memwr$\arr$/teamspace/studios/this_studio/Melodica-Integration-into-Fife-Core/bsc/lib/Verilog/SizedFIFO.v:206$1816_EN[31:0]$1834 [0] $flatten\seg_adder_vff_in_11.$0$memwr$\arr$/teamspace/studios/this_studio/Melodica-Integration-into-Fife-Core/bsc/lib/Verilog/SizedFIFO.v:206$1816_EN[31:0]$1834 [0] $flatten\seg_adder_vff_in_11.$0$memwr$\arr$/teamspace/studios/this_studio/Melodica-Integration-into-Fife-Core/bsc/lib/Verilog/SizedFIFO.v:206$1816_EN[31:0]$1834 [0] $flatten\seg_adder_vff_in_11.$0$memwr$\arr$/teamspace/studios/this_studio/Melodica-Integration-into-Fife-Core/bsc/lib/Verilog/SizedFIFO.v:206$1816_EN[31:0]$1834 [0] $flatten\seg_adder_vff_in_11.$0$memwr$\arr$/teamspace/studios/this_studio/Melodica-Integration-into-Fife-Core/bsc/lib/Verilog/SizedFIFO.v:206$1816_EN[31:0]$1834 [0] $flatten\seg_adder_vff_in_11.$0$memwr$\arr$/teamspace/studios/this_studio/Melodica-Integration-into-Fife-Core/bsc/lib/Verilog/SizedFIFO.v:206$1816_EN[31:0]$1834 [0] $flatten\seg_adder_vff_in_11.$0$memwr$\arr$/teamspace/studios/this_studio/Melodica-Integration-into-Fife-Core/bsc/lib/Verilog/SizedFIFO.v:206$1816_EN[31:0]$1834 [0] $flatten\seg_adder_vff_in_11.$0$memwr$\arr$/teamspace/studios/this_studio/Melodica-Integration-into-Fife-Core/bsc/lib/Verilog/SizedFIFO.v:206$1816_EN[31:0]$1834 [0] $flatten\seg_adder_vff_in_11.$0$memwr$\arr$/teamspace/studios/this_studio/Melodica-Integration-into-Fife-Core/bsc/lib/Verilog/SizedFIFO.v:206$1816_EN[31:0]$1834 [0] $flatten\seg_adder_vff_in_11.$0$memwr$\arr$/teamspace/studios/this_studio/Melodica-Integration-into-Fife-Core/bsc/lib/Verilog/SizedFIFO.v:206$1816_EN[31:0]$1834 [0] $flatten\seg_adder_vff_in_11.$0$memwr$\arr$/teamspace/studios/this_studio/Melodica-Integration-into-Fife-Core/bsc/lib/Verilog/SizedFIFO.v:206$1816_EN[31:0]$1834 [0] $flatten\seg_adder_vff_in_11.$0$memwr$\arr$/teamspace/studios/this_studio/Melodica-Integration-into-Fife-Core/bsc/lib/Verilog/SizedFIFO.v:206$1816_EN[31:0]$1834 [0] $flatten\seg_adder_vff_in_11.$0$memwr$\arr$/teamspace/studios/this_studio/Melodica-Integration-into-Fife-Core/bsc/lib/Verilog/SizedFIFO.v:206$1816_EN[31:0]$1834 [0] $flatten\seg_adder_vff_in_11.$0$memwr$\arr$/teamspace/studios/this_studio/Melodica-Integration-into-Fife-Core/bsc/lib/Verilog/SizedFIFO.v:206$1816_EN[31:0]$1834 [0] }
    New ctrl vector for $pmux cell $flatten\seg_adder_vff_in_11.$procmux$2577: { $auto$opt_reduce.cc:134:opt_pmux$2877 $auto$opt_reduce.cc:134:opt_pmux$2875 }
    New ctrl vector for $pmux cell $flatten\seg_adder_vff_in_11.$procmux$2601: $auto$opt_reduce.cc:134:opt_pmux$2879
    Consolidated identical input bits for $mux cell $flatten\seg_adder_vff_in_12.$procmux$2569:
      Old ports: A=0, B=32'11111111111111111111111111111111, Y=$flatten\seg_adder_vff_in_12.$0$memwr$\arr$/teamspace/studios/this_studio/Melodica-Integration-into-Fife-Core/bsc/lib/Verilog/SizedFIFO.v:206$1816_EN[31:0]$1834
      New ports: A=1'0, B=1'1, Y=$flatten\seg_adder_vff_in_12.$0$memwr$\arr$/teamspace/studios/this_studio/Melodica-Integration-into-Fife-Core/bsc/lib/Verilog/SizedFIFO.v:206$1816_EN[31:0]$1834 [0]
      New connections: $flatten\seg_adder_vff_in_12.$0$memwr$\arr$/teamspace/studios/this_studio/Melodica-Integration-into-Fife-Core/bsc/lib/Verilog/SizedFIFO.v:206$1816_EN[31:0]$1834 [31:1] = { $flatten\seg_adder_vff_in_12.$0$memwr$\arr$/teamspace/studios/this_studio/Melodica-Integration-into-Fife-Core/bsc/lib/Verilog/SizedFIFO.v:206$1816_EN[31:0]$1834 [0] $flatten\seg_adder_vff_in_12.$0$memwr$\arr$/teamspace/studios/this_studio/Melodica-Integration-into-Fife-Core/bsc/lib/Verilog/SizedFIFO.v:206$1816_EN[31:0]$1834 [0] $flatten\seg_adder_vff_in_12.$0$memwr$\arr$/teamspace/studios/this_studio/Melodica-Integration-into-Fife-Core/bsc/lib/Verilog/SizedFIFO.v:206$1816_EN[31:0]$1834 [0] $flatten\seg_adder_vff_in_12.$0$memwr$\arr$/teamspace/studios/this_studio/Melodica-Integration-into-Fife-Core/bsc/lib/Verilog/SizedFIFO.v:206$1816_EN[31:0]$1834 [0] $flatten\seg_adder_vff_in_12.$0$memwr$\arr$/teamspace/studios/this_studio/Melodica-Integration-into-Fife-Core/bsc/lib/Verilog/SizedFIFO.v:206$1816_EN[31:0]$1834 [0] $flatten\seg_adder_vff_in_12.$0$memwr$\arr$/teamspace/studios/this_studio/Melodica-Integration-into-Fife-Core/bsc/lib/Verilog/SizedFIFO.v:206$1816_EN[31:0]$1834 [0] $flatten\seg_adder_vff_in_12.$0$memwr$\arr$/teamspace/studios/this_studio/Melodica-Integration-into-Fife-Core/bsc/lib/Verilog/SizedFIFO.v:206$1816_EN[31:0]$1834 [0] $flatten\seg_adder_vff_in_12.$0$memwr$\arr$/teamspace/studios/this_studio/Melodica-Integration-into-Fife-Core/bsc/lib/Verilog/SizedFIFO.v:206$1816_EN[31:0]$1834 [0] $flatten\seg_adder_vff_in_12.$0$memwr$\arr$/teamspace/studios/this_studio/Melodica-Integration-into-Fife-Core/bsc/lib/Verilog/SizedFIFO.v:206$1816_EN[31:0]$1834 [0] $flatten\seg_adder_vff_in_12.$0$memwr$\arr$/teamspace/studios/this_studio/Melodica-Integration-into-Fife-Core/bsc/lib/Verilog/SizedFIFO.v:206$1816_EN[31:0]$1834 [0] $flatten\seg_adder_vff_in_12.$0$memwr$\arr$/teamspace/studios/this_studio/Melodica-Integration-into-Fife-Core/bsc/lib/Verilog/SizedFIFO.v:206$1816_EN[31:0]$1834 [0] $flatten\seg_adder_vff_in_12.$0$memwr$\arr$/teamspace/studios/this_studio/Melodica-Integration-into-Fife-Core/bsc/lib/Verilog/SizedFIFO.v:206$1816_EN[31:0]$1834 [0] $flatten\seg_adder_vff_in_12.$0$memwr$\arr$/teamspace/studios/this_studio/Melodica-Integration-into-Fife-Core/bsc/lib/Verilog/SizedFIFO.v:206$1816_EN[31:0]$1834 [0] $flatten\seg_adder_vff_in_12.$0$memwr$\arr$/teamspace/studios/this_studio/Melodica-Integration-into-Fife-Core/bsc/lib/Verilog/SizedFIFO.v:206$1816_EN[31:0]$1834 [0] $flatten\seg_adder_vff_in_12.$0$memwr$\arr$/teamspace/studios/this_studio/Melodica-Integration-into-Fife-Core/bsc/lib/Verilog/SizedFIFO.v:206$1816_EN[31:0]$1834 [0] $flatten\seg_adder_vff_in_12.$0$memwr$\arr$/teamspace/studios/this_studio/Melodica-Integration-into-Fife-Core/bsc/lib/Verilog/SizedFIFO.v:206$1816_EN[31:0]$1834 [0] $flatten\seg_adder_vff_in_12.$0$memwr$\arr$/teamspace/studios/this_studio/Melodica-Integration-into-Fife-Core/bsc/lib/Verilog/SizedFIFO.v:206$1816_EN[31:0]$1834 [0] $flatten\seg_adder_vff_in_12.$0$memwr$\arr$/teamspace/studios/this_studio/Melodica-Integration-into-Fife-Core/bsc/lib/Verilog/SizedFIFO.v:206$1816_EN[31:0]$1834 [0] $flatten\seg_adder_vff_in_12.$0$memwr$\arr$/teamspace/studios/this_studio/Melodica-Integration-into-Fife-Core/bsc/lib/Verilog/SizedFIFO.v:206$1816_EN[31:0]$1834 [0] $flatten\seg_adder_vff_in_12.$0$memwr$\arr$/teamspace/studios/this_studio/Melodica-Integration-into-Fife-Core/bsc/lib/Verilog/SizedFIFO.v:206$1816_EN[31:0]$1834 [0] $flatten\seg_adder_vff_in_12.$0$memwr$\arr$/teamspace/studios/this_studio/Melodica-Integration-into-Fife-Core/bsc/lib/Verilog/SizedFIFO.v:206$1816_EN[31:0]$1834 [0] $flatten\seg_adder_vff_in_12.$0$memwr$\arr$/teamspace/studios/this_studio/Melodica-Integration-into-Fife-Core/bsc/lib/Verilog/SizedFIFO.v:206$1816_EN[31:0]$1834 [0] $flatten\seg_adder_vff_in_12.$0$memwr$\arr$/teamspace/studios/this_studio/Melodica-Integration-into-Fife-Core/bsc/lib/Verilog/SizedFIFO.v:206$1816_EN[31:0]$1834 [0] $flatten\seg_adder_vff_in_12.$0$memwr$\arr$/teamspace/studios/this_studio/Melodica-Integration-into-Fife-Core/bsc/lib/Verilog/SizedFIFO.v:206$1816_EN[31:0]$1834 [0] $flatten\seg_adder_vff_in_12.$0$memwr$\arr$/teamspace/studios/this_studio/Melodica-Integration-into-Fife-Core/bsc/lib/Verilog/SizedFIFO.v:206$1816_EN[31:0]$1834 [0] $flatten\seg_adder_vff_in_12.$0$memwr$\arr$/teamspace/studios/this_studio/Melodica-Integration-into-Fife-Core/bsc/lib/Verilog/SizedFIFO.v:206$1816_EN[31:0]$1834 [0] $flatten\seg_adder_vff_in_12.$0$memwr$\arr$/teamspace/studios/this_studio/Melodica-Integration-into-Fife-Core/bsc/lib/Verilog/SizedFIFO.v:206$1816_EN[31:0]$1834 [0] $flatten\seg_adder_vff_in_12.$0$memwr$\arr$/teamspace/studios/this_studio/Melodica-Integration-into-Fife-Core/bsc/lib/Verilog/SizedFIFO.v:206$1816_EN[31:0]$1834 [0] $flatten\seg_adder_vff_in_12.$0$memwr$\arr$/teamspace/studios/this_studio/Melodica-Integration-into-Fife-Core/bsc/lib/Verilog/SizedFIFO.v:206$1816_EN[31:0]$1834 [0] $flatten\seg_adder_vff_in_12.$0$memwr$\arr$/teamspace/studios/this_studio/Melodica-Integration-into-Fife-Core/bsc/lib/Verilog/SizedFIFO.v:206$1816_EN[31:0]$1834 [0] $flatten\seg_adder_vff_in_12.$0$memwr$\arr$/teamspace/studios/this_studio/Melodica-Integration-into-Fife-Core/bsc/lib/Verilog/SizedFIFO.v:206$1816_EN[31:0]$1834 [0] }
    New ctrl vector for $pmux cell $flatten\seg_adder_vff_in_12.$procmux$2577: { $auto$opt_reduce.cc:134:opt_pmux$2883 $auto$opt_reduce.cc:134:opt_pmux$2881 }
    New ctrl vector for $pmux cell $flatten\seg_adder_vff_in_12.$procmux$2601: $auto$opt_reduce.cc:134:opt_pmux$2885
    Consolidated identical input bits for $mux cell $flatten\seg_adder_vff_in_13.$procmux$2569:
      Old ports: A=0, B=32'11111111111111111111111111111111, Y=$flatten\seg_adder_vff_in_13.$0$memwr$\arr$/teamspace/studios/this_studio/Melodica-Integration-into-Fife-Core/bsc/lib/Verilog/SizedFIFO.v:206$1816_EN[31:0]$1834
      New ports: A=1'0, B=1'1, Y=$flatten\seg_adder_vff_in_13.$0$memwr$\arr$/teamspace/studios/this_studio/Melodica-Integration-into-Fife-Core/bsc/lib/Verilog/SizedFIFO.v:206$1816_EN[31:0]$1834 [0]
      New connections: $flatten\seg_adder_vff_in_13.$0$memwr$\arr$/teamspace/studios/this_studio/Melodica-Integration-into-Fife-Core/bsc/lib/Verilog/SizedFIFO.v:206$1816_EN[31:0]$1834 [31:1] = { $flatten\seg_adder_vff_in_13.$0$memwr$\arr$/teamspace/studios/this_studio/Melodica-Integration-into-Fife-Core/bsc/lib/Verilog/SizedFIFO.v:206$1816_EN[31:0]$1834 [0] $flatten\seg_adder_vff_in_13.$0$memwr$\arr$/teamspace/studios/this_studio/Melodica-Integration-into-Fife-Core/bsc/lib/Verilog/SizedFIFO.v:206$1816_EN[31:0]$1834 [0] $flatten\seg_adder_vff_in_13.$0$memwr$\arr$/teamspace/studios/this_studio/Melodica-Integration-into-Fife-Core/bsc/lib/Verilog/SizedFIFO.v:206$1816_EN[31:0]$1834 [0] $flatten\seg_adder_vff_in_13.$0$memwr$\arr$/teamspace/studios/this_studio/Melodica-Integration-into-Fife-Core/bsc/lib/Verilog/SizedFIFO.v:206$1816_EN[31:0]$1834 [0] $flatten\seg_adder_vff_in_13.$0$memwr$\arr$/teamspace/studios/this_studio/Melodica-Integration-into-Fife-Core/bsc/lib/Verilog/SizedFIFO.v:206$1816_EN[31:0]$1834 [0] $flatten\seg_adder_vff_in_13.$0$memwr$\arr$/teamspace/studios/this_studio/Melodica-Integration-into-Fife-Core/bsc/lib/Verilog/SizedFIFO.v:206$1816_EN[31:0]$1834 [0] $flatten\seg_adder_vff_in_13.$0$memwr$\arr$/teamspace/studios/this_studio/Melodica-Integration-into-Fife-Core/bsc/lib/Verilog/SizedFIFO.v:206$1816_EN[31:0]$1834 [0] $flatten\seg_adder_vff_in_13.$0$memwr$\arr$/teamspace/studios/this_studio/Melodica-Integration-into-Fife-Core/bsc/lib/Verilog/SizedFIFO.v:206$1816_EN[31:0]$1834 [0] $flatten\seg_adder_vff_in_13.$0$memwr$\arr$/teamspace/studios/this_studio/Melodica-Integration-into-Fife-Core/bsc/lib/Verilog/SizedFIFO.v:206$1816_EN[31:0]$1834 [0] $flatten\seg_adder_vff_in_13.$0$memwr$\arr$/teamspace/studios/this_studio/Melodica-Integration-into-Fife-Core/bsc/lib/Verilog/SizedFIFO.v:206$1816_EN[31:0]$1834 [0] $flatten\seg_adder_vff_in_13.$0$memwr$\arr$/teamspace/studios/this_studio/Melodica-Integration-into-Fife-Core/bsc/lib/Verilog/SizedFIFO.v:206$1816_EN[31:0]$1834 [0] $flatten\seg_adder_vff_in_13.$0$memwr$\arr$/teamspace/studios/this_studio/Melodica-Integration-into-Fife-Core/bsc/lib/Verilog/SizedFIFO.v:206$1816_EN[31:0]$1834 [0] $flatten\seg_adder_vff_in_13.$0$memwr$\arr$/teamspace/studios/this_studio/Melodica-Integration-into-Fife-Core/bsc/lib/Verilog/SizedFIFO.v:206$1816_EN[31:0]$1834 [0] $flatten\seg_adder_vff_in_13.$0$memwr$\arr$/teamspace/studios/this_studio/Melodica-Integration-into-Fife-Core/bsc/lib/Verilog/SizedFIFO.v:206$1816_EN[31:0]$1834 [0] $flatten\seg_adder_vff_in_13.$0$memwr$\arr$/teamspace/studios/this_studio/Melodica-Integration-into-Fife-Core/bsc/lib/Verilog/SizedFIFO.v:206$1816_EN[31:0]$1834 [0] $flatten\seg_adder_vff_in_13.$0$memwr$\arr$/teamspace/studios/this_studio/Melodica-Integration-into-Fife-Core/bsc/lib/Verilog/SizedFIFO.v:206$1816_EN[31:0]$1834 [0] $flatten\seg_adder_vff_in_13.$0$memwr$\arr$/teamspace/studios/this_studio/Melodica-Integration-into-Fife-Core/bsc/lib/Verilog/SizedFIFO.v:206$1816_EN[31:0]$1834 [0] $flatten\seg_adder_vff_in_13.$0$memwr$\arr$/teamspace/studios/this_studio/Melodica-Integration-into-Fife-Core/bsc/lib/Verilog/SizedFIFO.v:206$1816_EN[31:0]$1834 [0] $flatten\seg_adder_vff_in_13.$0$memwr$\arr$/teamspace/studios/this_studio/Melodica-Integration-into-Fife-Core/bsc/lib/Verilog/SizedFIFO.v:206$1816_EN[31:0]$1834 [0] $flatten\seg_adder_vff_in_13.$0$memwr$\arr$/teamspace/studios/this_studio/Melodica-Integration-into-Fife-Core/bsc/lib/Verilog/SizedFIFO.v:206$1816_EN[31:0]$1834 [0] $flatten\seg_adder_vff_in_13.$0$memwr$\arr$/teamspace/studios/this_studio/Melodica-Integration-into-Fife-Core/bsc/lib/Verilog/SizedFIFO.v:206$1816_EN[31:0]$1834 [0] $flatten\seg_adder_vff_in_13.$0$memwr$\arr$/teamspace/studios/this_studio/Melodica-Integration-into-Fife-Core/bsc/lib/Verilog/SizedFIFO.v:206$1816_EN[31:0]$1834 [0] $flatten\seg_adder_vff_in_13.$0$memwr$\arr$/teamspace/studios/this_studio/Melodica-Integration-into-Fife-Core/bsc/lib/Verilog/SizedFIFO.v:206$1816_EN[31:0]$1834 [0] $flatten\seg_adder_vff_in_13.$0$memwr$\arr$/teamspace/studios/this_studio/Melodica-Integration-into-Fife-Core/bsc/lib/Verilog/SizedFIFO.v:206$1816_EN[31:0]$1834 [0] $flatten\seg_adder_vff_in_13.$0$memwr$\arr$/teamspace/studios/this_studio/Melodica-Integration-into-Fife-Core/bsc/lib/Verilog/SizedFIFO.v:206$1816_EN[31:0]$1834 [0] $flatten\seg_adder_vff_in_13.$0$memwr$\arr$/teamspace/studios/this_studio/Melodica-Integration-into-Fife-Core/bsc/lib/Verilog/SizedFIFO.v:206$1816_EN[31:0]$1834 [0] $flatten\seg_adder_vff_in_13.$0$memwr$\arr$/teamspace/studios/this_studio/Melodica-Integration-into-Fife-Core/bsc/lib/Verilog/SizedFIFO.v:206$1816_EN[31:0]$1834 [0] $flatten\seg_adder_vff_in_13.$0$memwr$\arr$/teamspace/studios/this_studio/Melodica-Integration-into-Fife-Core/bsc/lib/Verilog/SizedFIFO.v:206$1816_EN[31:0]$1834 [0] $flatten\seg_adder_vff_in_13.$0$memwr$\arr$/teamspace/studios/this_studio/Melodica-Integration-into-Fife-Core/bsc/lib/Verilog/SizedFIFO.v:206$1816_EN[31:0]$1834 [0] $flatten\seg_adder_vff_in_13.$0$memwr$\arr$/teamspace/studios/this_studio/Melodica-Integration-into-Fife-Core/bsc/lib/Verilog/SizedFIFO.v:206$1816_EN[31:0]$1834 [0] $flatten\seg_adder_vff_in_13.$0$memwr$\arr$/teamspace/studios/this_studio/Melodica-Integration-into-Fife-Core/bsc/lib/Verilog/SizedFIFO.v:206$1816_EN[31:0]$1834 [0] }
    New ctrl vector for $pmux cell $flatten\seg_adder_vff_in_13.$procmux$2577: { $auto$opt_reduce.cc:134:opt_pmux$2889 $auto$opt_reduce.cc:134:opt_pmux$2887 }
    New ctrl vector for $pmux cell $flatten\seg_adder_vff_in_13.$procmux$2601: $auto$opt_reduce.cc:134:opt_pmux$2891
    Consolidated identical input bits for $mux cell $flatten\seg_adder_vff_in_14.$procmux$2569:
      Old ports: A=0, B=32'11111111111111111111111111111111, Y=$flatten\seg_adder_vff_in_14.$0$memwr$\arr$/teamspace/studios/this_studio/Melodica-Integration-into-Fife-Core/bsc/lib/Verilog/SizedFIFO.v:206$1816_EN[31:0]$1834
      New ports: A=1'0, B=1'1, Y=$flatten\seg_adder_vff_in_14.$0$memwr$\arr$/teamspace/studios/this_studio/Melodica-Integration-into-Fife-Core/bsc/lib/Verilog/SizedFIFO.v:206$1816_EN[31:0]$1834 [0]
      New connections: $flatten\seg_adder_vff_in_14.$0$memwr$\arr$/teamspace/studios/this_studio/Melodica-Integration-into-Fife-Core/bsc/lib/Verilog/SizedFIFO.v:206$1816_EN[31:0]$1834 [31:1] = { $flatten\seg_adder_vff_in_14.$0$memwr$\arr$/teamspace/studios/this_studio/Melodica-Integration-into-Fife-Core/bsc/lib/Verilog/SizedFIFO.v:206$1816_EN[31:0]$1834 [0] $flatten\seg_adder_vff_in_14.$0$memwr$\arr$/teamspace/studios/this_studio/Melodica-Integration-into-Fife-Core/bsc/lib/Verilog/SizedFIFO.v:206$1816_EN[31:0]$1834 [0] $flatten\seg_adder_vff_in_14.$0$memwr$\arr$/teamspace/studios/this_studio/Melodica-Integration-into-Fife-Core/bsc/lib/Verilog/SizedFIFO.v:206$1816_EN[31:0]$1834 [0] $flatten\seg_adder_vff_in_14.$0$memwr$\arr$/teamspace/studios/this_studio/Melodica-Integration-into-Fife-Core/bsc/lib/Verilog/SizedFIFO.v:206$1816_EN[31:0]$1834 [0] $flatten\seg_adder_vff_in_14.$0$memwr$\arr$/teamspace/studios/this_studio/Melodica-Integration-into-Fife-Core/bsc/lib/Verilog/SizedFIFO.v:206$1816_EN[31:0]$1834 [0] $flatten\seg_adder_vff_in_14.$0$memwr$\arr$/teamspace/studios/this_studio/Melodica-Integration-into-Fife-Core/bsc/lib/Verilog/SizedFIFO.v:206$1816_EN[31:0]$1834 [0] $flatten\seg_adder_vff_in_14.$0$memwr$\arr$/teamspace/studios/this_studio/Melodica-Integration-into-Fife-Core/bsc/lib/Verilog/SizedFIFO.v:206$1816_EN[31:0]$1834 [0] $flatten\seg_adder_vff_in_14.$0$memwr$\arr$/teamspace/studios/this_studio/Melodica-Integration-into-Fife-Core/bsc/lib/Verilog/SizedFIFO.v:206$1816_EN[31:0]$1834 [0] $flatten\seg_adder_vff_in_14.$0$memwr$\arr$/teamspace/studios/this_studio/Melodica-Integration-into-Fife-Core/bsc/lib/Verilog/SizedFIFO.v:206$1816_EN[31:0]$1834 [0] $flatten\seg_adder_vff_in_14.$0$memwr$\arr$/teamspace/studios/this_studio/Melodica-Integration-into-Fife-Core/bsc/lib/Verilog/SizedFIFO.v:206$1816_EN[31:0]$1834 [0] $flatten\seg_adder_vff_in_14.$0$memwr$\arr$/teamspace/studios/this_studio/Melodica-Integration-into-Fife-Core/bsc/lib/Verilog/SizedFIFO.v:206$1816_EN[31:0]$1834 [0] $flatten\seg_adder_vff_in_14.$0$memwr$\arr$/teamspace/studios/this_studio/Melodica-Integration-into-Fife-Core/bsc/lib/Verilog/SizedFIFO.v:206$1816_EN[31:0]$1834 [0] $flatten\seg_adder_vff_in_14.$0$memwr$\arr$/teamspace/studios/this_studio/Melodica-Integration-into-Fife-Core/bsc/lib/Verilog/SizedFIFO.v:206$1816_EN[31:0]$1834 [0] $flatten\seg_adder_vff_in_14.$0$memwr$\arr$/teamspace/studios/this_studio/Melodica-Integration-into-Fife-Core/bsc/lib/Verilog/SizedFIFO.v:206$1816_EN[31:0]$1834 [0] $flatten\seg_adder_vff_in_14.$0$memwr$\arr$/teamspace/studios/this_studio/Melodica-Integration-into-Fife-Core/bsc/lib/Verilog/SizedFIFO.v:206$1816_EN[31:0]$1834 [0] $flatten\seg_adder_vff_in_14.$0$memwr$\arr$/teamspace/studios/this_studio/Melodica-Integration-into-Fife-Core/bsc/lib/Verilog/SizedFIFO.v:206$1816_EN[31:0]$1834 [0] $flatten\seg_adder_vff_in_14.$0$memwr$\arr$/teamspace/studios/this_studio/Melodica-Integration-into-Fife-Core/bsc/lib/Verilog/SizedFIFO.v:206$1816_EN[31:0]$1834 [0] $flatten\seg_adder_vff_in_14.$0$memwr$\arr$/teamspace/studios/this_studio/Melodica-Integration-into-Fife-Core/bsc/lib/Verilog/SizedFIFO.v:206$1816_EN[31:0]$1834 [0] $flatten\seg_adder_vff_in_14.$0$memwr$\arr$/teamspace/studios/this_studio/Melodica-Integration-into-Fife-Core/bsc/lib/Verilog/SizedFIFO.v:206$1816_EN[31:0]$1834 [0] $flatten\seg_adder_vff_in_14.$0$memwr$\arr$/teamspace/studios/this_studio/Melodica-Integration-into-Fife-Core/bsc/lib/Verilog/SizedFIFO.v:206$1816_EN[31:0]$1834 [0] $flatten\seg_adder_vff_in_14.$0$memwr$\arr$/teamspace/studios/this_studio/Melodica-Integration-into-Fife-Core/bsc/lib/Verilog/SizedFIFO.v:206$1816_EN[31:0]$1834 [0] $flatten\seg_adder_vff_in_14.$0$memwr$\arr$/teamspace/studios/this_studio/Melodica-Integration-into-Fife-Core/bsc/lib/Verilog/SizedFIFO.v:206$1816_EN[31:0]$1834 [0] $flatten\seg_adder_vff_in_14.$0$memwr$\arr$/teamspace/studios/this_studio/Melodica-Integration-into-Fife-Core/bsc/lib/Verilog/SizedFIFO.v:206$1816_EN[31:0]$1834 [0] $flatten\seg_adder_vff_in_14.$0$memwr$\arr$/teamspace/studios/this_studio/Melodica-Integration-into-Fife-Core/bsc/lib/Verilog/SizedFIFO.v:206$1816_EN[31:0]$1834 [0] $flatten\seg_adder_vff_in_14.$0$memwr$\arr$/teamspace/studios/this_studio/Melodica-Integration-into-Fife-Core/bsc/lib/Verilog/SizedFIFO.v:206$1816_EN[31:0]$1834 [0] $flatten\seg_adder_vff_in_14.$0$memwr$\arr$/teamspace/studios/this_studio/Melodica-Integration-into-Fife-Core/bsc/lib/Verilog/SizedFIFO.v:206$1816_EN[31:0]$1834 [0] $flatten\seg_adder_vff_in_14.$0$memwr$\arr$/teamspace/studios/this_studio/Melodica-Integration-into-Fife-Core/bsc/lib/Verilog/SizedFIFO.v:206$1816_EN[31:0]$1834 [0] $flatten\seg_adder_vff_in_14.$0$memwr$\arr$/teamspace/studios/this_studio/Melodica-Integration-into-Fife-Core/bsc/lib/Verilog/SizedFIFO.v:206$1816_EN[31:0]$1834 [0] $flatten\seg_adder_vff_in_14.$0$memwr$\arr$/teamspace/studios/this_studio/Melodica-Integration-into-Fife-Core/bsc/lib/Verilog/SizedFIFO.v:206$1816_EN[31:0]$1834 [0] $flatten\seg_adder_vff_in_14.$0$memwr$\arr$/teamspace/studios/this_studio/Melodica-Integration-into-Fife-Core/bsc/lib/Verilog/SizedFIFO.v:206$1816_EN[31:0]$1834 [0] $flatten\seg_adder_vff_in_14.$0$memwr$\arr$/teamspace/studios/this_studio/Melodica-Integration-into-Fife-Core/bsc/lib/Verilog/SizedFIFO.v:206$1816_EN[31:0]$1834 [0] }
    New ctrl vector for $pmux cell $flatten\seg_adder_vff_in_14.$procmux$2577: { $auto$opt_reduce.cc:134:opt_pmux$2895 $auto$opt_reduce.cc:134:opt_pmux$2893 }
    New ctrl vector for $pmux cell $flatten\seg_adder_vff_in_14.$procmux$2601: $auto$opt_reduce.cc:134:opt_pmux$2897
    Consolidated identical input bits for $mux cell $flatten\seg_adder_vff_in_15.$procmux$2569:
      Old ports: A=0, B=32'11111111111111111111111111111111, Y=$flatten\seg_adder_vff_in_15.$0$memwr$\arr$/teamspace/studios/this_studio/Melodica-Integration-into-Fife-Core/bsc/lib/Verilog/SizedFIFO.v:206$1816_EN[31:0]$1834
      New ports: A=1'0, B=1'1, Y=$flatten\seg_adder_vff_in_15.$0$memwr$\arr$/teamspace/studios/this_studio/Melodica-Integration-into-Fife-Core/bsc/lib/Verilog/SizedFIFO.v:206$1816_EN[31:0]$1834 [0]
      New connections: $flatten\seg_adder_vff_in_15.$0$memwr$\arr$/teamspace/studios/this_studio/Melodica-Integration-into-Fife-Core/bsc/lib/Verilog/SizedFIFO.v:206$1816_EN[31:0]$1834 [31:1] = { $flatten\seg_adder_vff_in_15.$0$memwr$\arr$/teamspace/studios/this_studio/Melodica-Integration-into-Fife-Core/bsc/lib/Verilog/SizedFIFO.v:206$1816_EN[31:0]$1834 [0] $flatten\seg_adder_vff_in_15.$0$memwr$\arr$/teamspace/studios/this_studio/Melodica-Integration-into-Fife-Core/bsc/lib/Verilog/SizedFIFO.v:206$1816_EN[31:0]$1834 [0] $flatten\seg_adder_vff_in_15.$0$memwr$\arr$/teamspace/studios/this_studio/Melodica-Integration-into-Fife-Core/bsc/lib/Verilog/SizedFIFO.v:206$1816_EN[31:0]$1834 [0] $flatten\seg_adder_vff_in_15.$0$memwr$\arr$/teamspace/studios/this_studio/Melodica-Integration-into-Fife-Core/bsc/lib/Verilog/SizedFIFO.v:206$1816_EN[31:0]$1834 [0] $flatten\seg_adder_vff_in_15.$0$memwr$\arr$/teamspace/studios/this_studio/Melodica-Integration-into-Fife-Core/bsc/lib/Verilog/SizedFIFO.v:206$1816_EN[31:0]$1834 [0] $flatten\seg_adder_vff_in_15.$0$memwr$\arr$/teamspace/studios/this_studio/Melodica-Integration-into-Fife-Core/bsc/lib/Verilog/SizedFIFO.v:206$1816_EN[31:0]$1834 [0] $flatten\seg_adder_vff_in_15.$0$memwr$\arr$/teamspace/studios/this_studio/Melodica-Integration-into-Fife-Core/bsc/lib/Verilog/SizedFIFO.v:206$1816_EN[31:0]$1834 [0] $flatten\seg_adder_vff_in_15.$0$memwr$\arr$/teamspace/studios/this_studio/Melodica-Integration-into-Fife-Core/bsc/lib/Verilog/SizedFIFO.v:206$1816_EN[31:0]$1834 [0] $flatten\seg_adder_vff_in_15.$0$memwr$\arr$/teamspace/studios/this_studio/Melodica-Integration-into-Fife-Core/bsc/lib/Verilog/SizedFIFO.v:206$1816_EN[31:0]$1834 [0] $flatten\seg_adder_vff_in_15.$0$memwr$\arr$/teamspace/studios/this_studio/Melodica-Integration-into-Fife-Core/bsc/lib/Verilog/SizedFIFO.v:206$1816_EN[31:0]$1834 [0] $flatten\seg_adder_vff_in_15.$0$memwr$\arr$/teamspace/studios/this_studio/Melodica-Integration-into-Fife-Core/bsc/lib/Verilog/SizedFIFO.v:206$1816_EN[31:0]$1834 [0] $flatten\seg_adder_vff_in_15.$0$memwr$\arr$/teamspace/studios/this_studio/Melodica-Integration-into-Fife-Core/bsc/lib/Verilog/SizedFIFO.v:206$1816_EN[31:0]$1834 [0] $flatten\seg_adder_vff_in_15.$0$memwr$\arr$/teamspace/studios/this_studio/Melodica-Integration-into-Fife-Core/bsc/lib/Verilog/SizedFIFO.v:206$1816_EN[31:0]$1834 [0] $flatten\seg_adder_vff_in_15.$0$memwr$\arr$/teamspace/studios/this_studio/Melodica-Integration-into-Fife-Core/bsc/lib/Verilog/SizedFIFO.v:206$1816_EN[31:0]$1834 [0] $flatten\seg_adder_vff_in_15.$0$memwr$\arr$/teamspace/studios/this_studio/Melodica-Integration-into-Fife-Core/bsc/lib/Verilog/SizedFIFO.v:206$1816_EN[31:0]$1834 [0] $flatten\seg_adder_vff_in_15.$0$memwr$\arr$/teamspace/studios/this_studio/Melodica-Integration-into-Fife-Core/bsc/lib/Verilog/SizedFIFO.v:206$1816_EN[31:0]$1834 [0] $flatten\seg_adder_vff_in_15.$0$memwr$\arr$/teamspace/studios/this_studio/Melodica-Integration-into-Fife-Core/bsc/lib/Verilog/SizedFIFO.v:206$1816_EN[31:0]$1834 [0] $flatten\seg_adder_vff_in_15.$0$memwr$\arr$/teamspace/studios/this_studio/Melodica-Integration-into-Fife-Core/bsc/lib/Verilog/SizedFIFO.v:206$1816_EN[31:0]$1834 [0] $flatten\seg_adder_vff_in_15.$0$memwr$\arr$/teamspace/studios/this_studio/Melodica-Integration-into-Fife-Core/bsc/lib/Verilog/SizedFIFO.v:206$1816_EN[31:0]$1834 [0] $flatten\seg_adder_vff_in_15.$0$memwr$\arr$/teamspace/studios/this_studio/Melodica-Integration-into-Fife-Core/bsc/lib/Verilog/SizedFIFO.v:206$1816_EN[31:0]$1834 [0] $flatten\seg_adder_vff_in_15.$0$memwr$\arr$/teamspace/studios/this_studio/Melodica-Integration-into-Fife-Core/bsc/lib/Verilog/SizedFIFO.v:206$1816_EN[31:0]$1834 [0] $flatten\seg_adder_vff_in_15.$0$memwr$\arr$/teamspace/studios/this_studio/Melodica-Integration-into-Fife-Core/bsc/lib/Verilog/SizedFIFO.v:206$1816_EN[31:0]$1834 [0] $flatten\seg_adder_vff_in_15.$0$memwr$\arr$/teamspace/studios/this_studio/Melodica-Integration-into-Fife-Core/bsc/lib/Verilog/SizedFIFO.v:206$1816_EN[31:0]$1834 [0] $flatten\seg_adder_vff_in_15.$0$memwr$\arr$/teamspace/studios/this_studio/Melodica-Integration-into-Fife-Core/bsc/lib/Verilog/SizedFIFO.v:206$1816_EN[31:0]$1834 [0] $flatten\seg_adder_vff_in_15.$0$memwr$\arr$/teamspace/studios/this_studio/Melodica-Integration-into-Fife-Core/bsc/lib/Verilog/SizedFIFO.v:206$1816_EN[31:0]$1834 [0] $flatten\seg_adder_vff_in_15.$0$memwr$\arr$/teamspace/studios/this_studio/Melodica-Integration-into-Fife-Core/bsc/lib/Verilog/SizedFIFO.v:206$1816_EN[31:0]$1834 [0] $flatten\seg_adder_vff_in_15.$0$memwr$\arr$/teamspace/studios/this_studio/Melodica-Integration-into-Fife-Core/bsc/lib/Verilog/SizedFIFO.v:206$1816_EN[31:0]$1834 [0] $flatten\seg_adder_vff_in_15.$0$memwr$\arr$/teamspace/studios/this_studio/Melodica-Integration-into-Fife-Core/bsc/lib/Verilog/SizedFIFO.v:206$1816_EN[31:0]$1834 [0] $flatten\seg_adder_vff_in_15.$0$memwr$\arr$/teamspace/studios/this_studio/Melodica-Integration-into-Fife-Core/bsc/lib/Verilog/SizedFIFO.v:206$1816_EN[31:0]$1834 [0] $flatten\seg_adder_vff_in_15.$0$memwr$\arr$/teamspace/studios/this_studio/Melodica-Integration-into-Fife-Core/bsc/lib/Verilog/SizedFIFO.v:206$1816_EN[31:0]$1834 [0] $flatten\seg_adder_vff_in_15.$0$memwr$\arr$/teamspace/studios/this_studio/Melodica-Integration-into-Fife-Core/bsc/lib/Verilog/SizedFIFO.v:206$1816_EN[31:0]$1834 [0] }
    New ctrl vector for $pmux cell $flatten\seg_adder_vff_in_15.$procmux$2577: { $auto$opt_reduce.cc:134:opt_pmux$2901 $auto$opt_reduce.cc:134:opt_pmux$2899 }
    New ctrl vector for $pmux cell $flatten\seg_adder_vff_in_15.$procmux$2601: $auto$opt_reduce.cc:134:opt_pmux$2903
    Consolidated identical input bits for $mux cell $flatten\seg_adder_vff_in_16.$procmux$2569:
      Old ports: A=0, B=32'11111111111111111111111111111111, Y=$flatten\seg_adder_vff_in_16.$0$memwr$\arr$/teamspace/studios/this_studio/Melodica-Integration-into-Fife-Core/bsc/lib/Verilog/SizedFIFO.v:206$1816_EN[31:0]$1834
      New ports: A=1'0, B=1'1, Y=$flatten\seg_adder_vff_in_16.$0$memwr$\arr$/teamspace/studios/this_studio/Melodica-Integration-into-Fife-Core/bsc/lib/Verilog/SizedFIFO.v:206$1816_EN[31:0]$1834 [0]
      New connections: $flatten\seg_adder_vff_in_16.$0$memwr$\arr$/teamspace/studios/this_studio/Melodica-Integration-into-Fife-Core/bsc/lib/Verilog/SizedFIFO.v:206$1816_EN[31:0]$1834 [31:1] = { $flatten\seg_adder_vff_in_16.$0$memwr$\arr$/teamspace/studios/this_studio/Melodica-Integration-into-Fife-Core/bsc/lib/Verilog/SizedFIFO.v:206$1816_EN[31:0]$1834 [0] $flatten\seg_adder_vff_in_16.$0$memwr$\arr$/teamspace/studios/this_studio/Melodica-Integration-into-Fife-Core/bsc/lib/Verilog/SizedFIFO.v:206$1816_EN[31:0]$1834 [0] $flatten\seg_adder_vff_in_16.$0$memwr$\arr$/teamspace/studios/this_studio/Melodica-Integration-into-Fife-Core/bsc/lib/Verilog/SizedFIFO.v:206$1816_EN[31:0]$1834 [0] $flatten\seg_adder_vff_in_16.$0$memwr$\arr$/teamspace/studios/this_studio/Melodica-Integration-into-Fife-Core/bsc/lib/Verilog/SizedFIFO.v:206$1816_EN[31:0]$1834 [0] $flatten\seg_adder_vff_in_16.$0$memwr$\arr$/teamspace/studios/this_studio/Melodica-Integration-into-Fife-Core/bsc/lib/Verilog/SizedFIFO.v:206$1816_EN[31:0]$1834 [0] $flatten\seg_adder_vff_in_16.$0$memwr$\arr$/teamspace/studios/this_studio/Melodica-Integration-into-Fife-Core/bsc/lib/Verilog/SizedFIFO.v:206$1816_EN[31:0]$1834 [0] $flatten\seg_adder_vff_in_16.$0$memwr$\arr$/teamspace/studios/this_studio/Melodica-Integration-into-Fife-Core/bsc/lib/Verilog/SizedFIFO.v:206$1816_EN[31:0]$1834 [0] $flatten\seg_adder_vff_in_16.$0$memwr$\arr$/teamspace/studios/this_studio/Melodica-Integration-into-Fife-Core/bsc/lib/Verilog/SizedFIFO.v:206$1816_EN[31:0]$1834 [0] $flatten\seg_adder_vff_in_16.$0$memwr$\arr$/teamspace/studios/this_studio/Melodica-Integration-into-Fife-Core/bsc/lib/Verilog/SizedFIFO.v:206$1816_EN[31:0]$1834 [0] $flatten\seg_adder_vff_in_16.$0$memwr$\arr$/teamspace/studios/this_studio/Melodica-Integration-into-Fife-Core/bsc/lib/Verilog/SizedFIFO.v:206$1816_EN[31:0]$1834 [0] $flatten\seg_adder_vff_in_16.$0$memwr$\arr$/teamspace/studios/this_studio/Melodica-Integration-into-Fife-Core/bsc/lib/Verilog/SizedFIFO.v:206$1816_EN[31:0]$1834 [0] $flatten\seg_adder_vff_in_16.$0$memwr$\arr$/teamspace/studios/this_studio/Melodica-Integration-into-Fife-Core/bsc/lib/Verilog/SizedFIFO.v:206$1816_EN[31:0]$1834 [0] $flatten\seg_adder_vff_in_16.$0$memwr$\arr$/teamspace/studios/this_studio/Melodica-Integration-into-Fife-Core/bsc/lib/Verilog/SizedFIFO.v:206$1816_EN[31:0]$1834 [0] $flatten\seg_adder_vff_in_16.$0$memwr$\arr$/teamspace/studios/this_studio/Melodica-Integration-into-Fife-Core/bsc/lib/Verilog/SizedFIFO.v:206$1816_EN[31:0]$1834 [0] $flatten\seg_adder_vff_in_16.$0$memwr$\arr$/teamspace/studios/this_studio/Melodica-Integration-into-Fife-Core/bsc/lib/Verilog/SizedFIFO.v:206$1816_EN[31:0]$1834 [0] $flatten\seg_adder_vff_in_16.$0$memwr$\arr$/teamspace/studios/this_studio/Melodica-Integration-into-Fife-Core/bsc/lib/Verilog/SizedFIFO.v:206$1816_EN[31:0]$1834 [0] $flatten\seg_adder_vff_in_16.$0$memwr$\arr$/teamspace/studios/this_studio/Melodica-Integration-into-Fife-Core/bsc/lib/Verilog/SizedFIFO.v:206$1816_EN[31:0]$1834 [0] $flatten\seg_adder_vff_in_16.$0$memwr$\arr$/teamspace/studios/this_studio/Melodica-Integration-into-Fife-Core/bsc/lib/Verilog/SizedFIFO.v:206$1816_EN[31:0]$1834 [0] $flatten\seg_adder_vff_in_16.$0$memwr$\arr$/teamspace/studios/this_studio/Melodica-Integration-into-Fife-Core/bsc/lib/Verilog/SizedFIFO.v:206$1816_EN[31:0]$1834 [0] $flatten\seg_adder_vff_in_16.$0$memwr$\arr$/teamspace/studios/this_studio/Melodica-Integration-into-Fife-Core/bsc/lib/Verilog/SizedFIFO.v:206$1816_EN[31:0]$1834 [0] $flatten\seg_adder_vff_in_16.$0$memwr$\arr$/teamspace/studios/this_studio/Melodica-Integration-into-Fife-Core/bsc/lib/Verilog/SizedFIFO.v:206$1816_EN[31:0]$1834 [0] $flatten\seg_adder_vff_in_16.$0$memwr$\arr$/teamspace/studios/this_studio/Melodica-Integration-into-Fife-Core/bsc/lib/Verilog/SizedFIFO.v:206$1816_EN[31:0]$1834 [0] $flatten\seg_adder_vff_in_16.$0$memwr$\arr$/teamspace/studios/this_studio/Melodica-Integration-into-Fife-Core/bsc/lib/Verilog/SizedFIFO.v:206$1816_EN[31:0]$1834 [0] $flatten\seg_adder_vff_in_16.$0$memwr$\arr$/teamspace/studios/this_studio/Melodica-Integration-into-Fife-Core/bsc/lib/Verilog/SizedFIFO.v:206$1816_EN[31:0]$1834 [0] $flatten\seg_adder_vff_in_16.$0$memwr$\arr$/teamspace/studios/this_studio/Melodica-Integration-into-Fife-Core/bsc/lib/Verilog/SizedFIFO.v:206$1816_EN[31:0]$1834 [0] $flatten\seg_adder_vff_in_16.$0$memwr$\arr$/teamspace/studios/this_studio/Melodica-Integration-into-Fife-Core/bsc/lib/Verilog/SizedFIFO.v:206$1816_EN[31:0]$1834 [0] $flatten\seg_adder_vff_in_16.$0$memwr$\arr$/teamspace/studios/this_studio/Melodica-Integration-into-Fife-Core/bsc/lib/Verilog/SizedFIFO.v:206$1816_EN[31:0]$1834 [0] $flatten\seg_adder_vff_in_16.$0$memwr$\arr$/teamspace/studios/this_studio/Melodica-Integration-into-Fife-Core/bsc/lib/Verilog/SizedFIFO.v:206$1816_EN[31:0]$1834 [0] $flatten\seg_adder_vff_in_16.$0$memwr$\arr$/teamspace/studios/this_studio/Melodica-Integration-into-Fife-Core/bsc/lib/Verilog/SizedFIFO.v:206$1816_EN[31:0]$1834 [0] $flatten\seg_adder_vff_in_16.$0$memwr$\arr$/teamspace/studios/this_studio/Melodica-Integration-into-Fife-Core/bsc/lib/Verilog/SizedFIFO.v:206$1816_EN[31:0]$1834 [0] $flatten\seg_adder_vff_in_16.$0$memwr$\arr$/teamspace/studios/this_studio/Melodica-Integration-into-Fife-Core/bsc/lib/Verilog/SizedFIFO.v:206$1816_EN[31:0]$1834 [0] }
    New ctrl vector for $pmux cell $flatten\seg_adder_vff_in_16.$procmux$2577: { $auto$opt_reduce.cc:134:opt_pmux$2907 $auto$opt_reduce.cc:134:opt_pmux$2905 }
    New ctrl vector for $pmux cell $flatten\seg_adder_vff_in_16.$procmux$2601: $auto$opt_reduce.cc:134:opt_pmux$2909
    Consolidated identical input bits for $mux cell $flatten\seg_adder_vff_in_17.$procmux$2569:
      Old ports: A=0, B=32'11111111111111111111111111111111, Y=$flatten\seg_adder_vff_in_17.$0$memwr$\arr$/teamspace/studios/this_studio/Melodica-Integration-into-Fife-Core/bsc/lib/Verilog/SizedFIFO.v:206$1816_EN[31:0]$1834
      New ports: A=1'0, B=1'1, Y=$flatten\seg_adder_vff_in_17.$0$memwr$\arr$/teamspace/studios/this_studio/Melodica-Integration-into-Fife-Core/bsc/lib/Verilog/SizedFIFO.v:206$1816_EN[31:0]$1834 [0]
      New connections: $flatten\seg_adder_vff_in_17.$0$memwr$\arr$/teamspace/studios/this_studio/Melodica-Integration-into-Fife-Core/bsc/lib/Verilog/SizedFIFO.v:206$1816_EN[31:0]$1834 [31:1] = { $flatten\seg_adder_vff_in_17.$0$memwr$\arr$/teamspace/studios/this_studio/Melodica-Integration-into-Fife-Core/bsc/lib/Verilog/SizedFIFO.v:206$1816_EN[31:0]$1834 [0] $flatten\seg_adder_vff_in_17.$0$memwr$\arr$/teamspace/studios/this_studio/Melodica-Integration-into-Fife-Core/bsc/lib/Verilog/SizedFIFO.v:206$1816_EN[31:0]$1834 [0] $flatten\seg_adder_vff_in_17.$0$memwr$\arr$/teamspace/studios/this_studio/Melodica-Integration-into-Fife-Core/bsc/lib/Verilog/SizedFIFO.v:206$1816_EN[31:0]$1834 [0] $flatten\seg_adder_vff_in_17.$0$memwr$\arr$/teamspace/studios/this_studio/Melodica-Integration-into-Fife-Core/bsc/lib/Verilog/SizedFIFO.v:206$1816_EN[31:0]$1834 [0] $flatten\seg_adder_vff_in_17.$0$memwr$\arr$/teamspace/studios/this_studio/Melodica-Integration-into-Fife-Core/bsc/lib/Verilog/SizedFIFO.v:206$1816_EN[31:0]$1834 [0] $flatten\seg_adder_vff_in_17.$0$memwr$\arr$/teamspace/studios/this_studio/Melodica-Integration-into-Fife-Core/bsc/lib/Verilog/SizedFIFO.v:206$1816_EN[31:0]$1834 [0] $flatten\seg_adder_vff_in_17.$0$memwr$\arr$/teamspace/studios/this_studio/Melodica-Integration-into-Fife-Core/bsc/lib/Verilog/SizedFIFO.v:206$1816_EN[31:0]$1834 [0] $flatten\seg_adder_vff_in_17.$0$memwr$\arr$/teamspace/studios/this_studio/Melodica-Integration-into-Fife-Core/bsc/lib/Verilog/SizedFIFO.v:206$1816_EN[31:0]$1834 [0] $flatten\seg_adder_vff_in_17.$0$memwr$\arr$/teamspace/studios/this_studio/Melodica-Integration-into-Fife-Core/bsc/lib/Verilog/SizedFIFO.v:206$1816_EN[31:0]$1834 [0] $flatten\seg_adder_vff_in_17.$0$memwr$\arr$/teamspace/studios/this_studio/Melodica-Integration-into-Fife-Core/bsc/lib/Verilog/SizedFIFO.v:206$1816_EN[31:0]$1834 [0] $flatten\seg_adder_vff_in_17.$0$memwr$\arr$/teamspace/studios/this_studio/Melodica-Integration-into-Fife-Core/bsc/lib/Verilog/SizedFIFO.v:206$1816_EN[31:0]$1834 [0] $flatten\seg_adder_vff_in_17.$0$memwr$\arr$/teamspace/studios/this_studio/Melodica-Integration-into-Fife-Core/bsc/lib/Verilog/SizedFIFO.v:206$1816_EN[31:0]$1834 [0] $flatten\seg_adder_vff_in_17.$0$memwr$\arr$/teamspace/studios/this_studio/Melodica-Integration-into-Fife-Core/bsc/lib/Verilog/SizedFIFO.v:206$1816_EN[31:0]$1834 [0] $flatten\seg_adder_vff_in_17.$0$memwr$\arr$/teamspace/studios/this_studio/Melodica-Integration-into-Fife-Core/bsc/lib/Verilog/SizedFIFO.v:206$1816_EN[31:0]$1834 [0] $flatten\seg_adder_vff_in_17.$0$memwr$\arr$/teamspace/studios/this_studio/Melodica-Integration-into-Fife-Core/bsc/lib/Verilog/SizedFIFO.v:206$1816_EN[31:0]$1834 [0] $flatten\seg_adder_vff_in_17.$0$memwr$\arr$/teamspace/studios/this_studio/Melodica-Integration-into-Fife-Core/bsc/lib/Verilog/SizedFIFO.v:206$1816_EN[31:0]$1834 [0] $flatten\seg_adder_vff_in_17.$0$memwr$\arr$/teamspace/studios/this_studio/Melodica-Integration-into-Fife-Core/bsc/lib/Verilog/SizedFIFO.v:206$1816_EN[31:0]$1834 [0] $flatten\seg_adder_vff_in_17.$0$memwr$\arr$/teamspace/studios/this_studio/Melodica-Integration-into-Fife-Core/bsc/lib/Verilog/SizedFIFO.v:206$1816_EN[31:0]$1834 [0] $flatten\seg_adder_vff_in_17.$0$memwr$\arr$/teamspace/studios/this_studio/Melodica-Integration-into-Fife-Core/bsc/lib/Verilog/SizedFIFO.v:206$1816_EN[31:0]$1834 [0] $flatten\seg_adder_vff_in_17.$0$memwr$\arr$/teamspace/studios/this_studio/Melodica-Integration-into-Fife-Core/bsc/lib/Verilog/SizedFIFO.v:206$1816_EN[31:0]$1834 [0] $flatten\seg_adder_vff_in_17.$0$memwr$\arr$/teamspace/studios/this_studio/Melodica-Integration-into-Fife-Core/bsc/lib/Verilog/SizedFIFO.v:206$1816_EN[31:0]$1834 [0] $flatten\seg_adder_vff_in_17.$0$memwr$\arr$/teamspace/studios/this_studio/Melodica-Integration-into-Fife-Core/bsc/lib/Verilog/SizedFIFO.v:206$1816_EN[31:0]$1834 [0] $flatten\seg_adder_vff_in_17.$0$memwr$\arr$/teamspace/studios/this_studio/Melodica-Integration-into-Fife-Core/bsc/lib/Verilog/SizedFIFO.v:206$1816_EN[31:0]$1834 [0] $flatten\seg_adder_vff_in_17.$0$memwr$\arr$/teamspace/studios/this_studio/Melodica-Integration-into-Fife-Core/bsc/lib/Verilog/SizedFIFO.v:206$1816_EN[31:0]$1834 [0] $flatten\seg_adder_vff_in_17.$0$memwr$\arr$/teamspace/studios/this_studio/Melodica-Integration-into-Fife-Core/bsc/lib/Verilog/SizedFIFO.v:206$1816_EN[31:0]$1834 [0] $flatten\seg_adder_vff_in_17.$0$memwr$\arr$/teamspace/studios/this_studio/Melodica-Integration-into-Fife-Core/bsc/lib/Verilog/SizedFIFO.v:206$1816_EN[31:0]$1834 [0] $flatten\seg_adder_vff_in_17.$0$memwr$\arr$/teamspace/studios/this_studio/Melodica-Integration-into-Fife-Core/bsc/lib/Verilog/SizedFIFO.v:206$1816_EN[31:0]$1834 [0] $flatten\seg_adder_vff_in_17.$0$memwr$\arr$/teamspace/studios/this_studio/Melodica-Integration-into-Fife-Core/bsc/lib/Verilog/SizedFIFO.v:206$1816_EN[31:0]$1834 [0] $flatten\seg_adder_vff_in_17.$0$memwr$\arr$/teamspace/studios/this_studio/Melodica-Integration-into-Fife-Core/bsc/lib/Verilog/SizedFIFO.v:206$1816_EN[31:0]$1834 [0] $flatten\seg_adder_vff_in_17.$0$memwr$\arr$/teamspace/studios/this_studio/Melodica-Integration-into-Fife-Core/bsc/lib/Verilog/SizedFIFO.v:206$1816_EN[31:0]$1834 [0] $flatten\seg_adder_vff_in_17.$0$memwr$\arr$/teamspace/studios/this_studio/Melodica-Integration-into-Fife-Core/bsc/lib/Verilog/SizedFIFO.v:206$1816_EN[31:0]$1834 [0] }
    New ctrl vector for $pmux cell $flatten\seg_adder_vff_in_17.$procmux$2577: { $auto$opt_reduce.cc:134:opt_pmux$2913 $auto$opt_reduce.cc:134:opt_pmux$2911 }
    New ctrl vector for $pmux cell $flatten\seg_adder_vff_in_17.$procmux$2601: $auto$opt_reduce.cc:134:opt_pmux$2915
    Consolidated identical input bits for $mux cell $flatten\seg_adder_vff_in_18.$procmux$2569:
      Old ports: A=0, B=32'11111111111111111111111111111111, Y=$flatten\seg_adder_vff_in_18.$0$memwr$\arr$/teamspace/studios/this_studio/Melodica-Integration-into-Fife-Core/bsc/lib/Verilog/SizedFIFO.v:206$1816_EN[31:0]$1834
      New ports: A=1'0, B=1'1, Y=$flatten\seg_adder_vff_in_18.$0$memwr$\arr$/teamspace/studios/this_studio/Melodica-Integration-into-Fife-Core/bsc/lib/Verilog/SizedFIFO.v:206$1816_EN[31:0]$1834 [0]
      New connections: $flatten\seg_adder_vff_in_18.$0$memwr$\arr$/teamspace/studios/this_studio/Melodica-Integration-into-Fife-Core/bsc/lib/Verilog/SizedFIFO.v:206$1816_EN[31:0]$1834 [31:1] = { $flatten\seg_adder_vff_in_18.$0$memwr$\arr$/teamspace/studios/this_studio/Melodica-Integration-into-Fife-Core/bsc/lib/Verilog/SizedFIFO.v:206$1816_EN[31:0]$1834 [0] $flatten\seg_adder_vff_in_18.$0$memwr$\arr$/teamspace/studios/this_studio/Melodica-Integration-into-Fife-Core/bsc/lib/Verilog/SizedFIFO.v:206$1816_EN[31:0]$1834 [0] $flatten\seg_adder_vff_in_18.$0$memwr$\arr$/teamspace/studios/this_studio/Melodica-Integration-into-Fife-Core/bsc/lib/Verilog/SizedFIFO.v:206$1816_EN[31:0]$1834 [0] $flatten\seg_adder_vff_in_18.$0$memwr$\arr$/teamspace/studios/this_studio/Melodica-Integration-into-Fife-Core/bsc/lib/Verilog/SizedFIFO.v:206$1816_EN[31:0]$1834 [0] $flatten\seg_adder_vff_in_18.$0$memwr$\arr$/teamspace/studios/this_studio/Melodica-Integration-into-Fife-Core/bsc/lib/Verilog/SizedFIFO.v:206$1816_EN[31:0]$1834 [0] $flatten\seg_adder_vff_in_18.$0$memwr$\arr$/teamspace/studios/this_studio/Melodica-Integration-into-Fife-Core/bsc/lib/Verilog/SizedFIFO.v:206$1816_EN[31:0]$1834 [0] $flatten\seg_adder_vff_in_18.$0$memwr$\arr$/teamspace/studios/this_studio/Melodica-Integration-into-Fife-Core/bsc/lib/Verilog/SizedFIFO.v:206$1816_EN[31:0]$1834 [0] $flatten\seg_adder_vff_in_18.$0$memwr$\arr$/teamspace/studios/this_studio/Melodica-Integration-into-Fife-Core/bsc/lib/Verilog/SizedFIFO.v:206$1816_EN[31:0]$1834 [0] $flatten\seg_adder_vff_in_18.$0$memwr$\arr$/teamspace/studios/this_studio/Melodica-Integration-into-Fife-Core/bsc/lib/Verilog/SizedFIFO.v:206$1816_EN[31:0]$1834 [0] $flatten\seg_adder_vff_in_18.$0$memwr$\arr$/teamspace/studios/this_studio/Melodica-Integration-into-Fife-Core/bsc/lib/Verilog/SizedFIFO.v:206$1816_EN[31:0]$1834 [0] $flatten\seg_adder_vff_in_18.$0$memwr$\arr$/teamspace/studios/this_studio/Melodica-Integration-into-Fife-Core/bsc/lib/Verilog/SizedFIFO.v:206$1816_EN[31:0]$1834 [0] $flatten\seg_adder_vff_in_18.$0$memwr$\arr$/teamspace/studios/this_studio/Melodica-Integration-into-Fife-Core/bsc/lib/Verilog/SizedFIFO.v:206$1816_EN[31:0]$1834 [0] $flatten\seg_adder_vff_in_18.$0$memwr$\arr$/teamspace/studios/this_studio/Melodica-Integration-into-Fife-Core/bsc/lib/Verilog/SizedFIFO.v:206$1816_EN[31:0]$1834 [0] $flatten\seg_adder_vff_in_18.$0$memwr$\arr$/teamspace/studios/this_studio/Melodica-Integration-into-Fife-Core/bsc/lib/Verilog/SizedFIFO.v:206$1816_EN[31:0]$1834 [0] $flatten\seg_adder_vff_in_18.$0$memwr$\arr$/teamspace/studios/this_studio/Melodica-Integration-into-Fife-Core/bsc/lib/Verilog/SizedFIFO.v:206$1816_EN[31:0]$1834 [0] $flatten\seg_adder_vff_in_18.$0$memwr$\arr$/teamspace/studios/this_studio/Melodica-Integration-into-Fife-Core/bsc/lib/Verilog/SizedFIFO.v:206$1816_EN[31:0]$1834 [0] $flatten\seg_adder_vff_in_18.$0$memwr$\arr$/teamspace/studios/this_studio/Melodica-Integration-into-Fife-Core/bsc/lib/Verilog/SizedFIFO.v:206$1816_EN[31:0]$1834 [0] $flatten\seg_adder_vff_in_18.$0$memwr$\arr$/teamspace/studios/this_studio/Melodica-Integration-into-Fife-Core/bsc/lib/Verilog/SizedFIFO.v:206$1816_EN[31:0]$1834 [0] $flatten\seg_adder_vff_in_18.$0$memwr$\arr$/teamspace/studios/this_studio/Melodica-Integration-into-Fife-Core/bsc/lib/Verilog/SizedFIFO.v:206$1816_EN[31:0]$1834 [0] $flatten\seg_adder_vff_in_18.$0$memwr$\arr$/teamspace/studios/this_studio/Melodica-Integration-into-Fife-Core/bsc/lib/Verilog/SizedFIFO.v:206$1816_EN[31:0]$1834 [0] $flatten\seg_adder_vff_in_18.$0$memwr$\arr$/teamspace/studios/this_studio/Melodica-Integration-into-Fife-Core/bsc/lib/Verilog/SizedFIFO.v:206$1816_EN[31:0]$1834 [0] $flatten\seg_adder_vff_in_18.$0$memwr$\arr$/teamspace/studios/this_studio/Melodica-Integration-into-Fife-Core/bsc/lib/Verilog/SizedFIFO.v:206$1816_EN[31:0]$1834 [0] $flatten\seg_adder_vff_in_18.$0$memwr$\arr$/teamspace/studios/this_studio/Melodica-Integration-into-Fife-Core/bsc/lib/Verilog/SizedFIFO.v:206$1816_EN[31:0]$1834 [0] $flatten\seg_adder_vff_in_18.$0$memwr$\arr$/teamspace/studios/this_studio/Melodica-Integration-into-Fife-Core/bsc/lib/Verilog/SizedFIFO.v:206$1816_EN[31:0]$1834 [0] $flatten\seg_adder_vff_in_18.$0$memwr$\arr$/teamspace/studios/this_studio/Melodica-Integration-into-Fife-Core/bsc/lib/Verilog/SizedFIFO.v:206$1816_EN[31:0]$1834 [0] $flatten\seg_adder_vff_in_18.$0$memwr$\arr$/teamspace/studios/this_studio/Melodica-Integration-into-Fife-Core/bsc/lib/Verilog/SizedFIFO.v:206$1816_EN[31:0]$1834 [0] $flatten\seg_adder_vff_in_18.$0$memwr$\arr$/teamspace/studios/this_studio/Melodica-Integration-into-Fife-Core/bsc/lib/Verilog/SizedFIFO.v:206$1816_EN[31:0]$1834 [0] $flatten\seg_adder_vff_in_18.$0$memwr$\arr$/teamspace/studios/this_studio/Melodica-Integration-into-Fife-Core/bsc/lib/Verilog/SizedFIFO.v:206$1816_EN[31:0]$1834 [0] $flatten\seg_adder_vff_in_18.$0$memwr$\arr$/teamspace/studios/this_studio/Melodica-Integration-into-Fife-Core/bsc/lib/Verilog/SizedFIFO.v:206$1816_EN[31:0]$1834 [0] $flatten\seg_adder_vff_in_18.$0$memwr$\arr$/teamspace/studios/this_studio/Melodica-Integration-into-Fife-Core/bsc/lib/Verilog/SizedFIFO.v:206$1816_EN[31:0]$1834 [0] $flatten\seg_adder_vff_in_18.$0$memwr$\arr$/teamspace/studios/this_studio/Melodica-Integration-into-Fife-Core/bsc/lib/Verilog/SizedFIFO.v:206$1816_EN[31:0]$1834 [0] }
    New ctrl vector for $pmux cell $flatten\seg_adder_vff_in_18.$procmux$2577: { $auto$opt_reduce.cc:134:opt_pmux$2919 $auto$opt_reduce.cc:134:opt_pmux$2917 }
    New ctrl vector for $pmux cell $flatten\seg_adder_vff_in_18.$procmux$2601: $auto$opt_reduce.cc:134:opt_pmux$2921
    Consolidated identical input bits for $mux cell $flatten\seg_adder_vff_in_19.$procmux$2569:
      Old ports: A=0, B=32'11111111111111111111111111111111, Y=$flatten\seg_adder_vff_in_19.$0$memwr$\arr$/teamspace/studios/this_studio/Melodica-Integration-into-Fife-Core/bsc/lib/Verilog/SizedFIFO.v:206$1816_EN[31:0]$1834
      New ports: A=1'0, B=1'1, Y=$flatten\seg_adder_vff_in_19.$0$memwr$\arr$/teamspace/studios/this_studio/Melodica-Integration-into-Fife-Core/bsc/lib/Verilog/SizedFIFO.v:206$1816_EN[31:0]$1834 [0]
      New connections: $flatten\seg_adder_vff_in_19.$0$memwr$\arr$/teamspace/studios/this_studio/Melodica-Integration-into-Fife-Core/bsc/lib/Verilog/SizedFIFO.v:206$1816_EN[31:0]$1834 [31:1] = { $flatten\seg_adder_vff_in_19.$0$memwr$\arr$/teamspace/studios/this_studio/Melodica-Integration-into-Fife-Core/bsc/lib/Verilog/SizedFIFO.v:206$1816_EN[31:0]$1834 [0] $flatten\seg_adder_vff_in_19.$0$memwr$\arr$/teamspace/studios/this_studio/Melodica-Integration-into-Fife-Core/bsc/lib/Verilog/SizedFIFO.v:206$1816_EN[31:0]$1834 [0] $flatten\seg_adder_vff_in_19.$0$memwr$\arr$/teamspace/studios/this_studio/Melodica-Integration-into-Fife-Core/bsc/lib/Verilog/SizedFIFO.v:206$1816_EN[31:0]$1834 [0] $flatten\seg_adder_vff_in_19.$0$memwr$\arr$/teamspace/studios/this_studio/Melodica-Integration-into-Fife-Core/bsc/lib/Verilog/SizedFIFO.v:206$1816_EN[31:0]$1834 [0] $flatten\seg_adder_vff_in_19.$0$memwr$\arr$/teamspace/studios/this_studio/Melodica-Integration-into-Fife-Core/bsc/lib/Verilog/SizedFIFO.v:206$1816_EN[31:0]$1834 [0] $flatten\seg_adder_vff_in_19.$0$memwr$\arr$/teamspace/studios/this_studio/Melodica-Integration-into-Fife-Core/bsc/lib/Verilog/SizedFIFO.v:206$1816_EN[31:0]$1834 [0] $flatten\seg_adder_vff_in_19.$0$memwr$\arr$/teamspace/studios/this_studio/Melodica-Integration-into-Fife-Core/bsc/lib/Verilog/SizedFIFO.v:206$1816_EN[31:0]$1834 [0] $flatten\seg_adder_vff_in_19.$0$memwr$\arr$/teamspace/studios/this_studio/Melodica-Integration-into-Fife-Core/bsc/lib/Verilog/SizedFIFO.v:206$1816_EN[31:0]$1834 [0] $flatten\seg_adder_vff_in_19.$0$memwr$\arr$/teamspace/studios/this_studio/Melodica-Integration-into-Fife-Core/bsc/lib/Verilog/SizedFIFO.v:206$1816_EN[31:0]$1834 [0] $flatten\seg_adder_vff_in_19.$0$memwr$\arr$/teamspace/studios/this_studio/Melodica-Integration-into-Fife-Core/bsc/lib/Verilog/SizedFIFO.v:206$1816_EN[31:0]$1834 [0] $flatten\seg_adder_vff_in_19.$0$memwr$\arr$/teamspace/studios/this_studio/Melodica-Integration-into-Fife-Core/bsc/lib/Verilog/SizedFIFO.v:206$1816_EN[31:0]$1834 [0] $flatten\seg_adder_vff_in_19.$0$memwr$\arr$/teamspace/studios/this_studio/Melodica-Integration-into-Fife-Core/bsc/lib/Verilog/SizedFIFO.v:206$1816_EN[31:0]$1834 [0] $flatten\seg_adder_vff_in_19.$0$memwr$\arr$/teamspace/studios/this_studio/Melodica-Integration-into-Fife-Core/bsc/lib/Verilog/SizedFIFO.v:206$1816_EN[31:0]$1834 [0] $flatten\seg_adder_vff_in_19.$0$memwr$\arr$/teamspace/studios/this_studio/Melodica-Integration-into-Fife-Core/bsc/lib/Verilog/SizedFIFO.v:206$1816_EN[31:0]$1834 [0] $flatten\seg_adder_vff_in_19.$0$memwr$\arr$/teamspace/studios/this_studio/Melodica-Integration-into-Fife-Core/bsc/lib/Verilog/SizedFIFO.v:206$1816_EN[31:0]$1834 [0] $flatten\seg_adder_vff_in_19.$0$memwr$\arr$/teamspace/studios/this_studio/Melodica-Integration-into-Fife-Core/bsc/lib/Verilog/SizedFIFO.v:206$1816_EN[31:0]$1834 [0] $flatten\seg_adder_vff_in_19.$0$memwr$\arr$/teamspace/studios/this_studio/Melodica-Integration-into-Fife-Core/bsc/lib/Verilog/SizedFIFO.v:206$1816_EN[31:0]$1834 [0] $flatten\seg_adder_vff_in_19.$0$memwr$\arr$/teamspace/studios/this_studio/Melodica-Integration-into-Fife-Core/bsc/lib/Verilog/SizedFIFO.v:206$1816_EN[31:0]$1834 [0] $flatten\seg_adder_vff_in_19.$0$memwr$\arr$/teamspace/studios/this_studio/Melodica-Integration-into-Fife-Core/bsc/lib/Verilog/SizedFIFO.v:206$1816_EN[31:0]$1834 [0] $flatten\seg_adder_vff_in_19.$0$memwr$\arr$/teamspace/studios/this_studio/Melodica-Integration-into-Fife-Core/bsc/lib/Verilog/SizedFIFO.v:206$1816_EN[31:0]$1834 [0] $flatten\seg_adder_vff_in_19.$0$memwr$\arr$/teamspace/studios/this_studio/Melodica-Integration-into-Fife-Core/bsc/lib/Verilog/SizedFIFO.v:206$1816_EN[31:0]$1834 [0] $flatten\seg_adder_vff_in_19.$0$memwr$\arr$/teamspace/studios/this_studio/Melodica-Integration-into-Fife-Core/bsc/lib/Verilog/SizedFIFO.v:206$1816_EN[31:0]$1834 [0] $flatten\seg_adder_vff_in_19.$0$memwr$\arr$/teamspace/studios/this_studio/Melodica-Integration-into-Fife-Core/bsc/lib/Verilog/SizedFIFO.v:206$1816_EN[31:0]$1834 [0] $flatten\seg_adder_vff_in_19.$0$memwr$\arr$/teamspace/studios/this_studio/Melodica-Integration-into-Fife-Core/bsc/lib/Verilog/SizedFIFO.v:206$1816_EN[31:0]$1834 [0] $flatten\seg_adder_vff_in_19.$0$memwr$\arr$/teamspace/studios/this_studio/Melodica-Integration-into-Fife-Core/bsc/lib/Verilog/SizedFIFO.v:206$1816_EN[31:0]$1834 [0] $flatten\seg_adder_vff_in_19.$0$memwr$\arr$/teamspace/studios/this_studio/Melodica-Integration-into-Fife-Core/bsc/lib/Verilog/SizedFIFO.v:206$1816_EN[31:0]$1834 [0] $flatten\seg_adder_vff_in_19.$0$memwr$\arr$/teamspace/studios/this_studio/Melodica-Integration-into-Fife-Core/bsc/lib/Verilog/SizedFIFO.v:206$1816_EN[31:0]$1834 [0] $flatten\seg_adder_vff_in_19.$0$memwr$\arr$/teamspace/studios/this_studio/Melodica-Integration-into-Fife-Core/bsc/lib/Verilog/SizedFIFO.v:206$1816_EN[31:0]$1834 [0] $flatten\seg_adder_vff_in_19.$0$memwr$\arr$/teamspace/studios/this_studio/Melodica-Integration-into-Fife-Core/bsc/lib/Verilog/SizedFIFO.v:206$1816_EN[31:0]$1834 [0] $flatten\seg_adder_vff_in_19.$0$memwr$\arr$/teamspace/studios/this_studio/Melodica-Integration-into-Fife-Core/bsc/lib/Verilog/SizedFIFO.v:206$1816_EN[31:0]$1834 [0] $flatten\seg_adder_vff_in_19.$0$memwr$\arr$/teamspace/studios/this_studio/Melodica-Integration-into-Fife-Core/bsc/lib/Verilog/SizedFIFO.v:206$1816_EN[31:0]$1834 [0] }
    New ctrl vector for $pmux cell $flatten\seg_adder_vff_in_19.$procmux$2577: { $auto$opt_reduce.cc:134:opt_pmux$2925 $auto$opt_reduce.cc:134:opt_pmux$2923 }
    New ctrl vector for $pmux cell $flatten\seg_adder_vff_in_19.$procmux$2601: $auto$opt_reduce.cc:134:opt_pmux$2927
    Consolidated identical input bits for $mux cell $flatten\seg_adder_vff_in_2.$procmux$2569:
      Old ports: A=0, B=32'11111111111111111111111111111111, Y=$flatten\seg_adder_vff_in_2.$0$memwr$\arr$/teamspace/studios/this_studio/Melodica-Integration-into-Fife-Core/bsc/lib/Verilog/SizedFIFO.v:206$1816_EN[31:0]$1834
      New ports: A=1'0, B=1'1, Y=$flatten\seg_adder_vff_in_2.$0$memwr$\arr$/teamspace/studios/this_studio/Melodica-Integration-into-Fife-Core/bsc/lib/Verilog/SizedFIFO.v:206$1816_EN[31:0]$1834 [0]
      New connections: $flatten\seg_adder_vff_in_2.$0$memwr$\arr$/teamspace/studios/this_studio/Melodica-Integration-into-Fife-Core/bsc/lib/Verilog/SizedFIFO.v:206$1816_EN[31:0]$1834 [31:1] = { $flatten\seg_adder_vff_in_2.$0$memwr$\arr$/teamspace/studios/this_studio/Melodica-Integration-into-Fife-Core/bsc/lib/Verilog/SizedFIFO.v:206$1816_EN[31:0]$1834 [0] $flatten\seg_adder_vff_in_2.$0$memwr$\arr$/teamspace/studios/this_studio/Melodica-Integration-into-Fife-Core/bsc/lib/Verilog/SizedFIFO.v:206$1816_EN[31:0]$1834 [0] $flatten\seg_adder_vff_in_2.$0$memwr$\arr$/teamspace/studios/this_studio/Melodica-Integration-into-Fife-Core/bsc/lib/Verilog/SizedFIFO.v:206$1816_EN[31:0]$1834 [0] $flatten\seg_adder_vff_in_2.$0$memwr$\arr$/teamspace/studios/this_studio/Melodica-Integration-into-Fife-Core/bsc/lib/Verilog/SizedFIFO.v:206$1816_EN[31:0]$1834 [0] $flatten\seg_adder_vff_in_2.$0$memwr$\arr$/teamspace/studios/this_studio/Melodica-Integration-into-Fife-Core/bsc/lib/Verilog/SizedFIFO.v:206$1816_EN[31:0]$1834 [0] $flatten\seg_adder_vff_in_2.$0$memwr$\arr$/teamspace/studios/this_studio/Melodica-Integration-into-Fife-Core/bsc/lib/Verilog/SizedFIFO.v:206$1816_EN[31:0]$1834 [0] $flatten\seg_adder_vff_in_2.$0$memwr$\arr$/teamspace/studios/this_studio/Melodica-Integration-into-Fife-Core/bsc/lib/Verilog/SizedFIFO.v:206$1816_EN[31:0]$1834 [0] $flatten\seg_adder_vff_in_2.$0$memwr$\arr$/teamspace/studios/this_studio/Melodica-Integration-into-Fife-Core/bsc/lib/Verilog/SizedFIFO.v:206$1816_EN[31:0]$1834 [0] $flatten\seg_adder_vff_in_2.$0$memwr$\arr$/teamspace/studios/this_studio/Melodica-Integration-into-Fife-Core/bsc/lib/Verilog/SizedFIFO.v:206$1816_EN[31:0]$1834 [0] $flatten\seg_adder_vff_in_2.$0$memwr$\arr$/teamspace/studios/this_studio/Melodica-Integration-into-Fife-Core/bsc/lib/Verilog/SizedFIFO.v:206$1816_EN[31:0]$1834 [0] $flatten\seg_adder_vff_in_2.$0$memwr$\arr$/teamspace/studios/this_studio/Melodica-Integration-into-Fife-Core/bsc/lib/Verilog/SizedFIFO.v:206$1816_EN[31:0]$1834 [0] $flatten\seg_adder_vff_in_2.$0$memwr$\arr$/teamspace/studios/this_studio/Melodica-Integration-into-Fife-Core/bsc/lib/Verilog/SizedFIFO.v:206$1816_EN[31:0]$1834 [0] $flatten\seg_adder_vff_in_2.$0$memwr$\arr$/teamspace/studios/this_studio/Melodica-Integration-into-Fife-Core/bsc/lib/Verilog/SizedFIFO.v:206$1816_EN[31:0]$1834 [0] $flatten\seg_adder_vff_in_2.$0$memwr$\arr$/teamspace/studios/this_studio/Melodica-Integration-into-Fife-Core/bsc/lib/Verilog/SizedFIFO.v:206$1816_EN[31:0]$1834 [0] $flatten\seg_adder_vff_in_2.$0$memwr$\arr$/teamspace/studios/this_studio/Melodica-Integration-into-Fife-Core/bsc/lib/Verilog/SizedFIFO.v:206$1816_EN[31:0]$1834 [0] $flatten\seg_adder_vff_in_2.$0$memwr$\arr$/teamspace/studios/this_studio/Melodica-Integration-into-Fife-Core/bsc/lib/Verilog/SizedFIFO.v:206$1816_EN[31:0]$1834 [0] $flatten\seg_adder_vff_in_2.$0$memwr$\arr$/teamspace/studios/this_studio/Melodica-Integration-into-Fife-Core/bsc/lib/Verilog/SizedFIFO.v:206$1816_EN[31:0]$1834 [0] $flatten\seg_adder_vff_in_2.$0$memwr$\arr$/teamspace/studios/this_studio/Melodica-Integration-into-Fife-Core/bsc/lib/Verilog/SizedFIFO.v:206$1816_EN[31:0]$1834 [0] $flatten\seg_adder_vff_in_2.$0$memwr$\arr$/teamspace/studios/this_studio/Melodica-Integration-into-Fife-Core/bsc/lib/Verilog/SizedFIFO.v:206$1816_EN[31:0]$1834 [0] $flatten\seg_adder_vff_in_2.$0$memwr$\arr$/teamspace/studios/this_studio/Melodica-Integration-into-Fife-Core/bsc/lib/Verilog/SizedFIFO.v:206$1816_EN[31:0]$1834 [0] $flatten\seg_adder_vff_in_2.$0$memwr$\arr$/teamspace/studios/this_studio/Melodica-Integration-into-Fife-Core/bsc/lib/Verilog/SizedFIFO.v:206$1816_EN[31:0]$1834 [0] $flatten\seg_adder_vff_in_2.$0$memwr$\arr$/teamspace/studios/this_studio/Melodica-Integration-into-Fife-Core/bsc/lib/Verilog/SizedFIFO.v:206$1816_EN[31:0]$1834 [0] $flatten\seg_adder_vff_in_2.$0$memwr$\arr$/teamspace/studios/this_studio/Melodica-Integration-into-Fife-Core/bsc/lib/Verilog/SizedFIFO.v:206$1816_EN[31:0]$1834 [0] $flatten\seg_adder_vff_in_2.$0$memwr$\arr$/teamspace/studios/this_studio/Melodica-Integration-into-Fife-Core/bsc/lib/Verilog/SizedFIFO.v:206$1816_EN[31:0]$1834 [0] $flatten\seg_adder_vff_in_2.$0$memwr$\arr$/teamspace/studios/this_studio/Melodica-Integration-into-Fife-Core/bsc/lib/Verilog/SizedFIFO.v:206$1816_EN[31:0]$1834 [0] $flatten\seg_adder_vff_in_2.$0$memwr$\arr$/teamspace/studios/this_studio/Melodica-Integration-into-Fife-Core/bsc/lib/Verilog/SizedFIFO.v:206$1816_EN[31:0]$1834 [0] $flatten\seg_adder_vff_in_2.$0$memwr$\arr$/teamspace/studios/this_studio/Melodica-Integration-into-Fife-Core/bsc/lib/Verilog/SizedFIFO.v:206$1816_EN[31:0]$1834 [0] $flatten\seg_adder_vff_in_2.$0$memwr$\arr$/teamspace/studios/this_studio/Melodica-Integration-into-Fife-Core/bsc/lib/Verilog/SizedFIFO.v:206$1816_EN[31:0]$1834 [0] $flatten\seg_adder_vff_in_2.$0$memwr$\arr$/teamspace/studios/this_studio/Melodica-Integration-into-Fife-Core/bsc/lib/Verilog/SizedFIFO.v:206$1816_EN[31:0]$1834 [0] $flatten\seg_adder_vff_in_2.$0$memwr$\arr$/teamspace/studios/this_studio/Melodica-Integration-into-Fife-Core/bsc/lib/Verilog/SizedFIFO.v:206$1816_EN[31:0]$1834 [0] $flatten\seg_adder_vff_in_2.$0$memwr$\arr$/teamspace/studios/this_studio/Melodica-Integration-into-Fife-Core/bsc/lib/Verilog/SizedFIFO.v:206$1816_EN[31:0]$1834 [0] }
    New ctrl vector for $pmux cell $flatten\seg_adder_vff_in_2.$procmux$2577: { $auto$opt_reduce.cc:134:opt_pmux$2931 $auto$opt_reduce.cc:134:opt_pmux$2929 }
    New ctrl vector for $pmux cell $flatten\seg_adder_vff_in_2.$procmux$2601: $auto$opt_reduce.cc:134:opt_pmux$2933
    Consolidated identical input bits for $mux cell $flatten\seg_adder_vff_in_20.$procmux$2569:
      Old ports: A=0, B=32'11111111111111111111111111111111, Y=$flatten\seg_adder_vff_in_20.$0$memwr$\arr$/teamspace/studios/this_studio/Melodica-Integration-into-Fife-Core/bsc/lib/Verilog/SizedFIFO.v:206$1816_EN[31:0]$1834
      New ports: A=1'0, B=1'1, Y=$flatten\seg_adder_vff_in_20.$0$memwr$\arr$/teamspace/studios/this_studio/Melodica-Integration-into-Fife-Core/bsc/lib/Verilog/SizedFIFO.v:206$1816_EN[31:0]$1834 [0]
      New connections: $flatten\seg_adder_vff_in_20.$0$memwr$\arr$/teamspace/studios/this_studio/Melodica-Integration-into-Fife-Core/bsc/lib/Verilog/SizedFIFO.v:206$1816_EN[31:0]$1834 [31:1] = { $flatten\seg_adder_vff_in_20.$0$memwr$\arr$/teamspace/studios/this_studio/Melodica-Integration-into-Fife-Core/bsc/lib/Verilog/SizedFIFO.v:206$1816_EN[31:0]$1834 [0] $flatten\seg_adder_vff_in_20.$0$memwr$\arr$/teamspace/studios/this_studio/Melodica-Integration-into-Fife-Core/bsc/lib/Verilog/SizedFIFO.v:206$1816_EN[31:0]$1834 [0] $flatten\seg_adder_vff_in_20.$0$memwr$\arr$/teamspace/studios/this_studio/Melodica-Integration-into-Fife-Core/bsc/lib/Verilog/SizedFIFO.v:206$1816_EN[31:0]$1834 [0] $flatten\seg_adder_vff_in_20.$0$memwr$\arr$/teamspace/studios/this_studio/Melodica-Integration-into-Fife-Core/bsc/lib/Verilog/SizedFIFO.v:206$1816_EN[31:0]$1834 [0] $flatten\seg_adder_vff_in_20.$0$memwr$\arr$/teamspace/studios/this_studio/Melodica-Integration-into-Fife-Core/bsc/lib/Verilog/SizedFIFO.v:206$1816_EN[31:0]$1834 [0] $flatten\seg_adder_vff_in_20.$0$memwr$\arr$/teamspace/studios/this_studio/Melodica-Integration-into-Fife-Core/bsc/lib/Verilog/SizedFIFO.v:206$1816_EN[31:0]$1834 [0] $flatten\seg_adder_vff_in_20.$0$memwr$\arr$/teamspace/studios/this_studio/Melodica-Integration-into-Fife-Core/bsc/lib/Verilog/SizedFIFO.v:206$1816_EN[31:0]$1834 [0] $flatten\seg_adder_vff_in_20.$0$memwr$\arr$/teamspace/studios/this_studio/Melodica-Integration-into-Fife-Core/bsc/lib/Verilog/SizedFIFO.v:206$1816_EN[31:0]$1834 [0] $flatten\seg_adder_vff_in_20.$0$memwr$\arr$/teamspace/studios/this_studio/Melodica-Integration-into-Fife-Core/bsc/lib/Verilog/SizedFIFO.v:206$1816_EN[31:0]$1834 [0] $flatten\seg_adder_vff_in_20.$0$memwr$\arr$/teamspace/studios/this_studio/Melodica-Integration-into-Fife-Core/bsc/lib/Verilog/SizedFIFO.v:206$1816_EN[31:0]$1834 [0] $flatten\seg_adder_vff_in_20.$0$memwr$\arr$/teamspace/studios/this_studio/Melodica-Integration-into-Fife-Core/bsc/lib/Verilog/SizedFIFO.v:206$1816_EN[31:0]$1834 [0] $flatten\seg_adder_vff_in_20.$0$memwr$\arr$/teamspace/studios/this_studio/Melodica-Integration-into-Fife-Core/bsc/lib/Verilog/SizedFIFO.v:206$1816_EN[31:0]$1834 [0] $flatten\seg_adder_vff_in_20.$0$memwr$\arr$/teamspace/studios/this_studio/Melodica-Integration-into-Fife-Core/bsc/lib/Verilog/SizedFIFO.v:206$1816_EN[31:0]$1834 [0] $flatten\seg_adder_vff_in_20.$0$memwr$\arr$/teamspace/studios/this_studio/Melodica-Integration-into-Fife-Core/bsc/lib/Verilog/SizedFIFO.v:206$1816_EN[31:0]$1834 [0] $flatten\seg_adder_vff_in_20.$0$memwr$\arr$/teamspace/studios/this_studio/Melodica-Integration-into-Fife-Core/bsc/lib/Verilog/SizedFIFO.v:206$1816_EN[31:0]$1834 [0] $flatten\seg_adder_vff_in_20.$0$memwr$\arr$/teamspace/studios/this_studio/Melodica-Integration-into-Fife-Core/bsc/lib/Verilog/SizedFIFO.v:206$1816_EN[31:0]$1834 [0] $flatten\seg_adder_vff_in_20.$0$memwr$\arr$/teamspace/studios/this_studio/Melodica-Integration-into-Fife-Core/bsc/lib/Verilog/SizedFIFO.v:206$1816_EN[31:0]$1834 [0] $flatten\seg_adder_vff_in_20.$0$memwr$\arr$/teamspace/studios/this_studio/Melodica-Integration-into-Fife-Core/bsc/lib/Verilog/SizedFIFO.v:206$1816_EN[31:0]$1834 [0] $flatten\seg_adder_vff_in_20.$0$memwr$\arr$/teamspace/studios/this_studio/Melodica-Integration-into-Fife-Core/bsc/lib/Verilog/SizedFIFO.v:206$1816_EN[31:0]$1834 [0] $flatten\seg_adder_vff_in_20.$0$memwr$\arr$/teamspace/studios/this_studio/Melodica-Integration-into-Fife-Core/bsc/lib/Verilog/SizedFIFO.v:206$1816_EN[31:0]$1834 [0] $flatten\seg_adder_vff_in_20.$0$memwr$\arr$/teamspace/studios/this_studio/Melodica-Integration-into-Fife-Core/bsc/lib/Verilog/SizedFIFO.v:206$1816_EN[31:0]$1834 [0] $flatten\seg_adder_vff_in_20.$0$memwr$\arr$/teamspace/studios/this_studio/Melodica-Integration-into-Fife-Core/bsc/lib/Verilog/SizedFIFO.v:206$1816_EN[31:0]$1834 [0] $flatten\seg_adder_vff_in_20.$0$memwr$\arr$/teamspace/studios/this_studio/Melodica-Integration-into-Fife-Core/bsc/lib/Verilog/SizedFIFO.v:206$1816_EN[31:0]$1834 [0] $flatten\seg_adder_vff_in_20.$0$memwr$\arr$/teamspace/studios/this_studio/Melodica-Integration-into-Fife-Core/bsc/lib/Verilog/SizedFIFO.v:206$1816_EN[31:0]$1834 [0] $flatten\seg_adder_vff_in_20.$0$memwr$\arr$/teamspace/studios/this_studio/Melodica-Integration-into-Fife-Core/bsc/lib/Verilog/SizedFIFO.v:206$1816_EN[31:0]$1834 [0] $flatten\seg_adder_vff_in_20.$0$memwr$\arr$/teamspace/studios/this_studio/Melodica-Integration-into-Fife-Core/bsc/lib/Verilog/SizedFIFO.v:206$1816_EN[31:0]$1834 [0] $flatten\seg_adder_vff_in_20.$0$memwr$\arr$/teamspace/studios/this_studio/Melodica-Integration-into-Fife-Core/bsc/lib/Verilog/SizedFIFO.v:206$1816_EN[31:0]$1834 [0] $flatten\seg_adder_vff_in_20.$0$memwr$\arr$/teamspace/studios/this_studio/Melodica-Integration-into-Fife-Core/bsc/lib/Verilog/SizedFIFO.v:206$1816_EN[31:0]$1834 [0] $flatten\seg_adder_vff_in_20.$0$memwr$\arr$/teamspace/studios/this_studio/Melodica-Integration-into-Fife-Core/bsc/lib/Verilog/SizedFIFO.v:206$1816_EN[31:0]$1834 [0] $flatten\seg_adder_vff_in_20.$0$memwr$\arr$/teamspace/studios/this_studio/Melodica-Integration-into-Fife-Core/bsc/lib/Verilog/SizedFIFO.v:206$1816_EN[31:0]$1834 [0] $flatten\seg_adder_vff_in_20.$0$memwr$\arr$/teamspace/studios/this_studio/Melodica-Integration-into-Fife-Core/bsc/lib/Verilog/SizedFIFO.v:206$1816_EN[31:0]$1834 [0] }
    New ctrl vector for $pmux cell $flatten\seg_adder_vff_in_20.$procmux$2577: { $auto$opt_reduce.cc:134:opt_pmux$2937 $auto$opt_reduce.cc:134:opt_pmux$2935 }
    New ctrl vector for $pmux cell $flatten\seg_adder_vff_in_20.$procmux$2601: $auto$opt_reduce.cc:134:opt_pmux$2939
    Consolidated identical input bits for $mux cell $flatten\seg_adder_vff_in_21.$procmux$2569:
      Old ports: A=0, B=32'11111111111111111111111111111111, Y=$flatten\seg_adder_vff_in_21.$0$memwr$\arr$/teamspace/studios/this_studio/Melodica-Integration-into-Fife-Core/bsc/lib/Verilog/SizedFIFO.v:206$1816_EN[31:0]$1834
      New ports: A=1'0, B=1'1, Y=$flatten\seg_adder_vff_in_21.$0$memwr$\arr$/teamspace/studios/this_studio/Melodica-Integration-into-Fife-Core/bsc/lib/Verilog/SizedFIFO.v:206$1816_EN[31:0]$1834 [0]
      New connections: $flatten\seg_adder_vff_in_21.$0$memwr$\arr$/teamspace/studios/this_studio/Melodica-Integration-into-Fife-Core/bsc/lib/Verilog/SizedFIFO.v:206$1816_EN[31:0]$1834 [31:1] = { $flatten\seg_adder_vff_in_21.$0$memwr$\arr$/teamspace/studios/this_studio/Melodica-Integration-into-Fife-Core/bsc/lib/Verilog/SizedFIFO.v:206$1816_EN[31:0]$1834 [0] $flatten\seg_adder_vff_in_21.$0$memwr$\arr$/teamspace/studios/this_studio/Melodica-Integration-into-Fife-Core/bsc/lib/Verilog/SizedFIFO.v:206$1816_EN[31:0]$1834 [0] $flatten\seg_adder_vff_in_21.$0$memwr$\arr$/teamspace/studios/this_studio/Melodica-Integration-into-Fife-Core/bsc/lib/Verilog/SizedFIFO.v:206$1816_EN[31:0]$1834 [0] $flatten\seg_adder_vff_in_21.$0$memwr$\arr$/teamspace/studios/this_studio/Melodica-Integration-into-Fife-Core/bsc/lib/Verilog/SizedFIFO.v:206$1816_EN[31:0]$1834 [0] $flatten\seg_adder_vff_in_21.$0$memwr$\arr$/teamspace/studios/this_studio/Melodica-Integration-into-Fife-Core/bsc/lib/Verilog/SizedFIFO.v:206$1816_EN[31:0]$1834 [0] $flatten\seg_adder_vff_in_21.$0$memwr$\arr$/teamspace/studios/this_studio/Melodica-Integration-into-Fife-Core/bsc/lib/Verilog/SizedFIFO.v:206$1816_EN[31:0]$1834 [0] $flatten\seg_adder_vff_in_21.$0$memwr$\arr$/teamspace/studios/this_studio/Melodica-Integration-into-Fife-Core/bsc/lib/Verilog/SizedFIFO.v:206$1816_EN[31:0]$1834 [0] $flatten\seg_adder_vff_in_21.$0$memwr$\arr$/teamspace/studios/this_studio/Melodica-Integration-into-Fife-Core/bsc/lib/Verilog/SizedFIFO.v:206$1816_EN[31:0]$1834 [0] $flatten\seg_adder_vff_in_21.$0$memwr$\arr$/teamspace/studios/this_studio/Melodica-Integration-into-Fife-Core/bsc/lib/Verilog/SizedFIFO.v:206$1816_EN[31:0]$1834 [0] $flatten\seg_adder_vff_in_21.$0$memwr$\arr$/teamspace/studios/this_studio/Melodica-Integration-into-Fife-Core/bsc/lib/Verilog/SizedFIFO.v:206$1816_EN[31:0]$1834 [0] $flatten\seg_adder_vff_in_21.$0$memwr$\arr$/teamspace/studios/this_studio/Melodica-Integration-into-Fife-Core/bsc/lib/Verilog/SizedFIFO.v:206$1816_EN[31:0]$1834 [0] $flatten\seg_adder_vff_in_21.$0$memwr$\arr$/teamspace/studios/this_studio/Melodica-Integration-into-Fife-Core/bsc/lib/Verilog/SizedFIFO.v:206$1816_EN[31:0]$1834 [0] $flatten\seg_adder_vff_in_21.$0$memwr$\arr$/teamspace/studios/this_studio/Melodica-Integration-into-Fife-Core/bsc/lib/Verilog/SizedFIFO.v:206$1816_EN[31:0]$1834 [0] $flatten\seg_adder_vff_in_21.$0$memwr$\arr$/teamspace/studios/this_studio/Melodica-Integration-into-Fife-Core/bsc/lib/Verilog/SizedFIFO.v:206$1816_EN[31:0]$1834 [0] $flatten\seg_adder_vff_in_21.$0$memwr$\arr$/teamspace/studios/this_studio/Melodica-Integration-into-Fife-Core/bsc/lib/Verilog/SizedFIFO.v:206$1816_EN[31:0]$1834 [0] $flatten\seg_adder_vff_in_21.$0$memwr$\arr$/teamspace/studios/this_studio/Melodica-Integration-into-Fife-Core/bsc/lib/Verilog/SizedFIFO.v:206$1816_EN[31:0]$1834 [0] $flatten\seg_adder_vff_in_21.$0$memwr$\arr$/teamspace/studios/this_studio/Melodica-Integration-into-Fife-Core/bsc/lib/Verilog/SizedFIFO.v:206$1816_EN[31:0]$1834 [0] $flatten\seg_adder_vff_in_21.$0$memwr$\arr$/teamspace/studios/this_studio/Melodica-Integration-into-Fife-Core/bsc/lib/Verilog/SizedFIFO.v:206$1816_EN[31:0]$1834 [0] $flatten\seg_adder_vff_in_21.$0$memwr$\arr$/teamspace/studios/this_studio/Melodica-Integration-into-Fife-Core/bsc/lib/Verilog/SizedFIFO.v:206$1816_EN[31:0]$1834 [0] $flatten\seg_adder_vff_in_21.$0$memwr$\arr$/teamspace/studios/this_studio/Melodica-Integration-into-Fife-Core/bsc/lib/Verilog/SizedFIFO.v:206$1816_EN[31:0]$1834 [0] $flatten\seg_adder_vff_in_21.$0$memwr$\arr$/teamspace/studios/this_studio/Melodica-Integration-into-Fife-Core/bsc/lib/Verilog/SizedFIFO.v:206$1816_EN[31:0]$1834 [0] $flatten\seg_adder_vff_in_21.$0$memwr$\arr$/teamspace/studios/this_studio/Melodica-Integration-into-Fife-Core/bsc/lib/Verilog/SizedFIFO.v:206$1816_EN[31:0]$1834 [0] $flatten\seg_adder_vff_in_21.$0$memwr$\arr$/teamspace/studios/this_studio/Melodica-Integration-into-Fife-Core/bsc/lib/Verilog/SizedFIFO.v:206$1816_EN[31:0]$1834 [0] $flatten\seg_adder_vff_in_21.$0$memwr$\arr$/teamspace/studios/this_studio/Melodica-Integration-into-Fife-Core/bsc/lib/Verilog/SizedFIFO.v:206$1816_EN[31:0]$1834 [0] $flatten\seg_adder_vff_in_21.$0$memwr$\arr$/teamspace/studios/this_studio/Melodica-Integration-into-Fife-Core/bsc/lib/Verilog/SizedFIFO.v:206$1816_EN[31:0]$1834 [0] $flatten\seg_adder_vff_in_21.$0$memwr$\arr$/teamspace/studios/this_studio/Melodica-Integration-into-Fife-Core/bsc/lib/Verilog/SizedFIFO.v:206$1816_EN[31:0]$1834 [0] $flatten\seg_adder_vff_in_21.$0$memwr$\arr$/teamspace/studios/this_studio/Melodica-Integration-into-Fife-Core/bsc/lib/Verilog/SizedFIFO.v:206$1816_EN[31:0]$1834 [0] $flatten\seg_adder_vff_in_21.$0$memwr$\arr$/teamspace/studios/this_studio/Melodica-Integration-into-Fife-Core/bsc/lib/Verilog/SizedFIFO.v:206$1816_EN[31:0]$1834 [0] $flatten\seg_adder_vff_in_21.$0$memwr$\arr$/teamspace/studios/this_studio/Melodica-Integration-into-Fife-Core/bsc/lib/Verilog/SizedFIFO.v:206$1816_EN[31:0]$1834 [0] $flatten\seg_adder_vff_in_21.$0$memwr$\arr$/teamspace/studios/this_studio/Melodica-Integration-into-Fife-Core/bsc/lib/Verilog/SizedFIFO.v:206$1816_EN[31:0]$1834 [0] $flatten\seg_adder_vff_in_21.$0$memwr$\arr$/teamspace/studios/this_studio/Melodica-Integration-into-Fife-Core/bsc/lib/Verilog/SizedFIFO.v:206$1816_EN[31:0]$1834 [0] }
    New ctrl vector for $pmux cell $flatten\seg_adder_vff_in_21.$procmux$2577: { $auto$opt_reduce.cc:134:opt_pmux$2943 $auto$opt_reduce.cc:134:opt_pmux$2941 }
    New ctrl vector for $pmux cell $flatten\seg_adder_vff_in_21.$procmux$2601: $auto$opt_reduce.cc:134:opt_pmux$2945
    Consolidated identical input bits for $mux cell $flatten\seg_adder_vff_in_22.$procmux$2569:
      Old ports: A=0, B=32'11111111111111111111111111111111, Y=$flatten\seg_adder_vff_in_22.$0$memwr$\arr$/teamspace/studios/this_studio/Melodica-Integration-into-Fife-Core/bsc/lib/Verilog/SizedFIFO.v:206$1816_EN[31:0]$1834
      New ports: A=1'0, B=1'1, Y=$flatten\seg_adder_vff_in_22.$0$memwr$\arr$/teamspace/studios/this_studio/Melodica-Integration-into-Fife-Core/bsc/lib/Verilog/SizedFIFO.v:206$1816_EN[31:0]$1834 [0]
      New connections: $flatten\seg_adder_vff_in_22.$0$memwr$\arr$/teamspace/studios/this_studio/Melodica-Integration-into-Fife-Core/bsc/lib/Verilog/SizedFIFO.v:206$1816_EN[31:0]$1834 [31:1] = { $flatten\seg_adder_vff_in_22.$0$memwr$\arr$/teamspace/studios/this_studio/Melodica-Integration-into-Fife-Core/bsc/lib/Verilog/SizedFIFO.v:206$1816_EN[31:0]$1834 [0] $flatten\seg_adder_vff_in_22.$0$memwr$\arr$/teamspace/studios/this_studio/Melodica-Integration-into-Fife-Core/bsc/lib/Verilog/SizedFIFO.v:206$1816_EN[31:0]$1834 [0] $flatten\seg_adder_vff_in_22.$0$memwr$\arr$/teamspace/studios/this_studio/Melodica-Integration-into-Fife-Core/bsc/lib/Verilog/SizedFIFO.v:206$1816_EN[31:0]$1834 [0] $flatten\seg_adder_vff_in_22.$0$memwr$\arr$/teamspace/studios/this_studio/Melodica-Integration-into-Fife-Core/bsc/lib/Verilog/SizedFIFO.v:206$1816_EN[31:0]$1834 [0] $flatten\seg_adder_vff_in_22.$0$memwr$\arr$/teamspace/studios/this_studio/Melodica-Integration-into-Fife-Core/bsc/lib/Verilog/SizedFIFO.v:206$1816_EN[31:0]$1834 [0] $flatten\seg_adder_vff_in_22.$0$memwr$\arr$/teamspace/studios/this_studio/Melodica-Integration-into-Fife-Core/bsc/lib/Verilog/SizedFIFO.v:206$1816_EN[31:0]$1834 [0] $flatten\seg_adder_vff_in_22.$0$memwr$\arr$/teamspace/studios/this_studio/Melodica-Integration-into-Fife-Core/bsc/lib/Verilog/SizedFIFO.v:206$1816_EN[31:0]$1834 [0] $flatten\seg_adder_vff_in_22.$0$memwr$\arr$/teamspace/studios/this_studio/Melodica-Integration-into-Fife-Core/bsc/lib/Verilog/SizedFIFO.v:206$1816_EN[31:0]$1834 [0] $flatten\seg_adder_vff_in_22.$0$memwr$\arr$/teamspace/studios/this_studio/Melodica-Integration-into-Fife-Core/bsc/lib/Verilog/SizedFIFO.v:206$1816_EN[31:0]$1834 [0] $flatten\seg_adder_vff_in_22.$0$memwr$\arr$/teamspace/studios/this_studio/Melodica-Integration-into-Fife-Core/bsc/lib/Verilog/SizedFIFO.v:206$1816_EN[31:0]$1834 [0] $flatten\seg_adder_vff_in_22.$0$memwr$\arr$/teamspace/studios/this_studio/Melodica-Integration-into-Fife-Core/bsc/lib/Verilog/SizedFIFO.v:206$1816_EN[31:0]$1834 [0] $flatten\seg_adder_vff_in_22.$0$memwr$\arr$/teamspace/studios/this_studio/Melodica-Integration-into-Fife-Core/bsc/lib/Verilog/SizedFIFO.v:206$1816_EN[31:0]$1834 [0] $flatten\seg_adder_vff_in_22.$0$memwr$\arr$/teamspace/studios/this_studio/Melodica-Integration-into-Fife-Core/bsc/lib/Verilog/SizedFIFO.v:206$1816_EN[31:0]$1834 [0] $flatten\seg_adder_vff_in_22.$0$memwr$\arr$/teamspace/studios/this_studio/Melodica-Integration-into-Fife-Core/bsc/lib/Verilog/SizedFIFO.v:206$1816_EN[31:0]$1834 [0] $flatten\seg_adder_vff_in_22.$0$memwr$\arr$/teamspace/studios/this_studio/Melodica-Integration-into-Fife-Core/bsc/lib/Verilog/SizedFIFO.v:206$1816_EN[31:0]$1834 [0] $flatten\seg_adder_vff_in_22.$0$memwr$\arr$/teamspace/studios/this_studio/Melodica-Integration-into-Fife-Core/bsc/lib/Verilog/SizedFIFO.v:206$1816_EN[31:0]$1834 [0] $flatten\seg_adder_vff_in_22.$0$memwr$\arr$/teamspace/studios/this_studio/Melodica-Integration-into-Fife-Core/bsc/lib/Verilog/SizedFIFO.v:206$1816_EN[31:0]$1834 [0] $flatten\seg_adder_vff_in_22.$0$memwr$\arr$/teamspace/studios/this_studio/Melodica-Integration-into-Fife-Core/bsc/lib/Verilog/SizedFIFO.v:206$1816_EN[31:0]$1834 [0] $flatten\seg_adder_vff_in_22.$0$memwr$\arr$/teamspace/studios/this_studio/Melodica-Integration-into-Fife-Core/bsc/lib/Verilog/SizedFIFO.v:206$1816_EN[31:0]$1834 [0] $flatten\seg_adder_vff_in_22.$0$memwr$\arr$/teamspace/studios/this_studio/Melodica-Integration-into-Fife-Core/bsc/lib/Verilog/SizedFIFO.v:206$1816_EN[31:0]$1834 [0] $flatten\seg_adder_vff_in_22.$0$memwr$\arr$/teamspace/studios/this_studio/Melodica-Integration-into-Fife-Core/bsc/lib/Verilog/SizedFIFO.v:206$1816_EN[31:0]$1834 [0] $flatten\seg_adder_vff_in_22.$0$memwr$\arr$/teamspace/studios/this_studio/Melodica-Integration-into-Fife-Core/bsc/lib/Verilog/SizedFIFO.v:206$1816_EN[31:0]$1834 [0] $flatten\seg_adder_vff_in_22.$0$memwr$\arr$/teamspace/studios/this_studio/Melodica-Integration-into-Fife-Core/bsc/lib/Verilog/SizedFIFO.v:206$1816_EN[31:0]$1834 [0] $flatten\seg_adder_vff_in_22.$0$memwr$\arr$/teamspace/studios/this_studio/Melodica-Integration-into-Fife-Core/bsc/lib/Verilog/SizedFIFO.v:206$1816_EN[31:0]$1834 [0] $flatten\seg_adder_vff_in_22.$0$memwr$\arr$/teamspace/studios/this_studio/Melodica-Integration-into-Fife-Core/bsc/lib/Verilog/SizedFIFO.v:206$1816_EN[31:0]$1834 [0] $flatten\seg_adder_vff_in_22.$0$memwr$\arr$/teamspace/studios/this_studio/Melodica-Integration-into-Fife-Core/bsc/lib/Verilog/SizedFIFO.v:206$1816_EN[31:0]$1834 [0] $flatten\seg_adder_vff_in_22.$0$memwr$\arr$/teamspace/studios/this_studio/Melodica-Integration-into-Fife-Core/bsc/lib/Verilog/SizedFIFO.v:206$1816_EN[31:0]$1834 [0] $flatten\seg_adder_vff_in_22.$0$memwr$\arr$/teamspace/studios/this_studio/Melodica-Integration-into-Fife-Core/bsc/lib/Verilog/SizedFIFO.v:206$1816_EN[31:0]$1834 [0] $flatten\seg_adder_vff_in_22.$0$memwr$\arr$/teamspace/studios/this_studio/Melodica-Integration-into-Fife-Core/bsc/lib/Verilog/SizedFIFO.v:206$1816_EN[31:0]$1834 [0] $flatten\seg_adder_vff_in_22.$0$memwr$\arr$/teamspace/studios/this_studio/Melodica-Integration-into-Fife-Core/bsc/lib/Verilog/SizedFIFO.v:206$1816_EN[31:0]$1834 [0] $flatten\seg_adder_vff_in_22.$0$memwr$\arr$/teamspace/studios/this_studio/Melodica-Integration-into-Fife-Core/bsc/lib/Verilog/SizedFIFO.v:206$1816_EN[31:0]$1834 [0] }
    New ctrl vector for $pmux cell $flatten\seg_adder_vff_in_22.$procmux$2577: { $auto$opt_reduce.cc:134:opt_pmux$2949 $auto$opt_reduce.cc:134:opt_pmux$2947 }
    New ctrl vector for $pmux cell $flatten\seg_adder_vff_in_22.$procmux$2601: $auto$opt_reduce.cc:134:opt_pmux$2951
    Consolidated identical input bits for $mux cell $flatten\seg_adder_vff_in_23.$procmux$2569:
      Old ports: A=0, B=32'11111111111111111111111111111111, Y=$flatten\seg_adder_vff_in_23.$0$memwr$\arr$/teamspace/studios/this_studio/Melodica-Integration-into-Fife-Core/bsc/lib/Verilog/SizedFIFO.v:206$1816_EN[31:0]$1834
      New ports: A=1'0, B=1'1, Y=$flatten\seg_adder_vff_in_23.$0$memwr$\arr$/teamspace/studios/this_studio/Melodica-Integration-into-Fife-Core/bsc/lib/Verilog/SizedFIFO.v:206$1816_EN[31:0]$1834 [0]
      New connections: $flatten\seg_adder_vff_in_23.$0$memwr$\arr$/teamspace/studios/this_studio/Melodica-Integration-into-Fife-Core/bsc/lib/Verilog/SizedFIFO.v:206$1816_EN[31:0]$1834 [31:1] = { $flatten\seg_adder_vff_in_23.$0$memwr$\arr$/teamspace/studios/this_studio/Melodica-Integration-into-Fife-Core/bsc/lib/Verilog/SizedFIFO.v:206$1816_EN[31:0]$1834 [0] $flatten\seg_adder_vff_in_23.$0$memwr$\arr$/teamspace/studios/this_studio/Melodica-Integration-into-Fife-Core/bsc/lib/Verilog/SizedFIFO.v:206$1816_EN[31:0]$1834 [0] $flatten\seg_adder_vff_in_23.$0$memwr$\arr$/teamspace/studios/this_studio/Melodica-Integration-into-Fife-Core/bsc/lib/Verilog/SizedFIFO.v:206$1816_EN[31:0]$1834 [0] $flatten\seg_adder_vff_in_23.$0$memwr$\arr$/teamspace/studios/this_studio/Melodica-Integration-into-Fife-Core/bsc/lib/Verilog/SizedFIFO.v:206$1816_EN[31:0]$1834 [0] $flatten\seg_adder_vff_in_23.$0$memwr$\arr$/teamspace/studios/this_studio/Melodica-Integration-into-Fife-Core/bsc/lib/Verilog/SizedFIFO.v:206$1816_EN[31:0]$1834 [0] $flatten\seg_adder_vff_in_23.$0$memwr$\arr$/teamspace/studios/this_studio/Melodica-Integration-into-Fife-Core/bsc/lib/Verilog/SizedFIFO.v:206$1816_EN[31:0]$1834 [0] $flatten\seg_adder_vff_in_23.$0$memwr$\arr$/teamspace/studios/this_studio/Melodica-Integration-into-Fife-Core/bsc/lib/Verilog/SizedFIFO.v:206$1816_EN[31:0]$1834 [0] $flatten\seg_adder_vff_in_23.$0$memwr$\arr$/teamspace/studios/this_studio/Melodica-Integration-into-Fife-Core/bsc/lib/Verilog/SizedFIFO.v:206$1816_EN[31:0]$1834 [0] $flatten\seg_adder_vff_in_23.$0$memwr$\arr$/teamspace/studios/this_studio/Melodica-Integration-into-Fife-Core/bsc/lib/Verilog/SizedFIFO.v:206$1816_EN[31:0]$1834 [0] $flatten\seg_adder_vff_in_23.$0$memwr$\arr$/teamspace/studios/this_studio/Melodica-Integration-into-Fife-Core/bsc/lib/Verilog/SizedFIFO.v:206$1816_EN[31:0]$1834 [0] $flatten\seg_adder_vff_in_23.$0$memwr$\arr$/teamspace/studios/this_studio/Melodica-Integration-into-Fife-Core/bsc/lib/Verilog/SizedFIFO.v:206$1816_EN[31:0]$1834 [0] $flatten\seg_adder_vff_in_23.$0$memwr$\arr$/teamspace/studios/this_studio/Melodica-Integration-into-Fife-Core/bsc/lib/Verilog/SizedFIFO.v:206$1816_EN[31:0]$1834 [0] $flatten\seg_adder_vff_in_23.$0$memwr$\arr$/teamspace/studios/this_studio/Melodica-Integration-into-Fife-Core/bsc/lib/Verilog/SizedFIFO.v:206$1816_EN[31:0]$1834 [0] $flatten\seg_adder_vff_in_23.$0$memwr$\arr$/teamspace/studios/this_studio/Melodica-Integration-into-Fife-Core/bsc/lib/Verilog/SizedFIFO.v:206$1816_EN[31:0]$1834 [0] $flatten\seg_adder_vff_in_23.$0$memwr$\arr$/teamspace/studios/this_studio/Melodica-Integration-into-Fife-Core/bsc/lib/Verilog/SizedFIFO.v:206$1816_EN[31:0]$1834 [0] $flatten\seg_adder_vff_in_23.$0$memwr$\arr$/teamspace/studios/this_studio/Melodica-Integration-into-Fife-Core/bsc/lib/Verilog/SizedFIFO.v:206$1816_EN[31:0]$1834 [0] $flatten\seg_adder_vff_in_23.$0$memwr$\arr$/teamspace/studios/this_studio/Melodica-Integration-into-Fife-Core/bsc/lib/Verilog/SizedFIFO.v:206$1816_EN[31:0]$1834 [0] $flatten\seg_adder_vff_in_23.$0$memwr$\arr$/teamspace/studios/this_studio/Melodica-Integration-into-Fife-Core/bsc/lib/Verilog/SizedFIFO.v:206$1816_EN[31:0]$1834 [0] $flatten\seg_adder_vff_in_23.$0$memwr$\arr$/teamspace/studios/this_studio/Melodica-Integration-into-Fife-Core/bsc/lib/Verilog/SizedFIFO.v:206$1816_EN[31:0]$1834 [0] $flatten\seg_adder_vff_in_23.$0$memwr$\arr$/teamspace/studios/this_studio/Melodica-Integration-into-Fife-Core/bsc/lib/Verilog/SizedFIFO.v:206$1816_EN[31:0]$1834 [0] $flatten\seg_adder_vff_in_23.$0$memwr$\arr$/teamspace/studios/this_studio/Melodica-Integration-into-Fife-Core/bsc/lib/Verilog/SizedFIFO.v:206$1816_EN[31:0]$1834 [0] $flatten\seg_adder_vff_in_23.$0$memwr$\arr$/teamspace/studios/this_studio/Melodica-Integration-into-Fife-Core/bsc/lib/Verilog/SizedFIFO.v:206$1816_EN[31:0]$1834 [0] $flatten\seg_adder_vff_in_23.$0$memwr$\arr$/teamspace/studios/this_studio/Melodica-Integration-into-Fife-Core/bsc/lib/Verilog/SizedFIFO.v:206$1816_EN[31:0]$1834 [0] $flatten\seg_adder_vff_in_23.$0$memwr$\arr$/teamspace/studios/this_studio/Melodica-Integration-into-Fife-Core/bsc/lib/Verilog/SizedFIFO.v:206$1816_EN[31:0]$1834 [0] $flatten\seg_adder_vff_in_23.$0$memwr$\arr$/teamspace/studios/this_studio/Melodica-Integration-into-Fife-Core/bsc/lib/Verilog/SizedFIFO.v:206$1816_EN[31:0]$1834 [0] $flatten\seg_adder_vff_in_23.$0$memwr$\arr$/teamspace/studios/this_studio/Melodica-Integration-into-Fife-Core/bsc/lib/Verilog/SizedFIFO.v:206$1816_EN[31:0]$1834 [0] $flatten\seg_adder_vff_in_23.$0$memwr$\arr$/teamspace/studios/this_studio/Melodica-Integration-into-Fife-Core/bsc/lib/Verilog/SizedFIFO.v:206$1816_EN[31:0]$1834 [0] $flatten\seg_adder_vff_in_23.$0$memwr$\arr$/teamspace/studios/this_studio/Melodica-Integration-into-Fife-Core/bsc/lib/Verilog/SizedFIFO.v:206$1816_EN[31:0]$1834 [0] $flatten\seg_adder_vff_in_23.$0$memwr$\arr$/teamspace/studios/this_studio/Melodica-Integration-into-Fife-Core/bsc/lib/Verilog/SizedFIFO.v:206$1816_EN[31:0]$1834 [0] $flatten\seg_adder_vff_in_23.$0$memwr$\arr$/teamspace/studios/this_studio/Melodica-Integration-into-Fife-Core/bsc/lib/Verilog/SizedFIFO.v:206$1816_EN[31:0]$1834 [0] $flatten\seg_adder_vff_in_23.$0$memwr$\arr$/teamspace/studios/this_studio/Melodica-Integration-into-Fife-Core/bsc/lib/Verilog/SizedFIFO.v:206$1816_EN[31:0]$1834 [0] }
    New ctrl vector for $pmux cell $flatten\seg_adder_vff_in_23.$procmux$2577: { $auto$opt_reduce.cc:134:opt_pmux$2955 $auto$opt_reduce.cc:134:opt_pmux$2953 }
    New ctrl vector for $pmux cell $flatten\seg_adder_vff_in_23.$procmux$2601: $auto$opt_reduce.cc:134:opt_pmux$2957
    Consolidated identical input bits for $mux cell $flatten\seg_adder_vff_in_24.$procmux$2569:
      Old ports: A=0, B=32'11111111111111111111111111111111, Y=$flatten\seg_adder_vff_in_24.$0$memwr$\arr$/teamspace/studios/this_studio/Melodica-Integration-into-Fife-Core/bsc/lib/Verilog/SizedFIFO.v:206$1816_EN[31:0]$1834
      New ports: A=1'0, B=1'1, Y=$flatten\seg_adder_vff_in_24.$0$memwr$\arr$/teamspace/studios/this_studio/Melodica-Integration-into-Fife-Core/bsc/lib/Verilog/SizedFIFO.v:206$1816_EN[31:0]$1834 [0]
      New connections: $flatten\seg_adder_vff_in_24.$0$memwr$\arr$/teamspace/studios/this_studio/Melodica-Integration-into-Fife-Core/bsc/lib/Verilog/SizedFIFO.v:206$1816_EN[31:0]$1834 [31:1] = { $flatten\seg_adder_vff_in_24.$0$memwr$\arr$/teamspace/studios/this_studio/Melodica-Integration-into-Fife-Core/bsc/lib/Verilog/SizedFIFO.v:206$1816_EN[31:0]$1834 [0] $flatten\seg_adder_vff_in_24.$0$memwr$\arr$/teamspace/studios/this_studio/Melodica-Integration-into-Fife-Core/bsc/lib/Verilog/SizedFIFO.v:206$1816_EN[31:0]$1834 [0] $flatten\seg_adder_vff_in_24.$0$memwr$\arr$/teamspace/studios/this_studio/Melodica-Integration-into-Fife-Core/bsc/lib/Verilog/SizedFIFO.v:206$1816_EN[31:0]$1834 [0] $flatten\seg_adder_vff_in_24.$0$memwr$\arr$/teamspace/studios/this_studio/Melodica-Integration-into-Fife-Core/bsc/lib/Verilog/SizedFIFO.v:206$1816_EN[31:0]$1834 [0] $flatten\seg_adder_vff_in_24.$0$memwr$\arr$/teamspace/studios/this_studio/Melodica-Integration-into-Fife-Core/bsc/lib/Verilog/SizedFIFO.v:206$1816_EN[31:0]$1834 [0] $flatten\seg_adder_vff_in_24.$0$memwr$\arr$/teamspace/studios/this_studio/Melodica-Integration-into-Fife-Core/bsc/lib/Verilog/SizedFIFO.v:206$1816_EN[31:0]$1834 [0] $flatten\seg_adder_vff_in_24.$0$memwr$\arr$/teamspace/studios/this_studio/Melodica-Integration-into-Fife-Core/bsc/lib/Verilog/SizedFIFO.v:206$1816_EN[31:0]$1834 [0] $flatten\seg_adder_vff_in_24.$0$memwr$\arr$/teamspace/studios/this_studio/Melodica-Integration-into-Fife-Core/bsc/lib/Verilog/SizedFIFO.v:206$1816_EN[31:0]$1834 [0] $flatten\seg_adder_vff_in_24.$0$memwr$\arr$/teamspace/studios/this_studio/Melodica-Integration-into-Fife-Core/bsc/lib/Verilog/SizedFIFO.v:206$1816_EN[31:0]$1834 [0] $flatten\seg_adder_vff_in_24.$0$memwr$\arr$/teamspace/studios/this_studio/Melodica-Integration-into-Fife-Core/bsc/lib/Verilog/SizedFIFO.v:206$1816_EN[31:0]$1834 [0] $flatten\seg_adder_vff_in_24.$0$memwr$\arr$/teamspace/studios/this_studio/Melodica-Integration-into-Fife-Core/bsc/lib/Verilog/SizedFIFO.v:206$1816_EN[31:0]$1834 [0] $flatten\seg_adder_vff_in_24.$0$memwr$\arr$/teamspace/studios/this_studio/Melodica-Integration-into-Fife-Core/bsc/lib/Verilog/SizedFIFO.v:206$1816_EN[31:0]$1834 [0] $flatten\seg_adder_vff_in_24.$0$memwr$\arr$/teamspace/studios/this_studio/Melodica-Integration-into-Fife-Core/bsc/lib/Verilog/SizedFIFO.v:206$1816_EN[31:0]$1834 [0] $flatten\seg_adder_vff_in_24.$0$memwr$\arr$/teamspace/studios/this_studio/Melodica-Integration-into-Fife-Core/bsc/lib/Verilog/SizedFIFO.v:206$1816_EN[31:0]$1834 [0] $flatten\seg_adder_vff_in_24.$0$memwr$\arr$/teamspace/studios/this_studio/Melodica-Integration-into-Fife-Core/bsc/lib/Verilog/SizedFIFO.v:206$1816_EN[31:0]$1834 [0] $flatten\seg_adder_vff_in_24.$0$memwr$\arr$/teamspace/studios/this_studio/Melodica-Integration-into-Fife-Core/bsc/lib/Verilog/SizedFIFO.v:206$1816_EN[31:0]$1834 [0] $flatten\seg_adder_vff_in_24.$0$memwr$\arr$/teamspace/studios/this_studio/Melodica-Integration-into-Fife-Core/bsc/lib/Verilog/SizedFIFO.v:206$1816_EN[31:0]$1834 [0] $flatten\seg_adder_vff_in_24.$0$memwr$\arr$/teamspace/studios/this_studio/Melodica-Integration-into-Fife-Core/bsc/lib/Verilog/SizedFIFO.v:206$1816_EN[31:0]$1834 [0] $flatten\seg_adder_vff_in_24.$0$memwr$\arr$/teamspace/studios/this_studio/Melodica-Integration-into-Fife-Core/bsc/lib/Verilog/SizedFIFO.v:206$1816_EN[31:0]$1834 [0] $flatten\seg_adder_vff_in_24.$0$memwr$\arr$/teamspace/studios/this_studio/Melodica-Integration-into-Fife-Core/bsc/lib/Verilog/SizedFIFO.v:206$1816_EN[31:0]$1834 [0] $flatten\seg_adder_vff_in_24.$0$memwr$\arr$/teamspace/studios/this_studio/Melodica-Integration-into-Fife-Core/bsc/lib/Verilog/SizedFIFO.v:206$1816_EN[31:0]$1834 [0] $flatten\seg_adder_vff_in_24.$0$memwr$\arr$/teamspace/studios/this_studio/Melodica-Integration-into-Fife-Core/bsc/lib/Verilog/SizedFIFO.v:206$1816_EN[31:0]$1834 [0] $flatten\seg_adder_vff_in_24.$0$memwr$\arr$/teamspace/studios/this_studio/Melodica-Integration-into-Fife-Core/bsc/lib/Verilog/SizedFIFO.v:206$1816_EN[31:0]$1834 [0] $flatten\seg_adder_vff_in_24.$0$memwr$\arr$/teamspace/studios/this_studio/Melodica-Integration-into-Fife-Core/bsc/lib/Verilog/SizedFIFO.v:206$1816_EN[31:0]$1834 [0] $flatten\seg_adder_vff_in_24.$0$memwr$\arr$/teamspace/studios/this_studio/Melodica-Integration-into-Fife-Core/bsc/lib/Verilog/SizedFIFO.v:206$1816_EN[31:0]$1834 [0] $flatten\seg_adder_vff_in_24.$0$memwr$\arr$/teamspace/studios/this_studio/Melodica-Integration-into-Fife-Core/bsc/lib/Verilog/SizedFIFO.v:206$1816_EN[31:0]$1834 [0] $flatten\seg_adder_vff_in_24.$0$memwr$\arr$/teamspace/studios/this_studio/Melodica-Integration-into-Fife-Core/bsc/lib/Verilog/SizedFIFO.v:206$1816_EN[31:0]$1834 [0] $flatten\seg_adder_vff_in_24.$0$memwr$\arr$/teamspace/studios/this_studio/Melodica-Integration-into-Fife-Core/bsc/lib/Verilog/SizedFIFO.v:206$1816_EN[31:0]$1834 [0] $flatten\seg_adder_vff_in_24.$0$memwr$\arr$/teamspace/studios/this_studio/Melodica-Integration-into-Fife-Core/bsc/lib/Verilog/SizedFIFO.v:206$1816_EN[31:0]$1834 [0] $flatten\seg_adder_vff_in_24.$0$memwr$\arr$/teamspace/studios/this_studio/Melodica-Integration-into-Fife-Core/bsc/lib/Verilog/SizedFIFO.v:206$1816_EN[31:0]$1834 [0] $flatten\seg_adder_vff_in_24.$0$memwr$\arr$/teamspace/studios/this_studio/Melodica-Integration-into-Fife-Core/bsc/lib/Verilog/SizedFIFO.v:206$1816_EN[31:0]$1834 [0] }
    New ctrl vector for $pmux cell $flatten\seg_adder_vff_in_24.$procmux$2577: { $auto$opt_reduce.cc:134:opt_pmux$2961 $auto$opt_reduce.cc:134:opt_pmux$2959 }
    New ctrl vector for $pmux cell $flatten\seg_adder_vff_in_24.$procmux$2601: $auto$opt_reduce.cc:134:opt_pmux$2963
    Consolidated identical input bits for $mux cell $flatten\seg_adder_vff_in_3.$procmux$2569:
      Old ports: A=0, B=32'11111111111111111111111111111111, Y=$flatten\seg_adder_vff_in_3.$0$memwr$\arr$/teamspace/studios/this_studio/Melodica-Integration-into-Fife-Core/bsc/lib/Verilog/SizedFIFO.v:206$1816_EN[31:0]$1834
      New ports: A=1'0, B=1'1, Y=$flatten\seg_adder_vff_in_3.$0$memwr$\arr$/teamspace/studios/this_studio/Melodica-Integration-into-Fife-Core/bsc/lib/Verilog/SizedFIFO.v:206$1816_EN[31:0]$1834 [0]
      New connections: $flatten\seg_adder_vff_in_3.$0$memwr$\arr$/teamspace/studios/this_studio/Melodica-Integration-into-Fife-Core/bsc/lib/Verilog/SizedFIFO.v:206$1816_EN[31:0]$1834 [31:1] = { $flatten\seg_adder_vff_in_3.$0$memwr$\arr$/teamspace/studios/this_studio/Melodica-Integration-into-Fife-Core/bsc/lib/Verilog/SizedFIFO.v:206$1816_EN[31:0]$1834 [0] $flatten\seg_adder_vff_in_3.$0$memwr$\arr$/teamspace/studios/this_studio/Melodica-Integration-into-Fife-Core/bsc/lib/Verilog/SizedFIFO.v:206$1816_EN[31:0]$1834 [0] $flatten\seg_adder_vff_in_3.$0$memwr$\arr$/teamspace/studios/this_studio/Melodica-Integration-into-Fife-Core/bsc/lib/Verilog/SizedFIFO.v:206$1816_EN[31:0]$1834 [0] $flatten\seg_adder_vff_in_3.$0$memwr$\arr$/teamspace/studios/this_studio/Melodica-Integration-into-Fife-Core/bsc/lib/Verilog/SizedFIFO.v:206$1816_EN[31:0]$1834 [0] $flatten\seg_adder_vff_in_3.$0$memwr$\arr$/teamspace/studios/this_studio/Melodica-Integration-into-Fife-Core/bsc/lib/Verilog/SizedFIFO.v:206$1816_EN[31:0]$1834 [0] $flatten\seg_adder_vff_in_3.$0$memwr$\arr$/teamspace/studios/this_studio/Melodica-Integration-into-Fife-Core/bsc/lib/Verilog/SizedFIFO.v:206$1816_EN[31:0]$1834 [0] $flatten\seg_adder_vff_in_3.$0$memwr$\arr$/teamspace/studios/this_studio/Melodica-Integration-into-Fife-Core/bsc/lib/Verilog/SizedFIFO.v:206$1816_EN[31:0]$1834 [0] $flatten\seg_adder_vff_in_3.$0$memwr$\arr$/teamspace/studios/this_studio/Melodica-Integration-into-Fife-Core/bsc/lib/Verilog/SizedFIFO.v:206$1816_EN[31:0]$1834 [0] $flatten\seg_adder_vff_in_3.$0$memwr$\arr$/teamspace/studios/this_studio/Melodica-Integration-into-Fife-Core/bsc/lib/Verilog/SizedFIFO.v:206$1816_EN[31:0]$1834 [0] $flatten\seg_adder_vff_in_3.$0$memwr$\arr$/teamspace/studios/this_studio/Melodica-Integration-into-Fife-Core/bsc/lib/Verilog/SizedFIFO.v:206$1816_EN[31:0]$1834 [0] $flatten\seg_adder_vff_in_3.$0$memwr$\arr$/teamspace/studios/this_studio/Melodica-Integration-into-Fife-Core/bsc/lib/Verilog/SizedFIFO.v:206$1816_EN[31:0]$1834 [0] $flatten\seg_adder_vff_in_3.$0$memwr$\arr$/teamspace/studios/this_studio/Melodica-Integration-into-Fife-Core/bsc/lib/Verilog/SizedFIFO.v:206$1816_EN[31:0]$1834 [0] $flatten\seg_adder_vff_in_3.$0$memwr$\arr$/teamspace/studios/this_studio/Melodica-Integration-into-Fife-Core/bsc/lib/Verilog/SizedFIFO.v:206$1816_EN[31:0]$1834 [0] $flatten\seg_adder_vff_in_3.$0$memwr$\arr$/teamspace/studios/this_studio/Melodica-Integration-into-Fife-Core/bsc/lib/Verilog/SizedFIFO.v:206$1816_EN[31:0]$1834 [0] $flatten\seg_adder_vff_in_3.$0$memwr$\arr$/teamspace/studios/this_studio/Melodica-Integration-into-Fife-Core/bsc/lib/Verilog/SizedFIFO.v:206$1816_EN[31:0]$1834 [0] $flatten\seg_adder_vff_in_3.$0$memwr$\arr$/teamspace/studios/this_studio/Melodica-Integration-into-Fife-Core/bsc/lib/Verilog/SizedFIFO.v:206$1816_EN[31:0]$1834 [0] $flatten\seg_adder_vff_in_3.$0$memwr$\arr$/teamspace/studios/this_studio/Melodica-Integration-into-Fife-Core/bsc/lib/Verilog/SizedFIFO.v:206$1816_EN[31:0]$1834 [0] $flatten\seg_adder_vff_in_3.$0$memwr$\arr$/teamspace/studios/this_studio/Melodica-Integration-into-Fife-Core/bsc/lib/Verilog/SizedFIFO.v:206$1816_EN[31:0]$1834 [0] $flatten\seg_adder_vff_in_3.$0$memwr$\arr$/teamspace/studios/this_studio/Melodica-Integration-into-Fife-Core/bsc/lib/Verilog/SizedFIFO.v:206$1816_EN[31:0]$1834 [0] $flatten\seg_adder_vff_in_3.$0$memwr$\arr$/teamspace/studios/this_studio/Melodica-Integration-into-Fife-Core/bsc/lib/Verilog/SizedFIFO.v:206$1816_EN[31:0]$1834 [0] $flatten\seg_adder_vff_in_3.$0$memwr$\arr$/teamspace/studios/this_studio/Melodica-Integration-into-Fife-Core/bsc/lib/Verilog/SizedFIFO.v:206$1816_EN[31:0]$1834 [0] $flatten\seg_adder_vff_in_3.$0$memwr$\arr$/teamspace/studios/this_studio/Melodica-Integration-into-Fife-Core/bsc/lib/Verilog/SizedFIFO.v:206$1816_EN[31:0]$1834 [0] $flatten\seg_adder_vff_in_3.$0$memwr$\arr$/teamspace/studios/this_studio/Melodica-Integration-into-Fife-Core/bsc/lib/Verilog/SizedFIFO.v:206$1816_EN[31:0]$1834 [0] $flatten\seg_adder_vff_in_3.$0$memwr$\arr$/teamspace/studios/this_studio/Melodica-Integration-into-Fife-Core/bsc/lib/Verilog/SizedFIFO.v:206$1816_EN[31:0]$1834 [0] $flatten\seg_adder_vff_in_3.$0$memwr$\arr$/teamspace/studios/this_studio/Melodica-Integration-into-Fife-Core/bsc/lib/Verilog/SizedFIFO.v:206$1816_EN[31:0]$1834 [0] $flatten\seg_adder_vff_in_3.$0$memwr$\arr$/teamspace/studios/this_studio/Melodica-Integration-into-Fife-Core/bsc/lib/Verilog/SizedFIFO.v:206$1816_EN[31:0]$1834 [0] $flatten\seg_adder_vff_in_3.$0$memwr$\arr$/teamspace/studios/this_studio/Melodica-Integration-into-Fife-Core/bsc/lib/Verilog/SizedFIFO.v:206$1816_EN[31:0]$1834 [0] $flatten\seg_adder_vff_in_3.$0$memwr$\arr$/teamspace/studios/this_studio/Melodica-Integration-into-Fife-Core/bsc/lib/Verilog/SizedFIFO.v:206$1816_EN[31:0]$1834 [0] $flatten\seg_adder_vff_in_3.$0$memwr$\arr$/teamspace/studios/this_studio/Melodica-Integration-into-Fife-Core/bsc/lib/Verilog/SizedFIFO.v:206$1816_EN[31:0]$1834 [0] $flatten\seg_adder_vff_in_3.$0$memwr$\arr$/teamspace/studios/this_studio/Melodica-Integration-into-Fife-Core/bsc/lib/Verilog/SizedFIFO.v:206$1816_EN[31:0]$1834 [0] $flatten\seg_adder_vff_in_3.$0$memwr$\arr$/teamspace/studios/this_studio/Melodica-Integration-into-Fife-Core/bsc/lib/Verilog/SizedFIFO.v:206$1816_EN[31:0]$1834 [0] }
    New ctrl vector for $pmux cell $flatten\seg_adder_vff_in_3.$procmux$2577: { $auto$opt_reduce.cc:134:opt_pmux$2967 $auto$opt_reduce.cc:134:opt_pmux$2965 }
    New ctrl vector for $pmux cell $flatten\seg_adder_vff_in_3.$procmux$2601: $auto$opt_reduce.cc:134:opt_pmux$2969
    Consolidated identical input bits for $mux cell $flatten\seg_adder_vff_in_4.$procmux$2569:
      Old ports: A=0, B=32'11111111111111111111111111111111, Y=$flatten\seg_adder_vff_in_4.$0$memwr$\arr$/teamspace/studios/this_studio/Melodica-Integration-into-Fife-Core/bsc/lib/Verilog/SizedFIFO.v:206$1816_EN[31:0]$1834
      New ports: A=1'0, B=1'1, Y=$flatten\seg_adder_vff_in_4.$0$memwr$\arr$/teamspace/studios/this_studio/Melodica-Integration-into-Fife-Core/bsc/lib/Verilog/SizedFIFO.v:206$1816_EN[31:0]$1834 [0]
      New connections: $flatten\seg_adder_vff_in_4.$0$memwr$\arr$/teamspace/studios/this_studio/Melodica-Integration-into-Fife-Core/bsc/lib/Verilog/SizedFIFO.v:206$1816_EN[31:0]$1834 [31:1] = { $flatten\seg_adder_vff_in_4.$0$memwr$\arr$/teamspace/studios/this_studio/Melodica-Integration-into-Fife-Core/bsc/lib/Verilog/SizedFIFO.v:206$1816_EN[31:0]$1834 [0] $flatten\seg_adder_vff_in_4.$0$memwr$\arr$/teamspace/studios/this_studio/Melodica-Integration-into-Fife-Core/bsc/lib/Verilog/SizedFIFO.v:206$1816_EN[31:0]$1834 [0] $flatten\seg_adder_vff_in_4.$0$memwr$\arr$/teamspace/studios/this_studio/Melodica-Integration-into-Fife-Core/bsc/lib/Verilog/SizedFIFO.v:206$1816_EN[31:0]$1834 [0] $flatten\seg_adder_vff_in_4.$0$memwr$\arr$/teamspace/studios/this_studio/Melodica-Integration-into-Fife-Core/bsc/lib/Verilog/SizedFIFO.v:206$1816_EN[31:0]$1834 [0] $flatten\seg_adder_vff_in_4.$0$memwr$\arr$/teamspace/studios/this_studio/Melodica-Integration-into-Fife-Core/bsc/lib/Verilog/SizedFIFO.v:206$1816_EN[31:0]$1834 [0] $flatten\seg_adder_vff_in_4.$0$memwr$\arr$/teamspace/studios/this_studio/Melodica-Integration-into-Fife-Core/bsc/lib/Verilog/SizedFIFO.v:206$1816_EN[31:0]$1834 [0] $flatten\seg_adder_vff_in_4.$0$memwr$\arr$/teamspace/studios/this_studio/Melodica-Integration-into-Fife-Core/bsc/lib/Verilog/SizedFIFO.v:206$1816_EN[31:0]$1834 [0] $flatten\seg_adder_vff_in_4.$0$memwr$\arr$/teamspace/studios/this_studio/Melodica-Integration-into-Fife-Core/bsc/lib/Verilog/SizedFIFO.v:206$1816_EN[31:0]$1834 [0] $flatten\seg_adder_vff_in_4.$0$memwr$\arr$/teamspace/studios/this_studio/Melodica-Integration-into-Fife-Core/bsc/lib/Verilog/SizedFIFO.v:206$1816_EN[31:0]$1834 [0] $flatten\seg_adder_vff_in_4.$0$memwr$\arr$/teamspace/studios/this_studio/Melodica-Integration-into-Fife-Core/bsc/lib/Verilog/SizedFIFO.v:206$1816_EN[31:0]$1834 [0] $flatten\seg_adder_vff_in_4.$0$memwr$\arr$/teamspace/studios/this_studio/Melodica-Integration-into-Fife-Core/bsc/lib/Verilog/SizedFIFO.v:206$1816_EN[31:0]$1834 [0] $flatten\seg_adder_vff_in_4.$0$memwr$\arr$/teamspace/studios/this_studio/Melodica-Integration-into-Fife-Core/bsc/lib/Verilog/SizedFIFO.v:206$1816_EN[31:0]$1834 [0] $flatten\seg_adder_vff_in_4.$0$memwr$\arr$/teamspace/studios/this_studio/Melodica-Integration-into-Fife-Core/bsc/lib/Verilog/SizedFIFO.v:206$1816_EN[31:0]$1834 [0] $flatten\seg_adder_vff_in_4.$0$memwr$\arr$/teamspace/studios/this_studio/Melodica-Integration-into-Fife-Core/bsc/lib/Verilog/SizedFIFO.v:206$1816_EN[31:0]$1834 [0] $flatten\seg_adder_vff_in_4.$0$memwr$\arr$/teamspace/studios/this_studio/Melodica-Integration-into-Fife-Core/bsc/lib/Verilog/SizedFIFO.v:206$1816_EN[31:0]$1834 [0] $flatten\seg_adder_vff_in_4.$0$memwr$\arr$/teamspace/studios/this_studio/Melodica-Integration-into-Fife-Core/bsc/lib/Verilog/SizedFIFO.v:206$1816_EN[31:0]$1834 [0] $flatten\seg_adder_vff_in_4.$0$memwr$\arr$/teamspace/studios/this_studio/Melodica-Integration-into-Fife-Core/bsc/lib/Verilog/SizedFIFO.v:206$1816_EN[31:0]$1834 [0] $flatten\seg_adder_vff_in_4.$0$memwr$\arr$/teamspace/studios/this_studio/Melodica-Integration-into-Fife-Core/bsc/lib/Verilog/SizedFIFO.v:206$1816_EN[31:0]$1834 [0] $flatten\seg_adder_vff_in_4.$0$memwr$\arr$/teamspace/studios/this_studio/Melodica-Integration-into-Fife-Core/bsc/lib/Verilog/SizedFIFO.v:206$1816_EN[31:0]$1834 [0] $flatten\seg_adder_vff_in_4.$0$memwr$\arr$/teamspace/studios/this_studio/Melodica-Integration-into-Fife-Core/bsc/lib/Verilog/SizedFIFO.v:206$1816_EN[31:0]$1834 [0] $flatten\seg_adder_vff_in_4.$0$memwr$\arr$/teamspace/studios/this_studio/Melodica-Integration-into-Fife-Core/bsc/lib/Verilog/SizedFIFO.v:206$1816_EN[31:0]$1834 [0] $flatten\seg_adder_vff_in_4.$0$memwr$\arr$/teamspace/studios/this_studio/Melodica-Integration-into-Fife-Core/bsc/lib/Verilog/SizedFIFO.v:206$1816_EN[31:0]$1834 [0] $flatten\seg_adder_vff_in_4.$0$memwr$\arr$/teamspace/studios/this_studio/Melodica-Integration-into-Fife-Core/bsc/lib/Verilog/SizedFIFO.v:206$1816_EN[31:0]$1834 [0] $flatten\seg_adder_vff_in_4.$0$memwr$\arr$/teamspace/studios/this_studio/Melodica-Integration-into-Fife-Core/bsc/lib/Verilog/SizedFIFO.v:206$1816_EN[31:0]$1834 [0] $flatten\seg_adder_vff_in_4.$0$memwr$\arr$/teamspace/studios/this_studio/Melodica-Integration-into-Fife-Core/bsc/lib/Verilog/SizedFIFO.v:206$1816_EN[31:0]$1834 [0] $flatten\seg_adder_vff_in_4.$0$memwr$\arr$/teamspace/studios/this_studio/Melodica-Integration-into-Fife-Core/bsc/lib/Verilog/SizedFIFO.v:206$1816_EN[31:0]$1834 [0] $flatten\seg_adder_vff_in_4.$0$memwr$\arr$/teamspace/studios/this_studio/Melodica-Integration-into-Fife-Core/bsc/lib/Verilog/SizedFIFO.v:206$1816_EN[31:0]$1834 [0] $flatten\seg_adder_vff_in_4.$0$memwr$\arr$/teamspace/studios/this_studio/Melodica-Integration-into-Fife-Core/bsc/lib/Verilog/SizedFIFO.v:206$1816_EN[31:0]$1834 [0] $flatten\seg_adder_vff_in_4.$0$memwr$\arr$/teamspace/studios/this_studio/Melodica-Integration-into-Fife-Core/bsc/lib/Verilog/SizedFIFO.v:206$1816_EN[31:0]$1834 [0] $flatten\seg_adder_vff_in_4.$0$memwr$\arr$/teamspace/studios/this_studio/Melodica-Integration-into-Fife-Core/bsc/lib/Verilog/SizedFIFO.v:206$1816_EN[31:0]$1834 [0] $flatten\seg_adder_vff_in_4.$0$memwr$\arr$/teamspace/studios/this_studio/Melodica-Integration-into-Fife-Core/bsc/lib/Verilog/SizedFIFO.v:206$1816_EN[31:0]$1834 [0] }
    New ctrl vector for $pmux cell $flatten\seg_adder_vff_in_4.$procmux$2577: { $auto$opt_reduce.cc:134:opt_pmux$2973 $auto$opt_reduce.cc:134:opt_pmux$2971 }
    New ctrl vector for $pmux cell $flatten\seg_adder_vff_in_4.$procmux$2601: $auto$opt_reduce.cc:134:opt_pmux$2975
    Consolidated identical input bits for $mux cell $flatten\seg_adder_vff_in_5.$procmux$2569:
      Old ports: A=0, B=32'11111111111111111111111111111111, Y=$flatten\seg_adder_vff_in_5.$0$memwr$\arr$/teamspace/studios/this_studio/Melodica-Integration-into-Fife-Core/bsc/lib/Verilog/SizedFIFO.v:206$1816_EN[31:0]$1834
      New ports: A=1'0, B=1'1, Y=$flatten\seg_adder_vff_in_5.$0$memwr$\arr$/teamspace/studios/this_studio/Melodica-Integration-into-Fife-Core/bsc/lib/Verilog/SizedFIFO.v:206$1816_EN[31:0]$1834 [0]
      New connections: $flatten\seg_adder_vff_in_5.$0$memwr$\arr$/teamspace/studios/this_studio/Melodica-Integration-into-Fife-Core/bsc/lib/Verilog/SizedFIFO.v:206$1816_EN[31:0]$1834 [31:1] = { $flatten\seg_adder_vff_in_5.$0$memwr$\arr$/teamspace/studios/this_studio/Melodica-Integration-into-Fife-Core/bsc/lib/Verilog/SizedFIFO.v:206$1816_EN[31:0]$1834 [0] $flatten\seg_adder_vff_in_5.$0$memwr$\arr$/teamspace/studios/this_studio/Melodica-Integration-into-Fife-Core/bsc/lib/Verilog/SizedFIFO.v:206$1816_EN[31:0]$1834 [0] $flatten\seg_adder_vff_in_5.$0$memwr$\arr$/teamspace/studios/this_studio/Melodica-Integration-into-Fife-Core/bsc/lib/Verilog/SizedFIFO.v:206$1816_EN[31:0]$1834 [0] $flatten\seg_adder_vff_in_5.$0$memwr$\arr$/teamspace/studios/this_studio/Melodica-Integration-into-Fife-Core/bsc/lib/Verilog/SizedFIFO.v:206$1816_EN[31:0]$1834 [0] $flatten\seg_adder_vff_in_5.$0$memwr$\arr$/teamspace/studios/this_studio/Melodica-Integration-into-Fife-Core/bsc/lib/Verilog/SizedFIFO.v:206$1816_EN[31:0]$1834 [0] $flatten\seg_adder_vff_in_5.$0$memwr$\arr$/teamspace/studios/this_studio/Melodica-Integration-into-Fife-Core/bsc/lib/Verilog/SizedFIFO.v:206$1816_EN[31:0]$1834 [0] $flatten\seg_adder_vff_in_5.$0$memwr$\arr$/teamspace/studios/this_studio/Melodica-Integration-into-Fife-Core/bsc/lib/Verilog/SizedFIFO.v:206$1816_EN[31:0]$1834 [0] $flatten\seg_adder_vff_in_5.$0$memwr$\arr$/teamspace/studios/this_studio/Melodica-Integration-into-Fife-Core/bsc/lib/Verilog/SizedFIFO.v:206$1816_EN[31:0]$1834 [0] $flatten\seg_adder_vff_in_5.$0$memwr$\arr$/teamspace/studios/this_studio/Melodica-Integration-into-Fife-Core/bsc/lib/Verilog/SizedFIFO.v:206$1816_EN[31:0]$1834 [0] $flatten\seg_adder_vff_in_5.$0$memwr$\arr$/teamspace/studios/this_studio/Melodica-Integration-into-Fife-Core/bsc/lib/Verilog/SizedFIFO.v:206$1816_EN[31:0]$1834 [0] $flatten\seg_adder_vff_in_5.$0$memwr$\arr$/teamspace/studios/this_studio/Melodica-Integration-into-Fife-Core/bsc/lib/Verilog/SizedFIFO.v:206$1816_EN[31:0]$1834 [0] $flatten\seg_adder_vff_in_5.$0$memwr$\arr$/teamspace/studios/this_studio/Melodica-Integration-into-Fife-Core/bsc/lib/Verilog/SizedFIFO.v:206$1816_EN[31:0]$1834 [0] $flatten\seg_adder_vff_in_5.$0$memwr$\arr$/teamspace/studios/this_studio/Melodica-Integration-into-Fife-Core/bsc/lib/Verilog/SizedFIFO.v:206$1816_EN[31:0]$1834 [0] $flatten\seg_adder_vff_in_5.$0$memwr$\arr$/teamspace/studios/this_studio/Melodica-Integration-into-Fife-Core/bsc/lib/Verilog/SizedFIFO.v:206$1816_EN[31:0]$1834 [0] $flatten\seg_adder_vff_in_5.$0$memwr$\arr$/teamspace/studios/this_studio/Melodica-Integration-into-Fife-Core/bsc/lib/Verilog/SizedFIFO.v:206$1816_EN[31:0]$1834 [0] $flatten\seg_adder_vff_in_5.$0$memwr$\arr$/teamspace/studios/this_studio/Melodica-Integration-into-Fife-Core/bsc/lib/Verilog/SizedFIFO.v:206$1816_EN[31:0]$1834 [0] $flatten\seg_adder_vff_in_5.$0$memwr$\arr$/teamspace/studios/this_studio/Melodica-Integration-into-Fife-Core/bsc/lib/Verilog/SizedFIFO.v:206$1816_EN[31:0]$1834 [0] $flatten\seg_adder_vff_in_5.$0$memwr$\arr$/teamspace/studios/this_studio/Melodica-Integration-into-Fife-Core/bsc/lib/Verilog/SizedFIFO.v:206$1816_EN[31:0]$1834 [0] $flatten\seg_adder_vff_in_5.$0$memwr$\arr$/teamspace/studios/this_studio/Melodica-Integration-into-Fife-Core/bsc/lib/Verilog/SizedFIFO.v:206$1816_EN[31:0]$1834 [0] $flatten\seg_adder_vff_in_5.$0$memwr$\arr$/teamspace/studios/this_studio/Melodica-Integration-into-Fife-Core/bsc/lib/Verilog/SizedFIFO.v:206$1816_EN[31:0]$1834 [0] $flatten\seg_adder_vff_in_5.$0$memwr$\arr$/teamspace/studios/this_studio/Melodica-Integration-into-Fife-Core/bsc/lib/Verilog/SizedFIFO.v:206$1816_EN[31:0]$1834 [0] $flatten\seg_adder_vff_in_5.$0$memwr$\arr$/teamspace/studios/this_studio/Melodica-Integration-into-Fife-Core/bsc/lib/Verilog/SizedFIFO.v:206$1816_EN[31:0]$1834 [0] $flatten\seg_adder_vff_in_5.$0$memwr$\arr$/teamspace/studios/this_studio/Melodica-Integration-into-Fife-Core/bsc/lib/Verilog/SizedFIFO.v:206$1816_EN[31:0]$1834 [0] $flatten\seg_adder_vff_in_5.$0$memwr$\arr$/teamspace/studios/this_studio/Melodica-Integration-into-Fife-Core/bsc/lib/Verilog/SizedFIFO.v:206$1816_EN[31:0]$1834 [0] $flatten\seg_adder_vff_in_5.$0$memwr$\arr$/teamspace/studios/this_studio/Melodica-Integration-into-Fife-Core/bsc/lib/Verilog/SizedFIFO.v:206$1816_EN[31:0]$1834 [0] $flatten\seg_adder_vff_in_5.$0$memwr$\arr$/teamspace/studios/this_studio/Melodica-Integration-into-Fife-Core/bsc/lib/Verilog/SizedFIFO.v:206$1816_EN[31:0]$1834 [0] $flatten\seg_adder_vff_in_5.$0$memwr$\arr$/teamspace/studios/this_studio/Melodica-Integration-into-Fife-Core/bsc/lib/Verilog/SizedFIFO.v:206$1816_EN[31:0]$1834 [0] $flatten\seg_adder_vff_in_5.$0$memwr$\arr$/teamspace/studios/this_studio/Melodica-Integration-into-Fife-Core/bsc/lib/Verilog/SizedFIFO.v:206$1816_EN[31:0]$1834 [0] $flatten\seg_adder_vff_in_5.$0$memwr$\arr$/teamspace/studios/this_studio/Melodica-Integration-into-Fife-Core/bsc/lib/Verilog/SizedFIFO.v:206$1816_EN[31:0]$1834 [0] $flatten\seg_adder_vff_in_5.$0$memwr$\arr$/teamspace/studios/this_studio/Melodica-Integration-into-Fife-Core/bsc/lib/Verilog/SizedFIFO.v:206$1816_EN[31:0]$1834 [0] $flatten\seg_adder_vff_in_5.$0$memwr$\arr$/teamspace/studios/this_studio/Melodica-Integration-into-Fife-Core/bsc/lib/Verilog/SizedFIFO.v:206$1816_EN[31:0]$1834 [0] }
    New ctrl vector for $pmux cell $flatten\seg_adder_vff_in_5.$procmux$2577: { $auto$opt_reduce.cc:134:opt_pmux$2979 $auto$opt_reduce.cc:134:opt_pmux$2977 }
    New ctrl vector for $pmux cell $flatten\seg_adder_vff_in_5.$procmux$2601: $auto$opt_reduce.cc:134:opt_pmux$2981
    Consolidated identical input bits for $mux cell $flatten\seg_adder_vff_in_6.$procmux$2569:
      Old ports: A=0, B=32'11111111111111111111111111111111, Y=$flatten\seg_adder_vff_in_6.$0$memwr$\arr$/teamspace/studios/this_studio/Melodica-Integration-into-Fife-Core/bsc/lib/Verilog/SizedFIFO.v:206$1816_EN[31:0]$1834
      New ports: A=1'0, B=1'1, Y=$flatten\seg_adder_vff_in_6.$0$memwr$\arr$/teamspace/studios/this_studio/Melodica-Integration-into-Fife-Core/bsc/lib/Verilog/SizedFIFO.v:206$1816_EN[31:0]$1834 [0]
      New connections: $flatten\seg_adder_vff_in_6.$0$memwr$\arr$/teamspace/studios/this_studio/Melodica-Integration-into-Fife-Core/bsc/lib/Verilog/SizedFIFO.v:206$1816_EN[31:0]$1834 [31:1] = { $flatten\seg_adder_vff_in_6.$0$memwr$\arr$/teamspace/studios/this_studio/Melodica-Integration-into-Fife-Core/bsc/lib/Verilog/SizedFIFO.v:206$1816_EN[31:0]$1834 [0] $flatten\seg_adder_vff_in_6.$0$memwr$\arr$/teamspace/studios/this_studio/Melodica-Integration-into-Fife-Core/bsc/lib/Verilog/SizedFIFO.v:206$1816_EN[31:0]$1834 [0] $flatten\seg_adder_vff_in_6.$0$memwr$\arr$/teamspace/studios/this_studio/Melodica-Integration-into-Fife-Core/bsc/lib/Verilog/SizedFIFO.v:206$1816_EN[31:0]$1834 [0] $flatten\seg_adder_vff_in_6.$0$memwr$\arr$/teamspace/studios/this_studio/Melodica-Integration-into-Fife-Core/bsc/lib/Verilog/SizedFIFO.v:206$1816_EN[31:0]$1834 [0] $flatten\seg_adder_vff_in_6.$0$memwr$\arr$/teamspace/studios/this_studio/Melodica-Integration-into-Fife-Core/bsc/lib/Verilog/SizedFIFO.v:206$1816_EN[31:0]$1834 [0] $flatten\seg_adder_vff_in_6.$0$memwr$\arr$/teamspace/studios/this_studio/Melodica-Integration-into-Fife-Core/bsc/lib/Verilog/SizedFIFO.v:206$1816_EN[31:0]$1834 [0] $flatten\seg_adder_vff_in_6.$0$memwr$\arr$/teamspace/studios/this_studio/Melodica-Integration-into-Fife-Core/bsc/lib/Verilog/SizedFIFO.v:206$1816_EN[31:0]$1834 [0] $flatten\seg_adder_vff_in_6.$0$memwr$\arr$/teamspace/studios/this_studio/Melodica-Integration-into-Fife-Core/bsc/lib/Verilog/SizedFIFO.v:206$1816_EN[31:0]$1834 [0] $flatten\seg_adder_vff_in_6.$0$memwr$\arr$/teamspace/studios/this_studio/Melodica-Integration-into-Fife-Core/bsc/lib/Verilog/SizedFIFO.v:206$1816_EN[31:0]$1834 [0] $flatten\seg_adder_vff_in_6.$0$memwr$\arr$/teamspace/studios/this_studio/Melodica-Integration-into-Fife-Core/bsc/lib/Verilog/SizedFIFO.v:206$1816_EN[31:0]$1834 [0] $flatten\seg_adder_vff_in_6.$0$memwr$\arr$/teamspace/studios/this_studio/Melodica-Integration-into-Fife-Core/bsc/lib/Verilog/SizedFIFO.v:206$1816_EN[31:0]$1834 [0] $flatten\seg_adder_vff_in_6.$0$memwr$\arr$/teamspace/studios/this_studio/Melodica-Integration-into-Fife-Core/bsc/lib/Verilog/SizedFIFO.v:206$1816_EN[31:0]$1834 [0] $flatten\seg_adder_vff_in_6.$0$memwr$\arr$/teamspace/studios/this_studio/Melodica-Integration-into-Fife-Core/bsc/lib/Verilog/SizedFIFO.v:206$1816_EN[31:0]$1834 [0] $flatten\seg_adder_vff_in_6.$0$memwr$\arr$/teamspace/studios/this_studio/Melodica-Integration-into-Fife-Core/bsc/lib/Verilog/SizedFIFO.v:206$1816_EN[31:0]$1834 [0] $flatten\seg_adder_vff_in_6.$0$memwr$\arr$/teamspace/studios/this_studio/Melodica-Integration-into-Fife-Core/bsc/lib/Verilog/SizedFIFO.v:206$1816_EN[31:0]$1834 [0] $flatten\seg_adder_vff_in_6.$0$memwr$\arr$/teamspace/studios/this_studio/Melodica-Integration-into-Fife-Core/bsc/lib/Verilog/SizedFIFO.v:206$1816_EN[31:0]$1834 [0] $flatten\seg_adder_vff_in_6.$0$memwr$\arr$/teamspace/studios/this_studio/Melodica-Integration-into-Fife-Core/bsc/lib/Verilog/SizedFIFO.v:206$1816_EN[31:0]$1834 [0] $flatten\seg_adder_vff_in_6.$0$memwr$\arr$/teamspace/studios/this_studio/Melodica-Integration-into-Fife-Core/bsc/lib/Verilog/SizedFIFO.v:206$1816_EN[31:0]$1834 [0] $flatten\seg_adder_vff_in_6.$0$memwr$\arr$/teamspace/studios/this_studio/Melodica-Integration-into-Fife-Core/bsc/lib/Verilog/SizedFIFO.v:206$1816_EN[31:0]$1834 [0] $flatten\seg_adder_vff_in_6.$0$memwr$\arr$/teamspace/studios/this_studio/Melodica-Integration-into-Fife-Core/bsc/lib/Verilog/SizedFIFO.v:206$1816_EN[31:0]$1834 [0] $flatten\seg_adder_vff_in_6.$0$memwr$\arr$/teamspace/studios/this_studio/Melodica-Integration-into-Fife-Core/bsc/lib/Verilog/SizedFIFO.v:206$1816_EN[31:0]$1834 [0] $flatten\seg_adder_vff_in_6.$0$memwr$\arr$/teamspace/studios/this_studio/Melodica-Integration-into-Fife-Core/bsc/lib/Verilog/SizedFIFO.v:206$1816_EN[31:0]$1834 [0] $flatten\seg_adder_vff_in_6.$0$memwr$\arr$/teamspace/studios/this_studio/Melodica-Integration-into-Fife-Core/bsc/lib/Verilog/SizedFIFO.v:206$1816_EN[31:0]$1834 [0] $flatten\seg_adder_vff_in_6.$0$memwr$\arr$/teamspace/studios/this_studio/Melodica-Integration-into-Fife-Core/bsc/lib/Verilog/SizedFIFO.v:206$1816_EN[31:0]$1834 [0] $flatten\seg_adder_vff_in_6.$0$memwr$\arr$/teamspace/studios/this_studio/Melodica-Integration-into-Fife-Core/bsc/lib/Verilog/SizedFIFO.v:206$1816_EN[31:0]$1834 [0] $flatten\seg_adder_vff_in_6.$0$memwr$\arr$/teamspace/studios/this_studio/Melodica-Integration-into-Fife-Core/bsc/lib/Verilog/SizedFIFO.v:206$1816_EN[31:0]$1834 [0] $flatten\seg_adder_vff_in_6.$0$memwr$\arr$/teamspace/studios/this_studio/Melodica-Integration-into-Fife-Core/bsc/lib/Verilog/SizedFIFO.v:206$1816_EN[31:0]$1834 [0] $flatten\seg_adder_vff_in_6.$0$memwr$\arr$/teamspace/studios/this_studio/Melodica-Integration-into-Fife-Core/bsc/lib/Verilog/SizedFIFO.v:206$1816_EN[31:0]$1834 [0] $flatten\seg_adder_vff_in_6.$0$memwr$\arr$/teamspace/studios/this_studio/Melodica-Integration-into-Fife-Core/bsc/lib/Verilog/SizedFIFO.v:206$1816_EN[31:0]$1834 [0] $flatten\seg_adder_vff_in_6.$0$memwr$\arr$/teamspace/studios/this_studio/Melodica-Integration-into-Fife-Core/bsc/lib/Verilog/SizedFIFO.v:206$1816_EN[31:0]$1834 [0] $flatten\seg_adder_vff_in_6.$0$memwr$\arr$/teamspace/studios/this_studio/Melodica-Integration-into-Fife-Core/bsc/lib/Verilog/SizedFIFO.v:206$1816_EN[31:0]$1834 [0] }
    New ctrl vector for $pmux cell $flatten\seg_adder_vff_in_6.$procmux$2577: { $auto$opt_reduce.cc:134:opt_pmux$2985 $auto$opt_reduce.cc:134:opt_pmux$2983 }
    New ctrl vector for $pmux cell $flatten\seg_adder_vff_in_6.$procmux$2601: $auto$opt_reduce.cc:134:opt_pmux$2987
    Consolidated identical input bits for $mux cell $flatten\seg_adder_vff_in_7.$procmux$2569:
      Old ports: A=0, B=32'11111111111111111111111111111111, Y=$flatten\seg_adder_vff_in_7.$0$memwr$\arr$/teamspace/studios/this_studio/Melodica-Integration-into-Fife-Core/bsc/lib/Verilog/SizedFIFO.v:206$1816_EN[31:0]$1834
      New ports: A=1'0, B=1'1, Y=$flatten\seg_adder_vff_in_7.$0$memwr$\arr$/teamspace/studios/this_studio/Melodica-Integration-into-Fife-Core/bsc/lib/Verilog/SizedFIFO.v:206$1816_EN[31:0]$1834 [0]
      New connections: $flatten\seg_adder_vff_in_7.$0$memwr$\arr$/teamspace/studios/this_studio/Melodica-Integration-into-Fife-Core/bsc/lib/Verilog/SizedFIFO.v:206$1816_EN[31:0]$1834 [31:1] = { $flatten\seg_adder_vff_in_7.$0$memwr$\arr$/teamspace/studios/this_studio/Melodica-Integration-into-Fife-Core/bsc/lib/Verilog/SizedFIFO.v:206$1816_EN[31:0]$1834 [0] $flatten\seg_adder_vff_in_7.$0$memwr$\arr$/teamspace/studios/this_studio/Melodica-Integration-into-Fife-Core/bsc/lib/Verilog/SizedFIFO.v:206$1816_EN[31:0]$1834 [0] $flatten\seg_adder_vff_in_7.$0$memwr$\arr$/teamspace/studios/this_studio/Melodica-Integration-into-Fife-Core/bsc/lib/Verilog/SizedFIFO.v:206$1816_EN[31:0]$1834 [0] $flatten\seg_adder_vff_in_7.$0$memwr$\arr$/teamspace/studios/this_studio/Melodica-Integration-into-Fife-Core/bsc/lib/Verilog/SizedFIFO.v:206$1816_EN[31:0]$1834 [0] $flatten\seg_adder_vff_in_7.$0$memwr$\arr$/teamspace/studios/this_studio/Melodica-Integration-into-Fife-Core/bsc/lib/Verilog/SizedFIFO.v:206$1816_EN[31:0]$1834 [0] $flatten\seg_adder_vff_in_7.$0$memwr$\arr$/teamspace/studios/this_studio/Melodica-Integration-into-Fife-Core/bsc/lib/Verilog/SizedFIFO.v:206$1816_EN[31:0]$1834 [0] $flatten\seg_adder_vff_in_7.$0$memwr$\arr$/teamspace/studios/this_studio/Melodica-Integration-into-Fife-Core/bsc/lib/Verilog/SizedFIFO.v:206$1816_EN[31:0]$1834 [0] $flatten\seg_adder_vff_in_7.$0$memwr$\arr$/teamspace/studios/this_studio/Melodica-Integration-into-Fife-Core/bsc/lib/Verilog/SizedFIFO.v:206$1816_EN[31:0]$1834 [0] $flatten\seg_adder_vff_in_7.$0$memwr$\arr$/teamspace/studios/this_studio/Melodica-Integration-into-Fife-Core/bsc/lib/Verilog/SizedFIFO.v:206$1816_EN[31:0]$1834 [0] $flatten\seg_adder_vff_in_7.$0$memwr$\arr$/teamspace/studios/this_studio/Melodica-Integration-into-Fife-Core/bsc/lib/Verilog/SizedFIFO.v:206$1816_EN[31:0]$1834 [0] $flatten\seg_adder_vff_in_7.$0$memwr$\arr$/teamspace/studios/this_studio/Melodica-Integration-into-Fife-Core/bsc/lib/Verilog/SizedFIFO.v:206$1816_EN[31:0]$1834 [0] $flatten\seg_adder_vff_in_7.$0$memwr$\arr$/teamspace/studios/this_studio/Melodica-Integration-into-Fife-Core/bsc/lib/Verilog/SizedFIFO.v:206$1816_EN[31:0]$1834 [0] $flatten\seg_adder_vff_in_7.$0$memwr$\arr$/teamspace/studios/this_studio/Melodica-Integration-into-Fife-Core/bsc/lib/Verilog/SizedFIFO.v:206$1816_EN[31:0]$1834 [0] $flatten\seg_adder_vff_in_7.$0$memwr$\arr$/teamspace/studios/this_studio/Melodica-Integration-into-Fife-Core/bsc/lib/Verilog/SizedFIFO.v:206$1816_EN[31:0]$1834 [0] $flatten\seg_adder_vff_in_7.$0$memwr$\arr$/teamspace/studios/this_studio/Melodica-Integration-into-Fife-Core/bsc/lib/Verilog/SizedFIFO.v:206$1816_EN[31:0]$1834 [0] $flatten\seg_adder_vff_in_7.$0$memwr$\arr$/teamspace/studios/this_studio/Melodica-Integration-into-Fife-Core/bsc/lib/Verilog/SizedFIFO.v:206$1816_EN[31:0]$1834 [0] $flatten\seg_adder_vff_in_7.$0$memwr$\arr$/teamspace/studios/this_studio/Melodica-Integration-into-Fife-Core/bsc/lib/Verilog/SizedFIFO.v:206$1816_EN[31:0]$1834 [0] $flatten\seg_adder_vff_in_7.$0$memwr$\arr$/teamspace/studios/this_studio/Melodica-Integration-into-Fife-Core/bsc/lib/Verilog/SizedFIFO.v:206$1816_EN[31:0]$1834 [0] $flatten\seg_adder_vff_in_7.$0$memwr$\arr$/teamspace/studios/this_studio/Melodica-Integration-into-Fife-Core/bsc/lib/Verilog/SizedFIFO.v:206$1816_EN[31:0]$1834 [0] $flatten\seg_adder_vff_in_7.$0$memwr$\arr$/teamspace/studios/this_studio/Melodica-Integration-into-Fife-Core/bsc/lib/Verilog/SizedFIFO.v:206$1816_EN[31:0]$1834 [0] $flatten\seg_adder_vff_in_7.$0$memwr$\arr$/teamspace/studios/this_studio/Melodica-Integration-into-Fife-Core/bsc/lib/Verilog/SizedFIFO.v:206$1816_EN[31:0]$1834 [0] $flatten\seg_adder_vff_in_7.$0$memwr$\arr$/teamspace/studios/this_studio/Melodica-Integration-into-Fife-Core/bsc/lib/Verilog/SizedFIFO.v:206$1816_EN[31:0]$1834 [0] $flatten\seg_adder_vff_in_7.$0$memwr$\arr$/teamspace/studios/this_studio/Melodica-Integration-into-Fife-Core/bsc/lib/Verilog/SizedFIFO.v:206$1816_EN[31:0]$1834 [0] $flatten\seg_adder_vff_in_7.$0$memwr$\arr$/teamspace/studios/this_studio/Melodica-Integration-into-Fife-Core/bsc/lib/Verilog/SizedFIFO.v:206$1816_EN[31:0]$1834 [0] $flatten\seg_adder_vff_in_7.$0$memwr$\arr$/teamspace/studios/this_studio/Melodica-Integration-into-Fife-Core/bsc/lib/Verilog/SizedFIFO.v:206$1816_EN[31:0]$1834 [0] $flatten\seg_adder_vff_in_7.$0$memwr$\arr$/teamspace/studios/this_studio/Melodica-Integration-into-Fife-Core/bsc/lib/Verilog/SizedFIFO.v:206$1816_EN[31:0]$1834 [0] $flatten\seg_adder_vff_in_7.$0$memwr$\arr$/teamspace/studios/this_studio/Melodica-Integration-into-Fife-Core/bsc/lib/Verilog/SizedFIFO.v:206$1816_EN[31:0]$1834 [0] $flatten\seg_adder_vff_in_7.$0$memwr$\arr$/teamspace/studios/this_studio/Melodica-Integration-into-Fife-Core/bsc/lib/Verilog/SizedFIFO.v:206$1816_EN[31:0]$1834 [0] $flatten\seg_adder_vff_in_7.$0$memwr$\arr$/teamspace/studios/this_studio/Melodica-Integration-into-Fife-Core/bsc/lib/Verilog/SizedFIFO.v:206$1816_EN[31:0]$1834 [0] $flatten\seg_adder_vff_in_7.$0$memwr$\arr$/teamspace/studios/this_studio/Melodica-Integration-into-Fife-Core/bsc/lib/Verilog/SizedFIFO.v:206$1816_EN[31:0]$1834 [0] $flatten\seg_adder_vff_in_7.$0$memwr$\arr$/teamspace/studios/this_studio/Melodica-Integration-into-Fife-Core/bsc/lib/Verilog/SizedFIFO.v:206$1816_EN[31:0]$1834 [0] }
    New ctrl vector for $pmux cell $flatten\seg_adder_vff_in_7.$procmux$2577: { $auto$opt_reduce.cc:134:opt_pmux$2991 $auto$opt_reduce.cc:134:opt_pmux$2989 }
    New ctrl vector for $pmux cell $flatten\seg_adder_vff_in_7.$procmux$2601: $auto$opt_reduce.cc:134:opt_pmux$2993
    Consolidated identical input bits for $mux cell $flatten\seg_adder_vff_in_8.$procmux$2569:
      Old ports: A=0, B=32'11111111111111111111111111111111, Y=$flatten\seg_adder_vff_in_8.$0$memwr$\arr$/teamspace/studios/this_studio/Melodica-Integration-into-Fife-Core/bsc/lib/Verilog/SizedFIFO.v:206$1816_EN[31:0]$1834
      New ports: A=1'0, B=1'1, Y=$flatten\seg_adder_vff_in_8.$0$memwr$\arr$/teamspace/studios/this_studio/Melodica-Integration-into-Fife-Core/bsc/lib/Verilog/SizedFIFO.v:206$1816_EN[31:0]$1834 [0]
      New connections: $flatten\seg_adder_vff_in_8.$0$memwr$\arr$/teamspace/studios/this_studio/Melodica-Integration-into-Fife-Core/bsc/lib/Verilog/SizedFIFO.v:206$1816_EN[31:0]$1834 [31:1] = { $flatten\seg_adder_vff_in_8.$0$memwr$\arr$/teamspace/studios/this_studio/Melodica-Integration-into-Fife-Core/bsc/lib/Verilog/SizedFIFO.v:206$1816_EN[31:0]$1834 [0] $flatten\seg_adder_vff_in_8.$0$memwr$\arr$/teamspace/studios/this_studio/Melodica-Integration-into-Fife-Core/bsc/lib/Verilog/SizedFIFO.v:206$1816_EN[31:0]$1834 [0] $flatten\seg_adder_vff_in_8.$0$memwr$\arr$/teamspace/studios/this_studio/Melodica-Integration-into-Fife-Core/bsc/lib/Verilog/SizedFIFO.v:206$1816_EN[31:0]$1834 [0] $flatten\seg_adder_vff_in_8.$0$memwr$\arr$/teamspace/studios/this_studio/Melodica-Integration-into-Fife-Core/bsc/lib/Verilog/SizedFIFO.v:206$1816_EN[31:0]$1834 [0] $flatten\seg_adder_vff_in_8.$0$memwr$\arr$/teamspace/studios/this_studio/Melodica-Integration-into-Fife-Core/bsc/lib/Verilog/SizedFIFO.v:206$1816_EN[31:0]$1834 [0] $flatten\seg_adder_vff_in_8.$0$memwr$\arr$/teamspace/studios/this_studio/Melodica-Integration-into-Fife-Core/bsc/lib/Verilog/SizedFIFO.v:206$1816_EN[31:0]$1834 [0] $flatten\seg_adder_vff_in_8.$0$memwr$\arr$/teamspace/studios/this_studio/Melodica-Integration-into-Fife-Core/bsc/lib/Verilog/SizedFIFO.v:206$1816_EN[31:0]$1834 [0] $flatten\seg_adder_vff_in_8.$0$memwr$\arr$/teamspace/studios/this_studio/Melodica-Integration-into-Fife-Core/bsc/lib/Verilog/SizedFIFO.v:206$1816_EN[31:0]$1834 [0] $flatten\seg_adder_vff_in_8.$0$memwr$\arr$/teamspace/studios/this_studio/Melodica-Integration-into-Fife-Core/bsc/lib/Verilog/SizedFIFO.v:206$1816_EN[31:0]$1834 [0] $flatten\seg_adder_vff_in_8.$0$memwr$\arr$/teamspace/studios/this_studio/Melodica-Integration-into-Fife-Core/bsc/lib/Verilog/SizedFIFO.v:206$1816_EN[31:0]$1834 [0] $flatten\seg_adder_vff_in_8.$0$memwr$\arr$/teamspace/studios/this_studio/Melodica-Integration-into-Fife-Core/bsc/lib/Verilog/SizedFIFO.v:206$1816_EN[31:0]$1834 [0] $flatten\seg_adder_vff_in_8.$0$memwr$\arr$/teamspace/studios/this_studio/Melodica-Integration-into-Fife-Core/bsc/lib/Verilog/SizedFIFO.v:206$1816_EN[31:0]$1834 [0] $flatten\seg_adder_vff_in_8.$0$memwr$\arr$/teamspace/studios/this_studio/Melodica-Integration-into-Fife-Core/bsc/lib/Verilog/SizedFIFO.v:206$1816_EN[31:0]$1834 [0] $flatten\seg_adder_vff_in_8.$0$memwr$\arr$/teamspace/studios/this_studio/Melodica-Integration-into-Fife-Core/bsc/lib/Verilog/SizedFIFO.v:206$1816_EN[31:0]$1834 [0] $flatten\seg_adder_vff_in_8.$0$memwr$\arr$/teamspace/studios/this_studio/Melodica-Integration-into-Fife-Core/bsc/lib/Verilog/SizedFIFO.v:206$1816_EN[31:0]$1834 [0] $flatten\seg_adder_vff_in_8.$0$memwr$\arr$/teamspace/studios/this_studio/Melodica-Integration-into-Fife-Core/bsc/lib/Verilog/SizedFIFO.v:206$1816_EN[31:0]$1834 [0] $flatten\seg_adder_vff_in_8.$0$memwr$\arr$/teamspace/studios/this_studio/Melodica-Integration-into-Fife-Core/bsc/lib/Verilog/SizedFIFO.v:206$1816_EN[31:0]$1834 [0] $flatten\seg_adder_vff_in_8.$0$memwr$\arr$/teamspace/studios/this_studio/Melodica-Integration-into-Fife-Core/bsc/lib/Verilog/SizedFIFO.v:206$1816_EN[31:0]$1834 [0] $flatten\seg_adder_vff_in_8.$0$memwr$\arr$/teamspace/studios/this_studio/Melodica-Integration-into-Fife-Core/bsc/lib/Verilog/SizedFIFO.v:206$1816_EN[31:0]$1834 [0] $flatten\seg_adder_vff_in_8.$0$memwr$\arr$/teamspace/studios/this_studio/Melodica-Integration-into-Fife-Core/bsc/lib/Verilog/SizedFIFO.v:206$1816_EN[31:0]$1834 [0] $flatten\seg_adder_vff_in_8.$0$memwr$\arr$/teamspace/studios/this_studio/Melodica-Integration-into-Fife-Core/bsc/lib/Verilog/SizedFIFO.v:206$1816_EN[31:0]$1834 [0] $flatten\seg_adder_vff_in_8.$0$memwr$\arr$/teamspace/studios/this_studio/Melodica-Integration-into-Fife-Core/bsc/lib/Verilog/SizedFIFO.v:206$1816_EN[31:0]$1834 [0] $flatten\seg_adder_vff_in_8.$0$memwr$\arr$/teamspace/studios/this_studio/Melodica-Integration-into-Fife-Core/bsc/lib/Verilog/SizedFIFO.v:206$1816_EN[31:0]$1834 [0] $flatten\seg_adder_vff_in_8.$0$memwr$\arr$/teamspace/studios/this_studio/Melodica-Integration-into-Fife-Core/bsc/lib/Verilog/SizedFIFO.v:206$1816_EN[31:0]$1834 [0] $flatten\seg_adder_vff_in_8.$0$memwr$\arr$/teamspace/studios/this_studio/Melodica-Integration-into-Fife-Core/bsc/lib/Verilog/SizedFIFO.v:206$1816_EN[31:0]$1834 [0] $flatten\seg_adder_vff_in_8.$0$memwr$\arr$/teamspace/studios/this_studio/Melodica-Integration-into-Fife-Core/bsc/lib/Verilog/SizedFIFO.v:206$1816_EN[31:0]$1834 [0] $flatten\seg_adder_vff_in_8.$0$memwr$\arr$/teamspace/studios/this_studio/Melodica-Integration-into-Fife-Core/bsc/lib/Verilog/SizedFIFO.v:206$1816_EN[31:0]$1834 [0] $flatten\seg_adder_vff_in_8.$0$memwr$\arr$/teamspace/studios/this_studio/Melodica-Integration-into-Fife-Core/bsc/lib/Verilog/SizedFIFO.v:206$1816_EN[31:0]$1834 [0] $flatten\seg_adder_vff_in_8.$0$memwr$\arr$/teamspace/studios/this_studio/Melodica-Integration-into-Fife-Core/bsc/lib/Verilog/SizedFIFO.v:206$1816_EN[31:0]$1834 [0] $flatten\seg_adder_vff_in_8.$0$memwr$\arr$/teamspace/studios/this_studio/Melodica-Integration-into-Fife-Core/bsc/lib/Verilog/SizedFIFO.v:206$1816_EN[31:0]$1834 [0] $flatten\seg_adder_vff_in_8.$0$memwr$\arr$/teamspace/studios/this_studio/Melodica-Integration-into-Fife-Core/bsc/lib/Verilog/SizedFIFO.v:206$1816_EN[31:0]$1834 [0] }
    New ctrl vector for $pmux cell $flatten\seg_adder_vff_in_8.$procmux$2577: { $auto$opt_reduce.cc:134:opt_pmux$2997 $auto$opt_reduce.cc:134:opt_pmux$2995 }
    New ctrl vector for $pmux cell $flatten\seg_adder_vff_in_8.$procmux$2601: $auto$opt_reduce.cc:134:opt_pmux$2999
    Consolidated identical input bits for $mux cell $flatten\seg_adder_vff_in_9.$procmux$2569:
      Old ports: A=0, B=32'11111111111111111111111111111111, Y=$flatten\seg_adder_vff_in_9.$0$memwr$\arr$/teamspace/studios/this_studio/Melodica-Integration-into-Fife-Core/bsc/lib/Verilog/SizedFIFO.v:206$1816_EN[31:0]$1834
      New ports: A=1'0, B=1'1, Y=$flatten\seg_adder_vff_in_9.$0$memwr$\arr$/teamspace/studios/this_studio/Melodica-Integration-into-Fife-Core/bsc/lib/Verilog/SizedFIFO.v:206$1816_EN[31:0]$1834 [0]
      New connections: $flatten\seg_adder_vff_in_9.$0$memwr$\arr$/teamspace/studios/this_studio/Melodica-Integration-into-Fife-Core/bsc/lib/Verilog/SizedFIFO.v:206$1816_EN[31:0]$1834 [31:1] = { $flatten\seg_adder_vff_in_9.$0$memwr$\arr$/teamspace/studios/this_studio/Melodica-Integration-into-Fife-Core/bsc/lib/Verilog/SizedFIFO.v:206$1816_EN[31:0]$1834 [0] $flatten\seg_adder_vff_in_9.$0$memwr$\arr$/teamspace/studios/this_studio/Melodica-Integration-into-Fife-Core/bsc/lib/Verilog/SizedFIFO.v:206$1816_EN[31:0]$1834 [0] $flatten\seg_adder_vff_in_9.$0$memwr$\arr$/teamspace/studios/this_studio/Melodica-Integration-into-Fife-Core/bsc/lib/Verilog/SizedFIFO.v:206$1816_EN[31:0]$1834 [0] $flatten\seg_adder_vff_in_9.$0$memwr$\arr$/teamspace/studios/this_studio/Melodica-Integration-into-Fife-Core/bsc/lib/Verilog/SizedFIFO.v:206$1816_EN[31:0]$1834 [0] $flatten\seg_adder_vff_in_9.$0$memwr$\arr$/teamspace/studios/this_studio/Melodica-Integration-into-Fife-Core/bsc/lib/Verilog/SizedFIFO.v:206$1816_EN[31:0]$1834 [0] $flatten\seg_adder_vff_in_9.$0$memwr$\arr$/teamspace/studios/this_studio/Melodica-Integration-into-Fife-Core/bsc/lib/Verilog/SizedFIFO.v:206$1816_EN[31:0]$1834 [0] $flatten\seg_adder_vff_in_9.$0$memwr$\arr$/teamspace/studios/this_studio/Melodica-Integration-into-Fife-Core/bsc/lib/Verilog/SizedFIFO.v:206$1816_EN[31:0]$1834 [0] $flatten\seg_adder_vff_in_9.$0$memwr$\arr$/teamspace/studios/this_studio/Melodica-Integration-into-Fife-Core/bsc/lib/Verilog/SizedFIFO.v:206$1816_EN[31:0]$1834 [0] $flatten\seg_adder_vff_in_9.$0$memwr$\arr$/teamspace/studios/this_studio/Melodica-Integration-into-Fife-Core/bsc/lib/Verilog/SizedFIFO.v:206$1816_EN[31:0]$1834 [0] $flatten\seg_adder_vff_in_9.$0$memwr$\arr$/teamspace/studios/this_studio/Melodica-Integration-into-Fife-Core/bsc/lib/Verilog/SizedFIFO.v:206$1816_EN[31:0]$1834 [0] $flatten\seg_adder_vff_in_9.$0$memwr$\arr$/teamspace/studios/this_studio/Melodica-Integration-into-Fife-Core/bsc/lib/Verilog/SizedFIFO.v:206$1816_EN[31:0]$1834 [0] $flatten\seg_adder_vff_in_9.$0$memwr$\arr$/teamspace/studios/this_studio/Melodica-Integration-into-Fife-Core/bsc/lib/Verilog/SizedFIFO.v:206$1816_EN[31:0]$1834 [0] $flatten\seg_adder_vff_in_9.$0$memwr$\arr$/teamspace/studios/this_studio/Melodica-Integration-into-Fife-Core/bsc/lib/Verilog/SizedFIFO.v:206$1816_EN[31:0]$1834 [0] $flatten\seg_adder_vff_in_9.$0$memwr$\arr$/teamspace/studios/this_studio/Melodica-Integration-into-Fife-Core/bsc/lib/Verilog/SizedFIFO.v:206$1816_EN[31:0]$1834 [0] $flatten\seg_adder_vff_in_9.$0$memwr$\arr$/teamspace/studios/this_studio/Melodica-Integration-into-Fife-Core/bsc/lib/Verilog/SizedFIFO.v:206$1816_EN[31:0]$1834 [0] $flatten\seg_adder_vff_in_9.$0$memwr$\arr$/teamspace/studios/this_studio/Melodica-Integration-into-Fife-Core/bsc/lib/Verilog/SizedFIFO.v:206$1816_EN[31:0]$1834 [0] $flatten\seg_adder_vff_in_9.$0$memwr$\arr$/teamspace/studios/this_studio/Melodica-Integration-into-Fife-Core/bsc/lib/Verilog/SizedFIFO.v:206$1816_EN[31:0]$1834 [0] $flatten\seg_adder_vff_in_9.$0$memwr$\arr$/teamspace/studios/this_studio/Melodica-Integration-into-Fife-Core/bsc/lib/Verilog/SizedFIFO.v:206$1816_EN[31:0]$1834 [0] $flatten\seg_adder_vff_in_9.$0$memwr$\arr$/teamspace/studios/this_studio/Melodica-Integration-into-Fife-Core/bsc/lib/Verilog/SizedFIFO.v:206$1816_EN[31:0]$1834 [0] $flatten\seg_adder_vff_in_9.$0$memwr$\arr$/teamspace/studios/this_studio/Melodica-Integration-into-Fife-Core/bsc/lib/Verilog/SizedFIFO.v:206$1816_EN[31:0]$1834 [0] $flatten\seg_adder_vff_in_9.$0$memwr$\arr$/teamspace/studios/this_studio/Melodica-Integration-into-Fife-Core/bsc/lib/Verilog/SizedFIFO.v:206$1816_EN[31:0]$1834 [0] $flatten\seg_adder_vff_in_9.$0$memwr$\arr$/teamspace/studios/this_studio/Melodica-Integration-into-Fife-Core/bsc/lib/Verilog/SizedFIFO.v:206$1816_EN[31:0]$1834 [0] $flatten\seg_adder_vff_in_9.$0$memwr$\arr$/teamspace/studios/this_studio/Melodica-Integration-into-Fife-Core/bsc/lib/Verilog/SizedFIFO.v:206$1816_EN[31:0]$1834 [0] $flatten\seg_adder_vff_in_9.$0$memwr$\arr$/teamspace/studios/this_studio/Melodica-Integration-into-Fife-Core/bsc/lib/Verilog/SizedFIFO.v:206$1816_EN[31:0]$1834 [0] $flatten\seg_adder_vff_in_9.$0$memwr$\arr$/teamspace/studios/this_studio/Melodica-Integration-into-Fife-Core/bsc/lib/Verilog/SizedFIFO.v:206$1816_EN[31:0]$1834 [0] $flatten\seg_adder_vff_in_9.$0$memwr$\arr$/teamspace/studios/this_studio/Melodica-Integration-into-Fife-Core/bsc/lib/Verilog/SizedFIFO.v:206$1816_EN[31:0]$1834 [0] $flatten\seg_adder_vff_in_9.$0$memwr$\arr$/teamspace/studios/this_studio/Melodica-Integration-into-Fife-Core/bsc/lib/Verilog/SizedFIFO.v:206$1816_EN[31:0]$1834 [0] $flatten\seg_adder_vff_in_9.$0$memwr$\arr$/teamspace/studios/this_studio/Melodica-Integration-into-Fife-Core/bsc/lib/Verilog/SizedFIFO.v:206$1816_EN[31:0]$1834 [0] $flatten\seg_adder_vff_in_9.$0$memwr$\arr$/teamspace/studios/this_studio/Melodica-Integration-into-Fife-Core/bsc/lib/Verilog/SizedFIFO.v:206$1816_EN[31:0]$1834 [0] $flatten\seg_adder_vff_in_9.$0$memwr$\arr$/teamspace/studios/this_studio/Melodica-Integration-into-Fife-Core/bsc/lib/Verilog/SizedFIFO.v:206$1816_EN[31:0]$1834 [0] $flatten\seg_adder_vff_in_9.$0$memwr$\arr$/teamspace/studios/this_studio/Melodica-Integration-into-Fife-Core/bsc/lib/Verilog/SizedFIFO.v:206$1816_EN[31:0]$1834 [0] }
    New ctrl vector for $pmux cell $flatten\seg_adder_vff_in_9.$procmux$2577: { $auto$opt_reduce.cc:134:opt_pmux$3003 $auto$opt_reduce.cc:134:opt_pmux$3001 }
    New ctrl vector for $pmux cell $flatten\seg_adder_vff_in_9.$procmux$2601: $auto$opt_reduce.cc:134:opt_pmux$3005
    New ctrl vector for $pmux cell $flatten\seg_adder_vff_carry_0.$procmux$2519: { $auto$opt_reduce.cc:134:opt_pmux$3009 $auto$opt_reduce.cc:134:opt_pmux$3007 }
    New ctrl vector for $pmux cell $flatten\seg_adder_vff_carry_0.$procmux$2543: $auto$opt_reduce.cc:134:opt_pmux$3011
    New ctrl vector for $pmux cell $flatten\seg_adder_vff_carry_1.$procmux$2519: { $auto$opt_reduce.cc:134:opt_pmux$3015 $auto$opt_reduce.cc:134:opt_pmux$3013 }
    New ctrl vector for $pmux cell $flatten\seg_adder_vff_carry_1.$procmux$2543: $auto$opt_reduce.cc:134:opt_pmux$3017
    New ctrl vector for $pmux cell $flatten\seg_adder_vff_carry_10.$procmux$2519: { $auto$opt_reduce.cc:134:opt_pmux$3021 $auto$opt_reduce.cc:134:opt_pmux$3019 }
    New ctrl vector for $pmux cell $flatten\seg_adder_vff_carry_10.$procmux$2543: $auto$opt_reduce.cc:134:opt_pmux$3023
    New ctrl vector for $pmux cell $flatten\seg_adder_vff_carry_11.$procmux$2519: { $auto$opt_reduce.cc:134:opt_pmux$3027 $auto$opt_reduce.cc:134:opt_pmux$3025 }
    New ctrl vector for $pmux cell $flatten\seg_adder_vff_carry_11.$procmux$2543: $auto$opt_reduce.cc:134:opt_pmux$3029
  Optimizing cells in module \mkQuire.
Performed a total of 123 changes.

14.7.5. Executing OPT_MERGE pass (detect identical cells).
Finding identical cells in module `\mkQuire'.
<suppressed ~147 debug messages>
Removed a total of 49 cells.

14.7.6. Executing OPT_DFF pass (perform DFF optimizations).

14.7.7. Executing OPT_CLEAN pass (remove unused cells and wires).
Finding unused cells or wires in module \mkQuire..
Removed 0 unused cells and 1036 unused wires.
<suppressed ~2 debug messages>

14.7.8. Executing OPT_EXPR pass (perform const folding).
Optimizing module mkQuire.

14.7.9. Rerunning OPT passes. (Maybe there is more to do..)

14.7.10. Executing OPT_MUXTREE pass (detect dead branches in mux trees).
Running muxtree optimizer on module \mkQuire..
  Creating internal representation of mux trees.
  Evaluating internal representation of mux trees.
  Analyzing evaluation results.
Removed 0 multiplexer ports.
<suppressed ~608 debug messages>

14.7.11. Executing OPT_REDUCE pass (consolidate $*mux and $reduce_* inputs).
  Optimizing cells in module \mkQuire.
Performed a total of 0 changes.

14.7.12. Executing OPT_MERGE pass (detect identical cells).
Finding identical cells in module `\mkQuire'.
Removed a total of 0 cells.

14.7.13. Executing OPT_DFF pass (perform DFF optimizations).

14.7.14. Executing OPT_CLEAN pass (remove unused cells and wires).
Finding unused cells or wires in module \mkQuire..

14.7.15. Executing OPT_EXPR pass (perform const folding).
Optimizing module mkQuire.

14.7.16. Finished OPT passes. (There is nothing left to do.)

14.8. Executing FSM pass (extract and optimize FSM).

14.8.1. Executing FSM_DETECT pass (finding FSMs in design).
Not marking mkQuire.zero_counter_rg_numZeroSegs as FSM state register:
    Users of register don't seem to benefit from recoding.

14.8.2. Executing FSM_EXTRACT pass (extracting FSM from design).

14.8.3. Executing FSM_OPT pass (simple optimizations of FSMs).

14.8.4. Executing OPT_CLEAN pass (remove unused cells and wires).
Finding unused cells or wires in module \mkQuire..

14.8.5. Executing FSM_OPT pass (simple optimizations of FSMs).

14.8.6. Executing FSM_RECODE pass (re-assigning FSM state encoding).

14.8.7. Executing FSM_INFO pass (dumping all available information on FSM cells).

14.8.8. Executing FSM_MAP pass (mapping FSMs to basic logic).

14.9. Executing OPT pass (performing simple optimizations).

14.9.1. Executing OPT_EXPR pass (perform const folding).
Optimizing module mkQuire.

14.9.2. Executing OPT_MERGE pass (detect identical cells).
Finding identical cells in module `\mkQuire'.
Removed a total of 0 cells.

14.9.3. Executing OPT_MUXTREE pass (detect dead branches in mux trees).
Running muxtree optimizer on module \mkQuire..
  Creating internal representation of mux trees.
  Evaluating internal representation of mux trees.
  Analyzing evaluation results.
Removed 0 multiplexer ports.
<suppressed ~608 debug messages>

14.9.4. Executing OPT_REDUCE pass (consolidate $*mux and $reduce_* inputs).
  Optimizing cells in module \mkQuire.
Performed a total of 0 changes.

14.9.5. Executing OPT_MERGE pass (detect identical cells).
Finding identical cells in module `\mkQuire'.
Removed a total of 0 cells.

14.9.6. Executing OPT_DFF pass (perform DFF optimizations).
Adding SRST signal on $procdff$2707 ($dff) from module mkQuire (D = $procmux$1886_Y, Q = \zero_counter_rg_seg_counter_busy, rval = 1'0).
Adding EN signal on $auto$ff.cc:266:slice$3030 ($sdff) from module mkQuire (D = \MUX_rg_read_busy$write_1__SEL_1, Q = \zero_counter_rg_seg_counter_busy).
Adding EN signal on $procdff$2706 ($dff) from module mkQuire (D = \x__h107162, Q = \zero_counter_rg_numZeroSegs).
Adding EN signal on $procdff$2705 ($dff) from module mkQuire (D = \zero_counter_rg_firstNonZeroSeg$D_IN, Q = \zero_counter_rg_firstNonZeroSeg).
Adding SRST signal on $procdff$2704 ($dff) from module mkQuire (D = $procmux$1895_Y, Q = \vrg_quire_seg_zero_9, rval = 1'1).
Adding EN signal on $auto$ff.cc:266:slice$3034 ($sdff) from module mkQuire (D = \vrg_quire_seg_zero_9$D_IN, Q = \vrg_quire_seg_zero_9).
Adding SRST signal on $procdff$2703 ($dff) from module mkQuire (D = $procmux$1900_Y, Q = \vrg_quire_seg_zero_8, rval = 1'1).
Adding EN signal on $auto$ff.cc:266:slice$3036 ($sdff) from module mkQuire (D = \vrg_quire_seg_zero_8$D_IN, Q = \vrg_quire_seg_zero_8).
Adding SRST signal on $procdff$2702 ($dff) from module mkQuire (D = $procmux$1905_Y, Q = \vrg_quire_seg_zero_7, rval = 1'1).
Adding EN signal on $auto$ff.cc:266:slice$3038 ($sdff) from module mkQuire (D = \vrg_quire_seg_zero_7$D_IN, Q = \vrg_quire_seg_zero_7).
Adding SRST signal on $procdff$2701 ($dff) from module mkQuire (D = $procmux$1910_Y, Q = \vrg_quire_seg_zero_6, rval = 1'1).
Adding EN signal on $auto$ff.cc:266:slice$3040 ($sdff) from module mkQuire (D = \vrg_quire_seg_zero_6$D_IN, Q = \vrg_quire_seg_zero_6).
Adding SRST signal on $procdff$2700 ($dff) from module mkQuire (D = $procmux$1915_Y, Q = \vrg_quire_seg_zero_5, rval = 1'1).
Adding EN signal on $auto$ff.cc:266:slice$3042 ($sdff) from module mkQuire (D = \vrg_quire_seg_zero_5$D_IN, Q = \vrg_quire_seg_zero_5).
Adding SRST signal on $procdff$2699 ($dff) from module mkQuire (D = $procmux$1920_Y, Q = \vrg_quire_seg_zero_4, rval = 1'1).
Adding EN signal on $auto$ff.cc:266:slice$3044 ($sdff) from module mkQuire (D = \vrg_quire_seg_zero_4$D_IN, Q = \vrg_quire_seg_zero_4).
Adding SRST signal on $procdff$2698 ($dff) from module mkQuire (D = $procmux$1925_Y, Q = \vrg_quire_seg_zero_3, rval = 1'1).
Adding EN signal on $auto$ff.cc:266:slice$3046 ($sdff) from module mkQuire (D = \vrg_quire_seg_zero_3$D_IN, Q = \vrg_quire_seg_zero_3).
Adding SRST signal on $procdff$2697 ($dff) from module mkQuire (D = $procmux$1930_Y, Q = \vrg_quire_seg_zero_24, rval = 1'1).
Adding EN signal on $auto$ff.cc:266:slice$3048 ($sdff) from module mkQuire (D = \vrg_quire_seg_zero_24$D_IN, Q = \vrg_quire_seg_zero_24).
Adding SRST signal on $procdff$2696 ($dff) from module mkQuire (D = $procmux$1935_Y, Q = \vrg_quire_seg_zero_23, rval = 1'1).
Adding EN signal on $auto$ff.cc:266:slice$3050 ($sdff) from module mkQuire (D = \vrg_quire_seg_zero_23$D_IN, Q = \vrg_quire_seg_zero_23).
Adding SRST signal on $procdff$2695 ($dff) from module mkQuire (D = $procmux$1940_Y, Q = \vrg_quire_seg_zero_22, rval = 1'1).
Adding EN signal on $auto$ff.cc:266:slice$3052 ($sdff) from module mkQuire (D = \vrg_quire_seg_zero_22$D_IN, Q = \vrg_quire_seg_zero_22).
Adding SRST signal on $procdff$2694 ($dff) from module mkQuire (D = $procmux$1945_Y, Q = \vrg_quire_seg_zero_21, rval = 1'1).
Adding EN signal on $auto$ff.cc:266:slice$3054 ($sdff) from module mkQuire (D = \vrg_quire_seg_zero_21$D_IN, Q = \vrg_quire_seg_zero_21).
Adding SRST signal on $procdff$2693 ($dff) from module mkQuire (D = $procmux$1950_Y, Q = \vrg_quire_seg_zero_20, rval = 1'1).
Adding EN signal on $auto$ff.cc:266:slice$3056 ($sdff) from module mkQuire (D = \vrg_quire_seg_zero_20$D_IN, Q = \vrg_quire_seg_zero_20).
Adding SRST signal on $procdff$2692 ($dff) from module mkQuire (D = $procmux$1955_Y, Q = \vrg_quire_seg_zero_2, rval = 1'1).
Adding EN signal on $auto$ff.cc:266:slice$3058 ($sdff) from module mkQuire (D = \vrg_quire_seg_zero_2$D_IN, Q = \vrg_quire_seg_zero_2).
Adding SRST signal on $procdff$2691 ($dff) from module mkQuire (D = $procmux$1960_Y, Q = \vrg_quire_seg_zero_19, rval = 1'1).
Adding EN signal on $auto$ff.cc:266:slice$3060 ($sdff) from module mkQuire (D = \vrg_quire_seg_zero_19$D_IN, Q = \vrg_quire_seg_zero_19).
Adding SRST signal on $procdff$2690 ($dff) from module mkQuire (D = $procmux$1965_Y, Q = \vrg_quire_seg_zero_18, rval = 1'1).
Adding EN signal on $auto$ff.cc:266:slice$3062 ($sdff) from module mkQuire (D = \vrg_quire_seg_zero_18$D_IN, Q = \vrg_quire_seg_zero_18).
Adding SRST signal on $procdff$2689 ($dff) from module mkQuire (D = $procmux$1970_Y, Q = \vrg_quire_seg_zero_17, rval = 1'1).
Adding EN signal on $auto$ff.cc:266:slice$3064 ($sdff) from module mkQuire (D = \vrg_quire_seg_zero_17$D_IN, Q = \vrg_quire_seg_zero_17).
Adding SRST signal on $procdff$2688 ($dff) from module mkQuire (D = $procmux$1975_Y, Q = \vrg_quire_seg_zero_16, rval = 1'1).
Adding EN signal on $auto$ff.cc:266:slice$3066 ($sdff) from module mkQuire (D = \vrg_quire_seg_zero_16$D_IN, Q = \vrg_quire_seg_zero_16).
Adding SRST signal on $procdff$2687 ($dff) from module mkQuire (D = $procmux$1980_Y, Q = \vrg_quire_seg_zero_15, rval = 1'1).
Adding EN signal on $auto$ff.cc:266:slice$3068 ($sdff) from module mkQuire (D = \vrg_quire_seg_zero_15$D_IN, Q = \vrg_quire_seg_zero_15).
Adding SRST signal on $procdff$2686 ($dff) from module mkQuire (D = $procmux$1985_Y, Q = \vrg_quire_seg_zero_14, rval = 1'1).
Adding EN signal on $auto$ff.cc:266:slice$3070 ($sdff) from module mkQuire (D = \vrg_quire_seg_zero_14$D_IN, Q = \vrg_quire_seg_zero_14).
Adding SRST signal on $procdff$2685 ($dff) from module mkQuire (D = $procmux$1990_Y, Q = \vrg_quire_seg_zero_13, rval = 1'1).
Adding EN signal on $auto$ff.cc:266:slice$3072 ($sdff) from module mkQuire (D = \vrg_quire_seg_zero_13$D_IN, Q = \vrg_quire_seg_zero_13).
Adding SRST signal on $procdff$2684 ($dff) from module mkQuire (D = $procmux$1995_Y, Q = \vrg_quire_seg_zero_12, rval = 1'1).
Adding EN signal on $auto$ff.cc:266:slice$3074 ($sdff) from module mkQuire (D = \vrg_quire_seg_zero_12$D_IN, Q = \vrg_quire_seg_zero_12).
Adding SRST signal on $procdff$2683 ($dff) from module mkQuire (D = $procmux$2000_Y, Q = \vrg_quire_seg_zero_11, rval = 1'1).
Adding EN signal on $auto$ff.cc:266:slice$3076 ($sdff) from module mkQuire (D = \vrg_quire_seg_zero_11$D_IN, Q = \vrg_quire_seg_zero_11).
Adding SRST signal on $procdff$2682 ($dff) from module mkQuire (D = $procmux$2005_Y, Q = \vrg_quire_seg_zero_10, rval = 1'1).
Adding EN signal on $auto$ff.cc:266:slice$3078 ($sdff) from module mkQuire (D = \vrg_quire_seg_zero_10$D_IN, Q = \vrg_quire_seg_zero_10).
Adding SRST signal on $procdff$2681 ($dff) from module mkQuire (D = $procmux$2010_Y, Q = \vrg_quire_seg_zero_1, rval = 1'1).
Adding EN signal on $auto$ff.cc:266:slice$3080 ($sdff) from module mkQuire (D = \vrg_quire_seg_zero_1$D_IN, Q = \vrg_quire_seg_zero_1).
Adding SRST signal on $procdff$2680 ($dff) from module mkQuire (D = $procmux$2015_Y, Q = \vrg_quire_seg_zero_0, rval = 1'1).
Adding EN signal on $auto$ff.cc:266:slice$3082 ($sdff) from module mkQuire (D = \vrg_quire_seg_zero_0$D_IN, Q = \vrg_quire_seg_zero_0).
Adding SRST signal on $procdff$2679 ($dff) from module mkQuire (D = $procmux$2020_Y, Q = \vrg_quire_9, rval = 0).
Adding EN signal on $auto$ff.cc:266:slice$3084 ($sdff) from module mkQuire (D = \vrg_quire_9$D_IN, Q = \vrg_quire_9).
Adding SRST signal on $procdff$2678 ($dff) from module mkQuire (D = $procmux$2025_Y, Q = \vrg_quire_8, rval = 0).
Adding EN signal on $auto$ff.cc:266:slice$3086 ($sdff) from module mkQuire (D = \vrg_quire_8$D_IN, Q = \vrg_quire_8).
Adding SRST signal on $procdff$2677 ($dff) from module mkQuire (D = $procmux$2030_Y, Q = \vrg_quire_7, rval = 0).
Adding EN signal on $auto$ff.cc:266:slice$3088 ($sdff) from module mkQuire (D = \vrg_quire_7$D_IN, Q = \vrg_quire_7).
Adding SRST signal on $procdff$2676 ($dff) from module mkQuire (D = $procmux$2035_Y, Q = \vrg_quire_6, rval = 0).
Adding EN signal on $auto$ff.cc:266:slice$3090 ($sdff) from module mkQuire (D = \vrg_quire_6$D_IN, Q = \vrg_quire_6).
Adding SRST signal on $procdff$2675 ($dff) from module mkQuire (D = $procmux$2040_Y, Q = \vrg_quire_5, rval = 0).
Adding EN signal on $auto$ff.cc:266:slice$3092 ($sdff) from module mkQuire (D = \vrg_quire_5$D_IN, Q = \vrg_quire_5).
Adding SRST signal on $procdff$2674 ($dff) from module mkQuire (D = $procmux$2045_Y, Q = \vrg_quire_4, rval = 0).
Adding EN signal on $auto$ff.cc:266:slice$3094 ($sdff) from module mkQuire (D = \vrg_quire_4$D_IN, Q = \vrg_quire_4).
Adding SRST signal on $procdff$2673 ($dff) from module mkQuire (D = $procmux$2050_Y, Q = \vrg_quire_3, rval = 0).
Adding EN signal on $auto$ff.cc:266:slice$3096 ($sdff) from module mkQuire (D = \vrg_quire_3$D_IN, Q = \vrg_quire_3).
Adding SRST signal on $procdff$2672 ($dff) from module mkQuire (D = $procmux$2055_Y, Q = \vrg_quire_24, rval = 0).
Adding EN signal on $auto$ff.cc:266:slice$3098 ($sdff) from module mkQuire (D = \vrg_quire_24$D_IN, Q = \vrg_quire_24).
Adding SRST signal on $procdff$2671 ($dff) from module mkQuire (D = $procmux$2060_Y, Q = \vrg_quire_23, rval = 0).
Adding EN signal on $auto$ff.cc:266:slice$3100 ($sdff) from module mkQuire (D = \vrg_quire_23$D_IN, Q = \vrg_quire_23).
Adding SRST signal on $procdff$2670 ($dff) from module mkQuire (D = $procmux$2065_Y, Q = \vrg_quire_22, rval = 0).
Adding EN signal on $auto$ff.cc:266:slice$3102 ($sdff) from module mkQuire (D = \vrg_quire_22$D_IN, Q = \vrg_quire_22).
Adding SRST signal on $procdff$2669 ($dff) from module mkQuire (D = $procmux$2070_Y, Q = \vrg_quire_21, rval = 0).
Adding EN signal on $auto$ff.cc:266:slice$3104 ($sdff) from module mkQuire (D = \vrg_quire_21$D_IN, Q = \vrg_quire_21).
Adding SRST signal on $procdff$2668 ($dff) from module mkQuire (D = $procmux$2075_Y, Q = \vrg_quire_20, rval = 0).
Adding EN signal on $auto$ff.cc:266:slice$3106 ($sdff) from module mkQuire (D = \vrg_quire_20$D_IN, Q = \vrg_quire_20).
Adding SRST signal on $procdff$2667 ($dff) from module mkQuire (D = $procmux$2080_Y, Q = \vrg_quire_2, rval = 0).
Adding EN signal on $auto$ff.cc:266:slice$3108 ($sdff) from module mkQuire (D = \vrg_quire_2$D_IN, Q = \vrg_quire_2).
Adding SRST signal on $procdff$2666 ($dff) from module mkQuire (D = $procmux$2085_Y, Q = \vrg_quire_19, rval = 0).
Adding EN signal on $auto$ff.cc:266:slice$3110 ($sdff) from module mkQuire (D = \vrg_quire_19$D_IN, Q = \vrg_quire_19).
Adding SRST signal on $procdff$2665 ($dff) from module mkQuire (D = $procmux$2090_Y, Q = \vrg_quire_18, rval = 0).
Adding EN signal on $auto$ff.cc:266:slice$3112 ($sdff) from module mkQuire (D = \vrg_quire_18$D_IN, Q = \vrg_quire_18).
Adding SRST signal on $procdff$2664 ($dff) from module mkQuire (D = $procmux$2095_Y, Q = \vrg_quire_17, rval = 0).
Adding EN signal on $auto$ff.cc:266:slice$3114 ($sdff) from module mkQuire (D = \vrg_quire_17$D_IN, Q = \vrg_quire_17).
Adding SRST signal on $procdff$2663 ($dff) from module mkQuire (D = $procmux$2100_Y, Q = \vrg_quire_16, rval = 0).
Adding EN signal on $auto$ff.cc:266:slice$3116 ($sdff) from module mkQuire (D = \vrg_quire_16$D_IN, Q = \vrg_quire_16).
Adding SRST signal on $procdff$2662 ($dff) from module mkQuire (D = $procmux$2105_Y, Q = \vrg_quire_15, rval = 0).
Adding EN signal on $auto$ff.cc:266:slice$3118 ($sdff) from module mkQuire (D = \vrg_quire_15$D_IN, Q = \vrg_quire_15).
Adding SRST signal on $procdff$2661 ($dff) from module mkQuire (D = $procmux$2110_Y, Q = \vrg_quire_14, rval = 0).
Adding EN signal on $auto$ff.cc:266:slice$3120 ($sdff) from module mkQuire (D = \vrg_quire_14$D_IN, Q = \vrg_quire_14).
Adding SRST signal on $procdff$2660 ($dff) from module mkQuire (D = $procmux$2115_Y, Q = \vrg_quire_13, rval = 0).
Adding EN signal on $auto$ff.cc:266:slice$3122 ($sdff) from module mkQuire (D = \vrg_quire_13$D_IN, Q = \vrg_quire_13).
Adding SRST signal on $procdff$2659 ($dff) from module mkQuire (D = $procmux$2120_Y, Q = \vrg_quire_12, rval = 0).
Adding EN signal on $auto$ff.cc:266:slice$3124 ($sdff) from module mkQuire (D = \vrg_quire_12$D_IN, Q = \vrg_quire_12).
Adding SRST signal on $procdff$2658 ($dff) from module mkQuire (D = $procmux$2125_Y, Q = \vrg_quire_11, rval = 0).
Adding EN signal on $auto$ff.cc:266:slice$3126 ($sdff) from module mkQuire (D = \vrg_quire_11$D_IN, Q = \vrg_quire_11).
Adding SRST signal on $procdff$2657 ($dff) from module mkQuire (D = $procmux$2130_Y, Q = \vrg_quire_10, rval = 0).
Adding EN signal on $auto$ff.cc:266:slice$3128 ($sdff) from module mkQuire (D = \vrg_quire_10$D_IN, Q = \vrg_quire_10).
Adding SRST signal on $procdff$2656 ($dff) from module mkQuire (D = $procmux$2135_Y, Q = \vrg_quire_1, rval = 0).
Adding EN signal on $auto$ff.cc:266:slice$3130 ($sdff) from module mkQuire (D = \vrg_quire_1$D_IN, Q = \vrg_quire_1).
Adding SRST signal on $procdff$2655 ($dff) from module mkQuire (D = $procmux$2140_Y, Q = \vrg_quire_0, rval = 0).
Adding EN signal on $auto$ff.cc:266:slice$3132 ($sdff) from module mkQuire (D = \vrg_quire_0$D_IN, Q = \vrg_quire_0).
Adding SRST signal on $procdff$2654 ($dff) from module mkQuire (D = $procmux$2145_Y, Q = \seg_adder_rg_inFlight, rval = 5'00000).
Adding EN signal on $auto$ff.cc:266:slice$3134 ($sdff) from module mkQuire (D = \seg_adder_rg_inFlight$D_IN, Q = \seg_adder_rg_inFlight).
Adding SRST signal on $procdff$2653 ($dff) from module mkQuire (D = $procmux$2150_Y, Q = \rg_seg_zero_upd, rval = 1'1).
Adding EN signal on $auto$ff.cc:266:slice$3136 ($sdff) from module mkQuire (D = \rg_seg_zero_upd$D_IN, Q = \rg_seg_zero_upd).
Adding SRST signal on $procdff$2652 ($dff) from module mkQuire (D = $procmux$2155_Y, Q = \rg_read_busy, rval = 1'0).
Adding EN signal on $auto$ff.cc:266:slice$3138 ($sdff) from module mkQuire (D = \MUX_rg_read_busy$write_1__SEL_1, Q = \rg_read_busy).
Adding SRST signal on $flatten\seg_adder_vff_in_9.$procdff$2725 ($dff) from module mkQuire (D = $flatten\seg_adder_vff_in_9.$procmux$2583_Y, Q = \seg_adder_vff_in_9.hasodata, rval = 1'0).
Adding EN signal on $auto$ff.cc:266:slice$3140 ($sdff) from module mkQuire (D = $flatten\seg_adder_vff_in_9.$procmux$2583_Y, Q = \seg_adder_vff_in_9.hasodata).
Adding SRST signal on $flatten\seg_adder_vff_in_9.$procdff$2724 ($dff) from module mkQuire (D = $flatten\seg_adder_vff_in_9.$procmux$2592_Y, Q = \seg_adder_vff_in_9.tail, rval = 2'00).
Adding EN signal on $auto$ff.cc:266:slice$3144 ($sdff) from module mkQuire (D = $flatten\seg_adder_vff_in_9.$procmux$2592_Y, Q = \seg_adder_vff_in_9.tail).
Adding SRST signal on $flatten\seg_adder_vff_in_9.$procdff$2723 ($dff) from module mkQuire (D = $flatten\seg_adder_vff_in_9.$procmux$2601_Y, Q = \seg_adder_vff_in_9.head, rval = 2'00).
Adding EN signal on $auto$ff.cc:266:slice$3152 ($sdff) from module mkQuire (D = \seg_adder_vff_in_9.next_head, Q = \seg_adder_vff_in_9.head).
Adding SRST signal on $flatten\seg_adder_vff_in_9.$procdff$2722 ($dff) from module mkQuire (D = $flatten\seg_adder_vff_in_9.$procmux$2610_Y, Q = \seg_adder_vff_in_9.ring_empty, rval = 1'1).
Adding EN signal on $auto$ff.cc:266:slice$3154 ($sdff) from module mkQuire (D = $flatten\seg_adder_vff_in_9.$procmux$2610_Y, Q = \seg_adder_vff_in_9.ring_empty).
Adding SRST signal on $flatten\seg_adder_vff_in_9.$procdff$2721 ($dff) from module mkQuire (D = $flatten\seg_adder_vff_in_9.$procmux$2619_Y, Q = \seg_adder_vff_in_9.not_ring_full, rval = 1'1).
Adding EN signal on $auto$ff.cc:266:slice$3162 ($sdff) from module mkQuire (D = $flatten\seg_adder_vff_in_9.$procmux$2619_Y, Q = \seg_adder_vff_in_9.not_ring_full).
Adding EN signal on $flatten\seg_adder_vff_in_9.$procdff$2720 ($dff) from module mkQuire (D = $flatten\seg_adder_vff_in_9.$0\D_OUT[31:0], Q = \seg_adder_vff_in_9.D_OUT).
Adding SRST signal on $flatten\seg_adder_vff_in_8.$procdff$2725 ($dff) from module mkQuire (D = $flatten\seg_adder_vff_in_8.$procmux$2583_Y, Q = \seg_adder_vff_in_8.hasodata, rval = 1'0).
Adding EN signal on $auto$ff.cc:266:slice$3169 ($sdff) from module mkQuire (D = $flatten\seg_adder_vff_in_8.$procmux$2583_Y, Q = \seg_adder_vff_in_8.hasodata).
Adding SRST signal on $flatten\seg_adder_vff_in_8.$procdff$2724 ($dff) from module mkQuire (D = $flatten\seg_adder_vff_in_8.$procmux$2592_Y, Q = \seg_adder_vff_in_8.tail, rval = 2'00).
Adding EN signal on $auto$ff.cc:266:slice$3173 ($sdff) from module mkQuire (D = $flatten\seg_adder_vff_in_8.$procmux$2592_Y, Q = \seg_adder_vff_in_8.tail).
Adding SRST signal on $flatten\seg_adder_vff_in_8.$procdff$2723 ($dff) from module mkQuire (D = $flatten\seg_adder_vff_in_8.$procmux$2601_Y, Q = \seg_adder_vff_in_8.head, rval = 2'00).
Adding EN signal on $auto$ff.cc:266:slice$3181 ($sdff) from module mkQuire (D = \seg_adder_vff_in_8.next_head, Q = \seg_adder_vff_in_8.head).
Adding SRST signal on $flatten\seg_adder_vff_in_8.$procdff$2722 ($dff) from module mkQuire (D = $flatten\seg_adder_vff_in_8.$procmux$2610_Y, Q = \seg_adder_vff_in_8.ring_empty, rval = 1'1).
Adding EN signal on $auto$ff.cc:266:slice$3183 ($sdff) from module mkQuire (D = $flatten\seg_adder_vff_in_8.$procmux$2610_Y, Q = \seg_adder_vff_in_8.ring_empty).
Adding SRST signal on $flatten\seg_adder_vff_in_8.$procdff$2721 ($dff) from module mkQuire (D = $flatten\seg_adder_vff_in_8.$procmux$2619_Y, Q = \seg_adder_vff_in_8.not_ring_full, rval = 1'1).
Adding EN signal on $auto$ff.cc:266:slice$3191 ($sdff) from module mkQuire (D = $flatten\seg_adder_vff_in_8.$procmux$2619_Y, Q = \seg_adder_vff_in_8.not_ring_full).
Adding EN signal on $flatten\seg_adder_vff_in_8.$procdff$2720 ($dff) from module mkQuire (D = $flatten\seg_adder_vff_in_8.$0\D_OUT[31:0], Q = \seg_adder_vff_in_8.D_OUT).
Adding SRST signal on $flatten\seg_adder_vff_in_7.$procdff$2725 ($dff) from module mkQuire (D = $flatten\seg_adder_vff_in_7.$procmux$2583_Y, Q = \seg_adder_vff_in_7.hasodata, rval = 1'0).
Adding EN signal on $auto$ff.cc:266:slice$3198 ($sdff) from module mkQuire (D = $flatten\seg_adder_vff_in_7.$procmux$2583_Y, Q = \seg_adder_vff_in_7.hasodata).
Adding SRST signal on $flatten\seg_adder_vff_in_7.$procdff$2724 ($dff) from module mkQuire (D = $flatten\seg_adder_vff_in_7.$procmux$2592_Y, Q = \seg_adder_vff_in_7.tail, rval = 2'00).
Adding EN signal on $auto$ff.cc:266:slice$3202 ($sdff) from module mkQuire (D = $flatten\seg_adder_vff_in_7.$procmux$2592_Y, Q = \seg_adder_vff_in_7.tail).
Adding SRST signal on $flatten\seg_adder_vff_in_7.$procdff$2723 ($dff) from module mkQuire (D = $flatten\seg_adder_vff_in_7.$procmux$2601_Y, Q = \seg_adder_vff_in_7.head, rval = 2'00).
Adding EN signal on $auto$ff.cc:266:slice$3210 ($sdff) from module mkQuire (D = \seg_adder_vff_in_7.next_head, Q = \seg_adder_vff_in_7.head).
Adding SRST signal on $flatten\seg_adder_vff_in_7.$procdff$2722 ($dff) from module mkQuire (D = $flatten\seg_adder_vff_in_7.$procmux$2610_Y, Q = \seg_adder_vff_in_7.ring_empty, rval = 1'1).
Adding EN signal on $auto$ff.cc:266:slice$3212 ($sdff) from module mkQuire (D = $flatten\seg_adder_vff_in_7.$procmux$2610_Y, Q = \seg_adder_vff_in_7.ring_empty).
Adding SRST signal on $flatten\seg_adder_vff_in_7.$procdff$2721 ($dff) from module mkQuire (D = $flatten\seg_adder_vff_in_7.$procmux$2619_Y, Q = \seg_adder_vff_in_7.not_ring_full, rval = 1'1).
Adding EN signal on $auto$ff.cc:266:slice$3220 ($sdff) from module mkQuire (D = $flatten\seg_adder_vff_in_7.$procmux$2619_Y, Q = \seg_adder_vff_in_7.not_ring_full).
Adding EN signal on $flatten\seg_adder_vff_in_7.$procdff$2720 ($dff) from module mkQuire (D = $flatten\seg_adder_vff_in_7.$0\D_OUT[31:0], Q = \seg_adder_vff_in_7.D_OUT).
Adding SRST signal on $flatten\seg_adder_vff_in_6.$procdff$2725 ($dff) from module mkQuire (D = $flatten\seg_adder_vff_in_6.$procmux$2583_Y, Q = \seg_adder_vff_in_6.hasodata, rval = 1'0).
Adding EN signal on $auto$ff.cc:266:slice$3227 ($sdff) from module mkQuire (D = $flatten\seg_adder_vff_in_6.$procmux$2583_Y, Q = \seg_adder_vff_in_6.hasodata).
Adding SRST signal on $flatten\seg_adder_vff_in_6.$procdff$2724 ($dff) from module mkQuire (D = $flatten\seg_adder_vff_in_6.$procmux$2592_Y, Q = \seg_adder_vff_in_6.tail, rval = 2'00).
Adding EN signal on $auto$ff.cc:266:slice$3231 ($sdff) from module mkQuire (D = $flatten\seg_adder_vff_in_6.$procmux$2592_Y, Q = \seg_adder_vff_in_6.tail).
Adding SRST signal on $flatten\seg_adder_vff_in_6.$procdff$2723 ($dff) from module mkQuire (D = $flatten\seg_adder_vff_in_6.$procmux$2601_Y, Q = \seg_adder_vff_in_6.head, rval = 2'00).
Adding EN signal on $auto$ff.cc:266:slice$3239 ($sdff) from module mkQuire (D = \seg_adder_vff_in_6.next_head, Q = \seg_adder_vff_in_6.head).
Adding SRST signal on $flatten\seg_adder_vff_in_6.$procdff$2722 ($dff) from module mkQuire (D = $flatten\seg_adder_vff_in_6.$procmux$2610_Y, Q = \seg_adder_vff_in_6.ring_empty, rval = 1'1).
Adding EN signal on $auto$ff.cc:266:slice$3241 ($sdff) from module mkQuire (D = $flatten\seg_adder_vff_in_6.$procmux$2610_Y, Q = \seg_adder_vff_in_6.ring_empty).
Adding SRST signal on $flatten\seg_adder_vff_in_6.$procdff$2721 ($dff) from module mkQuire (D = $flatten\seg_adder_vff_in_6.$procmux$2619_Y, Q = \seg_adder_vff_in_6.not_ring_full, rval = 1'1).
Adding EN signal on $auto$ff.cc:266:slice$3249 ($sdff) from module mkQuire (D = $flatten\seg_adder_vff_in_6.$procmux$2619_Y, Q = \seg_adder_vff_in_6.not_ring_full).
Adding EN signal on $flatten\seg_adder_vff_in_6.$procdff$2720 ($dff) from module mkQuire (D = $flatten\seg_adder_vff_in_6.$0\D_OUT[31:0], Q = \seg_adder_vff_in_6.D_OUT).
Adding SRST signal on $flatten\seg_adder_vff_in_5.$procdff$2725 ($dff) from module mkQuire (D = $flatten\seg_adder_vff_in_5.$procmux$2583_Y, Q = \seg_adder_vff_in_5.hasodata, rval = 1'0).
Adding EN signal on $auto$ff.cc:266:slice$3256 ($sdff) from module mkQuire (D = $flatten\seg_adder_vff_in_5.$procmux$2583_Y, Q = \seg_adder_vff_in_5.hasodata).
Adding SRST signal on $flatten\seg_adder_vff_in_5.$procdff$2724 ($dff) from module mkQuire (D = $flatten\seg_adder_vff_in_5.$procmux$2592_Y, Q = \seg_adder_vff_in_5.tail, rval = 2'00).
Adding EN signal on $auto$ff.cc:266:slice$3260 ($sdff) from module mkQuire (D = $flatten\seg_adder_vff_in_5.$procmux$2592_Y, Q = \seg_adder_vff_in_5.tail).
Adding SRST signal on $flatten\seg_adder_vff_in_5.$procdff$2723 ($dff) from module mkQuire (D = $flatten\seg_adder_vff_in_5.$procmux$2601_Y, Q = \seg_adder_vff_in_5.head, rval = 2'00).
Adding EN signal on $auto$ff.cc:266:slice$3268 ($sdff) from module mkQuire (D = \seg_adder_vff_in_5.next_head, Q = \seg_adder_vff_in_5.head).
Adding SRST signal on $flatten\seg_adder_vff_in_5.$procdff$2722 ($dff) from module mkQuire (D = $flatten\seg_adder_vff_in_5.$procmux$2610_Y, Q = \seg_adder_vff_in_5.ring_empty, rval = 1'1).
Adding EN signal on $auto$ff.cc:266:slice$3270 ($sdff) from module mkQuire (D = $flatten\seg_adder_vff_in_5.$procmux$2610_Y, Q = \seg_adder_vff_in_5.ring_empty).
Adding SRST signal on $flatten\seg_adder_vff_in_5.$procdff$2721 ($dff) from module mkQuire (D = $flatten\seg_adder_vff_in_5.$procmux$2619_Y, Q = \seg_adder_vff_in_5.not_ring_full, rval = 1'1).
Adding EN signal on $auto$ff.cc:266:slice$3278 ($sdff) from module mkQuire (D = $flatten\seg_adder_vff_in_5.$procmux$2619_Y, Q = \seg_adder_vff_in_5.not_ring_full).
Adding EN signal on $flatten\seg_adder_vff_in_5.$procdff$2720 ($dff) from module mkQuire (D = $flatten\seg_adder_vff_in_5.$0\D_OUT[31:0], Q = \seg_adder_vff_in_5.D_OUT).
Adding SRST signal on $flatten\seg_adder_vff_in_4.$procdff$2725 ($dff) from module mkQuire (D = $flatten\seg_adder_vff_in_4.$procmux$2583_Y, Q = \seg_adder_vff_in_4.hasodata, rval = 1'0).
Adding EN signal on $auto$ff.cc:266:slice$3285 ($sdff) from module mkQuire (D = $flatten\seg_adder_vff_in_4.$procmux$2583_Y, Q = \seg_adder_vff_in_4.hasodata).
Adding SRST signal on $flatten\seg_adder_vff_in_4.$procdff$2724 ($dff) from module mkQuire (D = $flatten\seg_adder_vff_in_4.$procmux$2592_Y, Q = \seg_adder_vff_in_4.tail, rval = 2'00).
Adding EN signal on $auto$ff.cc:266:slice$3289 ($sdff) from module mkQuire (D = $flatten\seg_adder_vff_in_4.$procmux$2592_Y, Q = \seg_adder_vff_in_4.tail).
Adding SRST signal on $flatten\seg_adder_vff_in_4.$procdff$2723 ($dff) from module mkQuire (D = $flatten\seg_adder_vff_in_4.$procmux$2601_Y, Q = \seg_adder_vff_in_4.head, rval = 2'00).
Adding EN signal on $auto$ff.cc:266:slice$3297 ($sdff) from module mkQuire (D = \seg_adder_vff_in_4.next_head, Q = \seg_adder_vff_in_4.head).
Adding SRST signal on $flatten\seg_adder_vff_in_4.$procdff$2722 ($dff) from module mkQuire (D = $flatten\seg_adder_vff_in_4.$procmux$2610_Y, Q = \seg_adder_vff_in_4.ring_empty, rval = 1'1).
Adding EN signal on $auto$ff.cc:266:slice$3299 ($sdff) from module mkQuire (D = $flatten\seg_adder_vff_in_4.$procmux$2610_Y, Q = \seg_adder_vff_in_4.ring_empty).
Adding SRST signal on $flatten\seg_adder_vff_in_4.$procdff$2721 ($dff) from module mkQuire (D = $flatten\seg_adder_vff_in_4.$procmux$2619_Y, Q = \seg_adder_vff_in_4.not_ring_full, rval = 1'1).
Adding EN signal on $auto$ff.cc:266:slice$3307 ($sdff) from module mkQuire (D = $flatten\seg_adder_vff_in_4.$procmux$2619_Y, Q = \seg_adder_vff_in_4.not_ring_full).
Adding EN signal on $flatten\seg_adder_vff_in_4.$procdff$2720 ($dff) from module mkQuire (D = $flatten\seg_adder_vff_in_4.$0\D_OUT[31:0], Q = \seg_adder_vff_in_4.D_OUT).
Adding SRST signal on $flatten\seg_adder_vff_in_3.$procdff$2725 ($dff) from module mkQuire (D = $flatten\seg_adder_vff_in_3.$procmux$2583_Y, Q = \seg_adder_vff_in_3.hasodata, rval = 1'0).
Adding EN signal on $auto$ff.cc:266:slice$3314 ($sdff) from module mkQuire (D = $flatten\seg_adder_vff_in_3.$procmux$2583_Y, Q = \seg_adder_vff_in_3.hasodata).
Adding SRST signal on $flatten\seg_adder_vff_in_3.$procdff$2724 ($dff) from module mkQuire (D = $flatten\seg_adder_vff_in_3.$procmux$2592_Y, Q = \seg_adder_vff_in_3.tail, rval = 2'00).
Adding EN signal on $auto$ff.cc:266:slice$3318 ($sdff) from module mkQuire (D = $flatten\seg_adder_vff_in_3.$procmux$2592_Y, Q = \seg_adder_vff_in_3.tail).
Adding SRST signal on $flatten\seg_adder_vff_in_3.$procdff$2723 ($dff) from module mkQuire (D = $flatten\seg_adder_vff_in_3.$procmux$2601_Y, Q = \seg_adder_vff_in_3.head, rval = 2'00).
Adding EN signal on $auto$ff.cc:266:slice$3326 ($sdff) from module mkQuire (D = \seg_adder_vff_in_3.next_head, Q = \seg_adder_vff_in_3.head).
Adding SRST signal on $flatten\seg_adder_vff_in_3.$procdff$2722 ($dff) from module mkQuire (D = $flatten\seg_adder_vff_in_3.$procmux$2610_Y, Q = \seg_adder_vff_in_3.ring_empty, rval = 1'1).
Adding EN signal on $auto$ff.cc:266:slice$3328 ($sdff) from module mkQuire (D = $flatten\seg_adder_vff_in_3.$procmux$2610_Y, Q = \seg_adder_vff_in_3.ring_empty).
Adding SRST signal on $flatten\seg_adder_vff_in_3.$procdff$2721 ($dff) from module mkQuire (D = $flatten\seg_adder_vff_in_3.$procmux$2619_Y, Q = \seg_adder_vff_in_3.not_ring_full, rval = 1'1).
Adding EN signal on $auto$ff.cc:266:slice$3336 ($sdff) from module mkQuire (D = $flatten\seg_adder_vff_in_3.$procmux$2619_Y, Q = \seg_adder_vff_in_3.not_ring_full).
Adding EN signal on $flatten\seg_adder_vff_in_3.$procdff$2720 ($dff) from module mkQuire (D = $flatten\seg_adder_vff_in_3.$0\D_OUT[31:0], Q = \seg_adder_vff_in_3.D_OUT).
Adding SRST signal on $flatten\seg_adder_vff_in_24.$procdff$2725 ($dff) from module mkQuire (D = $flatten\seg_adder_vff_in_24.$procmux$2583_Y, Q = \seg_adder_vff_in_24.hasodata, rval = 1'0).
Adding EN signal on $auto$ff.cc:266:slice$3343 ($sdff) from module mkQuire (D = $flatten\seg_adder_vff_in_24.$procmux$2583_Y, Q = \seg_adder_vff_in_24.hasodata).
Adding SRST signal on $flatten\seg_adder_vff_in_24.$procdff$2724 ($dff) from module mkQuire (D = $flatten\seg_adder_vff_in_24.$procmux$2592_Y, Q = \seg_adder_vff_in_24.tail, rval = 2'00).
Adding EN signal on $auto$ff.cc:266:slice$3347 ($sdff) from module mkQuire (D = $flatten\seg_adder_vff_in_24.$procmux$2592_Y, Q = \seg_adder_vff_in_24.tail).
Adding SRST signal on $flatten\seg_adder_vff_in_24.$procdff$2723 ($dff) from module mkQuire (D = $flatten\seg_adder_vff_in_24.$procmux$2601_Y, Q = \seg_adder_vff_in_24.head, rval = 2'00).
Adding EN signal on $auto$ff.cc:266:slice$3355 ($sdff) from module mkQuire (D = \seg_adder_vff_in_24.next_head, Q = \seg_adder_vff_in_24.head).
Adding SRST signal on $flatten\seg_adder_vff_in_24.$procdff$2722 ($dff) from module mkQuire (D = $flatten\seg_adder_vff_in_24.$procmux$2610_Y, Q = \seg_adder_vff_in_24.ring_empty, rval = 1'1).
Adding EN signal on $auto$ff.cc:266:slice$3357 ($sdff) from module mkQuire (D = $flatten\seg_adder_vff_in_24.$procmux$2610_Y, Q = \seg_adder_vff_in_24.ring_empty).
Adding SRST signal on $flatten\seg_adder_vff_in_24.$procdff$2721 ($dff) from module mkQuire (D = $flatten\seg_adder_vff_in_24.$procmux$2619_Y, Q = \seg_adder_vff_in_24.not_ring_full, rval = 1'1).
Adding EN signal on $auto$ff.cc:266:slice$3365 ($sdff) from module mkQuire (D = $flatten\seg_adder_vff_in_24.$procmux$2619_Y, Q = \seg_adder_vff_in_24.not_ring_full).
Adding EN signal on $flatten\seg_adder_vff_in_24.$procdff$2720 ($dff) from module mkQuire (D = $flatten\seg_adder_vff_in_24.$0\D_OUT[31:0], Q = \seg_adder_vff_in_24.D_OUT).
Adding SRST signal on $flatten\seg_adder_vff_in_23.$procdff$2725 ($dff) from module mkQuire (D = $flatten\seg_adder_vff_in_23.$procmux$2583_Y, Q = \seg_adder_vff_in_23.hasodata, rval = 1'0).
Adding EN signal on $auto$ff.cc:266:slice$3372 ($sdff) from module mkQuire (D = $flatten\seg_adder_vff_in_23.$procmux$2583_Y, Q = \seg_adder_vff_in_23.hasodata).
Adding SRST signal on $flatten\seg_adder_vff_in_23.$procdff$2724 ($dff) from module mkQuire (D = $flatten\seg_adder_vff_in_23.$procmux$2592_Y, Q = \seg_adder_vff_in_23.tail, rval = 2'00).
Adding EN signal on $auto$ff.cc:266:slice$3376 ($sdff) from module mkQuire (D = $flatten\seg_adder_vff_in_23.$procmux$2592_Y, Q = \seg_adder_vff_in_23.tail).
Adding SRST signal on $flatten\seg_adder_vff_in_23.$procdff$2723 ($dff) from module mkQuire (D = $flatten\seg_adder_vff_in_23.$procmux$2601_Y, Q = \seg_adder_vff_in_23.head, rval = 2'00).
Adding EN signal on $auto$ff.cc:266:slice$3384 ($sdff) from module mkQuire (D = \seg_adder_vff_in_23.next_head, Q = \seg_adder_vff_in_23.head).
Adding SRST signal on $flatten\seg_adder_vff_in_23.$procdff$2722 ($dff) from module mkQuire (D = $flatten\seg_adder_vff_in_23.$procmux$2610_Y, Q = \seg_adder_vff_in_23.ring_empty, rval = 1'1).
Adding EN signal on $auto$ff.cc:266:slice$3386 ($sdff) from module mkQuire (D = $flatten\seg_adder_vff_in_23.$procmux$2610_Y, Q = \seg_adder_vff_in_23.ring_empty).
Adding SRST signal on $flatten\seg_adder_vff_in_23.$procdff$2721 ($dff) from module mkQuire (D = $flatten\seg_adder_vff_in_23.$procmux$2619_Y, Q = \seg_adder_vff_in_23.not_ring_full, rval = 1'1).
Adding EN signal on $auto$ff.cc:266:slice$3394 ($sdff) from module mkQuire (D = $flatten\seg_adder_vff_in_23.$procmux$2619_Y, Q = \seg_adder_vff_in_23.not_ring_full).
Adding EN signal on $flatten\seg_adder_vff_in_23.$procdff$2720 ($dff) from module mkQuire (D = $flatten\seg_adder_vff_in_23.$0\D_OUT[31:0], Q = \seg_adder_vff_in_23.D_OUT).
Adding SRST signal on $flatten\seg_adder_vff_in_22.$procdff$2725 ($dff) from module mkQuire (D = $flatten\seg_adder_vff_in_22.$procmux$2583_Y, Q = \seg_adder_vff_in_22.hasodata, rval = 1'0).
Adding EN signal on $auto$ff.cc:266:slice$3401 ($sdff) from module mkQuire (D = $flatten\seg_adder_vff_in_22.$procmux$2583_Y, Q = \seg_adder_vff_in_22.hasodata).
Adding SRST signal on $flatten\seg_adder_vff_in_22.$procdff$2724 ($dff) from module mkQuire (D = $flatten\seg_adder_vff_in_22.$procmux$2592_Y, Q = \seg_adder_vff_in_22.tail, rval = 2'00).
Adding EN signal on $auto$ff.cc:266:slice$3405 ($sdff) from module mkQuire (D = $flatten\seg_adder_vff_in_22.$procmux$2592_Y, Q = \seg_adder_vff_in_22.tail).
Adding SRST signal on $flatten\seg_adder_vff_in_22.$procdff$2723 ($dff) from module mkQuire (D = $flatten\seg_adder_vff_in_22.$procmux$2601_Y, Q = \seg_adder_vff_in_22.head, rval = 2'00).
Adding EN signal on $auto$ff.cc:266:slice$3413 ($sdff) from module mkQuire (D = \seg_adder_vff_in_22.next_head, Q = \seg_adder_vff_in_22.head).
Adding SRST signal on $flatten\seg_adder_vff_in_22.$procdff$2722 ($dff) from module mkQuire (D = $flatten\seg_adder_vff_in_22.$procmux$2610_Y, Q = \seg_adder_vff_in_22.ring_empty, rval = 1'1).
Adding EN signal on $auto$ff.cc:266:slice$3415 ($sdff) from module mkQuire (D = $flatten\seg_adder_vff_in_22.$procmux$2610_Y, Q = \seg_adder_vff_in_22.ring_empty).
Adding SRST signal on $flatten\seg_adder_vff_in_22.$procdff$2721 ($dff) from module mkQuire (D = $flatten\seg_adder_vff_in_22.$procmux$2619_Y, Q = \seg_adder_vff_in_22.not_ring_full, rval = 1'1).
Adding EN signal on $auto$ff.cc:266:slice$3423 ($sdff) from module mkQuire (D = $flatten\seg_adder_vff_in_22.$procmux$2619_Y, Q = \seg_adder_vff_in_22.not_ring_full).
Adding EN signal on $flatten\seg_adder_vff_in_22.$procdff$2720 ($dff) from module mkQuire (D = $flatten\seg_adder_vff_in_22.$0\D_OUT[31:0], Q = \seg_adder_vff_in_22.D_OUT).
Adding SRST signal on $flatten\seg_adder_vff_in_21.$procdff$2725 ($dff) from module mkQuire (D = $flatten\seg_adder_vff_in_21.$procmux$2583_Y, Q = \seg_adder_vff_in_21.hasodata, rval = 1'0).
Adding EN signal on $auto$ff.cc:266:slice$3430 ($sdff) from module mkQuire (D = $flatten\seg_adder_vff_in_21.$procmux$2583_Y, Q = \seg_adder_vff_in_21.hasodata).
Adding SRST signal on $flatten\seg_adder_vff_in_21.$procdff$2724 ($dff) from module mkQuire (D = $flatten\seg_adder_vff_in_21.$procmux$2592_Y, Q = \seg_adder_vff_in_21.tail, rval = 2'00).
Adding EN signal on $auto$ff.cc:266:slice$3434 ($sdff) from module mkQuire (D = $flatten\seg_adder_vff_in_21.$procmux$2592_Y, Q = \seg_adder_vff_in_21.tail).
Adding SRST signal on $flatten\seg_adder_vff_in_21.$procdff$2723 ($dff) from module mkQuire (D = $flatten\seg_adder_vff_in_21.$procmux$2601_Y, Q = \seg_adder_vff_in_21.head, rval = 2'00).
Adding EN signal on $auto$ff.cc:266:slice$3442 ($sdff) from module mkQuire (D = \seg_adder_vff_in_21.next_head, Q = \seg_adder_vff_in_21.head).
Adding SRST signal on $flatten\seg_adder_vff_in_21.$procdff$2722 ($dff) from module mkQuire (D = $flatten\seg_adder_vff_in_21.$procmux$2610_Y, Q = \seg_adder_vff_in_21.ring_empty, rval = 1'1).
Adding EN signal on $auto$ff.cc:266:slice$3444 ($sdff) from module mkQuire (D = $flatten\seg_adder_vff_in_21.$procmux$2610_Y, Q = \seg_adder_vff_in_21.ring_empty).
Adding SRST signal on $flatten\seg_adder_vff_in_21.$procdff$2721 ($dff) from module mkQuire (D = $flatten\seg_adder_vff_in_21.$procmux$2619_Y, Q = \seg_adder_vff_in_21.not_ring_full, rval = 1'1).
Adding EN signal on $auto$ff.cc:266:slice$3452 ($sdff) from module mkQuire (D = $flatten\seg_adder_vff_in_21.$procmux$2619_Y, Q = \seg_adder_vff_in_21.not_ring_full).
Adding EN signal on $flatten\seg_adder_vff_in_21.$procdff$2720 ($dff) from module mkQuire (D = $flatten\seg_adder_vff_in_21.$0\D_OUT[31:0], Q = \seg_adder_vff_in_21.D_OUT).
Adding SRST signal on $flatten\seg_adder_vff_in_20.$procdff$2725 ($dff) from module mkQuire (D = $flatten\seg_adder_vff_in_20.$procmux$2583_Y, Q = \seg_adder_vff_in_20.hasodata, rval = 1'0).
Adding EN signal on $auto$ff.cc:266:slice$3459 ($sdff) from module mkQuire (D = $flatten\seg_adder_vff_in_20.$procmux$2583_Y, Q = \seg_adder_vff_in_20.hasodata).
Adding SRST signal on $flatten\seg_adder_vff_in_20.$procdff$2724 ($dff) from module mkQuire (D = $flatten\seg_adder_vff_in_20.$procmux$2592_Y, Q = \seg_adder_vff_in_20.tail, rval = 2'00).
Adding EN signal on $auto$ff.cc:266:slice$3463 ($sdff) from module mkQuire (D = $flatten\seg_adder_vff_in_20.$procmux$2592_Y, Q = \seg_adder_vff_in_20.tail).
Adding SRST signal on $flatten\seg_adder_vff_in_20.$procdff$2723 ($dff) from module mkQuire (D = $flatten\seg_adder_vff_in_20.$procmux$2601_Y, Q = \seg_adder_vff_in_20.head, rval = 2'00).
Adding EN signal on $auto$ff.cc:266:slice$3471 ($sdff) from module mkQuire (D = \seg_adder_vff_in_20.next_head, Q = \seg_adder_vff_in_20.head).
Adding SRST signal on $flatten\seg_adder_vff_in_20.$procdff$2722 ($dff) from module mkQuire (D = $flatten\seg_adder_vff_in_20.$procmux$2610_Y, Q = \seg_adder_vff_in_20.ring_empty, rval = 1'1).
Adding EN signal on $auto$ff.cc:266:slice$3473 ($sdff) from module mkQuire (D = $flatten\seg_adder_vff_in_20.$procmux$2610_Y, Q = \seg_adder_vff_in_20.ring_empty).
Adding SRST signal on $flatten\seg_adder_vff_in_20.$procdff$2721 ($dff) from module mkQuire (D = $flatten\seg_adder_vff_in_20.$procmux$2619_Y, Q = \seg_adder_vff_in_20.not_ring_full, rval = 1'1).
Adding EN signal on $auto$ff.cc:266:slice$3481 ($sdff) from module mkQuire (D = $flatten\seg_adder_vff_in_20.$procmux$2619_Y, Q = \seg_adder_vff_in_20.not_ring_full).
Adding EN signal on $flatten\seg_adder_vff_in_20.$procdff$2720 ($dff) from module mkQuire (D = $flatten\seg_adder_vff_in_20.$0\D_OUT[31:0], Q = \seg_adder_vff_in_20.D_OUT).
Adding SRST signal on $flatten\seg_adder_vff_in_2.$procdff$2725 ($dff) from module mkQuire (D = $flatten\seg_adder_vff_in_2.$procmux$2583_Y, Q = \seg_adder_vff_in_2.hasodata, rval = 1'0).
Adding EN signal on $auto$ff.cc:266:slice$3488 ($sdff) from module mkQuire (D = $flatten\seg_adder_vff_in_2.$procmux$2583_Y, Q = \seg_adder_vff_in_2.hasodata).
Adding SRST signal on $flatten\seg_adder_vff_in_2.$procdff$2724 ($dff) from module mkQuire (D = $flatten\seg_adder_vff_in_2.$procmux$2592_Y, Q = \seg_adder_vff_in_2.tail, rval = 2'00).
Adding EN signal on $auto$ff.cc:266:slice$3492 ($sdff) from module mkQuire (D = $flatten\seg_adder_vff_in_2.$procmux$2592_Y, Q = \seg_adder_vff_in_2.tail).
Adding SRST signal on $flatten\seg_adder_vff_in_2.$procdff$2723 ($dff) from module mkQuire (D = $flatten\seg_adder_vff_in_2.$procmux$2601_Y, Q = \seg_adder_vff_in_2.head, rval = 2'00).
Adding EN signal on $auto$ff.cc:266:slice$3500 ($sdff) from module mkQuire (D = \seg_adder_vff_in_2.next_head, Q = \seg_adder_vff_in_2.head).
Adding SRST signal on $flatten\seg_adder_vff_in_2.$procdff$2722 ($dff) from module mkQuire (D = $flatten\seg_adder_vff_in_2.$procmux$2610_Y, Q = \seg_adder_vff_in_2.ring_empty, rval = 1'1).
Adding EN signal on $auto$ff.cc:266:slice$3502 ($sdff) from module mkQuire (D = $flatten\seg_adder_vff_in_2.$procmux$2610_Y, Q = \seg_adder_vff_in_2.ring_empty).
Adding SRST signal on $flatten\seg_adder_vff_in_2.$procdff$2721 ($dff) from module mkQuire (D = $flatten\seg_adder_vff_in_2.$procmux$2619_Y, Q = \seg_adder_vff_in_2.not_ring_full, rval = 1'1).
Adding EN signal on $auto$ff.cc:266:slice$3510 ($sdff) from module mkQuire (D = $flatten\seg_adder_vff_in_2.$procmux$2619_Y, Q = \seg_adder_vff_in_2.not_ring_full).
Adding EN signal on $flatten\seg_adder_vff_in_2.$procdff$2720 ($dff) from module mkQuire (D = $flatten\seg_adder_vff_in_2.$0\D_OUT[31:0], Q = \seg_adder_vff_in_2.D_OUT).
Adding SRST signal on $flatten\seg_adder_vff_in_19.$procdff$2725 ($dff) from module mkQuire (D = $flatten\seg_adder_vff_in_19.$procmux$2583_Y, Q = \seg_adder_vff_in_19.hasodata, rval = 1'0).
Adding EN signal on $auto$ff.cc:266:slice$3517 ($sdff) from module mkQuire (D = $flatten\seg_adder_vff_in_19.$procmux$2583_Y, Q = \seg_adder_vff_in_19.hasodata).
Adding SRST signal on $flatten\seg_adder_vff_in_19.$procdff$2724 ($dff) from module mkQuire (D = $flatten\seg_adder_vff_in_19.$procmux$2592_Y, Q = \seg_adder_vff_in_19.tail, rval = 2'00).
Adding EN signal on $auto$ff.cc:266:slice$3521 ($sdff) from module mkQuire (D = $flatten\seg_adder_vff_in_19.$procmux$2592_Y, Q = \seg_adder_vff_in_19.tail).
Adding SRST signal on $flatten\seg_adder_vff_in_19.$procdff$2723 ($dff) from module mkQuire (D = $flatten\seg_adder_vff_in_19.$procmux$2601_Y, Q = \seg_adder_vff_in_19.head, rval = 2'00).
Adding EN signal on $auto$ff.cc:266:slice$3529 ($sdff) from module mkQuire (D = \seg_adder_vff_in_19.next_head, Q = \seg_adder_vff_in_19.head).
Adding SRST signal on $flatten\seg_adder_vff_in_19.$procdff$2722 ($dff) from module mkQuire (D = $flatten\seg_adder_vff_in_19.$procmux$2610_Y, Q = \seg_adder_vff_in_19.ring_empty, rval = 1'1).
Adding EN signal on $auto$ff.cc:266:slice$3531 ($sdff) from module mkQuire (D = $flatten\seg_adder_vff_in_19.$procmux$2610_Y, Q = \seg_adder_vff_in_19.ring_empty).
Adding SRST signal on $flatten\seg_adder_vff_in_19.$procdff$2721 ($dff) from module mkQuire (D = $flatten\seg_adder_vff_in_19.$procmux$2619_Y, Q = \seg_adder_vff_in_19.not_ring_full, rval = 1'1).
Adding EN signal on $auto$ff.cc:266:slice$3539 ($sdff) from module mkQuire (D = $flatten\seg_adder_vff_in_19.$procmux$2619_Y, Q = \seg_adder_vff_in_19.not_ring_full).
Adding EN signal on $flatten\seg_adder_vff_in_19.$procdff$2720 ($dff) from module mkQuire (D = $flatten\seg_adder_vff_in_19.$0\D_OUT[31:0], Q = \seg_adder_vff_in_19.D_OUT).
Adding SRST signal on $flatten\seg_adder_vff_in_18.$procdff$2725 ($dff) from module mkQuire (D = $flatten\seg_adder_vff_in_18.$procmux$2583_Y, Q = \seg_adder_vff_in_18.hasodata, rval = 1'0).
Adding EN signal on $auto$ff.cc:266:slice$3546 ($sdff) from module mkQuire (D = $flatten\seg_adder_vff_in_18.$procmux$2583_Y, Q = \seg_adder_vff_in_18.hasodata).
Adding SRST signal on $flatten\seg_adder_vff_in_18.$procdff$2724 ($dff) from module mkQuire (D = $flatten\seg_adder_vff_in_18.$procmux$2592_Y, Q = \seg_adder_vff_in_18.tail, rval = 2'00).
Adding EN signal on $auto$ff.cc:266:slice$3550 ($sdff) from module mkQuire (D = $flatten\seg_adder_vff_in_18.$procmux$2592_Y, Q = \seg_adder_vff_in_18.tail).
Adding SRST signal on $flatten\seg_adder_vff_in_18.$procdff$2723 ($dff) from module mkQuire (D = $flatten\seg_adder_vff_in_18.$procmux$2601_Y, Q = \seg_adder_vff_in_18.head, rval = 2'00).
Adding EN signal on $auto$ff.cc:266:slice$3558 ($sdff) from module mkQuire (D = \seg_adder_vff_in_18.next_head, Q = \seg_adder_vff_in_18.head).
Adding SRST signal on $flatten\seg_adder_vff_in_18.$procdff$2722 ($dff) from module mkQuire (D = $flatten\seg_adder_vff_in_18.$procmux$2610_Y, Q = \seg_adder_vff_in_18.ring_empty, rval = 1'1).
Adding EN signal on $auto$ff.cc:266:slice$3560 ($sdff) from module mkQuire (D = $flatten\seg_adder_vff_in_18.$procmux$2610_Y, Q = \seg_adder_vff_in_18.ring_empty).
Adding SRST signal on $flatten\seg_adder_vff_in_18.$procdff$2721 ($dff) from module mkQuire (D = $flatten\seg_adder_vff_in_18.$procmux$2619_Y, Q = \seg_adder_vff_in_18.not_ring_full, rval = 1'1).
Adding EN signal on $auto$ff.cc:266:slice$3568 ($sdff) from module mkQuire (D = $flatten\seg_adder_vff_in_18.$procmux$2619_Y, Q = \seg_adder_vff_in_18.not_ring_full).
Adding EN signal on $flatten\seg_adder_vff_in_18.$procdff$2720 ($dff) from module mkQuire (D = $flatten\seg_adder_vff_in_18.$0\D_OUT[31:0], Q = \seg_adder_vff_in_18.D_OUT).
Adding SRST signal on $flatten\seg_adder_vff_in_17.$procdff$2725 ($dff) from module mkQuire (D = $flatten\seg_adder_vff_in_17.$procmux$2583_Y, Q = \seg_adder_vff_in_17.hasodata, rval = 1'0).
Adding EN signal on $auto$ff.cc:266:slice$3575 ($sdff) from module mkQuire (D = $flatten\seg_adder_vff_in_17.$procmux$2583_Y, Q = \seg_adder_vff_in_17.hasodata).
Adding SRST signal on $flatten\seg_adder_vff_in_17.$procdff$2724 ($dff) from module mkQuire (D = $flatten\seg_adder_vff_in_17.$procmux$2592_Y, Q = \seg_adder_vff_in_17.tail, rval = 2'00).
Adding EN signal on $auto$ff.cc:266:slice$3579 ($sdff) from module mkQuire (D = $flatten\seg_adder_vff_in_17.$procmux$2592_Y, Q = \seg_adder_vff_in_17.tail).
Adding SRST signal on $flatten\seg_adder_vff_in_17.$procdff$2723 ($dff) from module mkQuire (D = $flatten\seg_adder_vff_in_17.$procmux$2601_Y, Q = \seg_adder_vff_in_17.head, rval = 2'00).
Adding EN signal on $auto$ff.cc:266:slice$3587 ($sdff) from module mkQuire (D = \seg_adder_vff_in_17.next_head, Q = \seg_adder_vff_in_17.head).
Adding SRST signal on $flatten\seg_adder_vff_in_17.$procdff$2722 ($dff) from module mkQuire (D = $flatten\seg_adder_vff_in_17.$procmux$2610_Y, Q = \seg_adder_vff_in_17.ring_empty, rval = 1'1).
Adding EN signal on $auto$ff.cc:266:slice$3589 ($sdff) from module mkQuire (D = $flatten\seg_adder_vff_in_17.$procmux$2610_Y, Q = \seg_adder_vff_in_17.ring_empty).
Adding SRST signal on $flatten\seg_adder_vff_in_17.$procdff$2721 ($dff) from module mkQuire (D = $flatten\seg_adder_vff_in_17.$procmux$2619_Y, Q = \seg_adder_vff_in_17.not_ring_full, rval = 1'1).
Adding EN signal on $auto$ff.cc:266:slice$3597 ($sdff) from module mkQuire (D = $flatten\seg_adder_vff_in_17.$procmux$2619_Y, Q = \seg_adder_vff_in_17.not_ring_full).
Adding EN signal on $flatten\seg_adder_vff_in_17.$procdff$2720 ($dff) from module mkQuire (D = $flatten\seg_adder_vff_in_17.$0\D_OUT[31:0], Q = \seg_adder_vff_in_17.D_OUT).
Adding SRST signal on $flatten\seg_adder_vff_in_16.$procdff$2725 ($dff) from module mkQuire (D = $flatten\seg_adder_vff_in_16.$procmux$2583_Y, Q = \seg_adder_vff_in_16.hasodata, rval = 1'0).
Adding EN signal on $auto$ff.cc:266:slice$3604 ($sdff) from module mkQuire (D = $flatten\seg_adder_vff_in_16.$procmux$2583_Y, Q = \seg_adder_vff_in_16.hasodata).
Adding SRST signal on $flatten\seg_adder_vff_in_16.$procdff$2724 ($dff) from module mkQuire (D = $flatten\seg_adder_vff_in_16.$procmux$2592_Y, Q = \seg_adder_vff_in_16.tail, rval = 2'00).
Adding EN signal on $auto$ff.cc:266:slice$3608 ($sdff) from module mkQuire (D = $flatten\seg_adder_vff_in_16.$procmux$2592_Y, Q = \seg_adder_vff_in_16.tail).
Adding SRST signal on $flatten\seg_adder_vff_in_16.$procdff$2723 ($dff) from module mkQuire (D = $flatten\seg_adder_vff_in_16.$procmux$2601_Y, Q = \seg_adder_vff_in_16.head, rval = 2'00).
Adding EN signal on $auto$ff.cc:266:slice$3616 ($sdff) from module mkQuire (D = \seg_adder_vff_in_16.next_head, Q = \seg_adder_vff_in_16.head).
Adding SRST signal on $flatten\seg_adder_vff_in_16.$procdff$2722 ($dff) from module mkQuire (D = $flatten\seg_adder_vff_in_16.$procmux$2610_Y, Q = \seg_adder_vff_in_16.ring_empty, rval = 1'1).
Adding EN signal on $auto$ff.cc:266:slice$3618 ($sdff) from module mkQuire (D = $flatten\seg_adder_vff_in_16.$procmux$2610_Y, Q = \seg_adder_vff_in_16.ring_empty).
Adding SRST signal on $flatten\seg_adder_vff_in_16.$procdff$2721 ($dff) from module mkQuire (D = $flatten\seg_adder_vff_in_16.$procmux$2619_Y, Q = \seg_adder_vff_in_16.not_ring_full, rval = 1'1).
Adding EN signal on $auto$ff.cc:266:slice$3626 ($sdff) from module mkQuire (D = $flatten\seg_adder_vff_in_16.$procmux$2619_Y, Q = \seg_adder_vff_in_16.not_ring_full).
Adding EN signal on $flatten\seg_adder_vff_in_16.$procdff$2720 ($dff) from module mkQuire (D = $flatten\seg_adder_vff_in_16.$0\D_OUT[31:0], Q = \seg_adder_vff_in_16.D_OUT).
Adding SRST signal on $flatten\seg_adder_vff_in_15.$procdff$2725 ($dff) from module mkQuire (D = $flatten\seg_adder_vff_in_15.$procmux$2583_Y, Q = \seg_adder_vff_in_15.hasodata, rval = 1'0).
Adding EN signal on $auto$ff.cc:266:slice$3633 ($sdff) from module mkQuire (D = $flatten\seg_adder_vff_in_15.$procmux$2583_Y, Q = \seg_adder_vff_in_15.hasodata).
Adding SRST signal on $flatten\seg_adder_vff_in_15.$procdff$2724 ($dff) from module mkQuire (D = $flatten\seg_adder_vff_in_15.$procmux$2592_Y, Q = \seg_adder_vff_in_15.tail, rval = 2'00).
Adding EN signal on $auto$ff.cc:266:slice$3637 ($sdff) from module mkQuire (D = $flatten\seg_adder_vff_in_15.$procmux$2592_Y, Q = \seg_adder_vff_in_15.tail).
Adding SRST signal on $flatten\seg_adder_vff_in_15.$procdff$2723 ($dff) from module mkQuire (D = $flatten\seg_adder_vff_in_15.$procmux$2601_Y, Q = \seg_adder_vff_in_15.head, rval = 2'00).
Adding EN signal on $auto$ff.cc:266:slice$3645 ($sdff) from module mkQuire (D = \seg_adder_vff_in_15.next_head, Q = \seg_adder_vff_in_15.head).
Adding SRST signal on $flatten\seg_adder_vff_in_15.$procdff$2722 ($dff) from module mkQuire (D = $flatten\seg_adder_vff_in_15.$procmux$2610_Y, Q = \seg_adder_vff_in_15.ring_empty, rval = 1'1).
Adding EN signal on $auto$ff.cc:266:slice$3647 ($sdff) from module mkQuire (D = $flatten\seg_adder_vff_in_15.$procmux$2610_Y, Q = \seg_adder_vff_in_15.ring_empty).
Adding SRST signal on $flatten\seg_adder_vff_in_15.$procdff$2721 ($dff) from module mkQuire (D = $flatten\seg_adder_vff_in_15.$procmux$2619_Y, Q = \seg_adder_vff_in_15.not_ring_full, rval = 1'1).
Adding EN signal on $auto$ff.cc:266:slice$3655 ($sdff) from module mkQuire (D = $flatten\seg_adder_vff_in_15.$procmux$2619_Y, Q = \seg_adder_vff_in_15.not_ring_full).
Adding EN signal on $flatten\seg_adder_vff_in_15.$procdff$2720 ($dff) from module mkQuire (D = $flatten\seg_adder_vff_in_15.$0\D_OUT[31:0], Q = \seg_adder_vff_in_15.D_OUT).
Adding SRST signal on $flatten\seg_adder_vff_in_14.$procdff$2725 ($dff) from module mkQuire (D = $flatten\seg_adder_vff_in_14.$procmux$2583_Y, Q = \seg_adder_vff_in_14.hasodata, rval = 1'0).
Adding EN signal on $auto$ff.cc:266:slice$3662 ($sdff) from module mkQuire (D = $flatten\seg_adder_vff_in_14.$procmux$2583_Y, Q = \seg_adder_vff_in_14.hasodata).
Adding SRST signal on $flatten\seg_adder_vff_in_14.$procdff$2724 ($dff) from module mkQuire (D = $flatten\seg_adder_vff_in_14.$procmux$2592_Y, Q = \seg_adder_vff_in_14.tail, rval = 2'00).
Adding EN signal on $auto$ff.cc:266:slice$3666 ($sdff) from module mkQuire (D = $flatten\seg_adder_vff_in_14.$procmux$2592_Y, Q = \seg_adder_vff_in_14.tail).
Adding SRST signal on $flatten\seg_adder_vff_in_14.$procdff$2723 ($dff) from module mkQuire (D = $flatten\seg_adder_vff_in_14.$procmux$2601_Y, Q = \seg_adder_vff_in_14.head, rval = 2'00).
Adding EN signal on $auto$ff.cc:266:slice$3674 ($sdff) from module mkQuire (D = \seg_adder_vff_in_14.next_head, Q = \seg_adder_vff_in_14.head).
Adding SRST signal on $flatten\seg_adder_vff_in_14.$procdff$2722 ($dff) from module mkQuire (D = $flatten\seg_adder_vff_in_14.$procmux$2610_Y, Q = \seg_adder_vff_in_14.ring_empty, rval = 1'1).
Adding EN signal on $auto$ff.cc:266:slice$3676 ($sdff) from module mkQuire (D = $flatten\seg_adder_vff_in_14.$procmux$2610_Y, Q = \seg_adder_vff_in_14.ring_empty).
Adding SRST signal on $flatten\seg_adder_vff_in_14.$procdff$2721 ($dff) from module mkQuire (D = $flatten\seg_adder_vff_in_14.$procmux$2619_Y, Q = \seg_adder_vff_in_14.not_ring_full, rval = 1'1).
Adding EN signal on $auto$ff.cc:266:slice$3684 ($sdff) from module mkQuire (D = $flatten\seg_adder_vff_in_14.$procmux$2619_Y, Q = \seg_adder_vff_in_14.not_ring_full).
Adding EN signal on $flatten\seg_adder_vff_in_14.$procdff$2720 ($dff) from module mkQuire (D = $flatten\seg_adder_vff_in_14.$0\D_OUT[31:0], Q = \seg_adder_vff_in_14.D_OUT).
Adding SRST signal on $flatten\seg_adder_vff_in_13.$procdff$2725 ($dff) from module mkQuire (D = $flatten\seg_adder_vff_in_13.$procmux$2583_Y, Q = \seg_adder_vff_in_13.hasodata, rval = 1'0).
Adding EN signal on $auto$ff.cc:266:slice$3691 ($sdff) from module mkQuire (D = $flatten\seg_adder_vff_in_13.$procmux$2583_Y, Q = \seg_adder_vff_in_13.hasodata).
Adding SRST signal on $flatten\seg_adder_vff_in_13.$procdff$2724 ($dff) from module mkQuire (D = $flatten\seg_adder_vff_in_13.$procmux$2592_Y, Q = \seg_adder_vff_in_13.tail, rval = 2'00).
Adding EN signal on $auto$ff.cc:266:slice$3695 ($sdff) from module mkQuire (D = $flatten\seg_adder_vff_in_13.$procmux$2592_Y, Q = \seg_adder_vff_in_13.tail).
Adding SRST signal on $flatten\seg_adder_vff_in_13.$procdff$2723 ($dff) from module mkQuire (D = $flatten\seg_adder_vff_in_13.$procmux$2601_Y, Q = \seg_adder_vff_in_13.head, rval = 2'00).
Adding EN signal on $auto$ff.cc:266:slice$3703 ($sdff) from module mkQuire (D = \seg_adder_vff_in_13.next_head, Q = \seg_adder_vff_in_13.head).
Adding SRST signal on $flatten\seg_adder_vff_in_13.$procdff$2722 ($dff) from module mkQuire (D = $flatten\seg_adder_vff_in_13.$procmux$2610_Y, Q = \seg_adder_vff_in_13.ring_empty, rval = 1'1).
Adding EN signal on $auto$ff.cc:266:slice$3705 ($sdff) from module mkQuire (D = $flatten\seg_adder_vff_in_13.$procmux$2610_Y, Q = \seg_adder_vff_in_13.ring_empty).
Adding SRST signal on $flatten\seg_adder_vff_in_13.$procdff$2721 ($dff) from module mkQuire (D = $flatten\seg_adder_vff_in_13.$procmux$2619_Y, Q = \seg_adder_vff_in_13.not_ring_full, rval = 1'1).
Adding EN signal on $auto$ff.cc:266:slice$3713 ($sdff) from module mkQuire (D = $flatten\seg_adder_vff_in_13.$procmux$2619_Y, Q = \seg_adder_vff_in_13.not_ring_full).
Adding EN signal on $flatten\seg_adder_vff_in_13.$procdff$2720 ($dff) from module mkQuire (D = $flatten\seg_adder_vff_in_13.$0\D_OUT[31:0], Q = \seg_adder_vff_in_13.D_OUT).
Adding SRST signal on $flatten\seg_adder_vff_in_12.$procdff$2725 ($dff) from module mkQuire (D = $flatten\seg_adder_vff_in_12.$procmux$2583_Y, Q = \seg_adder_vff_in_12.hasodata, rval = 1'0).
Adding EN signal on $auto$ff.cc:266:slice$3720 ($sdff) from module mkQuire (D = $flatten\seg_adder_vff_in_12.$procmux$2583_Y, Q = \seg_adder_vff_in_12.hasodata).
Adding SRST signal on $flatten\seg_adder_vff_in_12.$procdff$2724 ($dff) from module mkQuire (D = $flatten\seg_adder_vff_in_12.$procmux$2592_Y, Q = \seg_adder_vff_in_12.tail, rval = 2'00).
Adding EN signal on $auto$ff.cc:266:slice$3724 ($sdff) from module mkQuire (D = $flatten\seg_adder_vff_in_12.$procmux$2592_Y, Q = \seg_adder_vff_in_12.tail).
Adding SRST signal on $flatten\seg_adder_vff_in_12.$procdff$2723 ($dff) from module mkQuire (D = $flatten\seg_adder_vff_in_12.$procmux$2601_Y, Q = \seg_adder_vff_in_12.head, rval = 2'00).
Adding EN signal on $auto$ff.cc:266:slice$3732 ($sdff) from module mkQuire (D = \seg_adder_vff_in_12.next_head, Q = \seg_adder_vff_in_12.head).
Adding SRST signal on $flatten\seg_adder_vff_in_12.$procdff$2722 ($dff) from module mkQuire (D = $flatten\seg_adder_vff_in_12.$procmux$2610_Y, Q = \seg_adder_vff_in_12.ring_empty, rval = 1'1).
Adding EN signal on $auto$ff.cc:266:slice$3734 ($sdff) from module mkQuire (D = $flatten\seg_adder_vff_in_12.$procmux$2610_Y, Q = \seg_adder_vff_in_12.ring_empty).
Adding SRST signal on $flatten\seg_adder_vff_in_12.$procdff$2721 ($dff) from module mkQuire (D = $flatten\seg_adder_vff_in_12.$procmux$2619_Y, Q = \seg_adder_vff_in_12.not_ring_full, rval = 1'1).
Adding EN signal on $auto$ff.cc:266:slice$3742 ($sdff) from module mkQuire (D = $flatten\seg_adder_vff_in_12.$procmux$2619_Y, Q = \seg_adder_vff_in_12.not_ring_full).
Adding EN signal on $flatten\seg_adder_vff_in_12.$procdff$2720 ($dff) from module mkQuire (D = $flatten\seg_adder_vff_in_12.$0\D_OUT[31:0], Q = \seg_adder_vff_in_12.D_OUT).
Adding SRST signal on $flatten\seg_adder_vff_in_11.$procdff$2725 ($dff) from module mkQuire (D = $flatten\seg_adder_vff_in_11.$procmux$2583_Y, Q = \seg_adder_vff_in_11.hasodata, rval = 1'0).
Adding EN signal on $auto$ff.cc:266:slice$3749 ($sdff) from module mkQuire (D = $flatten\seg_adder_vff_in_11.$procmux$2583_Y, Q = \seg_adder_vff_in_11.hasodata).
Adding SRST signal on $flatten\seg_adder_vff_in_11.$procdff$2724 ($dff) from module mkQuire (D = $flatten\seg_adder_vff_in_11.$procmux$2592_Y, Q = \seg_adder_vff_in_11.tail, rval = 2'00).
Adding EN signal on $auto$ff.cc:266:slice$3753 ($sdff) from module mkQuire (D = $flatten\seg_adder_vff_in_11.$procmux$2592_Y, Q = \seg_adder_vff_in_11.tail).
Adding SRST signal on $flatten\seg_adder_vff_in_11.$procdff$2723 ($dff) from module mkQuire (D = $flatten\seg_adder_vff_in_11.$procmux$2601_Y, Q = \seg_adder_vff_in_11.head, rval = 2'00).
Adding EN signal on $auto$ff.cc:266:slice$3761 ($sdff) from module mkQuire (D = \seg_adder_vff_in_11.next_head, Q = \seg_adder_vff_in_11.head).
Adding SRST signal on $flatten\seg_adder_vff_in_11.$procdff$2722 ($dff) from module mkQuire (D = $flatten\seg_adder_vff_in_11.$procmux$2610_Y, Q = \seg_adder_vff_in_11.ring_empty, rval = 1'1).
Adding EN signal on $auto$ff.cc:266:slice$3763 ($sdff) from module mkQuire (D = $flatten\seg_adder_vff_in_11.$procmux$2610_Y, Q = \seg_adder_vff_in_11.ring_empty).
Adding SRST signal on $flatten\seg_adder_vff_in_11.$procdff$2721 ($dff) from module mkQuire (D = $flatten\seg_adder_vff_in_11.$procmux$2619_Y, Q = \seg_adder_vff_in_11.not_ring_full, rval = 1'1).
Adding EN signal on $auto$ff.cc:266:slice$3771 ($sdff) from module mkQuire (D = $flatten\seg_adder_vff_in_11.$procmux$2619_Y, Q = \seg_adder_vff_in_11.not_ring_full).
Adding EN signal on $flatten\seg_adder_vff_in_11.$procdff$2720 ($dff) from module mkQuire (D = $flatten\seg_adder_vff_in_11.$0\D_OUT[31:0], Q = \seg_adder_vff_in_11.D_OUT).
Adding SRST signal on $flatten\seg_adder_vff_in_10.$procdff$2725 ($dff) from module mkQuire (D = $flatten\seg_adder_vff_in_10.$procmux$2583_Y, Q = \seg_adder_vff_in_10.hasodata, rval = 1'0).
Adding EN signal on $auto$ff.cc:266:slice$3778 ($sdff) from module mkQuire (D = $flatten\seg_adder_vff_in_10.$procmux$2583_Y, Q = \seg_adder_vff_in_10.hasodata).
Adding SRST signal on $flatten\seg_adder_vff_in_10.$procdff$2724 ($dff) from module mkQuire (D = $flatten\seg_adder_vff_in_10.$procmux$2592_Y, Q = \seg_adder_vff_in_10.tail, rval = 2'00).
Adding EN signal on $auto$ff.cc:266:slice$3782 ($sdff) from module mkQuire (D = $flatten\seg_adder_vff_in_10.$procmux$2592_Y, Q = \seg_adder_vff_in_10.tail).
Adding SRST signal on $flatten\seg_adder_vff_in_10.$procdff$2723 ($dff) from module mkQuire (D = $flatten\seg_adder_vff_in_10.$procmux$2601_Y, Q = \seg_adder_vff_in_10.head, rval = 2'00).
Adding EN signal on $auto$ff.cc:266:slice$3790 ($sdff) from module mkQuire (D = \seg_adder_vff_in_10.next_head, Q = \seg_adder_vff_in_10.head).
Adding SRST signal on $flatten\seg_adder_vff_in_10.$procdff$2722 ($dff) from module mkQuire (D = $flatten\seg_adder_vff_in_10.$procmux$2610_Y, Q = \seg_adder_vff_in_10.ring_empty, rval = 1'1).
Adding EN signal on $auto$ff.cc:266:slice$3792 ($sdff) from module mkQuire (D = $flatten\seg_adder_vff_in_10.$procmux$2610_Y, Q = \seg_adder_vff_in_10.ring_empty).
Adding SRST signal on $flatten\seg_adder_vff_in_10.$procdff$2721 ($dff) from module mkQuire (D = $flatten\seg_adder_vff_in_10.$procmux$2619_Y, Q = \seg_adder_vff_in_10.not_ring_full, rval = 1'1).
Adding EN signal on $auto$ff.cc:266:slice$3800 ($sdff) from module mkQuire (D = $flatten\seg_adder_vff_in_10.$procmux$2619_Y, Q = \seg_adder_vff_in_10.not_ring_full).
Adding EN signal on $flatten\seg_adder_vff_in_10.$procdff$2720 ($dff) from module mkQuire (D = $flatten\seg_adder_vff_in_10.$0\D_OUT[31:0], Q = \seg_adder_vff_in_10.D_OUT).
Adding SRST signal on $flatten\seg_adder_vff_in_1.$procdff$2725 ($dff) from module mkQuire (D = $flatten\seg_adder_vff_in_1.$procmux$2583_Y, Q = \seg_adder_vff_in_1.hasodata, rval = 1'0).
Adding EN signal on $auto$ff.cc:266:slice$3807 ($sdff) from module mkQuire (D = $flatten\seg_adder_vff_in_1.$procmux$2583_Y, Q = \seg_adder_vff_in_1.hasodata).
Adding SRST signal on $flatten\seg_adder_vff_in_1.$procdff$2724 ($dff) from module mkQuire (D = $flatten\seg_adder_vff_in_1.$procmux$2592_Y, Q = \seg_adder_vff_in_1.tail, rval = 2'00).
Adding EN signal on $auto$ff.cc:266:slice$3811 ($sdff) from module mkQuire (D = $flatten\seg_adder_vff_in_1.$procmux$2592_Y, Q = \seg_adder_vff_in_1.tail).
Adding SRST signal on $flatten\seg_adder_vff_in_1.$procdff$2723 ($dff) from module mkQuire (D = $flatten\seg_adder_vff_in_1.$procmux$2601_Y, Q = \seg_adder_vff_in_1.head, rval = 2'00).
Adding EN signal on $auto$ff.cc:266:slice$3819 ($sdff) from module mkQuire (D = \seg_adder_vff_in_1.next_head, Q = \seg_adder_vff_in_1.head).
Adding SRST signal on $flatten\seg_adder_vff_in_1.$procdff$2722 ($dff) from module mkQuire (D = $flatten\seg_adder_vff_in_1.$procmux$2610_Y, Q = \seg_adder_vff_in_1.ring_empty, rval = 1'1).
Adding EN signal on $auto$ff.cc:266:slice$3821 ($sdff) from module mkQuire (D = $flatten\seg_adder_vff_in_1.$procmux$2610_Y, Q = \seg_adder_vff_in_1.ring_empty).
Adding SRST signal on $flatten\seg_adder_vff_in_1.$procdff$2721 ($dff) from module mkQuire (D = $flatten\seg_adder_vff_in_1.$procmux$2619_Y, Q = \seg_adder_vff_in_1.not_ring_full, rval = 1'1).
Adding EN signal on $auto$ff.cc:266:slice$3829 ($sdff) from module mkQuire (D = $flatten\seg_adder_vff_in_1.$procmux$2619_Y, Q = \seg_adder_vff_in_1.not_ring_full).
Adding EN signal on $flatten\seg_adder_vff_in_1.$procdff$2720 ($dff) from module mkQuire (D = $flatten\seg_adder_vff_in_1.$0\D_OUT[31:0], Q = \seg_adder_vff_in_1.D_OUT).
Adding SRST signal on $flatten\seg_adder_vff_in_0.$procdff$2725 ($dff) from module mkQuire (D = $flatten\seg_adder_vff_in_0.$procmux$2583_Y, Q = \seg_adder_vff_in_0.hasodata, rval = 1'0).
Adding EN signal on $auto$ff.cc:266:slice$3836 ($sdff) from module mkQuire (D = $flatten\seg_adder_vff_in_0.$procmux$2583_Y, Q = \seg_adder_vff_in_0.hasodata).
Adding SRST signal on $flatten\seg_adder_vff_in_0.$procdff$2724 ($dff) from module mkQuire (D = $flatten\seg_adder_vff_in_0.$procmux$2592_Y, Q = \seg_adder_vff_in_0.tail, rval = 2'00).
Adding EN signal on $auto$ff.cc:266:slice$3840 ($sdff) from module mkQuire (D = $flatten\seg_adder_vff_in_0.$procmux$2592_Y, Q = \seg_adder_vff_in_0.tail).
Adding SRST signal on $flatten\seg_adder_vff_in_0.$procdff$2723 ($dff) from module mkQuire (D = $flatten\seg_adder_vff_in_0.$procmux$2601_Y, Q = \seg_adder_vff_in_0.head, rval = 2'00).
Adding EN signal on $auto$ff.cc:266:slice$3848 ($sdff) from module mkQuire (D = \seg_adder_vff_in_0.next_head, Q = \seg_adder_vff_in_0.head).
Adding SRST signal on $flatten\seg_adder_vff_in_0.$procdff$2722 ($dff) from module mkQuire (D = $flatten\seg_adder_vff_in_0.$procmux$2610_Y, Q = \seg_adder_vff_in_0.ring_empty, rval = 1'1).
Adding EN signal on $auto$ff.cc:266:slice$3850 ($sdff) from module mkQuire (D = $flatten\seg_adder_vff_in_0.$procmux$2610_Y, Q = \seg_adder_vff_in_0.ring_empty).
Adding SRST signal on $flatten\seg_adder_vff_in_0.$procdff$2721 ($dff) from module mkQuire (D = $flatten\seg_adder_vff_in_0.$procmux$2619_Y, Q = \seg_adder_vff_in_0.not_ring_full, rval = 1'1).
Adding EN signal on $auto$ff.cc:266:slice$3858 ($sdff) from module mkQuire (D = $flatten\seg_adder_vff_in_0.$procmux$2619_Y, Q = \seg_adder_vff_in_0.not_ring_full).
Adding EN signal on $flatten\seg_adder_vff_in_0.$procdff$2720 ($dff) from module mkQuire (D = $flatten\seg_adder_vff_in_0.$0\D_OUT[31:0], Q = \seg_adder_vff_in_0.D_OUT).
Adding SRST signal on $flatten\seg_adder_vff_carry_9.$procdff$2716 ($dff) from module mkQuire (D = $flatten\seg_adder_vff_carry_9.$procmux$2525_Y, Q = \seg_adder_vff_carry_9.hasodata, rval = 1'0).
Adding EN signal on $auto$ff.cc:266:slice$3865 ($sdff) from module mkQuire (D = $flatten\seg_adder_vff_carry_9.$procmux$2525_Y, Q = \seg_adder_vff_carry_9.hasodata).
Adding SRST signal on $flatten\seg_adder_vff_carry_9.$procdff$2715 ($dff) from module mkQuire (D = $flatten\seg_adder_vff_carry_9.$procmux$2534_Y, Q = \seg_adder_vff_carry_9.tail, rval = 2'00).
Adding EN signal on $auto$ff.cc:266:slice$3869 ($sdff) from module mkQuire (D = $flatten\seg_adder_vff_carry_9.$procmux$2534_Y, Q = \seg_adder_vff_carry_9.tail).
Adding SRST signal on $flatten\seg_adder_vff_carry_9.$procdff$2714 ($dff) from module mkQuire (D = $flatten\seg_adder_vff_carry_9.$procmux$2543_Y, Q = \seg_adder_vff_carry_9.head, rval = 2'00).
Adding EN signal on $auto$ff.cc:266:slice$3877 ($sdff) from module mkQuire (D = \seg_adder_vff_carry_9.next_head, Q = \seg_adder_vff_carry_9.head).
Adding SRST signal on $flatten\seg_adder_vff_carry_9.$procdff$2713 ($dff) from module mkQuire (D = $flatten\seg_adder_vff_carry_9.$procmux$2552_Y, Q = \seg_adder_vff_carry_9.ring_empty, rval = 1'1).
Adding EN signal on $auto$ff.cc:266:slice$3879 ($sdff) from module mkQuire (D = $flatten\seg_adder_vff_carry_9.$procmux$2552_Y, Q = \seg_adder_vff_carry_9.ring_empty).
Adding SRST signal on $flatten\seg_adder_vff_carry_9.$procdff$2712 ($dff) from module mkQuire (D = $flatten\seg_adder_vff_carry_9.$procmux$2561_Y, Q = \seg_adder_vff_carry_9.not_ring_full, rval = 1'1).
Adding EN signal on $auto$ff.cc:266:slice$3887 ($sdff) from module mkQuire (D = $flatten\seg_adder_vff_carry_9.$procmux$2561_Y, Q = \seg_adder_vff_carry_9.not_ring_full).
Adding EN signal on $flatten\seg_adder_vff_carry_9.$procdff$2711 ($dff) from module mkQuire (D = $flatten\seg_adder_vff_carry_9.$0\D_OUT[0:0], Q = \seg_adder_vff_carry_9.D_OUT).
Adding SRST signal on $flatten\seg_adder_vff_carry_8.$procdff$2716 ($dff) from module mkQuire (D = $flatten\seg_adder_vff_carry_8.$procmux$2525_Y, Q = \seg_adder_vff_carry_8.hasodata, rval = 1'0).
Adding EN signal on $auto$ff.cc:266:slice$3894 ($sdff) from module mkQuire (D = $flatten\seg_adder_vff_carry_8.$procmux$2525_Y, Q = \seg_adder_vff_carry_8.hasodata).
Adding SRST signal on $flatten\seg_adder_vff_carry_8.$procdff$2715 ($dff) from module mkQuire (D = $flatten\seg_adder_vff_carry_8.$procmux$2534_Y, Q = \seg_adder_vff_carry_8.tail, rval = 2'00).
Adding EN signal on $auto$ff.cc:266:slice$3898 ($sdff) from module mkQuire (D = $flatten\seg_adder_vff_carry_8.$procmux$2534_Y, Q = \seg_adder_vff_carry_8.tail).
Adding SRST signal on $flatten\seg_adder_vff_carry_8.$procdff$2714 ($dff) from module mkQuire (D = $flatten\seg_adder_vff_carry_8.$procmux$2543_Y, Q = \seg_adder_vff_carry_8.head, rval = 2'00).
Adding EN signal on $auto$ff.cc:266:slice$3906 ($sdff) from module mkQuire (D = \seg_adder_vff_carry_8.next_head, Q = \seg_adder_vff_carry_8.head).
Adding SRST signal on $flatten\seg_adder_vff_carry_8.$procdff$2713 ($dff) from module mkQuire (D = $flatten\seg_adder_vff_carry_8.$procmux$2552_Y, Q = \seg_adder_vff_carry_8.ring_empty, rval = 1'1).
Adding EN signal on $auto$ff.cc:266:slice$3908 ($sdff) from module mkQuire (D = $flatten\seg_adder_vff_carry_8.$procmux$2552_Y, Q = \seg_adder_vff_carry_8.ring_empty).
Adding SRST signal on $flatten\seg_adder_vff_carry_8.$procdff$2712 ($dff) from module mkQuire (D = $flatten\seg_adder_vff_carry_8.$procmux$2561_Y, Q = \seg_adder_vff_carry_8.not_ring_full, rval = 1'1).
Adding EN signal on $auto$ff.cc:266:slice$3916 ($sdff) from module mkQuire (D = $flatten\seg_adder_vff_carry_8.$procmux$2561_Y, Q = \seg_adder_vff_carry_8.not_ring_full).
Adding EN signal on $flatten\seg_adder_vff_carry_8.$procdff$2711 ($dff) from module mkQuire (D = $flatten\seg_adder_vff_carry_8.$0\D_OUT[0:0], Q = \seg_adder_vff_carry_8.D_OUT).
Adding SRST signal on $flatten\seg_adder_vff_carry_7.$procdff$2716 ($dff) from module mkQuire (D = $flatten\seg_adder_vff_carry_7.$procmux$2525_Y, Q = \seg_adder_vff_carry_7.hasodata, rval = 1'0).
Adding EN signal on $auto$ff.cc:266:slice$3923 ($sdff) from module mkQuire (D = $flatten\seg_adder_vff_carry_7.$procmux$2525_Y, Q = \seg_adder_vff_carry_7.hasodata).
Adding SRST signal on $flatten\seg_adder_vff_carry_7.$procdff$2715 ($dff) from module mkQuire (D = $flatten\seg_adder_vff_carry_7.$procmux$2534_Y, Q = \seg_adder_vff_carry_7.tail, rval = 2'00).
Adding EN signal on $auto$ff.cc:266:slice$3927 ($sdff) from module mkQuire (D = $flatten\seg_adder_vff_carry_7.$procmux$2534_Y, Q = \seg_adder_vff_carry_7.tail).
Adding SRST signal on $flatten\seg_adder_vff_carry_7.$procdff$2714 ($dff) from module mkQuire (D = $flatten\seg_adder_vff_carry_7.$procmux$2543_Y, Q = \seg_adder_vff_carry_7.head, rval = 2'00).
Adding EN signal on $auto$ff.cc:266:slice$3935 ($sdff) from module mkQuire (D = \seg_adder_vff_carry_7.next_head, Q = \seg_adder_vff_carry_7.head).
Adding SRST signal on $flatten\seg_adder_vff_carry_7.$procdff$2713 ($dff) from module mkQuire (D = $flatten\seg_adder_vff_carry_7.$procmux$2552_Y, Q = \seg_adder_vff_carry_7.ring_empty, rval = 1'1).
Adding EN signal on $auto$ff.cc:266:slice$3937 ($sdff) from module mkQuire (D = $flatten\seg_adder_vff_carry_7.$procmux$2552_Y, Q = \seg_adder_vff_carry_7.ring_empty).
Adding SRST signal on $flatten\seg_adder_vff_carry_7.$procdff$2712 ($dff) from module mkQuire (D = $flatten\seg_adder_vff_carry_7.$procmux$2561_Y, Q = \seg_adder_vff_carry_7.not_ring_full, rval = 1'1).
Adding EN signal on $auto$ff.cc:266:slice$3945 ($sdff) from module mkQuire (D = $flatten\seg_adder_vff_carry_7.$procmux$2561_Y, Q = \seg_adder_vff_carry_7.not_ring_full).
Adding EN signal on $flatten\seg_adder_vff_carry_7.$procdff$2711 ($dff) from module mkQuire (D = $flatten\seg_adder_vff_carry_7.$0\D_OUT[0:0], Q = \seg_adder_vff_carry_7.D_OUT).
Adding SRST signal on $flatten\seg_adder_vff_carry_6.$procdff$2716 ($dff) from module mkQuire (D = $flatten\seg_adder_vff_carry_6.$procmux$2525_Y, Q = \seg_adder_vff_carry_6.hasodata, rval = 1'0).
Adding EN signal on $auto$ff.cc:266:slice$3952 ($sdff) from module mkQuire (D = $flatten\seg_adder_vff_carry_6.$procmux$2525_Y, Q = \seg_adder_vff_carry_6.hasodata).
Adding SRST signal on $flatten\seg_adder_vff_carry_6.$procdff$2715 ($dff) from module mkQuire (D = $flatten\seg_adder_vff_carry_6.$procmux$2534_Y, Q = \seg_adder_vff_carry_6.tail, rval = 2'00).
Adding EN signal on $auto$ff.cc:266:slice$3956 ($sdff) from module mkQuire (D = $flatten\seg_adder_vff_carry_6.$procmux$2534_Y, Q = \seg_adder_vff_carry_6.tail).
Adding SRST signal on $flatten\seg_adder_vff_carry_6.$procdff$2714 ($dff) from module mkQuire (D = $flatten\seg_adder_vff_carry_6.$procmux$2543_Y, Q = \seg_adder_vff_carry_6.head, rval = 2'00).
Adding EN signal on $auto$ff.cc:266:slice$3964 ($sdff) from module mkQuire (D = \seg_adder_vff_carry_6.next_head, Q = \seg_adder_vff_carry_6.head).
Adding SRST signal on $flatten\seg_adder_vff_carry_6.$procdff$2713 ($dff) from module mkQuire (D = $flatten\seg_adder_vff_carry_6.$procmux$2552_Y, Q = \seg_adder_vff_carry_6.ring_empty, rval = 1'1).
Adding EN signal on $auto$ff.cc:266:slice$3966 ($sdff) from module mkQuire (D = $flatten\seg_adder_vff_carry_6.$procmux$2552_Y, Q = \seg_adder_vff_carry_6.ring_empty).
Adding SRST signal on $flatten\seg_adder_vff_carry_6.$procdff$2712 ($dff) from module mkQuire (D = $flatten\seg_adder_vff_carry_6.$procmux$2561_Y, Q = \seg_adder_vff_carry_6.not_ring_full, rval = 1'1).
Adding EN signal on $auto$ff.cc:266:slice$3974 ($sdff) from module mkQuire (D = $flatten\seg_adder_vff_carry_6.$procmux$2561_Y, Q = \seg_adder_vff_carry_6.not_ring_full).
Adding EN signal on $flatten\seg_adder_vff_carry_6.$procdff$2711 ($dff) from module mkQuire (D = $flatten\seg_adder_vff_carry_6.$0\D_OUT[0:0], Q = \seg_adder_vff_carry_6.D_OUT).
Adding SRST signal on $flatten\seg_adder_vff_carry_5.$procdff$2716 ($dff) from module mkQuire (D = $flatten\seg_adder_vff_carry_5.$procmux$2525_Y, Q = \seg_adder_vff_carry_5.hasodata, rval = 1'0).
Adding EN signal on $auto$ff.cc:266:slice$3981 ($sdff) from module mkQuire (D = $flatten\seg_adder_vff_carry_5.$procmux$2525_Y, Q = \seg_adder_vff_carry_5.hasodata).
Adding SRST signal on $flatten\seg_adder_vff_carry_5.$procdff$2715 ($dff) from module mkQuire (D = $flatten\seg_adder_vff_carry_5.$procmux$2534_Y, Q = \seg_adder_vff_carry_5.tail, rval = 2'00).
Adding EN signal on $auto$ff.cc:266:slice$3985 ($sdff) from module mkQuire (D = $flatten\seg_adder_vff_carry_5.$procmux$2534_Y, Q = \seg_adder_vff_carry_5.tail).
Adding SRST signal on $flatten\seg_adder_vff_carry_5.$procdff$2714 ($dff) from module mkQuire (D = $flatten\seg_adder_vff_carry_5.$procmux$2543_Y, Q = \seg_adder_vff_carry_5.head, rval = 2'00).
Adding EN signal on $auto$ff.cc:266:slice$3993 ($sdff) from module mkQuire (D = \seg_adder_vff_carry_5.next_head, Q = \seg_adder_vff_carry_5.head).
Adding SRST signal on $flatten\seg_adder_vff_carry_5.$procdff$2713 ($dff) from module mkQuire (D = $flatten\seg_adder_vff_carry_5.$procmux$2552_Y, Q = \seg_adder_vff_carry_5.ring_empty, rval = 1'1).
Adding EN signal on $auto$ff.cc:266:slice$3995 ($sdff) from module mkQuire (D = $flatten\seg_adder_vff_carry_5.$procmux$2552_Y, Q = \seg_adder_vff_carry_5.ring_empty).
Adding SRST signal on $flatten\seg_adder_vff_carry_5.$procdff$2712 ($dff) from module mkQuire (D = $flatten\seg_adder_vff_carry_5.$procmux$2561_Y, Q = \seg_adder_vff_carry_5.not_ring_full, rval = 1'1).
Adding EN signal on $auto$ff.cc:266:slice$4003 ($sdff) from module mkQuire (D = $flatten\seg_adder_vff_carry_5.$procmux$2561_Y, Q = \seg_adder_vff_carry_5.not_ring_full).
Adding EN signal on $flatten\seg_adder_vff_carry_5.$procdff$2711 ($dff) from module mkQuire (D = $flatten\seg_adder_vff_carry_5.$0\D_OUT[0:0], Q = \seg_adder_vff_carry_5.D_OUT).
Adding SRST signal on $flatten\seg_adder_vff_carry_4.$procdff$2716 ($dff) from module mkQuire (D = $flatten\seg_adder_vff_carry_4.$procmux$2525_Y, Q = \seg_adder_vff_carry_4.hasodata, rval = 1'0).
Adding EN signal on $auto$ff.cc:266:slice$4010 ($sdff) from module mkQuire (D = $flatten\seg_adder_vff_carry_4.$procmux$2525_Y, Q = \seg_adder_vff_carry_4.hasodata).
Adding SRST signal on $flatten\seg_adder_vff_carry_4.$procdff$2715 ($dff) from module mkQuire (D = $flatten\seg_adder_vff_carry_4.$procmux$2534_Y, Q = \seg_adder_vff_carry_4.tail, rval = 2'00).
Adding EN signal on $auto$ff.cc:266:slice$4014 ($sdff) from module mkQuire (D = $flatten\seg_adder_vff_carry_4.$procmux$2534_Y, Q = \seg_adder_vff_carry_4.tail).
Adding SRST signal on $flatten\seg_adder_vff_carry_4.$procdff$2714 ($dff) from module mkQuire (D = $flatten\seg_adder_vff_carry_4.$procmux$2543_Y, Q = \seg_adder_vff_carry_4.head, rval = 2'00).
Adding EN signal on $auto$ff.cc:266:slice$4022 ($sdff) from module mkQuire (D = \seg_adder_vff_carry_4.next_head, Q = \seg_adder_vff_carry_4.head).
Adding SRST signal on $flatten\seg_adder_vff_carry_4.$procdff$2713 ($dff) from module mkQuire (D = $flatten\seg_adder_vff_carry_4.$procmux$2552_Y, Q = \seg_adder_vff_carry_4.ring_empty, rval = 1'1).
Adding EN signal on $auto$ff.cc:266:slice$4024 ($sdff) from module mkQuire (D = $flatten\seg_adder_vff_carry_4.$procmux$2552_Y, Q = \seg_adder_vff_carry_4.ring_empty).
Adding SRST signal on $flatten\seg_adder_vff_carry_4.$procdff$2712 ($dff) from module mkQuire (D = $flatten\seg_adder_vff_carry_4.$procmux$2561_Y, Q = \seg_adder_vff_carry_4.not_ring_full, rval = 1'1).
Adding EN signal on $auto$ff.cc:266:slice$4032 ($sdff) from module mkQuire (D = $flatten\seg_adder_vff_carry_4.$procmux$2561_Y, Q = \seg_adder_vff_carry_4.not_ring_full).
Adding EN signal on $flatten\seg_adder_vff_carry_4.$procdff$2711 ($dff) from module mkQuire (D = $flatten\seg_adder_vff_carry_4.$0\D_OUT[0:0], Q = \seg_adder_vff_carry_4.D_OUT).
Adding SRST signal on $flatten\seg_adder_vff_carry_3.$procdff$2716 ($dff) from module mkQuire (D = $flatten\seg_adder_vff_carry_3.$procmux$2525_Y, Q = \seg_adder_vff_carry_3.hasodata, rval = 1'0).
Adding EN signal on $auto$ff.cc:266:slice$4039 ($sdff) from module mkQuire (D = $flatten\seg_adder_vff_carry_3.$procmux$2525_Y, Q = \seg_adder_vff_carry_3.hasodata).
Adding SRST signal on $flatten\seg_adder_vff_carry_3.$procdff$2715 ($dff) from module mkQuire (D = $flatten\seg_adder_vff_carry_3.$procmux$2534_Y, Q = \seg_adder_vff_carry_3.tail, rval = 2'00).
Adding EN signal on $auto$ff.cc:266:slice$4043 ($sdff) from module mkQuire (D = $flatten\seg_adder_vff_carry_3.$procmux$2534_Y, Q = \seg_adder_vff_carry_3.tail).
Adding SRST signal on $flatten\seg_adder_vff_carry_3.$procdff$2714 ($dff) from module mkQuire (D = $flatten\seg_adder_vff_carry_3.$procmux$2543_Y, Q = \seg_adder_vff_carry_3.head, rval = 2'00).
Adding EN signal on $auto$ff.cc:266:slice$4051 ($sdff) from module mkQuire (D = \seg_adder_vff_carry_3.next_head, Q = \seg_adder_vff_carry_3.head).
Adding SRST signal on $flatten\seg_adder_vff_carry_3.$procdff$2713 ($dff) from module mkQuire (D = $flatten\seg_adder_vff_carry_3.$procmux$2552_Y, Q = \seg_adder_vff_carry_3.ring_empty, rval = 1'1).
Adding EN signal on $auto$ff.cc:266:slice$4053 ($sdff) from module mkQuire (D = $flatten\seg_adder_vff_carry_3.$procmux$2552_Y, Q = \seg_adder_vff_carry_3.ring_empty).
Adding SRST signal on $flatten\seg_adder_vff_carry_3.$procdff$2712 ($dff) from module mkQuire (D = $flatten\seg_adder_vff_carry_3.$procmux$2561_Y, Q = \seg_adder_vff_carry_3.not_ring_full, rval = 1'1).
Adding EN signal on $auto$ff.cc:266:slice$4061 ($sdff) from module mkQuire (D = $flatten\seg_adder_vff_carry_3.$procmux$2561_Y, Q = \seg_adder_vff_carry_3.not_ring_full).
Adding EN signal on $flatten\seg_adder_vff_carry_3.$procdff$2711 ($dff) from module mkQuire (D = $flatten\seg_adder_vff_carry_3.$0\D_OUT[0:0], Q = \seg_adder_vff_carry_3.D_OUT).
Adding SRST signal on $flatten\seg_adder_vff_carry_23.$procdff$2716 ($dff) from module mkQuire (D = $flatten\seg_adder_vff_carry_23.$procmux$2525_Y, Q = \seg_adder_vff_carry_23.hasodata, rval = 1'0).
Adding EN signal on $auto$ff.cc:266:slice$4068 ($sdff) from module mkQuire (D = $flatten\seg_adder_vff_carry_23.$procmux$2525_Y, Q = \seg_adder_vff_carry_23.hasodata).
Adding SRST signal on $flatten\seg_adder_vff_carry_23.$procdff$2715 ($dff) from module mkQuire (D = $flatten\seg_adder_vff_carry_23.$procmux$2534_Y, Q = \seg_adder_vff_carry_23.tail, rval = 2'00).
Adding EN signal on $auto$ff.cc:266:slice$4072 ($sdff) from module mkQuire (D = $flatten\seg_adder_vff_carry_23.$procmux$2534_Y, Q = \seg_adder_vff_carry_23.tail).
Adding SRST signal on $flatten\seg_adder_vff_carry_23.$procdff$2714 ($dff) from module mkQuire (D = $flatten\seg_adder_vff_carry_23.$procmux$2543_Y, Q = \seg_adder_vff_carry_23.head, rval = 2'00).
Adding EN signal on $auto$ff.cc:266:slice$4080 ($sdff) from module mkQuire (D = \seg_adder_vff_carry_23.next_head, Q = \seg_adder_vff_carry_23.head).
Adding SRST signal on $flatten\seg_adder_vff_carry_23.$procdff$2713 ($dff) from module mkQuire (D = $flatten\seg_adder_vff_carry_23.$procmux$2552_Y, Q = \seg_adder_vff_carry_23.ring_empty, rval = 1'1).
Adding EN signal on $auto$ff.cc:266:slice$4082 ($sdff) from module mkQuire (D = $flatten\seg_adder_vff_carry_23.$procmux$2552_Y, Q = \seg_adder_vff_carry_23.ring_empty).
Adding SRST signal on $flatten\seg_adder_vff_carry_23.$procdff$2712 ($dff) from module mkQuire (D = $flatten\seg_adder_vff_carry_23.$procmux$2561_Y, Q = \seg_adder_vff_carry_23.not_ring_full, rval = 1'1).
Adding EN signal on $auto$ff.cc:266:slice$4090 ($sdff) from module mkQuire (D = $flatten\seg_adder_vff_carry_23.$procmux$2561_Y, Q = \seg_adder_vff_carry_23.not_ring_full).
Adding EN signal on $flatten\seg_adder_vff_carry_23.$procdff$2711 ($dff) from module mkQuire (D = $flatten\seg_adder_vff_carry_23.$0\D_OUT[0:0], Q = \seg_adder_vff_carry_23.D_OUT).
Adding SRST signal on $flatten\seg_adder_vff_carry_22.$procdff$2716 ($dff) from module mkQuire (D = $flatten\seg_adder_vff_carry_22.$procmux$2525_Y, Q = \seg_adder_vff_carry_22.hasodata, rval = 1'0).
Adding EN signal on $auto$ff.cc:266:slice$4097 ($sdff) from module mkQuire (D = $flatten\seg_adder_vff_carry_22.$procmux$2525_Y, Q = \seg_adder_vff_carry_22.hasodata).
Adding SRST signal on $flatten\seg_adder_vff_carry_22.$procdff$2715 ($dff) from module mkQuire (D = $flatten\seg_adder_vff_carry_22.$procmux$2534_Y, Q = \seg_adder_vff_carry_22.tail, rval = 2'00).
Adding EN signal on $auto$ff.cc:266:slice$4101 ($sdff) from module mkQuire (D = $flatten\seg_adder_vff_carry_22.$procmux$2534_Y, Q = \seg_adder_vff_carry_22.tail).
Adding SRST signal on $flatten\seg_adder_vff_carry_22.$procdff$2714 ($dff) from module mkQuire (D = $flatten\seg_adder_vff_carry_22.$procmux$2543_Y, Q = \seg_adder_vff_carry_22.head, rval = 2'00).
Adding EN signal on $auto$ff.cc:266:slice$4109 ($sdff) from module mkQuire (D = \seg_adder_vff_carry_22.next_head, Q = \seg_adder_vff_carry_22.head).
Adding SRST signal on $flatten\seg_adder_vff_carry_22.$procdff$2713 ($dff) from module mkQuire (D = $flatten\seg_adder_vff_carry_22.$procmux$2552_Y, Q = \seg_adder_vff_carry_22.ring_empty, rval = 1'1).
Adding EN signal on $auto$ff.cc:266:slice$4111 ($sdff) from module mkQuire (D = $flatten\seg_adder_vff_carry_22.$procmux$2552_Y, Q = \seg_adder_vff_carry_22.ring_empty).
Adding SRST signal on $flatten\seg_adder_vff_carry_22.$procdff$2712 ($dff) from module mkQuire (D = $flatten\seg_adder_vff_carry_22.$procmux$2561_Y, Q = \seg_adder_vff_carry_22.not_ring_full, rval = 1'1).
Adding EN signal on $auto$ff.cc:266:slice$4119 ($sdff) from module mkQuire (D = $flatten\seg_adder_vff_carry_22.$procmux$2561_Y, Q = \seg_adder_vff_carry_22.not_ring_full).
Adding EN signal on $flatten\seg_adder_vff_carry_22.$procdff$2711 ($dff) from module mkQuire (D = $flatten\seg_adder_vff_carry_22.$0\D_OUT[0:0], Q = \seg_adder_vff_carry_22.D_OUT).
Adding SRST signal on $flatten\seg_adder_vff_carry_21.$procdff$2716 ($dff) from module mkQuire (D = $flatten\seg_adder_vff_carry_21.$procmux$2525_Y, Q = \seg_adder_vff_carry_21.hasodata, rval = 1'0).
Adding EN signal on $auto$ff.cc:266:slice$4126 ($sdff) from module mkQuire (D = $flatten\seg_adder_vff_carry_21.$procmux$2525_Y, Q = \seg_adder_vff_carry_21.hasodata).
Adding SRST signal on $flatten\seg_adder_vff_carry_21.$procdff$2715 ($dff) from module mkQuire (D = $flatten\seg_adder_vff_carry_21.$procmux$2534_Y, Q = \seg_adder_vff_carry_21.tail, rval = 2'00).
Adding EN signal on $auto$ff.cc:266:slice$4130 ($sdff) from module mkQuire (D = $flatten\seg_adder_vff_carry_21.$procmux$2534_Y, Q = \seg_adder_vff_carry_21.tail).
Adding SRST signal on $flatten\seg_adder_vff_carry_21.$procdff$2714 ($dff) from module mkQuire (D = $flatten\seg_adder_vff_carry_21.$procmux$2543_Y, Q = \seg_adder_vff_carry_21.head, rval = 2'00).
Adding EN signal on $auto$ff.cc:266:slice$4138 ($sdff) from module mkQuire (D = \seg_adder_vff_carry_21.next_head, Q = \seg_adder_vff_carry_21.head).
Adding SRST signal on $flatten\seg_adder_vff_carry_21.$procdff$2713 ($dff) from module mkQuire (D = $flatten\seg_adder_vff_carry_21.$procmux$2552_Y, Q = \seg_adder_vff_carry_21.ring_empty, rval = 1'1).
Adding EN signal on $auto$ff.cc:266:slice$4140 ($sdff) from module mkQuire (D = $flatten\seg_adder_vff_carry_21.$procmux$2552_Y, Q = \seg_adder_vff_carry_21.ring_empty).
Adding SRST signal on $flatten\seg_adder_vff_carry_21.$procdff$2712 ($dff) from module mkQuire (D = $flatten\seg_adder_vff_carry_21.$procmux$2561_Y, Q = \seg_adder_vff_carry_21.not_ring_full, rval = 1'1).
Adding EN signal on $auto$ff.cc:266:slice$4148 ($sdff) from module mkQuire (D = $flatten\seg_adder_vff_carry_21.$procmux$2561_Y, Q = \seg_adder_vff_carry_21.not_ring_full).
Adding EN signal on $flatten\seg_adder_vff_carry_21.$procdff$2711 ($dff) from module mkQuire (D = $flatten\seg_adder_vff_carry_21.$0\D_OUT[0:0], Q = \seg_adder_vff_carry_21.D_OUT).
Adding SRST signal on $flatten\seg_adder_vff_carry_20.$procdff$2716 ($dff) from module mkQuire (D = $flatten\seg_adder_vff_carry_20.$procmux$2525_Y, Q = \seg_adder_vff_carry_20.hasodata, rval = 1'0).
Adding EN signal on $auto$ff.cc:266:slice$4155 ($sdff) from module mkQuire (D = $flatten\seg_adder_vff_carry_20.$procmux$2525_Y, Q = \seg_adder_vff_carry_20.hasodata).
Adding SRST signal on $flatten\seg_adder_vff_carry_20.$procdff$2715 ($dff) from module mkQuire (D = $flatten\seg_adder_vff_carry_20.$procmux$2534_Y, Q = \seg_adder_vff_carry_20.tail, rval = 2'00).
Adding EN signal on $auto$ff.cc:266:slice$4159 ($sdff) from module mkQuire (D = $flatten\seg_adder_vff_carry_20.$procmux$2534_Y, Q = \seg_adder_vff_carry_20.tail).
Adding SRST signal on $flatten\seg_adder_vff_carry_20.$procdff$2714 ($dff) from module mkQuire (D = $flatten\seg_adder_vff_carry_20.$procmux$2543_Y, Q = \seg_adder_vff_carry_20.head, rval = 2'00).
Adding EN signal on $auto$ff.cc:266:slice$4167 ($sdff) from module mkQuire (D = \seg_adder_vff_carry_20.next_head, Q = \seg_adder_vff_carry_20.head).
Adding SRST signal on $flatten\seg_adder_vff_carry_20.$procdff$2713 ($dff) from module mkQuire (D = $flatten\seg_adder_vff_carry_20.$procmux$2552_Y, Q = \seg_adder_vff_carry_20.ring_empty, rval = 1'1).
Adding EN signal on $auto$ff.cc:266:slice$4169 ($sdff) from module mkQuire (D = $flatten\seg_adder_vff_carry_20.$procmux$2552_Y, Q = \seg_adder_vff_carry_20.ring_empty).
Adding SRST signal on $flatten\seg_adder_vff_carry_20.$procdff$2712 ($dff) from module mkQuire (D = $flatten\seg_adder_vff_carry_20.$procmux$2561_Y, Q = \seg_adder_vff_carry_20.not_ring_full, rval = 1'1).
Adding EN signal on $auto$ff.cc:266:slice$4177 ($sdff) from module mkQuire (D = $flatten\seg_adder_vff_carry_20.$procmux$2561_Y, Q = \seg_adder_vff_carry_20.not_ring_full).
Adding EN signal on $flatten\seg_adder_vff_carry_20.$procdff$2711 ($dff) from module mkQuire (D = $flatten\seg_adder_vff_carry_20.$0\D_OUT[0:0], Q = \seg_adder_vff_carry_20.D_OUT).
Adding SRST signal on $flatten\seg_adder_vff_carry_2.$procdff$2716 ($dff) from module mkQuire (D = $flatten\seg_adder_vff_carry_2.$procmux$2525_Y, Q = \seg_adder_vff_carry_2.hasodata, rval = 1'0).
Adding EN signal on $auto$ff.cc:266:slice$4184 ($sdff) from module mkQuire (D = $flatten\seg_adder_vff_carry_2.$procmux$2525_Y, Q = \seg_adder_vff_carry_2.hasodata).
Adding SRST signal on $flatten\seg_adder_vff_carry_2.$procdff$2715 ($dff) from module mkQuire (D = $flatten\seg_adder_vff_carry_2.$procmux$2534_Y, Q = \seg_adder_vff_carry_2.tail, rval = 2'00).
Adding EN signal on $auto$ff.cc:266:slice$4188 ($sdff) from module mkQuire (D = $flatten\seg_adder_vff_carry_2.$procmux$2534_Y, Q = \seg_adder_vff_carry_2.tail).
Adding SRST signal on $flatten\seg_adder_vff_carry_2.$procdff$2714 ($dff) from module mkQuire (D = $flatten\seg_adder_vff_carry_2.$procmux$2543_Y, Q = \seg_adder_vff_carry_2.head, rval = 2'00).
Adding EN signal on $auto$ff.cc:266:slice$4196 ($sdff) from module mkQuire (D = \seg_adder_vff_carry_2.next_head, Q = \seg_adder_vff_carry_2.head).
Adding SRST signal on $flatten\seg_adder_vff_carry_2.$procdff$2713 ($dff) from module mkQuire (D = $flatten\seg_adder_vff_carry_2.$procmux$2552_Y, Q = \seg_adder_vff_carry_2.ring_empty, rval = 1'1).
Adding EN signal on $auto$ff.cc:266:slice$4198 ($sdff) from module mkQuire (D = $flatten\seg_adder_vff_carry_2.$procmux$2552_Y, Q = \seg_adder_vff_carry_2.ring_empty).
Adding SRST signal on $flatten\seg_adder_vff_carry_2.$procdff$2712 ($dff) from module mkQuire (D = $flatten\seg_adder_vff_carry_2.$procmux$2561_Y, Q = \seg_adder_vff_carry_2.not_ring_full, rval = 1'1).
Adding EN signal on $auto$ff.cc:266:slice$4206 ($sdff) from module mkQuire (D = $flatten\seg_adder_vff_carry_2.$procmux$2561_Y, Q = \seg_adder_vff_carry_2.not_ring_full).
Adding EN signal on $flatten\seg_adder_vff_carry_2.$procdff$2711 ($dff) from module mkQuire (D = $flatten\seg_adder_vff_carry_2.$0\D_OUT[0:0], Q = \seg_adder_vff_carry_2.D_OUT).
Adding SRST signal on $flatten\seg_adder_vff_carry_19.$procdff$2716 ($dff) from module mkQuire (D = $flatten\seg_adder_vff_carry_19.$procmux$2525_Y, Q = \seg_adder_vff_carry_19.hasodata, rval = 1'0).
Adding EN signal on $auto$ff.cc:266:slice$4213 ($sdff) from module mkQuire (D = $flatten\seg_adder_vff_carry_19.$procmux$2525_Y, Q = \seg_adder_vff_carry_19.hasodata).
Adding SRST signal on $flatten\seg_adder_vff_carry_19.$procdff$2715 ($dff) from module mkQuire (D = $flatten\seg_adder_vff_carry_19.$procmux$2534_Y, Q = \seg_adder_vff_carry_19.tail, rval = 2'00).
Adding EN signal on $auto$ff.cc:266:slice$4217 ($sdff) from module mkQuire (D = $flatten\seg_adder_vff_carry_19.$procmux$2534_Y, Q = \seg_adder_vff_carry_19.tail).
Adding SRST signal on $flatten\seg_adder_vff_carry_19.$procdff$2714 ($dff) from module mkQuire (D = $flatten\seg_adder_vff_carry_19.$procmux$2543_Y, Q = \seg_adder_vff_carry_19.head, rval = 2'00).
Adding EN signal on $auto$ff.cc:266:slice$4225 ($sdff) from module mkQuire (D = \seg_adder_vff_carry_19.next_head, Q = \seg_adder_vff_carry_19.head).
Adding SRST signal on $flatten\seg_adder_vff_carry_19.$procdff$2713 ($dff) from module mkQuire (D = $flatten\seg_adder_vff_carry_19.$procmux$2552_Y, Q = \seg_adder_vff_carry_19.ring_empty, rval = 1'1).
Adding EN signal on $auto$ff.cc:266:slice$4227 ($sdff) from module mkQuire (D = $flatten\seg_adder_vff_carry_19.$procmux$2552_Y, Q = \seg_adder_vff_carry_19.ring_empty).
Adding SRST signal on $flatten\seg_adder_vff_carry_19.$procdff$2712 ($dff) from module mkQuire (D = $flatten\seg_adder_vff_carry_19.$procmux$2561_Y, Q = \seg_adder_vff_carry_19.not_ring_full, rval = 1'1).
Adding EN signal on $auto$ff.cc:266:slice$4235 ($sdff) from module mkQuire (D = $flatten\seg_adder_vff_carry_19.$procmux$2561_Y, Q = \seg_adder_vff_carry_19.not_ring_full).
Adding EN signal on $flatten\seg_adder_vff_carry_19.$procdff$2711 ($dff) from module mkQuire (D = $flatten\seg_adder_vff_carry_19.$0\D_OUT[0:0], Q = \seg_adder_vff_carry_19.D_OUT).
Adding SRST signal on $flatten\seg_adder_vff_carry_18.$procdff$2716 ($dff) from module mkQuire (D = $flatten\seg_adder_vff_carry_18.$procmux$2525_Y, Q = \seg_adder_vff_carry_18.hasodata, rval = 1'0).
Adding EN signal on $auto$ff.cc:266:slice$4242 ($sdff) from module mkQuire (D = $flatten\seg_adder_vff_carry_18.$procmux$2525_Y, Q = \seg_adder_vff_carry_18.hasodata).
Adding SRST signal on $flatten\seg_adder_vff_carry_18.$procdff$2715 ($dff) from module mkQuire (D = $flatten\seg_adder_vff_carry_18.$procmux$2534_Y, Q = \seg_adder_vff_carry_18.tail, rval = 2'00).
Adding EN signal on $auto$ff.cc:266:slice$4246 ($sdff) from module mkQuire (D = $flatten\seg_adder_vff_carry_18.$procmux$2534_Y, Q = \seg_adder_vff_carry_18.tail).
Adding SRST signal on $flatten\seg_adder_vff_carry_18.$procdff$2714 ($dff) from module mkQuire (D = $flatten\seg_adder_vff_carry_18.$procmux$2543_Y, Q = \seg_adder_vff_carry_18.head, rval = 2'00).
Adding EN signal on $auto$ff.cc:266:slice$4254 ($sdff) from module mkQuire (D = \seg_adder_vff_carry_18.next_head, Q = \seg_adder_vff_carry_18.head).
Adding SRST signal on $flatten\seg_adder_vff_carry_18.$procdff$2713 ($dff) from module mkQuire (D = $flatten\seg_adder_vff_carry_18.$procmux$2552_Y, Q = \seg_adder_vff_carry_18.ring_empty, rval = 1'1).
Adding EN signal on $auto$ff.cc:266:slice$4256 ($sdff) from module mkQuire (D = $flatten\seg_adder_vff_carry_18.$procmux$2552_Y, Q = \seg_adder_vff_carry_18.ring_empty).
Adding SRST signal on $flatten\seg_adder_vff_carry_18.$procdff$2712 ($dff) from module mkQuire (D = $flatten\seg_adder_vff_carry_18.$procmux$2561_Y, Q = \seg_adder_vff_carry_18.not_ring_full, rval = 1'1).
Adding EN signal on $auto$ff.cc:266:slice$4264 ($sdff) from module mkQuire (D = $flatten\seg_adder_vff_carry_18.$procmux$2561_Y, Q = \seg_adder_vff_carry_18.not_ring_full).
Adding EN signal on $flatten\seg_adder_vff_carry_18.$procdff$2711 ($dff) from module mkQuire (D = $flatten\seg_adder_vff_carry_18.$0\D_OUT[0:0], Q = \seg_adder_vff_carry_18.D_OUT).
Adding SRST signal on $flatten\seg_adder_vff_carry_17.$procdff$2716 ($dff) from module mkQuire (D = $flatten\seg_adder_vff_carry_17.$procmux$2525_Y, Q = \seg_adder_vff_carry_17.hasodata, rval = 1'0).
Adding EN signal on $auto$ff.cc:266:slice$4271 ($sdff) from module mkQuire (D = $flatten\seg_adder_vff_carry_17.$procmux$2525_Y, Q = \seg_adder_vff_carry_17.hasodata).
Adding SRST signal on $flatten\seg_adder_vff_carry_17.$procdff$2715 ($dff) from module mkQuire (D = $flatten\seg_adder_vff_carry_17.$procmux$2534_Y, Q = \seg_adder_vff_carry_17.tail, rval = 2'00).
Adding EN signal on $auto$ff.cc:266:slice$4275 ($sdff) from module mkQuire (D = $flatten\seg_adder_vff_carry_17.$procmux$2534_Y, Q = \seg_adder_vff_carry_17.tail).
Adding SRST signal on $flatten\seg_adder_vff_carry_17.$procdff$2714 ($dff) from module mkQuire (D = $flatten\seg_adder_vff_carry_17.$procmux$2543_Y, Q = \seg_adder_vff_carry_17.head, rval = 2'00).
Adding EN signal on $auto$ff.cc:266:slice$4283 ($sdff) from module mkQuire (D = \seg_adder_vff_carry_17.next_head, Q = \seg_adder_vff_carry_17.head).
Adding SRST signal on $flatten\seg_adder_vff_carry_17.$procdff$2713 ($dff) from module mkQuire (D = $flatten\seg_adder_vff_carry_17.$procmux$2552_Y, Q = \seg_adder_vff_carry_17.ring_empty, rval = 1'1).
Adding EN signal on $auto$ff.cc:266:slice$4285 ($sdff) from module mkQuire (D = $flatten\seg_adder_vff_carry_17.$procmux$2552_Y, Q = \seg_adder_vff_carry_17.ring_empty).
Adding SRST signal on $flatten\seg_adder_vff_carry_17.$procdff$2712 ($dff) from module mkQuire (D = $flatten\seg_adder_vff_carry_17.$procmux$2561_Y, Q = \seg_adder_vff_carry_17.not_ring_full, rval = 1'1).
Adding EN signal on $auto$ff.cc:266:slice$4293 ($sdff) from module mkQuire (D = $flatten\seg_adder_vff_carry_17.$procmux$2561_Y, Q = \seg_adder_vff_carry_17.not_ring_full).
Adding EN signal on $flatten\seg_adder_vff_carry_17.$procdff$2711 ($dff) from module mkQuire (D = $flatten\seg_adder_vff_carry_17.$0\D_OUT[0:0], Q = \seg_adder_vff_carry_17.D_OUT).
Adding SRST signal on $flatten\seg_adder_vff_carry_16.$procdff$2716 ($dff) from module mkQuire (D = $flatten\seg_adder_vff_carry_16.$procmux$2525_Y, Q = \seg_adder_vff_carry_16.hasodata, rval = 1'0).
Adding EN signal on $auto$ff.cc:266:slice$4300 ($sdff) from module mkQuire (D = $flatten\seg_adder_vff_carry_16.$procmux$2525_Y, Q = \seg_adder_vff_carry_16.hasodata).
Adding SRST signal on $flatten\seg_adder_vff_carry_16.$procdff$2715 ($dff) from module mkQuire (D = $flatten\seg_adder_vff_carry_16.$procmux$2534_Y, Q = \seg_adder_vff_carry_16.tail, rval = 2'00).
Adding EN signal on $auto$ff.cc:266:slice$4304 ($sdff) from module mkQuire (D = $flatten\seg_adder_vff_carry_16.$procmux$2534_Y, Q = \seg_adder_vff_carry_16.tail).
Adding SRST signal on $flatten\seg_adder_vff_carry_16.$procdff$2714 ($dff) from module mkQuire (D = $flatten\seg_adder_vff_carry_16.$procmux$2543_Y, Q = \seg_adder_vff_carry_16.head, rval = 2'00).
Adding EN signal on $auto$ff.cc:266:slice$4312 ($sdff) from module mkQuire (D = \seg_adder_vff_carry_16.next_head, Q = \seg_adder_vff_carry_16.head).
Adding SRST signal on $flatten\seg_adder_vff_carry_16.$procdff$2713 ($dff) from module mkQuire (D = $flatten\seg_adder_vff_carry_16.$procmux$2552_Y, Q = \seg_adder_vff_carry_16.ring_empty, rval = 1'1).
Adding EN signal on $auto$ff.cc:266:slice$4314 ($sdff) from module mkQuire (D = $flatten\seg_adder_vff_carry_16.$procmux$2552_Y, Q = \seg_adder_vff_carry_16.ring_empty).
Adding SRST signal on $flatten\seg_adder_vff_carry_16.$procdff$2712 ($dff) from module mkQuire (D = $flatten\seg_adder_vff_carry_16.$procmux$2561_Y, Q = \seg_adder_vff_carry_16.not_ring_full, rval = 1'1).
Adding EN signal on $auto$ff.cc:266:slice$4322 ($sdff) from module mkQuire (D = $flatten\seg_adder_vff_carry_16.$procmux$2561_Y, Q = \seg_adder_vff_carry_16.not_ring_full).
Adding EN signal on $flatten\seg_adder_vff_carry_16.$procdff$2711 ($dff) from module mkQuire (D = $flatten\seg_adder_vff_carry_16.$0\D_OUT[0:0], Q = \seg_adder_vff_carry_16.D_OUT).
Adding SRST signal on $flatten\seg_adder_vff_carry_15.$procdff$2716 ($dff) from module mkQuire (D = $flatten\seg_adder_vff_carry_15.$procmux$2525_Y, Q = \seg_adder_vff_carry_15.hasodata, rval = 1'0).
Adding EN signal on $auto$ff.cc:266:slice$4329 ($sdff) from module mkQuire (D = $flatten\seg_adder_vff_carry_15.$procmux$2525_Y, Q = \seg_adder_vff_carry_15.hasodata).
Adding SRST signal on $flatten\seg_adder_vff_carry_15.$procdff$2715 ($dff) from module mkQuire (D = $flatten\seg_adder_vff_carry_15.$procmux$2534_Y, Q = \seg_adder_vff_carry_15.tail, rval = 2'00).
Adding EN signal on $auto$ff.cc:266:slice$4333 ($sdff) from module mkQuire (D = $flatten\seg_adder_vff_carry_15.$procmux$2534_Y, Q = \seg_adder_vff_carry_15.tail).
Adding SRST signal on $flatten\seg_adder_vff_carry_15.$procdff$2714 ($dff) from module mkQuire (D = $flatten\seg_adder_vff_carry_15.$procmux$2543_Y, Q = \seg_adder_vff_carry_15.head, rval = 2'00).
Adding EN signal on $auto$ff.cc:266:slice$4341 ($sdff) from module mkQuire (D = \seg_adder_vff_carry_15.next_head, Q = \seg_adder_vff_carry_15.head).
Adding SRST signal on $flatten\seg_adder_vff_carry_15.$procdff$2713 ($dff) from module mkQuire (D = $flatten\seg_adder_vff_carry_15.$procmux$2552_Y, Q = \seg_adder_vff_carry_15.ring_empty, rval = 1'1).
Adding EN signal on $auto$ff.cc:266:slice$4343 ($sdff) from module mkQuire (D = $flatten\seg_adder_vff_carry_15.$procmux$2552_Y, Q = \seg_adder_vff_carry_15.ring_empty).
Adding SRST signal on $flatten\seg_adder_vff_carry_15.$procdff$2712 ($dff) from module mkQuire (D = $flatten\seg_adder_vff_carry_15.$procmux$2561_Y, Q = \seg_adder_vff_carry_15.not_ring_full, rval = 1'1).
Adding EN signal on $auto$ff.cc:266:slice$4351 ($sdff) from module mkQuire (D = $flatten\seg_adder_vff_carry_15.$procmux$2561_Y, Q = \seg_adder_vff_carry_15.not_ring_full).
Adding EN signal on $flatten\seg_adder_vff_carry_15.$procdff$2711 ($dff) from module mkQuire (D = $flatten\seg_adder_vff_carry_15.$0\D_OUT[0:0], Q = \seg_adder_vff_carry_15.D_OUT).
Adding SRST signal on $flatten\seg_adder_vff_carry_14.$procdff$2716 ($dff) from module mkQuire (D = $flatten\seg_adder_vff_carry_14.$procmux$2525_Y, Q = \seg_adder_vff_carry_14.hasodata, rval = 1'0).
Adding EN signal on $auto$ff.cc:266:slice$4358 ($sdff) from module mkQuire (D = $flatten\seg_adder_vff_carry_14.$procmux$2525_Y, Q = \seg_adder_vff_carry_14.hasodata).
Adding SRST signal on $flatten\seg_adder_vff_carry_14.$procdff$2715 ($dff) from module mkQuire (D = $flatten\seg_adder_vff_carry_14.$procmux$2534_Y, Q = \seg_adder_vff_carry_14.tail, rval = 2'00).
Adding EN signal on $auto$ff.cc:266:slice$4362 ($sdff) from module mkQuire (D = $flatten\seg_adder_vff_carry_14.$procmux$2534_Y, Q = \seg_adder_vff_carry_14.tail).
Adding SRST signal on $flatten\seg_adder_vff_carry_14.$procdff$2714 ($dff) from module mkQuire (D = $flatten\seg_adder_vff_carry_14.$procmux$2543_Y, Q = \seg_adder_vff_carry_14.head, rval = 2'00).
Adding EN signal on $auto$ff.cc:266:slice$4370 ($sdff) from module mkQuire (D = \seg_adder_vff_carry_14.next_head, Q = \seg_adder_vff_carry_14.head).
Adding SRST signal on $flatten\seg_adder_vff_carry_14.$procdff$2713 ($dff) from module mkQuire (D = $flatten\seg_adder_vff_carry_14.$procmux$2552_Y, Q = \seg_adder_vff_carry_14.ring_empty, rval = 1'1).
Adding EN signal on $auto$ff.cc:266:slice$4372 ($sdff) from module mkQuire (D = $flatten\seg_adder_vff_carry_14.$procmux$2552_Y, Q = \seg_adder_vff_carry_14.ring_empty).
Adding SRST signal on $flatten\seg_adder_vff_carry_14.$procdff$2712 ($dff) from module mkQuire (D = $flatten\seg_adder_vff_carry_14.$procmux$2561_Y, Q = \seg_adder_vff_carry_14.not_ring_full, rval = 1'1).
Adding EN signal on $auto$ff.cc:266:slice$4380 ($sdff) from module mkQuire (D = $flatten\seg_adder_vff_carry_14.$procmux$2561_Y, Q = \seg_adder_vff_carry_14.not_ring_full).
Adding EN signal on $flatten\seg_adder_vff_carry_14.$procdff$2711 ($dff) from module mkQuire (D = $flatten\seg_adder_vff_carry_14.$0\D_OUT[0:0], Q = \seg_adder_vff_carry_14.D_OUT).
Adding SRST signal on $flatten\seg_adder_vff_carry_13.$procdff$2716 ($dff) from module mkQuire (D = $flatten\seg_adder_vff_carry_13.$procmux$2525_Y, Q = \seg_adder_vff_carry_13.hasodata, rval = 1'0).
Adding EN signal on $auto$ff.cc:266:slice$4387 ($sdff) from module mkQuire (D = $flatten\seg_adder_vff_carry_13.$procmux$2525_Y, Q = \seg_adder_vff_carry_13.hasodata).
Adding SRST signal on $flatten\seg_adder_vff_carry_13.$procdff$2715 ($dff) from module mkQuire (D = $flatten\seg_adder_vff_carry_13.$procmux$2534_Y, Q = \seg_adder_vff_carry_13.tail, rval = 2'00).
Adding EN signal on $auto$ff.cc:266:slice$4391 ($sdff) from module mkQuire (D = $flatten\seg_adder_vff_carry_13.$procmux$2534_Y, Q = \seg_adder_vff_carry_13.tail).
Adding SRST signal on $flatten\seg_adder_vff_carry_13.$procdff$2714 ($dff) from module mkQuire (D = $flatten\seg_adder_vff_carry_13.$procmux$2543_Y, Q = \seg_adder_vff_carry_13.head, rval = 2'00).
Adding EN signal on $auto$ff.cc:266:slice$4399 ($sdff) from module mkQuire (D = \seg_adder_vff_carry_13.next_head, Q = \seg_adder_vff_carry_13.head).
Adding SRST signal on $flatten\seg_adder_vff_carry_13.$procdff$2713 ($dff) from module mkQuire (D = $flatten\seg_adder_vff_carry_13.$procmux$2552_Y, Q = \seg_adder_vff_carry_13.ring_empty, rval = 1'1).
Adding EN signal on $auto$ff.cc:266:slice$4401 ($sdff) from module mkQuire (D = $flatten\seg_adder_vff_carry_13.$procmux$2552_Y, Q = \seg_adder_vff_carry_13.ring_empty).
Adding SRST signal on $flatten\seg_adder_vff_carry_13.$procdff$2712 ($dff) from module mkQuire (D = $flatten\seg_adder_vff_carry_13.$procmux$2561_Y, Q = \seg_adder_vff_carry_13.not_ring_full, rval = 1'1).
Adding EN signal on $auto$ff.cc:266:slice$4409 ($sdff) from module mkQuire (D = $flatten\seg_adder_vff_carry_13.$procmux$2561_Y, Q = \seg_adder_vff_carry_13.not_ring_full).
Adding EN signal on $flatten\seg_adder_vff_carry_13.$procdff$2711 ($dff) from module mkQuire (D = $flatten\seg_adder_vff_carry_13.$0\D_OUT[0:0], Q = \seg_adder_vff_carry_13.D_OUT).
Adding SRST signal on $flatten\seg_adder_vff_carry_12.$procdff$2716 ($dff) from module mkQuire (D = $flatten\seg_adder_vff_carry_12.$procmux$2525_Y, Q = \seg_adder_vff_carry_12.hasodata, rval = 1'0).
Adding EN signal on $auto$ff.cc:266:slice$4416 ($sdff) from module mkQuire (D = $flatten\seg_adder_vff_carry_12.$procmux$2525_Y, Q = \seg_adder_vff_carry_12.hasodata).
Adding SRST signal on $flatten\seg_adder_vff_carry_12.$procdff$2715 ($dff) from module mkQuire (D = $flatten\seg_adder_vff_carry_12.$procmux$2534_Y, Q = \seg_adder_vff_carry_12.tail, rval = 2'00).
Adding EN signal on $auto$ff.cc:266:slice$4420 ($sdff) from module mkQuire (D = $flatten\seg_adder_vff_carry_12.$procmux$2534_Y, Q = \seg_adder_vff_carry_12.tail).
Adding SRST signal on $flatten\seg_adder_vff_carry_12.$procdff$2714 ($dff) from module mkQuire (D = $flatten\seg_adder_vff_carry_12.$procmux$2543_Y, Q = \seg_adder_vff_carry_12.head, rval = 2'00).
Adding EN signal on $auto$ff.cc:266:slice$4428 ($sdff) from module mkQuire (D = \seg_adder_vff_carry_12.next_head, Q = \seg_adder_vff_carry_12.head).
Adding SRST signal on $flatten\seg_adder_vff_carry_12.$procdff$2713 ($dff) from module mkQuire (D = $flatten\seg_adder_vff_carry_12.$procmux$2552_Y, Q = \seg_adder_vff_carry_12.ring_empty, rval = 1'1).
Adding EN signal on $auto$ff.cc:266:slice$4430 ($sdff) from module mkQuire (D = $flatten\seg_adder_vff_carry_12.$procmux$2552_Y, Q = \seg_adder_vff_carry_12.ring_empty).
Adding SRST signal on $flatten\seg_adder_vff_carry_12.$procdff$2712 ($dff) from module mkQuire (D = $flatten\seg_adder_vff_carry_12.$procmux$2561_Y, Q = \seg_adder_vff_carry_12.not_ring_full, rval = 1'1).
Adding EN signal on $auto$ff.cc:266:slice$4438 ($sdff) from module mkQuire (D = $flatten\seg_adder_vff_carry_12.$procmux$2561_Y, Q = \seg_adder_vff_carry_12.not_ring_full).
Adding EN signal on $flatten\seg_adder_vff_carry_12.$procdff$2711 ($dff) from module mkQuire (D = $flatten\seg_adder_vff_carry_12.$0\D_OUT[0:0], Q = \seg_adder_vff_carry_12.D_OUT).
Adding SRST signal on $flatten\seg_adder_vff_carry_11.$procdff$2716 ($dff) from module mkQuire (D = $flatten\seg_adder_vff_carry_11.$procmux$2525_Y, Q = \seg_adder_vff_carry_11.hasodata, rval = 1'0).
Adding EN signal on $auto$ff.cc:266:slice$4445 ($sdff) from module mkQuire (D = $flatten\seg_adder_vff_carry_11.$procmux$2525_Y, Q = \seg_adder_vff_carry_11.hasodata).
Adding SRST signal on $flatten\seg_adder_vff_carry_11.$procdff$2715 ($dff) from module mkQuire (D = $flatten\seg_adder_vff_carry_11.$procmux$2534_Y, Q = \seg_adder_vff_carry_11.tail, rval = 2'00).
Adding EN signal on $auto$ff.cc:266:slice$4449 ($sdff) from module mkQuire (D = $flatten\seg_adder_vff_carry_11.$procmux$2534_Y, Q = \seg_adder_vff_carry_11.tail).
Adding SRST signal on $flatten\seg_adder_vff_carry_11.$procdff$2714 ($dff) from module mkQuire (D = $flatten\seg_adder_vff_carry_11.$procmux$2543_Y, Q = \seg_adder_vff_carry_11.head, rval = 2'00).
Adding EN signal on $auto$ff.cc:266:slice$4457 ($sdff) from module mkQuire (D = \seg_adder_vff_carry_11.next_head, Q = \seg_adder_vff_carry_11.head).
Adding SRST signal on $flatten\seg_adder_vff_carry_11.$procdff$2713 ($dff) from module mkQuire (D = $flatten\seg_adder_vff_carry_11.$procmux$2552_Y, Q = \seg_adder_vff_carry_11.ring_empty, rval = 1'1).
Adding EN signal on $auto$ff.cc:266:slice$4459 ($sdff) from module mkQuire (D = $flatten\seg_adder_vff_carry_11.$procmux$2552_Y, Q = \seg_adder_vff_carry_11.ring_empty).
Adding SRST signal on $flatten\seg_adder_vff_carry_11.$procdff$2712 ($dff) from module mkQuire (D = $flatten\seg_adder_vff_carry_11.$procmux$2561_Y, Q = \seg_adder_vff_carry_11.not_ring_full, rval = 1'1).
Adding EN signal on $auto$ff.cc:266:slice$4467 ($sdff) from module mkQuire (D = $flatten\seg_adder_vff_carry_11.$procmux$2561_Y, Q = \seg_adder_vff_carry_11.not_ring_full).
Adding EN signal on $flatten\seg_adder_vff_carry_11.$procdff$2711 ($dff) from module mkQuire (D = $flatten\seg_adder_vff_carry_11.$0\D_OUT[0:0], Q = \seg_adder_vff_carry_11.D_OUT).
Adding SRST signal on $flatten\seg_adder_vff_carry_10.$procdff$2716 ($dff) from module mkQuire (D = $flatten\seg_adder_vff_carry_10.$procmux$2525_Y, Q = \seg_adder_vff_carry_10.hasodata, rval = 1'0).
Adding EN signal on $auto$ff.cc:266:slice$4474 ($sdff) from module mkQuire (D = $flatten\seg_adder_vff_carry_10.$procmux$2525_Y, Q = \seg_adder_vff_carry_10.hasodata).
Adding SRST signal on $flatten\seg_adder_vff_carry_10.$procdff$2715 ($dff) from module mkQuire (D = $flatten\seg_adder_vff_carry_10.$procmux$2534_Y, Q = \seg_adder_vff_carry_10.tail, rval = 2'00).
Adding EN signal on $auto$ff.cc:266:slice$4478 ($sdff) from module mkQuire (D = $flatten\seg_adder_vff_carry_10.$procmux$2534_Y, Q = \seg_adder_vff_carry_10.tail).
Adding SRST signal on $flatten\seg_adder_vff_carry_10.$procdff$2714 ($dff) from module mkQuire (D = $flatten\seg_adder_vff_carry_10.$procmux$2543_Y, Q = \seg_adder_vff_carry_10.head, rval = 2'00).
Adding EN signal on $auto$ff.cc:266:slice$4486 ($sdff) from module mkQuire (D = \seg_adder_vff_carry_10.next_head, Q = \seg_adder_vff_carry_10.head).
Adding SRST signal on $flatten\seg_adder_vff_carry_10.$procdff$2713 ($dff) from module mkQuire (D = $flatten\seg_adder_vff_carry_10.$procmux$2552_Y, Q = \seg_adder_vff_carry_10.ring_empty, rval = 1'1).
Adding EN signal on $auto$ff.cc:266:slice$4488 ($sdff) from module mkQuire (D = $flatten\seg_adder_vff_carry_10.$procmux$2552_Y, Q = \seg_adder_vff_carry_10.ring_empty).
Adding SRST signal on $flatten\seg_adder_vff_carry_10.$procdff$2712 ($dff) from module mkQuire (D = $flatten\seg_adder_vff_carry_10.$procmux$2561_Y, Q = \seg_adder_vff_carry_10.not_ring_full, rval = 1'1).
Adding EN signal on $auto$ff.cc:266:slice$4496 ($sdff) from module mkQuire (D = $flatten\seg_adder_vff_carry_10.$procmux$2561_Y, Q = \seg_adder_vff_carry_10.not_ring_full).
Adding EN signal on $flatten\seg_adder_vff_carry_10.$procdff$2711 ($dff) from module mkQuire (D = $flatten\seg_adder_vff_carry_10.$0\D_OUT[0:0], Q = \seg_adder_vff_carry_10.D_OUT).
Adding SRST signal on $flatten\seg_adder_vff_carry_1.$procdff$2716 ($dff) from module mkQuire (D = $flatten\seg_adder_vff_carry_1.$procmux$2525_Y, Q = \seg_adder_vff_carry_1.hasodata, rval = 1'0).
Adding EN signal on $auto$ff.cc:266:slice$4503 ($sdff) from module mkQuire (D = $flatten\seg_adder_vff_carry_1.$procmux$2525_Y, Q = \seg_adder_vff_carry_1.hasodata).
Adding SRST signal on $flatten\seg_adder_vff_carry_1.$procdff$2715 ($dff) from module mkQuire (D = $flatten\seg_adder_vff_carry_1.$procmux$2534_Y, Q = \seg_adder_vff_carry_1.tail, rval = 2'00).
Adding EN signal on $auto$ff.cc:266:slice$4507 ($sdff) from module mkQuire (D = $flatten\seg_adder_vff_carry_1.$procmux$2534_Y, Q = \seg_adder_vff_carry_1.tail).
Adding SRST signal on $flatten\seg_adder_vff_carry_1.$procdff$2714 ($dff) from module mkQuire (D = $flatten\seg_adder_vff_carry_1.$procmux$2543_Y, Q = \seg_adder_vff_carry_1.head, rval = 2'00).
Adding EN signal on $auto$ff.cc:266:slice$4515 ($sdff) from module mkQuire (D = \seg_adder_vff_carry_1.next_head, Q = \seg_adder_vff_carry_1.head).
Adding SRST signal on $flatten\seg_adder_vff_carry_1.$procdff$2713 ($dff) from module mkQuire (D = $flatten\seg_adder_vff_carry_1.$procmux$2552_Y, Q = \seg_adder_vff_carry_1.ring_empty, rval = 1'1).
Adding EN signal on $auto$ff.cc:266:slice$4517 ($sdff) from module mkQuire (D = $flatten\seg_adder_vff_carry_1.$procmux$2552_Y, Q = \seg_adder_vff_carry_1.ring_empty).
Adding SRST signal on $flatten\seg_adder_vff_carry_1.$procdff$2712 ($dff) from module mkQuire (D = $flatten\seg_adder_vff_carry_1.$procmux$2561_Y, Q = \seg_adder_vff_carry_1.not_ring_full, rval = 1'1).
Adding EN signal on $auto$ff.cc:266:slice$4525 ($sdff) from module mkQuire (D = $flatten\seg_adder_vff_carry_1.$procmux$2561_Y, Q = \seg_adder_vff_carry_1.not_ring_full).
Adding EN signal on $flatten\seg_adder_vff_carry_1.$procdff$2711 ($dff) from module mkQuire (D = $flatten\seg_adder_vff_carry_1.$0\D_OUT[0:0], Q = \seg_adder_vff_carry_1.D_OUT).
Adding SRST signal on $flatten\seg_adder_vff_carry_0.$procdff$2716 ($dff) from module mkQuire (D = $flatten\seg_adder_vff_carry_0.$procmux$2525_Y, Q = \seg_adder_vff_carry_0.hasodata, rval = 1'0).
Adding EN signal on $auto$ff.cc:266:slice$4532 ($sdff) from module mkQuire (D = $flatten\seg_adder_vff_carry_0.$procmux$2525_Y, Q = \seg_adder_vff_carry_0.hasodata).
Adding SRST signal on $flatten\seg_adder_vff_carry_0.$procdff$2715 ($dff) from module mkQuire (D = $flatten\seg_adder_vff_carry_0.$procmux$2534_Y, Q = \seg_adder_vff_carry_0.tail, rval = 2'00).
Adding EN signal on $auto$ff.cc:266:slice$4536 ($sdff) from module mkQuire (D = $flatten\seg_adder_vff_carry_0.$procmux$2534_Y, Q = \seg_adder_vff_carry_0.tail).
Adding SRST signal on $flatten\seg_adder_vff_carry_0.$procdff$2714 ($dff) from module mkQuire (D = $flatten\seg_adder_vff_carry_0.$procmux$2543_Y, Q = \seg_adder_vff_carry_0.head, rval = 2'00).
Adding EN signal on $auto$ff.cc:266:slice$4544 ($sdff) from module mkQuire (D = \seg_adder_vff_carry_0.next_head, Q = \seg_adder_vff_carry_0.head).
Adding SRST signal on $flatten\seg_adder_vff_carry_0.$procdff$2713 ($dff) from module mkQuire (D = $flatten\seg_adder_vff_carry_0.$procmux$2552_Y, Q = \seg_adder_vff_carry_0.ring_empty, rval = 1'1).
Adding EN signal on $auto$ff.cc:266:slice$4546 ($sdff) from module mkQuire (D = $flatten\seg_adder_vff_carry_0.$procmux$2552_Y, Q = \seg_adder_vff_carry_0.ring_empty).
Adding SRST signal on $flatten\seg_adder_vff_carry_0.$procdff$2712 ($dff) from module mkQuire (D = $flatten\seg_adder_vff_carry_0.$procmux$2561_Y, Q = \seg_adder_vff_carry_0.not_ring_full, rval = 1'1).
Adding EN signal on $auto$ff.cc:266:slice$4554 ($sdff) from module mkQuire (D = $flatten\seg_adder_vff_carry_0.$procmux$2561_Y, Q = \seg_adder_vff_carry_0.not_ring_full).
Adding EN signal on $flatten\seg_adder_vff_carry_0.$procdff$2711 ($dff) from module mkQuire (D = $flatten\seg_adder_vff_carry_0.$0\D_OUT[0:0], Q = \seg_adder_vff_carry_0.D_OUT).
Adding SRST signal on $flatten\posit_rsp_f.$procdff$2729 ($dff) from module mkQuire (D = $flatten\posit_rsp_f.$procmux$2644_Y, Q = \posit_rsp_f.empty_reg, rval = 1'0).
Adding EN signal on $auto$ff.cc:266:slice$4561 ($sdff) from module mkQuire (D = $flatten\posit_rsp_f.$procmux$2644_Y, Q = \posit_rsp_f.empty_reg).
Adding EN signal on $flatten\posit_rsp_f.$procdff$2728 ($dff) from module mkQuire (D = \posit_rsp_f.D_IN, Q = \posit_rsp_f.D_OUT).
Adding SRST signal on $auto$ff.cc:266:slice$4565 ($dffe) from module mkQuire (D = { \vrg_quire_24 [31] \MUX_posit_rsp_f$enq_1__VAL_2 [37] \IF_SEXT_IF_ff_num_msb_zeros_first__35_PLUS_1_3_ETC___d554 [10] \IF_SEXT_IF_ff_num_msb_zeros_first__35_PLUS_1_3_ETC___d554 [6] \prenorm_posit_frac__h33716 \x__h50300 \x__h55928 }, Q = { \posit_rsp_f.D_OUT [40] \posit_rsp_f.D_OUT [37:36] \posit_rsp_f.D_OUT [32] \posit_rsp_f.D_OUT [25:0] }, rval = 30'000000000000000000000000000001).
Adding SRST signal on $auto$ff.cc:266:slice$4565 ($dffe) from module mkQuire (D = $ternary$/teamspace/studios/this_studio/Melodica-Integration-into-Fife-Core/Learn_Bluespec_and_RISCV_Design/Code/Build/Fife/verilog/mkQuire.v:4311$1278_Y [9:7], Q = \posit_rsp_f.D_OUT [35:33], rval = 3'000).
Adding SRST signal on $auto$ff.cc:266:slice$4565 ($dffe) from module mkQuire (D = \IF_ff_num_msb_zeros_first__35_PLUS_1_36_BIT_10_ETC___d541 [5:0], Q = \posit_rsp_f.D_OUT [31:26], rval = 6'000000).
Adding SRST signal on $flatten\ff_num_msb_zeros.$procdff$2727 ($dff) from module mkQuire (D = $flatten\ff_num_msb_zeros.$procmux$2631_Y, Q = \ff_num_msb_zeros.empty_reg, rval = 1'0).
Adding EN signal on $auto$ff.cc:266:slice$4576 ($sdff) from module mkQuire (D = $flatten\ff_num_msb_zeros.$procmux$2631_Y, Q = \ff_num_msb_zeros.empty_reg).
Adding EN signal on $flatten\ff_num_msb_zeros.$procdff$2726 ($dff) from module mkQuire (D = \ff_num_msb_zeros.D_IN, Q = \ff_num_msb_zeros.D_OUT).

14.9.7. Executing OPT_CLEAN pass (remove unused cells and wires).
Finding unused cells or wires in module \mkQuire..
Removed 408 unused cells and 408 unused wires.
<suppressed ~409 debug messages>

14.9.8. Executing OPT_EXPR pass (perform const folding).
Optimizing module mkQuire.
<suppressed ~247 debug messages>

14.9.9. Rerunning OPT passes. (Maybe there is more to do..)

14.9.10. Executing OPT_MUXTREE pass (detect dead branches in mux trees).
Running muxtree optimizer on module \mkQuire..
  Creating internal representation of mux trees.
  Evaluating internal representation of mux trees.
  Analyzing evaluation results.
Removed 0 multiplexer ports.
<suppressed ~557 debug messages>

14.9.11. Executing OPT_REDUCE pass (consolidate $*mux and $reduce_* inputs).
  Optimizing cells in module \mkQuire.
Performed a total of 0 changes.

14.9.12. Executing OPT_MERGE pass (detect identical cells).
Finding identical cells in module `\mkQuire'.
<suppressed ~294 debug messages>
Removed a total of 98 cells.

14.9.13. Executing OPT_DFF pass (perform DFF optimizations).

14.9.14. Executing OPT_CLEAN pass (remove unused cells and wires).
Finding unused cells or wires in module \mkQuire..
Removed 0 unused cells and 98 unused wires.
<suppressed ~1 debug messages>

14.9.15. Executing OPT_EXPR pass (perform const folding).
Optimizing module mkQuire.

14.9.16. Rerunning OPT passes. (Maybe there is more to do..)

14.9.17. Executing OPT_MUXTREE pass (detect dead branches in mux trees).
Running muxtree optimizer on module \mkQuire..
  Creating internal representation of mux trees.
  Evaluating internal representation of mux trees.
  Analyzing evaluation results.
Removed 0 multiplexer ports.
<suppressed ~557 debug messages>

14.9.18. Executing OPT_REDUCE pass (consolidate $*mux and $reduce_* inputs).
  Optimizing cells in module \mkQuire.
Performed a total of 0 changes.

14.9.19. Executing OPT_MERGE pass (detect identical cells).
Finding identical cells in module `\mkQuire'.
Removed a total of 0 cells.

14.9.20. Executing OPT_DFF pass (perform DFF optimizations).

14.9.21. Executing OPT_CLEAN pass (remove unused cells and wires).
Finding unused cells or wires in module \mkQuire..

14.9.22. Executing OPT_EXPR pass (perform const folding).
Optimizing module mkQuire.

14.9.23. Finished OPT passes. (There is nothing left to do.)

14.10. Executing WREDUCE pass (reducing word size of cells).
Removed top 4 bits (of 5) from port B of cell mkQuire.$add$/teamspace/studios/this_studio/Melodica-Integration-into-Fife-Core/Learn_Bluespec_and_RISCV_Design/Code/Build/Fife/verilog/mkQuire.v:2147$432 ($add).
Removed top 4 bits (of 5) from port B of cell mkQuire.$sub$/teamspace/studios/this_studio/Melodica-Integration-into-Fife-Core/Learn_Bluespec_and_RISCV_Design/Code/Build/Fife/verilog/mkQuire.v:2149$433 ($sub).
Removed top 1 bits (of 2) from port B of cell mkQuire.$auto$opt_dff.cc:195:make_patterns_logic$3236 ($ne).
Removed top 1 bits (of 2) from port B of cell mkQuire.$auto$opt_dff.cc:195:make_patterns_logic$3265 ($ne).
Removed top 1 bits (of 2) from port B of cell mkQuire.$auto$opt_dff.cc:195:make_patterns_logic$3149 ($ne).
Removed top 1 bits (of 2) from port B of cell mkQuire.$auto$opt_dff.cc:195:make_patterns_logic$4309 ($ne).
Removed top 1 bits (of 2) from port B of cell mkQuire.$auto$opt_dff.cc:195:make_patterns_logic$4338 ($ne).
Removed top 1 bits (of 2) from port B of cell mkQuire.$auto$opt_dff.cc:195:make_patterns_logic$3207 ($ne).
Removed top 1 bits (of 2) from port B of cell mkQuire.$auto$opt_dff.cc:195:make_patterns_logic$4367 ($ne).
Removed top 1 bits (of 2) from port B of cell mkQuire.$auto$opt_dff.cc:195:make_patterns_logic$3178 ($ne).
Removed top 1 bits (of 2) from port B of cell mkQuire.$auto$opt_dff.cc:195:make_patterns_logic$3294 ($ne).
Removed top 1 bits (of 2) from port B of cell mkQuire.$auto$opt_dff.cc:195:make_patterns_logic$4396 ($ne).
Removed top 1 bits (of 3) from port B of cell mkQuire.$flatten\seg_adder_vff_carry_0.$procmux$2535_CMP0 ($eq).
Removed top 1 bits (of 2) from port B of cell mkQuire.$auto$opt_dff.cc:195:make_patterns_logic$4425 ($ne).
Removed top 1 bits (of 3) from port B of cell mkQuire.$flatten\seg_adder_vff_carry_0.$procmux$2520_CMP0 ($eq).
Removed top 1 bits (of 2) from port B of cell mkQuire.$auto$opt_dff.cc:195:make_patterns_logic$4454 ($ne).
Removed top 1 bits (of 2) from port B of cell mkQuire.$auto$opt_dff.cc:195:make_patterns_logic$3323 ($ne).
Removed top 1 bits (of 2) from port B of cell mkQuire.$auto$opt_dff.cc:195:make_patterns_logic$4483 ($ne).
Removed top 1 bits (of 2) from port B of cell mkQuire.$auto$opt_dff.cc:195:make_patterns_logic$4512 ($ne).
Removed top 10 bits (of 11) from port B of cell mkQuire.$sub$/teamspace/studios/this_studio/Melodica-Integration-into-Fife-Core/Learn_Bluespec_and_RISCV_Design/Code/Build/Fife/verilog/mkQuire.v:3768$1178 ($sub).
Removed top 1 bits (of 41) from mux cell mkQuire.$ternary$/teamspace/studios/this_studio/Melodica-Integration-into-Fife-Core/Learn_Bluespec_and_RISCV_Design/Code/Build/Fife/verilog/mkQuire.v:3776$1179 ($mux).
Removed top 1 bits (of 2) from port B of cell mkQuire.$auto$opt_dff.cc:195:make_patterns_logic$3410 ($ne).
Removed top 1 bits (of 2) from port B of cell mkQuire.$auto$opt_dff.cc:195:make_patterns_logic$3381 ($ne).
Removed top 1 bits (of 2) from port B of cell mkQuire.$auto$opt_dff.cc:195:make_patterns_logic$3352 ($ne).
Removed top 788 bits (of 799) from port B of cell mkQuire.$shl$/teamspace/studios/this_studio/Melodica-Integration-into-Fife-Core/Learn_Bluespec_and_RISCV_Design/Code/Build/Fife/verilog/mkQuire.v:4326$1284 ($shl).
Removed top 1 bits (of 799) from port Y of cell mkQuire.$shl$/teamspace/studios/this_studio/Melodica-Integration-into-Fife-Core/Learn_Bluespec_and_RISCV_Design/Code/Build/Fife/verilog/mkQuire.v:4326$1284 ($shl).
Removed top 1 bits (of 100) from port B of cell mkQuire.$lt$/teamspace/studios/this_studio/Melodica-Integration-into-Fife-Core/Learn_Bluespec_and_RISCV_Design/Code/Build/Fife/verilog/mkQuire.v:4389$1293 ($lt).
Removed top 2 bits (of 11) from port A of cell mkQuire.$sub$/teamspace/studios/this_studio/Melodica-Integration-into-Fife-Core/Learn_Bluespec_and_RISCV_Design/Code/Build/Fife/verilog/mkQuire.v:4397$1296 ($sub).
Removed top 32 bits (of 33) from port B of cell mkQuire.$add$/teamspace/studios/this_studio/Melodica-Integration-into-Fife-Core/Learn_Bluespec_and_RISCV_Design/Code/Build/Fife/verilog/mkQuire.v:4428$1298 ($add).
Removed top 32 bits (of 33) from port B of cell mkQuire.$add$/teamspace/studios/this_studio/Melodica-Integration-into-Fife-Core/Learn_Bluespec_and_RISCV_Design/Code/Build/Fife/verilog/mkQuire.v:4430$1299 ($add).
Removed top 32 bits (of 33) from port B of cell mkQuire.$add$/teamspace/studios/this_studio/Melodica-Integration-into-Fife-Core/Learn_Bluespec_and_RISCV_Design/Code/Build/Fife/verilog/mkQuire.v:4432$1300 ($add).
Removed top 32 bits (of 33) from port B of cell mkQuire.$add$/teamspace/studios/this_studio/Melodica-Integration-into-Fife-Core/Learn_Bluespec_and_RISCV_Design/Code/Build/Fife/verilog/mkQuire.v:4434$1301 ($add).
Removed top 32 bits (of 33) from port B of cell mkQuire.$add$/teamspace/studios/this_studio/Melodica-Integration-into-Fife-Core/Learn_Bluespec_and_RISCV_Design/Code/Build/Fife/verilog/mkQuire.v:4436$1302 ($add).
Removed top 32 bits (of 33) from port B of cell mkQuire.$add$/teamspace/studios/this_studio/Melodica-Integration-into-Fife-Core/Learn_Bluespec_and_RISCV_Design/Code/Build/Fife/verilog/mkQuire.v:4438$1303 ($add).
Removed top 32 bits (of 33) from port B of cell mkQuire.$add$/teamspace/studios/this_studio/Melodica-Integration-into-Fife-Core/Learn_Bluespec_and_RISCV_Design/Code/Build/Fife/verilog/mkQuire.v:4440$1304 ($add).
Removed top 32 bits (of 33) from port B of cell mkQuire.$add$/teamspace/studios/this_studio/Melodica-Integration-into-Fife-Core/Learn_Bluespec_and_RISCV_Design/Code/Build/Fife/verilog/mkQuire.v:4442$1305 ($add).
Removed top 32 bits (of 33) from port B of cell mkQuire.$add$/teamspace/studios/this_studio/Melodica-Integration-into-Fife-Core/Learn_Bluespec_and_RISCV_Design/Code/Build/Fife/verilog/mkQuire.v:4444$1306 ($add).
Removed top 32 bits (of 33) from port B of cell mkQuire.$add$/teamspace/studios/this_studio/Melodica-Integration-into-Fife-Core/Learn_Bluespec_and_RISCV_Design/Code/Build/Fife/verilog/mkQuire.v:4446$1307 ($add).
Removed top 32 bits (of 33) from port B of cell mkQuire.$add$/teamspace/studios/this_studio/Melodica-Integration-into-Fife-Core/Learn_Bluespec_and_RISCV_Design/Code/Build/Fife/verilog/mkQuire.v:4448$1308 ($add).
Removed top 32 bits (of 33) from port B of cell mkQuire.$add$/teamspace/studios/this_studio/Melodica-Integration-into-Fife-Core/Learn_Bluespec_and_RISCV_Design/Code/Build/Fife/verilog/mkQuire.v:4450$1309 ($add).
Removed top 32 bits (of 33) from port B of cell mkQuire.$add$/teamspace/studios/this_studio/Melodica-Integration-into-Fife-Core/Learn_Bluespec_and_RISCV_Design/Code/Build/Fife/verilog/mkQuire.v:4452$1310 ($add).
Removed top 32 bits (of 33) from port B of cell mkQuire.$add$/teamspace/studios/this_studio/Melodica-Integration-into-Fife-Core/Learn_Bluespec_and_RISCV_Design/Code/Build/Fife/verilog/mkQuire.v:4454$1311 ($add).
Removed top 32 bits (of 33) from port B of cell mkQuire.$add$/teamspace/studios/this_studio/Melodica-Integration-into-Fife-Core/Learn_Bluespec_and_RISCV_Design/Code/Build/Fife/verilog/mkQuire.v:4456$1312 ($add).
Removed top 32 bits (of 33) from port B of cell mkQuire.$add$/teamspace/studios/this_studio/Melodica-Integration-into-Fife-Core/Learn_Bluespec_and_RISCV_Design/Code/Build/Fife/verilog/mkQuire.v:4458$1313 ($add).
Removed top 32 bits (of 33) from port B of cell mkQuire.$add$/teamspace/studios/this_studio/Melodica-Integration-into-Fife-Core/Learn_Bluespec_and_RISCV_Design/Code/Build/Fife/verilog/mkQuire.v:4460$1314 ($add).
Removed top 32 bits (of 33) from port B of cell mkQuire.$add$/teamspace/studios/this_studio/Melodica-Integration-into-Fife-Core/Learn_Bluespec_and_RISCV_Design/Code/Build/Fife/verilog/mkQuire.v:4462$1315 ($add).
Removed top 32 bits (of 33) from port B of cell mkQuire.$add$/teamspace/studios/this_studio/Melodica-Integration-into-Fife-Core/Learn_Bluespec_and_RISCV_Design/Code/Build/Fife/verilog/mkQuire.v:4464$1316 ($add).
Removed top 32 bits (of 33) from port B of cell mkQuire.$add$/teamspace/studios/this_studio/Melodica-Integration-into-Fife-Core/Learn_Bluespec_and_RISCV_Design/Code/Build/Fife/verilog/mkQuire.v:4466$1317 ($add).
Removed top 32 bits (of 33) from port B of cell mkQuire.$add$/teamspace/studios/this_studio/Melodica-Integration-into-Fife-Core/Learn_Bluespec_and_RISCV_Design/Code/Build/Fife/verilog/mkQuire.v:4468$1318 ($add).
Removed top 32 bits (of 33) from port B of cell mkQuire.$add$/teamspace/studios/this_studio/Melodica-Integration-into-Fife-Core/Learn_Bluespec_and_RISCV_Design/Code/Build/Fife/verilog/mkQuire.v:4470$1319 ($add).
Removed top 32 bits (of 33) from port B of cell mkQuire.$add$/teamspace/studios/this_studio/Melodica-Integration-into-Fife-Core/Learn_Bluespec_and_RISCV_Design/Code/Build/Fife/verilog/mkQuire.v:4472$1320 ($add).
Removed top 32 bits (of 33) from port B of cell mkQuire.$add$/teamspace/studios/this_studio/Melodica-Integration-into-Fife-Core/Learn_Bluespec_and_RISCV_Design/Code/Build/Fife/verilog/mkQuire.v:4474$1321 ($add).
Removed top 1 bits (of 33) from port Y of cell mkQuire.$add$/teamspace/studios/this_studio/Melodica-Integration-into-Fife-Core/Learn_Bluespec_and_RISCV_Design/Code/Build/Fife/verilog/mkQuire.v:4474$1321 ($add).
Removed top 1 bits (of 33) from port A of cell mkQuire.$add$/teamspace/studios/this_studio/Melodica-Integration-into-Fife-Core/Learn_Bluespec_and_RISCV_Design/Code/Build/Fife/verilog/mkQuire.v:4474$1321 ($add).
Removed top 1 bits (of 33) from port A of cell mkQuire.$add$/teamspace/studios/this_studio/Melodica-Integration-into-Fife-Core/Learn_Bluespec_and_RISCV_Design/Code/Build/Fife/verilog/mkQuire.v:4476$1322 ($add).
Removed top 1 bits (of 33) from port B of cell mkQuire.$add$/teamspace/studios/this_studio/Melodica-Integration-into-Fife-Core/Learn_Bluespec_and_RISCV_Design/Code/Build/Fife/verilog/mkQuire.v:4476$1322 ($add).
Removed top 10 bits (of 11) from port B of cell mkQuire.$add$/teamspace/studios/this_studio/Melodica-Integration-into-Fife-Core/Learn_Bluespec_and_RISCV_Design/Code/Build/Fife/verilog/mkQuire.v:4504$1324 ($add).
Removed top 1 bits (of 11) from port A of cell mkQuire.$add$/teamspace/studios/this_studio/Melodica-Integration-into-Fife-Core/Learn_Bluespec_and_RISCV_Design/Code/Build/Fife/verilog/mkQuire.v:4531$1325 ($add).
Removed top 5 bits (of 11) from port B of cell mkQuire.$add$/teamspace/studios/this_studio/Melodica-Integration-into-Fife-Core/Learn_Bluespec_and_RISCV_Design/Code/Build/Fife/verilog/mkQuire.v:4531$1325 ($add).
Removed top 383 bits (of 768) from port A of cell mkQuire.$shl$/teamspace/studios/this_studio/Melodica-Integration-into-Fife-Core/Learn_Bluespec_and_RISCV_Design/Code/Build/Fife/verilog/mkQuire.v:4554$1329 ($shl).
Removed top 757 bits (of 768) from port B of cell mkQuire.$shl$/teamspace/studios/this_studio/Melodica-Integration-into-Fife-Core/Learn_Bluespec_and_RISCV_Design/Code/Build/Fife/verilog/mkQuire.v:4554$1329 ($shl).
Removed top 383 bits (of 768) from port A of cell mkQuire.$shr$/teamspace/studios/this_studio/Melodica-Integration-into-Fife-Core/Learn_Bluespec_and_RISCV_Design/Code/Build/Fife/verilog/mkQuire.v:4557$1331 ($shr).
Removed top 757 bits (of 768) from port B of cell mkQuire.$shr$/teamspace/studios/this_studio/Melodica-Integration-into-Fife-Core/Learn_Bluespec_and_RISCV_Design/Code/Build/Fife/verilog/mkQuire.v:4557$1331 ($shr).
Removed top 4 bits (of 5) from mux cell mkQuire.$ternary$/teamspace/studios/this_studio/Melodica-Integration-into-Fife-Core/Learn_Bluespec_and_RISCV_Design/Code/Build/Fife/verilog/mkQuire.v:4747$1408 ($mux).
Removed top 1 bits (of 5) from mux cell mkQuire.$ternary$/teamspace/studios/this_studio/Melodica-Integration-into-Fife-Core/Learn_Bluespec_and_RISCV_Design/Code/Build/Fife/verilog/mkQuire.v:4744$1409 ($mux).
Removed top 1 bits (of 5) from mux cell mkQuire.$ternary$/teamspace/studios/this_studio/Melodica-Integration-into-Fife-Core/Learn_Bluespec_and_RISCV_Design/Code/Build/Fife/verilog/mkQuire.v:4741$1410 ($mux).
Removed top 1 bits (of 5) from mux cell mkQuire.$ternary$/teamspace/studios/this_studio/Melodica-Integration-into-Fife-Core/Learn_Bluespec_and_RISCV_Design/Code/Build/Fife/verilog/mkQuire.v:4738$1411 ($mux).
Removed top 1 bits (of 5) from mux cell mkQuire.$ternary$/teamspace/studios/this_studio/Melodica-Integration-into-Fife-Core/Learn_Bluespec_and_RISCV_Design/Code/Build/Fife/verilog/mkQuire.v:4735$1412 ($mux).
Removed top 1 bits (of 5) from mux cell mkQuire.$ternary$/teamspace/studios/this_studio/Melodica-Integration-into-Fife-Core/Learn_Bluespec_and_RISCV_Design/Code/Build/Fife/verilog/mkQuire.v:4732$1413 ($mux).
Removed top 1 bits (of 5) from mux cell mkQuire.$ternary$/teamspace/studios/this_studio/Melodica-Integration-into-Fife-Core/Learn_Bluespec_and_RISCV_Design/Code/Build/Fife/verilog/mkQuire.v:4729$1414 ($mux).
Removed top 1 bits (of 5) from mux cell mkQuire.$ternary$/teamspace/studios/this_studio/Melodica-Integration-into-Fife-Core/Learn_Bluespec_and_RISCV_Design/Code/Build/Fife/verilog/mkQuire.v:4726$1415 ($mux).
Removed top 1 bits (of 5) from mux cell mkQuire.$ternary$/teamspace/studios/this_studio/Melodica-Integration-into-Fife-Core/Learn_Bluespec_and_RISCV_Design/Code/Build/Fife/verilog/mkQuire.v:4723$1416 ($mux).
Removed top 1 bits (of 33) from port A of cell mkQuire.$add$/teamspace/studios/this_studio/Melodica-Integration-into-Fife-Core/Learn_Bluespec_and_RISCV_Design/Code/Build/Fife/verilog/mkQuire.v:4751$1433 ($add).
Removed top 1 bits (of 33) from port B of cell mkQuire.$add$/teamspace/studios/this_studio/Melodica-Integration-into-Fife-Core/Learn_Bluespec_and_RISCV_Design/Code/Build/Fife/verilog/mkQuire.v:4751$1433 ($add).
Removed top 1 bits (of 33) from port A of cell mkQuire.$add$/teamspace/studios/this_studio/Melodica-Integration-into-Fife-Core/Learn_Bluespec_and_RISCV_Design/Code/Build/Fife/verilog/mkQuire.v:4752$1434 ($add).
Removed top 1 bits (of 33) from port B of cell mkQuire.$add$/teamspace/studios/this_studio/Melodica-Integration-into-Fife-Core/Learn_Bluespec_and_RISCV_Design/Code/Build/Fife/verilog/mkQuire.v:4752$1434 ($add).
Removed top 1 bits (of 33) from port A of cell mkQuire.$add$/teamspace/studios/this_studio/Melodica-Integration-into-Fife-Core/Learn_Bluespec_and_RISCV_Design/Code/Build/Fife/verilog/mkQuire.v:4753$1435 ($add).
Removed top 1 bits (of 33) from port B of cell mkQuire.$add$/teamspace/studios/this_studio/Melodica-Integration-into-Fife-Core/Learn_Bluespec_and_RISCV_Design/Code/Build/Fife/verilog/mkQuire.v:4753$1435 ($add).
Removed top 1 bits (of 33) from port A of cell mkQuire.$add$/teamspace/studios/this_studio/Melodica-Integration-into-Fife-Core/Learn_Bluespec_and_RISCV_Design/Code/Build/Fife/verilog/mkQuire.v:4754$1436 ($add).
Removed top 1 bits (of 33) from port B of cell mkQuire.$add$/teamspace/studios/this_studio/Melodica-Integration-into-Fife-Core/Learn_Bluespec_and_RISCV_Design/Code/Build/Fife/verilog/mkQuire.v:4754$1436 ($add).
Removed top 1 bits (of 33) from port A of cell mkQuire.$add$/teamspace/studios/this_studio/Melodica-Integration-into-Fife-Core/Learn_Bluespec_and_RISCV_Design/Code/Build/Fife/verilog/mkQuire.v:4755$1437 ($add).
Removed top 1 bits (of 33) from port B of cell mkQuire.$add$/teamspace/studios/this_studio/Melodica-Integration-into-Fife-Core/Learn_Bluespec_and_RISCV_Design/Code/Build/Fife/verilog/mkQuire.v:4755$1437 ($add).
Removed top 1 bits (of 33) from port A of cell mkQuire.$add$/teamspace/studios/this_studio/Melodica-Integration-into-Fife-Core/Learn_Bluespec_and_RISCV_Design/Code/Build/Fife/verilog/mkQuire.v:4756$1438 ($add).
Removed top 1 bits (of 33) from port B of cell mkQuire.$add$/teamspace/studios/this_studio/Melodica-Integration-into-Fife-Core/Learn_Bluespec_and_RISCV_Design/Code/Build/Fife/verilog/mkQuire.v:4756$1438 ($add).
Removed top 1 bits (of 33) from port A of cell mkQuire.$add$/teamspace/studios/this_studio/Melodica-Integration-into-Fife-Core/Learn_Bluespec_and_RISCV_Design/Code/Build/Fife/verilog/mkQuire.v:4757$1439 ($add).
Removed top 1 bits (of 33) from port B of cell mkQuire.$add$/teamspace/studios/this_studio/Melodica-Integration-into-Fife-Core/Learn_Bluespec_and_RISCV_Design/Code/Build/Fife/verilog/mkQuire.v:4757$1439 ($add).
Removed top 1 bits (of 33) from port A of cell mkQuire.$add$/teamspace/studios/this_studio/Melodica-Integration-into-Fife-Core/Learn_Bluespec_and_RISCV_Design/Code/Build/Fife/verilog/mkQuire.v:4758$1440 ($add).
Removed top 1 bits (of 33) from port B of cell mkQuire.$add$/teamspace/studios/this_studio/Melodica-Integration-into-Fife-Core/Learn_Bluespec_and_RISCV_Design/Code/Build/Fife/verilog/mkQuire.v:4758$1440 ($add).
Removed top 1 bits (of 33) from port A of cell mkQuire.$add$/teamspace/studios/this_studio/Melodica-Integration-into-Fife-Core/Learn_Bluespec_and_RISCV_Design/Code/Build/Fife/verilog/mkQuire.v:4759$1441 ($add).
Removed top 1 bits (of 33) from port B of cell mkQuire.$add$/teamspace/studios/this_studio/Melodica-Integration-into-Fife-Core/Learn_Bluespec_and_RISCV_Design/Code/Build/Fife/verilog/mkQuire.v:4759$1441 ($add).
Removed top 1 bits (of 33) from port A of cell mkQuire.$add$/teamspace/studios/this_studio/Melodica-Integration-into-Fife-Core/Learn_Bluespec_and_RISCV_Design/Code/Build/Fife/verilog/mkQuire.v:4760$1442 ($add).
Removed top 1 bits (of 33) from port B of cell mkQuire.$add$/teamspace/studios/this_studio/Melodica-Integration-into-Fife-Core/Learn_Bluespec_and_RISCV_Design/Code/Build/Fife/verilog/mkQuire.v:4760$1442 ($add).
Removed top 1 bits (of 33) from port A of cell mkQuire.$add$/teamspace/studios/this_studio/Melodica-Integration-into-Fife-Core/Learn_Bluespec_and_RISCV_Design/Code/Build/Fife/verilog/mkQuire.v:4761$1443 ($add).
Removed top 1 bits (of 33) from port B of cell mkQuire.$add$/teamspace/studios/this_studio/Melodica-Integration-into-Fife-Core/Learn_Bluespec_and_RISCV_Design/Code/Build/Fife/verilog/mkQuire.v:4761$1443 ($add).
Removed top 1 bits (of 33) from port A of cell mkQuire.$add$/teamspace/studios/this_studio/Melodica-Integration-into-Fife-Core/Learn_Bluespec_and_RISCV_Design/Code/Build/Fife/verilog/mkQuire.v:4762$1444 ($add).
Removed top 1 bits (of 33) from port B of cell mkQuire.$add$/teamspace/studios/this_studio/Melodica-Integration-into-Fife-Core/Learn_Bluespec_and_RISCV_Design/Code/Build/Fife/verilog/mkQuire.v:4762$1444 ($add).
Removed top 1 bits (of 33) from port A of cell mkQuire.$add$/teamspace/studios/this_studio/Melodica-Integration-into-Fife-Core/Learn_Bluespec_and_RISCV_Design/Code/Build/Fife/verilog/mkQuire.v:4763$1445 ($add).
Removed top 1 bits (of 33) from port B of cell mkQuire.$add$/teamspace/studios/this_studio/Melodica-Integration-into-Fife-Core/Learn_Bluespec_and_RISCV_Design/Code/Build/Fife/verilog/mkQuire.v:4763$1445 ($add).
Removed top 1 bits (of 33) from port A of cell mkQuire.$add$/teamspace/studios/this_studio/Melodica-Integration-into-Fife-Core/Learn_Bluespec_and_RISCV_Design/Code/Build/Fife/verilog/mkQuire.v:4764$1446 ($add).
Removed top 1 bits (of 33) from port B of cell mkQuire.$add$/teamspace/studios/this_studio/Melodica-Integration-into-Fife-Core/Learn_Bluespec_and_RISCV_Design/Code/Build/Fife/verilog/mkQuire.v:4764$1446 ($add).
Removed top 1 bits (of 33) from port A of cell mkQuire.$add$/teamspace/studios/this_studio/Melodica-Integration-into-Fife-Core/Learn_Bluespec_and_RISCV_Design/Code/Build/Fife/verilog/mkQuire.v:4765$1447 ($add).
Removed top 1 bits (of 33) from port B of cell mkQuire.$add$/teamspace/studios/this_studio/Melodica-Integration-into-Fife-Core/Learn_Bluespec_and_RISCV_Design/Code/Build/Fife/verilog/mkQuire.v:4765$1447 ($add).
Removed top 1 bits (of 33) from port A of cell mkQuire.$add$/teamspace/studios/this_studio/Melodica-Integration-into-Fife-Core/Learn_Bluespec_and_RISCV_Design/Code/Build/Fife/verilog/mkQuire.v:4766$1448 ($add).
Removed top 1 bits (of 33) from port B of cell mkQuire.$add$/teamspace/studios/this_studio/Melodica-Integration-into-Fife-Core/Learn_Bluespec_and_RISCV_Design/Code/Build/Fife/verilog/mkQuire.v:4766$1448 ($add).
Removed top 1 bits (of 33) from port A of cell mkQuire.$add$/teamspace/studios/this_studio/Melodica-Integration-into-Fife-Core/Learn_Bluespec_and_RISCV_Design/Code/Build/Fife/verilog/mkQuire.v:4767$1449 ($add).
Removed top 1 bits (of 33) from port B of cell mkQuire.$add$/teamspace/studios/this_studio/Melodica-Integration-into-Fife-Core/Learn_Bluespec_and_RISCV_Design/Code/Build/Fife/verilog/mkQuire.v:4767$1449 ($add).
Removed top 1 bits (of 33) from port A of cell mkQuire.$add$/teamspace/studios/this_studio/Melodica-Integration-into-Fife-Core/Learn_Bluespec_and_RISCV_Design/Code/Build/Fife/verilog/mkQuire.v:4768$1450 ($add).
Removed top 1 bits (of 33) from port B of cell mkQuire.$add$/teamspace/studios/this_studio/Melodica-Integration-into-Fife-Core/Learn_Bluespec_and_RISCV_Design/Code/Build/Fife/verilog/mkQuire.v:4768$1450 ($add).
Removed top 1 bits (of 33) from port A of cell mkQuire.$add$/teamspace/studios/this_studio/Melodica-Integration-into-Fife-Core/Learn_Bluespec_and_RISCV_Design/Code/Build/Fife/verilog/mkQuire.v:4769$1451 ($add).
Removed top 1 bits (of 33) from port B of cell mkQuire.$add$/teamspace/studios/this_studio/Melodica-Integration-into-Fife-Core/Learn_Bluespec_and_RISCV_Design/Code/Build/Fife/verilog/mkQuire.v:4769$1451 ($add).
Removed top 1 bits (of 33) from port A of cell mkQuire.$add$/teamspace/studios/this_studio/Melodica-Integration-into-Fife-Core/Learn_Bluespec_and_RISCV_Design/Code/Build/Fife/verilog/mkQuire.v:4770$1452 ($add).
Removed top 1 bits (of 33) from port B of cell mkQuire.$add$/teamspace/studios/this_studio/Melodica-Integration-into-Fife-Core/Learn_Bluespec_and_RISCV_Design/Code/Build/Fife/verilog/mkQuire.v:4770$1452 ($add).
Removed top 1 bits (of 33) from port A of cell mkQuire.$add$/teamspace/studios/this_studio/Melodica-Integration-into-Fife-Core/Learn_Bluespec_and_RISCV_Design/Code/Build/Fife/verilog/mkQuire.v:4771$1453 ($add).
Removed top 1 bits (of 33) from port B of cell mkQuire.$add$/teamspace/studios/this_studio/Melodica-Integration-into-Fife-Core/Learn_Bluespec_and_RISCV_Design/Code/Build/Fife/verilog/mkQuire.v:4771$1453 ($add).
Removed top 1 bits (of 33) from port A of cell mkQuire.$add$/teamspace/studios/this_studio/Melodica-Integration-into-Fife-Core/Learn_Bluespec_and_RISCV_Design/Code/Build/Fife/verilog/mkQuire.v:4772$1454 ($add).
Removed top 1 bits (of 33) from port B of cell mkQuire.$add$/teamspace/studios/this_studio/Melodica-Integration-into-Fife-Core/Learn_Bluespec_and_RISCV_Design/Code/Build/Fife/verilog/mkQuire.v:4772$1454 ($add).
Removed top 1 bits (of 33) from port A of cell mkQuire.$add$/teamspace/studios/this_studio/Melodica-Integration-into-Fife-Core/Learn_Bluespec_and_RISCV_Design/Code/Build/Fife/verilog/mkQuire.v:4773$1455 ($add).
Removed top 1 bits (of 33) from port B of cell mkQuire.$add$/teamspace/studios/this_studio/Melodica-Integration-into-Fife-Core/Learn_Bluespec_and_RISCV_Design/Code/Build/Fife/verilog/mkQuire.v:4773$1455 ($add).
Removed top 1 bits (of 33) from port A of cell mkQuire.$add$/teamspace/studios/this_studio/Melodica-Integration-into-Fife-Core/Learn_Bluespec_and_RISCV_Design/Code/Build/Fife/verilog/mkQuire.v:4774$1456 ($add).
Removed top 1 bits (of 33) from port B of cell mkQuire.$add$/teamspace/studios/this_studio/Melodica-Integration-into-Fife-Core/Learn_Bluespec_and_RISCV_Design/Code/Build/Fife/verilog/mkQuire.v:4774$1456 ($add).
Removed top 1 bits (of 33) from port Y of cell mkQuire.$add$/teamspace/studios/this_studio/Melodica-Integration-into-Fife-Core/Learn_Bluespec_and_RISCV_Design/Code/Build/Fife/verilog/mkQuire.v:4774$1456 ($add).
Removed top 1 bits (of 2) from port B of cell mkQuire.$auto$opt_dff.cc:195:make_patterns_logic$3555 ($ne).
Removed top 1 bits (of 2) from port B of cell mkQuire.$auto$opt_dff.cc:195:make_patterns_logic$3584 ($ne).
Removed top 1 bits (of 3) from port B of cell mkQuire.$flatten\seg_adder_vff_carry_1.$procmux$2535_CMP0 ($eq).
Removed top 1 bits (of 3) from port B of cell mkQuire.$flatten\seg_adder_vff_carry_1.$procmux$2520_CMP0 ($eq).
Removed top 1 bits (of 3) from port B of cell mkQuire.$flatten\seg_adder_vff_carry_10.$procmux$2535_CMP0 ($eq).
Removed top 1 bits (of 3) from port B of cell mkQuire.$flatten\seg_adder_vff_carry_10.$procmux$2520_CMP0 ($eq).
Removed top 1 bits (of 2) from port B of cell mkQuire.$auto$opt_dff.cc:195:make_patterns_logic$3613 ($ne).
Removed top 1 bits (of 3) from port B of cell mkQuire.$flatten\seg_adder_vff_carry_11.$procmux$2535_CMP0 ($eq).
Removed top 1 bits (of 3) from port B of cell mkQuire.$flatten\seg_adder_vff_carry_11.$procmux$2520_CMP0 ($eq).
Removed top 1 bits (of 3) from port B of cell mkQuire.$flatten\seg_adder_vff_carry_12.$procmux$2535_CMP0 ($eq).
Removed top 1 bits (of 3) from port B of cell mkQuire.$flatten\seg_adder_vff_carry_12.$procmux$2520_CMP0 ($eq).
Removed top 1 bits (of 2) from port B of cell mkQuire.$auto$opt_dff.cc:195:make_patterns_logic$3642 ($ne).
Removed top 1 bits (of 3) from port B of cell mkQuire.$flatten\seg_adder_vff_carry_13.$procmux$2535_CMP0 ($eq).
Removed top 1 bits (of 3) from port B of cell mkQuire.$flatten\seg_adder_vff_carry_13.$procmux$2520_CMP0 ($eq).
Removed top 1 bits (of 3) from port B of cell mkQuire.$flatten\seg_adder_vff_carry_14.$procmux$2535_CMP0 ($eq).
Removed top 1 bits (of 3) from port B of cell mkQuire.$flatten\seg_adder_vff_carry_14.$procmux$2520_CMP0 ($eq).
Removed top 1 bits (of 2) from port B of cell mkQuire.$auto$opt_dff.cc:195:make_patterns_logic$3671 ($ne).
Removed top 1 bits (of 3) from port B of cell mkQuire.$flatten\seg_adder_vff_carry_15.$procmux$2535_CMP0 ($eq).
Removed top 1 bits (of 3) from port B of cell mkQuire.$flatten\seg_adder_vff_carry_15.$procmux$2520_CMP0 ($eq).
Removed top 1 bits (of 3) from port B of cell mkQuire.$flatten\seg_adder_vff_carry_16.$procmux$2535_CMP0 ($eq).
Removed top 1 bits (of 3) from port B of cell mkQuire.$flatten\seg_adder_vff_carry_16.$procmux$2520_CMP0 ($eq).
Removed top 1 bits (of 2) from port B of cell mkQuire.$auto$opt_dff.cc:195:make_patterns_logic$3700 ($ne).
Removed top 1 bits (of 3) from port B of cell mkQuire.$flatten\seg_adder_vff_carry_17.$procmux$2535_CMP0 ($eq).
Removed top 1 bits (of 3) from port B of cell mkQuire.$flatten\seg_adder_vff_carry_17.$procmux$2520_CMP0 ($eq).
Removed top 1 bits (of 3) from port B of cell mkQuire.$flatten\seg_adder_vff_carry_18.$procmux$2535_CMP0 ($eq).
Removed top 1 bits (of 3) from port B of cell mkQuire.$flatten\seg_adder_vff_carry_18.$procmux$2520_CMP0 ($eq).
Removed top 1 bits (of 2) from port B of cell mkQuire.$auto$opt_dff.cc:195:make_patterns_logic$3729 ($ne).
Removed top 1 bits (of 3) from port B of cell mkQuire.$flatten\seg_adder_vff_carry_19.$procmux$2535_CMP0 ($eq).
Removed top 1 bits (of 3) from port B of cell mkQuire.$flatten\seg_adder_vff_carry_19.$procmux$2520_CMP0 ($eq).
Removed top 1 bits (of 3) from port B of cell mkQuire.$flatten\seg_adder_vff_carry_2.$procmux$2535_CMP0 ($eq).
Removed top 1 bits (of 3) from port B of cell mkQuire.$flatten\seg_adder_vff_carry_2.$procmux$2520_CMP0 ($eq).
Removed top 1 bits (of 2) from port B of cell mkQuire.$auto$opt_dff.cc:195:make_patterns_logic$3758 ($ne).
Removed top 1 bits (of 3) from port B of cell mkQuire.$flatten\seg_adder_vff_carry_20.$procmux$2535_CMP0 ($eq).
Removed top 1 bits (of 3) from port B of cell mkQuire.$flatten\seg_adder_vff_carry_20.$procmux$2520_CMP0 ($eq).
Removed top 1 bits (of 3) from port B of cell mkQuire.$flatten\seg_adder_vff_carry_21.$procmux$2535_CMP0 ($eq).
Removed top 1 bits (of 3) from port B of cell mkQuire.$flatten\seg_adder_vff_carry_21.$procmux$2520_CMP0 ($eq).
Removed top 1 bits (of 2) from port B of cell mkQuire.$auto$opt_dff.cc:195:make_patterns_logic$3787 ($ne).
Removed top 1 bits (of 3) from port B of cell mkQuire.$flatten\seg_adder_vff_carry_22.$procmux$2535_CMP0 ($eq).
Removed top 1 bits (of 3) from port B of cell mkQuire.$flatten\seg_adder_vff_carry_22.$procmux$2520_CMP0 ($eq).
Removed top 1 bits (of 3) from port B of cell mkQuire.$flatten\seg_adder_vff_carry_23.$procmux$2535_CMP0 ($eq).
Removed top 1 bits (of 3) from port B of cell mkQuire.$flatten\seg_adder_vff_carry_23.$procmux$2520_CMP0 ($eq).
Removed top 1 bits (of 2) from port B of cell mkQuire.$auto$opt_dff.cc:195:make_patterns_logic$3816 ($ne).
Removed top 1 bits (of 3) from port B of cell mkQuire.$flatten\seg_adder_vff_carry_3.$procmux$2535_CMP0 ($eq).
Removed top 1 bits (of 3) from port B of cell mkQuire.$flatten\seg_adder_vff_carry_3.$procmux$2520_CMP0 ($eq).
Removed top 1 bits (of 3) from port B of cell mkQuire.$flatten\seg_adder_vff_carry_4.$procmux$2535_CMP0 ($eq).
Removed top 1 bits (of 3) from port B of cell mkQuire.$flatten\seg_adder_vff_carry_4.$procmux$2520_CMP0 ($eq).
Removed top 1 bits (of 2) from port B of cell mkQuire.$auto$opt_dff.cc:195:make_patterns_logic$3845 ($ne).
Removed top 1 bits (of 3) from port B of cell mkQuire.$flatten\seg_adder_vff_carry_5.$procmux$2535_CMP0 ($eq).
Removed top 1 bits (of 3) from port B of cell mkQuire.$flatten\seg_adder_vff_carry_5.$procmux$2520_CMP0 ($eq).
Removed top 1 bits (of 3) from port B of cell mkQuire.$flatten\seg_adder_vff_carry_6.$procmux$2535_CMP0 ($eq).
Removed top 1 bits (of 3) from port B of cell mkQuire.$flatten\seg_adder_vff_carry_6.$procmux$2520_CMP0 ($eq).
Removed top 1 bits (of 2) from port B of cell mkQuire.$auto$opt_dff.cc:195:make_patterns_logic$3874 ($ne).
Removed top 1 bits (of 3) from port B of cell mkQuire.$flatten\seg_adder_vff_carry_7.$procmux$2535_CMP0 ($eq).
Removed top 1 bits (of 3) from port B of cell mkQuire.$flatten\seg_adder_vff_carry_7.$procmux$2520_CMP0 ($eq).
Removed top 1 bits (of 3) from port B of cell mkQuire.$flatten\seg_adder_vff_carry_8.$procmux$2535_CMP0 ($eq).
Removed top 1 bits (of 3) from port B of cell mkQuire.$flatten\seg_adder_vff_carry_8.$procmux$2520_CMP0 ($eq).
Removed top 1 bits (of 2) from port B of cell mkQuire.$auto$opt_dff.cc:195:make_patterns_logic$3903 ($ne).
Removed top 1 bits (of 3) from port B of cell mkQuire.$flatten\seg_adder_vff_carry_9.$procmux$2535_CMP0 ($eq).
Removed top 1 bits (of 3) from port B of cell mkQuire.$flatten\seg_adder_vff_carry_9.$procmux$2520_CMP0 ($eq).
Removed top 1 bits (of 3) from port B of cell mkQuire.$flatten\seg_adder_vff_in_0.$procmux$2593_CMP0 ($eq).
Removed top 1 bits (of 3) from port B of cell mkQuire.$flatten\seg_adder_vff_in_0.$procmux$2578_CMP0 ($eq).
Removed top 1 bits (of 3) from port B of cell mkQuire.$flatten\seg_adder_vff_in_1.$procmux$2593_CMP0 ($eq).
Removed top 1 bits (of 3) from port B of cell mkQuire.$flatten\seg_adder_vff_in_1.$procmux$2578_CMP0 ($eq).
Removed top 1 bits (of 2) from port B of cell mkQuire.$auto$opt_dff.cc:195:make_patterns_logic$3932 ($ne).
Removed top 1 bits (of 3) from port B of cell mkQuire.$flatten\seg_adder_vff_in_10.$procmux$2593_CMP0 ($eq).
Removed top 1 bits (of 3) from port B of cell mkQuire.$flatten\seg_adder_vff_in_10.$procmux$2578_CMP0 ($eq).
Removed top 1 bits (of 3) from port B of cell mkQuire.$flatten\seg_adder_vff_in_11.$procmux$2593_CMP0 ($eq).
Removed top 1 bits (of 3) from port B of cell mkQuire.$flatten\seg_adder_vff_in_11.$procmux$2578_CMP0 ($eq).
Removed top 1 bits (of 2) from port B of cell mkQuire.$auto$opt_dff.cc:195:make_patterns_logic$3961 ($ne).
Removed top 1 bits (of 3) from port B of cell mkQuire.$flatten\seg_adder_vff_in_12.$procmux$2593_CMP0 ($eq).
Removed top 1 bits (of 3) from port B of cell mkQuire.$flatten\seg_adder_vff_in_12.$procmux$2578_CMP0 ($eq).
Removed top 1 bits (of 3) from port B of cell mkQuire.$flatten\seg_adder_vff_in_13.$procmux$2593_CMP0 ($eq).
Removed top 1 bits (of 3) from port B of cell mkQuire.$flatten\seg_adder_vff_in_13.$procmux$2578_CMP0 ($eq).
Removed top 1 bits (of 2) from port B of cell mkQuire.$auto$opt_dff.cc:195:make_patterns_logic$3990 ($ne).
Removed top 1 bits (of 3) from port B of cell mkQuire.$flatten\seg_adder_vff_in_14.$procmux$2593_CMP0 ($eq).
Removed top 1 bits (of 3) from port B of cell mkQuire.$flatten\seg_adder_vff_in_14.$procmux$2578_CMP0 ($eq).
Removed top 1 bits (of 3) from port B of cell mkQuire.$flatten\seg_adder_vff_in_15.$procmux$2593_CMP0 ($eq).
Removed top 1 bits (of 3) from port B of cell mkQuire.$flatten\seg_adder_vff_in_15.$procmux$2578_CMP0 ($eq).
Removed top 1 bits (of 2) from port B of cell mkQuire.$auto$opt_dff.cc:195:make_patterns_logic$4019 ($ne).
Removed top 1 bits (of 2) from port B of cell mkQuire.$auto$opt_dff.cc:195:make_patterns_logic$4048 ($ne).
Removed top 1 bits (of 3) from port B of cell mkQuire.$flatten\seg_adder_vff_in_16.$procmux$2593_CMP0 ($eq).
Removed top 1 bits (of 3) from port B of cell mkQuire.$flatten\seg_adder_vff_in_16.$procmux$2578_CMP0 ($eq).
Removed top 1 bits (of 3) from port B of cell mkQuire.$flatten\seg_adder_vff_in_17.$procmux$2593_CMP0 ($eq).
Removed top 1 bits (of 3) from port B of cell mkQuire.$flatten\seg_adder_vff_in_17.$procmux$2578_CMP0 ($eq).
Removed top 1 bits (of 3) from port B of cell mkQuire.$flatten\seg_adder_vff_in_18.$procmux$2593_CMP0 ($eq).
Removed top 1 bits (of 3) from port B of cell mkQuire.$flatten\seg_adder_vff_in_18.$procmux$2578_CMP0 ($eq).
Removed top 1 bits (of 2) from port B of cell mkQuire.$auto$opt_dff.cc:195:make_patterns_logic$4077 ($ne).
Removed top 1 bits (of 3) from port B of cell mkQuire.$flatten\seg_adder_vff_in_19.$procmux$2593_CMP0 ($eq).
Removed top 1 bits (of 3) from port B of cell mkQuire.$flatten\seg_adder_vff_in_19.$procmux$2578_CMP0 ($eq).
Removed top 1 bits (of 3) from port B of cell mkQuire.$flatten\seg_adder_vff_in_2.$procmux$2593_CMP0 ($eq).
Removed top 1 bits (of 3) from port B of cell mkQuire.$flatten\seg_adder_vff_in_2.$procmux$2578_CMP0 ($eq).
Removed top 1 bits (of 2) from port B of cell mkQuire.$auto$opt_dff.cc:195:make_patterns_logic$4106 ($ne).
Removed top 1 bits (of 3) from port B of cell mkQuire.$flatten\seg_adder_vff_in_20.$procmux$2593_CMP0 ($eq).
Removed top 1 bits (of 3) from port B of cell mkQuire.$flatten\seg_adder_vff_in_20.$procmux$2578_CMP0 ($eq).
Removed top 1 bits (of 3) from port B of cell mkQuire.$flatten\seg_adder_vff_in_21.$procmux$2593_CMP0 ($eq).
Removed top 1 bits (of 3) from port B of cell mkQuire.$flatten\seg_adder_vff_in_21.$procmux$2578_CMP0 ($eq).
Removed top 1 bits (of 2) from port B of cell mkQuire.$auto$opt_dff.cc:195:make_patterns_logic$4135 ($ne).
Removed top 1 bits (of 3) from port B of cell mkQuire.$flatten\seg_adder_vff_in_22.$procmux$2593_CMP0 ($eq).
Removed top 1 bits (of 3) from port B of cell mkQuire.$flatten\seg_adder_vff_in_22.$procmux$2578_CMP0 ($eq).
Removed top 1 bits (of 3) from port B of cell mkQuire.$flatten\seg_adder_vff_in_23.$procmux$2593_CMP0 ($eq).
Removed top 1 bits (of 3) from port B of cell mkQuire.$flatten\seg_adder_vff_in_23.$procmux$2578_CMP0 ($eq).
Removed top 1 bits (of 2) from port B of cell mkQuire.$auto$opt_dff.cc:195:make_patterns_logic$4164 ($ne).
Removed top 1 bits (of 2) from port B of cell mkQuire.$auto$opt_dff.cc:195:make_patterns_logic$4193 ($ne).
Removed top 1 bits (of 3) from port B of cell mkQuire.$flatten\seg_adder_vff_in_24.$procmux$2593_CMP0 ($eq).
Removed top 1 bits (of 3) from port B of cell mkQuire.$flatten\seg_adder_vff_in_24.$procmux$2578_CMP0 ($eq).
Removed top 1 bits (of 3) from port B of cell mkQuire.$flatten\seg_adder_vff_in_3.$procmux$2593_CMP0 ($eq).
Removed top 1 bits (of 3) from port B of cell mkQuire.$flatten\seg_adder_vff_in_3.$procmux$2578_CMP0 ($eq).
Removed top 1 bits (of 3) from port B of cell mkQuire.$flatten\seg_adder_vff_in_4.$procmux$2593_CMP0 ($eq).
Removed top 1 bits (of 3) from port B of cell mkQuire.$flatten\seg_adder_vff_in_4.$procmux$2578_CMP0 ($eq).
Removed top 1 bits (of 2) from port B of cell mkQuire.$auto$opt_dff.cc:195:make_patterns_logic$4222 ($ne).
Removed top 1 bits (of 3) from port B of cell mkQuire.$flatten\seg_adder_vff_in_5.$procmux$2593_CMP0 ($eq).
Removed top 1 bits (of 3) from port B of cell mkQuire.$flatten\seg_adder_vff_in_5.$procmux$2578_CMP0 ($eq).
Removed top 1 bits (of 3) from port B of cell mkQuire.$flatten\seg_adder_vff_in_6.$procmux$2593_CMP0 ($eq).
Removed top 1 bits (of 3) from port B of cell mkQuire.$flatten\seg_adder_vff_in_6.$procmux$2578_CMP0 ($eq).
Removed top 1 bits (of 2) from port B of cell mkQuire.$auto$opt_dff.cc:195:make_patterns_logic$4251 ($ne).
Removed top 1 bits (of 3) from port B of cell mkQuire.$flatten\seg_adder_vff_in_7.$procmux$2593_CMP0 ($eq).
Removed top 1 bits (of 3) from port B of cell mkQuire.$flatten\seg_adder_vff_in_7.$procmux$2578_CMP0 ($eq).
Removed top 1 bits (of 3) from port B of cell mkQuire.$flatten\seg_adder_vff_in_8.$procmux$2593_CMP0 ($eq).
Removed top 1 bits (of 3) from port B of cell mkQuire.$flatten\seg_adder_vff_in_8.$procmux$2578_CMP0 ($eq).
Removed top 1 bits (of 2) from port B of cell mkQuire.$auto$opt_dff.cc:195:make_patterns_logic$4280 ($ne).
Removed top 1 bits (of 3) from port B of cell mkQuire.$flatten\seg_adder_vff_in_9.$procmux$2593_CMP0 ($eq).
Removed top 1 bits (of 3) from port B of cell mkQuire.$flatten\seg_adder_vff_in_9.$procmux$2578_CMP0 ($eq).
Removed top 1 bits (of 2) from port B of cell mkQuire.$auto$opt_dff.cc:195:make_patterns_logic$3497 ($ne).
Removed top 1 bits (of 2) from port B of cell mkQuire.$auto$opt_dff.cc:195:make_patterns_logic$3468 ($ne).
Removed top 24 bits (of 25) from port B of cell mkQuire.$flatten\instance_fn_twosC_quire_1.$add$/teamspace/studios/this_studio/Melodica-Integration-into-Fife-Core/Learn_Bluespec_and_RISCV_Design/Code/Build/Fife/verilog/module_fn_twosC_quire.v:275$231 ($add).
Removed top 31 bits (of 32) from port B of cell mkQuire.$flatten\instance_fn_twosC_quire_1.$add$/teamspace/studios/this_studio/Melodica-Integration-into-Fife-Core/Learn_Bluespec_and_RISCV_Design/Code/Build/Fife/verilog/module_fn_twosC_quire.v:272$228 ($add).
Removed top 31 bits (of 32) from port B of cell mkQuire.$flatten\instance_fn_twosC_quire_1.$add$/teamspace/studios/this_studio/Melodica-Integration-into-Fife-Core/Learn_Bluespec_and_RISCV_Design/Code/Build/Fife/verilog/module_fn_twosC_quire.v:265$222 ($add).
Removed top 31 bits (of 32) from port B of cell mkQuire.$flatten\instance_fn_twosC_quire_1.$add$/teamspace/studios/this_studio/Melodica-Integration-into-Fife-Core/Learn_Bluespec_and_RISCV_Design/Code/Build/Fife/verilog/module_fn_twosC_quire.v:258$216 ($add).
Removed top 31 bits (of 32) from port B of cell mkQuire.$flatten\instance_fn_twosC_quire_1.$add$/teamspace/studios/this_studio/Melodica-Integration-into-Fife-Core/Learn_Bluespec_and_RISCV_Design/Code/Build/Fife/verilog/module_fn_twosC_quire.v:251$210 ($add).
Removed top 31 bits (of 32) from port B of cell mkQuire.$flatten\instance_fn_twosC_quire_1.$add$/teamspace/studios/this_studio/Melodica-Integration-into-Fife-Core/Learn_Bluespec_and_RISCV_Design/Code/Build/Fife/verilog/module_fn_twosC_quire.v:244$204 ($add).
Removed top 31 bits (of 32) from port B of cell mkQuire.$flatten\instance_fn_twosC_quire_1.$add$/teamspace/studios/this_studio/Melodica-Integration-into-Fife-Core/Learn_Bluespec_and_RISCV_Design/Code/Build/Fife/verilog/module_fn_twosC_quire.v:237$198 ($add).
Removed top 31 bits (of 32) from port B of cell mkQuire.$flatten\instance_fn_twosC_quire_1.$add$/teamspace/studios/this_studio/Melodica-Integration-into-Fife-Core/Learn_Bluespec_and_RISCV_Design/Code/Build/Fife/verilog/module_fn_twosC_quire.v:230$192 ($add).
Removed top 31 bits (of 32) from port B of cell mkQuire.$flatten\instance_fn_twosC_quire_1.$add$/teamspace/studios/this_studio/Melodica-Integration-into-Fife-Core/Learn_Bluespec_and_RISCV_Design/Code/Build/Fife/verilog/module_fn_twosC_quire.v:223$186 ($add).
Removed top 1 bits (of 32) from mux cell mkQuire.$flatten\instance_fn_twosC_quire_1.$ternary$/teamspace/studios/this_studio/Melodica-Integration-into-Fife-Core/Learn_Bluespec_and_RISCV_Design/Code/Build/Fife/verilog/module_fn_twosC_quire.v:212$182 ($mux).
Removed top 1 bits (of 32) from mux cell mkQuire.$flatten\instance_fn_twosC_quire_1.$ternary$/teamspace/studios/this_studio/Melodica-Integration-into-Fife-Core/Learn_Bluespec_and_RISCV_Design/Code/Build/Fife/verilog/module_fn_twosC_quire.v:215$181 ($mux).
Removed top 31 bits (of 32) from port B of cell mkQuire.$flatten\instance_fn_twosC_quire_1.$add$/teamspace/studios/this_studio/Melodica-Integration-into-Fife-Core/Learn_Bluespec_and_RISCV_Design/Code/Build/Fife/verilog/module_fn_twosC_quire.v:216$180 ($add).
Removed top 1 bits (of 32) from port Y of cell mkQuire.$flatten\instance_fn_twosC_quire_1.$add$/teamspace/studios/this_studio/Melodica-Integration-into-Fife-Core/Learn_Bluespec_and_RISCV_Design/Code/Build/Fife/verilog/module_fn_twosC_quire.v:216$180 ($add).
Removed top 1 bits (of 32) from port A of cell mkQuire.$flatten\instance_fn_twosC_quire_1.$add$/teamspace/studios/this_studio/Melodica-Integration-into-Fife-Core/Learn_Bluespec_and_RISCV_Design/Code/Build/Fife/verilog/module_fn_twosC_quire.v:216$180 ($add).
Removed top 1 bits (of 32) from port Y of cell mkQuire.$flatten\instance_fn_twosC_quire_1.$not$/teamspace/studios/this_studio/Melodica-Integration-into-Fife-Core/Learn_Bluespec_and_RISCV_Design/Code/Build/Fife/verilog/module_fn_twosC_quire.v:214$178 ($not).
Removed top 1 bits (of 32) from port A of cell mkQuire.$flatten\instance_fn_twosC_quire_1.$not$/teamspace/studios/this_studio/Melodica-Integration-into-Fife-Core/Learn_Bluespec_and_RISCV_Design/Code/Build/Fife/verilog/module_fn_twosC_quire.v:214$178 ($not).
Removed top 31 bits (of 32) from port B of cell mkQuire.$flatten\instance_fn_twosC_quire_1.$add$/teamspace/studios/this_studio/Melodica-Integration-into-Fife-Core/Learn_Bluespec_and_RISCV_Design/Code/Build/Fife/verilog/module_fn_twosC_quire.v:209$174 ($add).
Removed top 31 bits (of 32) from port B of cell mkQuire.$flatten\instance_fn_twosC_quire_1.$add$/teamspace/studios/this_studio/Melodica-Integration-into-Fife-Core/Learn_Bluespec_and_RISCV_Design/Code/Build/Fife/verilog/module_fn_twosC_quire.v:202$168 ($add).
Removed top 31 bits (of 32) from port B of cell mkQuire.$flatten\instance_fn_twosC_quire_1.$add$/teamspace/studios/this_studio/Melodica-Integration-into-Fife-Core/Learn_Bluespec_and_RISCV_Design/Code/Build/Fife/verilog/module_fn_twosC_quire.v:195$162 ($add).
Removed top 31 bits (of 32) from port B of cell mkQuire.$flatten\instance_fn_twosC_quire_1.$add$/teamspace/studios/this_studio/Melodica-Integration-into-Fife-Core/Learn_Bluespec_and_RISCV_Design/Code/Build/Fife/verilog/module_fn_twosC_quire.v:188$156 ($add).
Removed top 31 bits (of 32) from port B of cell mkQuire.$flatten\instance_fn_twosC_quire_1.$add$/teamspace/studios/this_studio/Melodica-Integration-into-Fife-Core/Learn_Bluespec_and_RISCV_Design/Code/Build/Fife/verilog/module_fn_twosC_quire.v:181$150 ($add).
Removed top 31 bits (of 32) from port B of cell mkQuire.$flatten\instance_fn_twosC_quire_1.$add$/teamspace/studios/this_studio/Melodica-Integration-into-Fife-Core/Learn_Bluespec_and_RISCV_Design/Code/Build/Fife/verilog/module_fn_twosC_quire.v:174$144 ($add).
Removed top 31 bits (of 32) from port B of cell mkQuire.$flatten\instance_fn_twosC_quire_1.$add$/teamspace/studios/this_studio/Melodica-Integration-into-Fife-Core/Learn_Bluespec_and_RISCV_Design/Code/Build/Fife/verilog/module_fn_twosC_quire.v:167$138 ($add).
Removed top 31 bits (of 32) from port B of cell mkQuire.$flatten\instance_fn_twosC_quire_1.$add$/teamspace/studios/this_studio/Melodica-Integration-into-Fife-Core/Learn_Bluespec_and_RISCV_Design/Code/Build/Fife/verilog/module_fn_twosC_quire.v:160$132 ($add).
Removed top 31 bits (of 32) from port B of cell mkQuire.$flatten\instance_fn_twosC_quire_1.$add$/teamspace/studios/this_studio/Melodica-Integration-into-Fife-Core/Learn_Bluespec_and_RISCV_Design/Code/Build/Fife/verilog/module_fn_twosC_quire.v:153$126 ($add).
Removed top 31 bits (of 32) from port B of cell mkQuire.$flatten\instance_fn_twosC_quire_1.$add$/teamspace/studios/this_studio/Melodica-Integration-into-Fife-Core/Learn_Bluespec_and_RISCV_Design/Code/Build/Fife/verilog/module_fn_twosC_quire.v:146$120 ($add).
Removed top 31 bits (of 32) from port B of cell mkQuire.$flatten\instance_fn_twosC_quire_1.$add$/teamspace/studios/this_studio/Melodica-Integration-into-Fife-Core/Learn_Bluespec_and_RISCV_Design/Code/Build/Fife/verilog/module_fn_twosC_quire.v:139$114 ($add).
Removed top 31 bits (of 32) from port B of cell mkQuire.$flatten\instance_fn_twosC_quire_1.$add$/teamspace/studios/this_studio/Melodica-Integration-into-Fife-Core/Learn_Bluespec_and_RISCV_Design/Code/Build/Fife/verilog/module_fn_twosC_quire.v:132$108 ($add).
Removed top 31 bits (of 32) from port B of cell mkQuire.$flatten\instance_fn_twosC_quire_1.$add$/teamspace/studios/this_studio/Melodica-Integration-into-Fife-Core/Learn_Bluespec_and_RISCV_Design/Code/Build/Fife/verilog/module_fn_twosC_quire.v:125$102 ($add).
Removed top 31 bits (of 32) from port B of cell mkQuire.$flatten\instance_fn_twosC_quire_1.$add$/teamspace/studios/this_studio/Melodica-Integration-into-Fife-Core/Learn_Bluespec_and_RISCV_Design/Code/Build/Fife/verilog/module_fn_twosC_quire.v:118$96 ($add).
Removed top 31 bits (of 32) from port B of cell mkQuire.$flatten\instance_fn_twosC_quire_1.$add$/teamspace/studios/this_studio/Melodica-Integration-into-Fife-Core/Learn_Bluespec_and_RISCV_Design/Code/Build/Fife/verilog/module_fn_twosC_quire.v:111$90 ($add).
Removed top 31 bits (of 32) from port B of cell mkQuire.$flatten\instance_fn_twosC_quire_1.$add$/teamspace/studios/this_studio/Melodica-Integration-into-Fife-Core/Learn_Bluespec_and_RISCV_Design/Code/Build/Fife/verilog/module_fn_twosC_quire.v:104$84 ($add).
Removed top 1 bits (of 2) from port B of cell mkQuire.$auto$opt_dff.cc:195:make_patterns_logic$3439 ($ne).
Removed top 24 bits (of 25) from port B of cell mkQuire.$flatten\instance_fn_twosC_quire_0.$add$/teamspace/studios/this_studio/Melodica-Integration-into-Fife-Core/Learn_Bluespec_and_RISCV_Design/Code/Build/Fife/verilog/module_fn_twosC_quire.v:275$231 ($add).
Removed top 31 bits (of 32) from port B of cell mkQuire.$flatten\instance_fn_twosC_quire_0.$add$/teamspace/studios/this_studio/Melodica-Integration-into-Fife-Core/Learn_Bluespec_and_RISCV_Design/Code/Build/Fife/verilog/module_fn_twosC_quire.v:272$228 ($add).
Removed top 31 bits (of 32) from port B of cell mkQuire.$flatten\instance_fn_twosC_quire_0.$add$/teamspace/studios/this_studio/Melodica-Integration-into-Fife-Core/Learn_Bluespec_and_RISCV_Design/Code/Build/Fife/verilog/module_fn_twosC_quire.v:265$222 ($add).
Removed top 31 bits (of 32) from port B of cell mkQuire.$flatten\instance_fn_twosC_quire_0.$add$/teamspace/studios/this_studio/Melodica-Integration-into-Fife-Core/Learn_Bluespec_and_RISCV_Design/Code/Build/Fife/verilog/module_fn_twosC_quire.v:258$216 ($add).
Removed top 31 bits (of 32) from port B of cell mkQuire.$flatten\instance_fn_twosC_quire_0.$add$/teamspace/studios/this_studio/Melodica-Integration-into-Fife-Core/Learn_Bluespec_and_RISCV_Design/Code/Build/Fife/verilog/module_fn_twosC_quire.v:251$210 ($add).
Removed top 31 bits (of 32) from port B of cell mkQuire.$flatten\instance_fn_twosC_quire_0.$add$/teamspace/studios/this_studio/Melodica-Integration-into-Fife-Core/Learn_Bluespec_and_RISCV_Design/Code/Build/Fife/verilog/module_fn_twosC_quire.v:244$204 ($add).
Removed top 31 bits (of 32) from port B of cell mkQuire.$flatten\instance_fn_twosC_quire_0.$add$/teamspace/studios/this_studio/Melodica-Integration-into-Fife-Core/Learn_Bluespec_and_RISCV_Design/Code/Build/Fife/verilog/module_fn_twosC_quire.v:237$198 ($add).
Removed top 31 bits (of 32) from port B of cell mkQuire.$flatten\instance_fn_twosC_quire_0.$add$/teamspace/studios/this_studio/Melodica-Integration-into-Fife-Core/Learn_Bluespec_and_RISCV_Design/Code/Build/Fife/verilog/module_fn_twosC_quire.v:230$192 ($add).
Removed top 31 bits (of 32) from port B of cell mkQuire.$flatten\instance_fn_twosC_quire_0.$add$/teamspace/studios/this_studio/Melodica-Integration-into-Fife-Core/Learn_Bluespec_and_RISCV_Design/Code/Build/Fife/verilog/module_fn_twosC_quire.v:223$186 ($add).
Removed top 1 bits (of 32) from mux cell mkQuire.$flatten\instance_fn_twosC_quire_0.$ternary$/teamspace/studios/this_studio/Melodica-Integration-into-Fife-Core/Learn_Bluespec_and_RISCV_Design/Code/Build/Fife/verilog/module_fn_twosC_quire.v:212$182 ($mux).
Removed top 31 bits (of 32) from port B of cell mkQuire.$flatten\instance_fn_twosC_quire_0.$add$/teamspace/studios/this_studio/Melodica-Integration-into-Fife-Core/Learn_Bluespec_and_RISCV_Design/Code/Build/Fife/verilog/module_fn_twosC_quire.v:209$174 ($add).
Removed top 31 bits (of 32) from port B of cell mkQuire.$flatten\instance_fn_twosC_quire_0.$add$/teamspace/studios/this_studio/Melodica-Integration-into-Fife-Core/Learn_Bluespec_and_RISCV_Design/Code/Build/Fife/verilog/module_fn_twosC_quire.v:202$168 ($add).
Removed top 31 bits (of 32) from port B of cell mkQuire.$flatten\instance_fn_twosC_quire_0.$add$/teamspace/studios/this_studio/Melodica-Integration-into-Fife-Core/Learn_Bluespec_and_RISCV_Design/Code/Build/Fife/verilog/module_fn_twosC_quire.v:195$162 ($add).
Removed top 31 bits (of 32) from port B of cell mkQuire.$flatten\instance_fn_twosC_quire_0.$add$/teamspace/studios/this_studio/Melodica-Integration-into-Fife-Core/Learn_Bluespec_and_RISCV_Design/Code/Build/Fife/verilog/module_fn_twosC_quire.v:188$156 ($add).
Removed top 31 bits (of 32) from port B of cell mkQuire.$flatten\instance_fn_twosC_quire_0.$add$/teamspace/studios/this_studio/Melodica-Integration-into-Fife-Core/Learn_Bluespec_and_RISCV_Design/Code/Build/Fife/verilog/module_fn_twosC_quire.v:181$150 ($add).
Removed top 31 bits (of 32) from port B of cell mkQuire.$flatten\instance_fn_twosC_quire_0.$add$/teamspace/studios/this_studio/Melodica-Integration-into-Fife-Core/Learn_Bluespec_and_RISCV_Design/Code/Build/Fife/verilog/module_fn_twosC_quire.v:174$144 ($add).
Removed top 31 bits (of 32) from port B of cell mkQuire.$flatten\instance_fn_twosC_quire_0.$add$/teamspace/studios/this_studio/Melodica-Integration-into-Fife-Core/Learn_Bluespec_and_RISCV_Design/Code/Build/Fife/verilog/module_fn_twosC_quire.v:167$138 ($add).
Removed top 31 bits (of 32) from port B of cell mkQuire.$flatten\instance_fn_twosC_quire_0.$add$/teamspace/studios/this_studio/Melodica-Integration-into-Fife-Core/Learn_Bluespec_and_RISCV_Design/Code/Build/Fife/verilog/module_fn_twosC_quire.v:160$132 ($add).
Removed top 31 bits (of 32) from port B of cell mkQuire.$flatten\instance_fn_twosC_quire_0.$add$/teamspace/studios/this_studio/Melodica-Integration-into-Fife-Core/Learn_Bluespec_and_RISCV_Design/Code/Build/Fife/verilog/module_fn_twosC_quire.v:153$126 ($add).
Removed top 31 bits (of 32) from port B of cell mkQuire.$flatten\instance_fn_twosC_quire_0.$add$/teamspace/studios/this_studio/Melodica-Integration-into-Fife-Core/Learn_Bluespec_and_RISCV_Design/Code/Build/Fife/verilog/module_fn_twosC_quire.v:146$120 ($add).
Removed top 31 bits (of 32) from port B of cell mkQuire.$flatten\instance_fn_twosC_quire_0.$add$/teamspace/studios/this_studio/Melodica-Integration-into-Fife-Core/Learn_Bluespec_and_RISCV_Design/Code/Build/Fife/verilog/module_fn_twosC_quire.v:139$114 ($add).
Removed top 31 bits (of 32) from port B of cell mkQuire.$flatten\instance_fn_twosC_quire_0.$add$/teamspace/studios/this_studio/Melodica-Integration-into-Fife-Core/Learn_Bluespec_and_RISCV_Design/Code/Build/Fife/verilog/module_fn_twosC_quire.v:132$108 ($add).
Removed top 31 bits (of 32) from port B of cell mkQuire.$flatten\instance_fn_twosC_quire_0.$add$/teamspace/studios/this_studio/Melodica-Integration-into-Fife-Core/Learn_Bluespec_and_RISCV_Design/Code/Build/Fife/verilog/module_fn_twosC_quire.v:125$102 ($add).
Removed top 31 bits (of 32) from port B of cell mkQuire.$flatten\instance_fn_twosC_quire_0.$add$/teamspace/studios/this_studio/Melodica-Integration-into-Fife-Core/Learn_Bluespec_and_RISCV_Design/Code/Build/Fife/verilog/module_fn_twosC_quire.v:118$96 ($add).
Removed top 31 bits (of 32) from port B of cell mkQuire.$flatten\instance_fn_twosC_quire_0.$add$/teamspace/studios/this_studio/Melodica-Integration-into-Fife-Core/Learn_Bluespec_and_RISCV_Design/Code/Build/Fife/verilog/module_fn_twosC_quire.v:111$90 ($add).
Removed top 31 bits (of 32) from port B of cell mkQuire.$flatten\instance_fn_twosC_quire_0.$add$/teamspace/studios/this_studio/Melodica-Integration-into-Fife-Core/Learn_Bluespec_and_RISCV_Design/Code/Build/Fife/verilog/module_fn_twosC_quire.v:104$84 ($add).
Removed top 1 bits (of 2) from port B of cell mkQuire.$auto$opt_dff.cc:195:make_patterns_logic$3526 ($ne).
Removed top 24 bits (of 25) from port B of cell mkQuire.$flatten\instance_fn_twosC_quire_2.$add$/teamspace/studios/this_studio/Melodica-Integration-into-Fife-Core/Learn_Bluespec_and_RISCV_Design/Code/Build/Fife/verilog/module_fn_twosC_quire.v:275$231 ($add).
Removed top 31 bits (of 32) from port B of cell mkQuire.$flatten\instance_fn_twosC_quire_2.$add$/teamspace/studios/this_studio/Melodica-Integration-into-Fife-Core/Learn_Bluespec_and_RISCV_Design/Code/Build/Fife/verilog/module_fn_twosC_quire.v:272$228 ($add).
Removed top 31 bits (of 32) from port B of cell mkQuire.$flatten\instance_fn_twosC_quire_2.$add$/teamspace/studios/this_studio/Melodica-Integration-into-Fife-Core/Learn_Bluespec_and_RISCV_Design/Code/Build/Fife/verilog/module_fn_twosC_quire.v:265$222 ($add).
Removed top 31 bits (of 32) from port B of cell mkQuire.$flatten\instance_fn_twosC_quire_2.$add$/teamspace/studios/this_studio/Melodica-Integration-into-Fife-Core/Learn_Bluespec_and_RISCV_Design/Code/Build/Fife/verilog/module_fn_twosC_quire.v:258$216 ($add).
Removed top 31 bits (of 32) from port B of cell mkQuire.$flatten\instance_fn_twosC_quire_2.$add$/teamspace/studios/this_studio/Melodica-Integration-into-Fife-Core/Learn_Bluespec_and_RISCV_Design/Code/Build/Fife/verilog/module_fn_twosC_quire.v:251$210 ($add).
Removed top 31 bits (of 32) from port B of cell mkQuire.$flatten\instance_fn_twosC_quire_2.$add$/teamspace/studios/this_studio/Melodica-Integration-into-Fife-Core/Learn_Bluespec_and_RISCV_Design/Code/Build/Fife/verilog/module_fn_twosC_quire.v:244$204 ($add).
Removed top 31 bits (of 32) from port B of cell mkQuire.$flatten\instance_fn_twosC_quire_2.$add$/teamspace/studios/this_studio/Melodica-Integration-into-Fife-Core/Learn_Bluespec_and_RISCV_Design/Code/Build/Fife/verilog/module_fn_twosC_quire.v:237$198 ($add).
Removed top 31 bits (of 32) from port B of cell mkQuire.$flatten\instance_fn_twosC_quire_2.$add$/teamspace/studios/this_studio/Melodica-Integration-into-Fife-Core/Learn_Bluespec_and_RISCV_Design/Code/Build/Fife/verilog/module_fn_twosC_quire.v:230$192 ($add).
Removed top 31 bits (of 32) from port B of cell mkQuire.$flatten\instance_fn_twosC_quire_2.$add$/teamspace/studios/this_studio/Melodica-Integration-into-Fife-Core/Learn_Bluespec_and_RISCV_Design/Code/Build/Fife/verilog/module_fn_twosC_quire.v:223$186 ($add).
Removed top 1 bits (of 32) from mux cell mkQuire.$flatten\instance_fn_twosC_quire_2.$ternary$/teamspace/studios/this_studio/Melodica-Integration-into-Fife-Core/Learn_Bluespec_and_RISCV_Design/Code/Build/Fife/verilog/module_fn_twosC_quire.v:212$182 ($mux).
Removed top 31 bits (of 32) from port B of cell mkQuire.$flatten\instance_fn_twosC_quire_2.$add$/teamspace/studios/this_studio/Melodica-Integration-into-Fife-Core/Learn_Bluespec_and_RISCV_Design/Code/Build/Fife/verilog/module_fn_twosC_quire.v:209$174 ($add).
Removed top 31 bits (of 32) from port B of cell mkQuire.$flatten\instance_fn_twosC_quire_2.$add$/teamspace/studios/this_studio/Melodica-Integration-into-Fife-Core/Learn_Bluespec_and_RISCV_Design/Code/Build/Fife/verilog/module_fn_twosC_quire.v:202$168 ($add).
Removed top 31 bits (of 32) from port B of cell mkQuire.$flatten\instance_fn_twosC_quire_2.$add$/teamspace/studios/this_studio/Melodica-Integration-into-Fife-Core/Learn_Bluespec_and_RISCV_Design/Code/Build/Fife/verilog/module_fn_twosC_quire.v:195$162 ($add).
Removed top 31 bits (of 32) from port B of cell mkQuire.$flatten\instance_fn_twosC_quire_2.$add$/teamspace/studios/this_studio/Melodica-Integration-into-Fife-Core/Learn_Bluespec_and_RISCV_Design/Code/Build/Fife/verilog/module_fn_twosC_quire.v:188$156 ($add).
Removed top 31 bits (of 32) from port B of cell mkQuire.$flatten\instance_fn_twosC_quire_2.$add$/teamspace/studios/this_studio/Melodica-Integration-into-Fife-Core/Learn_Bluespec_and_RISCV_Design/Code/Build/Fife/verilog/module_fn_twosC_quire.v:181$150 ($add).
Removed top 31 bits (of 32) from port B of cell mkQuire.$flatten\instance_fn_twosC_quire_2.$add$/teamspace/studios/this_studio/Melodica-Integration-into-Fife-Core/Learn_Bluespec_and_RISCV_Design/Code/Build/Fife/verilog/module_fn_twosC_quire.v:174$144 ($add).
Removed top 31 bits (of 32) from port B of cell mkQuire.$flatten\instance_fn_twosC_quire_2.$add$/teamspace/studios/this_studio/Melodica-Integration-into-Fife-Core/Learn_Bluespec_and_RISCV_Design/Code/Build/Fife/verilog/module_fn_twosC_quire.v:167$138 ($add).
Removed top 31 bits (of 32) from port B of cell mkQuire.$flatten\instance_fn_twosC_quire_2.$add$/teamspace/studios/this_studio/Melodica-Integration-into-Fife-Core/Learn_Bluespec_and_RISCV_Design/Code/Build/Fife/verilog/module_fn_twosC_quire.v:160$132 ($add).
Removed top 31 bits (of 32) from port B of cell mkQuire.$flatten\instance_fn_twosC_quire_2.$add$/teamspace/studios/this_studio/Melodica-Integration-into-Fife-Core/Learn_Bluespec_and_RISCV_Design/Code/Build/Fife/verilog/module_fn_twosC_quire.v:153$126 ($add).
Removed top 31 bits (of 32) from port B of cell mkQuire.$flatten\instance_fn_twosC_quire_2.$add$/teamspace/studios/this_studio/Melodica-Integration-into-Fife-Core/Learn_Bluespec_and_RISCV_Design/Code/Build/Fife/verilog/module_fn_twosC_quire.v:146$120 ($add).
Removed top 31 bits (of 32) from port B of cell mkQuire.$flatten\instance_fn_twosC_quire_2.$add$/teamspace/studios/this_studio/Melodica-Integration-into-Fife-Core/Learn_Bluespec_and_RISCV_Design/Code/Build/Fife/verilog/module_fn_twosC_quire.v:139$114 ($add).
Removed top 31 bits (of 32) from port B of cell mkQuire.$flatten\instance_fn_twosC_quire_2.$add$/teamspace/studios/this_studio/Melodica-Integration-into-Fife-Core/Learn_Bluespec_and_RISCV_Design/Code/Build/Fife/verilog/module_fn_twosC_quire.v:132$108 ($add).
Removed top 31 bits (of 32) from port B of cell mkQuire.$flatten\instance_fn_twosC_quire_2.$add$/teamspace/studios/this_studio/Melodica-Integration-into-Fife-Core/Learn_Bluespec_and_RISCV_Design/Code/Build/Fife/verilog/module_fn_twosC_quire.v:125$102 ($add).
Removed top 31 bits (of 32) from port B of cell mkQuire.$flatten\instance_fn_twosC_quire_2.$add$/teamspace/studios/this_studio/Melodica-Integration-into-Fife-Core/Learn_Bluespec_and_RISCV_Design/Code/Build/Fife/verilog/module_fn_twosC_quire.v:118$96 ($add).
Removed top 31 bits (of 32) from port B of cell mkQuire.$flatten\instance_fn_twosC_quire_2.$add$/teamspace/studios/this_studio/Melodica-Integration-into-Fife-Core/Learn_Bluespec_and_RISCV_Design/Code/Build/Fife/verilog/module_fn_twosC_quire.v:111$90 ($add).
Removed top 31 bits (of 32) from port B of cell mkQuire.$flatten\instance_fn_twosC_quire_2.$add$/teamspace/studios/this_studio/Melodica-Integration-into-Fife-Core/Learn_Bluespec_and_RISCV_Design/Code/Build/Fife/verilog/module_fn_twosC_quire.v:104$84 ($add).
Removed top 1 bits (of 32) from wire mkQuire.$flatten\instance_fn_twosC_quire_1.$add$/teamspace/studios/this_studio/Melodica-Integration-into-Fife-Core/Learn_Bluespec_and_RISCV_Design/Code/Build/Fife/verilog/module_fn_twosC_quire.v:216$180_Y.
Removed top 1 bits (of 32) from wire mkQuire.$flatten\instance_fn_twosC_quire_1.$not$/teamspace/studios/this_studio/Melodica-Integration-into-Fife-Core/Learn_Bluespec_and_RISCV_Design/Code/Build/Fife/verilog/module_fn_twosC_quire.v:214$178_Y.
Removed top 17 bits (of 32) from wire mkQuire.$flatten\instance_fn_twosC_quire_1.$not$/teamspace/studios/this_studio/Melodica-Integration-into-Fife-Core/Learn_Bluespec_and_RISCV_Design/Code/Build/Fife/verilog/module_fn_twosC_quire.v:221$184_Y.
Removed top 1 bits (of 5) from wire mkQuire.$ternary$/teamspace/studios/this_studio/Melodica-Integration-into-Fife-Core/Learn_Bluespec_and_RISCV_Design/Code/Build/Fife/verilog/mkQuire.v:4723$1416_Y.
Removed top 2 bits (of 5) from wire mkQuire.$ternary$/teamspace/studios/this_studio/Melodica-Integration-into-Fife-Core/Learn_Bluespec_and_RISCV_Design/Code/Build/Fife/verilog/mkQuire.v:4726$1415_Y.
Removed top 2 bits (of 5) from wire mkQuire.$ternary$/teamspace/studios/this_studio/Melodica-Integration-into-Fife-Core/Learn_Bluespec_and_RISCV_Design/Code/Build/Fife/verilog/mkQuire.v:4729$1414_Y.
Removed top 2 bits (of 5) from wire mkQuire.$ternary$/teamspace/studios/this_studio/Melodica-Integration-into-Fife-Core/Learn_Bluespec_and_RISCV_Design/Code/Build/Fife/verilog/mkQuire.v:4732$1413_Y.
Removed top 2 bits (of 5) from wire mkQuire.$ternary$/teamspace/studios/this_studio/Melodica-Integration-into-Fife-Core/Learn_Bluespec_and_RISCV_Design/Code/Build/Fife/verilog/mkQuire.v:4735$1412_Y.
Removed top 2 bits (of 5) from wire mkQuire.$ternary$/teamspace/studios/this_studio/Melodica-Integration-into-Fife-Core/Learn_Bluespec_and_RISCV_Design/Code/Build/Fife/verilog/mkQuire.v:4738$1411_Y.
Removed top 2 bits (of 5) from wire mkQuire.$ternary$/teamspace/studios/this_studio/Melodica-Integration-into-Fife-Core/Learn_Bluespec_and_RISCV_Design/Code/Build/Fife/verilog/mkQuire.v:4741$1410_Y.
Removed top 2 bits (of 5) from wire mkQuire.$ternary$/teamspace/studios/this_studio/Melodica-Integration-into-Fife-Core/Learn_Bluespec_and_RISCV_Design/Code/Build/Fife/verilog/mkQuire.v:4744$1409_Y.
Removed top 4 bits (of 5) from wire mkQuire.$ternary$/teamspace/studios/this_studio/Melodica-Integration-into-Fife-Core/Learn_Bluespec_and_RISCV_Design/Code/Build/Fife/verilog/mkQuire.v:4747$1408_Y.
Removed top 1 bits (of 799) from wire mkQuire.IF_vrg_quire_24_11_BIT_31_58_THEN_fn_twosC_qui_ETC___d624.
Removed top 32 bits (of 800) from wire mkQuire.abs_quire_in__h64559.
Removed top 1 bits (of 33) from wire mkQuire.acc__h23419.
Removed top 1 bits (of 11) from wire mkQuire.numZeros__h23687.
Removed top 1 bits (of 41) from wire mkQuire.posit_rsp_f$D_IN.
Removed top 757 bits (of 768) from wire mkQuire.shftamt__h88770.
Removed top 1 bits (of 33) from wire mkQuire.x__h23476.

14.11. Executing PEEPOPT pass (run peephole optimizers).

14.12. Executing OPT_CLEAN pass (remove unused cells and wires).
Finding unused cells or wires in module \mkQuire..
Removed 0 unused cells and 19 unused wires.
<suppressed ~1 debug messages>

14.13. Executing ALUMACC pass (create $alu and $macc cells).
Extracting $alu and $macc cells in module mkQuire:
  creating $macc model for $add$/teamspace/studios/this_studio/Melodica-Integration-into-Fife-Core/Learn_Bluespec_and_RISCV_Design/Code/Build/Fife/verilog/mkQuire.v:2147$432 ($add).
  creating $macc model for $add$/teamspace/studios/this_studio/Melodica-Integration-into-Fife-Core/Learn_Bluespec_and_RISCV_Design/Code/Build/Fife/verilog/mkQuire.v:4428$1298 ($add).
  creating $macc model for $add$/teamspace/studios/this_studio/Melodica-Integration-into-Fife-Core/Learn_Bluespec_and_RISCV_Design/Code/Build/Fife/verilog/mkQuire.v:4430$1299 ($add).
  creating $macc model for $add$/teamspace/studios/this_studio/Melodica-Integration-into-Fife-Core/Learn_Bluespec_and_RISCV_Design/Code/Build/Fife/verilog/mkQuire.v:4432$1300 ($add).
  creating $macc model for $add$/teamspace/studios/this_studio/Melodica-Integration-into-Fife-Core/Learn_Bluespec_and_RISCV_Design/Code/Build/Fife/verilog/mkQuire.v:4434$1301 ($add).
  creating $macc model for $add$/teamspace/studios/this_studio/Melodica-Integration-into-Fife-Core/Learn_Bluespec_and_RISCV_Design/Code/Build/Fife/verilog/mkQuire.v:4436$1302 ($add).
  creating $macc model for $add$/teamspace/studios/this_studio/Melodica-Integration-into-Fife-Core/Learn_Bluespec_and_RISCV_Design/Code/Build/Fife/verilog/mkQuire.v:4438$1303 ($add).
  creating $macc model for $add$/teamspace/studios/this_studio/Melodica-Integration-into-Fife-Core/Learn_Bluespec_and_RISCV_Design/Code/Build/Fife/verilog/mkQuire.v:4440$1304 ($add).
  creating $macc model for $add$/teamspace/studios/this_studio/Melodica-Integration-into-Fife-Core/Learn_Bluespec_and_RISCV_Design/Code/Build/Fife/verilog/mkQuire.v:4442$1305 ($add).
  creating $macc model for $add$/teamspace/studios/this_studio/Melodica-Integration-into-Fife-Core/Learn_Bluespec_and_RISCV_Design/Code/Build/Fife/verilog/mkQuire.v:4444$1306 ($add).
  creating $macc model for $add$/teamspace/studios/this_studio/Melodica-Integration-into-Fife-Core/Learn_Bluespec_and_RISCV_Design/Code/Build/Fife/verilog/mkQuire.v:4446$1307 ($add).
  creating $macc model for $add$/teamspace/studios/this_studio/Melodica-Integration-into-Fife-Core/Learn_Bluespec_and_RISCV_Design/Code/Build/Fife/verilog/mkQuire.v:4448$1308 ($add).
  creating $macc model for $add$/teamspace/studios/this_studio/Melodica-Integration-into-Fife-Core/Learn_Bluespec_and_RISCV_Design/Code/Build/Fife/verilog/mkQuire.v:4450$1309 ($add).
  creating $macc model for $add$/teamspace/studios/this_studio/Melodica-Integration-into-Fife-Core/Learn_Bluespec_and_RISCV_Design/Code/Build/Fife/verilog/mkQuire.v:4452$1310 ($add).
  creating $macc model for $add$/teamspace/studios/this_studio/Melodica-Integration-into-Fife-Core/Learn_Bluespec_and_RISCV_Design/Code/Build/Fife/verilog/mkQuire.v:4454$1311 ($add).
  creating $macc model for $add$/teamspace/studios/this_studio/Melodica-Integration-into-Fife-Core/Learn_Bluespec_and_RISCV_Design/Code/Build/Fife/verilog/mkQuire.v:4456$1312 ($add).
  creating $macc model for $add$/teamspace/studios/this_studio/Melodica-Integration-into-Fife-Core/Learn_Bluespec_and_RISCV_Design/Code/Build/Fife/verilog/mkQuire.v:4458$1313 ($add).
  creating $macc model for $add$/teamspace/studios/this_studio/Melodica-Integration-into-Fife-Core/Learn_Bluespec_and_RISCV_Design/Code/Build/Fife/verilog/mkQuire.v:4460$1314 ($add).
  creating $macc model for $add$/teamspace/studios/this_studio/Melodica-Integration-into-Fife-Core/Learn_Bluespec_and_RISCV_Design/Code/Build/Fife/verilog/mkQuire.v:4462$1315 ($add).
  creating $macc model for $add$/teamspace/studios/this_studio/Melodica-Integration-into-Fife-Core/Learn_Bluespec_and_RISCV_Design/Code/Build/Fife/verilog/mkQuire.v:4464$1316 ($add).
  creating $macc model for $add$/teamspace/studios/this_studio/Melodica-Integration-into-Fife-Core/Learn_Bluespec_and_RISCV_Design/Code/Build/Fife/verilog/mkQuire.v:4466$1317 ($add).
  creating $macc model for $add$/teamspace/studios/this_studio/Melodica-Integration-into-Fife-Core/Learn_Bluespec_and_RISCV_Design/Code/Build/Fife/verilog/mkQuire.v:4468$1318 ($add).
  creating $macc model for $add$/teamspace/studios/this_studio/Melodica-Integration-into-Fife-Core/Learn_Bluespec_and_RISCV_Design/Code/Build/Fife/verilog/mkQuire.v:4470$1319 ($add).
  creating $macc model for $add$/teamspace/studios/this_studio/Melodica-Integration-into-Fife-Core/Learn_Bluespec_and_RISCV_Design/Code/Build/Fife/verilog/mkQuire.v:4472$1320 ($add).
  creating $macc model for $add$/teamspace/studios/this_studio/Melodica-Integration-into-Fife-Core/Learn_Bluespec_and_RISCV_Design/Code/Build/Fife/verilog/mkQuire.v:4474$1321 ($add).
  creating $macc model for $add$/teamspace/studios/this_studio/Melodica-Integration-into-Fife-Core/Learn_Bluespec_and_RISCV_Design/Code/Build/Fife/verilog/mkQuire.v:4476$1322 ($add).
  creating $macc model for $add$/teamspace/studios/this_studio/Melodica-Integration-into-Fife-Core/Learn_Bluespec_and_RISCV_Design/Code/Build/Fife/verilog/mkQuire.v:4504$1324 ($add).
  creating $macc model for $add$/teamspace/studios/this_studio/Melodica-Integration-into-Fife-Core/Learn_Bluespec_and_RISCV_Design/Code/Build/Fife/verilog/mkQuire.v:4531$1325 ($add).
  creating $macc model for $add$/teamspace/studios/this_studio/Melodica-Integration-into-Fife-Core/Learn_Bluespec_and_RISCV_Design/Code/Build/Fife/verilog/mkQuire.v:4751$1433 ($add).
  creating $macc model for $add$/teamspace/studios/this_studio/Melodica-Integration-into-Fife-Core/Learn_Bluespec_and_RISCV_Design/Code/Build/Fife/verilog/mkQuire.v:4752$1434 ($add).
  creating $macc model for $add$/teamspace/studios/this_studio/Melodica-Integration-into-Fife-Core/Learn_Bluespec_and_RISCV_Design/Code/Build/Fife/verilog/mkQuire.v:4753$1435 ($add).
  creating $macc model for $add$/teamspace/studios/this_studio/Melodica-Integration-into-Fife-Core/Learn_Bluespec_and_RISCV_Design/Code/Build/Fife/verilog/mkQuire.v:4754$1436 ($add).
  creating $macc model for $add$/teamspace/studios/this_studio/Melodica-Integration-into-Fife-Core/Learn_Bluespec_and_RISCV_Design/Code/Build/Fife/verilog/mkQuire.v:4755$1437 ($add).
  creating $macc model for $add$/teamspace/studios/this_studio/Melodica-Integration-into-Fife-Core/Learn_Bluespec_and_RISCV_Design/Code/Build/Fife/verilog/mkQuire.v:4756$1438 ($add).
  creating $macc model for $add$/teamspace/studios/this_studio/Melodica-Integration-into-Fife-Core/Learn_Bluespec_and_RISCV_Design/Code/Build/Fife/verilog/mkQuire.v:4757$1439 ($add).
  creating $macc model for $add$/teamspace/studios/this_studio/Melodica-Integration-into-Fife-Core/Learn_Bluespec_and_RISCV_Design/Code/Build/Fife/verilog/mkQuire.v:4758$1440 ($add).
  creating $macc model for $add$/teamspace/studios/this_studio/Melodica-Integration-into-Fife-Core/Learn_Bluespec_and_RISCV_Design/Code/Build/Fife/verilog/mkQuire.v:4759$1441 ($add).
  creating $macc model for $add$/teamspace/studios/this_studio/Melodica-Integration-into-Fife-Core/Learn_Bluespec_and_RISCV_Design/Code/Build/Fife/verilog/mkQuire.v:4760$1442 ($add).
  creating $macc model for $add$/teamspace/studios/this_studio/Melodica-Integration-into-Fife-Core/Learn_Bluespec_and_RISCV_Design/Code/Build/Fife/verilog/mkQuire.v:4761$1443 ($add).
  creating $macc model for $add$/teamspace/studios/this_studio/Melodica-Integration-into-Fife-Core/Learn_Bluespec_and_RISCV_Design/Code/Build/Fife/verilog/mkQuire.v:4762$1444 ($add).
  creating $macc model for $add$/teamspace/studios/this_studio/Melodica-Integration-into-Fife-Core/Learn_Bluespec_and_RISCV_Design/Code/Build/Fife/verilog/mkQuire.v:4763$1445 ($add).
  creating $macc model for $add$/teamspace/studios/this_studio/Melodica-Integration-into-Fife-Core/Learn_Bluespec_and_RISCV_Design/Code/Build/Fife/verilog/mkQuire.v:4764$1446 ($add).
  creating $macc model for $add$/teamspace/studios/this_studio/Melodica-Integration-into-Fife-Core/Learn_Bluespec_and_RISCV_Design/Code/Build/Fife/verilog/mkQuire.v:4765$1447 ($add).
  creating $macc model for $add$/teamspace/studios/this_studio/Melodica-Integration-into-Fife-Core/Learn_Bluespec_and_RISCV_Design/Code/Build/Fife/verilog/mkQuire.v:4766$1448 ($add).
  creating $macc model for $add$/teamspace/studios/this_studio/Melodica-Integration-into-Fife-Core/Learn_Bluespec_and_RISCV_Design/Code/Build/Fife/verilog/mkQuire.v:4767$1449 ($add).
  creating $macc model for $add$/teamspace/studios/this_studio/Melodica-Integration-into-Fife-Core/Learn_Bluespec_and_RISCV_Design/Code/Build/Fife/verilog/mkQuire.v:4768$1450 ($add).
  creating $macc model for $add$/teamspace/studios/this_studio/Melodica-Integration-into-Fife-Core/Learn_Bluespec_and_RISCV_Design/Code/Build/Fife/verilog/mkQuire.v:4769$1451 ($add).
  creating $macc model for $add$/teamspace/studios/this_studio/Melodica-Integration-into-Fife-Core/Learn_Bluespec_and_RISCV_Design/Code/Build/Fife/verilog/mkQuire.v:4770$1452 ($add).
  creating $macc model for $add$/teamspace/studios/this_studio/Melodica-Integration-into-Fife-Core/Learn_Bluespec_and_RISCV_Design/Code/Build/Fife/verilog/mkQuire.v:4771$1453 ($add).
  creating $macc model for $add$/teamspace/studios/this_studio/Melodica-Integration-into-Fife-Core/Learn_Bluespec_and_RISCV_Design/Code/Build/Fife/verilog/mkQuire.v:4772$1454 ($add).
  creating $macc model for $add$/teamspace/studios/this_studio/Melodica-Integration-into-Fife-Core/Learn_Bluespec_and_RISCV_Design/Code/Build/Fife/verilog/mkQuire.v:4773$1455 ($add).
  creating $macc model for $add$/teamspace/studios/this_studio/Melodica-Integration-into-Fife-Core/Learn_Bluespec_and_RISCV_Design/Code/Build/Fife/verilog/mkQuire.v:4774$1456 ($add).
  creating $macc model for $flatten\instance_fn_twosC_quire_0.$add$/teamspace/studios/this_studio/Melodica-Integration-into-Fife-Core/Learn_Bluespec_and_RISCV_Design/Code/Build/Fife/verilog/module_fn_twosC_quire.v:104$84 ($add).
  creating $macc model for $flatten\instance_fn_twosC_quire_0.$add$/teamspace/studios/this_studio/Melodica-Integration-into-Fife-Core/Learn_Bluespec_and_RISCV_Design/Code/Build/Fife/verilog/module_fn_twosC_quire.v:111$90 ($add).
  creating $macc model for $flatten\instance_fn_twosC_quire_0.$add$/teamspace/studios/this_studio/Melodica-Integration-into-Fife-Core/Learn_Bluespec_and_RISCV_Design/Code/Build/Fife/verilog/module_fn_twosC_quire.v:118$96 ($add).
  creating $macc model for $flatten\instance_fn_twosC_quire_0.$add$/teamspace/studios/this_studio/Melodica-Integration-into-Fife-Core/Learn_Bluespec_and_RISCV_Design/Code/Build/Fife/verilog/module_fn_twosC_quire.v:125$102 ($add).
  creating $macc model for $flatten\instance_fn_twosC_quire_0.$add$/teamspace/studios/this_studio/Melodica-Integration-into-Fife-Core/Learn_Bluespec_and_RISCV_Design/Code/Build/Fife/verilog/module_fn_twosC_quire.v:132$108 ($add).
  creating $macc model for $flatten\instance_fn_twosC_quire_0.$add$/teamspace/studios/this_studio/Melodica-Integration-into-Fife-Core/Learn_Bluespec_and_RISCV_Design/Code/Build/Fife/verilog/module_fn_twosC_quire.v:139$114 ($add).
  creating $macc model for $flatten\instance_fn_twosC_quire_0.$add$/teamspace/studios/this_studio/Melodica-Integration-into-Fife-Core/Learn_Bluespec_and_RISCV_Design/Code/Build/Fife/verilog/module_fn_twosC_quire.v:146$120 ($add).
  creating $macc model for $flatten\instance_fn_twosC_quire_0.$add$/teamspace/studios/this_studio/Melodica-Integration-into-Fife-Core/Learn_Bluespec_and_RISCV_Design/Code/Build/Fife/verilog/module_fn_twosC_quire.v:153$126 ($add).
  creating $macc model for $flatten\instance_fn_twosC_quire_0.$add$/teamspace/studios/this_studio/Melodica-Integration-into-Fife-Core/Learn_Bluespec_and_RISCV_Design/Code/Build/Fife/verilog/module_fn_twosC_quire.v:160$132 ($add).
  creating $macc model for $flatten\instance_fn_twosC_quire_0.$add$/teamspace/studios/this_studio/Melodica-Integration-into-Fife-Core/Learn_Bluespec_and_RISCV_Design/Code/Build/Fife/verilog/module_fn_twosC_quire.v:167$138 ($add).
  creating $macc model for $flatten\instance_fn_twosC_quire_0.$add$/teamspace/studios/this_studio/Melodica-Integration-into-Fife-Core/Learn_Bluespec_and_RISCV_Design/Code/Build/Fife/verilog/module_fn_twosC_quire.v:174$144 ($add).
  creating $macc model for $flatten\instance_fn_twosC_quire_0.$add$/teamspace/studios/this_studio/Melodica-Integration-into-Fife-Core/Learn_Bluespec_and_RISCV_Design/Code/Build/Fife/verilog/module_fn_twosC_quire.v:181$150 ($add).
  creating $macc model for $flatten\instance_fn_twosC_quire_0.$add$/teamspace/studios/this_studio/Melodica-Integration-into-Fife-Core/Learn_Bluespec_and_RISCV_Design/Code/Build/Fife/verilog/module_fn_twosC_quire.v:188$156 ($add).
  creating $macc model for $flatten\instance_fn_twosC_quire_0.$add$/teamspace/studios/this_studio/Melodica-Integration-into-Fife-Core/Learn_Bluespec_and_RISCV_Design/Code/Build/Fife/verilog/module_fn_twosC_quire.v:195$162 ($add).
  creating $macc model for $flatten\instance_fn_twosC_quire_0.$add$/teamspace/studios/this_studio/Melodica-Integration-into-Fife-Core/Learn_Bluespec_and_RISCV_Design/Code/Build/Fife/verilog/module_fn_twosC_quire.v:202$168 ($add).
  creating $macc model for $flatten\instance_fn_twosC_quire_0.$add$/teamspace/studios/this_studio/Melodica-Integration-into-Fife-Core/Learn_Bluespec_and_RISCV_Design/Code/Build/Fife/verilog/module_fn_twosC_quire.v:209$174 ($add).
  creating $macc model for $flatten\instance_fn_twosC_quire_0.$add$/teamspace/studios/this_studio/Melodica-Integration-into-Fife-Core/Learn_Bluespec_and_RISCV_Design/Code/Build/Fife/verilog/module_fn_twosC_quire.v:223$186 ($add).
  creating $macc model for $flatten\instance_fn_twosC_quire_0.$add$/teamspace/studios/this_studio/Melodica-Integration-into-Fife-Core/Learn_Bluespec_and_RISCV_Design/Code/Build/Fife/verilog/module_fn_twosC_quire.v:230$192 ($add).
  creating $macc model for $flatten\instance_fn_twosC_quire_0.$add$/teamspace/studios/this_studio/Melodica-Integration-into-Fife-Core/Learn_Bluespec_and_RISCV_Design/Code/Build/Fife/verilog/module_fn_twosC_quire.v:237$198 ($add).
  creating $macc model for $flatten\instance_fn_twosC_quire_0.$add$/teamspace/studios/this_studio/Melodica-Integration-into-Fife-Core/Learn_Bluespec_and_RISCV_Design/Code/Build/Fife/verilog/module_fn_twosC_quire.v:244$204 ($add).
  creating $macc model for $flatten\instance_fn_twosC_quire_0.$add$/teamspace/studios/this_studio/Melodica-Integration-into-Fife-Core/Learn_Bluespec_and_RISCV_Design/Code/Build/Fife/verilog/module_fn_twosC_quire.v:251$210 ($add).
  creating $macc model for $flatten\instance_fn_twosC_quire_0.$add$/teamspace/studios/this_studio/Melodica-Integration-into-Fife-Core/Learn_Bluespec_and_RISCV_Design/Code/Build/Fife/verilog/module_fn_twosC_quire.v:258$216 ($add).
  creating $macc model for $flatten\instance_fn_twosC_quire_0.$add$/teamspace/studios/this_studio/Melodica-Integration-into-Fife-Core/Learn_Bluespec_and_RISCV_Design/Code/Build/Fife/verilog/module_fn_twosC_quire.v:265$222 ($add).
  creating $macc model for $flatten\instance_fn_twosC_quire_0.$add$/teamspace/studios/this_studio/Melodica-Integration-into-Fife-Core/Learn_Bluespec_and_RISCV_Design/Code/Build/Fife/verilog/module_fn_twosC_quire.v:272$228 ($add).
  creating $macc model for $flatten\instance_fn_twosC_quire_0.$add$/teamspace/studios/this_studio/Melodica-Integration-into-Fife-Core/Learn_Bluespec_and_RISCV_Design/Code/Build/Fife/verilog/module_fn_twosC_quire.v:275$231 ($add).
  creating $macc model for $flatten\instance_fn_twosC_quire_1.$add$/teamspace/studios/this_studio/Melodica-Integration-into-Fife-Core/Learn_Bluespec_and_RISCV_Design/Code/Build/Fife/verilog/module_fn_twosC_quire.v:104$84 ($add).
  creating $macc model for $flatten\instance_fn_twosC_quire_1.$add$/teamspace/studios/this_studio/Melodica-Integration-into-Fife-Core/Learn_Bluespec_and_RISCV_Design/Code/Build/Fife/verilog/module_fn_twosC_quire.v:111$90 ($add).
  creating $macc model for $flatten\instance_fn_twosC_quire_1.$add$/teamspace/studios/this_studio/Melodica-Integration-into-Fife-Core/Learn_Bluespec_and_RISCV_Design/Code/Build/Fife/verilog/module_fn_twosC_quire.v:118$96 ($add).
  creating $macc model for $flatten\instance_fn_twosC_quire_1.$add$/teamspace/studios/this_studio/Melodica-Integration-into-Fife-Core/Learn_Bluespec_and_RISCV_Design/Code/Build/Fife/verilog/module_fn_twosC_quire.v:125$102 ($add).
  creating $macc model for $flatten\instance_fn_twosC_quire_1.$add$/teamspace/studios/this_studio/Melodica-Integration-into-Fife-Core/Learn_Bluespec_and_RISCV_Design/Code/Build/Fife/verilog/module_fn_twosC_quire.v:132$108 ($add).
  creating $macc model for $flatten\instance_fn_twosC_quire_1.$add$/teamspace/studios/this_studio/Melodica-Integration-into-Fife-Core/Learn_Bluespec_and_RISCV_Design/Code/Build/Fife/verilog/module_fn_twosC_quire.v:139$114 ($add).
  creating $macc model for $flatten\instance_fn_twosC_quire_1.$add$/teamspace/studios/this_studio/Melodica-Integration-into-Fife-Core/Learn_Bluespec_and_RISCV_Design/Code/Build/Fife/verilog/module_fn_twosC_quire.v:146$120 ($add).
  creating $macc model for $flatten\instance_fn_twosC_quire_1.$add$/teamspace/studios/this_studio/Melodica-Integration-into-Fife-Core/Learn_Bluespec_and_RISCV_Design/Code/Build/Fife/verilog/module_fn_twosC_quire.v:153$126 ($add).
  creating $macc model for $flatten\instance_fn_twosC_quire_1.$add$/teamspace/studios/this_studio/Melodica-Integration-into-Fife-Core/Learn_Bluespec_and_RISCV_Design/Code/Build/Fife/verilog/module_fn_twosC_quire.v:160$132 ($add).
  creating $macc model for $flatten\instance_fn_twosC_quire_1.$add$/teamspace/studios/this_studio/Melodica-Integration-into-Fife-Core/Learn_Bluespec_and_RISCV_Design/Code/Build/Fife/verilog/module_fn_twosC_quire.v:167$138 ($add).
  creating $macc model for $flatten\instance_fn_twosC_quire_1.$add$/teamspace/studios/this_studio/Melodica-Integration-into-Fife-Core/Learn_Bluespec_and_RISCV_Design/Code/Build/Fife/verilog/module_fn_twosC_quire.v:174$144 ($add).
  creating $macc model for $flatten\instance_fn_twosC_quire_1.$add$/teamspace/studios/this_studio/Melodica-Integration-into-Fife-Core/Learn_Bluespec_and_RISCV_Design/Code/Build/Fife/verilog/module_fn_twosC_quire.v:181$150 ($add).
  creating $macc model for $flatten\instance_fn_twosC_quire_1.$add$/teamspace/studios/this_studio/Melodica-Integration-into-Fife-Core/Learn_Bluespec_and_RISCV_Design/Code/Build/Fife/verilog/module_fn_twosC_quire.v:188$156 ($add).
  creating $macc model for $flatten\instance_fn_twosC_quire_1.$add$/teamspace/studios/this_studio/Melodica-Integration-into-Fife-Core/Learn_Bluespec_and_RISCV_Design/Code/Build/Fife/verilog/module_fn_twosC_quire.v:195$162 ($add).
  creating $macc model for $flatten\instance_fn_twosC_quire_1.$add$/teamspace/studios/this_studio/Melodica-Integration-into-Fife-Core/Learn_Bluespec_and_RISCV_Design/Code/Build/Fife/verilog/module_fn_twosC_quire.v:202$168 ($add).
  creating $macc model for $flatten\instance_fn_twosC_quire_1.$add$/teamspace/studios/this_studio/Melodica-Integration-into-Fife-Core/Learn_Bluespec_and_RISCV_Design/Code/Build/Fife/verilog/module_fn_twosC_quire.v:209$174 ($add).
  creating $macc model for $flatten\instance_fn_twosC_quire_1.$add$/teamspace/studios/this_studio/Melodica-Integration-into-Fife-Core/Learn_Bluespec_and_RISCV_Design/Code/Build/Fife/verilog/module_fn_twosC_quire.v:216$180 ($add).
  creating $macc model for $flatten\instance_fn_twosC_quire_1.$add$/teamspace/studios/this_studio/Melodica-Integration-into-Fife-Core/Learn_Bluespec_and_RISCV_Design/Code/Build/Fife/verilog/module_fn_twosC_quire.v:223$186 ($add).
  creating $macc model for $flatten\instance_fn_twosC_quire_1.$add$/teamspace/studios/this_studio/Melodica-Integration-into-Fife-Core/Learn_Bluespec_and_RISCV_Design/Code/Build/Fife/verilog/module_fn_twosC_quire.v:230$192 ($add).
  creating $macc model for $flatten\instance_fn_twosC_quire_1.$add$/teamspace/studios/this_studio/Melodica-Integration-into-Fife-Core/Learn_Bluespec_and_RISCV_Design/Code/Build/Fife/verilog/module_fn_twosC_quire.v:237$198 ($add).
  creating $macc model for $flatten\instance_fn_twosC_quire_1.$add$/teamspace/studios/this_studio/Melodica-Integration-into-Fife-Core/Learn_Bluespec_and_RISCV_Design/Code/Build/Fife/verilog/module_fn_twosC_quire.v:244$204 ($add).
  creating $macc model for $flatten\instance_fn_twosC_quire_1.$add$/teamspace/studios/this_studio/Melodica-Integration-into-Fife-Core/Learn_Bluespec_and_RISCV_Design/Code/Build/Fife/verilog/module_fn_twosC_quire.v:251$210 ($add).
  creating $macc model for $flatten\instance_fn_twosC_quire_1.$add$/teamspace/studios/this_studio/Melodica-Integration-into-Fife-Core/Learn_Bluespec_and_RISCV_Design/Code/Build/Fife/verilog/module_fn_twosC_quire.v:258$216 ($add).
  creating $macc model for $flatten\instance_fn_twosC_quire_1.$add$/teamspace/studios/this_studio/Melodica-Integration-into-Fife-Core/Learn_Bluespec_and_RISCV_Design/Code/Build/Fife/verilog/module_fn_twosC_quire.v:265$222 ($add).
  creating $macc model for $flatten\instance_fn_twosC_quire_1.$add$/teamspace/studios/this_studio/Melodica-Integration-into-Fife-Core/Learn_Bluespec_and_RISCV_Design/Code/Build/Fife/verilog/module_fn_twosC_quire.v:272$228 ($add).
  creating $macc model for $flatten\instance_fn_twosC_quire_1.$add$/teamspace/studios/this_studio/Melodica-Integration-into-Fife-Core/Learn_Bluespec_and_RISCV_Design/Code/Build/Fife/verilog/module_fn_twosC_quire.v:275$231 ($add).
  creating $macc model for $flatten\instance_fn_twosC_quire_2.$add$/teamspace/studios/this_studio/Melodica-Integration-into-Fife-Core/Learn_Bluespec_and_RISCV_Design/Code/Build/Fife/verilog/module_fn_twosC_quire.v:104$84 ($add).
  creating $macc model for $flatten\instance_fn_twosC_quire_2.$add$/teamspace/studios/this_studio/Melodica-Integration-into-Fife-Core/Learn_Bluespec_and_RISCV_Design/Code/Build/Fife/verilog/module_fn_twosC_quire.v:111$90 ($add).
  creating $macc model for $flatten\instance_fn_twosC_quire_2.$add$/teamspace/studios/this_studio/Melodica-Integration-into-Fife-Core/Learn_Bluespec_and_RISCV_Design/Code/Build/Fife/verilog/module_fn_twosC_quire.v:118$96 ($add).
  creating $macc model for $flatten\instance_fn_twosC_quire_2.$add$/teamspace/studios/this_studio/Melodica-Integration-into-Fife-Core/Learn_Bluespec_and_RISCV_Design/Code/Build/Fife/verilog/module_fn_twosC_quire.v:125$102 ($add).
  creating $macc model for $flatten\instance_fn_twosC_quire_2.$add$/teamspace/studios/this_studio/Melodica-Integration-into-Fife-Core/Learn_Bluespec_and_RISCV_Design/Code/Build/Fife/verilog/module_fn_twosC_quire.v:132$108 ($add).
  creating $macc model for $flatten\instance_fn_twosC_quire_2.$add$/teamspace/studios/this_studio/Melodica-Integration-into-Fife-Core/Learn_Bluespec_and_RISCV_Design/Code/Build/Fife/verilog/module_fn_twosC_quire.v:139$114 ($add).
  creating $macc model for $flatten\instance_fn_twosC_quire_2.$add$/teamspace/studios/this_studio/Melodica-Integration-into-Fife-Core/Learn_Bluespec_and_RISCV_Design/Code/Build/Fife/verilog/module_fn_twosC_quire.v:146$120 ($add).
  creating $macc model for $flatten\instance_fn_twosC_quire_2.$add$/teamspace/studios/this_studio/Melodica-Integration-into-Fife-Core/Learn_Bluespec_and_RISCV_Design/Code/Build/Fife/verilog/module_fn_twosC_quire.v:153$126 ($add).
  creating $macc model for $flatten\instance_fn_twosC_quire_2.$add$/teamspace/studios/this_studio/Melodica-Integration-into-Fife-Core/Learn_Bluespec_and_RISCV_Design/Code/Build/Fife/verilog/module_fn_twosC_quire.v:160$132 ($add).
  creating $macc model for $flatten\instance_fn_twosC_quire_2.$add$/teamspace/studios/this_studio/Melodica-Integration-into-Fife-Core/Learn_Bluespec_and_RISCV_Design/Code/Build/Fife/verilog/module_fn_twosC_quire.v:167$138 ($add).
  creating $macc model for $flatten\instance_fn_twosC_quire_2.$add$/teamspace/studios/this_studio/Melodica-Integration-into-Fife-Core/Learn_Bluespec_and_RISCV_Design/Code/Build/Fife/verilog/module_fn_twosC_quire.v:174$144 ($add).
  creating $macc model for $flatten\instance_fn_twosC_quire_2.$add$/teamspace/studios/this_studio/Melodica-Integration-into-Fife-Core/Learn_Bluespec_and_RISCV_Design/Code/Build/Fife/verilog/module_fn_twosC_quire.v:181$150 ($add).
  creating $macc model for $flatten\instance_fn_twosC_quire_2.$add$/teamspace/studios/this_studio/Melodica-Integration-into-Fife-Core/Learn_Bluespec_and_RISCV_Design/Code/Build/Fife/verilog/module_fn_twosC_quire.v:188$156 ($add).
  creating $macc model for $flatten\instance_fn_twosC_quire_2.$add$/teamspace/studios/this_studio/Melodica-Integration-into-Fife-Core/Learn_Bluespec_and_RISCV_Design/Code/Build/Fife/verilog/module_fn_twosC_quire.v:195$162 ($add).
  creating $macc model for $flatten\instance_fn_twosC_quire_2.$add$/teamspace/studios/this_studio/Melodica-Integration-into-Fife-Core/Learn_Bluespec_and_RISCV_Design/Code/Build/Fife/verilog/module_fn_twosC_quire.v:202$168 ($add).
  creating $macc model for $flatten\instance_fn_twosC_quire_2.$add$/teamspace/studios/this_studio/Melodica-Integration-into-Fife-Core/Learn_Bluespec_and_RISCV_Design/Code/Build/Fife/verilog/module_fn_twosC_quire.v:209$174 ($add).
  creating $macc model for $flatten\instance_fn_twosC_quire_2.$add$/teamspace/studios/this_studio/Melodica-Integration-into-Fife-Core/Learn_Bluespec_and_RISCV_Design/Code/Build/Fife/verilog/module_fn_twosC_quire.v:223$186 ($add).
  creating $macc model for $flatten\instance_fn_twosC_quire_2.$add$/teamspace/studios/this_studio/Melodica-Integration-into-Fife-Core/Learn_Bluespec_and_RISCV_Design/Code/Build/Fife/verilog/module_fn_twosC_quire.v:230$192 ($add).
  creating $macc model for $flatten\instance_fn_twosC_quire_2.$add$/teamspace/studios/this_studio/Melodica-Integration-into-Fife-Core/Learn_Bluespec_and_RISCV_Design/Code/Build/Fife/verilog/module_fn_twosC_quire.v:237$198 ($add).
  creating $macc model for $flatten\instance_fn_twosC_quire_2.$add$/teamspace/studios/this_studio/Melodica-Integration-into-Fife-Core/Learn_Bluespec_and_RISCV_Design/Code/Build/Fife/verilog/module_fn_twosC_quire.v:244$204 ($add).
  creating $macc model for $flatten\instance_fn_twosC_quire_2.$add$/teamspace/studios/this_studio/Melodica-Integration-into-Fife-Core/Learn_Bluespec_and_RISCV_Design/Code/Build/Fife/verilog/module_fn_twosC_quire.v:251$210 ($add).
  creating $macc model for $flatten\instance_fn_twosC_quire_2.$add$/teamspace/studios/this_studio/Melodica-Integration-into-Fife-Core/Learn_Bluespec_and_RISCV_Design/Code/Build/Fife/verilog/module_fn_twosC_quire.v:258$216 ($add).
  creating $macc model for $flatten\instance_fn_twosC_quire_2.$add$/teamspace/studios/this_studio/Melodica-Integration-into-Fife-Core/Learn_Bluespec_and_RISCV_Design/Code/Build/Fife/verilog/module_fn_twosC_quire.v:265$222 ($add).
  creating $macc model for $flatten\instance_fn_twosC_quire_2.$add$/teamspace/studios/this_studio/Melodica-Integration-into-Fife-Core/Learn_Bluespec_and_RISCV_Design/Code/Build/Fife/verilog/module_fn_twosC_quire.v:272$228 ($add).
  creating $macc model for $flatten\instance_fn_twosC_quire_2.$add$/teamspace/studios/this_studio/Melodica-Integration-into-Fife-Core/Learn_Bluespec_and_RISCV_Design/Code/Build/Fife/verilog/module_fn_twosC_quire.v:275$231 ($add).
  creating $macc model for $flatten\seg_adder_vff_carry_0.$add$/teamspace/studios/this_studio/Melodica-Integration-into-Fife-Core/bsc/lib/Verilog/SizedFIFO.v:75$1848 ($add).
  creating $macc model for $flatten\seg_adder_vff_carry_0.$add$/teamspace/studios/this_studio/Melodica-Integration-into-Fife-Core/bsc/lib/Verilog/SizedFIFO.v:76$1849 ($add).
  creating $macc model for $flatten\seg_adder_vff_carry_1.$add$/teamspace/studios/this_studio/Melodica-Integration-into-Fife-Core/bsc/lib/Verilog/SizedFIFO.v:75$1848 ($add).
  creating $macc model for $flatten\seg_adder_vff_carry_1.$add$/teamspace/studios/this_studio/Melodica-Integration-into-Fife-Core/bsc/lib/Verilog/SizedFIFO.v:76$1849 ($add).
  creating $macc model for $flatten\seg_adder_vff_carry_10.$add$/teamspace/studios/this_studio/Melodica-Integration-into-Fife-Core/bsc/lib/Verilog/SizedFIFO.v:75$1848 ($add).
  creating $macc model for $flatten\seg_adder_vff_carry_10.$add$/teamspace/studios/this_studio/Melodica-Integration-into-Fife-Core/bsc/lib/Verilog/SizedFIFO.v:76$1849 ($add).
  creating $macc model for $flatten\seg_adder_vff_carry_11.$add$/teamspace/studios/this_studio/Melodica-Integration-into-Fife-Core/bsc/lib/Verilog/SizedFIFO.v:75$1848 ($add).
  creating $macc model for $flatten\seg_adder_vff_carry_11.$add$/teamspace/studios/this_studio/Melodica-Integration-into-Fife-Core/bsc/lib/Verilog/SizedFIFO.v:76$1849 ($add).
  creating $macc model for $flatten\seg_adder_vff_carry_12.$add$/teamspace/studios/this_studio/Melodica-Integration-into-Fife-Core/bsc/lib/Verilog/SizedFIFO.v:75$1848 ($add).
  creating $macc model for $flatten\seg_adder_vff_carry_12.$add$/teamspace/studios/this_studio/Melodica-Integration-into-Fife-Core/bsc/lib/Verilog/SizedFIFO.v:76$1849 ($add).
  creating $macc model for $flatten\seg_adder_vff_carry_13.$add$/teamspace/studios/this_studio/Melodica-Integration-into-Fife-Core/bsc/lib/Verilog/SizedFIFO.v:75$1848 ($add).
  creating $macc model for $flatten\seg_adder_vff_carry_13.$add$/teamspace/studios/this_studio/Melodica-Integration-into-Fife-Core/bsc/lib/Verilog/SizedFIFO.v:76$1849 ($add).
  creating $macc model for $flatten\seg_adder_vff_carry_14.$add$/teamspace/studios/this_studio/Melodica-Integration-into-Fife-Core/bsc/lib/Verilog/SizedFIFO.v:75$1848 ($add).
  creating $macc model for $flatten\seg_adder_vff_carry_14.$add$/teamspace/studios/this_studio/Melodica-Integration-into-Fife-Core/bsc/lib/Verilog/SizedFIFO.v:76$1849 ($add).
  creating $macc model for $flatten\seg_adder_vff_carry_15.$add$/teamspace/studios/this_studio/Melodica-Integration-into-Fife-Core/bsc/lib/Verilog/SizedFIFO.v:75$1848 ($add).
  creating $macc model for $flatten\seg_adder_vff_carry_15.$add$/teamspace/studios/this_studio/Melodica-Integration-into-Fife-Core/bsc/lib/Verilog/SizedFIFO.v:76$1849 ($add).
  creating $macc model for $flatten\seg_adder_vff_carry_16.$add$/teamspace/studios/this_studio/Melodica-Integration-into-Fife-Core/bsc/lib/Verilog/SizedFIFO.v:75$1848 ($add).
  creating $macc model for $flatten\seg_adder_vff_carry_16.$add$/teamspace/studios/this_studio/Melodica-Integration-into-Fife-Core/bsc/lib/Verilog/SizedFIFO.v:76$1849 ($add).
  creating $macc model for $flatten\seg_adder_vff_carry_17.$add$/teamspace/studios/this_studio/Melodica-Integration-into-Fife-Core/bsc/lib/Verilog/SizedFIFO.v:75$1848 ($add).
  creating $macc model for $flatten\seg_adder_vff_carry_17.$add$/teamspace/studios/this_studio/Melodica-Integration-into-Fife-Core/bsc/lib/Verilog/SizedFIFO.v:76$1849 ($add).
  creating $macc model for $flatten\seg_adder_vff_carry_18.$add$/teamspace/studios/this_studio/Melodica-Integration-into-Fife-Core/bsc/lib/Verilog/SizedFIFO.v:75$1848 ($add).
  creating $macc model for $flatten\seg_adder_vff_carry_18.$add$/teamspace/studios/this_studio/Melodica-Integration-into-Fife-Core/bsc/lib/Verilog/SizedFIFO.v:76$1849 ($add).
  creating $macc model for $flatten\seg_adder_vff_carry_19.$add$/teamspace/studios/this_studio/Melodica-Integration-into-Fife-Core/bsc/lib/Verilog/SizedFIFO.v:75$1848 ($add).
  creating $macc model for $flatten\seg_adder_vff_carry_19.$add$/teamspace/studios/this_studio/Melodica-Integration-into-Fife-Core/bsc/lib/Verilog/SizedFIFO.v:76$1849 ($add).
  creating $macc model for $flatten\seg_adder_vff_carry_2.$add$/teamspace/studios/this_studio/Melodica-Integration-into-Fife-Core/bsc/lib/Verilog/SizedFIFO.v:75$1848 ($add).
  creating $macc model for $flatten\seg_adder_vff_carry_2.$add$/teamspace/studios/this_studio/Melodica-Integration-into-Fife-Core/bsc/lib/Verilog/SizedFIFO.v:76$1849 ($add).
  creating $macc model for $flatten\seg_adder_vff_carry_20.$add$/teamspace/studios/this_studio/Melodica-Integration-into-Fife-Core/bsc/lib/Verilog/SizedFIFO.v:75$1848 ($add).
  creating $macc model for $flatten\seg_adder_vff_carry_20.$add$/teamspace/studios/this_studio/Melodica-Integration-into-Fife-Core/bsc/lib/Verilog/SizedFIFO.v:76$1849 ($add).
  creating $macc model for $flatten\seg_adder_vff_carry_21.$add$/teamspace/studios/this_studio/Melodica-Integration-into-Fife-Core/bsc/lib/Verilog/SizedFIFO.v:75$1848 ($add).
  creating $macc model for $flatten\seg_adder_vff_carry_21.$add$/teamspace/studios/this_studio/Melodica-Integration-into-Fife-Core/bsc/lib/Verilog/SizedFIFO.v:76$1849 ($add).
  creating $macc model for $flatten\seg_adder_vff_carry_22.$add$/teamspace/studios/this_studio/Melodica-Integration-into-Fife-Core/bsc/lib/Verilog/SizedFIFO.v:75$1848 ($add).
  creating $macc model for $flatten\seg_adder_vff_carry_22.$add$/teamspace/studios/this_studio/Melodica-Integration-into-Fife-Core/bsc/lib/Verilog/SizedFIFO.v:76$1849 ($add).
  creating $macc model for $flatten\seg_adder_vff_carry_23.$add$/teamspace/studios/this_studio/Melodica-Integration-into-Fife-Core/bsc/lib/Verilog/SizedFIFO.v:75$1848 ($add).
  creating $macc model for $flatten\seg_adder_vff_carry_23.$add$/teamspace/studios/this_studio/Melodica-Integration-into-Fife-Core/bsc/lib/Verilog/SizedFIFO.v:76$1849 ($add).
  creating $macc model for $flatten\seg_adder_vff_carry_3.$add$/teamspace/studios/this_studio/Melodica-Integration-into-Fife-Core/bsc/lib/Verilog/SizedFIFO.v:75$1848 ($add).
  creating $macc model for $flatten\seg_adder_vff_carry_3.$add$/teamspace/studios/this_studio/Melodica-Integration-into-Fife-Core/bsc/lib/Verilog/SizedFIFO.v:76$1849 ($add).
  creating $macc model for $flatten\seg_adder_vff_carry_4.$add$/teamspace/studios/this_studio/Melodica-Integration-into-Fife-Core/bsc/lib/Verilog/SizedFIFO.v:75$1848 ($add).
  creating $macc model for $flatten\seg_adder_vff_carry_4.$add$/teamspace/studios/this_studio/Melodica-Integration-into-Fife-Core/bsc/lib/Verilog/SizedFIFO.v:76$1849 ($add).
  creating $macc model for $flatten\seg_adder_vff_carry_5.$add$/teamspace/studios/this_studio/Melodica-Integration-into-Fife-Core/bsc/lib/Verilog/SizedFIFO.v:75$1848 ($add).
  creating $macc model for $flatten\seg_adder_vff_carry_5.$add$/teamspace/studios/this_studio/Melodica-Integration-into-Fife-Core/bsc/lib/Verilog/SizedFIFO.v:76$1849 ($add).
  creating $macc model for $flatten\seg_adder_vff_carry_6.$add$/teamspace/studios/this_studio/Melodica-Integration-into-Fife-Core/bsc/lib/Verilog/SizedFIFO.v:75$1848 ($add).
  creating $macc model for $flatten\seg_adder_vff_carry_6.$add$/teamspace/studios/this_studio/Melodica-Integration-into-Fife-Core/bsc/lib/Verilog/SizedFIFO.v:76$1849 ($add).
  creating $macc model for $flatten\seg_adder_vff_carry_7.$add$/teamspace/studios/this_studio/Melodica-Integration-into-Fife-Core/bsc/lib/Verilog/SizedFIFO.v:75$1848 ($add).
  creating $macc model for $flatten\seg_adder_vff_carry_7.$add$/teamspace/studios/this_studio/Melodica-Integration-into-Fife-Core/bsc/lib/Verilog/SizedFIFO.v:76$1849 ($add).
  creating $macc model for $flatten\seg_adder_vff_carry_8.$add$/teamspace/studios/this_studio/Melodica-Integration-into-Fife-Core/bsc/lib/Verilog/SizedFIFO.v:75$1848 ($add).
  creating $macc model for $flatten\seg_adder_vff_carry_8.$add$/teamspace/studios/this_studio/Melodica-Integration-into-Fife-Core/bsc/lib/Verilog/SizedFIFO.v:76$1849 ($add).
  creating $macc model for $flatten\seg_adder_vff_carry_9.$add$/teamspace/studios/this_studio/Melodica-Integration-into-Fife-Core/bsc/lib/Verilog/SizedFIFO.v:75$1848 ($add).
  creating $macc model for $flatten\seg_adder_vff_carry_9.$add$/teamspace/studios/this_studio/Melodica-Integration-into-Fife-Core/bsc/lib/Verilog/SizedFIFO.v:76$1849 ($add).
  creating $macc model for $flatten\seg_adder_vff_in_0.$add$/teamspace/studios/this_studio/Melodica-Integration-into-Fife-Core/bsc/lib/Verilog/SizedFIFO.v:75$1817 ($add).
  creating $macc model for $flatten\seg_adder_vff_in_0.$add$/teamspace/studios/this_studio/Melodica-Integration-into-Fife-Core/bsc/lib/Verilog/SizedFIFO.v:76$1818 ($add).
  creating $macc model for $flatten\seg_adder_vff_in_1.$add$/teamspace/studios/this_studio/Melodica-Integration-into-Fife-Core/bsc/lib/Verilog/SizedFIFO.v:75$1817 ($add).
  creating $macc model for $flatten\seg_adder_vff_in_1.$add$/teamspace/studios/this_studio/Melodica-Integration-into-Fife-Core/bsc/lib/Verilog/SizedFIFO.v:76$1818 ($add).
  creating $macc model for $flatten\seg_adder_vff_in_10.$add$/teamspace/studios/this_studio/Melodica-Integration-into-Fife-Core/bsc/lib/Verilog/SizedFIFO.v:75$1817 ($add).
  creating $macc model for $flatten\seg_adder_vff_in_10.$add$/teamspace/studios/this_studio/Melodica-Integration-into-Fife-Core/bsc/lib/Verilog/SizedFIFO.v:76$1818 ($add).
  creating $macc model for $flatten\seg_adder_vff_in_11.$add$/teamspace/studios/this_studio/Melodica-Integration-into-Fife-Core/bsc/lib/Verilog/SizedFIFO.v:75$1817 ($add).
  creating $macc model for $flatten\seg_adder_vff_in_11.$add$/teamspace/studios/this_studio/Melodica-Integration-into-Fife-Core/bsc/lib/Verilog/SizedFIFO.v:76$1818 ($add).
  creating $macc model for $flatten\seg_adder_vff_in_12.$add$/teamspace/studios/this_studio/Melodica-Integration-into-Fife-Core/bsc/lib/Verilog/SizedFIFO.v:75$1817 ($add).
  creating $macc model for $flatten\seg_adder_vff_in_12.$add$/teamspace/studios/this_studio/Melodica-Integration-into-Fife-Core/bsc/lib/Verilog/SizedFIFO.v:76$1818 ($add).
  creating $macc model for $flatten\seg_adder_vff_in_13.$add$/teamspace/studios/this_studio/Melodica-Integration-into-Fife-Core/bsc/lib/Verilog/SizedFIFO.v:75$1817 ($add).
  creating $macc model for $flatten\seg_adder_vff_in_13.$add$/teamspace/studios/this_studio/Melodica-Integration-into-Fife-Core/bsc/lib/Verilog/SizedFIFO.v:76$1818 ($add).
  creating $macc model for $flatten\seg_adder_vff_in_14.$add$/teamspace/studios/this_studio/Melodica-Integration-into-Fife-Core/bsc/lib/Verilog/SizedFIFO.v:75$1817 ($add).
  creating $macc model for $flatten\seg_adder_vff_in_14.$add$/teamspace/studios/this_studio/Melodica-Integration-into-Fife-Core/bsc/lib/Verilog/SizedFIFO.v:76$1818 ($add).
  creating $macc model for $flatten\seg_adder_vff_in_15.$add$/teamspace/studios/this_studio/Melodica-Integration-into-Fife-Core/bsc/lib/Verilog/SizedFIFO.v:75$1817 ($add).
  creating $macc model for $flatten\seg_adder_vff_in_15.$add$/teamspace/studios/this_studio/Melodica-Integration-into-Fife-Core/bsc/lib/Verilog/SizedFIFO.v:76$1818 ($add).
  creating $macc model for $flatten\seg_adder_vff_in_16.$add$/teamspace/studios/this_studio/Melodica-Integration-into-Fife-Core/bsc/lib/Verilog/SizedFIFO.v:75$1817 ($add).
  creating $macc model for $flatten\seg_adder_vff_in_16.$add$/teamspace/studios/this_studio/Melodica-Integration-into-Fife-Core/bsc/lib/Verilog/SizedFIFO.v:76$1818 ($add).
  creating $macc model for $flatten\seg_adder_vff_in_17.$add$/teamspace/studios/this_studio/Melodica-Integration-into-Fife-Core/bsc/lib/Verilog/SizedFIFO.v:75$1817 ($add).
  creating $macc model for $flatten\seg_adder_vff_in_17.$add$/teamspace/studios/this_studio/Melodica-Integration-into-Fife-Core/bsc/lib/Verilog/SizedFIFO.v:76$1818 ($add).
  creating $macc model for $flatten\seg_adder_vff_in_18.$add$/teamspace/studios/this_studio/Melodica-Integration-into-Fife-Core/bsc/lib/Verilog/SizedFIFO.v:75$1817 ($add).
  creating $macc model for $flatten\seg_adder_vff_in_18.$add$/teamspace/studios/this_studio/Melodica-Integration-into-Fife-Core/bsc/lib/Verilog/SizedFIFO.v:76$1818 ($add).
  creating $macc model for $flatten\seg_adder_vff_in_19.$add$/teamspace/studios/this_studio/Melodica-Integration-into-Fife-Core/bsc/lib/Verilog/SizedFIFO.v:75$1817 ($add).
  creating $macc model for $flatten\seg_adder_vff_in_19.$add$/teamspace/studios/this_studio/Melodica-Integration-into-Fife-Core/bsc/lib/Verilog/SizedFIFO.v:76$1818 ($add).
  creating $macc model for $flatten\seg_adder_vff_in_2.$add$/teamspace/studios/this_studio/Melodica-Integration-into-Fife-Core/bsc/lib/Verilog/SizedFIFO.v:75$1817 ($add).
  creating $macc model for $flatten\seg_adder_vff_in_2.$add$/teamspace/studios/this_studio/Melodica-Integration-into-Fife-Core/bsc/lib/Verilog/SizedFIFO.v:76$1818 ($add).
  creating $macc model for $flatten\seg_adder_vff_in_20.$add$/teamspace/studios/this_studio/Melodica-Integration-into-Fife-Core/bsc/lib/Verilog/SizedFIFO.v:75$1817 ($add).
  creating $macc model for $flatten\seg_adder_vff_in_20.$add$/teamspace/studios/this_studio/Melodica-Integration-into-Fife-Core/bsc/lib/Verilog/SizedFIFO.v:76$1818 ($add).
  creating $macc model for $flatten\seg_adder_vff_in_21.$add$/teamspace/studios/this_studio/Melodica-Integration-into-Fife-Core/bsc/lib/Verilog/SizedFIFO.v:75$1817 ($add).
  creating $macc model for $flatten\seg_adder_vff_in_21.$add$/teamspace/studios/this_studio/Melodica-Integration-into-Fife-Core/bsc/lib/Verilog/SizedFIFO.v:76$1818 ($add).
  creating $macc model for $flatten\seg_adder_vff_in_22.$add$/teamspace/studios/this_studio/Melodica-Integration-into-Fife-Core/bsc/lib/Verilog/SizedFIFO.v:75$1817 ($add).
  creating $macc model for $flatten\seg_adder_vff_in_22.$add$/teamspace/studios/this_studio/Melodica-Integration-into-Fife-Core/bsc/lib/Verilog/SizedFIFO.v:76$1818 ($add).
  creating $macc model for $flatten\seg_adder_vff_in_23.$add$/teamspace/studios/this_studio/Melodica-Integration-into-Fife-Core/bsc/lib/Verilog/SizedFIFO.v:75$1817 ($add).
  creating $macc model for $flatten\seg_adder_vff_in_23.$add$/teamspace/studios/this_studio/Melodica-Integration-into-Fife-Core/bsc/lib/Verilog/SizedFIFO.v:76$1818 ($add).
  creating $macc model for $flatten\seg_adder_vff_in_24.$add$/teamspace/studios/this_studio/Melodica-Integration-into-Fife-Core/bsc/lib/Verilog/SizedFIFO.v:75$1817 ($add).
  creating $macc model for $flatten\seg_adder_vff_in_24.$add$/teamspace/studios/this_studio/Melodica-Integration-into-Fife-Core/bsc/lib/Verilog/SizedFIFO.v:76$1818 ($add).
  creating $macc model for $flatten\seg_adder_vff_in_3.$add$/teamspace/studios/this_studio/Melodica-Integration-into-Fife-Core/bsc/lib/Verilog/SizedFIFO.v:75$1817 ($add).
  creating $macc model for $flatten\seg_adder_vff_in_3.$add$/teamspace/studios/this_studio/Melodica-Integration-into-Fife-Core/bsc/lib/Verilog/SizedFIFO.v:76$1818 ($add).
  creating $macc model for $flatten\seg_adder_vff_in_4.$add$/teamspace/studios/this_studio/Melodica-Integration-into-Fife-Core/bsc/lib/Verilog/SizedFIFO.v:75$1817 ($add).
  creating $macc model for $flatten\seg_adder_vff_in_4.$add$/teamspace/studios/this_studio/Melodica-Integration-into-Fife-Core/bsc/lib/Verilog/SizedFIFO.v:76$1818 ($add).
  creating $macc model for $flatten\seg_adder_vff_in_5.$add$/teamspace/studios/this_studio/Melodica-Integration-into-Fife-Core/bsc/lib/Verilog/SizedFIFO.v:75$1817 ($add).
  creating $macc model for $flatten\seg_adder_vff_in_5.$add$/teamspace/studios/this_studio/Melodica-Integration-into-Fife-Core/bsc/lib/Verilog/SizedFIFO.v:76$1818 ($add).
  creating $macc model for $flatten\seg_adder_vff_in_6.$add$/teamspace/studios/this_studio/Melodica-Integration-into-Fife-Core/bsc/lib/Verilog/SizedFIFO.v:75$1817 ($add).
  creating $macc model for $flatten\seg_adder_vff_in_6.$add$/teamspace/studios/this_studio/Melodica-Integration-into-Fife-Core/bsc/lib/Verilog/SizedFIFO.v:76$1818 ($add).
  creating $macc model for $flatten\seg_adder_vff_in_7.$add$/teamspace/studios/this_studio/Melodica-Integration-into-Fife-Core/bsc/lib/Verilog/SizedFIFO.v:75$1817 ($add).
  creating $macc model for $flatten\seg_adder_vff_in_7.$add$/teamspace/studios/this_studio/Melodica-Integration-into-Fife-Core/bsc/lib/Verilog/SizedFIFO.v:76$1818 ($add).
  creating $macc model for $flatten\seg_adder_vff_in_8.$add$/teamspace/studios/this_studio/Melodica-Integration-into-Fife-Core/bsc/lib/Verilog/SizedFIFO.v:75$1817 ($add).
  creating $macc model for $flatten\seg_adder_vff_in_8.$add$/teamspace/studios/this_studio/Melodica-Integration-into-Fife-Core/bsc/lib/Verilog/SizedFIFO.v:76$1818 ($add).
  creating $macc model for $flatten\seg_adder_vff_in_9.$add$/teamspace/studios/this_studio/Melodica-Integration-into-Fife-Core/bsc/lib/Verilog/SizedFIFO.v:75$1817 ($add).
  creating $macc model for $flatten\seg_adder_vff_in_9.$add$/teamspace/studios/this_studio/Melodica-Integration-into-Fife-Core/bsc/lib/Verilog/SizedFIFO.v:76$1818 ($add).
  creating $macc model for $neg$/teamspace/studios/this_studio/Melodica-Integration-into-Fife-Core/Learn_Bluespec_and_RISCV_Design/Code/Build/Fife/verilog/mkQuire.v:4875$1496 ($neg).
  creating $macc model for $sub$/teamspace/studios/this_studio/Melodica-Integration-into-Fife-Core/Learn_Bluespec_and_RISCV_Design/Code/Build/Fife/verilog/mkQuire.v:2149$433 ($sub).
  creating $macc model for $sub$/teamspace/studios/this_studio/Melodica-Integration-into-Fife-Core/Learn_Bluespec_and_RISCV_Design/Code/Build/Fife/verilog/mkQuire.v:3768$1178 ($sub).
  creating $macc model for $sub$/teamspace/studios/this_studio/Melodica-Integration-into-Fife-Core/Learn_Bluespec_and_RISCV_Design/Code/Build/Fife/verilog/mkQuire.v:4397$1296 ($sub).
  merging $macc model for $add$/teamspace/studios/this_studio/Melodica-Integration-into-Fife-Core/Learn_Bluespec_and_RISCV_Design/Code/Build/Fife/verilog/mkQuire.v:4531$1325 into $sub$/teamspace/studios/this_studio/Melodica-Integration-into-Fife-Core/Learn_Bluespec_and_RISCV_Design/Code/Build/Fife/verilog/mkQuire.v:3768$1178.
  merging $macc model for $add$/teamspace/studios/this_studio/Melodica-Integration-into-Fife-Core/Learn_Bluespec_and_RISCV_Design/Code/Build/Fife/verilog/mkQuire.v:4774$1456 into $add$/teamspace/studios/this_studio/Melodica-Integration-into-Fife-Core/Learn_Bluespec_and_RISCV_Design/Code/Build/Fife/verilog/mkQuire.v:4474$1321.
  merging $macc model for $add$/teamspace/studios/this_studio/Melodica-Integration-into-Fife-Core/Learn_Bluespec_and_RISCV_Design/Code/Build/Fife/verilog/mkQuire.v:4773$1455 into $add$/teamspace/studios/this_studio/Melodica-Integration-into-Fife-Core/Learn_Bluespec_and_RISCV_Design/Code/Build/Fife/verilog/mkQuire.v:4472$1320.
  merging $macc model for $add$/teamspace/studios/this_studio/Melodica-Integration-into-Fife-Core/Learn_Bluespec_and_RISCV_Design/Code/Build/Fife/verilog/mkQuire.v:4772$1454 into $add$/teamspace/studios/this_studio/Melodica-Integration-into-Fife-Core/Learn_Bluespec_and_RISCV_Design/Code/Build/Fife/verilog/mkQuire.v:4470$1319.
  merging $macc model for $add$/teamspace/studios/this_studio/Melodica-Integration-into-Fife-Core/Learn_Bluespec_and_RISCV_Design/Code/Build/Fife/verilog/mkQuire.v:4771$1453 into $add$/teamspace/studios/this_studio/Melodica-Integration-into-Fife-Core/Learn_Bluespec_and_RISCV_Design/Code/Build/Fife/verilog/mkQuire.v:4468$1318.
  merging $macc model for $add$/teamspace/studios/this_studio/Melodica-Integration-into-Fife-Core/Learn_Bluespec_and_RISCV_Design/Code/Build/Fife/verilog/mkQuire.v:4770$1452 into $add$/teamspace/studios/this_studio/Melodica-Integration-into-Fife-Core/Learn_Bluespec_and_RISCV_Design/Code/Build/Fife/verilog/mkQuire.v:4466$1317.
  merging $macc model for $add$/teamspace/studios/this_studio/Melodica-Integration-into-Fife-Core/Learn_Bluespec_and_RISCV_Design/Code/Build/Fife/verilog/mkQuire.v:4769$1451 into $add$/teamspace/studios/this_studio/Melodica-Integration-into-Fife-Core/Learn_Bluespec_and_RISCV_Design/Code/Build/Fife/verilog/mkQuire.v:4464$1316.
  merging $macc model for $add$/teamspace/studios/this_studio/Melodica-Integration-into-Fife-Core/Learn_Bluespec_and_RISCV_Design/Code/Build/Fife/verilog/mkQuire.v:4768$1450 into $add$/teamspace/studios/this_studio/Melodica-Integration-into-Fife-Core/Learn_Bluespec_and_RISCV_Design/Code/Build/Fife/verilog/mkQuire.v:4462$1315.
  merging $macc model for $add$/teamspace/studios/this_studio/Melodica-Integration-into-Fife-Core/Learn_Bluespec_and_RISCV_Design/Code/Build/Fife/verilog/mkQuire.v:4767$1449 into $add$/teamspace/studios/this_studio/Melodica-Integration-into-Fife-Core/Learn_Bluespec_and_RISCV_Design/Code/Build/Fife/verilog/mkQuire.v:4460$1314.
  merging $macc model for $add$/teamspace/studios/this_studio/Melodica-Integration-into-Fife-Core/Learn_Bluespec_and_RISCV_Design/Code/Build/Fife/verilog/mkQuire.v:4766$1448 into $add$/teamspace/studios/this_studio/Melodica-Integration-into-Fife-Core/Learn_Bluespec_and_RISCV_Design/Code/Build/Fife/verilog/mkQuire.v:4458$1313.
  merging $macc model for $add$/teamspace/studios/this_studio/Melodica-Integration-into-Fife-Core/Learn_Bluespec_and_RISCV_Design/Code/Build/Fife/verilog/mkQuire.v:4765$1447 into $add$/teamspace/studios/this_studio/Melodica-Integration-into-Fife-Core/Learn_Bluespec_and_RISCV_Design/Code/Build/Fife/verilog/mkQuire.v:4456$1312.
  merging $macc model for $add$/teamspace/studios/this_studio/Melodica-Integration-into-Fife-Core/Learn_Bluespec_and_RISCV_Design/Code/Build/Fife/verilog/mkQuire.v:4764$1446 into $add$/teamspace/studios/this_studio/Melodica-Integration-into-Fife-Core/Learn_Bluespec_and_RISCV_Design/Code/Build/Fife/verilog/mkQuire.v:4454$1311.
  merging $macc model for $add$/teamspace/studios/this_studio/Melodica-Integration-into-Fife-Core/Learn_Bluespec_and_RISCV_Design/Code/Build/Fife/verilog/mkQuire.v:4763$1445 into $add$/teamspace/studios/this_studio/Melodica-Integration-into-Fife-Core/Learn_Bluespec_and_RISCV_Design/Code/Build/Fife/verilog/mkQuire.v:4452$1310.
  merging $macc model for $add$/teamspace/studios/this_studio/Melodica-Integration-into-Fife-Core/Learn_Bluespec_and_RISCV_Design/Code/Build/Fife/verilog/mkQuire.v:4762$1444 into $add$/teamspace/studios/this_studio/Melodica-Integration-into-Fife-Core/Learn_Bluespec_and_RISCV_Design/Code/Build/Fife/verilog/mkQuire.v:4450$1309.
  merging $macc model for $add$/teamspace/studios/this_studio/Melodica-Integration-into-Fife-Core/Learn_Bluespec_and_RISCV_Design/Code/Build/Fife/verilog/mkQuire.v:4761$1443 into $add$/teamspace/studios/this_studio/Melodica-Integration-into-Fife-Core/Learn_Bluespec_and_RISCV_Design/Code/Build/Fife/verilog/mkQuire.v:4448$1308.
  merging $macc model for $add$/teamspace/studios/this_studio/Melodica-Integration-into-Fife-Core/Learn_Bluespec_and_RISCV_Design/Code/Build/Fife/verilog/mkQuire.v:4760$1442 into $add$/teamspace/studios/this_studio/Melodica-Integration-into-Fife-Core/Learn_Bluespec_and_RISCV_Design/Code/Build/Fife/verilog/mkQuire.v:4446$1307.
  merging $macc model for $add$/teamspace/studios/this_studio/Melodica-Integration-into-Fife-Core/Learn_Bluespec_and_RISCV_Design/Code/Build/Fife/verilog/mkQuire.v:4759$1441 into $add$/teamspace/studios/this_studio/Melodica-Integration-into-Fife-Core/Learn_Bluespec_and_RISCV_Design/Code/Build/Fife/verilog/mkQuire.v:4444$1306.
  merging $macc model for $add$/teamspace/studios/this_studio/Melodica-Integration-into-Fife-Core/Learn_Bluespec_and_RISCV_Design/Code/Build/Fife/verilog/mkQuire.v:4758$1440 into $add$/teamspace/studios/this_studio/Melodica-Integration-into-Fife-Core/Learn_Bluespec_and_RISCV_Design/Code/Build/Fife/verilog/mkQuire.v:4442$1305.
  merging $macc model for $add$/teamspace/studios/this_studio/Melodica-Integration-into-Fife-Core/Learn_Bluespec_and_RISCV_Design/Code/Build/Fife/verilog/mkQuire.v:4757$1439 into $add$/teamspace/studios/this_studio/Melodica-Integration-into-Fife-Core/Learn_Bluespec_and_RISCV_Design/Code/Build/Fife/verilog/mkQuire.v:4440$1304.
  merging $macc model for $add$/teamspace/studios/this_studio/Melodica-Integration-into-Fife-Core/Learn_Bluespec_and_RISCV_Design/Code/Build/Fife/verilog/mkQuire.v:4756$1438 into $add$/teamspace/studios/this_studio/Melodica-Integration-into-Fife-Core/Learn_Bluespec_and_RISCV_Design/Code/Build/Fife/verilog/mkQuire.v:4438$1303.
  merging $macc model for $add$/teamspace/studios/this_studio/Melodica-Integration-into-Fife-Core/Learn_Bluespec_and_RISCV_Design/Code/Build/Fife/verilog/mkQuire.v:4755$1437 into $add$/teamspace/studios/this_studio/Melodica-Integration-into-Fife-Core/Learn_Bluespec_and_RISCV_Design/Code/Build/Fife/verilog/mkQuire.v:4436$1302.
  merging $macc model for $add$/teamspace/studios/this_studio/Melodica-Integration-into-Fife-Core/Learn_Bluespec_and_RISCV_Design/Code/Build/Fife/verilog/mkQuire.v:4754$1436 into $add$/teamspace/studios/this_studio/Melodica-Integration-into-Fife-Core/Learn_Bluespec_and_RISCV_Design/Code/Build/Fife/verilog/mkQuire.v:4434$1301.
  merging $macc model for $add$/teamspace/studios/this_studio/Melodica-Integration-into-Fife-Core/Learn_Bluespec_and_RISCV_Design/Code/Build/Fife/verilog/mkQuire.v:4753$1435 into $add$/teamspace/studios/this_studio/Melodica-Integration-into-Fife-Core/Learn_Bluespec_and_RISCV_Design/Code/Build/Fife/verilog/mkQuire.v:4432$1300.
  merging $macc model for $add$/teamspace/studios/this_studio/Melodica-Integration-into-Fife-Core/Learn_Bluespec_and_RISCV_Design/Code/Build/Fife/verilog/mkQuire.v:4752$1434 into $add$/teamspace/studios/this_studio/Melodica-Integration-into-Fife-Core/Learn_Bluespec_and_RISCV_Design/Code/Build/Fife/verilog/mkQuire.v:4430$1299.
  merging $macc model for $add$/teamspace/studios/this_studio/Melodica-Integration-into-Fife-Core/Learn_Bluespec_and_RISCV_Design/Code/Build/Fife/verilog/mkQuire.v:4751$1433 into $add$/teamspace/studios/this_studio/Melodica-Integration-into-Fife-Core/Learn_Bluespec_and_RISCV_Design/Code/Build/Fife/verilog/mkQuire.v:4428$1298.
  creating $alu model for $macc $flatten\seg_adder_vff_in_21.$add$/teamspace/studios/this_studio/Melodica-Integration-into-Fife-Core/bsc/lib/Verilog/SizedFIFO.v:75$1817.
  creating $alu model for $macc $flatten\seg_adder_vff_in_20.$add$/teamspace/studios/this_studio/Melodica-Integration-into-Fife-Core/bsc/lib/Verilog/SizedFIFO.v:76$1818.
  creating $alu model for $macc $flatten\seg_adder_vff_in_20.$add$/teamspace/studios/this_studio/Melodica-Integration-into-Fife-Core/bsc/lib/Verilog/SizedFIFO.v:75$1817.
  creating $alu model for $macc $flatten\seg_adder_vff_in_2.$add$/teamspace/studios/this_studio/Melodica-Integration-into-Fife-Core/bsc/lib/Verilog/SizedFIFO.v:76$1818.
  creating $alu model for $macc $flatten\seg_adder_vff_in_2.$add$/teamspace/studios/this_studio/Melodica-Integration-into-Fife-Core/bsc/lib/Verilog/SizedFIFO.v:75$1817.
  creating $alu model for $macc $flatten\seg_adder_vff_in_19.$add$/teamspace/studios/this_studio/Melodica-Integration-into-Fife-Core/bsc/lib/Verilog/SizedFIFO.v:76$1818.
  creating $alu model for $macc $flatten\seg_adder_vff_in_19.$add$/teamspace/studios/this_studio/Melodica-Integration-into-Fife-Core/bsc/lib/Verilog/SizedFIFO.v:75$1817.
  creating $alu model for $macc $flatten\seg_adder_vff_in_18.$add$/teamspace/studios/this_studio/Melodica-Integration-into-Fife-Core/bsc/lib/Verilog/SizedFIFO.v:76$1818.
  creating $alu model for $macc $flatten\seg_adder_vff_in_18.$add$/teamspace/studios/this_studio/Melodica-Integration-into-Fife-Core/bsc/lib/Verilog/SizedFIFO.v:75$1817.
  creating $alu model for $macc $flatten\seg_adder_vff_in_17.$add$/teamspace/studios/this_studio/Melodica-Integration-into-Fife-Core/bsc/lib/Verilog/SizedFIFO.v:76$1818.
  creating $alu model for $macc $flatten\seg_adder_vff_in_17.$add$/teamspace/studios/this_studio/Melodica-Integration-into-Fife-Core/bsc/lib/Verilog/SizedFIFO.v:75$1817.
  creating $alu model for $macc $flatten\seg_adder_vff_in_16.$add$/teamspace/studios/this_studio/Melodica-Integration-into-Fife-Core/bsc/lib/Verilog/SizedFIFO.v:76$1818.
  creating $alu model for $macc $flatten\seg_adder_vff_in_16.$add$/teamspace/studios/this_studio/Melodica-Integration-into-Fife-Core/bsc/lib/Verilog/SizedFIFO.v:75$1817.
  creating $alu model for $macc $flatten\seg_adder_vff_in_15.$add$/teamspace/studios/this_studio/Melodica-Integration-into-Fife-Core/bsc/lib/Verilog/SizedFIFO.v:76$1818.
  creating $alu model for $macc $flatten\seg_adder_vff_in_15.$add$/teamspace/studios/this_studio/Melodica-Integration-into-Fife-Core/bsc/lib/Verilog/SizedFIFO.v:75$1817.
  creating $alu model for $macc $flatten\seg_adder_vff_in_14.$add$/teamspace/studios/this_studio/Melodica-Integration-into-Fife-Core/bsc/lib/Verilog/SizedFIFO.v:76$1818.
  creating $alu model for $macc $flatten\seg_adder_vff_in_14.$add$/teamspace/studios/this_studio/Melodica-Integration-into-Fife-Core/bsc/lib/Verilog/SizedFIFO.v:75$1817.
  creating $alu model for $macc $flatten\seg_adder_vff_in_13.$add$/teamspace/studios/this_studio/Melodica-Integration-into-Fife-Core/bsc/lib/Verilog/SizedFIFO.v:76$1818.
  creating $alu model for $macc $flatten\seg_adder_vff_in_13.$add$/teamspace/studios/this_studio/Melodica-Integration-into-Fife-Core/bsc/lib/Verilog/SizedFIFO.v:75$1817.
  creating $alu model for $macc $flatten\seg_adder_vff_in_12.$add$/teamspace/studios/this_studio/Melodica-Integration-into-Fife-Core/bsc/lib/Verilog/SizedFIFO.v:76$1818.
  creating $alu model for $macc $flatten\seg_adder_vff_in_12.$add$/teamspace/studios/this_studio/Melodica-Integration-into-Fife-Core/bsc/lib/Verilog/SizedFIFO.v:75$1817.
  creating $alu model for $macc $flatten\seg_adder_vff_in_11.$add$/teamspace/studios/this_studio/Melodica-Integration-into-Fife-Core/bsc/lib/Verilog/SizedFIFO.v:76$1818.
  creating $alu model for $macc $flatten\seg_adder_vff_in_11.$add$/teamspace/studios/this_studio/Melodica-Integration-into-Fife-Core/bsc/lib/Verilog/SizedFIFO.v:75$1817.
  creating $alu model for $macc $flatten\seg_adder_vff_in_10.$add$/teamspace/studios/this_studio/Melodica-Integration-into-Fife-Core/bsc/lib/Verilog/SizedFIFO.v:76$1818.
  creating $alu model for $macc $flatten\seg_adder_vff_in_10.$add$/teamspace/studios/this_studio/Melodica-Integration-into-Fife-Core/bsc/lib/Verilog/SizedFIFO.v:75$1817.
  creating $alu model for $macc $flatten\seg_adder_vff_in_1.$add$/teamspace/studios/this_studio/Melodica-Integration-into-Fife-Core/bsc/lib/Verilog/SizedFIFO.v:76$1818.
  creating $alu model for $macc $flatten\seg_adder_vff_in_1.$add$/teamspace/studios/this_studio/Melodica-Integration-into-Fife-Core/bsc/lib/Verilog/SizedFIFO.v:75$1817.
  creating $alu model for $macc $flatten\seg_adder_vff_in_0.$add$/teamspace/studios/this_studio/Melodica-Integration-into-Fife-Core/bsc/lib/Verilog/SizedFIFO.v:76$1818.
  creating $alu model for $macc $flatten\seg_adder_vff_in_0.$add$/teamspace/studios/this_studio/Melodica-Integration-into-Fife-Core/bsc/lib/Verilog/SizedFIFO.v:75$1817.
  creating $alu model for $macc $flatten\seg_adder_vff_carry_9.$add$/teamspace/studios/this_studio/Melodica-Integration-into-Fife-Core/bsc/lib/Verilog/SizedFIFO.v:76$1849.
  creating $alu model for $macc $flatten\seg_adder_vff_carry_9.$add$/teamspace/studios/this_studio/Melodica-Integration-into-Fife-Core/bsc/lib/Verilog/SizedFIFO.v:75$1848.
  creating $alu model for $macc $flatten\seg_adder_vff_carry_8.$add$/teamspace/studios/this_studio/Melodica-Integration-into-Fife-Core/bsc/lib/Verilog/SizedFIFO.v:76$1849.
  creating $alu model for $macc $flatten\seg_adder_vff_carry_8.$add$/teamspace/studios/this_studio/Melodica-Integration-into-Fife-Core/bsc/lib/Verilog/SizedFIFO.v:75$1848.
  creating $alu model for $macc $flatten\seg_adder_vff_carry_7.$add$/teamspace/studios/this_studio/Melodica-Integration-into-Fife-Core/bsc/lib/Verilog/SizedFIFO.v:76$1849.
  creating $alu model for $macc $flatten\seg_adder_vff_carry_7.$add$/teamspace/studios/this_studio/Melodica-Integration-into-Fife-Core/bsc/lib/Verilog/SizedFIFO.v:75$1848.
  creating $alu model for $macc $flatten\seg_adder_vff_carry_6.$add$/teamspace/studios/this_studio/Melodica-Integration-into-Fife-Core/bsc/lib/Verilog/SizedFIFO.v:76$1849.
  creating $alu model for $macc $flatten\seg_adder_vff_carry_6.$add$/teamspace/studios/this_studio/Melodica-Integration-into-Fife-Core/bsc/lib/Verilog/SizedFIFO.v:75$1848.
  creating $alu model for $macc $flatten\seg_adder_vff_carry_5.$add$/teamspace/studios/this_studio/Melodica-Integration-into-Fife-Core/bsc/lib/Verilog/SizedFIFO.v:76$1849.
  creating $alu model for $macc $flatten\seg_adder_vff_carry_5.$add$/teamspace/studios/this_studio/Melodica-Integration-into-Fife-Core/bsc/lib/Verilog/SizedFIFO.v:75$1848.
  creating $alu model for $macc $flatten\seg_adder_vff_carry_4.$add$/teamspace/studios/this_studio/Melodica-Integration-into-Fife-Core/bsc/lib/Verilog/SizedFIFO.v:76$1849.
  creating $alu model for $macc $flatten\seg_adder_vff_carry_4.$add$/teamspace/studios/this_studio/Melodica-Integration-into-Fife-Core/bsc/lib/Verilog/SizedFIFO.v:75$1848.
  creating $alu model for $macc $flatten\seg_adder_vff_carry_3.$add$/teamspace/studios/this_studio/Melodica-Integration-into-Fife-Core/bsc/lib/Verilog/SizedFIFO.v:76$1849.
  creating $alu model for $macc $flatten\seg_adder_vff_carry_3.$add$/teamspace/studios/this_studio/Melodica-Integration-into-Fife-Core/bsc/lib/Verilog/SizedFIFO.v:75$1848.
  creating $alu model for $macc $flatten\seg_adder_vff_carry_23.$add$/teamspace/studios/this_studio/Melodica-Integration-into-Fife-Core/bsc/lib/Verilog/SizedFIFO.v:76$1849.
  creating $alu model for $macc $flatten\seg_adder_vff_carry_23.$add$/teamspace/studios/this_studio/Melodica-Integration-into-Fife-Core/bsc/lib/Verilog/SizedFIFO.v:75$1848.
  creating $alu model for $macc $flatten\seg_adder_vff_carry_22.$add$/teamspace/studios/this_studio/Melodica-Integration-into-Fife-Core/bsc/lib/Verilog/SizedFIFO.v:76$1849.
  creating $alu model for $macc $flatten\seg_adder_vff_carry_22.$add$/teamspace/studios/this_studio/Melodica-Integration-into-Fife-Core/bsc/lib/Verilog/SizedFIFO.v:75$1848.
  creating $alu model for $macc $flatten\seg_adder_vff_carry_21.$add$/teamspace/studios/this_studio/Melodica-Integration-into-Fife-Core/bsc/lib/Verilog/SizedFIFO.v:76$1849.
  creating $alu model for $macc $flatten\seg_adder_vff_carry_21.$add$/teamspace/studios/this_studio/Melodica-Integration-into-Fife-Core/bsc/lib/Verilog/SizedFIFO.v:75$1848.
  creating $alu model for $macc $flatten\seg_adder_vff_carry_20.$add$/teamspace/studios/this_studio/Melodica-Integration-into-Fife-Core/bsc/lib/Verilog/SizedFIFO.v:76$1849.
  creating $alu model for $macc $flatten\seg_adder_vff_carry_20.$add$/teamspace/studios/this_studio/Melodica-Integration-into-Fife-Core/bsc/lib/Verilog/SizedFIFO.v:75$1848.
  creating $alu model for $macc $flatten\seg_adder_vff_carry_2.$add$/teamspace/studios/this_studio/Melodica-Integration-into-Fife-Core/bsc/lib/Verilog/SizedFIFO.v:76$1849.
  creating $alu model for $macc $flatten\seg_adder_vff_carry_2.$add$/teamspace/studios/this_studio/Melodica-Integration-into-Fife-Core/bsc/lib/Verilog/SizedFIFO.v:75$1848.
  creating $alu model for $macc $flatten\seg_adder_vff_carry_19.$add$/teamspace/studios/this_studio/Melodica-Integration-into-Fife-Core/bsc/lib/Verilog/SizedFIFO.v:76$1849.
  creating $alu model for $macc $flatten\seg_adder_vff_carry_19.$add$/teamspace/studios/this_studio/Melodica-Integration-into-Fife-Core/bsc/lib/Verilog/SizedFIFO.v:75$1848.
  creating $alu model for $macc $flatten\seg_adder_vff_carry_18.$add$/teamspace/studios/this_studio/Melodica-Integration-into-Fife-Core/bsc/lib/Verilog/SizedFIFO.v:76$1849.
  creating $alu model for $macc $flatten\seg_adder_vff_carry_18.$add$/teamspace/studios/this_studio/Melodica-Integration-into-Fife-Core/bsc/lib/Verilog/SizedFIFO.v:75$1848.
  creating $alu model for $macc $flatten\seg_adder_vff_carry_17.$add$/teamspace/studios/this_studio/Melodica-Integration-into-Fife-Core/bsc/lib/Verilog/SizedFIFO.v:76$1849.
  creating $alu model for $macc $flatten\seg_adder_vff_carry_17.$add$/teamspace/studios/this_studio/Melodica-Integration-into-Fife-Core/bsc/lib/Verilog/SizedFIFO.v:75$1848.
  creating $alu model for $macc $flatten\seg_adder_vff_carry_16.$add$/teamspace/studios/this_studio/Melodica-Integration-into-Fife-Core/bsc/lib/Verilog/SizedFIFO.v:76$1849.
  creating $alu model for $macc $flatten\seg_adder_vff_carry_16.$add$/teamspace/studios/this_studio/Melodica-Integration-into-Fife-Core/bsc/lib/Verilog/SizedFIFO.v:75$1848.
  creating $alu model for $macc $flatten\seg_adder_vff_carry_15.$add$/teamspace/studios/this_studio/Melodica-Integration-into-Fife-Core/bsc/lib/Verilog/SizedFIFO.v:76$1849.
  creating $alu model for $macc $flatten\seg_adder_vff_carry_15.$add$/teamspace/studios/this_studio/Melodica-Integration-into-Fife-Core/bsc/lib/Verilog/SizedFIFO.v:75$1848.
  creating $alu model for $macc $flatten\seg_adder_vff_carry_14.$add$/teamspace/studios/this_studio/Melodica-Integration-into-Fife-Core/bsc/lib/Verilog/SizedFIFO.v:76$1849.
  creating $alu model for $macc $flatten\seg_adder_vff_carry_14.$add$/teamspace/studios/this_studio/Melodica-Integration-into-Fife-Core/bsc/lib/Verilog/SizedFIFO.v:75$1848.
  creating $alu model for $macc $flatten\seg_adder_vff_carry_13.$add$/teamspace/studios/this_studio/Melodica-Integration-into-Fife-Core/bsc/lib/Verilog/SizedFIFO.v:76$1849.
  creating $alu model for $macc $flatten\seg_adder_vff_carry_13.$add$/teamspace/studios/this_studio/Melodica-Integration-into-Fife-Core/bsc/lib/Verilog/SizedFIFO.v:75$1848.
  creating $alu model for $macc $flatten\seg_adder_vff_carry_12.$add$/teamspace/studios/this_studio/Melodica-Integration-into-Fife-Core/bsc/lib/Verilog/SizedFIFO.v:76$1849.
  creating $alu model for $macc $flatten\seg_adder_vff_carry_12.$add$/teamspace/studios/this_studio/Melodica-Integration-into-Fife-Core/bsc/lib/Verilog/SizedFIFO.v:75$1848.
  creating $alu model for $macc $flatten\seg_adder_vff_carry_11.$add$/teamspace/studios/this_studio/Melodica-Integration-into-Fife-Core/bsc/lib/Verilog/SizedFIFO.v:76$1849.
  creating $alu model for $macc $flatten\seg_adder_vff_carry_11.$add$/teamspace/studios/this_studio/Melodica-Integration-into-Fife-Core/bsc/lib/Verilog/SizedFIFO.v:75$1848.
  creating $alu model for $macc $flatten\seg_adder_vff_carry_10.$add$/teamspace/studios/this_studio/Melodica-Integration-into-Fife-Core/bsc/lib/Verilog/SizedFIFO.v:76$1849.
  creating $alu model for $macc $flatten\seg_adder_vff_carry_10.$add$/teamspace/studios/this_studio/Melodica-Integration-into-Fife-Core/bsc/lib/Verilog/SizedFIFO.v:75$1848.
  creating $alu model for $macc $flatten\seg_adder_vff_carry_1.$add$/teamspace/studios/this_studio/Melodica-Integration-into-Fife-Core/bsc/lib/Verilog/SizedFIFO.v:76$1849.
  creating $alu model for $macc $flatten\seg_adder_vff_carry_1.$add$/teamspace/studios/this_studio/Melodica-Integration-into-Fife-Core/bsc/lib/Verilog/SizedFIFO.v:75$1848.
  creating $alu model for $macc $flatten\seg_adder_vff_carry_0.$add$/teamspace/studios/this_studio/Melodica-Integration-into-Fife-Core/bsc/lib/Verilog/SizedFIFO.v:76$1849.
  creating $alu model for $macc $flatten\seg_adder_vff_carry_0.$add$/teamspace/studios/this_studio/Melodica-Integration-into-Fife-Core/bsc/lib/Verilog/SizedFIFO.v:75$1848.
  creating $alu model for $macc $flatten\instance_fn_twosC_quire_2.$add$/teamspace/studios/this_studio/Melodica-Integration-into-Fife-Core/Learn_Bluespec_and_RISCV_Design/Code/Build/Fife/verilog/module_fn_twosC_quire.v:275$231.
  creating $alu model for $macc $flatten\instance_fn_twosC_quire_2.$add$/teamspace/studios/this_studio/Melodica-Integration-into-Fife-Core/Learn_Bluespec_and_RISCV_Design/Code/Build/Fife/verilog/module_fn_twosC_quire.v:272$228.
  creating $alu model for $macc $flatten\instance_fn_twosC_quire_2.$add$/teamspace/studios/this_studio/Melodica-Integration-into-Fife-Core/Learn_Bluespec_and_RISCV_Design/Code/Build/Fife/verilog/module_fn_twosC_quire.v:265$222.
  creating $alu model for $macc $flatten\instance_fn_twosC_quire_2.$add$/teamspace/studios/this_studio/Melodica-Integration-into-Fife-Core/Learn_Bluespec_and_RISCV_Design/Code/Build/Fife/verilog/module_fn_twosC_quire.v:258$216.
  creating $alu model for $macc $flatten\instance_fn_twosC_quire_2.$add$/teamspace/studios/this_studio/Melodica-Integration-into-Fife-Core/Learn_Bluespec_and_RISCV_Design/Code/Build/Fife/verilog/module_fn_twosC_quire.v:251$210.
  creating $alu model for $macc $flatten\instance_fn_twosC_quire_2.$add$/teamspace/studios/this_studio/Melodica-Integration-into-Fife-Core/Learn_Bluespec_and_RISCV_Design/Code/Build/Fife/verilog/module_fn_twosC_quire.v:244$204.
  creating $alu model for $macc $flatten\instance_fn_twosC_quire_2.$add$/teamspace/studios/this_studio/Melodica-Integration-into-Fife-Core/Learn_Bluespec_and_RISCV_Design/Code/Build/Fife/verilog/module_fn_twosC_quire.v:237$198.
  creating $alu model for $macc $flatten\instance_fn_twosC_quire_2.$add$/teamspace/studios/this_studio/Melodica-Integration-into-Fife-Core/Learn_Bluespec_and_RISCV_Design/Code/Build/Fife/verilog/module_fn_twosC_quire.v:230$192.
  creating $alu model for $macc $flatten\instance_fn_twosC_quire_2.$add$/teamspace/studios/this_studio/Melodica-Integration-into-Fife-Core/Learn_Bluespec_and_RISCV_Design/Code/Build/Fife/verilog/module_fn_twosC_quire.v:223$186.
  creating $alu model for $macc $flatten\instance_fn_twosC_quire_2.$add$/teamspace/studios/this_studio/Melodica-Integration-into-Fife-Core/Learn_Bluespec_and_RISCV_Design/Code/Build/Fife/verilog/module_fn_twosC_quire.v:209$174.
  creating $alu model for $macc $flatten\instance_fn_twosC_quire_2.$add$/teamspace/studios/this_studio/Melodica-Integration-into-Fife-Core/Learn_Bluespec_and_RISCV_Design/Code/Build/Fife/verilog/module_fn_twosC_quire.v:202$168.
  creating $alu model for $macc $flatten\instance_fn_twosC_quire_2.$add$/teamspace/studios/this_studio/Melodica-Integration-into-Fife-Core/Learn_Bluespec_and_RISCV_Design/Code/Build/Fife/verilog/module_fn_twosC_quire.v:195$162.
  creating $alu model for $macc $flatten\instance_fn_twosC_quire_2.$add$/teamspace/studios/this_studio/Melodica-Integration-into-Fife-Core/Learn_Bluespec_and_RISCV_Design/Code/Build/Fife/verilog/module_fn_twosC_quire.v:188$156.
  creating $alu model for $macc $flatten\instance_fn_twosC_quire_2.$add$/teamspace/studios/this_studio/Melodica-Integration-into-Fife-Core/Learn_Bluespec_and_RISCV_Design/Code/Build/Fife/verilog/module_fn_twosC_quire.v:181$150.
  creating $alu model for $macc $flatten\instance_fn_twosC_quire_2.$add$/teamspace/studios/this_studio/Melodica-Integration-into-Fife-Core/Learn_Bluespec_and_RISCV_Design/Code/Build/Fife/verilog/module_fn_twosC_quire.v:174$144.
  creating $alu model for $macc $flatten\instance_fn_twosC_quire_2.$add$/teamspace/studios/this_studio/Melodica-Integration-into-Fife-Core/Learn_Bluespec_and_RISCV_Design/Code/Build/Fife/verilog/module_fn_twosC_quire.v:167$138.
  creating $alu model for $macc $flatten\instance_fn_twosC_quire_2.$add$/teamspace/studios/this_studio/Melodica-Integration-into-Fife-Core/Learn_Bluespec_and_RISCV_Design/Code/Build/Fife/verilog/module_fn_twosC_quire.v:160$132.
  creating $alu model for $macc $flatten\instance_fn_twosC_quire_2.$add$/teamspace/studios/this_studio/Melodica-Integration-into-Fife-Core/Learn_Bluespec_and_RISCV_Design/Code/Build/Fife/verilog/module_fn_twosC_quire.v:153$126.
  creating $alu model for $macc $flatten\instance_fn_twosC_quire_2.$add$/teamspace/studios/this_studio/Melodica-Integration-into-Fife-Core/Learn_Bluespec_and_RISCV_Design/Code/Build/Fife/verilog/module_fn_twosC_quire.v:146$120.
  creating $alu model for $macc $flatten\instance_fn_twosC_quire_2.$add$/teamspace/studios/this_studio/Melodica-Integration-into-Fife-Core/Learn_Bluespec_and_RISCV_Design/Code/Build/Fife/verilog/module_fn_twosC_quire.v:139$114.
  creating $alu model for $macc $flatten\instance_fn_twosC_quire_2.$add$/teamspace/studios/this_studio/Melodica-Integration-into-Fife-Core/Learn_Bluespec_and_RISCV_Design/Code/Build/Fife/verilog/module_fn_twosC_quire.v:132$108.
  creating $alu model for $macc $flatten\instance_fn_twosC_quire_2.$add$/teamspace/studios/this_studio/Melodica-Integration-into-Fife-Core/Learn_Bluespec_and_RISCV_Design/Code/Build/Fife/verilog/module_fn_twosC_quire.v:125$102.
  creating $alu model for $macc $flatten\instance_fn_twosC_quire_2.$add$/teamspace/studios/this_studio/Melodica-Integration-into-Fife-Core/Learn_Bluespec_and_RISCV_Design/Code/Build/Fife/verilog/module_fn_twosC_quire.v:118$96.
  creating $alu model for $macc $flatten\instance_fn_twosC_quire_2.$add$/teamspace/studios/this_studio/Melodica-Integration-into-Fife-Core/Learn_Bluespec_and_RISCV_Design/Code/Build/Fife/verilog/module_fn_twosC_quire.v:111$90.
  creating $alu model for $macc $flatten\instance_fn_twosC_quire_2.$add$/teamspace/studios/this_studio/Melodica-Integration-into-Fife-Core/Learn_Bluespec_and_RISCV_Design/Code/Build/Fife/verilog/module_fn_twosC_quire.v:104$84.
  creating $alu model for $macc $flatten\instance_fn_twosC_quire_1.$add$/teamspace/studios/this_studio/Melodica-Integration-into-Fife-Core/Learn_Bluespec_and_RISCV_Design/Code/Build/Fife/verilog/module_fn_twosC_quire.v:275$231.
  creating $alu model for $macc $flatten\instance_fn_twosC_quire_1.$add$/teamspace/studios/this_studio/Melodica-Integration-into-Fife-Core/Learn_Bluespec_and_RISCV_Design/Code/Build/Fife/verilog/module_fn_twosC_quire.v:272$228.
  creating $alu model for $macc $flatten\instance_fn_twosC_quire_1.$add$/teamspace/studios/this_studio/Melodica-Integration-into-Fife-Core/Learn_Bluespec_and_RISCV_Design/Code/Build/Fife/verilog/module_fn_twosC_quire.v:265$222.
  creating $alu model for $macc $flatten\instance_fn_twosC_quire_1.$add$/teamspace/studios/this_studio/Melodica-Integration-into-Fife-Core/Learn_Bluespec_and_RISCV_Design/Code/Build/Fife/verilog/module_fn_twosC_quire.v:258$216.
  creating $alu model for $macc $flatten\instance_fn_twosC_quire_1.$add$/teamspace/studios/this_studio/Melodica-Integration-into-Fife-Core/Learn_Bluespec_and_RISCV_Design/Code/Build/Fife/verilog/module_fn_twosC_quire.v:251$210.
  creating $alu model for $macc $flatten\instance_fn_twosC_quire_1.$add$/teamspace/studios/this_studio/Melodica-Integration-into-Fife-Core/Learn_Bluespec_and_RISCV_Design/Code/Build/Fife/verilog/module_fn_twosC_quire.v:244$204.
  creating $alu model for $macc $flatten\instance_fn_twosC_quire_1.$add$/teamspace/studios/this_studio/Melodica-Integration-into-Fife-Core/Learn_Bluespec_and_RISCV_Design/Code/Build/Fife/verilog/module_fn_twosC_quire.v:237$198.
  creating $alu model for $macc $flatten\instance_fn_twosC_quire_1.$add$/teamspace/studios/this_studio/Melodica-Integration-into-Fife-Core/Learn_Bluespec_and_RISCV_Design/Code/Build/Fife/verilog/module_fn_twosC_quire.v:230$192.
  creating $alu model for $macc $flatten\instance_fn_twosC_quire_1.$add$/teamspace/studios/this_studio/Melodica-Integration-into-Fife-Core/Learn_Bluespec_and_RISCV_Design/Code/Build/Fife/verilog/module_fn_twosC_quire.v:223$186.
  creating $alu model for $macc $flatten\instance_fn_twosC_quire_1.$add$/teamspace/studios/this_studio/Melodica-Integration-into-Fife-Core/Learn_Bluespec_and_RISCV_Design/Code/Build/Fife/verilog/module_fn_twosC_quire.v:216$180.
  creating $alu model for $macc $flatten\instance_fn_twosC_quire_1.$add$/teamspace/studios/this_studio/Melodica-Integration-into-Fife-Core/Learn_Bluespec_and_RISCV_Design/Code/Build/Fife/verilog/module_fn_twosC_quire.v:209$174.
  creating $alu model for $macc $flatten\instance_fn_twosC_quire_1.$add$/teamspace/studios/this_studio/Melodica-Integration-into-Fife-Core/Learn_Bluespec_and_RISCV_Design/Code/Build/Fife/verilog/module_fn_twosC_quire.v:202$168.
  creating $alu model for $macc $flatten\instance_fn_twosC_quire_1.$add$/teamspace/studios/this_studio/Melodica-Integration-into-Fife-Core/Learn_Bluespec_and_RISCV_Design/Code/Build/Fife/verilog/module_fn_twosC_quire.v:195$162.
  creating $alu model for $macc $flatten\instance_fn_twosC_quire_1.$add$/teamspace/studios/this_studio/Melodica-Integration-into-Fife-Core/Learn_Bluespec_and_RISCV_Design/Code/Build/Fife/verilog/module_fn_twosC_quire.v:188$156.
  creating $alu model for $macc $flatten\instance_fn_twosC_quire_1.$add$/teamspace/studios/this_studio/Melodica-Integration-into-Fife-Core/Learn_Bluespec_and_RISCV_Design/Code/Build/Fife/verilog/module_fn_twosC_quire.v:181$150.
  creating $alu model for $macc $flatten\instance_fn_twosC_quire_1.$add$/teamspace/studios/this_studio/Melodica-Integration-into-Fife-Core/Learn_Bluespec_and_RISCV_Design/Code/Build/Fife/verilog/module_fn_twosC_quire.v:174$144.
  creating $alu model for $macc $flatten\instance_fn_twosC_quire_1.$add$/teamspace/studios/this_studio/Melodica-Integration-into-Fife-Core/Learn_Bluespec_and_RISCV_Design/Code/Build/Fife/verilog/module_fn_twosC_quire.v:167$138.
  creating $alu model for $macc $flatten\instance_fn_twosC_quire_1.$add$/teamspace/studios/this_studio/Melodica-Integration-into-Fife-Core/Learn_Bluespec_and_RISCV_Design/Code/Build/Fife/verilog/module_fn_twosC_quire.v:160$132.
  creating $alu model for $macc $flatten\instance_fn_twosC_quire_1.$add$/teamspace/studios/this_studio/Melodica-Integration-into-Fife-Core/Learn_Bluespec_and_RISCV_Design/Code/Build/Fife/verilog/module_fn_twosC_quire.v:153$126.
  creating $alu model for $macc $flatten\instance_fn_twosC_quire_1.$add$/teamspace/studios/this_studio/Melodica-Integration-into-Fife-Core/Learn_Bluespec_and_RISCV_Design/Code/Build/Fife/verilog/module_fn_twosC_quire.v:146$120.
  creating $alu model for $macc $flatten\instance_fn_twosC_quire_1.$add$/teamspace/studios/this_studio/Melodica-Integration-into-Fife-Core/Learn_Bluespec_and_RISCV_Design/Code/Build/Fife/verilog/module_fn_twosC_quire.v:139$114.
  creating $alu model for $macc $flatten\instance_fn_twosC_quire_1.$add$/teamspace/studios/this_studio/Melodica-Integration-into-Fife-Core/Learn_Bluespec_and_RISCV_Design/Code/Build/Fife/verilog/module_fn_twosC_quire.v:132$108.
  creating $alu model for $macc $flatten\instance_fn_twosC_quire_1.$add$/teamspace/studios/this_studio/Melodica-Integration-into-Fife-Core/Learn_Bluespec_and_RISCV_Design/Code/Build/Fife/verilog/module_fn_twosC_quire.v:125$102.
  creating $alu model for $macc $flatten\instance_fn_twosC_quire_1.$add$/teamspace/studios/this_studio/Melodica-Integration-into-Fife-Core/Learn_Bluespec_and_RISCV_Design/Code/Build/Fife/verilog/module_fn_twosC_quire.v:118$96.
  creating $alu model for $macc $flatten\instance_fn_twosC_quire_1.$add$/teamspace/studios/this_studio/Melodica-Integration-into-Fife-Core/Learn_Bluespec_and_RISCV_Design/Code/Build/Fife/verilog/module_fn_twosC_quire.v:111$90.
  creating $alu model for $macc $flatten\instance_fn_twosC_quire_1.$add$/teamspace/studios/this_studio/Melodica-Integration-into-Fife-Core/Learn_Bluespec_and_RISCV_Design/Code/Build/Fife/verilog/module_fn_twosC_quire.v:104$84.
  creating $alu model for $macc $flatten\instance_fn_twosC_quire_0.$add$/teamspace/studios/this_studio/Melodica-Integration-into-Fife-Core/Learn_Bluespec_and_RISCV_Design/Code/Build/Fife/verilog/module_fn_twosC_quire.v:275$231.
  creating $alu model for $macc $flatten\instance_fn_twosC_quire_0.$add$/teamspace/studios/this_studio/Melodica-Integration-into-Fife-Core/Learn_Bluespec_and_RISCV_Design/Code/Build/Fife/verilog/module_fn_twosC_quire.v:272$228.
  creating $alu model for $macc $flatten\instance_fn_twosC_quire_0.$add$/teamspace/studios/this_studio/Melodica-Integration-into-Fife-Core/Learn_Bluespec_and_RISCV_Design/Code/Build/Fife/verilog/module_fn_twosC_quire.v:265$222.
  creating $alu model for $macc $flatten\instance_fn_twosC_quire_0.$add$/teamspace/studios/this_studio/Melodica-Integration-into-Fife-Core/Learn_Bluespec_and_RISCV_Design/Code/Build/Fife/verilog/module_fn_twosC_quire.v:258$216.
  creating $alu model for $macc $flatten\instance_fn_twosC_quire_0.$add$/teamspace/studios/this_studio/Melodica-Integration-into-Fife-Core/Learn_Bluespec_and_RISCV_Design/Code/Build/Fife/verilog/module_fn_twosC_quire.v:251$210.
  creating $alu model for $macc $flatten\instance_fn_twosC_quire_0.$add$/teamspace/studios/this_studio/Melodica-Integration-into-Fife-Core/Learn_Bluespec_and_RISCV_Design/Code/Build/Fife/verilog/module_fn_twosC_quire.v:244$204.
  creating $alu model for $macc $flatten\instance_fn_twosC_quire_0.$add$/teamspace/studios/this_studio/Melodica-Integration-into-Fife-Core/Learn_Bluespec_and_RISCV_Design/Code/Build/Fife/verilog/module_fn_twosC_quire.v:237$198.
  creating $alu model for $macc $flatten\instance_fn_twosC_quire_0.$add$/teamspace/studios/this_studio/Melodica-Integration-into-Fife-Core/Learn_Bluespec_and_RISCV_Design/Code/Build/Fife/verilog/module_fn_twosC_quire.v:230$192.
  creating $alu model for $macc $flatten\instance_fn_twosC_quire_0.$add$/teamspace/studios/this_studio/Melodica-Integration-into-Fife-Core/Learn_Bluespec_and_RISCV_Design/Code/Build/Fife/verilog/module_fn_twosC_quire.v:223$186.
  creating $alu model for $macc $flatten\instance_fn_twosC_quire_0.$add$/teamspace/studios/this_studio/Melodica-Integration-into-Fife-Core/Learn_Bluespec_and_RISCV_Design/Code/Build/Fife/verilog/module_fn_twosC_quire.v:209$174.
  creating $alu model for $macc $flatten\instance_fn_twosC_quire_0.$add$/teamspace/studios/this_studio/Melodica-Integration-into-Fife-Core/Learn_Bluespec_and_RISCV_Design/Code/Build/Fife/verilog/module_fn_twosC_quire.v:202$168.
  creating $alu model for $macc $flatten\instance_fn_twosC_quire_0.$add$/teamspace/studios/this_studio/Melodica-Integration-into-Fife-Core/Learn_Bluespec_and_RISCV_Design/Code/Build/Fife/verilog/module_fn_twosC_quire.v:195$162.
  creating $alu model for $macc $flatten\instance_fn_twosC_quire_0.$add$/teamspace/studios/this_studio/Melodica-Integration-into-Fife-Core/Learn_Bluespec_and_RISCV_Design/Code/Build/Fife/verilog/module_fn_twosC_quire.v:188$156.
  creating $alu model for $macc $flatten\instance_fn_twosC_quire_0.$add$/teamspace/studios/this_studio/Melodica-Integration-into-Fife-Core/Learn_Bluespec_and_RISCV_Design/Code/Build/Fife/verilog/module_fn_twosC_quire.v:181$150.
  creating $alu model for $macc $flatten\instance_fn_twosC_quire_0.$add$/teamspace/studios/this_studio/Melodica-Integration-into-Fife-Core/Learn_Bluespec_and_RISCV_Design/Code/Build/Fife/verilog/module_fn_twosC_quire.v:174$144.
  creating $alu model for $macc $flatten\instance_fn_twosC_quire_0.$add$/teamspace/studios/this_studio/Melodica-Integration-into-Fife-Core/Learn_Bluespec_and_RISCV_Design/Code/Build/Fife/verilog/module_fn_twosC_quire.v:167$138.
  creating $alu model for $macc $flatten\instance_fn_twosC_quire_0.$add$/teamspace/studios/this_studio/Melodica-Integration-into-Fife-Core/Learn_Bluespec_and_RISCV_Design/Code/Build/Fife/verilog/module_fn_twosC_quire.v:160$132.
  creating $alu model for $macc $flatten\instance_fn_twosC_quire_0.$add$/teamspace/studios/this_studio/Melodica-Integration-into-Fife-Core/Learn_Bluespec_and_RISCV_Design/Code/Build/Fife/verilog/module_fn_twosC_quire.v:153$126.
  creating $alu model for $macc $flatten\instance_fn_twosC_quire_0.$add$/teamspace/studios/this_studio/Melodica-Integration-into-Fife-Core/Learn_Bluespec_and_RISCV_Design/Code/Build/Fife/verilog/module_fn_twosC_quire.v:146$120.
  creating $alu model for $macc $flatten\instance_fn_twosC_quire_0.$add$/teamspace/studios/this_studio/Melodica-Integration-into-Fife-Core/Learn_Bluespec_and_RISCV_Design/Code/Build/Fife/verilog/module_fn_twosC_quire.v:139$114.
  creating $alu model for $macc $flatten\instance_fn_twosC_quire_0.$add$/teamspace/studios/this_studio/Melodica-Integration-into-Fife-Core/Learn_Bluespec_and_RISCV_Design/Code/Build/Fife/verilog/module_fn_twosC_quire.v:132$108.
  creating $alu model for $macc $flatten\instance_fn_twosC_quire_0.$add$/teamspace/studios/this_studio/Melodica-Integration-into-Fife-Core/Learn_Bluespec_and_RISCV_Design/Code/Build/Fife/verilog/module_fn_twosC_quire.v:125$102.
  creating $alu model for $macc $flatten\instance_fn_twosC_quire_0.$add$/teamspace/studios/this_studio/Melodica-Integration-into-Fife-Core/Learn_Bluespec_and_RISCV_Design/Code/Build/Fife/verilog/module_fn_twosC_quire.v:118$96.
  creating $alu model for $macc $flatten\instance_fn_twosC_quire_0.$add$/teamspace/studios/this_studio/Melodica-Integration-into-Fife-Core/Learn_Bluespec_and_RISCV_Design/Code/Build/Fife/verilog/module_fn_twosC_quire.v:111$90.
  creating $alu model for $macc $flatten\instance_fn_twosC_quire_0.$add$/teamspace/studios/this_studio/Melodica-Integration-into-Fife-Core/Learn_Bluespec_and_RISCV_Design/Code/Build/Fife/verilog/module_fn_twosC_quire.v:104$84.
  creating $alu model for $macc $flatten\seg_adder_vff_in_22.$add$/teamspace/studios/this_studio/Melodica-Integration-into-Fife-Core/bsc/lib/Verilog/SizedFIFO.v:75$1817.
  creating $alu model for $macc $flatten\seg_adder_vff_in_22.$add$/teamspace/studios/this_studio/Melodica-Integration-into-Fife-Core/bsc/lib/Verilog/SizedFIFO.v:76$1818.
  creating $alu model for $macc $flatten\seg_adder_vff_in_23.$add$/teamspace/studios/this_studio/Melodica-Integration-into-Fife-Core/bsc/lib/Verilog/SizedFIFO.v:75$1817.
  creating $alu model for $macc $flatten\seg_adder_vff_in_23.$add$/teamspace/studios/this_studio/Melodica-Integration-into-Fife-Core/bsc/lib/Verilog/SizedFIFO.v:76$1818.
  creating $alu model for $macc $flatten\seg_adder_vff_in_24.$add$/teamspace/studios/this_studio/Melodica-Integration-into-Fife-Core/bsc/lib/Verilog/SizedFIFO.v:75$1817.
  creating $alu model for $macc $flatten\seg_adder_vff_in_24.$add$/teamspace/studios/this_studio/Melodica-Integration-into-Fife-Core/bsc/lib/Verilog/SizedFIFO.v:76$1818.
  creating $alu model for $macc $flatten\seg_adder_vff_in_3.$add$/teamspace/studios/this_studio/Melodica-Integration-into-Fife-Core/bsc/lib/Verilog/SizedFIFO.v:75$1817.
  creating $alu model for $macc $flatten\seg_adder_vff_in_3.$add$/teamspace/studios/this_studio/Melodica-Integration-into-Fife-Core/bsc/lib/Verilog/SizedFIFO.v:76$1818.
  creating $alu model for $macc $flatten\seg_adder_vff_in_4.$add$/teamspace/studios/this_studio/Melodica-Integration-into-Fife-Core/bsc/lib/Verilog/SizedFIFO.v:75$1817.
  creating $alu model for $macc $flatten\seg_adder_vff_in_4.$add$/teamspace/studios/this_studio/Melodica-Integration-into-Fife-Core/bsc/lib/Verilog/SizedFIFO.v:76$1818.
  creating $alu model for $macc $flatten\seg_adder_vff_in_5.$add$/teamspace/studios/this_studio/Melodica-Integration-into-Fife-Core/bsc/lib/Verilog/SizedFIFO.v:75$1817.
  creating $alu model for $macc $flatten\seg_adder_vff_in_5.$add$/teamspace/studios/this_studio/Melodica-Integration-into-Fife-Core/bsc/lib/Verilog/SizedFIFO.v:76$1818.
  creating $alu model for $macc $flatten\seg_adder_vff_in_6.$add$/teamspace/studios/this_studio/Melodica-Integration-into-Fife-Core/bsc/lib/Verilog/SizedFIFO.v:75$1817.
  creating $alu model for $macc $flatten\seg_adder_vff_in_6.$add$/teamspace/studios/this_studio/Melodica-Integration-into-Fife-Core/bsc/lib/Verilog/SizedFIFO.v:76$1818.
  creating $alu model for $macc $flatten\seg_adder_vff_in_7.$add$/teamspace/studios/this_studio/Melodica-Integration-into-Fife-Core/bsc/lib/Verilog/SizedFIFO.v:75$1817.
  creating $alu model for $macc $flatten\seg_adder_vff_in_7.$add$/teamspace/studios/this_studio/Melodica-Integration-into-Fife-Core/bsc/lib/Verilog/SizedFIFO.v:76$1818.
  creating $alu model for $macc $flatten\seg_adder_vff_in_8.$add$/teamspace/studios/this_studio/Melodica-Integration-into-Fife-Core/bsc/lib/Verilog/SizedFIFO.v:75$1817.
  creating $alu model for $macc $flatten\seg_adder_vff_in_8.$add$/teamspace/studios/this_studio/Melodica-Integration-into-Fife-Core/bsc/lib/Verilog/SizedFIFO.v:76$1818.
  creating $alu model for $macc $flatten\seg_adder_vff_in_9.$add$/teamspace/studios/this_studio/Melodica-Integration-into-Fife-Core/bsc/lib/Verilog/SizedFIFO.v:75$1817.
  creating $alu model for $macc $flatten\seg_adder_vff_in_9.$add$/teamspace/studios/this_studio/Melodica-Integration-into-Fife-Core/bsc/lib/Verilog/SizedFIFO.v:76$1818.
  creating $alu model for $macc $neg$/teamspace/studios/this_studio/Melodica-Integration-into-Fife-Core/Learn_Bluespec_and_RISCV_Design/Code/Build/Fife/verilog/mkQuire.v:4875$1496.
  creating $alu model for $macc $sub$/teamspace/studios/this_studio/Melodica-Integration-into-Fife-Core/Learn_Bluespec_and_RISCV_Design/Code/Build/Fife/verilog/mkQuire.v:2149$433.
  creating $alu model for $macc $sub$/teamspace/studios/this_studio/Melodica-Integration-into-Fife-Core/Learn_Bluespec_and_RISCV_Design/Code/Build/Fife/verilog/mkQuire.v:4397$1296.
  creating $alu model for $macc $flatten\seg_adder_vff_in_21.$add$/teamspace/studios/this_studio/Melodica-Integration-into-Fife-Core/bsc/lib/Verilog/SizedFIFO.v:76$1818.
  creating $alu model for $macc $add$/teamspace/studios/this_studio/Melodica-Integration-into-Fife-Core/Learn_Bluespec_and_RISCV_Design/Code/Build/Fife/verilog/mkQuire.v:4504$1324.
  creating $alu model for $macc $add$/teamspace/studios/this_studio/Melodica-Integration-into-Fife-Core/Learn_Bluespec_and_RISCV_Design/Code/Build/Fife/verilog/mkQuire.v:4476$1322.
  creating $alu model for $macc $add$/teamspace/studios/this_studio/Melodica-Integration-into-Fife-Core/Learn_Bluespec_and_RISCV_Design/Code/Build/Fife/verilog/mkQuire.v:4474$1321.
  creating $alu model for $macc $add$/teamspace/studios/this_studio/Melodica-Integration-into-Fife-Core/Learn_Bluespec_and_RISCV_Design/Code/Build/Fife/verilog/mkQuire.v:4472$1320.
  creating $alu model for $macc $add$/teamspace/studios/this_studio/Melodica-Integration-into-Fife-Core/Learn_Bluespec_and_RISCV_Design/Code/Build/Fife/verilog/mkQuire.v:4470$1319.
  creating $alu model for $macc $add$/teamspace/studios/this_studio/Melodica-Integration-into-Fife-Core/Learn_Bluespec_and_RISCV_Design/Code/Build/Fife/verilog/mkQuire.v:4468$1318.
  creating $alu model for $macc $add$/teamspace/studios/this_studio/Melodica-Integration-into-Fife-Core/Learn_Bluespec_and_RISCV_Design/Code/Build/Fife/verilog/mkQuire.v:4466$1317.
  creating $alu model for $macc $add$/teamspace/studios/this_studio/Melodica-Integration-into-Fife-Core/Learn_Bluespec_and_RISCV_Design/Code/Build/Fife/verilog/mkQuire.v:4464$1316.
  creating $alu model for $macc $add$/teamspace/studios/this_studio/Melodica-Integration-into-Fife-Core/Learn_Bluespec_and_RISCV_Design/Code/Build/Fife/verilog/mkQuire.v:4462$1315.
  creating $alu model for $macc $add$/teamspace/studios/this_studio/Melodica-Integration-into-Fife-Core/Learn_Bluespec_and_RISCV_Design/Code/Build/Fife/verilog/mkQuire.v:4460$1314.
  creating $alu model for $macc $add$/teamspace/studios/this_studio/Melodica-Integration-into-Fife-Core/Learn_Bluespec_and_RISCV_Design/Code/Build/Fife/verilog/mkQuire.v:4458$1313.
  creating $alu model for $macc $add$/teamspace/studios/this_studio/Melodica-Integration-into-Fife-Core/Learn_Bluespec_and_RISCV_Design/Code/Build/Fife/verilog/mkQuire.v:4456$1312.
  creating $alu model for $macc $add$/teamspace/studios/this_studio/Melodica-Integration-into-Fife-Core/Learn_Bluespec_and_RISCV_Design/Code/Build/Fife/verilog/mkQuire.v:4454$1311.
  creating $alu model for $macc $add$/teamspace/studios/this_studio/Melodica-Integration-into-Fife-Core/Learn_Bluespec_and_RISCV_Design/Code/Build/Fife/verilog/mkQuire.v:4452$1310.
  creating $alu model for $macc $add$/teamspace/studios/this_studio/Melodica-Integration-into-Fife-Core/Learn_Bluespec_and_RISCV_Design/Code/Build/Fife/verilog/mkQuire.v:4450$1309.
  creating $alu model for $macc $add$/teamspace/studios/this_studio/Melodica-Integration-into-Fife-Core/Learn_Bluespec_and_RISCV_Design/Code/Build/Fife/verilog/mkQuire.v:4448$1308.
  creating $alu model for $macc $add$/teamspace/studios/this_studio/Melodica-Integration-into-Fife-Core/Learn_Bluespec_and_RISCV_Design/Code/Build/Fife/verilog/mkQuire.v:4446$1307.
  creating $alu model for $macc $add$/teamspace/studios/this_studio/Melodica-Integration-into-Fife-Core/Learn_Bluespec_and_RISCV_Design/Code/Build/Fife/verilog/mkQuire.v:4444$1306.
  creating $alu model for $macc $add$/teamspace/studios/this_studio/Melodica-Integration-into-Fife-Core/Learn_Bluespec_and_RISCV_Design/Code/Build/Fife/verilog/mkQuire.v:4442$1305.
  creating $alu model for $macc $add$/teamspace/studios/this_studio/Melodica-Integration-into-Fife-Core/Learn_Bluespec_and_RISCV_Design/Code/Build/Fife/verilog/mkQuire.v:4440$1304.
  creating $alu model for $macc $add$/teamspace/studios/this_studio/Melodica-Integration-into-Fife-Core/Learn_Bluespec_and_RISCV_Design/Code/Build/Fife/verilog/mkQuire.v:4438$1303.
  creating $alu model for $macc $add$/teamspace/studios/this_studio/Melodica-Integration-into-Fife-Core/Learn_Bluespec_and_RISCV_Design/Code/Build/Fife/verilog/mkQuire.v:4436$1302.
  creating $alu model for $macc $add$/teamspace/studios/this_studio/Melodica-Integration-into-Fife-Core/Learn_Bluespec_and_RISCV_Design/Code/Build/Fife/verilog/mkQuire.v:4434$1301.
  creating $alu model for $macc $add$/teamspace/studios/this_studio/Melodica-Integration-into-Fife-Core/Learn_Bluespec_and_RISCV_Design/Code/Build/Fife/verilog/mkQuire.v:4432$1300.
  creating $alu model for $macc $add$/teamspace/studios/this_studio/Melodica-Integration-into-Fife-Core/Learn_Bluespec_and_RISCV_Design/Code/Build/Fife/verilog/mkQuire.v:4430$1299.
  creating $alu model for $macc $add$/teamspace/studios/this_studio/Melodica-Integration-into-Fife-Core/Learn_Bluespec_and_RISCV_Design/Code/Build/Fife/verilog/mkQuire.v:4428$1298.
  creating $alu model for $macc $add$/teamspace/studios/this_studio/Melodica-Integration-into-Fife-Core/Learn_Bluespec_and_RISCV_Design/Code/Build/Fife/verilog/mkQuire.v:2147$432.
  creating $macc cell for $sub$/teamspace/studios/this_studio/Melodica-Integration-into-Fife-Core/Learn_Bluespec_and_RISCV_Design/Code/Build/Fife/verilog/mkQuire.v:3768$1178: $auto$alumacc.cc:365:replace_macc$4600
  creating $alu model for $le$/teamspace/studios/this_studio/Melodica-Integration-into-Fife-Core/Learn_Bluespec_and_RISCV_Design/Code/Build/Fife/verilog/mkQuire.v:4393$1295 ($le): new $alu
  creating $alu model for $lt$/teamspace/studios/this_studio/Melodica-Integration-into-Fife-Core/Learn_Bluespec_and_RISCV_Design/Code/Build/Fife/verilog/mkQuire.v:4389$1293 ($lt): new $alu
  creating $alu cell for $lt$/teamspace/studios/this_studio/Melodica-Integration-into-Fife-Core/Learn_Bluespec_and_RISCV_Design/Code/Build/Fife/verilog/mkQuire.v:4389$1293: $auto$alumacc.cc:485:replace_alu$4603
  creating $alu cell for $le$/teamspace/studios/this_studio/Melodica-Integration-into-Fife-Core/Learn_Bluespec_and_RISCV_Design/Code/Build/Fife/verilog/mkQuire.v:4393$1295: $auto$alumacc.cc:485:replace_alu$4614
  creating $alu cell for $add$/teamspace/studios/this_studio/Melodica-Integration-into-Fife-Core/Learn_Bluespec_and_RISCV_Design/Code/Build/Fife/verilog/mkQuire.v:2147$432: $auto$alumacc.cc:485:replace_alu$4627
  creating $alu cell for $add$/teamspace/studios/this_studio/Melodica-Integration-into-Fife-Core/Learn_Bluespec_and_RISCV_Design/Code/Build/Fife/verilog/mkQuire.v:4428$1298: $auto$alumacc.cc:485:replace_alu$4630
  creating $alu cell for $add$/teamspace/studios/this_studio/Melodica-Integration-into-Fife-Core/Learn_Bluespec_and_RISCV_Design/Code/Build/Fife/verilog/mkQuire.v:4430$1299: $auto$alumacc.cc:485:replace_alu$4633
  creating $alu cell for $add$/teamspace/studios/this_studio/Melodica-Integration-into-Fife-Core/Learn_Bluespec_and_RISCV_Design/Code/Build/Fife/verilog/mkQuire.v:4432$1300: $auto$alumacc.cc:485:replace_alu$4636
  creating $alu cell for $add$/teamspace/studios/this_studio/Melodica-Integration-into-Fife-Core/Learn_Bluespec_and_RISCV_Design/Code/Build/Fife/verilog/mkQuire.v:4434$1301: $auto$alumacc.cc:485:replace_alu$4639
  creating $alu cell for $add$/teamspace/studios/this_studio/Melodica-Integration-into-Fife-Core/Learn_Bluespec_and_RISCV_Design/Code/Build/Fife/verilog/mkQuire.v:4436$1302: $auto$alumacc.cc:485:replace_alu$4642
  creating $alu cell for $add$/teamspace/studios/this_studio/Melodica-Integration-into-Fife-Core/Learn_Bluespec_and_RISCV_Design/Code/Build/Fife/verilog/mkQuire.v:4438$1303: $auto$alumacc.cc:485:replace_alu$4645
  creating $alu cell for $add$/teamspace/studios/this_studio/Melodica-Integration-into-Fife-Core/Learn_Bluespec_and_RISCV_Design/Code/Build/Fife/verilog/mkQuire.v:4440$1304: $auto$alumacc.cc:485:replace_alu$4648
  creating $alu cell for $add$/teamspace/studios/this_studio/Melodica-Integration-into-Fife-Core/Learn_Bluespec_and_RISCV_Design/Code/Build/Fife/verilog/mkQuire.v:4442$1305: $auto$alumacc.cc:485:replace_alu$4651
  creating $alu cell for $add$/teamspace/studios/this_studio/Melodica-Integration-into-Fife-Core/Learn_Bluespec_and_RISCV_Design/Code/Build/Fife/verilog/mkQuire.v:4444$1306: $auto$alumacc.cc:485:replace_alu$4654
  creating $alu cell for $add$/teamspace/studios/this_studio/Melodica-Integration-into-Fife-Core/Learn_Bluespec_and_RISCV_Design/Code/Build/Fife/verilog/mkQuire.v:4446$1307: $auto$alumacc.cc:485:replace_alu$4657
  creating $alu cell for $add$/teamspace/studios/this_studio/Melodica-Integration-into-Fife-Core/Learn_Bluespec_and_RISCV_Design/Code/Build/Fife/verilog/mkQuire.v:4448$1308: $auto$alumacc.cc:485:replace_alu$4660
  creating $alu cell for $add$/teamspace/studios/this_studio/Melodica-Integration-into-Fife-Core/Learn_Bluespec_and_RISCV_Design/Code/Build/Fife/verilog/mkQuire.v:4450$1309: $auto$alumacc.cc:485:replace_alu$4663
  creating $alu cell for $add$/teamspace/studios/this_studio/Melodica-Integration-into-Fife-Core/Learn_Bluespec_and_RISCV_Design/Code/Build/Fife/verilog/mkQuire.v:4452$1310: $auto$alumacc.cc:485:replace_alu$4666
  creating $alu cell for $add$/teamspace/studios/this_studio/Melodica-Integration-into-Fife-Core/Learn_Bluespec_and_RISCV_Design/Code/Build/Fife/verilog/mkQuire.v:4454$1311: $auto$alumacc.cc:485:replace_alu$4669
  creating $alu cell for $add$/teamspace/studios/this_studio/Melodica-Integration-into-Fife-Core/Learn_Bluespec_and_RISCV_Design/Code/Build/Fife/verilog/mkQuire.v:4456$1312: $auto$alumacc.cc:485:replace_alu$4672
  creating $alu cell for $add$/teamspace/studios/this_studio/Melodica-Integration-into-Fife-Core/Learn_Bluespec_and_RISCV_Design/Code/Build/Fife/verilog/mkQuire.v:4458$1313: $auto$alumacc.cc:485:replace_alu$4675
  creating $alu cell for $add$/teamspace/studios/this_studio/Melodica-Integration-into-Fife-Core/Learn_Bluespec_and_RISCV_Design/Code/Build/Fife/verilog/mkQuire.v:4460$1314: $auto$alumacc.cc:485:replace_alu$4678
  creating $alu cell for $add$/teamspace/studios/this_studio/Melodica-Integration-into-Fife-Core/Learn_Bluespec_and_RISCV_Design/Code/Build/Fife/verilog/mkQuire.v:4462$1315: $auto$alumacc.cc:485:replace_alu$4681
  creating $alu cell for $add$/teamspace/studios/this_studio/Melodica-Integration-into-Fife-Core/Learn_Bluespec_and_RISCV_Design/Code/Build/Fife/verilog/mkQuire.v:4464$1316: $auto$alumacc.cc:485:replace_alu$4684
  creating $alu cell for $add$/teamspace/studios/this_studio/Melodica-Integration-into-Fife-Core/Learn_Bluespec_and_RISCV_Design/Code/Build/Fife/verilog/mkQuire.v:4466$1317: $auto$alumacc.cc:485:replace_alu$4687
  creating $alu cell for $add$/teamspace/studios/this_studio/Melodica-Integration-into-Fife-Core/Learn_Bluespec_and_RISCV_Design/Code/Build/Fife/verilog/mkQuire.v:4468$1318: $auto$alumacc.cc:485:replace_alu$4690
  creating $alu cell for $add$/teamspace/studios/this_studio/Melodica-Integration-into-Fife-Core/Learn_Bluespec_and_RISCV_Design/Code/Build/Fife/verilog/mkQuire.v:4470$1319: $auto$alumacc.cc:485:replace_alu$4693
  creating $alu cell for $add$/teamspace/studios/this_studio/Melodica-Integration-into-Fife-Core/Learn_Bluespec_and_RISCV_Design/Code/Build/Fife/verilog/mkQuire.v:4472$1320: $auto$alumacc.cc:485:replace_alu$4696
  creating $alu cell for $add$/teamspace/studios/this_studio/Melodica-Integration-into-Fife-Core/Learn_Bluespec_and_RISCV_Design/Code/Build/Fife/verilog/mkQuire.v:4474$1321: $auto$alumacc.cc:485:replace_alu$4699
  creating $alu cell for $add$/teamspace/studios/this_studio/Melodica-Integration-into-Fife-Core/Learn_Bluespec_and_RISCV_Design/Code/Build/Fife/verilog/mkQuire.v:4476$1322: $auto$alumacc.cc:485:replace_alu$4702
  creating $alu cell for $add$/teamspace/studios/this_studio/Melodica-Integration-into-Fife-Core/Learn_Bluespec_and_RISCV_Design/Code/Build/Fife/verilog/mkQuire.v:4504$1324: $auto$alumacc.cc:485:replace_alu$4705
  creating $alu cell for $flatten\seg_adder_vff_in_21.$add$/teamspace/studios/this_studio/Melodica-Integration-into-Fife-Core/bsc/lib/Verilog/SizedFIFO.v:76$1818: $auto$alumacc.cc:485:replace_alu$4708
  creating $alu cell for $sub$/teamspace/studios/this_studio/Melodica-Integration-into-Fife-Core/Learn_Bluespec_and_RISCV_Design/Code/Build/Fife/verilog/mkQuire.v:4397$1296: $auto$alumacc.cc:485:replace_alu$4711
  creating $alu cell for $sub$/teamspace/studios/this_studio/Melodica-Integration-into-Fife-Core/Learn_Bluespec_and_RISCV_Design/Code/Build/Fife/verilog/mkQuire.v:2149$433: $auto$alumacc.cc:485:replace_alu$4714
  creating $alu cell for $neg$/teamspace/studios/this_studio/Melodica-Integration-into-Fife-Core/Learn_Bluespec_and_RISCV_Design/Code/Build/Fife/verilog/mkQuire.v:4875$1496: $auto$alumacc.cc:485:replace_alu$4717
  creating $alu cell for $flatten\seg_adder_vff_in_9.$add$/teamspace/studios/this_studio/Melodica-Integration-into-Fife-Core/bsc/lib/Verilog/SizedFIFO.v:76$1818: $auto$alumacc.cc:485:replace_alu$4720
  creating $alu cell for $flatten\seg_adder_vff_in_9.$add$/teamspace/studios/this_studio/Melodica-Integration-into-Fife-Core/bsc/lib/Verilog/SizedFIFO.v:75$1817: $auto$alumacc.cc:485:replace_alu$4723
  creating $alu cell for $flatten\seg_adder_vff_in_8.$add$/teamspace/studios/this_studio/Melodica-Integration-into-Fife-Core/bsc/lib/Verilog/SizedFIFO.v:76$1818: $auto$alumacc.cc:485:replace_alu$4726
  creating $alu cell for $flatten\seg_adder_vff_in_8.$add$/teamspace/studios/this_studio/Melodica-Integration-into-Fife-Core/bsc/lib/Verilog/SizedFIFO.v:75$1817: $auto$alumacc.cc:485:replace_alu$4729
  creating $alu cell for $flatten\seg_adder_vff_in_7.$add$/teamspace/studios/this_studio/Melodica-Integration-into-Fife-Core/bsc/lib/Verilog/SizedFIFO.v:76$1818: $auto$alumacc.cc:485:replace_alu$4732
  creating $alu cell for $flatten\seg_adder_vff_in_7.$add$/teamspace/studios/this_studio/Melodica-Integration-into-Fife-Core/bsc/lib/Verilog/SizedFIFO.v:75$1817: $auto$alumacc.cc:485:replace_alu$4735
  creating $alu cell for $flatten\seg_adder_vff_in_6.$add$/teamspace/studios/this_studio/Melodica-Integration-into-Fife-Core/bsc/lib/Verilog/SizedFIFO.v:76$1818: $auto$alumacc.cc:485:replace_alu$4738
  creating $alu cell for $flatten\seg_adder_vff_in_6.$add$/teamspace/studios/this_studio/Melodica-Integration-into-Fife-Core/bsc/lib/Verilog/SizedFIFO.v:75$1817: $auto$alumacc.cc:485:replace_alu$4741
  creating $alu cell for $flatten\seg_adder_vff_in_5.$add$/teamspace/studios/this_studio/Melodica-Integration-into-Fife-Core/bsc/lib/Verilog/SizedFIFO.v:76$1818: $auto$alumacc.cc:485:replace_alu$4744
  creating $alu cell for $flatten\seg_adder_vff_in_5.$add$/teamspace/studios/this_studio/Melodica-Integration-into-Fife-Core/bsc/lib/Verilog/SizedFIFO.v:75$1817: $auto$alumacc.cc:485:replace_alu$4747
  creating $alu cell for $flatten\seg_adder_vff_in_4.$add$/teamspace/studios/this_studio/Melodica-Integration-into-Fife-Core/bsc/lib/Verilog/SizedFIFO.v:76$1818: $auto$alumacc.cc:485:replace_alu$4750
  creating $alu cell for $flatten\seg_adder_vff_in_4.$add$/teamspace/studios/this_studio/Melodica-Integration-into-Fife-Core/bsc/lib/Verilog/SizedFIFO.v:75$1817: $auto$alumacc.cc:485:replace_alu$4753
  creating $alu cell for $flatten\seg_adder_vff_in_3.$add$/teamspace/studios/this_studio/Melodica-Integration-into-Fife-Core/bsc/lib/Verilog/SizedFIFO.v:76$1818: $auto$alumacc.cc:485:replace_alu$4756
  creating $alu cell for $flatten\seg_adder_vff_in_3.$add$/teamspace/studios/this_studio/Melodica-Integration-into-Fife-Core/bsc/lib/Verilog/SizedFIFO.v:75$1817: $auto$alumacc.cc:485:replace_alu$4759
  creating $alu cell for $flatten\seg_adder_vff_in_24.$add$/teamspace/studios/this_studio/Melodica-Integration-into-Fife-Core/bsc/lib/Verilog/SizedFIFO.v:76$1818: $auto$alumacc.cc:485:replace_alu$4762
  creating $alu cell for $flatten\seg_adder_vff_in_24.$add$/teamspace/studios/this_studio/Melodica-Integration-into-Fife-Core/bsc/lib/Verilog/SizedFIFO.v:75$1817: $auto$alumacc.cc:485:replace_alu$4765
  creating $alu cell for $flatten\seg_adder_vff_in_23.$add$/teamspace/studios/this_studio/Melodica-Integration-into-Fife-Core/bsc/lib/Verilog/SizedFIFO.v:76$1818: $auto$alumacc.cc:485:replace_alu$4768
  creating $alu cell for $flatten\seg_adder_vff_in_23.$add$/teamspace/studios/this_studio/Melodica-Integration-into-Fife-Core/bsc/lib/Verilog/SizedFIFO.v:75$1817: $auto$alumacc.cc:485:replace_alu$4771
  creating $alu cell for $flatten\seg_adder_vff_in_22.$add$/teamspace/studios/this_studio/Melodica-Integration-into-Fife-Core/bsc/lib/Verilog/SizedFIFO.v:76$1818: $auto$alumacc.cc:485:replace_alu$4774
  creating $alu cell for $flatten\seg_adder_vff_in_22.$add$/teamspace/studios/this_studio/Melodica-Integration-into-Fife-Core/bsc/lib/Verilog/SizedFIFO.v:75$1817: $auto$alumacc.cc:485:replace_alu$4777
  creating $alu cell for $flatten\instance_fn_twosC_quire_0.$add$/teamspace/studios/this_studio/Melodica-Integration-into-Fife-Core/Learn_Bluespec_and_RISCV_Design/Code/Build/Fife/verilog/module_fn_twosC_quire.v:104$84: $auto$alumacc.cc:485:replace_alu$4780
  creating $alu cell for $flatten\instance_fn_twosC_quire_0.$add$/teamspace/studios/this_studio/Melodica-Integration-into-Fife-Core/Learn_Bluespec_and_RISCV_Design/Code/Build/Fife/verilog/module_fn_twosC_quire.v:111$90: $auto$alumacc.cc:485:replace_alu$4783
  creating $alu cell for $flatten\instance_fn_twosC_quire_0.$add$/teamspace/studios/this_studio/Melodica-Integration-into-Fife-Core/Learn_Bluespec_and_RISCV_Design/Code/Build/Fife/verilog/module_fn_twosC_quire.v:118$96: $auto$alumacc.cc:485:replace_alu$4786
  creating $alu cell for $flatten\instance_fn_twosC_quire_0.$add$/teamspace/studios/this_studio/Melodica-Integration-into-Fife-Core/Learn_Bluespec_and_RISCV_Design/Code/Build/Fife/verilog/module_fn_twosC_quire.v:125$102: $auto$alumacc.cc:485:replace_alu$4789
  creating $alu cell for $flatten\instance_fn_twosC_quire_0.$add$/teamspace/studios/this_studio/Melodica-Integration-into-Fife-Core/Learn_Bluespec_and_RISCV_Design/Code/Build/Fife/verilog/module_fn_twosC_quire.v:132$108: $auto$alumacc.cc:485:replace_alu$4792
  creating $alu cell for $flatten\instance_fn_twosC_quire_0.$add$/teamspace/studios/this_studio/Melodica-Integration-into-Fife-Core/Learn_Bluespec_and_RISCV_Design/Code/Build/Fife/verilog/module_fn_twosC_quire.v:139$114: $auto$alumacc.cc:485:replace_alu$4795
  creating $alu cell for $flatten\instance_fn_twosC_quire_0.$add$/teamspace/studios/this_studio/Melodica-Integration-into-Fife-Core/Learn_Bluespec_and_RISCV_Design/Code/Build/Fife/verilog/module_fn_twosC_quire.v:146$120: $auto$alumacc.cc:485:replace_alu$4798
  creating $alu cell for $flatten\instance_fn_twosC_quire_0.$add$/teamspace/studios/this_studio/Melodica-Integration-into-Fife-Core/Learn_Bluespec_and_RISCV_Design/Code/Build/Fife/verilog/module_fn_twosC_quire.v:153$126: $auto$alumacc.cc:485:replace_alu$4801
  creating $alu cell for $flatten\instance_fn_twosC_quire_0.$add$/teamspace/studios/this_studio/Melodica-Integration-into-Fife-Core/Learn_Bluespec_and_RISCV_Design/Code/Build/Fife/verilog/module_fn_twosC_quire.v:160$132: $auto$alumacc.cc:485:replace_alu$4804
  creating $alu cell for $flatten\instance_fn_twosC_quire_0.$add$/teamspace/studios/this_studio/Melodica-Integration-into-Fife-Core/Learn_Bluespec_and_RISCV_Design/Code/Build/Fife/verilog/module_fn_twosC_quire.v:167$138: $auto$alumacc.cc:485:replace_alu$4807
  creating $alu cell for $flatten\instance_fn_twosC_quire_0.$add$/teamspace/studios/this_studio/Melodica-Integration-into-Fife-Core/Learn_Bluespec_and_RISCV_Design/Code/Build/Fife/verilog/module_fn_twosC_quire.v:174$144: $auto$alumacc.cc:485:replace_alu$4810
  creating $alu cell for $flatten\instance_fn_twosC_quire_0.$add$/teamspace/studios/this_studio/Melodica-Integration-into-Fife-Core/Learn_Bluespec_and_RISCV_Design/Code/Build/Fife/verilog/module_fn_twosC_quire.v:181$150: $auto$alumacc.cc:485:replace_alu$4813
  creating $alu cell for $flatten\instance_fn_twosC_quire_0.$add$/teamspace/studios/this_studio/Melodica-Integration-into-Fife-Core/Learn_Bluespec_and_RISCV_Design/Code/Build/Fife/verilog/module_fn_twosC_quire.v:188$156: $auto$alumacc.cc:485:replace_alu$4816
  creating $alu cell for $flatten\instance_fn_twosC_quire_0.$add$/teamspace/studios/this_studio/Melodica-Integration-into-Fife-Core/Learn_Bluespec_and_RISCV_Design/Code/Build/Fife/verilog/module_fn_twosC_quire.v:195$162: $auto$alumacc.cc:485:replace_alu$4819
  creating $alu cell for $flatten\instance_fn_twosC_quire_0.$add$/teamspace/studios/this_studio/Melodica-Integration-into-Fife-Core/Learn_Bluespec_and_RISCV_Design/Code/Build/Fife/verilog/module_fn_twosC_quire.v:202$168: $auto$alumacc.cc:485:replace_alu$4822
  creating $alu cell for $flatten\instance_fn_twosC_quire_0.$add$/teamspace/studios/this_studio/Melodica-Integration-into-Fife-Core/Learn_Bluespec_and_RISCV_Design/Code/Build/Fife/verilog/module_fn_twosC_quire.v:209$174: $auto$alumacc.cc:485:replace_alu$4825
  creating $alu cell for $flatten\instance_fn_twosC_quire_0.$add$/teamspace/studios/this_studio/Melodica-Integration-into-Fife-Core/Learn_Bluespec_and_RISCV_Design/Code/Build/Fife/verilog/module_fn_twosC_quire.v:223$186: $auto$alumacc.cc:485:replace_alu$4828
  creating $alu cell for $flatten\instance_fn_twosC_quire_0.$add$/teamspace/studios/this_studio/Melodica-Integration-into-Fife-Core/Learn_Bluespec_and_RISCV_Design/Code/Build/Fife/verilog/module_fn_twosC_quire.v:230$192: $auto$alumacc.cc:485:replace_alu$4831
  creating $alu cell for $flatten\instance_fn_twosC_quire_0.$add$/teamspace/studios/this_studio/Melodica-Integration-into-Fife-Core/Learn_Bluespec_and_RISCV_Design/Code/Build/Fife/verilog/module_fn_twosC_quire.v:237$198: $auto$alumacc.cc:485:replace_alu$4834
  creating $alu cell for $flatten\instance_fn_twosC_quire_0.$add$/teamspace/studios/this_studio/Melodica-Integration-into-Fife-Core/Learn_Bluespec_and_RISCV_Design/Code/Build/Fife/verilog/module_fn_twosC_quire.v:244$204: $auto$alumacc.cc:485:replace_alu$4837
  creating $alu cell for $flatten\instance_fn_twosC_quire_0.$add$/teamspace/studios/this_studio/Melodica-Integration-into-Fife-Core/Learn_Bluespec_and_RISCV_Design/Code/Build/Fife/verilog/module_fn_twosC_quire.v:251$210: $auto$alumacc.cc:485:replace_alu$4840
  creating $alu cell for $flatten\instance_fn_twosC_quire_0.$add$/teamspace/studios/this_studio/Melodica-Integration-into-Fife-Core/Learn_Bluespec_and_RISCV_Design/Code/Build/Fife/verilog/module_fn_twosC_quire.v:258$216: $auto$alumacc.cc:485:replace_alu$4843
  creating $alu cell for $flatten\instance_fn_twosC_quire_0.$add$/teamspace/studios/this_studio/Melodica-Integration-into-Fife-Core/Learn_Bluespec_and_RISCV_Design/Code/Build/Fife/verilog/module_fn_twosC_quire.v:265$222: $auto$alumacc.cc:485:replace_alu$4846
  creating $alu cell for $flatten\instance_fn_twosC_quire_0.$add$/teamspace/studios/this_studio/Melodica-Integration-into-Fife-Core/Learn_Bluespec_and_RISCV_Design/Code/Build/Fife/verilog/module_fn_twosC_quire.v:272$228: $auto$alumacc.cc:485:replace_alu$4849
  creating $alu cell for $flatten\instance_fn_twosC_quire_0.$add$/teamspace/studios/this_studio/Melodica-Integration-into-Fife-Core/Learn_Bluespec_and_RISCV_Design/Code/Build/Fife/verilog/module_fn_twosC_quire.v:275$231: $auto$alumacc.cc:485:replace_alu$4852
  creating $alu cell for $flatten\instance_fn_twosC_quire_1.$add$/teamspace/studios/this_studio/Melodica-Integration-into-Fife-Core/Learn_Bluespec_and_RISCV_Design/Code/Build/Fife/verilog/module_fn_twosC_quire.v:104$84: $auto$alumacc.cc:485:replace_alu$4855
  creating $alu cell for $flatten\instance_fn_twosC_quire_1.$add$/teamspace/studios/this_studio/Melodica-Integration-into-Fife-Core/Learn_Bluespec_and_RISCV_Design/Code/Build/Fife/verilog/module_fn_twosC_quire.v:111$90: $auto$alumacc.cc:485:replace_alu$4858
  creating $alu cell for $flatten\instance_fn_twosC_quire_1.$add$/teamspace/studios/this_studio/Melodica-Integration-into-Fife-Core/Learn_Bluespec_and_RISCV_Design/Code/Build/Fife/verilog/module_fn_twosC_quire.v:118$96: $auto$alumacc.cc:485:replace_alu$4861
  creating $alu cell for $flatten\instance_fn_twosC_quire_1.$add$/teamspace/studios/this_studio/Melodica-Integration-into-Fife-Core/Learn_Bluespec_and_RISCV_Design/Code/Build/Fife/verilog/module_fn_twosC_quire.v:125$102: $auto$alumacc.cc:485:replace_alu$4864
  creating $alu cell for $flatten\instance_fn_twosC_quire_1.$add$/teamspace/studios/this_studio/Melodica-Integration-into-Fife-Core/Learn_Bluespec_and_RISCV_Design/Code/Build/Fife/verilog/module_fn_twosC_quire.v:132$108: $auto$alumacc.cc:485:replace_alu$4867
  creating $alu cell for $flatten\instance_fn_twosC_quire_1.$add$/teamspace/studios/this_studio/Melodica-Integration-into-Fife-Core/Learn_Bluespec_and_RISCV_Design/Code/Build/Fife/verilog/module_fn_twosC_quire.v:139$114: $auto$alumacc.cc:485:replace_alu$4870
  creating $alu cell for $flatten\instance_fn_twosC_quire_1.$add$/teamspace/studios/this_studio/Melodica-Integration-into-Fife-Core/Learn_Bluespec_and_RISCV_Design/Code/Build/Fife/verilog/module_fn_twosC_quire.v:146$120: $auto$alumacc.cc:485:replace_alu$4873
  creating $alu cell for $flatten\instance_fn_twosC_quire_1.$add$/teamspace/studios/this_studio/Melodica-Integration-into-Fife-Core/Learn_Bluespec_and_RISCV_Design/Code/Build/Fife/verilog/module_fn_twosC_quire.v:153$126: $auto$alumacc.cc:485:replace_alu$4876
  creating $alu cell for $flatten\instance_fn_twosC_quire_1.$add$/teamspace/studios/this_studio/Melodica-Integration-into-Fife-Core/Learn_Bluespec_and_RISCV_Design/Code/Build/Fife/verilog/module_fn_twosC_quire.v:160$132: $auto$alumacc.cc:485:replace_alu$4879
  creating $alu cell for $flatten\instance_fn_twosC_quire_1.$add$/teamspace/studios/this_studio/Melodica-Integration-into-Fife-Core/Learn_Bluespec_and_RISCV_Design/Code/Build/Fife/verilog/module_fn_twosC_quire.v:167$138: $auto$alumacc.cc:485:replace_alu$4882
  creating $alu cell for $flatten\instance_fn_twosC_quire_1.$add$/teamspace/studios/this_studio/Melodica-Integration-into-Fife-Core/Learn_Bluespec_and_RISCV_Design/Code/Build/Fife/verilog/module_fn_twosC_quire.v:174$144: $auto$alumacc.cc:485:replace_alu$4885
  creating $alu cell for $flatten\instance_fn_twosC_quire_1.$add$/teamspace/studios/this_studio/Melodica-Integration-into-Fife-Core/Learn_Bluespec_and_RISCV_Design/Code/Build/Fife/verilog/module_fn_twosC_quire.v:181$150: $auto$alumacc.cc:485:replace_alu$4888
  creating $alu cell for $flatten\instance_fn_twosC_quire_1.$add$/teamspace/studios/this_studio/Melodica-Integration-into-Fife-Core/Learn_Bluespec_and_RISCV_Design/Code/Build/Fife/verilog/module_fn_twosC_quire.v:188$156: $auto$alumacc.cc:485:replace_alu$4891
  creating $alu cell for $flatten\instance_fn_twosC_quire_1.$add$/teamspace/studios/this_studio/Melodica-Integration-into-Fife-Core/Learn_Bluespec_and_RISCV_Design/Code/Build/Fife/verilog/module_fn_twosC_quire.v:195$162: $auto$alumacc.cc:485:replace_alu$4894
  creating $alu cell for $flatten\instance_fn_twosC_quire_1.$add$/teamspace/studios/this_studio/Melodica-Integration-into-Fife-Core/Learn_Bluespec_and_RISCV_Design/Code/Build/Fife/verilog/module_fn_twosC_quire.v:202$168: $auto$alumacc.cc:485:replace_alu$4897
  creating $alu cell for $flatten\instance_fn_twosC_quire_1.$add$/teamspace/studios/this_studio/Melodica-Integration-into-Fife-Core/Learn_Bluespec_and_RISCV_Design/Code/Build/Fife/verilog/module_fn_twosC_quire.v:209$174: $auto$alumacc.cc:485:replace_alu$4900
  creating $alu cell for $flatten\instance_fn_twosC_quire_1.$add$/teamspace/studios/this_studio/Melodica-Integration-into-Fife-Core/Learn_Bluespec_and_RISCV_Design/Code/Build/Fife/verilog/module_fn_twosC_quire.v:216$180: $auto$alumacc.cc:485:replace_alu$4903
  creating $alu cell for $flatten\instance_fn_twosC_quire_1.$add$/teamspace/studios/this_studio/Melodica-Integration-into-Fife-Core/Learn_Bluespec_and_RISCV_Design/Code/Build/Fife/verilog/module_fn_twosC_quire.v:223$186: $auto$alumacc.cc:485:replace_alu$4906
  creating $alu cell for $flatten\instance_fn_twosC_quire_1.$add$/teamspace/studios/this_studio/Melodica-Integration-into-Fife-Core/Learn_Bluespec_and_RISCV_Design/Code/Build/Fife/verilog/module_fn_twosC_quire.v:230$192: $auto$alumacc.cc:485:replace_alu$4909
  creating $alu cell for $flatten\instance_fn_twosC_quire_1.$add$/teamspace/studios/this_studio/Melodica-Integration-into-Fife-Core/Learn_Bluespec_and_RISCV_Design/Code/Build/Fife/verilog/module_fn_twosC_quire.v:237$198: $auto$alumacc.cc:485:replace_alu$4912
  creating $alu cell for $flatten\instance_fn_twosC_quire_1.$add$/teamspace/studios/this_studio/Melodica-Integration-into-Fife-Core/Learn_Bluespec_and_RISCV_Design/Code/Build/Fife/verilog/module_fn_twosC_quire.v:244$204: $auto$alumacc.cc:485:replace_alu$4915
  creating $alu cell for $flatten\instance_fn_twosC_quire_1.$add$/teamspace/studios/this_studio/Melodica-Integration-into-Fife-Core/Learn_Bluespec_and_RISCV_Design/Code/Build/Fife/verilog/module_fn_twosC_quire.v:251$210: $auto$alumacc.cc:485:replace_alu$4918
  creating $alu cell for $flatten\instance_fn_twosC_quire_1.$add$/teamspace/studios/this_studio/Melodica-Integration-into-Fife-Core/Learn_Bluespec_and_RISCV_Design/Code/Build/Fife/verilog/module_fn_twosC_quire.v:258$216: $auto$alumacc.cc:485:replace_alu$4921
  creating $alu cell for $flatten\instance_fn_twosC_quire_1.$add$/teamspace/studios/this_studio/Melodica-Integration-into-Fife-Core/Learn_Bluespec_and_RISCV_Design/Code/Build/Fife/verilog/module_fn_twosC_quire.v:265$222: $auto$alumacc.cc:485:replace_alu$4924
  creating $alu cell for $flatten\instance_fn_twosC_quire_1.$add$/teamspace/studios/this_studio/Melodica-Integration-into-Fife-Core/Learn_Bluespec_and_RISCV_Design/Code/Build/Fife/verilog/module_fn_twosC_quire.v:272$228: $auto$alumacc.cc:485:replace_alu$4927
  creating $alu cell for $flatten\instance_fn_twosC_quire_1.$add$/teamspace/studios/this_studio/Melodica-Integration-into-Fife-Core/Learn_Bluespec_and_RISCV_Design/Code/Build/Fife/verilog/module_fn_twosC_quire.v:275$231: $auto$alumacc.cc:485:replace_alu$4930
  creating $alu cell for $flatten\instance_fn_twosC_quire_2.$add$/teamspace/studios/this_studio/Melodica-Integration-into-Fife-Core/Learn_Bluespec_and_RISCV_Design/Code/Build/Fife/verilog/module_fn_twosC_quire.v:104$84: $auto$alumacc.cc:485:replace_alu$4933
  creating $alu cell for $flatten\instance_fn_twosC_quire_2.$add$/teamspace/studios/this_studio/Melodica-Integration-into-Fife-Core/Learn_Bluespec_and_RISCV_Design/Code/Build/Fife/verilog/module_fn_twosC_quire.v:111$90: $auto$alumacc.cc:485:replace_alu$4936
  creating $alu cell for $flatten\instance_fn_twosC_quire_2.$add$/teamspace/studios/this_studio/Melodica-Integration-into-Fife-Core/Learn_Bluespec_and_RISCV_Design/Code/Build/Fife/verilog/module_fn_twosC_quire.v:118$96: $auto$alumacc.cc:485:replace_alu$4939
  creating $alu cell for $flatten\instance_fn_twosC_quire_2.$add$/teamspace/studios/this_studio/Melodica-Integration-into-Fife-Core/Learn_Bluespec_and_RISCV_Design/Code/Build/Fife/verilog/module_fn_twosC_quire.v:125$102: $auto$alumacc.cc:485:replace_alu$4942
  creating $alu cell for $flatten\instance_fn_twosC_quire_2.$add$/teamspace/studios/this_studio/Melodica-Integration-into-Fife-Core/Learn_Bluespec_and_RISCV_Design/Code/Build/Fife/verilog/module_fn_twosC_quire.v:132$108: $auto$alumacc.cc:485:replace_alu$4945
  creating $alu cell for $flatten\instance_fn_twosC_quire_2.$add$/teamspace/studios/this_studio/Melodica-Integration-into-Fife-Core/Learn_Bluespec_and_RISCV_Design/Code/Build/Fife/verilog/module_fn_twosC_quire.v:139$114: $auto$alumacc.cc:485:replace_alu$4948
  creating $alu cell for $flatten\instance_fn_twosC_quire_2.$add$/teamspace/studios/this_studio/Melodica-Integration-into-Fife-Core/Learn_Bluespec_and_RISCV_Design/Code/Build/Fife/verilog/module_fn_twosC_quire.v:146$120: $auto$alumacc.cc:485:replace_alu$4951
  creating $alu cell for $flatten\instance_fn_twosC_quire_2.$add$/teamspace/studios/this_studio/Melodica-Integration-into-Fife-Core/Learn_Bluespec_and_RISCV_Design/Code/Build/Fife/verilog/module_fn_twosC_quire.v:153$126: $auto$alumacc.cc:485:replace_alu$4954
  creating $alu cell for $flatten\instance_fn_twosC_quire_2.$add$/teamspace/studios/this_studio/Melodica-Integration-into-Fife-Core/Learn_Bluespec_and_RISCV_Design/Code/Build/Fife/verilog/module_fn_twosC_quire.v:160$132: $auto$alumacc.cc:485:replace_alu$4957
  creating $alu cell for $flatten\instance_fn_twosC_quire_2.$add$/teamspace/studios/this_studio/Melodica-Integration-into-Fife-Core/Learn_Bluespec_and_RISCV_Design/Code/Build/Fife/verilog/module_fn_twosC_quire.v:167$138: $auto$alumacc.cc:485:replace_alu$4960
  creating $alu cell for $flatten\instance_fn_twosC_quire_2.$add$/teamspace/studios/this_studio/Melodica-Integration-into-Fife-Core/Learn_Bluespec_and_RISCV_Design/Code/Build/Fife/verilog/module_fn_twosC_quire.v:174$144: $auto$alumacc.cc:485:replace_alu$4963
  creating $alu cell for $flatten\instance_fn_twosC_quire_2.$add$/teamspace/studios/this_studio/Melodica-Integration-into-Fife-Core/Learn_Bluespec_and_RISCV_Design/Code/Build/Fife/verilog/module_fn_twosC_quire.v:181$150: $auto$alumacc.cc:485:replace_alu$4966
  creating $alu cell for $flatten\instance_fn_twosC_quire_2.$add$/teamspace/studios/this_studio/Melodica-Integration-into-Fife-Core/Learn_Bluespec_and_RISCV_Design/Code/Build/Fife/verilog/module_fn_twosC_quire.v:188$156: $auto$alumacc.cc:485:replace_alu$4969
  creating $alu cell for $flatten\instance_fn_twosC_quire_2.$add$/teamspace/studios/this_studio/Melodica-Integration-into-Fife-Core/Learn_Bluespec_and_RISCV_Design/Code/Build/Fife/verilog/module_fn_twosC_quire.v:195$162: $auto$alumacc.cc:485:replace_alu$4972
  creating $alu cell for $flatten\instance_fn_twosC_quire_2.$add$/teamspace/studios/this_studio/Melodica-Integration-into-Fife-Core/Learn_Bluespec_and_RISCV_Design/Code/Build/Fife/verilog/module_fn_twosC_quire.v:202$168: $auto$alumacc.cc:485:replace_alu$4975
  creating $alu cell for $flatten\instance_fn_twosC_quire_2.$add$/teamspace/studios/this_studio/Melodica-Integration-into-Fife-Core/Learn_Bluespec_and_RISCV_Design/Code/Build/Fife/verilog/module_fn_twosC_quire.v:209$174: $auto$alumacc.cc:485:replace_alu$4978
  creating $alu cell for $flatten\instance_fn_twosC_quire_2.$add$/teamspace/studios/this_studio/Melodica-Integration-into-Fife-Core/Learn_Bluespec_and_RISCV_Design/Code/Build/Fife/verilog/module_fn_twosC_quire.v:223$186: $auto$alumacc.cc:485:replace_alu$4981
  creating $alu cell for $flatten\instance_fn_twosC_quire_2.$add$/teamspace/studios/this_studio/Melodica-Integration-into-Fife-Core/Learn_Bluespec_and_RISCV_Design/Code/Build/Fife/verilog/module_fn_twosC_quire.v:230$192: $auto$alumacc.cc:485:replace_alu$4984
  creating $alu cell for $flatten\instance_fn_twosC_quire_2.$add$/teamspace/studios/this_studio/Melodica-Integration-into-Fife-Core/Learn_Bluespec_and_RISCV_Design/Code/Build/Fife/verilog/module_fn_twosC_quire.v:237$198: $auto$alumacc.cc:485:replace_alu$4987
  creating $alu cell for $flatten\instance_fn_twosC_quire_2.$add$/teamspace/studios/this_studio/Melodica-Integration-into-Fife-Core/Learn_Bluespec_and_RISCV_Design/Code/Build/Fife/verilog/module_fn_twosC_quire.v:244$204: $auto$alumacc.cc:485:replace_alu$4990
  creating $alu cell for $flatten\instance_fn_twosC_quire_2.$add$/teamspace/studios/this_studio/Melodica-Integration-into-Fife-Core/Learn_Bluespec_and_RISCV_Design/Code/Build/Fife/verilog/module_fn_twosC_quire.v:251$210: $auto$alumacc.cc:485:replace_alu$4993
  creating $alu cell for $flatten\instance_fn_twosC_quire_2.$add$/teamspace/studios/this_studio/Melodica-Integration-into-Fife-Core/Learn_Bluespec_and_RISCV_Design/Code/Build/Fife/verilog/module_fn_twosC_quire.v:258$216: $auto$alumacc.cc:485:replace_alu$4996
  creating $alu cell for $flatten\instance_fn_twosC_quire_2.$add$/teamspace/studios/this_studio/Melodica-Integration-into-Fife-Core/Learn_Bluespec_and_RISCV_Design/Code/Build/Fife/verilog/module_fn_twosC_quire.v:265$222: $auto$alumacc.cc:485:replace_alu$4999
  creating $alu cell for $flatten\instance_fn_twosC_quire_2.$add$/teamspace/studios/this_studio/Melodica-Integration-into-Fife-Core/Learn_Bluespec_and_RISCV_Design/Code/Build/Fife/verilog/module_fn_twosC_quire.v:272$228: $auto$alumacc.cc:485:replace_alu$5002
  creating $alu cell for $flatten\instance_fn_twosC_quire_2.$add$/teamspace/studios/this_studio/Melodica-Integration-into-Fife-Core/Learn_Bluespec_and_RISCV_Design/Code/Build/Fife/verilog/module_fn_twosC_quire.v:275$231: $auto$alumacc.cc:485:replace_alu$5005
  creating $alu cell for $flatten\seg_adder_vff_carry_0.$add$/teamspace/studios/this_studio/Melodica-Integration-into-Fife-Core/bsc/lib/Verilog/SizedFIFO.v:75$1848: $auto$alumacc.cc:485:replace_alu$5008
  creating $alu cell for $flatten\seg_adder_vff_carry_0.$add$/teamspace/studios/this_studio/Melodica-Integration-into-Fife-Core/bsc/lib/Verilog/SizedFIFO.v:76$1849: $auto$alumacc.cc:485:replace_alu$5011
  creating $alu cell for $flatten\seg_adder_vff_carry_1.$add$/teamspace/studios/this_studio/Melodica-Integration-into-Fife-Core/bsc/lib/Verilog/SizedFIFO.v:75$1848: $auto$alumacc.cc:485:replace_alu$5014
  creating $alu cell for $flatten\seg_adder_vff_carry_1.$add$/teamspace/studios/this_studio/Melodica-Integration-into-Fife-Core/bsc/lib/Verilog/SizedFIFO.v:76$1849: $auto$alumacc.cc:485:replace_alu$5017
  creating $alu cell for $flatten\seg_adder_vff_carry_10.$add$/teamspace/studios/this_studio/Melodica-Integration-into-Fife-Core/bsc/lib/Verilog/SizedFIFO.v:75$1848: $auto$alumacc.cc:485:replace_alu$5020
  creating $alu cell for $flatten\seg_adder_vff_carry_10.$add$/teamspace/studios/this_studio/Melodica-Integration-into-Fife-Core/bsc/lib/Verilog/SizedFIFO.v:76$1849: $auto$alumacc.cc:485:replace_alu$5023
  creating $alu cell for $flatten\seg_adder_vff_carry_11.$add$/teamspace/studios/this_studio/Melodica-Integration-into-Fife-Core/bsc/lib/Verilog/SizedFIFO.v:75$1848: $auto$alumacc.cc:485:replace_alu$5026
  creating $alu cell for $flatten\seg_adder_vff_carry_11.$add$/teamspace/studios/this_studio/Melodica-Integration-into-Fife-Core/bsc/lib/Verilog/SizedFIFO.v:76$1849: $auto$alumacc.cc:485:replace_alu$5029
  creating $alu cell for $flatten\seg_adder_vff_carry_12.$add$/teamspace/studios/this_studio/Melodica-Integration-into-Fife-Core/bsc/lib/Verilog/SizedFIFO.v:75$1848: $auto$alumacc.cc:485:replace_alu$5032
  creating $alu cell for $flatten\seg_adder_vff_carry_12.$add$/teamspace/studios/this_studio/Melodica-Integration-into-Fife-Core/bsc/lib/Verilog/SizedFIFO.v:76$1849: $auto$alumacc.cc:485:replace_alu$5035
  creating $alu cell for $flatten\seg_adder_vff_carry_13.$add$/teamspace/studios/this_studio/Melodica-Integration-into-Fife-Core/bsc/lib/Verilog/SizedFIFO.v:75$1848: $auto$alumacc.cc:485:replace_alu$5038
  creating $alu cell for $flatten\seg_adder_vff_carry_13.$add$/teamspace/studios/this_studio/Melodica-Integration-into-Fife-Core/bsc/lib/Verilog/SizedFIFO.v:76$1849: $auto$alumacc.cc:485:replace_alu$5041
  creating $alu cell for $flatten\seg_adder_vff_carry_14.$add$/teamspace/studios/this_studio/Melodica-Integration-into-Fife-Core/bsc/lib/Verilog/SizedFIFO.v:75$1848: $auto$alumacc.cc:485:replace_alu$5044
  creating $alu cell for $flatten\seg_adder_vff_carry_14.$add$/teamspace/studios/this_studio/Melodica-Integration-into-Fife-Core/bsc/lib/Verilog/SizedFIFO.v:76$1849: $auto$alumacc.cc:485:replace_alu$5047
  creating $alu cell for $flatten\seg_adder_vff_carry_15.$add$/teamspace/studios/this_studio/Melodica-Integration-into-Fife-Core/bsc/lib/Verilog/SizedFIFO.v:75$1848: $auto$alumacc.cc:485:replace_alu$5050
  creating $alu cell for $flatten\seg_adder_vff_carry_15.$add$/teamspace/studios/this_studio/Melodica-Integration-into-Fife-Core/bsc/lib/Verilog/SizedFIFO.v:76$1849: $auto$alumacc.cc:485:replace_alu$5053
  creating $alu cell for $flatten\seg_adder_vff_carry_16.$add$/teamspace/studios/this_studio/Melodica-Integration-into-Fife-Core/bsc/lib/Verilog/SizedFIFO.v:75$1848: $auto$alumacc.cc:485:replace_alu$5056
  creating $alu cell for $flatten\seg_adder_vff_carry_16.$add$/teamspace/studios/this_studio/Melodica-Integration-into-Fife-Core/bsc/lib/Verilog/SizedFIFO.v:76$1849: $auto$alumacc.cc:485:replace_alu$5059
  creating $alu cell for $flatten\seg_adder_vff_carry_17.$add$/teamspace/studios/this_studio/Melodica-Integration-into-Fife-Core/bsc/lib/Verilog/SizedFIFO.v:75$1848: $auto$alumacc.cc:485:replace_alu$5062
  creating $alu cell for $flatten\seg_adder_vff_carry_17.$add$/teamspace/studios/this_studio/Melodica-Integration-into-Fife-Core/bsc/lib/Verilog/SizedFIFO.v:76$1849: $auto$alumacc.cc:485:replace_alu$5065
  creating $alu cell for $flatten\seg_adder_vff_carry_18.$add$/teamspace/studios/this_studio/Melodica-Integration-into-Fife-Core/bsc/lib/Verilog/SizedFIFO.v:75$1848: $auto$alumacc.cc:485:replace_alu$5068
  creating $alu cell for $flatten\seg_adder_vff_carry_18.$add$/teamspace/studios/this_studio/Melodica-Integration-into-Fife-Core/bsc/lib/Verilog/SizedFIFO.v:76$1849: $auto$alumacc.cc:485:replace_alu$5071
  creating $alu cell for $flatten\seg_adder_vff_carry_19.$add$/teamspace/studios/this_studio/Melodica-Integration-into-Fife-Core/bsc/lib/Verilog/SizedFIFO.v:75$1848: $auto$alumacc.cc:485:replace_alu$5074
  creating $alu cell for $flatten\seg_adder_vff_carry_19.$add$/teamspace/studios/this_studio/Melodica-Integration-into-Fife-Core/bsc/lib/Verilog/SizedFIFO.v:76$1849: $auto$alumacc.cc:485:replace_alu$5077
  creating $alu cell for $flatten\seg_adder_vff_carry_2.$add$/teamspace/studios/this_studio/Melodica-Integration-into-Fife-Core/bsc/lib/Verilog/SizedFIFO.v:75$1848: $auto$alumacc.cc:485:replace_alu$5080
  creating $alu cell for $flatten\seg_adder_vff_carry_2.$add$/teamspace/studios/this_studio/Melodica-Integration-into-Fife-Core/bsc/lib/Verilog/SizedFIFO.v:76$1849: $auto$alumacc.cc:485:replace_alu$5083
  creating $alu cell for $flatten\seg_adder_vff_carry_20.$add$/teamspace/studios/this_studio/Melodica-Integration-into-Fife-Core/bsc/lib/Verilog/SizedFIFO.v:75$1848: $auto$alumacc.cc:485:replace_alu$5086
  creating $alu cell for $flatten\seg_adder_vff_carry_20.$add$/teamspace/studios/this_studio/Melodica-Integration-into-Fife-Core/bsc/lib/Verilog/SizedFIFO.v:76$1849: $auto$alumacc.cc:485:replace_alu$5089
  creating $alu cell for $flatten\seg_adder_vff_carry_21.$add$/teamspace/studios/this_studio/Melodica-Integration-into-Fife-Core/bsc/lib/Verilog/SizedFIFO.v:75$1848: $auto$alumacc.cc:485:replace_alu$5092
  creating $alu cell for $flatten\seg_adder_vff_carry_21.$add$/teamspace/studios/this_studio/Melodica-Integration-into-Fife-Core/bsc/lib/Verilog/SizedFIFO.v:76$1849: $auto$alumacc.cc:485:replace_alu$5095
  creating $alu cell for $flatten\seg_adder_vff_carry_22.$add$/teamspace/studios/this_studio/Melodica-Integration-into-Fife-Core/bsc/lib/Verilog/SizedFIFO.v:75$1848: $auto$alumacc.cc:485:replace_alu$5098
  creating $alu cell for $flatten\seg_adder_vff_carry_22.$add$/teamspace/studios/this_studio/Melodica-Integration-into-Fife-Core/bsc/lib/Verilog/SizedFIFO.v:76$1849: $auto$alumacc.cc:485:replace_alu$5101
  creating $alu cell for $flatten\seg_adder_vff_carry_23.$add$/teamspace/studios/this_studio/Melodica-Integration-into-Fife-Core/bsc/lib/Verilog/SizedFIFO.v:75$1848: $auto$alumacc.cc:485:replace_alu$5104
  creating $alu cell for $flatten\seg_adder_vff_carry_23.$add$/teamspace/studios/this_studio/Melodica-Integration-into-Fife-Core/bsc/lib/Verilog/SizedFIFO.v:76$1849: $auto$alumacc.cc:485:replace_alu$5107
  creating $alu cell for $flatten\seg_adder_vff_carry_3.$add$/teamspace/studios/this_studio/Melodica-Integration-into-Fife-Core/bsc/lib/Verilog/SizedFIFO.v:75$1848: $auto$alumacc.cc:485:replace_alu$5110
  creating $alu cell for $flatten\seg_adder_vff_carry_3.$add$/teamspace/studios/this_studio/Melodica-Integration-into-Fife-Core/bsc/lib/Verilog/SizedFIFO.v:76$1849: $auto$alumacc.cc:485:replace_alu$5113
  creating $alu cell for $flatten\seg_adder_vff_carry_4.$add$/teamspace/studios/this_studio/Melodica-Integration-into-Fife-Core/bsc/lib/Verilog/SizedFIFO.v:75$1848: $auto$alumacc.cc:485:replace_alu$5116
  creating $alu cell for $flatten\seg_adder_vff_carry_4.$add$/teamspace/studios/this_studio/Melodica-Integration-into-Fife-Core/bsc/lib/Verilog/SizedFIFO.v:76$1849: $auto$alumacc.cc:485:replace_alu$5119
  creating $alu cell for $flatten\seg_adder_vff_carry_5.$add$/teamspace/studios/this_studio/Melodica-Integration-into-Fife-Core/bsc/lib/Verilog/SizedFIFO.v:75$1848: $auto$alumacc.cc:485:replace_alu$5122
  creating $alu cell for $flatten\seg_adder_vff_carry_5.$add$/teamspace/studios/this_studio/Melodica-Integration-into-Fife-Core/bsc/lib/Verilog/SizedFIFO.v:76$1849: $auto$alumacc.cc:485:replace_alu$5125
  creating $alu cell for $flatten\seg_adder_vff_carry_6.$add$/teamspace/studios/this_studio/Melodica-Integration-into-Fife-Core/bsc/lib/Verilog/SizedFIFO.v:75$1848: $auto$alumacc.cc:485:replace_alu$5128
  creating $alu cell for $flatten\seg_adder_vff_carry_6.$add$/teamspace/studios/this_studio/Melodica-Integration-into-Fife-Core/bsc/lib/Verilog/SizedFIFO.v:76$1849: $auto$alumacc.cc:485:replace_alu$5131
  creating $alu cell for $flatten\seg_adder_vff_carry_7.$add$/teamspace/studios/this_studio/Melodica-Integration-into-Fife-Core/bsc/lib/Verilog/SizedFIFO.v:75$1848: $auto$alumacc.cc:485:replace_alu$5134
  creating $alu cell for $flatten\seg_adder_vff_carry_7.$add$/teamspace/studios/this_studio/Melodica-Integration-into-Fife-Core/bsc/lib/Verilog/SizedFIFO.v:76$1849: $auto$alumacc.cc:485:replace_alu$5137
  creating $alu cell for $flatten\seg_adder_vff_carry_8.$add$/teamspace/studios/this_studio/Melodica-Integration-into-Fife-Core/bsc/lib/Verilog/SizedFIFO.v:75$1848: $auto$alumacc.cc:485:replace_alu$5140
  creating $alu cell for $flatten\seg_adder_vff_carry_8.$add$/teamspace/studios/this_studio/Melodica-Integration-into-Fife-Core/bsc/lib/Verilog/SizedFIFO.v:76$1849: $auto$alumacc.cc:485:replace_alu$5143
  creating $alu cell for $flatten\seg_adder_vff_carry_9.$add$/teamspace/studios/this_studio/Melodica-Integration-into-Fife-Core/bsc/lib/Verilog/SizedFIFO.v:75$1848: $auto$alumacc.cc:485:replace_alu$5146
  creating $alu cell for $flatten\seg_adder_vff_carry_9.$add$/teamspace/studios/this_studio/Melodica-Integration-into-Fife-Core/bsc/lib/Verilog/SizedFIFO.v:76$1849: $auto$alumacc.cc:485:replace_alu$5149
  creating $alu cell for $flatten\seg_adder_vff_in_0.$add$/teamspace/studios/this_studio/Melodica-Integration-into-Fife-Core/bsc/lib/Verilog/SizedFIFO.v:75$1817: $auto$alumacc.cc:485:replace_alu$5152
  creating $alu cell for $flatten\seg_adder_vff_in_0.$add$/teamspace/studios/this_studio/Melodica-Integration-into-Fife-Core/bsc/lib/Verilog/SizedFIFO.v:76$1818: $auto$alumacc.cc:485:replace_alu$5155
  creating $alu cell for $flatten\seg_adder_vff_in_1.$add$/teamspace/studios/this_studio/Melodica-Integration-into-Fife-Core/bsc/lib/Verilog/SizedFIFO.v:75$1817: $auto$alumacc.cc:485:replace_alu$5158
  creating $alu cell for $flatten\seg_adder_vff_in_1.$add$/teamspace/studios/this_studio/Melodica-Integration-into-Fife-Core/bsc/lib/Verilog/SizedFIFO.v:76$1818: $auto$alumacc.cc:485:replace_alu$5161
  creating $alu cell for $flatten\seg_adder_vff_in_10.$add$/teamspace/studios/this_studio/Melodica-Integration-into-Fife-Core/bsc/lib/Verilog/SizedFIFO.v:75$1817: $auto$alumacc.cc:485:replace_alu$5164
  creating $alu cell for $flatten\seg_adder_vff_in_10.$add$/teamspace/studios/this_studio/Melodica-Integration-into-Fife-Core/bsc/lib/Verilog/SizedFIFO.v:76$1818: $auto$alumacc.cc:485:replace_alu$5167
  creating $alu cell for $flatten\seg_adder_vff_in_11.$add$/teamspace/studios/this_studio/Melodica-Integration-into-Fife-Core/bsc/lib/Verilog/SizedFIFO.v:75$1817: $auto$alumacc.cc:485:replace_alu$5170
  creating $alu cell for $flatten\seg_adder_vff_in_11.$add$/teamspace/studios/this_studio/Melodica-Integration-into-Fife-Core/bsc/lib/Verilog/SizedFIFO.v:76$1818: $auto$alumacc.cc:485:replace_alu$5173
  creating $alu cell for $flatten\seg_adder_vff_in_12.$add$/teamspace/studios/this_studio/Melodica-Integration-into-Fife-Core/bsc/lib/Verilog/SizedFIFO.v:75$1817: $auto$alumacc.cc:485:replace_alu$5176
  creating $alu cell for $flatten\seg_adder_vff_in_12.$add$/teamspace/studios/this_studio/Melodica-Integration-into-Fife-Core/bsc/lib/Verilog/SizedFIFO.v:76$1818: $auto$alumacc.cc:485:replace_alu$5179
  creating $alu cell for $flatten\seg_adder_vff_in_13.$add$/teamspace/studios/this_studio/Melodica-Integration-into-Fife-Core/bsc/lib/Verilog/SizedFIFO.v:75$1817: $auto$alumacc.cc:485:replace_alu$5182
  creating $alu cell for $flatten\seg_adder_vff_in_13.$add$/teamspace/studios/this_studio/Melodica-Integration-into-Fife-Core/bsc/lib/Verilog/SizedFIFO.v:76$1818: $auto$alumacc.cc:485:replace_alu$5185
  creating $alu cell for $flatten\seg_adder_vff_in_14.$add$/teamspace/studios/this_studio/Melodica-Integration-into-Fife-Core/bsc/lib/Verilog/SizedFIFO.v:75$1817: $auto$alumacc.cc:485:replace_alu$5188
  creating $alu cell for $flatten\seg_adder_vff_in_14.$add$/teamspace/studios/this_studio/Melodica-Integration-into-Fife-Core/bsc/lib/Verilog/SizedFIFO.v:76$1818: $auto$alumacc.cc:485:replace_alu$5191
  creating $alu cell for $flatten\seg_adder_vff_in_15.$add$/teamspace/studios/this_studio/Melodica-Integration-into-Fife-Core/bsc/lib/Verilog/SizedFIFO.v:75$1817: $auto$alumacc.cc:485:replace_alu$5194
  creating $alu cell for $flatten\seg_adder_vff_in_15.$add$/teamspace/studios/this_studio/Melodica-Integration-into-Fife-Core/bsc/lib/Verilog/SizedFIFO.v:76$1818: $auto$alumacc.cc:485:replace_alu$5197
  creating $alu cell for $flatten\seg_adder_vff_in_16.$add$/teamspace/studios/this_studio/Melodica-Integration-into-Fife-Core/bsc/lib/Verilog/SizedFIFO.v:75$1817: $auto$alumacc.cc:485:replace_alu$5200
  creating $alu cell for $flatten\seg_adder_vff_in_16.$add$/teamspace/studios/this_studio/Melodica-Integration-into-Fife-Core/bsc/lib/Verilog/SizedFIFO.v:76$1818: $auto$alumacc.cc:485:replace_alu$5203
  creating $alu cell for $flatten\seg_adder_vff_in_17.$add$/teamspace/studios/this_studio/Melodica-Integration-into-Fife-Core/bsc/lib/Verilog/SizedFIFO.v:75$1817: $auto$alumacc.cc:485:replace_alu$5206
  creating $alu cell for $flatten\seg_adder_vff_in_17.$add$/teamspace/studios/this_studio/Melodica-Integration-into-Fife-Core/bsc/lib/Verilog/SizedFIFO.v:76$1818: $auto$alumacc.cc:485:replace_alu$5209
  creating $alu cell for $flatten\seg_adder_vff_in_18.$add$/teamspace/studios/this_studio/Melodica-Integration-into-Fife-Core/bsc/lib/Verilog/SizedFIFO.v:75$1817: $auto$alumacc.cc:485:replace_alu$5212
  creating $alu cell for $flatten\seg_adder_vff_in_18.$add$/teamspace/studios/this_studio/Melodica-Integration-into-Fife-Core/bsc/lib/Verilog/SizedFIFO.v:76$1818: $auto$alumacc.cc:485:replace_alu$5215
  creating $alu cell for $flatten\seg_adder_vff_in_19.$add$/teamspace/studios/this_studio/Melodica-Integration-into-Fife-Core/bsc/lib/Verilog/SizedFIFO.v:75$1817: $auto$alumacc.cc:485:replace_alu$5218
  creating $alu cell for $flatten\seg_adder_vff_in_19.$add$/teamspace/studios/this_studio/Melodica-Integration-into-Fife-Core/bsc/lib/Verilog/SizedFIFO.v:76$1818: $auto$alumacc.cc:485:replace_alu$5221
  creating $alu cell for $flatten\seg_adder_vff_in_2.$add$/teamspace/studios/this_studio/Melodica-Integration-into-Fife-Core/bsc/lib/Verilog/SizedFIFO.v:75$1817: $auto$alumacc.cc:485:replace_alu$5224
  creating $alu cell for $flatten\seg_adder_vff_in_2.$add$/teamspace/studios/this_studio/Melodica-Integration-into-Fife-Core/bsc/lib/Verilog/SizedFIFO.v:76$1818: $auto$alumacc.cc:485:replace_alu$5227
  creating $alu cell for $flatten\seg_adder_vff_in_20.$add$/teamspace/studios/this_studio/Melodica-Integration-into-Fife-Core/bsc/lib/Verilog/SizedFIFO.v:75$1817: $auto$alumacc.cc:485:replace_alu$5230
  creating $alu cell for $flatten\seg_adder_vff_in_20.$add$/teamspace/studios/this_studio/Melodica-Integration-into-Fife-Core/bsc/lib/Verilog/SizedFIFO.v:76$1818: $auto$alumacc.cc:485:replace_alu$5233
  creating $alu cell for $flatten\seg_adder_vff_in_21.$add$/teamspace/studios/this_studio/Melodica-Integration-into-Fife-Core/bsc/lib/Verilog/SizedFIFO.v:75$1817: $auto$alumacc.cc:485:replace_alu$5236
  created 206 $alu and 1 $macc cells.

14.14. Executing SHARE pass (SAT-based resource sharing).
Found 51 cells in module mkQuire that may be considered for resource sharing.
  Analyzing resource sharing options for $shr$/teamspace/studios/this_studio/Melodica-Integration-into-Fife-Core/Learn_Bluespec_and_RISCV_Design/Code/Build/Fife/verilog/mkQuire.v:4557$1331 ($shr):
    Found 49 activation_patterns using ctrl signal { $flatten\instance_fn_twosC_quire_2.$eq$/teamspace/studios/this_studio/Melodica-Integration-into-Fife-Core/Learn_Bluespec_and_RISCV_Design/Code/Build/Fife/verilog/module_fn_twosC_quire.v:100$81_Y $flatten\instance_fn_twosC_quire_2.$eq$/teamspace/studios/this_studio/Melodica-Integration-into-Fife-Core/Learn_Bluespec_and_RISCV_Design/Code/Build/Fife/verilog/module_fn_twosC_quire.v:107$87_Y $flatten\instance_fn_twosC_quire_2.$eq$/teamspace/studios/this_studio/Melodica-Integration-into-Fife-Core/Learn_Bluespec_and_RISCV_Design/Code/Build/Fife/verilog/module_fn_twosC_quire.v:114$93_Y $flatten\instance_fn_twosC_quire_2.$eq$/teamspace/studios/this_studio/Melodica-Integration-into-Fife-Core/Learn_Bluespec_and_RISCV_Design/Code/Build/Fife/verilog/module_fn_twosC_quire.v:121$99_Y $flatten\instance_fn_twosC_quire_2.$eq$/teamspace/studios/this_studio/Melodica-Integration-into-Fife-Core/Learn_Bluespec_and_RISCV_Design/Code/Build/Fife/verilog/module_fn_twosC_quire.v:128$105_Y $flatten\instance_fn_twosC_quire_2.$eq$/teamspace/studios/this_studio/Melodica-Integration-into-Fife-Core/Learn_Bluespec_and_RISCV_Design/Code/Build/Fife/verilog/module_fn_twosC_quire.v:135$111_Y $flatten\instance_fn_twosC_quire_2.$eq$/teamspace/studios/this_studio/Melodica-Integration-into-Fife-Core/Learn_Bluespec_and_RISCV_Design/Code/Build/Fife/verilog/module_fn_twosC_quire.v:142$117_Y $flatten\instance_fn_twosC_quire_2.$eq$/teamspace/studios/this_studio/Melodica-Integration-into-Fife-Core/Learn_Bluespec_and_RISCV_Design/Code/Build/Fife/verilog/module_fn_twosC_quire.v:149$123_Y $flatten\instance_fn_twosC_quire_2.$eq$/teamspace/studios/this_studio/Melodica-Integration-into-Fife-Core/Learn_Bluespec_and_RISCV_Design/Code/Build/Fife/verilog/module_fn_twosC_quire.v:156$129_Y $flatten\instance_fn_twosC_quire_2.$eq$/teamspace/studios/this_studio/Melodica-Integration-into-Fife-Core/Learn_Bluespec_and_RISCV_Design/Code/Build/Fife/verilog/module_fn_twosC_quire.v:163$135_Y $flatten\instance_fn_twosC_quire_2.$eq$/teamspace/studios/this_studio/Melodica-Integration-into-Fife-Core/Learn_Bluespec_and_RISCV_Design/Code/Build/Fife/verilog/module_fn_twosC_quire.v:170$141_Y $flatten\instance_fn_twosC_quire_2.$eq$/teamspace/studios/this_studio/Melodica-Integration-into-Fife-Core/Learn_Bluespec_and_RISCV_Design/Code/Build/Fife/verilog/module_fn_twosC_quire.v:177$147_Y $flatten\instance_fn_twosC_quire_2.$eq$/teamspace/studios/this_studio/Melodica-Integration-into-Fife-Core/Learn_Bluespec_and_RISCV_Design/Code/Build/Fife/verilog/module_fn_twosC_quire.v:184$153_Y $flatten\instance_fn_twosC_quire_2.$eq$/teamspace/studios/this_studio/Melodica-Integration-into-Fife-Core/Learn_Bluespec_and_RISCV_Design/Code/Build/Fife/verilog/module_fn_twosC_quire.v:191$159_Y $flatten\instance_fn_twosC_quire_2.$eq$/teamspace/studios/this_studio/Melodica-Integration-into-Fife-Core/Learn_Bluespec_and_RISCV_Design/Code/Build/Fife/verilog/module_fn_twosC_quire.v:198$165_Y $flatten\instance_fn_twosC_quire_2.$eq$/teamspace/studios/this_studio/Melodica-Integration-into-Fife-Core/Learn_Bluespec_and_RISCV_Design/Code/Build/Fife/verilog/module_fn_twosC_quire.v:205$171_Y $flatten\instance_fn_twosC_quire_2.$eq$/teamspace/studios/this_studio/Melodica-Integration-into-Fife-Core/Learn_Bluespec_and_RISCV_Design/Code/Build/Fife/verilog/module_fn_twosC_quire.v:219$183_Y $flatten\instance_fn_twosC_quire_2.$eq$/teamspace/studios/this_studio/Melodica-Integration-into-Fife-Core/Learn_Bluespec_and_RISCV_Design/Code/Build/Fife/verilog/module_fn_twosC_quire.v:226$189_Y $flatten\instance_fn_twosC_quire_2.$eq$/teamspace/studios/this_studio/Melodica-Integration-into-Fife-Core/Learn_Bluespec_and_RISCV_Design/Code/Build/Fife/verilog/module_fn_twosC_quire.v:233$195_Y $flatten\instance_fn_twosC_quire_2.$eq$/teamspace/studios/this_studio/Melodica-Integration-into-Fife-Core/Learn_Bluespec_and_RISCV_Design/Code/Build/Fife/verilog/module_fn_twosC_quire.v:240$201_Y $flatten\instance_fn_twosC_quire_2.$eq$/teamspace/studios/this_studio/Melodica-Integration-into-Fife-Core/Learn_Bluespec_and_RISCV_Design/Code/Build/Fife/verilog/module_fn_twosC_quire.v:247$207_Y $flatten\instance_fn_twosC_quire_2.$eq$/teamspace/studios/this_studio/Melodica-Integration-into-Fife-Core/Learn_Bluespec_and_RISCV_Design/Code/Build/Fife/verilog/module_fn_twosC_quire.v:254$213_Y $flatten\instance_fn_twosC_quire_2.$eq$/teamspace/studios/this_studio/Melodica-Integration-into-Fife-Core/Learn_Bluespec_and_RISCV_Design/Code/Build/Fife/verilog/module_fn_twosC_quire.v:261$219_Y $flatten\instance_fn_twosC_quire_2.$eq$/teamspace/studios/this_studio/Melodica-Integration-into-Fife-Core/Learn_Bluespec_and_RISCV_Design/Code/Build/Fife/verilog/module_fn_twosC_quire.v:268$225_Y \seg_adder_vff_carry_8.DEQ \seg_adder_vff_carry_7.DEQ \seg_adder_vff_carry_6.DEQ \seg_adder_vff_carry_5.DEQ \seg_adder_vff_carry_4.DEQ \seg_adder_vff_carry_3.DEQ \seg_adder_vff_carry_22.DEQ \seg_adder_vff_carry_21.DEQ \seg_adder_vff_carry_20.DEQ \seg_adder_vff_carry_2.DEQ \seg_adder_vff_carry_19.DEQ \seg_adder_vff_carry_18.DEQ \seg_adder_vff_carry_17.DEQ \seg_adder_vff_carry_16.DEQ \seg_adder_vff_carry_15.DEQ \seg_adder_vff_carry_14.DEQ \seg_adder_vff_carry_13.DEQ \seg_adder_vff_carry_12.DEQ \seg_adder_vff_carry_11.DEQ \seg_adder_vff_carry_10.ENQ \seg_adder_vff_carry_10.DEQ \seg_adder_vff_carry_1.DEQ \seg_adder_vff_carry_0.DEQ \seg_adder_vff_carry_0.ENQ \EN_init \init_x [35:34] }.
    No candidates found.
  Analyzing resource sharing options for $shl$/teamspace/studios/this_studio/Melodica-Integration-into-Fife-Core/Learn_Bluespec_and_RISCV_Design/Code/Build/Fife/verilog/mkQuire.v:4554$1329 ($shl):
    Found 49 activation_patterns using ctrl signal { $flatten\instance_fn_twosC_quire_2.$eq$/teamspace/studios/this_studio/Melodica-Integration-into-Fife-Core/Learn_Bluespec_and_RISCV_Design/Code/Build/Fife/verilog/module_fn_twosC_quire.v:100$81_Y $flatten\instance_fn_twosC_quire_2.$eq$/teamspace/studios/this_studio/Melodica-Integration-into-Fife-Core/Learn_Bluespec_and_RISCV_Design/Code/Build/Fife/verilog/module_fn_twosC_quire.v:107$87_Y $flatten\instance_fn_twosC_quire_2.$eq$/teamspace/studios/this_studio/Melodica-Integration-into-Fife-Core/Learn_Bluespec_and_RISCV_Design/Code/Build/Fife/verilog/module_fn_twosC_quire.v:114$93_Y $flatten\instance_fn_twosC_quire_2.$eq$/teamspace/studios/this_studio/Melodica-Integration-into-Fife-Core/Learn_Bluespec_and_RISCV_Design/Code/Build/Fife/verilog/module_fn_twosC_quire.v:121$99_Y $flatten\instance_fn_twosC_quire_2.$eq$/teamspace/studios/this_studio/Melodica-Integration-into-Fife-Core/Learn_Bluespec_and_RISCV_Design/Code/Build/Fife/verilog/module_fn_twosC_quire.v:128$105_Y $flatten\instance_fn_twosC_quire_2.$eq$/teamspace/studios/this_studio/Melodica-Integration-into-Fife-Core/Learn_Bluespec_and_RISCV_Design/Code/Build/Fife/verilog/module_fn_twosC_quire.v:135$111_Y $flatten\instance_fn_twosC_quire_2.$eq$/teamspace/studios/this_studio/Melodica-Integration-into-Fife-Core/Learn_Bluespec_and_RISCV_Design/Code/Build/Fife/verilog/module_fn_twosC_quire.v:142$117_Y $flatten\instance_fn_twosC_quire_2.$eq$/teamspace/studios/this_studio/Melodica-Integration-into-Fife-Core/Learn_Bluespec_and_RISCV_Design/Code/Build/Fife/verilog/module_fn_twosC_quire.v:149$123_Y $flatten\instance_fn_twosC_quire_2.$eq$/teamspace/studios/this_studio/Melodica-Integration-into-Fife-Core/Learn_Bluespec_and_RISCV_Design/Code/Build/Fife/verilog/module_fn_twosC_quire.v:156$129_Y $flatten\instance_fn_twosC_quire_2.$eq$/teamspace/studios/this_studio/Melodica-Integration-into-Fife-Core/Learn_Bluespec_and_RISCV_Design/Code/Build/Fife/verilog/module_fn_twosC_quire.v:163$135_Y $flatten\instance_fn_twosC_quire_2.$eq$/teamspace/studios/this_studio/Melodica-Integration-into-Fife-Core/Learn_Bluespec_and_RISCV_Design/Code/Build/Fife/verilog/module_fn_twosC_quire.v:170$141_Y $flatten\instance_fn_twosC_quire_2.$eq$/teamspace/studios/this_studio/Melodica-Integration-into-Fife-Core/Learn_Bluespec_and_RISCV_Design/Code/Build/Fife/verilog/module_fn_twosC_quire.v:177$147_Y $flatten\instance_fn_twosC_quire_2.$eq$/teamspace/studios/this_studio/Melodica-Integration-into-Fife-Core/Learn_Bluespec_and_RISCV_Design/Code/Build/Fife/verilog/module_fn_twosC_quire.v:184$153_Y $flatten\instance_fn_twosC_quire_2.$eq$/teamspace/studios/this_studio/Melodica-Integration-into-Fife-Core/Learn_Bluespec_and_RISCV_Design/Code/Build/Fife/verilog/module_fn_twosC_quire.v:191$159_Y $flatten\instance_fn_twosC_quire_2.$eq$/teamspace/studios/this_studio/Melodica-Integration-into-Fife-Core/Learn_Bluespec_and_RISCV_Design/Code/Build/Fife/verilog/module_fn_twosC_quire.v:198$165_Y $flatten\instance_fn_twosC_quire_2.$eq$/teamspace/studios/this_studio/Melodica-Integration-into-Fife-Core/Learn_Bluespec_and_RISCV_Design/Code/Build/Fife/verilog/module_fn_twosC_quire.v:205$171_Y $flatten\instance_fn_twosC_quire_2.$eq$/teamspace/studios/this_studio/Melodica-Integration-into-Fife-Core/Learn_Bluespec_and_RISCV_Design/Code/Build/Fife/verilog/module_fn_twosC_quire.v:219$183_Y $flatten\instance_fn_twosC_quire_2.$eq$/teamspace/studios/this_studio/Melodica-Integration-into-Fife-Core/Learn_Bluespec_and_RISCV_Design/Code/Build/Fife/verilog/module_fn_twosC_quire.v:226$189_Y $flatten\instance_fn_twosC_quire_2.$eq$/teamspace/studios/this_studio/Melodica-Integration-into-Fife-Core/Learn_Bluespec_and_RISCV_Design/Code/Build/Fife/verilog/module_fn_twosC_quire.v:233$195_Y $flatten\instance_fn_twosC_quire_2.$eq$/teamspace/studios/this_studio/Melodica-Integration-into-Fife-Core/Learn_Bluespec_and_RISCV_Design/Code/Build/Fife/verilog/module_fn_twosC_quire.v:240$201_Y $flatten\instance_fn_twosC_quire_2.$eq$/teamspace/studios/this_studio/Melodica-Integration-into-Fife-Core/Learn_Bluespec_and_RISCV_Design/Code/Build/Fife/verilog/module_fn_twosC_quire.v:247$207_Y $flatten\instance_fn_twosC_quire_2.$eq$/teamspace/studios/this_studio/Melodica-Integration-into-Fife-Core/Learn_Bluespec_and_RISCV_Design/Code/Build/Fife/verilog/module_fn_twosC_quire.v:254$213_Y $flatten\instance_fn_twosC_quire_2.$eq$/teamspace/studios/this_studio/Melodica-Integration-into-Fife-Core/Learn_Bluespec_and_RISCV_Design/Code/Build/Fife/verilog/module_fn_twosC_quire.v:261$219_Y $flatten\instance_fn_twosC_quire_2.$eq$/teamspace/studios/this_studio/Melodica-Integration-into-Fife-Core/Learn_Bluespec_and_RISCV_Design/Code/Build/Fife/verilog/module_fn_twosC_quire.v:268$225_Y \seg_adder_vff_carry_8.DEQ \seg_adder_vff_carry_7.DEQ \seg_adder_vff_carry_6.DEQ \seg_adder_vff_carry_5.DEQ \seg_adder_vff_carry_4.DEQ \seg_adder_vff_carry_3.DEQ \seg_adder_vff_carry_22.DEQ \seg_adder_vff_carry_21.DEQ \seg_adder_vff_carry_20.DEQ \seg_adder_vff_carry_2.DEQ \seg_adder_vff_carry_19.DEQ \seg_adder_vff_carry_18.DEQ \seg_adder_vff_carry_17.DEQ \seg_adder_vff_carry_16.DEQ \seg_adder_vff_carry_15.DEQ \seg_adder_vff_carry_14.DEQ \seg_adder_vff_carry_13.DEQ \seg_adder_vff_carry_12.DEQ \seg_adder_vff_carry_11.DEQ \seg_adder_vff_carry_10.ENQ \seg_adder_vff_carry_10.DEQ \seg_adder_vff_carry_1.DEQ \seg_adder_vff_carry_0.DEQ \seg_adder_vff_carry_0.ENQ \EN_init \init_x [35:34] }.
    No candidates found.
  Analyzing resource sharing options for $flatten\seg_adder_vff_in_9.$memrd$\arr$/teamspace/studios/this_studio/Melodica-Integration-into-Fife-Core/bsc/lib/Verilog/SizedFIFO.v:179$1829 ($memrd):
    Found 1 activation_patterns using ctrl signal $auto$opt_reduce.cc:134:opt_pmux$3003.
    No candidates found.
  Analyzing resource sharing options for $flatten\seg_adder_vff_in_8.$memrd$\arr$/teamspace/studios/this_studio/Melodica-Integration-into-Fife-Core/bsc/lib/Verilog/SizedFIFO.v:179$1829 ($memrd):
    Found 1 activation_patterns using ctrl signal $auto$opt_reduce.cc:134:opt_pmux$2997.
    No candidates found.
  Analyzing resource sharing options for $flatten\seg_adder_vff_in_7.$memrd$\arr$/teamspace/studios/this_studio/Melodica-Integration-into-Fife-Core/bsc/lib/Verilog/SizedFIFO.v:179$1829 ($memrd):
    Found 1 activation_patterns using ctrl signal $auto$opt_reduce.cc:134:opt_pmux$2991.
    No candidates found.
  Analyzing resource sharing options for $flatten\seg_adder_vff_in_6.$memrd$\arr$/teamspace/studios/this_studio/Melodica-Integration-into-Fife-Core/bsc/lib/Verilog/SizedFIFO.v:179$1829 ($memrd):
    Found 1 activation_patterns using ctrl signal $auto$opt_reduce.cc:134:opt_pmux$2985.
    No candidates found.
  Analyzing resource sharing options for $flatten\seg_adder_vff_in_5.$memrd$\arr$/teamspace/studios/this_studio/Melodica-Integration-into-Fife-Core/bsc/lib/Verilog/SizedFIFO.v:179$1829 ($memrd):
    Found 1 activation_patterns using ctrl signal $auto$opt_reduce.cc:134:opt_pmux$2979.
    No candidates found.
  Analyzing resource sharing options for $flatten\seg_adder_vff_in_4.$memrd$\arr$/teamspace/studios/this_studio/Melodica-Integration-into-Fife-Core/bsc/lib/Verilog/SizedFIFO.v:179$1829 ($memrd):
    Found 1 activation_patterns using ctrl signal $auto$opt_reduce.cc:134:opt_pmux$2973.
    No candidates found.
  Analyzing resource sharing options for $flatten\seg_adder_vff_in_3.$memrd$\arr$/teamspace/studios/this_studio/Melodica-Integration-into-Fife-Core/bsc/lib/Verilog/SizedFIFO.v:179$1829 ($memrd):
    Found 1 activation_patterns using ctrl signal $auto$opt_reduce.cc:134:opt_pmux$2967.
    No candidates found.
  Analyzing resource sharing options for $flatten\seg_adder_vff_in_24.$memrd$\arr$/teamspace/studios/this_studio/Melodica-Integration-into-Fife-Core/bsc/lib/Verilog/SizedFIFO.v:179$1829 ($memrd):
    Found 1 activation_patterns using ctrl signal $auto$opt_reduce.cc:134:opt_pmux$2961.
    No candidates found.
  Analyzing resource sharing options for $flatten\seg_adder_vff_in_23.$memrd$\arr$/teamspace/studios/this_studio/Melodica-Integration-into-Fife-Core/bsc/lib/Verilog/SizedFIFO.v:179$1829 ($memrd):
    Found 1 activation_patterns using ctrl signal $auto$opt_reduce.cc:134:opt_pmux$2955.
    No candidates found.
  Analyzing resource sharing options for $flatten\seg_adder_vff_in_22.$memrd$\arr$/teamspace/studios/this_studio/Melodica-Integration-into-Fife-Core/bsc/lib/Verilog/SizedFIFO.v:179$1829 ($memrd):
    Found 1 activation_patterns using ctrl signal $auto$opt_reduce.cc:134:opt_pmux$2949.
    No candidates found.
  Analyzing resource sharing options for $flatten\seg_adder_vff_in_21.$memrd$\arr$/teamspace/studios/this_studio/Melodica-Integration-into-Fife-Core/bsc/lib/Verilog/SizedFIFO.v:179$1829 ($memrd):
    Found 1 activation_patterns using ctrl signal $auto$opt_reduce.cc:134:opt_pmux$2943.
    No candidates found.
  Analyzing resource sharing options for $flatten\seg_adder_vff_in_20.$memrd$\arr$/teamspace/studios/this_studio/Melodica-Integration-into-Fife-Core/bsc/lib/Verilog/SizedFIFO.v:179$1829 ($memrd):
    Found 1 activation_patterns using ctrl signal $auto$opt_reduce.cc:134:opt_pmux$2937.
    No candidates found.
  Analyzing resource sharing options for $flatten\seg_adder_vff_in_2.$memrd$\arr$/teamspace/studios/this_studio/Melodica-Integration-into-Fife-Core/bsc/lib/Verilog/SizedFIFO.v:179$1829 ($memrd):
    Found 1 activation_patterns using ctrl signal $auto$opt_reduce.cc:134:opt_pmux$2931.
    No candidates found.
  Analyzing resource sharing options for $flatten\seg_adder_vff_in_19.$memrd$\arr$/teamspace/studios/this_studio/Melodica-Integration-into-Fife-Core/bsc/lib/Verilog/SizedFIFO.v:179$1829 ($memrd):
    Found 1 activation_patterns using ctrl signal $auto$opt_reduce.cc:134:opt_pmux$2925.
    No candidates found.
  Analyzing resource sharing options for $flatten\seg_adder_vff_in_18.$memrd$\arr$/teamspace/studios/this_studio/Melodica-Integration-into-Fife-Core/bsc/lib/Verilog/SizedFIFO.v:179$1829 ($memrd):
    Found 1 activation_patterns using ctrl signal $auto$opt_reduce.cc:134:opt_pmux$2919.
    No candidates found.
  Analyzing resource sharing options for $flatten\seg_adder_vff_in_17.$memrd$\arr$/teamspace/studios/this_studio/Melodica-Integration-into-Fife-Core/bsc/lib/Verilog/SizedFIFO.v:179$1829 ($memrd):
    Found 1 activation_patterns using ctrl signal $auto$opt_reduce.cc:134:opt_pmux$2913.
    No candidates found.
  Analyzing resource sharing options for $flatten\seg_adder_vff_in_16.$memrd$\arr$/teamspace/studios/this_studio/Melodica-Integration-into-Fife-Core/bsc/lib/Verilog/SizedFIFO.v:179$1829 ($memrd):
    Found 1 activation_patterns using ctrl signal $auto$opt_reduce.cc:134:opt_pmux$2907.
    No candidates found.
  Analyzing resource sharing options for $flatten\seg_adder_vff_in_15.$memrd$\arr$/teamspace/studios/this_studio/Melodica-Integration-into-Fife-Core/bsc/lib/Verilog/SizedFIFO.v:179$1829 ($memrd):
    Found 1 activation_patterns using ctrl signal $auto$opt_reduce.cc:134:opt_pmux$2901.
    No candidates found.
  Analyzing resource sharing options for $flatten\seg_adder_vff_in_14.$memrd$\arr$/teamspace/studios/this_studio/Melodica-Integration-into-Fife-Core/bsc/lib/Verilog/SizedFIFO.v:179$1829 ($memrd):
    Found 1 activation_patterns using ctrl signal $auto$opt_reduce.cc:134:opt_pmux$2895.
    No candidates found.
  Analyzing resource sharing options for $flatten\seg_adder_vff_in_13.$memrd$\arr$/teamspace/studios/this_studio/Melodica-Integration-into-Fife-Core/bsc/lib/Verilog/SizedFIFO.v:179$1829 ($memrd):
    Found 1 activation_patterns using ctrl signal $auto$opt_reduce.cc:134:opt_pmux$2889.
    No candidates found.
  Analyzing resource sharing options for $flatten\seg_adder_vff_in_12.$memrd$\arr$/teamspace/studios/this_studio/Melodica-Integration-into-Fife-Core/bsc/lib/Verilog/SizedFIFO.v:179$1829 ($memrd):
    Found 1 activation_patterns using ctrl signal $auto$opt_reduce.cc:134:opt_pmux$2883.
    No candidates found.
  Analyzing resource sharing options for $flatten\seg_adder_vff_in_11.$memrd$\arr$/teamspace/studios/this_studio/Melodica-Integration-into-Fife-Core/bsc/lib/Verilog/SizedFIFO.v:179$1829 ($memrd):
    Found 1 activation_patterns using ctrl signal $auto$opt_reduce.cc:134:opt_pmux$2877.
    No candidates found.
  Analyzing resource sharing options for $flatten\seg_adder_vff_in_10.$memrd$\arr$/teamspace/studios/this_studio/Melodica-Integration-into-Fife-Core/bsc/lib/Verilog/SizedFIFO.v:179$1829 ($memrd):
    Found 1 activation_patterns using ctrl signal $auto$opt_reduce.cc:134:opt_pmux$2871.
    No candidates found.
  Analyzing resource sharing options for $flatten\seg_adder_vff_in_1.$memrd$\arr$/teamspace/studios/this_studio/Melodica-Integration-into-Fife-Core/bsc/lib/Verilog/SizedFIFO.v:179$1829 ($memrd):
    Found 1 activation_patterns using ctrl signal $auto$opt_reduce.cc:134:opt_pmux$2865.
    No candidates found.
  Analyzing resource sharing options for $flatten\seg_adder_vff_in_0.$memrd$\arr$/teamspace/studios/this_studio/Melodica-Integration-into-Fife-Core/bsc/lib/Verilog/SizedFIFO.v:179$1829 ($memrd):
    Found 1 activation_patterns using ctrl signal $auto$opt_reduce.cc:134:opt_pmux$2859.
    No candidates found.
  Analyzing resource sharing options for $flatten\seg_adder_vff_carry_9.$memrd$\arr$/teamspace/studios/this_studio/Melodica-Integration-into-Fife-Core/bsc/lib/Verilog/SizedFIFO.v:179$1860 ($memrd):
    Found 1 activation_patterns using ctrl signal $auto$opt_reduce.cc:134:opt_pmux$2853.
    No candidates found.
  Analyzing resource sharing options for $flatten\seg_adder_vff_carry_8.$memrd$\arr$/teamspace/studios/this_studio/Melodica-Integration-into-Fife-Core/bsc/lib/Verilog/SizedFIFO.v:179$1860 ($memrd):
    Found 1 activation_patterns using ctrl signal $auto$opt_reduce.cc:134:opt_pmux$2847.
    No candidates found.
  Analyzing resource sharing options for $flatten\seg_adder_vff_carry_7.$memrd$\arr$/teamspace/studios/this_studio/Melodica-Integration-into-Fife-Core/bsc/lib/Verilog/SizedFIFO.v:179$1860 ($memrd):
    Found 1 activation_patterns using ctrl signal $auto$opt_reduce.cc:134:opt_pmux$2841.
    No candidates found.
  Analyzing resource sharing options for $flatten\seg_adder_vff_carry_6.$memrd$\arr$/teamspace/studios/this_studio/Melodica-Integration-into-Fife-Core/bsc/lib/Verilog/SizedFIFO.v:179$1860 ($memrd):
    Found 1 activation_patterns using ctrl signal $auto$opt_reduce.cc:134:opt_pmux$2835.
    No candidates found.
  Analyzing resource sharing options for $flatten\seg_adder_vff_carry_5.$memrd$\arr$/teamspace/studios/this_studio/Melodica-Integration-into-Fife-Core/bsc/lib/Verilog/SizedFIFO.v:179$1860 ($memrd):
    Found 1 activation_patterns using ctrl signal $auto$opt_reduce.cc:134:opt_pmux$2829.
    No candidates found.
  Analyzing resource sharing options for $flatten\seg_adder_vff_carry_4.$memrd$\arr$/teamspace/studios/this_studio/Melodica-Integration-into-Fife-Core/bsc/lib/Verilog/SizedFIFO.v:179$1860 ($memrd):
    Found 1 activation_patterns using ctrl signal $auto$opt_reduce.cc:134:opt_pmux$2823.
    No candidates found.
  Analyzing resource sharing options for $flatten\seg_adder_vff_carry_3.$memrd$\arr$/teamspace/studios/this_studio/Melodica-Integration-into-Fife-Core/bsc/lib/Verilog/SizedFIFO.v:179$1860 ($memrd):
    Found 1 activation_patterns using ctrl signal $auto$opt_reduce.cc:134:opt_pmux$2817.
    No candidates found.
  Analyzing resource sharing options for $flatten\seg_adder_vff_carry_23.$memrd$\arr$/teamspace/studios/this_studio/Melodica-Integration-into-Fife-Core/bsc/lib/Verilog/SizedFIFO.v:179$1860 ($memrd):
    Found 1 activation_patterns using ctrl signal $auto$opt_reduce.cc:134:opt_pmux$2811.
    No candidates found.
  Analyzing resource sharing options for $flatten\seg_adder_vff_carry_22.$memrd$\arr$/teamspace/studios/this_studio/Melodica-Integration-into-Fife-Core/bsc/lib/Verilog/SizedFIFO.v:179$1860 ($memrd):
    Found 1 activation_patterns using ctrl signal $auto$opt_reduce.cc:134:opt_pmux$2805.
    No candidates found.
  Analyzing resource sharing options for $flatten\seg_adder_vff_carry_21.$memrd$\arr$/teamspace/studios/this_studio/Melodica-Integration-into-Fife-Core/bsc/lib/Verilog/SizedFIFO.v:179$1860 ($memrd):
    Found 1 activation_patterns using ctrl signal $auto$opt_reduce.cc:134:opt_pmux$2799.
    No candidates found.
  Analyzing resource sharing options for $flatten\seg_adder_vff_carry_20.$memrd$\arr$/teamspace/studios/this_studio/Melodica-Integration-into-Fife-Core/bsc/lib/Verilog/SizedFIFO.v:179$1860 ($memrd):
    Found 1 activation_patterns using ctrl signal $auto$opt_reduce.cc:134:opt_pmux$2793.
    No candidates found.
  Analyzing resource sharing options for $flatten\seg_adder_vff_carry_2.$memrd$\arr$/teamspace/studios/this_studio/Melodica-Integration-into-Fife-Core/bsc/lib/Verilog/SizedFIFO.v:179$1860 ($memrd):
    Found 1 activation_patterns using ctrl signal $auto$opt_reduce.cc:134:opt_pmux$2787.
    No candidates found.
  Analyzing resource sharing options for $flatten\seg_adder_vff_carry_19.$memrd$\arr$/teamspace/studios/this_studio/Melodica-Integration-into-Fife-Core/bsc/lib/Verilog/SizedFIFO.v:179$1860 ($memrd):
    Found 1 activation_patterns using ctrl signal $auto$opt_reduce.cc:134:opt_pmux$2781.
    No candidates found.
  Analyzing resource sharing options for $flatten\seg_adder_vff_carry_18.$memrd$\arr$/teamspace/studios/this_studio/Melodica-Integration-into-Fife-Core/bsc/lib/Verilog/SizedFIFO.v:179$1860 ($memrd):
    Found 1 activation_patterns using ctrl signal $auto$opt_reduce.cc:134:opt_pmux$2775.
    No candidates found.
  Analyzing resource sharing options for $flatten\seg_adder_vff_carry_17.$memrd$\arr$/teamspace/studios/this_studio/Melodica-Integration-into-Fife-Core/bsc/lib/Verilog/SizedFIFO.v:179$1860 ($memrd):
    Found 1 activation_patterns using ctrl signal $auto$opt_reduce.cc:134:opt_pmux$2769.
    No candidates found.
  Analyzing resource sharing options for $flatten\seg_adder_vff_carry_16.$memrd$\arr$/teamspace/studios/this_studio/Melodica-Integration-into-Fife-Core/bsc/lib/Verilog/SizedFIFO.v:179$1860 ($memrd):
    Found 1 activation_patterns using ctrl signal $auto$opt_reduce.cc:134:opt_pmux$2763.
    No candidates found.
  Analyzing resource sharing options for $flatten\seg_adder_vff_carry_15.$memrd$\arr$/teamspace/studios/this_studio/Melodica-Integration-into-Fife-Core/bsc/lib/Verilog/SizedFIFO.v:179$1860 ($memrd):
    Found 1 activation_patterns using ctrl signal $auto$opt_reduce.cc:134:opt_pmux$2757.
    No candidates found.
  Analyzing resource sharing options for $flatten\seg_adder_vff_carry_14.$memrd$\arr$/teamspace/studios/this_studio/Melodica-Integration-into-Fife-Core/bsc/lib/Verilog/SizedFIFO.v:179$1860 ($memrd):
    Found 1 activation_patterns using ctrl signal $auto$opt_reduce.cc:134:opt_pmux$2751.
    No candidates found.
  Analyzing resource sharing options for $flatten\seg_adder_vff_carry_13.$memrd$\arr$/teamspace/studios/this_studio/Melodica-Integration-into-Fife-Core/bsc/lib/Verilog/SizedFIFO.v:179$1860 ($memrd):
    Found 1 activation_patterns using ctrl signal $auto$opt_reduce.cc:134:opt_pmux$2745.
    No candidates found.
  Analyzing resource sharing options for $flatten\seg_adder_vff_carry_12.$memrd$\arr$/teamspace/studios/this_studio/Melodica-Integration-into-Fife-Core/bsc/lib/Verilog/SizedFIFO.v:179$1860 ($memrd):
    Found 1 activation_patterns using ctrl signal $auto$opt_reduce.cc:134:opt_pmux$2739.
    No candidates found.
  Analyzing resource sharing options for $flatten\seg_adder_vff_carry_11.$memrd$\arr$/teamspace/studios/this_studio/Melodica-Integration-into-Fife-Core/bsc/lib/Verilog/SizedFIFO.v:179$1860 ($memrd):
    Found 1 activation_patterns using ctrl signal $auto$opt_reduce.cc:134:opt_pmux$3027.
    No candidates found.
  Analyzing resource sharing options for $flatten\seg_adder_vff_carry_10.$memrd$\arr$/teamspace/studios/this_studio/Melodica-Integration-into-Fife-Core/bsc/lib/Verilog/SizedFIFO.v:179$1860 ($memrd):
    Found 1 activation_patterns using ctrl signal $auto$opt_reduce.cc:134:opt_pmux$3021.
    No candidates found.
  Analyzing resource sharing options for $flatten\seg_adder_vff_carry_1.$memrd$\arr$/teamspace/studios/this_studio/Melodica-Integration-into-Fife-Core/bsc/lib/Verilog/SizedFIFO.v:179$1860 ($memrd):
    Found 1 activation_patterns using ctrl signal $auto$opt_reduce.cc:134:opt_pmux$3015.
    No candidates found.
  Analyzing resource sharing options for $flatten\seg_adder_vff_carry_0.$memrd$\arr$/teamspace/studios/this_studio/Melodica-Integration-into-Fife-Core/bsc/lib/Verilog/SizedFIFO.v:179$1860 ($memrd):
    Found 1 activation_patterns using ctrl signal $auto$opt_reduce.cc:134:opt_pmux$3009.
    No candidates found.

14.15. Executing OPT pass (performing simple optimizations).

14.15.1. Executing OPT_EXPR pass (perform const folding).
Optimizing module mkQuire.
<suppressed ~2 debug messages>

14.15.2. Executing OPT_MERGE pass (detect identical cells).
Finding identical cells in module `\mkQuire'.
Removed a total of 0 cells.

14.15.3. Executing OPT_MUXTREE pass (detect dead branches in mux trees).
Running muxtree optimizer on module \mkQuire..
  Creating internal representation of mux trees.
  Evaluating internal representation of mux trees.
  Analyzing evaluation results.
Removed 0 multiplexer ports.
<suppressed ~557 debug messages>

14.15.4. Executing OPT_REDUCE pass (consolidate $*mux and $reduce_* inputs).
  Optimizing cells in module \mkQuire.
Performed a total of 0 changes.

14.15.5. Executing OPT_MERGE pass (detect identical cells).
Finding identical cells in module `\mkQuire'.
Removed a total of 0 cells.

14.15.6. Executing OPT_DFF pass (perform DFF optimizations).

14.15.7. Executing OPT_CLEAN pass (remove unused cells and wires).
Finding unused cells or wires in module \mkQuire..
Removed 25 unused cells and 28 unused wires.
<suppressed ~51 debug messages>

14.15.8. Executing OPT_EXPR pass (perform const folding).
Optimizing module mkQuire.

14.15.9. Rerunning OPT passes. (Maybe there is more to do..)

14.15.10. Executing OPT_MUXTREE pass (detect dead branches in mux trees).
Running muxtree optimizer on module \mkQuire..
  Creating internal representation of mux trees.
  Evaluating internal representation of mux trees.
  Analyzing evaluation results.
Removed 0 multiplexer ports.
<suppressed ~557 debug messages>

14.15.11. Executing OPT_REDUCE pass (consolidate $*mux and $reduce_* inputs).
  Optimizing cells in module \mkQuire.
Performed a total of 0 changes.

14.15.12. Executing OPT_MERGE pass (detect identical cells).
Finding identical cells in module `\mkQuire'.
Removed a total of 0 cells.

14.15.13. Executing OPT_DFF pass (perform DFF optimizations).

14.15.14. Executing OPT_CLEAN pass (remove unused cells and wires).
Finding unused cells or wires in module \mkQuire..

14.15.15. Executing OPT_EXPR pass (perform const folding).
Optimizing module mkQuire.

14.15.16. Finished OPT passes. (There is nothing left to do.)

14.16. Executing MEMORY pass.

14.16.1. Executing OPT_MEM pass (optimize memories).
Performed a total of 0 transformations.

14.16.2. Executing OPT_MEM_PRIORITY pass (removing unnecessary memory write priority relations).
Performed a total of 0 transformations.

14.16.3. Executing OPT_MEM_FEEDBACK pass (finding memory read-to-write feedback paths).
  Analyzing mkQuire.seg_adder_vff_carry_0.arr write port 0.
  Analyzing mkQuire.seg_adder_vff_carry_1.arr write port 0.
  Analyzing mkQuire.seg_adder_vff_carry_10.arr write port 0.
  Analyzing mkQuire.seg_adder_vff_carry_11.arr write port 0.
  Analyzing mkQuire.seg_adder_vff_carry_12.arr write port 0.
  Analyzing mkQuire.seg_adder_vff_carry_13.arr write port 0.
  Analyzing mkQuire.seg_adder_vff_carry_14.arr write port 0.
  Analyzing mkQuire.seg_adder_vff_carry_15.arr write port 0.
  Analyzing mkQuire.seg_adder_vff_carry_16.arr write port 0.
  Analyzing mkQuire.seg_adder_vff_carry_17.arr write port 0.
  Analyzing mkQuire.seg_adder_vff_carry_18.arr write port 0.
  Analyzing mkQuire.seg_adder_vff_carry_19.arr write port 0.
  Analyzing mkQuire.seg_adder_vff_carry_2.arr write port 0.
  Analyzing mkQuire.seg_adder_vff_carry_20.arr write port 0.
  Analyzing mkQuire.seg_adder_vff_carry_21.arr write port 0.
  Analyzing mkQuire.seg_adder_vff_carry_22.arr write port 0.
  Analyzing mkQuire.seg_adder_vff_carry_23.arr write port 0.
  Analyzing mkQuire.seg_adder_vff_carry_3.arr write port 0.
  Analyzing mkQuire.seg_adder_vff_carry_4.arr write port 0.
  Analyzing mkQuire.seg_adder_vff_carry_5.arr write port 0.
  Analyzing mkQuire.seg_adder_vff_carry_6.arr write port 0.
  Analyzing mkQuire.seg_adder_vff_carry_7.arr write port 0.
  Analyzing mkQuire.seg_adder_vff_carry_8.arr write port 0.
  Analyzing mkQuire.seg_adder_vff_carry_9.arr write port 0.
  Analyzing mkQuire.seg_adder_vff_in_0.arr write port 0.
  Analyzing mkQuire.seg_adder_vff_in_1.arr write port 0.
  Analyzing mkQuire.seg_adder_vff_in_10.arr write port 0.
  Analyzing mkQuire.seg_adder_vff_in_11.arr write port 0.
  Analyzing mkQuire.seg_adder_vff_in_12.arr write port 0.
  Analyzing mkQuire.seg_adder_vff_in_13.arr write port 0.
  Analyzing mkQuire.seg_adder_vff_in_14.arr write port 0.
  Analyzing mkQuire.seg_adder_vff_in_15.arr write port 0.
  Analyzing mkQuire.seg_adder_vff_in_16.arr write port 0.
  Analyzing mkQuire.seg_adder_vff_in_17.arr write port 0.
  Analyzing mkQuire.seg_adder_vff_in_18.arr write port 0.
  Analyzing mkQuire.seg_adder_vff_in_19.arr write port 0.
  Analyzing mkQuire.seg_adder_vff_in_2.arr write port 0.
  Analyzing mkQuire.seg_adder_vff_in_20.arr write port 0.
  Analyzing mkQuire.seg_adder_vff_in_21.arr write port 0.
  Analyzing mkQuire.seg_adder_vff_in_22.arr write port 0.
  Analyzing mkQuire.seg_adder_vff_in_23.arr write port 0.
  Analyzing mkQuire.seg_adder_vff_in_24.arr write port 0.
  Analyzing mkQuire.seg_adder_vff_in_3.arr write port 0.
  Analyzing mkQuire.seg_adder_vff_in_4.arr write port 0.
  Analyzing mkQuire.seg_adder_vff_in_5.arr write port 0.
  Analyzing mkQuire.seg_adder_vff_in_6.arr write port 0.
  Analyzing mkQuire.seg_adder_vff_in_7.arr write port 0.
  Analyzing mkQuire.seg_adder_vff_in_8.arr write port 0.
  Analyzing mkQuire.seg_adder_vff_in_9.arr write port 0.

14.16.4. Executing MEMORY_BMUX2ROM pass (converting muxes to ROMs).

14.16.5. Executing MEMORY_DFF pass (merging $dff cells to $memrd).
Checking read port `\seg_adder_vff_carry_0.arr'[0] in module `\mkQuire': no output FF found.
Checking read port `\seg_adder_vff_carry_1.arr'[0] in module `\mkQuire': no output FF found.
Checking read port `\seg_adder_vff_carry_10.arr'[0] in module `\mkQuire': no output FF found.
Checking read port `\seg_adder_vff_carry_11.arr'[0] in module `\mkQuire': no output FF found.
Checking read port `\seg_adder_vff_carry_12.arr'[0] in module `\mkQuire': no output FF found.
Checking read port `\seg_adder_vff_carry_13.arr'[0] in module `\mkQuire': no output FF found.
Checking read port `\seg_adder_vff_carry_14.arr'[0] in module `\mkQuire': no output FF found.
Checking read port `\seg_adder_vff_carry_15.arr'[0] in module `\mkQuire': no output FF found.
Checking read port `\seg_adder_vff_carry_16.arr'[0] in module `\mkQuire': no output FF found.
Checking read port `\seg_adder_vff_carry_17.arr'[0] in module `\mkQuire': no output FF found.
Checking read port `\seg_adder_vff_carry_18.arr'[0] in module `\mkQuire': no output FF found.
Checking read port `\seg_adder_vff_carry_19.arr'[0] in module `\mkQuire': no output FF found.
Checking read port `\seg_adder_vff_carry_2.arr'[0] in module `\mkQuire': no output FF found.
Checking read port `\seg_adder_vff_carry_20.arr'[0] in module `\mkQuire': no output FF found.
Checking read port `\seg_adder_vff_carry_21.arr'[0] in module `\mkQuire': no output FF found.
Checking read port `\seg_adder_vff_carry_22.arr'[0] in module `\mkQuire': no output FF found.
Checking read port `\seg_adder_vff_carry_23.arr'[0] in module `\mkQuire': no output FF found.
Checking read port `\seg_adder_vff_carry_3.arr'[0] in module `\mkQuire': no output FF found.
Checking read port `\seg_adder_vff_carry_4.arr'[0] in module `\mkQuire': no output FF found.
Checking read port `\seg_adder_vff_carry_5.arr'[0] in module `\mkQuire': no output FF found.
Checking read port `\seg_adder_vff_carry_6.arr'[0] in module `\mkQuire': no output FF found.
Checking read port `\seg_adder_vff_carry_7.arr'[0] in module `\mkQuire': no output FF found.
Checking read port `\seg_adder_vff_carry_8.arr'[0] in module `\mkQuire': no output FF found.
Checking read port `\seg_adder_vff_carry_9.arr'[0] in module `\mkQuire': no output FF found.
Checking read port `\seg_adder_vff_in_0.arr'[0] in module `\mkQuire': no output FF found.
Checking read port `\seg_adder_vff_in_1.arr'[0] in module `\mkQuire': no output FF found.
Checking read port `\seg_adder_vff_in_10.arr'[0] in module `\mkQuire': no output FF found.
Checking read port `\seg_adder_vff_in_11.arr'[0] in module `\mkQuire': no output FF found.
Checking read port `\seg_adder_vff_in_12.arr'[0] in module `\mkQuire': no output FF found.
Checking read port `\seg_adder_vff_in_13.arr'[0] in module `\mkQuire': no output FF found.
Checking read port `\seg_adder_vff_in_14.arr'[0] in module `\mkQuire': no output FF found.
Checking read port `\seg_adder_vff_in_15.arr'[0] in module `\mkQuire': no output FF found.
Checking read port `\seg_adder_vff_in_16.arr'[0] in module `\mkQuire': no output FF found.
Checking read port `\seg_adder_vff_in_17.arr'[0] in module `\mkQuire': no output FF found.
Checking read port `\seg_adder_vff_in_18.arr'[0] in module `\mkQuire': no output FF found.
Checking read port `\seg_adder_vff_in_19.arr'[0] in module `\mkQuire': no output FF found.
Checking read port `\seg_adder_vff_in_2.arr'[0] in module `\mkQuire': no output FF found.
Checking read port `\seg_adder_vff_in_20.arr'[0] in module `\mkQuire': no output FF found.
Checking read port `\seg_adder_vff_in_21.arr'[0] in module `\mkQuire': no output FF found.
Checking read port `\seg_adder_vff_in_22.arr'[0] in module `\mkQuire': no output FF found.
Checking read port `\seg_adder_vff_in_23.arr'[0] in module `\mkQuire': no output FF found.
Checking read port `\seg_adder_vff_in_24.arr'[0] in module `\mkQuire': no output FF found.
Checking read port `\seg_adder_vff_in_3.arr'[0] in module `\mkQuire': no output FF found.
Checking read port `\seg_adder_vff_in_4.arr'[0] in module `\mkQuire': no output FF found.
Checking read port `\seg_adder_vff_in_5.arr'[0] in module `\mkQuire': no output FF found.
Checking read port `\seg_adder_vff_in_6.arr'[0] in module `\mkQuire': no output FF found.
Checking read port `\seg_adder_vff_in_7.arr'[0] in module `\mkQuire': no output FF found.
Checking read port `\seg_adder_vff_in_8.arr'[0] in module `\mkQuire': no output FF found.
Checking read port `\seg_adder_vff_in_9.arr'[0] in module `\mkQuire': no output FF found.
Checking read port address `\seg_adder_vff_carry_0.arr'[0] in module `\mkQuire': merged address FF to cell.
Checking read port address `\seg_adder_vff_carry_1.arr'[0] in module `\mkQuire': merged address FF to cell.
Checking read port address `\seg_adder_vff_carry_10.arr'[0] in module `\mkQuire': merged address FF to cell.
Checking read port address `\seg_adder_vff_carry_11.arr'[0] in module `\mkQuire': merged address FF to cell.
Checking read port address `\seg_adder_vff_carry_12.arr'[0] in module `\mkQuire': merged address FF to cell.
Checking read port address `\seg_adder_vff_carry_13.arr'[0] in module `\mkQuire': merged address FF to cell.
Checking read port address `\seg_adder_vff_carry_14.arr'[0] in module `\mkQuire': merged address FF to cell.
Checking read port address `\seg_adder_vff_carry_15.arr'[0] in module `\mkQuire': merged address FF to cell.
Checking read port address `\seg_adder_vff_carry_16.arr'[0] in module `\mkQuire': merged address FF to cell.
Checking read port address `\seg_adder_vff_carry_17.arr'[0] in module `\mkQuire': merged address FF to cell.
Checking read port address `\seg_adder_vff_carry_18.arr'[0] in module `\mkQuire': merged address FF to cell.
Checking read port address `\seg_adder_vff_carry_19.arr'[0] in module `\mkQuire': merged address FF to cell.
Checking read port address `\seg_adder_vff_carry_2.arr'[0] in module `\mkQuire': merged address FF to cell.
Checking read port address `\seg_adder_vff_carry_20.arr'[0] in module `\mkQuire': merged address FF to cell.
Checking read port address `\seg_adder_vff_carry_21.arr'[0] in module `\mkQuire': merged address FF to cell.
Checking read port address `\seg_adder_vff_carry_22.arr'[0] in module `\mkQuire': merged address FF to cell.
Checking read port address `\seg_adder_vff_carry_23.arr'[0] in module `\mkQuire': merged address FF to cell.
Checking read port address `\seg_adder_vff_carry_3.arr'[0] in module `\mkQuire': merged address FF to cell.
Checking read port address `\seg_adder_vff_carry_4.arr'[0] in module `\mkQuire': merged address FF to cell.
Checking read port address `\seg_adder_vff_carry_5.arr'[0] in module `\mkQuire': merged address FF to cell.
Checking read port address `\seg_adder_vff_carry_6.arr'[0] in module `\mkQuire': merged address FF to cell.
Checking read port address `\seg_adder_vff_carry_7.arr'[0] in module `\mkQuire': merged address FF to cell.
Checking read port address `\seg_adder_vff_carry_8.arr'[0] in module `\mkQuire': merged address FF to cell.
Checking read port address `\seg_adder_vff_carry_9.arr'[0] in module `\mkQuire': merged address FF to cell.
Checking read port address `\seg_adder_vff_in_0.arr'[0] in module `\mkQuire': merged address FF to cell.
Checking read port address `\seg_adder_vff_in_1.arr'[0] in module `\mkQuire': merged address FF to cell.
Checking read port address `\seg_adder_vff_in_10.arr'[0] in module `\mkQuire': merged address FF to cell.
Checking read port address `\seg_adder_vff_in_11.arr'[0] in module `\mkQuire': merged address FF to cell.
Checking read port address `\seg_adder_vff_in_12.arr'[0] in module `\mkQuire': merged address FF to cell.
Checking read port address `\seg_adder_vff_in_13.arr'[0] in module `\mkQuire': merged address FF to cell.
Checking read port address `\seg_adder_vff_in_14.arr'[0] in module `\mkQuire': merged address FF to cell.
Checking read port address `\seg_adder_vff_in_15.arr'[0] in module `\mkQuire': merged address FF to cell.
Checking read port address `\seg_adder_vff_in_16.arr'[0] in module `\mkQuire': merged address FF to cell.
Checking read port address `\seg_adder_vff_in_17.arr'[0] in module `\mkQuire': merged address FF to cell.
Checking read port address `\seg_adder_vff_in_18.arr'[0] in module `\mkQuire': merged address FF to cell.
Checking read port address `\seg_adder_vff_in_19.arr'[0] in module `\mkQuire': merged address FF to cell.
Checking read port address `\seg_adder_vff_in_2.arr'[0] in module `\mkQuire': merged address FF to cell.
Checking read port address `\seg_adder_vff_in_20.arr'[0] in module `\mkQuire': merged address FF to cell.
Checking read port address `\seg_adder_vff_in_21.arr'[0] in module `\mkQuire': merged address FF to cell.
Checking read port address `\seg_adder_vff_in_22.arr'[0] in module `\mkQuire': merged address FF to cell.
Checking read port address `\seg_adder_vff_in_23.arr'[0] in module `\mkQuire': merged address FF to cell.
Checking read port address `\seg_adder_vff_in_24.arr'[0] in module `\mkQuire': merged address FF to cell.
Checking read port address `\seg_adder_vff_in_3.arr'[0] in module `\mkQuire': merged address FF to cell.
Checking read port address `\seg_adder_vff_in_4.arr'[0] in module `\mkQuire': merged address FF to cell.
Checking read port address `\seg_adder_vff_in_5.arr'[0] in module `\mkQuire': merged address FF to cell.
Checking read port address `\seg_adder_vff_in_6.arr'[0] in module `\mkQuire': merged address FF to cell.
Checking read port address `\seg_adder_vff_in_7.arr'[0] in module `\mkQuire': merged address FF to cell.
Checking read port address `\seg_adder_vff_in_8.arr'[0] in module `\mkQuire': merged address FF to cell.
Checking read port address `\seg_adder_vff_in_9.arr'[0] in module `\mkQuire': merged address FF to cell.

14.16.6. Executing OPT_CLEAN pass (remove unused cells and wires).
Finding unused cells or wires in module \mkQuire..

14.16.7. Executing MEMORY_SHARE pass (consolidating $memrd/$memwr cells).

14.16.8. Executing OPT_MEM_WIDEN pass (optimize memories where all ports are wide).
Performed a total of 0 transformations.

14.16.9. Executing OPT_CLEAN pass (remove unused cells and wires).
Finding unused cells or wires in module \mkQuire..

14.16.10. Executing MEMORY_COLLECT pass (generating $mem cells).

14.17. Executing OPT_CLEAN pass (remove unused cells and wires).
Finding unused cells or wires in module \mkQuire..

14.18. Executing OPT pass (performing simple optimizations).

14.18.1. Executing OPT_EXPR pass (perform const folding).
Optimizing module mkQuire.
<suppressed ~980 debug messages>

14.18.2. Executing OPT_MERGE pass (detect identical cells).
Finding identical cells in module `\mkQuire'.
Removed a total of 0 cells.

14.18.3. Executing OPT_DFF pass (perform DFF optimizations).

14.18.4. Executing OPT_CLEAN pass (remove unused cells and wires).
Finding unused cells or wires in module \mkQuire..
Removed 0 unused cells and 378 unused wires.
<suppressed ~1 debug messages>

14.18.5. Finished fast OPT passes.

14.19. Executing MEMORY_MAP pass (converting memories to logic and flip-flops).
Mapping memory \seg_adder_vff_carry_0.arr in module \mkQuire:
  created 3 $dff cells and 0 static cells of width 1.
Extracted addr FF from read port 0 of mkQuire.seg_adder_vff_carry_0.arr: $\seg_adder_vff_carry_0.arr$rdreg[0]
  read interface: 1 $dff and 3 $mux cells.
  write interface: 3 write mux blocks.
Mapping memory \seg_adder_vff_carry_1.arr in module \mkQuire:
  created 3 $dff cells and 0 static cells of width 1.
Extracted addr FF from read port 0 of mkQuire.seg_adder_vff_carry_1.arr: $\seg_adder_vff_carry_1.arr$rdreg[0]
  read interface: 1 $dff and 3 $mux cells.
  write interface: 3 write mux blocks.
Mapping memory \seg_adder_vff_carry_10.arr in module \mkQuire:
  created 3 $dff cells and 0 static cells of width 1.
Extracted addr FF from read port 0 of mkQuire.seg_adder_vff_carry_10.arr: $\seg_adder_vff_carry_10.arr$rdreg[0]
  read interface: 1 $dff and 3 $mux cells.
  write interface: 3 write mux blocks.
Mapping memory \seg_adder_vff_carry_11.arr in module \mkQuire:
  created 3 $dff cells and 0 static cells of width 1.
Extracted addr FF from read port 0 of mkQuire.seg_adder_vff_carry_11.arr: $\seg_adder_vff_carry_11.arr$rdreg[0]
  read interface: 1 $dff and 3 $mux cells.
  write interface: 3 write mux blocks.
Mapping memory \seg_adder_vff_carry_12.arr in module \mkQuire:
  created 3 $dff cells and 0 static cells of width 1.
Extracted addr FF from read port 0 of mkQuire.seg_adder_vff_carry_12.arr: $\seg_adder_vff_carry_12.arr$rdreg[0]
  read interface: 1 $dff and 3 $mux cells.
  write interface: 3 write mux blocks.
Mapping memory \seg_adder_vff_carry_13.arr in module \mkQuire:
  created 3 $dff cells and 0 static cells of width 1.
Extracted addr FF from read port 0 of mkQuire.seg_adder_vff_carry_13.arr: $\seg_adder_vff_carry_13.arr$rdreg[0]
  read interface: 1 $dff and 3 $mux cells.
  write interface: 3 write mux blocks.
Mapping memory \seg_adder_vff_carry_14.arr in module \mkQuire:
  created 3 $dff cells and 0 static cells of width 1.
Extracted addr FF from read port 0 of mkQuire.seg_adder_vff_carry_14.arr: $\seg_adder_vff_carry_14.arr$rdreg[0]
  read interface: 1 $dff and 3 $mux cells.
  write interface: 3 write mux blocks.
Mapping memory \seg_adder_vff_carry_15.arr in module \mkQuire:
  created 3 $dff cells and 0 static cells of width 1.
Extracted addr FF from read port 0 of mkQuire.seg_adder_vff_carry_15.arr: $\seg_adder_vff_carry_15.arr$rdreg[0]
  read interface: 1 $dff and 3 $mux cells.
  write interface: 3 write mux blocks.
Mapping memory \seg_adder_vff_carry_16.arr in module \mkQuire:
  created 3 $dff cells and 0 static cells of width 1.
Extracted addr FF from read port 0 of mkQuire.seg_adder_vff_carry_16.arr: $\seg_adder_vff_carry_16.arr$rdreg[0]
  read interface: 1 $dff and 3 $mux cells.
  write interface: 3 write mux blocks.
Mapping memory \seg_adder_vff_carry_17.arr in module \mkQuire:
  created 3 $dff cells and 0 static cells of width 1.
Extracted addr FF from read port 0 of mkQuire.seg_adder_vff_carry_17.arr: $\seg_adder_vff_carry_17.arr$rdreg[0]
  read interface: 1 $dff and 3 $mux cells.
  write interface: 3 write mux blocks.
Mapping memory \seg_adder_vff_carry_18.arr in module \mkQuire:
  created 3 $dff cells and 0 static cells of width 1.
Extracted addr FF from read port 0 of mkQuire.seg_adder_vff_carry_18.arr: $\seg_adder_vff_carry_18.arr$rdreg[0]
  read interface: 1 $dff and 3 $mux cells.
  write interface: 3 write mux blocks.
Mapping memory \seg_adder_vff_carry_19.arr in module \mkQuire:
  created 3 $dff cells and 0 static cells of width 1.
Extracted addr FF from read port 0 of mkQuire.seg_adder_vff_carry_19.arr: $\seg_adder_vff_carry_19.arr$rdreg[0]
  read interface: 1 $dff and 3 $mux cells.
  write interface: 3 write mux blocks.
Mapping memory \seg_adder_vff_carry_2.arr in module \mkQuire:
  created 3 $dff cells and 0 static cells of width 1.
Extracted addr FF from read port 0 of mkQuire.seg_adder_vff_carry_2.arr: $\seg_adder_vff_carry_2.arr$rdreg[0]
  read interface: 1 $dff and 3 $mux cells.
  write interface: 3 write mux blocks.
Mapping memory \seg_adder_vff_carry_20.arr in module \mkQuire:
  created 3 $dff cells and 0 static cells of width 1.
Extracted addr FF from read port 0 of mkQuire.seg_adder_vff_carry_20.arr: $\seg_adder_vff_carry_20.arr$rdreg[0]
  read interface: 1 $dff and 3 $mux cells.
  write interface: 3 write mux blocks.
Mapping memory \seg_adder_vff_carry_21.arr in module \mkQuire:
  created 3 $dff cells and 0 static cells of width 1.
Extracted addr FF from read port 0 of mkQuire.seg_adder_vff_carry_21.arr: $\seg_adder_vff_carry_21.arr$rdreg[0]
  read interface: 1 $dff and 3 $mux cells.
  write interface: 3 write mux blocks.
Mapping memory \seg_adder_vff_carry_22.arr in module \mkQuire:
  created 3 $dff cells and 0 static cells of width 1.
Extracted addr FF from read port 0 of mkQuire.seg_adder_vff_carry_22.arr: $\seg_adder_vff_carry_22.arr$rdreg[0]
  read interface: 1 $dff and 3 $mux cells.
  write interface: 3 write mux blocks.
Mapping memory \seg_adder_vff_carry_23.arr in module \mkQuire:
  created 3 $dff cells and 0 static cells of width 1.
Extracted addr FF from read port 0 of mkQuire.seg_adder_vff_carry_23.arr: $\seg_adder_vff_carry_23.arr$rdreg[0]
  read interface: 1 $dff and 3 $mux cells.
  write interface: 3 write mux blocks.
Mapping memory \seg_adder_vff_carry_3.arr in module \mkQuire:
  created 3 $dff cells and 0 static cells of width 1.
Extracted addr FF from read port 0 of mkQuire.seg_adder_vff_carry_3.arr: $\seg_adder_vff_carry_3.arr$rdreg[0]
  read interface: 1 $dff and 3 $mux cells.
  write interface: 3 write mux blocks.
Mapping memory \seg_adder_vff_carry_4.arr in module \mkQuire:
  created 3 $dff cells and 0 static cells of width 1.
Extracted addr FF from read port 0 of mkQuire.seg_adder_vff_carry_4.arr: $\seg_adder_vff_carry_4.arr$rdreg[0]
  read interface: 1 $dff and 3 $mux cells.
  write interface: 3 write mux blocks.
Mapping memory \seg_adder_vff_carry_5.arr in module \mkQuire:
  created 3 $dff cells and 0 static cells of width 1.
Extracted addr FF from read port 0 of mkQuire.seg_adder_vff_carry_5.arr: $\seg_adder_vff_carry_5.arr$rdreg[0]
  read interface: 1 $dff and 3 $mux cells.
  write interface: 3 write mux blocks.
Mapping memory \seg_adder_vff_carry_6.arr in module \mkQuire:
  created 3 $dff cells and 0 static cells of width 1.
Extracted addr FF from read port 0 of mkQuire.seg_adder_vff_carry_6.arr: $\seg_adder_vff_carry_6.arr$rdreg[0]
  read interface: 1 $dff and 3 $mux cells.
  write interface: 3 write mux blocks.
Mapping memory \seg_adder_vff_carry_7.arr in module \mkQuire:
  created 3 $dff cells and 0 static cells of width 1.
Extracted addr FF from read port 0 of mkQuire.seg_adder_vff_carry_7.arr: $\seg_adder_vff_carry_7.arr$rdreg[0]
  read interface: 1 $dff and 3 $mux cells.
  write interface: 3 write mux blocks.
Mapping memory \seg_adder_vff_carry_8.arr in module \mkQuire:
  created 3 $dff cells and 0 static cells of width 1.
Extracted addr FF from read port 0 of mkQuire.seg_adder_vff_carry_8.arr: $\seg_adder_vff_carry_8.arr$rdreg[0]
  read interface: 1 $dff and 3 $mux cells.
  write interface: 3 write mux blocks.
Mapping memory \seg_adder_vff_carry_9.arr in module \mkQuire:
  created 3 $dff cells and 0 static cells of width 1.
Extracted addr FF from read port 0 of mkQuire.seg_adder_vff_carry_9.arr: $\seg_adder_vff_carry_9.arr$rdreg[0]
  read interface: 1 $dff and 3 $mux cells.
  write interface: 3 write mux blocks.
Mapping memory \seg_adder_vff_in_0.arr in module \mkQuire:
  created 3 $dff cells and 0 static cells of width 32.
Extracted addr FF from read port 0 of mkQuire.seg_adder_vff_in_0.arr: $\seg_adder_vff_in_0.arr$rdreg[0]
  read interface: 1 $dff and 3 $mux cells.
  write interface: 3 write mux blocks.
Mapping memory \seg_adder_vff_in_1.arr in module \mkQuire:
  created 3 $dff cells and 0 static cells of width 32.
Extracted addr FF from read port 0 of mkQuire.seg_adder_vff_in_1.arr: $\seg_adder_vff_in_1.arr$rdreg[0]
  read interface: 1 $dff and 3 $mux cells.
  write interface: 3 write mux blocks.
Mapping memory \seg_adder_vff_in_10.arr in module \mkQuire:
  created 3 $dff cells and 0 static cells of width 32.
Extracted addr FF from read port 0 of mkQuire.seg_adder_vff_in_10.arr: $\seg_adder_vff_in_10.arr$rdreg[0]
  read interface: 1 $dff and 3 $mux cells.
  write interface: 3 write mux blocks.
Mapping memory \seg_adder_vff_in_11.arr in module \mkQuire:
  created 3 $dff cells and 0 static cells of width 32.
Extracted addr FF from read port 0 of mkQuire.seg_adder_vff_in_11.arr: $\seg_adder_vff_in_11.arr$rdreg[0]
  read interface: 1 $dff and 3 $mux cells.
  write interface: 3 write mux blocks.
Mapping memory \seg_adder_vff_in_12.arr in module \mkQuire:
  created 3 $dff cells and 0 static cells of width 32.
Extracted addr FF from read port 0 of mkQuire.seg_adder_vff_in_12.arr: $\seg_adder_vff_in_12.arr$rdreg[0]
  read interface: 1 $dff and 3 $mux cells.
  write interface: 3 write mux blocks.
Mapping memory \seg_adder_vff_in_13.arr in module \mkQuire:
  created 3 $dff cells and 0 static cells of width 32.
Extracted addr FF from read port 0 of mkQuire.seg_adder_vff_in_13.arr: $\seg_adder_vff_in_13.arr$rdreg[0]
  read interface: 1 $dff and 3 $mux cells.
  write interface: 3 write mux blocks.
Mapping memory \seg_adder_vff_in_14.arr in module \mkQuire:
  created 3 $dff cells and 0 static cells of width 32.
Extracted addr FF from read port 0 of mkQuire.seg_adder_vff_in_14.arr: $\seg_adder_vff_in_14.arr$rdreg[0]
  read interface: 1 $dff and 3 $mux cells.
  write interface: 3 write mux blocks.
Mapping memory \seg_adder_vff_in_15.arr in module \mkQuire:
  created 3 $dff cells and 0 static cells of width 32.
Extracted addr FF from read port 0 of mkQuire.seg_adder_vff_in_15.arr: $\seg_adder_vff_in_15.arr$rdreg[0]
  read interface: 1 $dff and 3 $mux cells.
  write interface: 3 write mux blocks.
Mapping memory \seg_adder_vff_in_16.arr in module \mkQuire:
  created 3 $dff cells and 0 static cells of width 32.
Extracted addr FF from read port 0 of mkQuire.seg_adder_vff_in_16.arr: $\seg_adder_vff_in_16.arr$rdreg[0]
  read interface: 1 $dff and 3 $mux cells.
  write interface: 3 write mux blocks.
Mapping memory \seg_adder_vff_in_17.arr in module \mkQuire:
  created 3 $dff cells and 0 static cells of width 32.
Extracted addr FF from read port 0 of mkQuire.seg_adder_vff_in_17.arr: $\seg_adder_vff_in_17.arr$rdreg[0]
  read interface: 1 $dff and 3 $mux cells.
  write interface: 3 write mux blocks.
Mapping memory \seg_adder_vff_in_18.arr in module \mkQuire:
  created 3 $dff cells and 0 static cells of width 32.
Extracted addr FF from read port 0 of mkQuire.seg_adder_vff_in_18.arr: $\seg_adder_vff_in_18.arr$rdreg[0]
  read interface: 1 $dff and 3 $mux cells.
  write interface: 3 write mux blocks.
Mapping memory \seg_adder_vff_in_19.arr in module \mkQuire:
  created 3 $dff cells and 0 static cells of width 32.
Extracted addr FF from read port 0 of mkQuire.seg_adder_vff_in_19.arr: $\seg_adder_vff_in_19.arr$rdreg[0]
  read interface: 1 $dff and 3 $mux cells.
  write interface: 3 write mux blocks.
Mapping memory \seg_adder_vff_in_2.arr in module \mkQuire:
  created 3 $dff cells and 0 static cells of width 32.
Extracted addr FF from read port 0 of mkQuire.seg_adder_vff_in_2.arr: $\seg_adder_vff_in_2.arr$rdreg[0]
  read interface: 1 $dff and 3 $mux cells.
  write interface: 3 write mux blocks.
Mapping memory \seg_adder_vff_in_20.arr in module \mkQuire:
  created 3 $dff cells and 0 static cells of width 32.
Extracted addr FF from read port 0 of mkQuire.seg_adder_vff_in_20.arr: $\seg_adder_vff_in_20.arr$rdreg[0]
  read interface: 1 $dff and 3 $mux cells.
  write interface: 3 write mux blocks.
Mapping memory \seg_adder_vff_in_21.arr in module \mkQuire:
  created 3 $dff cells and 0 static cells of width 32.
Extracted addr FF from read port 0 of mkQuire.seg_adder_vff_in_21.arr: $\seg_adder_vff_in_21.arr$rdreg[0]
  read interface: 1 $dff and 3 $mux cells.
  write interface: 3 write mux blocks.
Mapping memory \seg_adder_vff_in_22.arr in module \mkQuire:
  created 3 $dff cells and 0 static cells of width 32.
Extracted addr FF from read port 0 of mkQuire.seg_adder_vff_in_22.arr: $\seg_adder_vff_in_22.arr$rdreg[0]
  read interface: 1 $dff and 3 $mux cells.
  write interface: 3 write mux blocks.
Mapping memory \seg_adder_vff_in_23.arr in module \mkQuire:
  created 3 $dff cells and 0 static cells of width 32.
Extracted addr FF from read port 0 of mkQuire.seg_adder_vff_in_23.arr: $\seg_adder_vff_in_23.arr$rdreg[0]
  read interface: 1 $dff and 3 $mux cells.
  write interface: 3 write mux blocks.
Mapping memory \seg_adder_vff_in_24.arr in module \mkQuire:
  created 3 $dff cells and 0 static cells of width 32.
Extracted addr FF from read port 0 of mkQuire.seg_adder_vff_in_24.arr: $\seg_adder_vff_in_24.arr$rdreg[0]
  read interface: 1 $dff and 3 $mux cells.
  write interface: 3 write mux blocks.
Mapping memory \seg_adder_vff_in_3.arr in module \mkQuire:
  created 3 $dff cells and 0 static cells of width 32.
Extracted addr FF from read port 0 of mkQuire.seg_adder_vff_in_3.arr: $\seg_adder_vff_in_3.arr$rdreg[0]
  read interface: 1 $dff and 3 $mux cells.
  write interface: 3 write mux blocks.
Mapping memory \seg_adder_vff_in_4.arr in module \mkQuire:
  created 3 $dff cells and 0 static cells of width 32.
Extracted addr FF from read port 0 of mkQuire.seg_adder_vff_in_4.arr: $\seg_adder_vff_in_4.arr$rdreg[0]
  read interface: 1 $dff and 3 $mux cells.
  write interface: 3 write mux blocks.
Mapping memory \seg_adder_vff_in_5.arr in module \mkQuire:
  created 3 $dff cells and 0 static cells of width 32.
Extracted addr FF from read port 0 of mkQuire.seg_adder_vff_in_5.arr: $\seg_adder_vff_in_5.arr$rdreg[0]
  read interface: 1 $dff and 3 $mux cells.
  write interface: 3 write mux blocks.
Mapping memory \seg_adder_vff_in_6.arr in module \mkQuire:
  created 3 $dff cells and 0 static cells of width 32.
Extracted addr FF from read port 0 of mkQuire.seg_adder_vff_in_6.arr: $\seg_adder_vff_in_6.arr$rdreg[0]
  read interface: 1 $dff and 3 $mux cells.
  write interface: 3 write mux blocks.
Mapping memory \seg_adder_vff_in_7.arr in module \mkQuire:
  created 3 $dff cells and 0 static cells of width 32.
Extracted addr FF from read port 0 of mkQuire.seg_adder_vff_in_7.arr: $\seg_adder_vff_in_7.arr$rdreg[0]
  read interface: 1 $dff and 3 $mux cells.
  write interface: 3 write mux blocks.
Mapping memory \seg_adder_vff_in_8.arr in module \mkQuire:
  created 3 $dff cells and 0 static cells of width 32.
Extracted addr FF from read port 0 of mkQuire.seg_adder_vff_in_8.arr: $\seg_adder_vff_in_8.arr$rdreg[0]
  read interface: 1 $dff and 3 $mux cells.
  write interface: 3 write mux blocks.
Mapping memory \seg_adder_vff_in_9.arr in module \mkQuire:
  created 3 $dff cells and 0 static cells of width 32.
Extracted addr FF from read port 0 of mkQuire.seg_adder_vff_in_9.arr: $\seg_adder_vff_in_9.arr$rdreg[0]
  read interface: 1 $dff and 3 $mux cells.
  write interface: 3 write mux blocks.

14.20. Executing OPT pass (performing simple optimizations).

14.20.1. Executing OPT_EXPR pass (perform const folding).
Optimizing module mkQuire.
<suppressed ~645 debug messages>

14.20.2. Executing OPT_MERGE pass (detect identical cells).
Finding identical cells in module `\mkQuire'.
Removed a total of 0 cells.

14.20.3. Executing OPT_MUXTREE pass (detect dead branches in mux trees).
Running muxtree optimizer on module \mkQuire..
  Creating internal representation of mux trees.
  Evaluating internal representation of mux trees.
  Analyzing evaluation results.
Removed 0 multiplexer ports.
<suppressed ~507 debug messages>

14.20.4. Executing OPT_REDUCE pass (consolidate $*mux and $reduce_* inputs).
  Optimizing cells in module \mkQuire.
    Consolidated identical input bits for $mux cell $flatten\instance_fn_twosC_quire_0.$ternary$/teamspace/studios/this_studio/Melodica-Integration-into-Fife-Core/Learn_Bluespec_and_RISCV_Design/Code/Build/Fife/verilog/module_fn_twosC_quire.v:212$182:
      Old ports: A=31'0000000000000000000000000000000, B=31'1111111111111111111111111111111, Y=\instance_fn_twosC_quire_0.IF_fn_twosC_quire_quire_seg_zero_PLUS_1_BIT_24_ETC___d9 [30:0]
      New ports: A=1'0, B=1'1, Y=\instance_fn_twosC_quire_0.IF_fn_twosC_quire_quire_seg_zero_PLUS_1_BIT_24_ETC___d9 [0]
      New connections: \instance_fn_twosC_quire_0.IF_fn_twosC_quire_quire_seg_zero_PLUS_1_BIT_24_ETC___d9 [30:1] = { \instance_fn_twosC_quire_0.IF_fn_twosC_quire_quire_seg_zero_PLUS_1_BIT_24_ETC___d9 [0] \instance_fn_twosC_quire_0.IF_fn_twosC_quire_quire_seg_zero_PLUS_1_BIT_24_ETC___d9 [0] \instance_fn_twosC_quire_0.IF_fn_twosC_quire_quire_seg_zero_PLUS_1_BIT_24_ETC___d9 [0] \instance_fn_twosC_quire_0.IF_fn_twosC_quire_quire_seg_zero_PLUS_1_BIT_24_ETC___d9 [0] \instance_fn_twosC_quire_0.IF_fn_twosC_quire_quire_seg_zero_PLUS_1_BIT_24_ETC___d9 [0] \instance_fn_twosC_quire_0.IF_fn_twosC_quire_quire_seg_zero_PLUS_1_BIT_24_ETC___d9 [0] \instance_fn_twosC_quire_0.IF_fn_twosC_quire_quire_seg_zero_PLUS_1_BIT_24_ETC___d9 [0] \instance_fn_twosC_quire_0.IF_fn_twosC_quire_quire_seg_zero_PLUS_1_BIT_24_ETC___d9 [0] \instance_fn_twosC_quire_0.IF_fn_twosC_quire_quire_seg_zero_PLUS_1_BIT_24_ETC___d9 [0] \instance_fn_twosC_quire_0.IF_fn_twosC_quire_quire_seg_zero_PLUS_1_BIT_24_ETC___d9 [0] \instance_fn_twosC_quire_0.IF_fn_twosC_quire_quire_seg_zero_PLUS_1_BIT_24_ETC___d9 [0] \instance_fn_twosC_quire_0.IF_fn_twosC_quire_quire_seg_zero_PLUS_1_BIT_24_ETC___d9 [0] \instance_fn_twosC_quire_0.IF_fn_twosC_quire_quire_seg_zero_PLUS_1_BIT_24_ETC___d9 [0] \instance_fn_twosC_quire_0.IF_fn_twosC_quire_quire_seg_zero_PLUS_1_BIT_24_ETC___d9 [0] \instance_fn_twosC_quire_0.IF_fn_twosC_quire_quire_seg_zero_PLUS_1_BIT_24_ETC___d9 [0] \instance_fn_twosC_quire_0.IF_fn_twosC_quire_quire_seg_zero_PLUS_1_BIT_24_ETC___d9 [0] \instance_fn_twosC_quire_0.IF_fn_twosC_quire_quire_seg_zero_PLUS_1_BIT_24_ETC___d9 [0] \instance_fn_twosC_quire_0.IF_fn_twosC_quire_quire_seg_zero_PLUS_1_BIT_24_ETC___d9 [0] \instance_fn_twosC_quire_0.IF_fn_twosC_quire_quire_seg_zero_PLUS_1_BIT_24_ETC___d9 [0] \instance_fn_twosC_quire_0.IF_fn_twosC_quire_quire_seg_zero_PLUS_1_BIT_24_ETC___d9 [0] \instance_fn_twosC_quire_0.IF_fn_twosC_quire_quire_seg_zero_PLUS_1_BIT_24_ETC___d9 [0] \instance_fn_twosC_quire_0.IF_fn_twosC_quire_quire_seg_zero_PLUS_1_BIT_24_ETC___d9 [0] \instance_fn_twosC_quire_0.IF_fn_twosC_quire_quire_seg_zero_PLUS_1_BIT_24_ETC___d9 [0] \instance_fn_twosC_quire_0.IF_fn_twosC_quire_quire_seg_zero_PLUS_1_BIT_24_ETC___d9 [0] \instance_fn_twosC_quire_0.IF_fn_twosC_quire_quire_seg_zero_PLUS_1_BIT_24_ETC___d9 [0] \instance_fn_twosC_quire_0.IF_fn_twosC_quire_quire_seg_zero_PLUS_1_BIT_24_ETC___d9 [0] \instance_fn_twosC_quire_0.IF_fn_twosC_quire_quire_seg_zero_PLUS_1_BIT_24_ETC___d9 [0] \instance_fn_twosC_quire_0.IF_fn_twosC_quire_quire_seg_zero_PLUS_1_BIT_24_ETC___d9 [0] \instance_fn_twosC_quire_0.IF_fn_twosC_quire_quire_seg_zero_PLUS_1_BIT_24_ETC___d9 [0] \instance_fn_twosC_quire_0.IF_fn_twosC_quire_quire_seg_zero_PLUS_1_BIT_24_ETC___d9 [0] }
    Consolidated identical input bits for $mux cell $flatten\instance_fn_twosC_quire_2.$ternary$/teamspace/studios/this_studio/Melodica-Integration-into-Fife-Core/Learn_Bluespec_and_RISCV_Design/Code/Build/Fife/verilog/module_fn_twosC_quire.v:212$182:
      Old ports: A=31'0000000000000000000000000000000, B=31'1111111111111111111111111111111, Y=\instance_fn_twosC_quire_2.IF_fn_twosC_quire_quire_seg_zero_PLUS_1_BIT_24_ETC___d9 [30:0]
      New ports: A=1'0, B=1'1, Y=\instance_fn_twosC_quire_2.IF_fn_twosC_quire_quire_seg_zero_PLUS_1_BIT_24_ETC___d9 [0]
      New connections: \instance_fn_twosC_quire_2.IF_fn_twosC_quire_quire_seg_zero_PLUS_1_BIT_24_ETC___d9 [30:1] = { \instance_fn_twosC_quire_2.IF_fn_twosC_quire_quire_seg_zero_PLUS_1_BIT_24_ETC___d9 [0] \instance_fn_twosC_quire_2.IF_fn_twosC_quire_quire_seg_zero_PLUS_1_BIT_24_ETC___d9 [0] \instance_fn_twosC_quire_2.IF_fn_twosC_quire_quire_seg_zero_PLUS_1_BIT_24_ETC___d9 [0] \instance_fn_twosC_quire_2.IF_fn_twosC_quire_quire_seg_zero_PLUS_1_BIT_24_ETC___d9 [0] \instance_fn_twosC_quire_2.IF_fn_twosC_quire_quire_seg_zero_PLUS_1_BIT_24_ETC___d9 [0] \instance_fn_twosC_quire_2.IF_fn_twosC_quire_quire_seg_zero_PLUS_1_BIT_24_ETC___d9 [0] \instance_fn_twosC_quire_2.IF_fn_twosC_quire_quire_seg_zero_PLUS_1_BIT_24_ETC___d9 [0] \instance_fn_twosC_quire_2.IF_fn_twosC_quire_quire_seg_zero_PLUS_1_BIT_24_ETC___d9 [0] \instance_fn_twosC_quire_2.IF_fn_twosC_quire_quire_seg_zero_PLUS_1_BIT_24_ETC___d9 [0] \instance_fn_twosC_quire_2.IF_fn_twosC_quire_quire_seg_zero_PLUS_1_BIT_24_ETC___d9 [0] \instance_fn_twosC_quire_2.IF_fn_twosC_quire_quire_seg_zero_PLUS_1_BIT_24_ETC___d9 [0] \instance_fn_twosC_quire_2.IF_fn_twosC_quire_quire_seg_zero_PLUS_1_BIT_24_ETC___d9 [0] \instance_fn_twosC_quire_2.IF_fn_twosC_quire_quire_seg_zero_PLUS_1_BIT_24_ETC___d9 [0] \instance_fn_twosC_quire_2.IF_fn_twosC_quire_quire_seg_zero_PLUS_1_BIT_24_ETC___d9 [0] \instance_fn_twosC_quire_2.IF_fn_twosC_quire_quire_seg_zero_PLUS_1_BIT_24_ETC___d9 [0] \instance_fn_twosC_quire_2.IF_fn_twosC_quire_quire_seg_zero_PLUS_1_BIT_24_ETC___d9 [0] \instance_fn_twosC_quire_2.IF_fn_twosC_quire_quire_seg_zero_PLUS_1_BIT_24_ETC___d9 [0] \instance_fn_twosC_quire_2.IF_fn_twosC_quire_quire_seg_zero_PLUS_1_BIT_24_ETC___d9 [0] \instance_fn_twosC_quire_2.IF_fn_twosC_quire_quire_seg_zero_PLUS_1_BIT_24_ETC___d9 [0] \instance_fn_twosC_quire_2.IF_fn_twosC_quire_quire_seg_zero_PLUS_1_BIT_24_ETC___d9 [0] \instance_fn_twosC_quire_2.IF_fn_twosC_quire_quire_seg_zero_PLUS_1_BIT_24_ETC___d9 [0] \instance_fn_twosC_quire_2.IF_fn_twosC_quire_quire_seg_zero_PLUS_1_BIT_24_ETC___d9 [0] \instance_fn_twosC_quire_2.IF_fn_twosC_quire_quire_seg_zero_PLUS_1_BIT_24_ETC___d9 [0] \instance_fn_twosC_quire_2.IF_fn_twosC_quire_quire_seg_zero_PLUS_1_BIT_24_ETC___d9 [0] \instance_fn_twosC_quire_2.IF_fn_twosC_quire_quire_seg_zero_PLUS_1_BIT_24_ETC___d9 [0] \instance_fn_twosC_quire_2.IF_fn_twosC_quire_quire_seg_zero_PLUS_1_BIT_24_ETC___d9 [0] \instance_fn_twosC_quire_2.IF_fn_twosC_quire_quire_seg_zero_PLUS_1_BIT_24_ETC___d9 [0] \instance_fn_twosC_quire_2.IF_fn_twosC_quire_quire_seg_zero_PLUS_1_BIT_24_ETC___d9 [0] \instance_fn_twosC_quire_2.IF_fn_twosC_quire_quire_seg_zero_PLUS_1_BIT_24_ETC___d9 [0] \instance_fn_twosC_quire_2.IF_fn_twosC_quire_quire_seg_zero_PLUS_1_BIT_24_ETC___d9 [0] }
    Consolidated identical input bits for $mux cell $ternary$/teamspace/studios/this_studio/Melodica-Integration-into-Fife-Core/Learn_Bluespec_and_RISCV_Design/Code/Build/Fife/verilog/mkQuire.v:3776$1179:
      Old ports: A={ 2'00 \MUX_posit_rsp_f$enq_1__VAL_2 [37] \IF_SEXT_IF_ff_num_msb_zeros_first__35_PLUS_1_3_ETC___d554 \prenorm_posit_frac__h33716 \x__h50300 \x__h55928 }, B=40'1000000000000000000000000000000000000001, Y=\posit_rsp_f$D_IN
      New ports: A={ 1'0 \MUX_posit_rsp_f$enq_1__VAL_2 [37] \IF_SEXT_IF_ff_num_msb_zeros_first__35_PLUS_1_3_ETC___d554 \prenorm_posit_frac__h33716 \x__h50300 \x__h55928 }, B=39'100000000000000000000000000000000000001, Y={ \posit_rsp_f$D_IN [39] \posit_rsp_f$D_IN [37:0] }
      New connections: \posit_rsp_f$D_IN [38] = 1'0
    Consolidated identical input bits for $mux cell $ternary$/teamspace/studios/this_studio/Melodica-Integration-into-Fife-Core/Learn_Bluespec_and_RISCV_Design/Code/Build/Fife/verilog/mkQuire.v:4744$1409:
      Old ports: A=4'0111, B={ 3'100 $auto$wreduce.cc:461:run$4592 [0] }, Y=$auto$wreduce.cc:461:run$4591 [3:0]
      New ports: A=3'011, B={ 2'10 $auto$wreduce.cc:461:run$4592 [0] }, Y={ $auto$wreduce.cc:461:run$4591 [3] $auto$wreduce.cc:461:run$4591 [1:0] }
      New connections: $auto$wreduce.cc:461:run$4591 [2] = $auto$wreduce.cc:461:run$4591 [1]
    Consolidated identical input bits for $mux cell $ternary$/teamspace/studios/this_studio/Melodica-Integration-into-Fife-Core/Learn_Bluespec_and_RISCV_Design/Code/Build/Fife/verilog/mkQuire.v:4838$1457:
      Old ports: A=6'100000, B=6'011111, Y=$ternary$/teamspace/studios/this_studio/Melodica-Integration-into-Fife-Core/Learn_Bluespec_and_RISCV_Design/Code/Build/Fife/verilog/mkQuire.v:4838$1457_Y
      New ports: A=2'10, B=2'01, Y={ $ternary$/teamspace/studios/this_studio/Melodica-Integration-into-Fife-Core/Learn_Bluespec_and_RISCV_Design/Code/Build/Fife/verilog/mkQuire.v:4838$1457_Y [5] $ternary$/teamspace/studios/this_studio/Melodica-Integration-into-Fife-Core/Learn_Bluespec_and_RISCV_Design/Code/Build/Fife/verilog/mkQuire.v:4838$1457_Y [0] }
      New connections: $ternary$/teamspace/studios/this_studio/Melodica-Integration-into-Fife-Core/Learn_Bluespec_and_RISCV_Design/Code/Build/Fife/verilog/mkQuire.v:4838$1457_Y [4:1] = { $ternary$/teamspace/studios/this_studio/Melodica-Integration-into-Fife-Core/Learn_Bluespec_and_RISCV_Design/Code/Build/Fife/verilog/mkQuire.v:4838$1457_Y [0] $ternary$/teamspace/studios/this_studio/Melodica-Integration-into-Fife-Core/Learn_Bluespec_and_RISCV_Design/Code/Build/Fife/verilog/mkQuire.v:4838$1457_Y [0] $ternary$/teamspace/studios/this_studio/Melodica-Integration-into-Fife-Core/Learn_Bluespec_and_RISCV_Design/Code/Build/Fife/verilog/mkQuire.v:4838$1457_Y [0] $ternary$/teamspace/studios/this_studio/Melodica-Integration-into-Fife-Core/Learn_Bluespec_and_RISCV_Design/Code/Build/Fife/verilog/mkQuire.v:4838$1457_Y [0] }
  Optimizing cells in module \mkQuire.
    Consolidated identical input bits for $mux cell $ternary$/teamspace/studios/this_studio/Melodica-Integration-into-Fife-Core/Learn_Bluespec_and_RISCV_Design/Code/Build/Fife/verilog/mkQuire.v:2211$450:
      Old ports: A=0, B={ 1'1 \instance_fn_twosC_quire_2.IF_fn_twosC_quire_quire_seg_zero_PLUS_1_BIT_24_ETC___d9 [30:0] }, Y=\MUX_vrg_quire_24$write_1__VAL_2
      New ports: A=2'00, B={ 1'1 \instance_fn_twosC_quire_2.IF_fn_twosC_quire_quire_seg_zero_PLUS_1_BIT_24_ETC___d9 [0] }, Y={ \MUX_vrg_quire_24$write_1__VAL_2 [31] \MUX_vrg_quire_24$write_1__VAL_2 [0] }
      New connections: \MUX_vrg_quire_24$write_1__VAL_2 [30:1] = { \MUX_vrg_quire_24$write_1__VAL_2 [0] \MUX_vrg_quire_24$write_1__VAL_2 [0] \MUX_vrg_quire_24$write_1__VAL_2 [0] \MUX_vrg_quire_24$write_1__VAL_2 [0] \MUX_vrg_quire_24$write_1__VAL_2 [0] \MUX_vrg_quire_24$write_1__VAL_2 [0] \MUX_vrg_quire_24$write_1__VAL_2 [0] \MUX_vrg_quire_24$write_1__VAL_2 [0] \MUX_vrg_quire_24$write_1__VAL_2 [0] \MUX_vrg_quire_24$write_1__VAL_2 [0] \MUX_vrg_quire_24$write_1__VAL_2 [0] \MUX_vrg_quire_24$write_1__VAL_2 [0] \MUX_vrg_quire_24$write_1__VAL_2 [0] \MUX_vrg_quire_24$write_1__VAL_2 [0] \MUX_vrg_quire_24$write_1__VAL_2 [0] \MUX_vrg_quire_24$write_1__VAL_2 [0] \MUX_vrg_quire_24$write_1__VAL_2 [0] \MUX_vrg_quire_24$write_1__VAL_2 [0] \MUX_vrg_quire_24$write_1__VAL_2 [0] \MUX_vrg_quire_24$write_1__VAL_2 [0] \MUX_vrg_quire_24$write_1__VAL_2 [0] \MUX_vrg_quire_24$write_1__VAL_2 [0] \MUX_vrg_quire_24$write_1__VAL_2 [0] \MUX_vrg_quire_24$write_1__VAL_2 [0] \MUX_vrg_quire_24$write_1__VAL_2 [0] \MUX_vrg_quire_24$write_1__VAL_2 [0] \MUX_vrg_quire_24$write_1__VAL_2 [0] \MUX_vrg_quire_24$write_1__VAL_2 [0] \MUX_vrg_quire_24$write_1__VAL_2 [0] \MUX_vrg_quire_24$write_1__VAL_2 [0] }
    Consolidated identical input bits for $mux cell $ternary$/teamspace/studios/this_studio/Melodica-Integration-into-Fife-Core/Learn_Bluespec_and_RISCV_Design/Code/Build/Fife/verilog/mkQuire.v:4315$1280:
      Old ports: A={ 32'00000000000000000000000000000000 \accumulate_x [772:5] }, B={ 1'1 \instance_fn_twosC_quire_0.IF_fn_twosC_quire_quire_seg_zero_PLUS_1_BIT_24_ETC___d9 [30:0] \instance_fn_twosC_quire_0.IF_fn_twosC_quire_quire_seg_zero_PLUS_1_BIT_23_ETC___d18 \instance_fn_twosC_quire_0.IF_fn_twosC_quire_quire_seg_zero_PLUS_1_BIT_22_ETC___d26 \instance_fn_twosC_quire_0.IF_fn_twosC_quire_quire_seg_zero_PLUS_1_BIT_21_ETC___d35 \instance_fn_twosC_quire_0.IF_fn_twosC_quire_quire_seg_zero_PLUS_1_BIT_20_ETC___d43 \instance_fn_twosC_quire_0.IF_fn_twosC_quire_quire_seg_zero_PLUS_1_BIT_19_ETC___d52 \instance_fn_twosC_quire_0.IF_fn_twosC_quire_quire_seg_zero_PLUS_1_BIT_18_ETC___d60 \instance_fn_twosC_quire_0.IF_fn_twosC_quire_quire_seg_zero_PLUS_1_BIT_17_ETC___d69 \instance_fn_twosC_quire_0.IF_fn_twosC_quire_quire_seg_zero_PLUS_1_BIT_16_ETC___d77 \instance_fn_twosC_quire_0.IF_fn_twosC_quire_quire_seg_zero_PLUS_1_BIT_15_ETC___d86 \instance_fn_twosC_quire_0.IF_fn_twosC_quire_quire_seg_zero_PLUS_1_BIT_14_ETC___d94 \instance_fn_twosC_quire_0.IF_fn_twosC_quire_quire_seg_zero_PLUS_1_BIT_13_ETC___d103 \instance_fn_twosC_quire_0.IF_fn_twosC_quire_quire_seg_zero_PLUS_1_BIT_12_ETC___d111 \instance_fn_twosC_quire_0.IF_fn_twosC_quire_quire_seg_zero_PLUS_1_BIT_11_ETC___d120 \instance_fn_twosC_quire_0.IF_fn_twosC_quire_quire_seg_zero_PLUS_1_BIT_10_ETC___d128 \instance_fn_twosC_quire_0.IF_fn_twosC_quire_quire_seg_zero_PLUS_1_BIT_9__ETC___d137 \instance_fn_twosC_quire_0.IF_fn_twosC_quire_quire_seg_zero_PLUS_1_BIT_8__ETC___d145 \instance_fn_twosC_quire_0.IF_fn_twosC_quire_quire_seg_zero_PLUS_1_BIT_7__ETC___d154 \instance_fn_twosC_quire_0.IF_fn_twosC_quire_quire_seg_zero_PLUS_1_BIT_6__ETC___d162 \instance_fn_twosC_quire_0.IF_fn_twosC_quire_quire_seg_zero_PLUS_1_BIT_5__ETC___d171 \instance_fn_twosC_quire_0.IF_fn_twosC_quire_quire_seg_zero_PLUS_1_BIT_4__ETC___d179 \instance_fn_twosC_quire_0.IF_fn_twosC_quire_quire_seg_zero_PLUS_1_BIT_3__ETC___d188 \instance_fn_twosC_quire_0.IF_fn_twosC_quire_quire_seg_zero_PLUS_1_BIT_2__ETC___d196 \instance_fn_twosC_quire_0.IF_fn_twosC_quire_quire_seg_zero_PLUS_1_BIT_1__ETC___d205 \instance_fn_twosC_quire_0.IF_fn_twosC_quire_quire_seg_zero_PLUS_1_BIT_0__ETC___d213 }, Y=\IF_accumulate_x_BIT_773_18_THEN_0b1_CONCAT_fn__ETC___d723
      New ports: A={ 2'00 \accumulate_x [772:5] }, B={ 1'1 \instance_fn_twosC_quire_0.IF_fn_twosC_quire_quire_seg_zero_PLUS_1_BIT_24_ETC___d9 [0] \instance_fn_twosC_quire_0.IF_fn_twosC_quire_quire_seg_zero_PLUS_1_BIT_23_ETC___d18 \instance_fn_twosC_quire_0.IF_fn_twosC_quire_quire_seg_zero_PLUS_1_BIT_22_ETC___d26 \instance_fn_twosC_quire_0.IF_fn_twosC_quire_quire_seg_zero_PLUS_1_BIT_21_ETC___d35 \instance_fn_twosC_quire_0.IF_fn_twosC_quire_quire_seg_zero_PLUS_1_BIT_20_ETC___d43 \instance_fn_twosC_quire_0.IF_fn_twosC_quire_quire_seg_zero_PLUS_1_BIT_19_ETC___d52 \instance_fn_twosC_quire_0.IF_fn_twosC_quire_quire_seg_zero_PLUS_1_BIT_18_ETC___d60 \instance_fn_twosC_quire_0.IF_fn_twosC_quire_quire_seg_zero_PLUS_1_BIT_17_ETC___d69 \instance_fn_twosC_quire_0.IF_fn_twosC_quire_quire_seg_zero_PLUS_1_BIT_16_ETC___d77 \instance_fn_twosC_quire_0.IF_fn_twosC_quire_quire_seg_zero_PLUS_1_BIT_15_ETC___d86 \instance_fn_twosC_quire_0.IF_fn_twosC_quire_quire_seg_zero_PLUS_1_BIT_14_ETC___d94 \instance_fn_twosC_quire_0.IF_fn_twosC_quire_quire_seg_zero_PLUS_1_BIT_13_ETC___d103 \instance_fn_twosC_quire_0.IF_fn_twosC_quire_quire_seg_zero_PLUS_1_BIT_12_ETC___d111 \instance_fn_twosC_quire_0.IF_fn_twosC_quire_quire_seg_zero_PLUS_1_BIT_11_ETC___d120 \instance_fn_twosC_quire_0.IF_fn_twosC_quire_quire_seg_zero_PLUS_1_BIT_10_ETC___d128 \instance_fn_twosC_quire_0.IF_fn_twosC_quire_quire_seg_zero_PLUS_1_BIT_9__ETC___d137 \instance_fn_twosC_quire_0.IF_fn_twosC_quire_quire_seg_zero_PLUS_1_BIT_8__ETC___d145 \instance_fn_twosC_quire_0.IF_fn_twosC_quire_quire_seg_zero_PLUS_1_BIT_7__ETC___d154 \instance_fn_twosC_quire_0.IF_fn_twosC_quire_quire_seg_zero_PLUS_1_BIT_6__ETC___d162 \instance_fn_twosC_quire_0.IF_fn_twosC_quire_quire_seg_zero_PLUS_1_BIT_5__ETC___d171 \instance_fn_twosC_quire_0.IF_fn_twosC_quire_quire_seg_zero_PLUS_1_BIT_4__ETC___d179 \instance_fn_twosC_quire_0.IF_fn_twosC_quire_quire_seg_zero_PLUS_1_BIT_3__ETC___d188 \instance_fn_twosC_quire_0.IF_fn_twosC_quire_quire_seg_zero_PLUS_1_BIT_2__ETC___d196 \instance_fn_twosC_quire_0.IF_fn_twosC_quire_quire_seg_zero_PLUS_1_BIT_1__ETC___d205 \instance_fn_twosC_quire_0.IF_fn_twosC_quire_quire_seg_zero_PLUS_1_BIT_0__ETC___d213 }, Y={ \IF_accumulate_x_BIT_773_18_THEN_0b1_CONCAT_fn__ETC___d723 [799] \IF_accumulate_x_BIT_773_18_THEN_0b1_CONCAT_fn__ETC___d723 [768:0] }
      New connections: \IF_accumulate_x_BIT_773_18_THEN_0b1_CONCAT_fn__ETC___d723 [798:769] = { \IF_accumulate_x_BIT_773_18_THEN_0b1_CONCAT_fn__ETC___d723 [768] \IF_accumulate_x_BIT_773_18_THEN_0b1_CONCAT_fn__ETC___d723 [768] \IF_accumulate_x_BIT_773_18_THEN_0b1_CONCAT_fn__ETC___d723 [768] \IF_accumulate_x_BIT_773_18_THEN_0b1_CONCAT_fn__ETC___d723 [768] \IF_accumulate_x_BIT_773_18_THEN_0b1_CONCAT_fn__ETC___d723 [768] \IF_accumulate_x_BIT_773_18_THEN_0b1_CONCAT_fn__ETC___d723 [768] \IF_accumulate_x_BIT_773_18_THEN_0b1_CONCAT_fn__ETC___d723 [768] \IF_accumulate_x_BIT_773_18_THEN_0b1_CONCAT_fn__ETC___d723 [768] \IF_accumulate_x_BIT_773_18_THEN_0b1_CONCAT_fn__ETC___d723 [768] \IF_accumulate_x_BIT_773_18_THEN_0b1_CONCAT_fn__ETC___d723 [768] \IF_accumulate_x_BIT_773_18_THEN_0b1_CONCAT_fn__ETC___d723 [768] \IF_accumulate_x_BIT_773_18_THEN_0b1_CONCAT_fn__ETC___d723 [768] \IF_accumulate_x_BIT_773_18_THEN_0b1_CONCAT_fn__ETC___d723 [768] \IF_accumulate_x_BIT_773_18_THEN_0b1_CONCAT_fn__ETC___d723 [768] \IF_accumulate_x_BIT_773_18_THEN_0b1_CONCAT_fn__ETC___d723 [768] \IF_accumulate_x_BIT_773_18_THEN_0b1_CONCAT_fn__ETC___d723 [768] \IF_accumulate_x_BIT_773_18_THEN_0b1_CONCAT_fn__ETC___d723 [768] \IF_accumulate_x_BIT_773_18_THEN_0b1_CONCAT_fn__ETC___d723 [768] \IF_accumulate_x_BIT_773_18_THEN_0b1_CONCAT_fn__ETC___d723 [768] \IF_accumulate_x_BIT_773_18_THEN_0b1_CONCAT_fn__ETC___d723 [768] \IF_accumulate_x_BIT_773_18_THEN_0b1_CONCAT_fn__ETC___d723 [768] \IF_accumulate_x_BIT_773_18_THEN_0b1_CONCAT_fn__ETC___d723 [768] \IF_accumulate_x_BIT_773_18_THEN_0b1_CONCAT_fn__ETC___d723 [768] \IF_accumulate_x_BIT_773_18_THEN_0b1_CONCAT_fn__ETC___d723 [768] \IF_accumulate_x_BIT_773_18_THEN_0b1_CONCAT_fn__ETC___d723 [768] \IF_accumulate_x_BIT_773_18_THEN_0b1_CONCAT_fn__ETC___d723 [768] \IF_accumulate_x_BIT_773_18_THEN_0b1_CONCAT_fn__ETC___d723 [768] \IF_accumulate_x_BIT_773_18_THEN_0b1_CONCAT_fn__ETC___d723 [768] \IF_accumulate_x_BIT_773_18_THEN_0b1_CONCAT_fn__ETC___d723 [768] \IF_accumulate_x_BIT_773_18_THEN_0b1_CONCAT_fn__ETC___d723 [768] }
    Consolidated identical input bits for $mux cell $ternary$/teamspace/studios/this_studio/Melodica-Integration-into-Fife-Core/Learn_Bluespec_and_RISCV_Design/Code/Build/Fife/verilog/mkQuire.v:4741$1410:
      Old ports: A=4'0110, B=$auto$wreduce.cc:461:run$4591 [3:0], Y=$auto$wreduce.cc:461:run$4590 [3:0]
      New ports: A=3'010, B={ $auto$wreduce.cc:461:run$4591 [3] $auto$wreduce.cc:461:run$4591 [1:0] }, Y={ $auto$wreduce.cc:461:run$4590 [3] $auto$wreduce.cc:461:run$4590 [1:0] }
      New connections: $auto$wreduce.cc:461:run$4590 [2] = $auto$wreduce.cc:461:run$4590 [1]
    Consolidated identical input bits for $mux cell $ternary$/teamspace/studios/this_studio/Melodica-Integration-into-Fife-Core/Learn_Bluespec_and_RISCV_Design/Code/Build/Fife/verilog/mkQuire.v:4836$1458:
      Old ports: A=$ternary$/teamspace/studios/this_studio/Melodica-Integration-into-Fife-Core/Learn_Bluespec_and_RISCV_Design/Code/Build/Fife/verilog/mkQuire.v:4838$1457_Y, B=6'011110, Y=$ternary$/teamspace/studios/this_studio/Melodica-Integration-into-Fife-Core/Learn_Bluespec_and_RISCV_Design/Code/Build/Fife/verilog/mkQuire.v:4836$1458_Y
      New ports: A={ $ternary$/teamspace/studios/this_studio/Melodica-Integration-into-Fife-Core/Learn_Bluespec_and_RISCV_Design/Code/Build/Fife/verilog/mkQuire.v:4838$1457_Y [5] $ternary$/teamspace/studios/this_studio/Melodica-Integration-into-Fife-Core/Learn_Bluespec_and_RISCV_Design/Code/Build/Fife/verilog/mkQuire.v:4838$1457_Y [0] $ternary$/teamspace/studios/this_studio/Melodica-Integration-into-Fife-Core/Learn_Bluespec_and_RISCV_Design/Code/Build/Fife/verilog/mkQuire.v:4838$1457_Y [0] }, B=3'010, Y={ $ternary$/teamspace/studios/this_studio/Melodica-Integration-into-Fife-Core/Learn_Bluespec_and_RISCV_Design/Code/Build/Fife/verilog/mkQuire.v:4836$1458_Y [5] $ternary$/teamspace/studios/this_studio/Melodica-Integration-into-Fife-Core/Learn_Bluespec_and_RISCV_Design/Code/Build/Fife/verilog/mkQuire.v:4836$1458_Y [1:0] }
      New connections: $ternary$/teamspace/studios/this_studio/Melodica-Integration-into-Fife-Core/Learn_Bluespec_and_RISCV_Design/Code/Build/Fife/verilog/mkQuire.v:4836$1458_Y [4:2] = { $ternary$/teamspace/studios/this_studio/Melodica-Integration-into-Fife-Core/Learn_Bluespec_and_RISCV_Design/Code/Build/Fife/verilog/mkQuire.v:4836$1458_Y [1] $ternary$/teamspace/studios/this_studio/Melodica-Integration-into-Fife-Core/Learn_Bluespec_and_RISCV_Design/Code/Build/Fife/verilog/mkQuire.v:4836$1458_Y [1] $ternary$/teamspace/studios/this_studio/Melodica-Integration-into-Fife-Core/Learn_Bluespec_and_RISCV_Design/Code/Build/Fife/verilog/mkQuire.v:4836$1458_Y [1] }
  Optimizing cells in module \mkQuire.
    Consolidated identical input bits for $mux cell $ternary$/teamspace/studios/this_studio/Melodica-Integration-into-Fife-Core/Learn_Bluespec_and_RISCV_Design/Code/Build/Fife/verilog/mkQuire.v:4834$1459:
      Old ports: A=$ternary$/teamspace/studios/this_studio/Melodica-Integration-into-Fife-Core/Learn_Bluespec_and_RISCV_Design/Code/Build/Fife/verilog/mkQuire.v:4836$1458_Y, B=6'011101, Y=$ternary$/teamspace/studios/this_studio/Melodica-Integration-into-Fife-Core/Learn_Bluespec_and_RISCV_Design/Code/Build/Fife/verilog/mkQuire.v:4834$1459_Y
      New ports: A={ $ternary$/teamspace/studios/this_studio/Melodica-Integration-into-Fife-Core/Learn_Bluespec_and_RISCV_Design/Code/Build/Fife/verilog/mkQuire.v:4836$1458_Y [5] $ternary$/teamspace/studios/this_studio/Melodica-Integration-into-Fife-Core/Learn_Bluespec_and_RISCV_Design/Code/Build/Fife/verilog/mkQuire.v:4836$1458_Y [1] $ternary$/teamspace/studios/this_studio/Melodica-Integration-into-Fife-Core/Learn_Bluespec_and_RISCV_Design/Code/Build/Fife/verilog/mkQuire.v:4836$1458_Y [1:0] }, B=4'0101, Y={ $ternary$/teamspace/studios/this_studio/Melodica-Integration-into-Fife-Core/Learn_Bluespec_and_RISCV_Design/Code/Build/Fife/verilog/mkQuire.v:4834$1459_Y [5] $ternary$/teamspace/studios/this_studio/Melodica-Integration-into-Fife-Core/Learn_Bluespec_and_RISCV_Design/Code/Build/Fife/verilog/mkQuire.v:4834$1459_Y [2:0] }
      New connections: $ternary$/teamspace/studios/this_studio/Melodica-Integration-into-Fife-Core/Learn_Bluespec_and_RISCV_Design/Code/Build/Fife/verilog/mkQuire.v:4834$1459_Y [4:3] = { $ternary$/teamspace/studios/this_studio/Melodica-Integration-into-Fife-Core/Learn_Bluespec_and_RISCV_Design/Code/Build/Fife/verilog/mkQuire.v:4834$1459_Y [2] $ternary$/teamspace/studios/this_studio/Melodica-Integration-into-Fife-Core/Learn_Bluespec_and_RISCV_Design/Code/Build/Fife/verilog/mkQuire.v:4834$1459_Y [2] }
  Optimizing cells in module \mkQuire.
    Consolidated identical input bits for $mux cell $ternary$/teamspace/studios/this_studio/Melodica-Integration-into-Fife-Core/Learn_Bluespec_and_RISCV_Design/Code/Build/Fife/verilog/mkQuire.v:4832$1460:
      Old ports: A=$ternary$/teamspace/studios/this_studio/Melodica-Integration-into-Fife-Core/Learn_Bluespec_and_RISCV_Design/Code/Build/Fife/verilog/mkQuire.v:4834$1459_Y, B=6'011100, Y=$ternary$/teamspace/studios/this_studio/Melodica-Integration-into-Fife-Core/Learn_Bluespec_and_RISCV_Design/Code/Build/Fife/verilog/mkQuire.v:4832$1460_Y
      New ports: A={ $ternary$/teamspace/studios/this_studio/Melodica-Integration-into-Fife-Core/Learn_Bluespec_and_RISCV_Design/Code/Build/Fife/verilog/mkQuire.v:4834$1459_Y [5] $ternary$/teamspace/studios/this_studio/Melodica-Integration-into-Fife-Core/Learn_Bluespec_and_RISCV_Design/Code/Build/Fife/verilog/mkQuire.v:4834$1459_Y [2:0] }, B=4'0100, Y={ $ternary$/teamspace/studios/this_studio/Melodica-Integration-into-Fife-Core/Learn_Bluespec_and_RISCV_Design/Code/Build/Fife/verilog/mkQuire.v:4832$1460_Y [5] $ternary$/teamspace/studios/this_studio/Melodica-Integration-into-Fife-Core/Learn_Bluespec_and_RISCV_Design/Code/Build/Fife/verilog/mkQuire.v:4832$1460_Y [2:0] }
      New connections: $ternary$/teamspace/studios/this_studio/Melodica-Integration-into-Fife-Core/Learn_Bluespec_and_RISCV_Design/Code/Build/Fife/verilog/mkQuire.v:4832$1460_Y [4:3] = { $ternary$/teamspace/studios/this_studio/Melodica-Integration-into-Fife-Core/Learn_Bluespec_and_RISCV_Design/Code/Build/Fife/verilog/mkQuire.v:4832$1460_Y [2] $ternary$/teamspace/studios/this_studio/Melodica-Integration-into-Fife-Core/Learn_Bluespec_and_RISCV_Design/Code/Build/Fife/verilog/mkQuire.v:4832$1460_Y [2] }
  Optimizing cells in module \mkQuire.
    Consolidated identical input bits for $mux cell $ternary$/teamspace/studios/this_studio/Melodica-Integration-into-Fife-Core/Learn_Bluespec_and_RISCV_Design/Code/Build/Fife/verilog/mkQuire.v:4830$1461:
      Old ports: A=$ternary$/teamspace/studios/this_studio/Melodica-Integration-into-Fife-Core/Learn_Bluespec_and_RISCV_Design/Code/Build/Fife/verilog/mkQuire.v:4832$1460_Y, B=6'011011, Y=$ternary$/teamspace/studios/this_studio/Melodica-Integration-into-Fife-Core/Learn_Bluespec_and_RISCV_Design/Code/Build/Fife/verilog/mkQuire.v:4830$1461_Y
      New ports: A={ $ternary$/teamspace/studios/this_studio/Melodica-Integration-into-Fife-Core/Learn_Bluespec_and_RISCV_Design/Code/Build/Fife/verilog/mkQuire.v:4832$1460_Y [5] $ternary$/teamspace/studios/this_studio/Melodica-Integration-into-Fife-Core/Learn_Bluespec_and_RISCV_Design/Code/Build/Fife/verilog/mkQuire.v:4832$1460_Y [2] $ternary$/teamspace/studios/this_studio/Melodica-Integration-into-Fife-Core/Learn_Bluespec_and_RISCV_Design/Code/Build/Fife/verilog/mkQuire.v:4832$1460_Y [2:0] }, B=5'01011, Y={ $ternary$/teamspace/studios/this_studio/Melodica-Integration-into-Fife-Core/Learn_Bluespec_and_RISCV_Design/Code/Build/Fife/verilog/mkQuire.v:4830$1461_Y [5] $ternary$/teamspace/studios/this_studio/Melodica-Integration-into-Fife-Core/Learn_Bluespec_and_RISCV_Design/Code/Build/Fife/verilog/mkQuire.v:4830$1461_Y [3:0] }
      New connections: $ternary$/teamspace/studios/this_studio/Melodica-Integration-into-Fife-Core/Learn_Bluespec_and_RISCV_Design/Code/Build/Fife/verilog/mkQuire.v:4830$1461_Y [4] = $ternary$/teamspace/studios/this_studio/Melodica-Integration-into-Fife-Core/Learn_Bluespec_and_RISCV_Design/Code/Build/Fife/verilog/mkQuire.v:4830$1461_Y [3]
  Optimizing cells in module \mkQuire.
    Consolidated identical input bits for $mux cell $ternary$/teamspace/studios/this_studio/Melodica-Integration-into-Fife-Core/Learn_Bluespec_and_RISCV_Design/Code/Build/Fife/verilog/mkQuire.v:4828$1462:
      Old ports: A=$ternary$/teamspace/studios/this_studio/Melodica-Integration-into-Fife-Core/Learn_Bluespec_and_RISCV_Design/Code/Build/Fife/verilog/mkQuire.v:4830$1461_Y, B=6'011010, Y=$ternary$/teamspace/studios/this_studio/Melodica-Integration-into-Fife-Core/Learn_Bluespec_and_RISCV_Design/Code/Build/Fife/verilog/mkQuire.v:4828$1462_Y
      New ports: A={ $ternary$/teamspace/studios/this_studio/Melodica-Integration-into-Fife-Core/Learn_Bluespec_and_RISCV_Design/Code/Build/Fife/verilog/mkQuire.v:4830$1461_Y [5] $ternary$/teamspace/studios/this_studio/Melodica-Integration-into-Fife-Core/Learn_Bluespec_and_RISCV_Design/Code/Build/Fife/verilog/mkQuire.v:4830$1461_Y [3:0] }, B=5'01010, Y={ $ternary$/teamspace/studios/this_studio/Melodica-Integration-into-Fife-Core/Learn_Bluespec_and_RISCV_Design/Code/Build/Fife/verilog/mkQuire.v:4828$1462_Y [5] $ternary$/teamspace/studios/this_studio/Melodica-Integration-into-Fife-Core/Learn_Bluespec_and_RISCV_Design/Code/Build/Fife/verilog/mkQuire.v:4828$1462_Y [3:0] }
      New connections: $ternary$/teamspace/studios/this_studio/Melodica-Integration-into-Fife-Core/Learn_Bluespec_and_RISCV_Design/Code/Build/Fife/verilog/mkQuire.v:4828$1462_Y [4] = $ternary$/teamspace/studios/this_studio/Melodica-Integration-into-Fife-Core/Learn_Bluespec_and_RISCV_Design/Code/Build/Fife/verilog/mkQuire.v:4828$1462_Y [3]
  Optimizing cells in module \mkQuire.
    Consolidated identical input bits for $mux cell $ternary$/teamspace/studios/this_studio/Melodica-Integration-into-Fife-Core/Learn_Bluespec_and_RISCV_Design/Code/Build/Fife/verilog/mkQuire.v:4826$1463:
      Old ports: A=$ternary$/teamspace/studios/this_studio/Melodica-Integration-into-Fife-Core/Learn_Bluespec_and_RISCV_Design/Code/Build/Fife/verilog/mkQuire.v:4828$1462_Y, B=6'011001, Y=$ternary$/teamspace/studios/this_studio/Melodica-Integration-into-Fife-Core/Learn_Bluespec_and_RISCV_Design/Code/Build/Fife/verilog/mkQuire.v:4826$1463_Y
      New ports: A={ $ternary$/teamspace/studios/this_studio/Melodica-Integration-into-Fife-Core/Learn_Bluespec_and_RISCV_Design/Code/Build/Fife/verilog/mkQuire.v:4828$1462_Y [5] $ternary$/teamspace/studios/this_studio/Melodica-Integration-into-Fife-Core/Learn_Bluespec_and_RISCV_Design/Code/Build/Fife/verilog/mkQuire.v:4828$1462_Y [3:0] }, B=5'01001, Y={ $ternary$/teamspace/studios/this_studio/Melodica-Integration-into-Fife-Core/Learn_Bluespec_and_RISCV_Design/Code/Build/Fife/verilog/mkQuire.v:4826$1463_Y [5] $ternary$/teamspace/studios/this_studio/Melodica-Integration-into-Fife-Core/Learn_Bluespec_and_RISCV_Design/Code/Build/Fife/verilog/mkQuire.v:4826$1463_Y [3:0] }
      New connections: $ternary$/teamspace/studios/this_studio/Melodica-Integration-into-Fife-Core/Learn_Bluespec_and_RISCV_Design/Code/Build/Fife/verilog/mkQuire.v:4826$1463_Y [4] = $ternary$/teamspace/studios/this_studio/Melodica-Integration-into-Fife-Core/Learn_Bluespec_and_RISCV_Design/Code/Build/Fife/verilog/mkQuire.v:4826$1463_Y [3]
  Optimizing cells in module \mkQuire.
    Consolidated identical input bits for $mux cell $ternary$/teamspace/studios/this_studio/Melodica-Integration-into-Fife-Core/Learn_Bluespec_and_RISCV_Design/Code/Build/Fife/verilog/mkQuire.v:4824$1464:
      Old ports: A=$ternary$/teamspace/studios/this_studio/Melodica-Integration-into-Fife-Core/Learn_Bluespec_and_RISCV_Design/Code/Build/Fife/verilog/mkQuire.v:4826$1463_Y, B=6'011000, Y=$ternary$/teamspace/studios/this_studio/Melodica-Integration-into-Fife-Core/Learn_Bluespec_and_RISCV_Design/Code/Build/Fife/verilog/mkQuire.v:4824$1464_Y
      New ports: A={ $ternary$/teamspace/studios/this_studio/Melodica-Integration-into-Fife-Core/Learn_Bluespec_and_RISCV_Design/Code/Build/Fife/verilog/mkQuire.v:4826$1463_Y [5] $ternary$/teamspace/studios/this_studio/Melodica-Integration-into-Fife-Core/Learn_Bluespec_and_RISCV_Design/Code/Build/Fife/verilog/mkQuire.v:4826$1463_Y [3:0] }, B=5'01000, Y={ $ternary$/teamspace/studios/this_studio/Melodica-Integration-into-Fife-Core/Learn_Bluespec_and_RISCV_Design/Code/Build/Fife/verilog/mkQuire.v:4824$1464_Y [5] $ternary$/teamspace/studios/this_studio/Melodica-Integration-into-Fife-Core/Learn_Bluespec_and_RISCV_Design/Code/Build/Fife/verilog/mkQuire.v:4824$1464_Y [3:0] }
      New connections: $ternary$/teamspace/studios/this_studio/Melodica-Integration-into-Fife-Core/Learn_Bluespec_and_RISCV_Design/Code/Build/Fife/verilog/mkQuire.v:4824$1464_Y [4] = $ternary$/teamspace/studios/this_studio/Melodica-Integration-into-Fife-Core/Learn_Bluespec_and_RISCV_Design/Code/Build/Fife/verilog/mkQuire.v:4824$1464_Y [3]
  Optimizing cells in module \mkQuire.
Performed a total of 15 changes.

14.20.5. Executing OPT_MERGE pass (detect identical cells).
Finding identical cells in module `\mkQuire'.
Removed a total of 0 cells.

14.20.6. Executing OPT_SHARE pass.
    Found cells that share an operand and can be merged by moving the $mux $ternary$/teamspace/studios/this_studio/Melodica-Integration-into-Fife-Core/Learn_Bluespec_and_RISCV_Design/Code/Build/Fife/verilog/mkQuire.v:2307$538 in front of them:
        $auto$alumacc.cc:485:replace_alu$4627
        $auto$alumacc.cc:485:replace_alu$4714

14.20.7. Executing OPT_DFF pass (perform DFF optimizations).
Adding SRST signal on $\seg_adder_vff_carry_0.arr$rdreg[0] ($dff) from module mkQuire (D = $auto$rtlil.cc:2498:Mux$5290, Q = $\seg_adder_vff_carry_0.arr$rdreg[0]$q, rval = 2'00).
Adding SRST signal on $\seg_adder_vff_carry_1.arr$rdreg[0] ($dff) from module mkQuire (D = $auto$rtlil.cc:2498:Mux$5295, Q = $\seg_adder_vff_carry_1.arr$rdreg[0]$q, rval = 2'00).
Adding SRST signal on $\seg_adder_vff_carry_10.arr$rdreg[0] ($dff) from module mkQuire (D = $auto$rtlil.cc:2498:Mux$5300, Q = $\seg_adder_vff_carry_10.arr$rdreg[0]$q, rval = 2'00).
Adding SRST signal on $\seg_adder_vff_carry_11.arr$rdreg[0] ($dff) from module mkQuire (D = $auto$rtlil.cc:2498:Mux$5305, Q = $\seg_adder_vff_carry_11.arr$rdreg[0]$q, rval = 2'00).
Adding SRST signal on $\seg_adder_vff_in_9.arr$rdreg[0] ($dff) from module mkQuire (D = $auto$rtlil.cc:2498:Mux$5530, Q = $\seg_adder_vff_in_9.arr$rdreg[0]$q, rval = 2'00).
Adding SRST signal on $\seg_adder_vff_carry_12.arr$rdreg[0] ($dff) from module mkQuire (D = $auto$rtlil.cc:2498:Mux$5310, Q = $\seg_adder_vff_carry_12.arr$rdreg[0]$q, rval = 2'00).
Adding SRST signal on $\seg_adder_vff_carry_13.arr$rdreg[0] ($dff) from module mkQuire (D = $auto$rtlil.cc:2498:Mux$5315, Q = $\seg_adder_vff_carry_13.arr$rdreg[0]$q, rval = 2'00).
Adding SRST signal on $\seg_adder_vff_carry_14.arr$rdreg[0] ($dff) from module mkQuire (D = $auto$rtlil.cc:2498:Mux$5320, Q = $\seg_adder_vff_carry_14.arr$rdreg[0]$q, rval = 2'00).
Adding SRST signal on $\seg_adder_vff_carry_15.arr$rdreg[0] ($dff) from module mkQuire (D = $auto$rtlil.cc:2498:Mux$5325, Q = $\seg_adder_vff_carry_15.arr$rdreg[0]$q, rval = 2'00).
Adding SRST signal on $\seg_adder_vff_carry_16.arr$rdreg[0] ($dff) from module mkQuire (D = $auto$rtlil.cc:2498:Mux$5330, Q = $\seg_adder_vff_carry_16.arr$rdreg[0]$q, rval = 2'00).
Adding SRST signal on $\seg_adder_vff_in_5.arr$rdreg[0] ($dff) from module mkQuire (D = $auto$rtlil.cc:2498:Mux$5510, Q = $\seg_adder_vff_in_5.arr$rdreg[0]$q, rval = 2'00).
Adding SRST signal on $\seg_adder_vff_carry_17.arr$rdreg[0] ($dff) from module mkQuire (D = $auto$rtlil.cc:2498:Mux$5335, Q = $\seg_adder_vff_carry_17.arr$rdreg[0]$q, rval = 2'00).
Adding SRST signal on $\seg_adder_vff_carry_18.arr$rdreg[0] ($dff) from module mkQuire (D = $auto$rtlil.cc:2498:Mux$5340, Q = $\seg_adder_vff_carry_18.arr$rdreg[0]$q, rval = 2'00).
Adding SRST signal on $\seg_adder_vff_in_6.arr$rdreg[0] ($dff) from module mkQuire (D = $auto$rtlil.cc:2498:Mux$5515, Q = $\seg_adder_vff_in_6.arr$rdreg[0]$q, rval = 2'00).
Adding SRST signal on $\seg_adder_vff_carry_19.arr$rdreg[0] ($dff) from module mkQuire (D = $auto$rtlil.cc:2498:Mux$5345, Q = $\seg_adder_vff_carry_19.arr$rdreg[0]$q, rval = 2'00).
Adding SRST signal on $\seg_adder_vff_carry_2.arr$rdreg[0] ($dff) from module mkQuire (D = $auto$rtlil.cc:2498:Mux$5350, Q = $\seg_adder_vff_carry_2.arr$rdreg[0]$q, rval = 2'00).
Adding SRST signal on $\seg_adder_vff_in_7.arr$rdreg[0] ($dff) from module mkQuire (D = $auto$rtlil.cc:2498:Mux$5520, Q = $\seg_adder_vff_in_7.arr$rdreg[0]$q, rval = 2'00).
Adding SRST signal on $\seg_adder_vff_carry_20.arr$rdreg[0] ($dff) from module mkQuire (D = $auto$rtlil.cc:2498:Mux$5355, Q = $\seg_adder_vff_carry_20.arr$rdreg[0]$q, rval = 2'00).
Adding SRST signal on $\seg_adder_vff_carry_21.arr$rdreg[0] ($dff) from module mkQuire (D = $auto$rtlil.cc:2498:Mux$5360, Q = $\seg_adder_vff_carry_21.arr$rdreg[0]$q, rval = 2'00).
Adding SRST signal on $\seg_adder_vff_in_8.arr$rdreg[0] ($dff) from module mkQuire (D = $auto$rtlil.cc:2498:Mux$5525, Q = $\seg_adder_vff_in_8.arr$rdreg[0]$q, rval = 2'00).
Adding SRST signal on $\seg_adder_vff_carry_22.arr$rdreg[0] ($dff) from module mkQuire (D = $auto$rtlil.cc:2498:Mux$5365, Q = $\seg_adder_vff_carry_22.arr$rdreg[0]$q, rval = 2'00).
Adding SRST signal on $\seg_adder_vff_carry_23.arr$rdreg[0] ($dff) from module mkQuire (D = $auto$rtlil.cc:2498:Mux$5370, Q = $\seg_adder_vff_carry_23.arr$rdreg[0]$q, rval = 2'00).
Adding SRST signal on $\seg_adder_vff_carry_3.arr$rdreg[0] ($dff) from module mkQuire (D = $auto$rtlil.cc:2498:Mux$5375, Q = $\seg_adder_vff_carry_3.arr$rdreg[0]$q, rval = 2'00).
Adding SRST signal on $\seg_adder_vff_carry_4.arr$rdreg[0] ($dff) from module mkQuire (D = $auto$rtlil.cc:2498:Mux$5380, Q = $\seg_adder_vff_carry_4.arr$rdreg[0]$q, rval = 2'00).
Adding SRST signal on $\seg_adder_vff_carry_5.arr$rdreg[0] ($dff) from module mkQuire (D = $auto$rtlil.cc:2498:Mux$5385, Q = $\seg_adder_vff_carry_5.arr$rdreg[0]$q, rval = 2'00).
Adding SRST signal on $\seg_adder_vff_carry_6.arr$rdreg[0] ($dff) from module mkQuire (D = $auto$rtlil.cc:2498:Mux$5390, Q = $\seg_adder_vff_carry_6.arr$rdreg[0]$q, rval = 2'00).
Adding SRST signal on $\seg_adder_vff_carry_7.arr$rdreg[0] ($dff) from module mkQuire (D = $auto$rtlil.cc:2498:Mux$5395, Q = $\seg_adder_vff_carry_7.arr$rdreg[0]$q, rval = 2'00).
Adding SRST signal on $\seg_adder_vff_carry_8.arr$rdreg[0] ($dff) from module mkQuire (D = $auto$rtlil.cc:2498:Mux$5400, Q = $\seg_adder_vff_carry_8.arr$rdreg[0]$q, rval = 2'00).
Adding SRST signal on $\seg_adder_vff_carry_9.arr$rdreg[0] ($dff) from module mkQuire (D = $auto$rtlil.cc:2498:Mux$5405, Q = $\seg_adder_vff_carry_9.arr$rdreg[0]$q, rval = 2'00).
Adding SRST signal on $\seg_adder_vff_in_0.arr$rdreg[0] ($dff) from module mkQuire (D = $auto$rtlil.cc:2498:Mux$5410, Q = $\seg_adder_vff_in_0.arr$rdreg[0]$q, rval = 2'00).
Adding SRST signal on $\seg_adder_vff_in_1.arr$rdreg[0] ($dff) from module mkQuire (D = $auto$rtlil.cc:2498:Mux$5415, Q = $\seg_adder_vff_in_1.arr$rdreg[0]$q, rval = 2'00).
Adding SRST signal on $\seg_adder_vff_in_10.arr$rdreg[0] ($dff) from module mkQuire (D = $auto$rtlil.cc:2498:Mux$5420, Q = $\seg_adder_vff_in_10.arr$rdreg[0]$q, rval = 2'00).
Adding SRST signal on $\seg_adder_vff_in_11.arr$rdreg[0] ($dff) from module mkQuire (D = $auto$rtlil.cc:2498:Mux$5425, Q = $\seg_adder_vff_in_11.arr$rdreg[0]$q, rval = 2'00).
Adding SRST signal on $\seg_adder_vff_in_12.arr$rdreg[0] ($dff) from module mkQuire (D = $auto$rtlil.cc:2498:Mux$5430, Q = $\seg_adder_vff_in_12.arr$rdreg[0]$q, rval = 2'00).
Adding SRST signal on $\seg_adder_vff_in_13.arr$rdreg[0] ($dff) from module mkQuire (D = $auto$rtlil.cc:2498:Mux$5435, Q = $\seg_adder_vff_in_13.arr$rdreg[0]$q, rval = 2'00).
Adding SRST signal on $\seg_adder_vff_in_14.arr$rdreg[0] ($dff) from module mkQuire (D = $auto$rtlil.cc:2498:Mux$5440, Q = $\seg_adder_vff_in_14.arr$rdreg[0]$q, rval = 2'00).
Adding SRST signal on $\seg_adder_vff_in_15.arr$rdreg[0] ($dff) from module mkQuire (D = $auto$rtlil.cc:2498:Mux$5445, Q = $\seg_adder_vff_in_15.arr$rdreg[0]$q, rval = 2'00).
Adding SRST signal on $\seg_adder_vff_in_16.arr$rdreg[0] ($dff) from module mkQuire (D = $auto$rtlil.cc:2498:Mux$5450, Q = $\seg_adder_vff_in_16.arr$rdreg[0]$q, rval = 2'00).
Adding SRST signal on $\seg_adder_vff_in_17.arr$rdreg[0] ($dff) from module mkQuire (D = $auto$rtlil.cc:2498:Mux$5455, Q = $\seg_adder_vff_in_17.arr$rdreg[0]$q, rval = 2'00).
Adding SRST signal on $\seg_adder_vff_in_18.arr$rdreg[0] ($dff) from module mkQuire (D = $auto$rtlil.cc:2498:Mux$5460, Q = $\seg_adder_vff_in_18.arr$rdreg[0]$q, rval = 2'00).
Adding SRST signal on $\seg_adder_vff_in_19.arr$rdreg[0] ($dff) from module mkQuire (D = $auto$rtlil.cc:2498:Mux$5465, Q = $\seg_adder_vff_in_19.arr$rdreg[0]$q, rval = 2'00).
Adding SRST signal on $\seg_adder_vff_in_2.arr$rdreg[0] ($dff) from module mkQuire (D = $auto$rtlil.cc:2498:Mux$5470, Q = $\seg_adder_vff_in_2.arr$rdreg[0]$q, rval = 2'00).
Adding SRST signal on $\seg_adder_vff_in_20.arr$rdreg[0] ($dff) from module mkQuire (D = $auto$rtlil.cc:2498:Mux$5475, Q = $\seg_adder_vff_in_20.arr$rdreg[0]$q, rval = 2'00).
Adding SRST signal on $\seg_adder_vff_in_21.arr$rdreg[0] ($dff) from module mkQuire (D = $auto$rtlil.cc:2498:Mux$5480, Q = $\seg_adder_vff_in_21.arr$rdreg[0]$q, rval = 2'00).
Adding SRST signal on $\seg_adder_vff_in_22.arr$rdreg[0] ($dff) from module mkQuire (D = $auto$rtlil.cc:2498:Mux$5485, Q = $\seg_adder_vff_in_22.arr$rdreg[0]$q, rval = 2'00).
Adding SRST signal on $\seg_adder_vff_in_23.arr$rdreg[0] ($dff) from module mkQuire (D = $auto$rtlil.cc:2498:Mux$5490, Q = $\seg_adder_vff_in_23.arr$rdreg[0]$q, rval = 2'00).
Adding SRST signal on $\seg_adder_vff_in_24.arr$rdreg[0] ($dff) from module mkQuire (D = $auto$rtlil.cc:2498:Mux$5495, Q = $\seg_adder_vff_in_24.arr$rdreg[0]$q, rval = 2'00).
Adding SRST signal on $\seg_adder_vff_in_3.arr$rdreg[0] ($dff) from module mkQuire (D = $auto$rtlil.cc:2498:Mux$5500, Q = $\seg_adder_vff_in_3.arr$rdreg[0]$q, rval = 2'00).
Adding SRST signal on $\seg_adder_vff_in_4.arr$rdreg[0] ($dff) from module mkQuire (D = $auto$rtlil.cc:2498:Mux$5505, Q = $\seg_adder_vff_in_4.arr$rdreg[0]$q, rval = 2'00).

14.20.8. Executing OPT_CLEAN pass (remove unused cells and wires).
Finding unused cells or wires in module \mkQuire..
Removed 49 unused cells and 496 unused wires.
<suppressed ~52 debug messages>

14.20.9. Executing OPT_EXPR pass (perform const folding).
Optimizing module mkQuire.
<suppressed ~53 debug messages>

14.20.10. Rerunning OPT passes. (Maybe there is more to do..)

14.20.11. Executing OPT_MUXTREE pass (detect dead branches in mux trees).
Running muxtree optimizer on module \mkQuire..
  Creating internal representation of mux trees.
  Evaluating internal representation of mux trees.
  Analyzing evaluation results.
Removed 0 multiplexer ports.
<suppressed ~507 debug messages>

14.20.12. Executing OPT_REDUCE pass (consolidate $*mux and $reduce_* inputs).
  Optimizing cells in module \mkQuire.
    Consolidated identical input bits for $mux cell $auto$opt_share.cc:244:merge_operators$7555:
      Old ports: A=5'11111, B=5'00001, Y=$auto$rtlil.cc:2498:Mux$7556
      New ports: A=1'1, B=1'0, Y=$auto$rtlil.cc:2498:Mux$7556 [1]
      New connections: { $auto$rtlil.cc:2498:Mux$7556 [4:2] $auto$rtlil.cc:2498:Mux$7556 [0] } = { $auto$rtlil.cc:2498:Mux$7556 [1] $auto$rtlil.cc:2498:Mux$7556 [1] $auto$rtlil.cc:2498:Mux$7556 [1] 1'1 }
  Optimizing cells in module \mkQuire.
Performed a total of 1 changes.

14.20.13. Executing OPT_MERGE pass (detect identical cells).
Finding identical cells in module `\mkQuire'.
Removed a total of 0 cells.

14.20.14. Executing OPT_SHARE pass.

14.20.15. Executing OPT_DFF pass (perform DFF optimizations).
Adding EN signal on $memory\seg_adder_vff_in_9.arr[2]$7515 ($dff) from module mkQuire (D = \IF_accumulate_x_BIT_773_18_THEN_0b1_CONCAT_fn__ETC___d723 [319:288], Q = \seg_adder_vff_in_9.arr[2]).
Adding EN signal on $memory\seg_adder_vff_in_9.arr[1]$7513 ($dff) from module mkQuire (D = \IF_accumulate_x_BIT_773_18_THEN_0b1_CONCAT_fn__ETC___d723 [319:288], Q = \seg_adder_vff_in_9.arr[1]).
Adding EN signal on $memory\seg_adder_vff_in_9.arr[0]$7511 ($dff) from module mkQuire (D = \IF_accumulate_x_BIT_773_18_THEN_0b1_CONCAT_fn__ETC___d723 [319:288], Q = \seg_adder_vff_in_9.arr[0]).
Adding EN signal on $memory\seg_adder_vff_in_8.arr[2]$7474 ($dff) from module mkQuire (D = \IF_accumulate_x_BIT_773_18_THEN_0b1_CONCAT_fn__ETC___d723 [287:256], Q = \seg_adder_vff_in_8.arr[2]).
Adding EN signal on $memory\seg_adder_vff_in_8.arr[1]$7472 ($dff) from module mkQuire (D = \IF_accumulate_x_BIT_773_18_THEN_0b1_CONCAT_fn__ETC___d723 [287:256], Q = \seg_adder_vff_in_8.arr[1]).
Adding EN signal on $memory\seg_adder_vff_in_8.arr[0]$7470 ($dff) from module mkQuire (D = \IF_accumulate_x_BIT_773_18_THEN_0b1_CONCAT_fn__ETC___d723 [287:256], Q = \seg_adder_vff_in_8.arr[0]).
Adding EN signal on $memory\seg_adder_vff_in_7.arr[2]$7433 ($dff) from module mkQuire (D = \IF_accumulate_x_BIT_773_18_THEN_0b1_CONCAT_fn__ETC___d723 [255:224], Q = \seg_adder_vff_in_7.arr[2]).
Adding EN signal on $memory\seg_adder_vff_in_7.arr[1]$7431 ($dff) from module mkQuire (D = \IF_accumulate_x_BIT_773_18_THEN_0b1_CONCAT_fn__ETC___d723 [255:224], Q = \seg_adder_vff_in_7.arr[1]).
Adding EN signal on $memory\seg_adder_vff_in_7.arr[0]$7429 ($dff) from module mkQuire (D = \IF_accumulate_x_BIT_773_18_THEN_0b1_CONCAT_fn__ETC___d723 [255:224], Q = \seg_adder_vff_in_7.arr[0]).
Adding EN signal on $memory\seg_adder_vff_in_6.arr[2]$7392 ($dff) from module mkQuire (D = \IF_accumulate_x_BIT_773_18_THEN_0b1_CONCAT_fn__ETC___d723 [223:192], Q = \seg_adder_vff_in_6.arr[2]).
Adding EN signal on $memory\seg_adder_vff_in_6.arr[1]$7390 ($dff) from module mkQuire (D = \IF_accumulate_x_BIT_773_18_THEN_0b1_CONCAT_fn__ETC___d723 [223:192], Q = \seg_adder_vff_in_6.arr[1]).
Adding EN signal on $memory\seg_adder_vff_in_6.arr[0]$7388 ($dff) from module mkQuire (D = \IF_accumulate_x_BIT_773_18_THEN_0b1_CONCAT_fn__ETC___d723 [223:192], Q = \seg_adder_vff_in_6.arr[0]).
Adding EN signal on $memory\seg_adder_vff_in_5.arr[2]$7351 ($dff) from module mkQuire (D = \IF_accumulate_x_BIT_773_18_THEN_0b1_CONCAT_fn__ETC___d723 [191:160], Q = \seg_adder_vff_in_5.arr[2]).
Adding EN signal on $memory\seg_adder_vff_in_5.arr[1]$7349 ($dff) from module mkQuire (D = \IF_accumulate_x_BIT_773_18_THEN_0b1_CONCAT_fn__ETC___d723 [191:160], Q = \seg_adder_vff_in_5.arr[1]).
Adding EN signal on $memory\seg_adder_vff_in_5.arr[0]$7347 ($dff) from module mkQuire (D = \IF_accumulate_x_BIT_773_18_THEN_0b1_CONCAT_fn__ETC___d723 [191:160], Q = \seg_adder_vff_in_5.arr[0]).
Adding EN signal on $memory\seg_adder_vff_in_4.arr[2]$7310 ($dff) from module mkQuire (D = \IF_accumulate_x_BIT_773_18_THEN_0b1_CONCAT_fn__ETC___d723 [159:128], Q = \seg_adder_vff_in_4.arr[2]).
Adding EN signal on $memory\seg_adder_vff_in_4.arr[1]$7308 ($dff) from module mkQuire (D = \IF_accumulate_x_BIT_773_18_THEN_0b1_CONCAT_fn__ETC___d723 [159:128], Q = \seg_adder_vff_in_4.arr[1]).
Adding EN signal on $memory\seg_adder_vff_in_4.arr[0]$7306 ($dff) from module mkQuire (D = \IF_accumulate_x_BIT_773_18_THEN_0b1_CONCAT_fn__ETC___d723 [159:128], Q = \seg_adder_vff_in_4.arr[0]).
Adding EN signal on $memory\seg_adder_vff_in_3.arr[2]$7269 ($dff) from module mkQuire (D = \IF_accumulate_x_BIT_773_18_THEN_0b1_CONCAT_fn__ETC___d723 [127:96], Q = \seg_adder_vff_in_3.arr[2]).
Adding EN signal on $memory\seg_adder_vff_in_3.arr[1]$7267 ($dff) from module mkQuire (D = \IF_accumulate_x_BIT_773_18_THEN_0b1_CONCAT_fn__ETC___d723 [127:96], Q = \seg_adder_vff_in_3.arr[1]).
Adding EN signal on $memory\seg_adder_vff_in_3.arr[0]$7265 ($dff) from module mkQuire (D = \IF_accumulate_x_BIT_773_18_THEN_0b1_CONCAT_fn__ETC___d723 [127:96], Q = \seg_adder_vff_in_3.arr[0]).
Adding EN signal on $memory\seg_adder_vff_in_24.arr[2]$7228 ($dff) from module mkQuire (D = { \IF_accumulate_x_BIT_773_18_THEN_0b1_CONCAT_fn__ETC___d723 [799:798] \IF_accumulate_x_BIT_773_18_THEN_0b1_CONCAT_fn__ETC___d723 [798] \IF_accumulate_x_BIT_773_18_THEN_0b1_CONCAT_fn__ETC___d723 [798] \IF_accumulate_x_BIT_773_18_THEN_0b1_CONCAT_fn__ETC___d723 [798] \IF_accumulate_x_BIT_773_18_THEN_0b1_CONCAT_fn__ETC___d723 [798] \IF_accumulate_x_BIT_773_18_THEN_0b1_CONCAT_fn__ETC___d723 [798] \IF_accumulate_x_BIT_773_18_THEN_0b1_CONCAT_fn__ETC___d723 [798] \IF_accumulate_x_BIT_773_18_THEN_0b1_CONCAT_fn__ETC___d723 [798] \IF_accumulate_x_BIT_773_18_THEN_0b1_CONCAT_fn__ETC___d723 [798] \IF_accumulate_x_BIT_773_18_THEN_0b1_CONCAT_fn__ETC___d723 [798] \IF_accumulate_x_BIT_773_18_THEN_0b1_CONCAT_fn__ETC___d723 [798] \IF_accumulate_x_BIT_773_18_THEN_0b1_CONCAT_fn__ETC___d723 [798] \IF_accumulate_x_BIT_773_18_THEN_0b1_CONCAT_fn__ETC___d723 [798] \IF_accumulate_x_BIT_773_18_THEN_0b1_CONCAT_fn__ETC___d723 [798] \IF_accumulate_x_BIT_773_18_THEN_0b1_CONCAT_fn__ETC___d723 [798] \IF_accumulate_x_BIT_773_18_THEN_0b1_CONCAT_fn__ETC___d723 [798] \IF_accumulate_x_BIT_773_18_THEN_0b1_CONCAT_fn__ETC___d723 [798] \IF_accumulate_x_BIT_773_18_THEN_0b1_CONCAT_fn__ETC___d723 [798] \IF_accumulate_x_BIT_773_18_THEN_0b1_CONCAT_fn__ETC___d723 [798] \IF_accumulate_x_BIT_773_18_THEN_0b1_CONCAT_fn__ETC___d723 [798] \IF_accumulate_x_BIT_773_18_THEN_0b1_CONCAT_fn__ETC___d723 [798] \IF_accumulate_x_BIT_773_18_THEN_0b1_CONCAT_fn__ETC___d723 [798] \IF_accumulate_x_BIT_773_18_THEN_0b1_CONCAT_fn__ETC___d723 [798] \IF_accumulate_x_BIT_773_18_THEN_0b1_CONCAT_fn__ETC___d723 [798] \IF_accumulate_x_BIT_773_18_THEN_0b1_CONCAT_fn__ETC___d723 [798] \IF_accumulate_x_BIT_773_18_THEN_0b1_CONCAT_fn__ETC___d723 [798] \IF_accumulate_x_BIT_773_18_THEN_0b1_CONCAT_fn__ETC___d723 [798] \IF_accumulate_x_BIT_773_18_THEN_0b1_CONCAT_fn__ETC___d723 [798] \IF_accumulate_x_BIT_773_18_THEN_0b1_CONCAT_fn__ETC___d723 [798] \IF_accumulate_x_BIT_773_18_THEN_0b1_CONCAT_fn__ETC___d723 [798] \IF_accumulate_x_BIT_773_18_THEN_0b1_CONCAT_fn__ETC___d723 [798] }, Q = \seg_adder_vff_in_24.arr[2]).
Adding EN signal on $memory\seg_adder_vff_in_24.arr[1]$7226 ($dff) from module mkQuire (D = { \IF_accumulate_x_BIT_773_18_THEN_0b1_CONCAT_fn__ETC___d723 [799:798] \IF_accumulate_x_BIT_773_18_THEN_0b1_CONCAT_fn__ETC___d723 [798] \IF_accumulate_x_BIT_773_18_THEN_0b1_CONCAT_fn__ETC___d723 [798] \IF_accumulate_x_BIT_773_18_THEN_0b1_CONCAT_fn__ETC___d723 [798] \IF_accumulate_x_BIT_773_18_THEN_0b1_CONCAT_fn__ETC___d723 [798] \IF_accumulate_x_BIT_773_18_THEN_0b1_CONCAT_fn__ETC___d723 [798] \IF_accumulate_x_BIT_773_18_THEN_0b1_CONCAT_fn__ETC___d723 [798] \IF_accumulate_x_BIT_773_18_THEN_0b1_CONCAT_fn__ETC___d723 [798] \IF_accumulate_x_BIT_773_18_THEN_0b1_CONCAT_fn__ETC___d723 [798] \IF_accumulate_x_BIT_773_18_THEN_0b1_CONCAT_fn__ETC___d723 [798] \IF_accumulate_x_BIT_773_18_THEN_0b1_CONCAT_fn__ETC___d723 [798] \IF_accumulate_x_BIT_773_18_THEN_0b1_CONCAT_fn__ETC___d723 [798] \IF_accumulate_x_BIT_773_18_THEN_0b1_CONCAT_fn__ETC___d723 [798] \IF_accumulate_x_BIT_773_18_THEN_0b1_CONCAT_fn__ETC___d723 [798] \IF_accumulate_x_BIT_773_18_THEN_0b1_CONCAT_fn__ETC___d723 [798] \IF_accumulate_x_BIT_773_18_THEN_0b1_CONCAT_fn__ETC___d723 [798] \IF_accumulate_x_BIT_773_18_THEN_0b1_CONCAT_fn__ETC___d723 [798] \IF_accumulate_x_BIT_773_18_THEN_0b1_CONCAT_fn__ETC___d723 [798] \IF_accumulate_x_BIT_773_18_THEN_0b1_CONCAT_fn__ETC___d723 [798] \IF_accumulate_x_BIT_773_18_THEN_0b1_CONCAT_fn__ETC___d723 [798] \IF_accumulate_x_BIT_773_18_THEN_0b1_CONCAT_fn__ETC___d723 [798] \IF_accumulate_x_BIT_773_18_THEN_0b1_CONCAT_fn__ETC___d723 [798] \IF_accumulate_x_BIT_773_18_THEN_0b1_CONCAT_fn__ETC___d723 [798] \IF_accumulate_x_BIT_773_18_THEN_0b1_CONCAT_fn__ETC___d723 [798] \IF_accumulate_x_BIT_773_18_THEN_0b1_CONCAT_fn__ETC___d723 [798] \IF_accumulate_x_BIT_773_18_THEN_0b1_CONCAT_fn__ETC___d723 [798] \IF_accumulate_x_BIT_773_18_THEN_0b1_CONCAT_fn__ETC___d723 [798] \IF_accumulate_x_BIT_773_18_THEN_0b1_CONCAT_fn__ETC___d723 [798] \IF_accumulate_x_BIT_773_18_THEN_0b1_CONCAT_fn__ETC___d723 [798] \IF_accumulate_x_BIT_773_18_THEN_0b1_CONCAT_fn__ETC___d723 [798] \IF_accumulate_x_BIT_773_18_THEN_0b1_CONCAT_fn__ETC___d723 [798] }, Q = \seg_adder_vff_in_24.arr[1]).
Adding EN signal on $memory\seg_adder_vff_in_24.arr[0]$7224 ($dff) from module mkQuire (D = { \IF_accumulate_x_BIT_773_18_THEN_0b1_CONCAT_fn__ETC___d723 [799:798] \IF_accumulate_x_BIT_773_18_THEN_0b1_CONCAT_fn__ETC___d723 [798] \IF_accumulate_x_BIT_773_18_THEN_0b1_CONCAT_fn__ETC___d723 [798] \IF_accumulate_x_BIT_773_18_THEN_0b1_CONCAT_fn__ETC___d723 [798] \IF_accumulate_x_BIT_773_18_THEN_0b1_CONCAT_fn__ETC___d723 [798] \IF_accumulate_x_BIT_773_18_THEN_0b1_CONCAT_fn__ETC___d723 [798] \IF_accumulate_x_BIT_773_18_THEN_0b1_CONCAT_fn__ETC___d723 [798] \IF_accumulate_x_BIT_773_18_THEN_0b1_CONCAT_fn__ETC___d723 [798] \IF_accumulate_x_BIT_773_18_THEN_0b1_CONCAT_fn__ETC___d723 [798] \IF_accumulate_x_BIT_773_18_THEN_0b1_CONCAT_fn__ETC___d723 [798] \IF_accumulate_x_BIT_773_18_THEN_0b1_CONCAT_fn__ETC___d723 [798] \IF_accumulate_x_BIT_773_18_THEN_0b1_CONCAT_fn__ETC___d723 [798] \IF_accumulate_x_BIT_773_18_THEN_0b1_CONCAT_fn__ETC___d723 [798] \IF_accumulate_x_BIT_773_18_THEN_0b1_CONCAT_fn__ETC___d723 [798] \IF_accumulate_x_BIT_773_18_THEN_0b1_CONCAT_fn__ETC___d723 [798] \IF_accumulate_x_BIT_773_18_THEN_0b1_CONCAT_fn__ETC___d723 [798] \IF_accumulate_x_BIT_773_18_THEN_0b1_CONCAT_fn__ETC___d723 [798] \IF_accumulate_x_BIT_773_18_THEN_0b1_CONCAT_fn__ETC___d723 [798] \IF_accumulate_x_BIT_773_18_THEN_0b1_CONCAT_fn__ETC___d723 [798] \IF_accumulate_x_BIT_773_18_THEN_0b1_CONCAT_fn__ETC___d723 [798] \IF_accumulate_x_BIT_773_18_THEN_0b1_CONCAT_fn__ETC___d723 [798] \IF_accumulate_x_BIT_773_18_THEN_0b1_CONCAT_fn__ETC___d723 [798] \IF_accumulate_x_BIT_773_18_THEN_0b1_CONCAT_fn__ETC___d723 [798] \IF_accumulate_x_BIT_773_18_THEN_0b1_CONCAT_fn__ETC___d723 [798] \IF_accumulate_x_BIT_773_18_THEN_0b1_CONCAT_fn__ETC___d723 [798] \IF_accumulate_x_BIT_773_18_THEN_0b1_CONCAT_fn__ETC___d723 [798] \IF_accumulate_x_BIT_773_18_THEN_0b1_CONCAT_fn__ETC___d723 [798] \IF_accumulate_x_BIT_773_18_THEN_0b1_CONCAT_fn__ETC___d723 [798] \IF_accumulate_x_BIT_773_18_THEN_0b1_CONCAT_fn__ETC___d723 [798] \IF_accumulate_x_BIT_773_18_THEN_0b1_CONCAT_fn__ETC___d723 [798] \IF_accumulate_x_BIT_773_18_THEN_0b1_CONCAT_fn__ETC___d723 [798] }, Q = \seg_adder_vff_in_24.arr[0]).
Adding EN signal on $memory\seg_adder_vff_in_23.arr[2]$7187 ($dff) from module mkQuire (D = \IF_accumulate_x_BIT_773_18_THEN_0b1_CONCAT_fn__ETC___d723 [767:736], Q = \seg_adder_vff_in_23.arr[2]).
Adding EN signal on $memory\seg_adder_vff_in_23.arr[1]$7185 ($dff) from module mkQuire (D = \IF_accumulate_x_BIT_773_18_THEN_0b1_CONCAT_fn__ETC___d723 [767:736], Q = \seg_adder_vff_in_23.arr[1]).
Adding EN signal on $memory\seg_adder_vff_in_23.arr[0]$7183 ($dff) from module mkQuire (D = \IF_accumulate_x_BIT_773_18_THEN_0b1_CONCAT_fn__ETC___d723 [767:736], Q = \seg_adder_vff_in_23.arr[0]).
Adding EN signal on $memory\seg_adder_vff_in_22.arr[2]$7146 ($dff) from module mkQuire (D = \IF_accumulate_x_BIT_773_18_THEN_0b1_CONCAT_fn__ETC___d723 [735:704], Q = \seg_adder_vff_in_22.arr[2]).
Adding EN signal on $memory\seg_adder_vff_in_22.arr[1]$7144 ($dff) from module mkQuire (D = \IF_accumulate_x_BIT_773_18_THEN_0b1_CONCAT_fn__ETC___d723 [735:704], Q = \seg_adder_vff_in_22.arr[1]).
Adding EN signal on $memory\seg_adder_vff_in_22.arr[0]$7142 ($dff) from module mkQuire (D = \IF_accumulate_x_BIT_773_18_THEN_0b1_CONCAT_fn__ETC___d723 [735:704], Q = \seg_adder_vff_in_22.arr[0]).
Adding EN signal on $memory\seg_adder_vff_in_21.arr[2]$7105 ($dff) from module mkQuire (D = \IF_accumulate_x_BIT_773_18_THEN_0b1_CONCAT_fn__ETC___d723 [703:672], Q = \seg_adder_vff_in_21.arr[2]).
Adding EN signal on $memory\seg_adder_vff_in_21.arr[1]$7103 ($dff) from module mkQuire (D = \IF_accumulate_x_BIT_773_18_THEN_0b1_CONCAT_fn__ETC___d723 [703:672], Q = \seg_adder_vff_in_21.arr[1]).
Adding EN signal on $memory\seg_adder_vff_in_21.arr[0]$7101 ($dff) from module mkQuire (D = \IF_accumulate_x_BIT_773_18_THEN_0b1_CONCAT_fn__ETC___d723 [703:672], Q = \seg_adder_vff_in_21.arr[0]).
Adding EN signal on $memory\seg_adder_vff_in_20.arr[2]$7064 ($dff) from module mkQuire (D = \IF_accumulate_x_BIT_773_18_THEN_0b1_CONCAT_fn__ETC___d723 [671:640], Q = \seg_adder_vff_in_20.arr[2]).
Adding EN signal on $memory\seg_adder_vff_in_20.arr[1]$7062 ($dff) from module mkQuire (D = \IF_accumulate_x_BIT_773_18_THEN_0b1_CONCAT_fn__ETC___d723 [671:640], Q = \seg_adder_vff_in_20.arr[1]).
Adding EN signal on $memory\seg_adder_vff_in_20.arr[0]$7060 ($dff) from module mkQuire (D = \IF_accumulate_x_BIT_773_18_THEN_0b1_CONCAT_fn__ETC___d723 [671:640], Q = \seg_adder_vff_in_20.arr[0]).
Adding EN signal on $memory\seg_adder_vff_in_2.arr[2]$7023 ($dff) from module mkQuire (D = \IF_accumulate_x_BIT_773_18_THEN_0b1_CONCAT_fn__ETC___d723 [95:64], Q = \seg_adder_vff_in_2.arr[2]).
Adding EN signal on $memory\seg_adder_vff_in_2.arr[1]$7021 ($dff) from module mkQuire (D = \IF_accumulate_x_BIT_773_18_THEN_0b1_CONCAT_fn__ETC___d723 [95:64], Q = \seg_adder_vff_in_2.arr[1]).
Adding EN signal on $memory\seg_adder_vff_in_2.arr[0]$7019 ($dff) from module mkQuire (D = \IF_accumulate_x_BIT_773_18_THEN_0b1_CONCAT_fn__ETC___d723 [95:64], Q = \seg_adder_vff_in_2.arr[0]).
Adding EN signal on $memory\seg_adder_vff_in_19.arr[2]$6982 ($dff) from module mkQuire (D = \IF_accumulate_x_BIT_773_18_THEN_0b1_CONCAT_fn__ETC___d723 [639:608], Q = \seg_adder_vff_in_19.arr[2]).
Adding EN signal on $memory\seg_adder_vff_in_19.arr[1]$6980 ($dff) from module mkQuire (D = \IF_accumulate_x_BIT_773_18_THEN_0b1_CONCAT_fn__ETC___d723 [639:608], Q = \seg_adder_vff_in_19.arr[1]).
Adding EN signal on $memory\seg_adder_vff_in_19.arr[0]$6978 ($dff) from module mkQuire (D = \IF_accumulate_x_BIT_773_18_THEN_0b1_CONCAT_fn__ETC___d723 [639:608], Q = \seg_adder_vff_in_19.arr[0]).
Adding EN signal on $memory\seg_adder_vff_in_18.arr[2]$6941 ($dff) from module mkQuire (D = \IF_accumulate_x_BIT_773_18_THEN_0b1_CONCAT_fn__ETC___d723 [607:576], Q = \seg_adder_vff_in_18.arr[2]).
Adding EN signal on $memory\seg_adder_vff_in_18.arr[1]$6939 ($dff) from module mkQuire (D = \IF_accumulate_x_BIT_773_18_THEN_0b1_CONCAT_fn__ETC___d723 [607:576], Q = \seg_adder_vff_in_18.arr[1]).
Adding EN signal on $memory\seg_adder_vff_in_18.arr[0]$6937 ($dff) from module mkQuire (D = \IF_accumulate_x_BIT_773_18_THEN_0b1_CONCAT_fn__ETC___d723 [607:576], Q = \seg_adder_vff_in_18.arr[0]).
Adding EN signal on $memory\seg_adder_vff_in_17.arr[2]$6900 ($dff) from module mkQuire (D = \IF_accumulate_x_BIT_773_18_THEN_0b1_CONCAT_fn__ETC___d723 [575:544], Q = \seg_adder_vff_in_17.arr[2]).
Adding EN signal on $memory\seg_adder_vff_in_17.arr[1]$6898 ($dff) from module mkQuire (D = \IF_accumulate_x_BIT_773_18_THEN_0b1_CONCAT_fn__ETC___d723 [575:544], Q = \seg_adder_vff_in_17.arr[1]).
Adding EN signal on $memory\seg_adder_vff_in_17.arr[0]$6896 ($dff) from module mkQuire (D = \IF_accumulate_x_BIT_773_18_THEN_0b1_CONCAT_fn__ETC___d723 [575:544], Q = \seg_adder_vff_in_17.arr[0]).
Adding EN signal on $memory\seg_adder_vff_in_16.arr[2]$6859 ($dff) from module mkQuire (D = \IF_accumulate_x_BIT_773_18_THEN_0b1_CONCAT_fn__ETC___d723 [543:512], Q = \seg_adder_vff_in_16.arr[2]).
Adding EN signal on $memory\seg_adder_vff_in_16.arr[1]$6857 ($dff) from module mkQuire (D = \IF_accumulate_x_BIT_773_18_THEN_0b1_CONCAT_fn__ETC___d723 [543:512], Q = \seg_adder_vff_in_16.arr[1]).
Adding EN signal on $memory\seg_adder_vff_in_16.arr[0]$6855 ($dff) from module mkQuire (D = \IF_accumulate_x_BIT_773_18_THEN_0b1_CONCAT_fn__ETC___d723 [543:512], Q = \seg_adder_vff_in_16.arr[0]).
Adding EN signal on $memory\seg_adder_vff_in_15.arr[2]$6818 ($dff) from module mkQuire (D = \IF_accumulate_x_BIT_773_18_THEN_0b1_CONCAT_fn__ETC___d723 [511:480], Q = \seg_adder_vff_in_15.arr[2]).
Adding EN signal on $memory\seg_adder_vff_in_15.arr[1]$6816 ($dff) from module mkQuire (D = \IF_accumulate_x_BIT_773_18_THEN_0b1_CONCAT_fn__ETC___d723 [511:480], Q = \seg_adder_vff_in_15.arr[1]).
Adding EN signal on $memory\seg_adder_vff_in_15.arr[0]$6814 ($dff) from module mkQuire (D = \IF_accumulate_x_BIT_773_18_THEN_0b1_CONCAT_fn__ETC___d723 [511:480], Q = \seg_adder_vff_in_15.arr[0]).
Adding EN signal on $memory\seg_adder_vff_in_14.arr[2]$6777 ($dff) from module mkQuire (D = \IF_accumulate_x_BIT_773_18_THEN_0b1_CONCAT_fn__ETC___d723 [479:448], Q = \seg_adder_vff_in_14.arr[2]).
Adding EN signal on $memory\seg_adder_vff_in_14.arr[1]$6775 ($dff) from module mkQuire (D = \IF_accumulate_x_BIT_773_18_THEN_0b1_CONCAT_fn__ETC___d723 [479:448], Q = \seg_adder_vff_in_14.arr[1]).
Adding EN signal on $memory\seg_adder_vff_in_14.arr[0]$6773 ($dff) from module mkQuire (D = \IF_accumulate_x_BIT_773_18_THEN_0b1_CONCAT_fn__ETC___d723 [479:448], Q = \seg_adder_vff_in_14.arr[0]).
Adding EN signal on $memory\seg_adder_vff_in_13.arr[2]$6736 ($dff) from module mkQuire (D = \IF_accumulate_x_BIT_773_18_THEN_0b1_CONCAT_fn__ETC___d723 [447:416], Q = \seg_adder_vff_in_13.arr[2]).
Adding EN signal on $memory\seg_adder_vff_in_13.arr[1]$6734 ($dff) from module mkQuire (D = \IF_accumulate_x_BIT_773_18_THEN_0b1_CONCAT_fn__ETC___d723 [447:416], Q = \seg_adder_vff_in_13.arr[1]).
Adding EN signal on $memory\seg_adder_vff_in_13.arr[0]$6732 ($dff) from module mkQuire (D = \IF_accumulate_x_BIT_773_18_THEN_0b1_CONCAT_fn__ETC___d723 [447:416], Q = \seg_adder_vff_in_13.arr[0]).
Adding EN signal on $memory\seg_adder_vff_in_12.arr[2]$6695 ($dff) from module mkQuire (D = \IF_accumulate_x_BIT_773_18_THEN_0b1_CONCAT_fn__ETC___d723 [415:384], Q = \seg_adder_vff_in_12.arr[2]).
Adding EN signal on $memory\seg_adder_vff_in_12.arr[1]$6693 ($dff) from module mkQuire (D = \IF_accumulate_x_BIT_773_18_THEN_0b1_CONCAT_fn__ETC___d723 [415:384], Q = \seg_adder_vff_in_12.arr[1]).
Adding EN signal on $memory\seg_adder_vff_in_12.arr[0]$6691 ($dff) from module mkQuire (D = \IF_accumulate_x_BIT_773_18_THEN_0b1_CONCAT_fn__ETC___d723 [415:384], Q = \seg_adder_vff_in_12.arr[0]).
Adding EN signal on $memory\seg_adder_vff_in_11.arr[2]$6654 ($dff) from module mkQuire (D = \IF_accumulate_x_BIT_773_18_THEN_0b1_CONCAT_fn__ETC___d723 [383:352], Q = \seg_adder_vff_in_11.arr[2]).
Adding EN signal on $memory\seg_adder_vff_in_11.arr[1]$6652 ($dff) from module mkQuire (D = \IF_accumulate_x_BIT_773_18_THEN_0b1_CONCAT_fn__ETC___d723 [383:352], Q = \seg_adder_vff_in_11.arr[1]).
Adding EN signal on $memory\seg_adder_vff_in_11.arr[0]$6650 ($dff) from module mkQuire (D = \IF_accumulate_x_BIT_773_18_THEN_0b1_CONCAT_fn__ETC___d723 [383:352], Q = \seg_adder_vff_in_11.arr[0]).
Adding EN signal on $memory\seg_adder_vff_in_10.arr[2]$6613 ($dff) from module mkQuire (D = \IF_accumulate_x_BIT_773_18_THEN_0b1_CONCAT_fn__ETC___d723 [351:320], Q = \seg_adder_vff_in_10.arr[2]).
Adding EN signal on $memory\seg_adder_vff_in_10.arr[1]$6611 ($dff) from module mkQuire (D = \IF_accumulate_x_BIT_773_18_THEN_0b1_CONCAT_fn__ETC___d723 [351:320], Q = \seg_adder_vff_in_10.arr[1]).
Adding EN signal on $memory\seg_adder_vff_in_10.arr[0]$6609 ($dff) from module mkQuire (D = \IF_accumulate_x_BIT_773_18_THEN_0b1_CONCAT_fn__ETC___d723 [351:320], Q = \seg_adder_vff_in_10.arr[0]).
Adding EN signal on $memory\seg_adder_vff_in_1.arr[2]$6572 ($dff) from module mkQuire (D = \IF_accumulate_x_BIT_773_18_THEN_0b1_CONCAT_fn__ETC___d723 [63:32], Q = \seg_adder_vff_in_1.arr[2]).
Adding EN signal on $memory\seg_adder_vff_in_1.arr[1]$6570 ($dff) from module mkQuire (D = \IF_accumulate_x_BIT_773_18_THEN_0b1_CONCAT_fn__ETC___d723 [63:32], Q = \seg_adder_vff_in_1.arr[1]).
Adding EN signal on $memory\seg_adder_vff_in_1.arr[0]$6568 ($dff) from module mkQuire (D = \IF_accumulate_x_BIT_773_18_THEN_0b1_CONCAT_fn__ETC___d723 [63:32], Q = \seg_adder_vff_in_1.arr[0]).
Adding EN signal on $memory\seg_adder_vff_in_0.arr[2]$6531 ($dff) from module mkQuire (D = \IF_accumulate_x_BIT_773_18_THEN_0b1_CONCAT_fn__ETC___d723 [31:0], Q = \seg_adder_vff_in_0.arr[2]).
Adding EN signal on $memory\seg_adder_vff_in_0.arr[1]$6529 ($dff) from module mkQuire (D = \IF_accumulate_x_BIT_773_18_THEN_0b1_CONCAT_fn__ETC___d723 [31:0], Q = \seg_adder_vff_in_0.arr[1]).
Adding EN signal on $memory\seg_adder_vff_in_0.arr[0]$6527 ($dff) from module mkQuire (D = \IF_accumulate_x_BIT_773_18_THEN_0b1_CONCAT_fn__ETC___d723 [31:0], Q = \seg_adder_vff_in_0.arr[0]).
Adding EN signal on $memory\seg_adder_vff_carry_9.arr[2]$6490 ($dff) from module mkQuire (D = \acc__h15874 [32], Q = \seg_adder_vff_carry_9.arr[2]).
Adding EN signal on $memory\seg_adder_vff_carry_9.arr[1]$6488 ($dff) from module mkQuire (D = \acc__h15874 [32], Q = \seg_adder_vff_carry_9.arr[1]).
Adding EN signal on $memory\seg_adder_vff_carry_9.arr[0]$6486 ($dff) from module mkQuire (D = \acc__h15874 [32], Q = \seg_adder_vff_carry_9.arr[0]).
Adding EN signal on $memory\seg_adder_vff_carry_8.arr[2]$6449 ($dff) from module mkQuire (D = \acc__h15371 [32], Q = \seg_adder_vff_carry_8.arr[2]).
Adding EN signal on $memory\seg_adder_vff_carry_8.arr[1]$6447 ($dff) from module mkQuire (D = \acc__h15371 [32], Q = \seg_adder_vff_carry_8.arr[1]).
Adding EN signal on $memory\seg_adder_vff_carry_8.arr[0]$6445 ($dff) from module mkQuire (D = \acc__h15371 [32], Q = \seg_adder_vff_carry_8.arr[0]).
Adding EN signal on $memory\seg_adder_vff_carry_7.arr[2]$6408 ($dff) from module mkQuire (D = \acc__h14868 [32], Q = \seg_adder_vff_carry_7.arr[2]).
Adding EN signal on $memory\seg_adder_vff_carry_7.arr[1]$6406 ($dff) from module mkQuire (D = \acc__h14868 [32], Q = \seg_adder_vff_carry_7.arr[1]).
Adding EN signal on $memory\seg_adder_vff_carry_7.arr[0]$6404 ($dff) from module mkQuire (D = \acc__h14868 [32], Q = \seg_adder_vff_carry_7.arr[0]).
Adding EN signal on $memory\seg_adder_vff_carry_6.arr[2]$6367 ($dff) from module mkQuire (D = \acc__h14365 [32], Q = \seg_adder_vff_carry_6.arr[2]).
Adding EN signal on $memory\seg_adder_vff_carry_6.arr[1]$6365 ($dff) from module mkQuire (D = \acc__h14365 [32], Q = \seg_adder_vff_carry_6.arr[1]).
Adding EN signal on $memory\seg_adder_vff_carry_6.arr[0]$6363 ($dff) from module mkQuire (D = \acc__h14365 [32], Q = \seg_adder_vff_carry_6.arr[0]).
Adding EN signal on $memory\seg_adder_vff_carry_5.arr[2]$6326 ($dff) from module mkQuire (D = \acc__h13862 [32], Q = \seg_adder_vff_carry_5.arr[2]).
Adding EN signal on $memory\seg_adder_vff_carry_5.arr[1]$6324 ($dff) from module mkQuire (D = \acc__h13862 [32], Q = \seg_adder_vff_carry_5.arr[1]).
Adding EN signal on $memory\seg_adder_vff_carry_5.arr[0]$6322 ($dff) from module mkQuire (D = \acc__h13862 [32], Q = \seg_adder_vff_carry_5.arr[0]).
Adding EN signal on $memory\seg_adder_vff_carry_4.arr[2]$6285 ($dff) from module mkQuire (D = \acc__h13359 [32], Q = \seg_adder_vff_carry_4.arr[2]).
Adding EN signal on $memory\seg_adder_vff_carry_4.arr[1]$6283 ($dff) from module mkQuire (D = \acc__h13359 [32], Q = \seg_adder_vff_carry_4.arr[1]).
Adding EN signal on $memory\seg_adder_vff_carry_4.arr[0]$6281 ($dff) from module mkQuire (D = \acc__h13359 [32], Q = \seg_adder_vff_carry_4.arr[0]).
Adding EN signal on $memory\seg_adder_vff_carry_3.arr[2]$6244 ($dff) from module mkQuire (D = \acc__h12856 [32], Q = \seg_adder_vff_carry_3.arr[2]).
Adding EN signal on $memory\seg_adder_vff_carry_3.arr[1]$6242 ($dff) from module mkQuire (D = \acc__h12856 [32], Q = \seg_adder_vff_carry_3.arr[1]).
Adding EN signal on $memory\seg_adder_vff_carry_3.arr[0]$6240 ($dff) from module mkQuire (D = \acc__h12856 [32], Q = \seg_adder_vff_carry_3.arr[0]).
Adding EN signal on $memory\seg_adder_vff_carry_23.arr[2]$6203 ($dff) from module mkQuire (D = \acc__h22916 [32], Q = \seg_adder_vff_carry_23.arr[2]).
Adding EN signal on $memory\seg_adder_vff_carry_23.arr[1]$6201 ($dff) from module mkQuire (D = \acc__h22916 [32], Q = \seg_adder_vff_carry_23.arr[1]).
Adding EN signal on $memory\seg_adder_vff_carry_23.arr[0]$6199 ($dff) from module mkQuire (D = \acc__h22916 [32], Q = \seg_adder_vff_carry_23.arr[0]).
Adding EN signal on $memory\seg_adder_vff_carry_22.arr[2]$6162 ($dff) from module mkQuire (D = \acc__h22413 [32], Q = \seg_adder_vff_carry_22.arr[2]).
Adding EN signal on $memory\seg_adder_vff_carry_22.arr[1]$6160 ($dff) from module mkQuire (D = \acc__h22413 [32], Q = \seg_adder_vff_carry_22.arr[1]).
Adding EN signal on $memory\seg_adder_vff_carry_22.arr[0]$6158 ($dff) from module mkQuire (D = \acc__h22413 [32], Q = \seg_adder_vff_carry_22.arr[0]).
Adding EN signal on $memory\seg_adder_vff_carry_21.arr[2]$6121 ($dff) from module mkQuire (D = \acc__h21910 [32], Q = \seg_adder_vff_carry_21.arr[2]).
Adding EN signal on $memory\seg_adder_vff_carry_21.arr[1]$6119 ($dff) from module mkQuire (D = \acc__h21910 [32], Q = \seg_adder_vff_carry_21.arr[1]).
Adding EN signal on $memory\seg_adder_vff_carry_21.arr[0]$6117 ($dff) from module mkQuire (D = \acc__h21910 [32], Q = \seg_adder_vff_carry_21.arr[0]).
Adding EN signal on $memory\seg_adder_vff_carry_20.arr[2]$6080 ($dff) from module mkQuire (D = \acc__h21407 [32], Q = \seg_adder_vff_carry_20.arr[2]).
Adding EN signal on $memory\seg_adder_vff_carry_20.arr[1]$6078 ($dff) from module mkQuire (D = \acc__h21407 [32], Q = \seg_adder_vff_carry_20.arr[1]).
Adding EN signal on $memory\seg_adder_vff_carry_20.arr[0]$6076 ($dff) from module mkQuire (D = \acc__h21407 [32], Q = \seg_adder_vff_carry_20.arr[0]).
Adding EN signal on $memory\seg_adder_vff_carry_2.arr[2]$6039 ($dff) from module mkQuire (D = \acc__h12353 [32], Q = \seg_adder_vff_carry_2.arr[2]).
Adding EN signal on $memory\seg_adder_vff_carry_2.arr[1]$6037 ($dff) from module mkQuire (D = \acc__h12353 [32], Q = \seg_adder_vff_carry_2.arr[1]).
Adding EN signal on $memory\seg_adder_vff_carry_2.arr[0]$6035 ($dff) from module mkQuire (D = \acc__h12353 [32], Q = \seg_adder_vff_carry_2.arr[0]).
Adding EN signal on $memory\seg_adder_vff_carry_19.arr[2]$5998 ($dff) from module mkQuire (D = \acc__h20904 [32], Q = \seg_adder_vff_carry_19.arr[2]).
Adding EN signal on $memory\seg_adder_vff_carry_19.arr[1]$5996 ($dff) from module mkQuire (D = \acc__h20904 [32], Q = \seg_adder_vff_carry_19.arr[1]).
Adding EN signal on $memory\seg_adder_vff_carry_19.arr[0]$5994 ($dff) from module mkQuire (D = \acc__h20904 [32], Q = \seg_adder_vff_carry_19.arr[0]).
Adding EN signal on $memory\seg_adder_vff_carry_18.arr[2]$5957 ($dff) from module mkQuire (D = \acc__h20401 [32], Q = \seg_adder_vff_carry_18.arr[2]).
Adding EN signal on $memory\seg_adder_vff_carry_18.arr[1]$5955 ($dff) from module mkQuire (D = \acc__h20401 [32], Q = \seg_adder_vff_carry_18.arr[1]).
Adding EN signal on $memory\seg_adder_vff_carry_18.arr[0]$5953 ($dff) from module mkQuire (D = \acc__h20401 [32], Q = \seg_adder_vff_carry_18.arr[0]).
Adding EN signal on $memory\seg_adder_vff_carry_17.arr[2]$5916 ($dff) from module mkQuire (D = \acc__h19898 [32], Q = \seg_adder_vff_carry_17.arr[2]).
Adding EN signal on $memory\seg_adder_vff_carry_17.arr[1]$5914 ($dff) from module mkQuire (D = \acc__h19898 [32], Q = \seg_adder_vff_carry_17.arr[1]).
Adding EN signal on $memory\seg_adder_vff_carry_17.arr[0]$5912 ($dff) from module mkQuire (D = \acc__h19898 [32], Q = \seg_adder_vff_carry_17.arr[0]).
Adding EN signal on $memory\seg_adder_vff_carry_16.arr[2]$5875 ($dff) from module mkQuire (D = \acc__h19395 [32], Q = \seg_adder_vff_carry_16.arr[2]).
Adding EN signal on $memory\seg_adder_vff_carry_16.arr[1]$5873 ($dff) from module mkQuire (D = \acc__h19395 [32], Q = \seg_adder_vff_carry_16.arr[1]).
Adding EN signal on $memory\seg_adder_vff_carry_16.arr[0]$5871 ($dff) from module mkQuire (D = \acc__h19395 [32], Q = \seg_adder_vff_carry_16.arr[0]).
Adding EN signal on $memory\seg_adder_vff_carry_15.arr[2]$5834 ($dff) from module mkQuire (D = \acc__h18892 [32], Q = \seg_adder_vff_carry_15.arr[2]).
Adding EN signal on $memory\seg_adder_vff_carry_15.arr[1]$5832 ($dff) from module mkQuire (D = \acc__h18892 [32], Q = \seg_adder_vff_carry_15.arr[1]).
Adding EN signal on $memory\seg_adder_vff_carry_15.arr[0]$5830 ($dff) from module mkQuire (D = \acc__h18892 [32], Q = \seg_adder_vff_carry_15.arr[0]).
Adding EN signal on $memory\seg_adder_vff_carry_14.arr[2]$5793 ($dff) from module mkQuire (D = \acc__h18389 [32], Q = \seg_adder_vff_carry_14.arr[2]).
Adding EN signal on $memory\seg_adder_vff_carry_14.arr[1]$5791 ($dff) from module mkQuire (D = \acc__h18389 [32], Q = \seg_adder_vff_carry_14.arr[1]).
Adding EN signal on $memory\seg_adder_vff_carry_14.arr[0]$5789 ($dff) from module mkQuire (D = \acc__h18389 [32], Q = \seg_adder_vff_carry_14.arr[0]).
Adding EN signal on $memory\seg_adder_vff_carry_13.arr[2]$5752 ($dff) from module mkQuire (D = \acc__h17886 [32], Q = \seg_adder_vff_carry_13.arr[2]).
Adding EN signal on $memory\seg_adder_vff_carry_13.arr[1]$5750 ($dff) from module mkQuire (D = \acc__h17886 [32], Q = \seg_adder_vff_carry_13.arr[1]).
Adding EN signal on $memory\seg_adder_vff_carry_13.arr[0]$5748 ($dff) from module mkQuire (D = \acc__h17886 [32], Q = \seg_adder_vff_carry_13.arr[0]).
Adding EN signal on $memory\seg_adder_vff_carry_12.arr[2]$5711 ($dff) from module mkQuire (D = \acc__h17383 [32], Q = \seg_adder_vff_carry_12.arr[2]).
Adding EN signal on $memory\seg_adder_vff_carry_12.arr[1]$5709 ($dff) from module mkQuire (D = \acc__h17383 [32], Q = \seg_adder_vff_carry_12.arr[1]).
Adding EN signal on $memory\seg_adder_vff_carry_12.arr[0]$5707 ($dff) from module mkQuire (D = \acc__h17383 [32], Q = \seg_adder_vff_carry_12.arr[0]).
Adding EN signal on $memory\seg_adder_vff_carry_11.arr[2]$5670 ($dff) from module mkQuire (D = \acc__h16880 [32], Q = \seg_adder_vff_carry_11.arr[2]).
Adding EN signal on $memory\seg_adder_vff_carry_11.arr[1]$5668 ($dff) from module mkQuire (D = \acc__h16880 [32], Q = \seg_adder_vff_carry_11.arr[1]).
Adding EN signal on $memory\seg_adder_vff_carry_11.arr[0]$5666 ($dff) from module mkQuire (D = \acc__h16880 [32], Q = \seg_adder_vff_carry_11.arr[0]).
Adding EN signal on $memory\seg_adder_vff_carry_10.arr[2]$5629 ($dff) from module mkQuire (D = \acc__h16377 [32], Q = \seg_adder_vff_carry_10.arr[2]).
Adding EN signal on $memory\seg_adder_vff_carry_10.arr[1]$5627 ($dff) from module mkQuire (D = \acc__h16377 [32], Q = \seg_adder_vff_carry_10.arr[1]).
Adding EN signal on $memory\seg_adder_vff_carry_10.arr[0]$5625 ($dff) from module mkQuire (D = \acc__h16377 [32], Q = \seg_adder_vff_carry_10.arr[0]).
Adding EN signal on $memory\seg_adder_vff_carry_1.arr[2]$5588 ($dff) from module mkQuire (D = \acc__h11850 [32], Q = \seg_adder_vff_carry_1.arr[2]).
Adding EN signal on $memory\seg_adder_vff_carry_1.arr[1]$5586 ($dff) from module mkQuire (D = \acc__h11850 [32], Q = \seg_adder_vff_carry_1.arr[1]).
Adding EN signal on $memory\seg_adder_vff_carry_1.arr[0]$5584 ($dff) from module mkQuire (D = \acc__h11850 [32], Q = \seg_adder_vff_carry_1.arr[0]).
Adding EN signal on $memory\seg_adder_vff_carry_0.arr[2]$5547 ($dff) from module mkQuire (D = \acc__h9338 [32], Q = \seg_adder_vff_carry_0.arr[2]).
Adding EN signal on $memory\seg_adder_vff_carry_0.arr[1]$5545 ($dff) from module mkQuire (D = \acc__h9338 [32], Q = \seg_adder_vff_carry_0.arr[1]).
Adding EN signal on $memory\seg_adder_vff_carry_0.arr[0]$5543 ($dff) from module mkQuire (D = \acc__h9338 [32], Q = \seg_adder_vff_carry_0.arr[0]).
Setting constant 0-bit at position 0 on $auto$ff.cc:266:slice$4575 ($dffe) from module mkQuire.

14.20.16. Executing OPT_CLEAN pass (remove unused cells and wires).
Finding unused cells or wires in module \mkQuire..
Removed 147 unused cells and 198 unused wires.
<suppressed ~148 debug messages>

14.20.17. Executing OPT_EXPR pass (perform const folding).
Optimizing module mkQuire.
<suppressed ~1 debug messages>

14.20.18. Rerunning OPT passes. (Maybe there is more to do..)

14.20.19. Executing OPT_MUXTREE pass (detect dead branches in mux trees).
Running muxtree optimizer on module \mkQuire..
  Creating internal representation of mux trees.
  Evaluating internal representation of mux trees.
  Analyzing evaluation results.
Removed 0 multiplexer ports.
<suppressed ~359 debug messages>

14.20.20. Executing OPT_REDUCE pass (consolidate $*mux and $reduce_* inputs).
  Optimizing cells in module \mkQuire.
Performed a total of 0 changes.

14.20.21. Executing OPT_MERGE pass (detect identical cells).
Finding identical cells in module `\mkQuire'.
Removed a total of 0 cells.

14.20.22. Executing OPT_SHARE pass.

14.20.23. Executing OPT_DFF pass (perform DFF optimizations).

14.20.24. Executing OPT_CLEAN pass (remove unused cells and wires).
Finding unused cells or wires in module \mkQuire..

14.20.25. Executing OPT_EXPR pass (perform const folding).
Optimizing module mkQuire.

14.20.26. Finished OPT passes. (There is nothing left to do.)

14.21. Executing TECHMAP pass (map to technology primitives).

14.21.1. Executing Verilog-2005 frontend: /usr/bin/../share/yosys/techmap.v
Parsing Verilog input from `/usr/bin/../share/yosys/techmap.v' to AST representation.
Generating RTLIL representation for module `\_90_simplemap_bool_ops'.
Generating RTLIL representation for module `\_90_simplemap_reduce_ops'.
Generating RTLIL representation for module `\_90_simplemap_logic_ops'.
Generating RTLIL representation for module `\_90_simplemap_compare_ops'.
Generating RTLIL representation for module `\_90_simplemap_various'.
Generating RTLIL representation for module `\_90_simplemap_registers'.
Generating RTLIL representation for module `\_90_shift_ops_shr_shl_sshl_sshr'.
Generating RTLIL representation for module `\_90_shift_shiftx'.
Generating RTLIL representation for module `\_90_fa'.
Generating RTLIL representation for module `\_90_lcu'.
Generating RTLIL representation for module `\_90_alu'.
Generating RTLIL representation for module `\_90_macc'.
Generating RTLIL representation for module `\_90_alumacc'.
Generating RTLIL representation for module `\$__div_mod_u'.
Generating RTLIL representation for module `\$__div_mod_trunc'.
Generating RTLIL representation for module `\_90_div'.
Generating RTLIL representation for module `\_90_mod'.
Generating RTLIL representation for module `\$__div_mod_floor'.
Generating RTLIL representation for module `\_90_divfloor'.
Generating RTLIL representation for module `\_90_modfloor'.
Generating RTLIL representation for module `\_90_pow'.
Generating RTLIL representation for module `\_90_pmux'.
Generating RTLIL representation for module `\_90_demux'.
Generating RTLIL representation for module `\_90_lut'.
Successfully finished Verilog frontend.

14.21.2. Continuing TECHMAP pass.
Using extmapper simplemap for cells of type $and.
Using extmapper simplemap for cells of type $mux.
Using extmapper simplemap for cells of type $not.
Using extmapper simplemap for cells of type $sdff.
Using extmapper simplemap for cells of type $dffe.
Using extmapper simplemap for cells of type $logic_not.
Using extmapper simplemap for cells of type $logic_or.
Using extmapper simplemap for cells of type $logic_and.
Using extmapper simplemap for cells of type $reduce_and.
Using extmapper simplemap for cells of type $reduce_bool.
Using extmapper simplemap for cells of type $reduce_or.
Using extmapper simplemap for cells of type $sdffce.
Using extmapper simplemap for cells of type $ne.
Using template $paramod$857150d3a9b7fb38b73bbaa31ff652415e553f98\_90_alu for cells of type $alu.
Using template $paramod$b88c814db3182f0c444e9827cc183ec51bbd865d\_90_alu for cells of type $alu.
Using extmapper simplemap for cells of type $eq.
Using extmapper maccmap for cells of type $macc.
  add { \zero_counter_rg_numZeroSegs 5'00000 } (10 bits, unsigned)
  add \x__h23721 (6 bits, unsigned)
  add 11'11111111111 (11 bits, unsigned)
Using template $paramod$ccf850e03d245b24a3ec7bc4d75de879f619fc7b\_90_alu for cells of type $alu.
Using template $paramod$constmap:970e2fd6eb6a768eb9b5d7ae84b1c814cbc88798$paramod$1aefc358a210cdefda74b77c49d957ce9d79a5fc\_90_shift_ops_shr_shl_sshl_sshr for cells of type $shl.
Using template $paramod$4bff87f89c86fe7fb8a2fc2d582304796a9f90ab\_90_alu for cells of type $alu.
Using template $paramod$b18e16801adf491a64caa0542270798e5d4ac6b6\_90_alu for cells of type $alu.
Using template $paramod$fbc7873bff55778c0b3173955b7e4bce1d9d6834\_90_alu for cells of type $alu.
Using template $paramod$2f5fb04daf2da94d981bf9455fa4454c6ec8b705\_90_alu for cells of type $alu.
Using template $paramod$175e67c02b86e96b1288b9dc100122520d7240d8\_90_alu for cells of type $alu.
Using template $paramod$constmap:5c461f3986ff6d9ef58c5e33490735065370b4f9$paramod$1420e08584ffa1b82eea24920bb70d9d14c59a9e\_90_shift_ops_shr_shl_sshl_sshr for cells of type $shl.
Using template $paramod$constmap:5c461f3986ff6d9ef58c5e33490735065370b4f9$paramod$1daac8ba812670566db9bd9bbf55855ff539e6de\_90_shift_ops_shr_shl_sshl_sshr for cells of type $shr.
Using extmapper simplemap for cells of type $or.
Using template $paramod$8fabc56b80a569262acfc42757a02ca0b8e91278\_90_pmux for cells of type $pmux.
Using extmapper simplemap for cells of type $sdffe.
Using template $paramod$5bb6c3f3e4a5303115f41a182fad517280ea0b25\_90_alu for cells of type $alu.
Using template $paramod$6a42b6fefed750f8a1c58eab59479d960557103c\_90_alu for cells of type $alu.
Using template $paramod$c6885379b74fbbf6906b35106e386e521d86cbb2\_90_alu for cells of type $alu.
Using template $paramod$788c3d57e5abb3a3f89aea6d4acd665be37f4e9b\_90_alu for cells of type $alu.
Using extmapper simplemap for cells of type $xor.
Using template $paramod\_90_lcu\WIDTH=32'00000000000000000000000000100001 for cells of type $lcu.
Using extmapper simplemap for cells of type $pos.
Using template $paramod\_90_lcu\WIDTH=32'00000000000000000000000000001011 for cells of type $lcu.
Using template $paramod\_90_fa\WIDTH=32'00000000000000000000000000001011 for cells of type $fa.
Using template $paramod$ec32b97001540459632a2df9accd677d3703ea0f\_90_alu for cells of type $alu.
Using template $paramod\_90_lcu\WIDTH=32'00000000000000000000000001100100 for cells of type $lcu.
Using template $paramod\_90_lcu\WIDTH=32'00000000000000000000000000000101 for cells of type $lcu.
Using template $paramod\_90_lcu\WIDTH=32'00000000000000000000000000100000 for cells of type $lcu.
Using template $paramod\_90_lcu\WIDTH=32'00000000000000000000000000000010 for cells of type $lcu.
Using template $paramod\_90_lcu\WIDTH=32'00000000000000000000000000000110 for cells of type $lcu.
Using template $paramod\_90_lcu\WIDTH=32'00000000000000000000000000011001 for cells of type $lcu.
Using template $paramod\_90_lcu\WIDTH=32'00000000000000000000000000011111 for cells of type $lcu.
No more expansions possible.
<suppressed ~70974 debug messages>

14.22. Executing OPT pass (performing simple optimizations).

14.22.1. Executing OPT_EXPR pass (perform const folding).
Optimizing module mkQuire.
<suppressed ~24080 debug messages>

14.22.2. Executing OPT_MERGE pass (detect identical cells).
Finding identical cells in module `\mkQuire'.
<suppressed ~7614 debug messages>
Removed a total of 2538 cells.

14.22.3. Executing OPT_DFF pass (perform DFF optimizations).

14.22.4. Executing OPT_CLEAN pass (remove unused cells and wires).
Finding unused cells or wires in module \mkQuire..
Removed 1046 unused cells and 18359 unused wires.
<suppressed ~1047 debug messages>

14.22.5. Finished fast OPT passes.

14.23. Executing ABC pass (technology mapping using ABC).

14.23.1. Extracting gate netlist of module `\mkQuire' to `<abc-temp-dir>/input.blif'..
Extracted 50678 gates and 55993 wires to a netlist network with 5313 inputs and 3451 outputs.

14.23.1.1. Executing ABC.
Running ABC command: "<yosys-exe-dir>/yosys-abc" -s -f <abc-temp-dir>/abc.script 2>&1
ABC: ABC command line: "source <abc-temp-dir>/abc.script".
ABC: 
ABC: + read_blif <abc-temp-dir>/input.blif 
ABC: + read_library <abc-temp-dir>/stdcells.genlib 
ABC: Entered genlib library with 13 gates from file "<abc-temp-dir>/stdcells.genlib".
ABC: + strash 
ABC: + dretime 
ABC: + map 
ABC: + write_blif <abc-temp-dir>/output.blif 

14.23.1.2. Re-integrating ABC results.
ABC RESULTS:               MUX cells:    18725
ABC RESULTS:               NOT cells:     3615
ABC RESULTS:               AND cells:      493
ABC RESULTS:              XNOR cells:      916
ABC RESULTS:               XOR cells:     3382
ABC RESULTS:             ORNOT cells:      727
ABC RESULTS:              NAND cells:     1673
ABC RESULTS:            ANDNOT cells:     6874
ABC RESULTS:                OR cells:     9720
ABC RESULTS:               NOR cells:     2099
ABC RESULTS:        internal signals:    47229
ABC RESULTS:           input signals:     5313
ABC RESULTS:          output signals:     3451
Removing temp directory.

14.24. Executing OPT pass (performing simple optimizations).

14.24.1. Executing OPT_EXPR pass (perform const folding).
Optimizing module mkQuire.
<suppressed ~4062 debug messages>

14.24.2. Executing OPT_MERGE pass (detect identical cells).
Finding identical cells in module `\mkQuire'.
<suppressed ~243 debug messages>
Removed a total of 81 cells.

14.24.3. Executing OPT_DFF pass (perform DFF optimizations).

14.24.4. Executing OPT_CLEAN pass (remove unused cells and wires).
Finding unused cells or wires in module \mkQuire..
Removed 37 unused cells and 16517 unused wires.
<suppressed ~204 debug messages>

14.24.5. Finished fast OPT passes.

14.25. Executing HIERARCHY pass (managing design hierarchy).

14.25.1. Analyzing design hierarchy..
Top module:  \mkQuire

14.25.2. Analyzing design hierarchy..
Top module:  \mkQuire
Removed 0 unused modules.

14.26. Printing statistics.

=== mkQuire ===

   Number of wires:              48079
   Number of wire bits:          79557
   Number of public wires:        1888
   Number of public wire bits:   33317
   Number of memories:               0
   Number of memory bits:            0
   Number of processes:              0
   Number of cells:              52646
     $_ANDNOT_                    6825
     $_AND_                        493
     $_DFFE_PP_                   3225
     $_MUX_                      18725
     $_NAND_                      1657
     $_NOR_                       2089
     $_NOT_                       3578
     $_ORNOT_                      725
     $_OR_                        9716
     $_SDFFCE_PP0P_                 38
     $_SDFFCE_PP1P_                  1
     $_SDFFE_PN0N_                  98
     $_SDFFE_PN0P_                 956
     $_SDFFE_PN1P_                 124
     $_SDFF_PN0_                    98
     $_XNOR_                       916
     $_XOR_                       3382

14.27. Executing CHECK pass (checking for obvious problems).
Checking module mkQuire...
Found and reported 0 problems.

15. Executing DFFLIBMAP pass (mapping DFF cells to sequential cells from liberty file).
  cell DFF_P (noninv, pins=3, area=0.00) is a direct match for cell type $_DFF_P_.
  cell DFF_PP0 (noninv, pins=4, area=0.00) is a direct match for cell type $_DFF_PN0_.
  final dff cell mappings:
    unmapped dff cell: $_DFF_N_
    \DFF_P _DFF_P_ (.C( C), .D( D), .Q( Q));
    unmapped dff cell: $_DFF_NN0_
    unmapped dff cell: $_DFF_NN1_
    unmapped dff cell: $_DFF_NP0_
    unmapped dff cell: $_DFF_NP1_
    \DFF_PP0 _DFF_PN0_ (.C( C), .D( D), .Q( Q), .R( R));
    unmapped dff cell: $_DFF_PN1_
    unmapped dff cell: $_DFF_PP0_
    unmapped dff cell: $_DFF_PP1_
    unmapped dff cell: $_DFFSR_NNN_
    unmapped dff cell: $_DFFSR_NNP_
    unmapped dff cell: $_DFFSR_NPN_
    unmapped dff cell: $_DFFSR_NPP_
    unmapped dff cell: $_DFFSR_PNN_
    unmapped dff cell: $_DFFSR_PNP_
    unmapped dff cell: $_DFFSR_PPN_
    unmapped dff cell: $_DFFSR_PPP_

15.1. Executing DFFLEGALIZE pass (convert FFs to types supported by the target).
Mapping DFF cells in module `\mkQuire':
  mapped 4540 $_DFF_P_ cells to \DFF_P cells.

16. Executing ABC pass (technology mapping using ABC).

16.1. Extracting gate netlist of module `\mkQuire' to `<abc-temp-dir>/input.blif'..
Extracted 53863 gates and 59219 wires to a netlist network with 5354 inputs and 4543 outputs.

16.1.1. Executing ABC.
Running ABC command: "<yosys-exe-dir>/yosys-abc" -s -f <abc-temp-dir>/abc.script 2>&1
ABC: ABC command line: "source <abc-temp-dir>/abc.script".
ABC: 
ABC: + read_blif <abc-temp-dir>/input.blif 
ABC: + read_lib -w /teamspace/studios/this_studio/Melodica-Integration-into-Fife-Core/generic45nm_fixed.lib 
ABC: Parsing finished successfully.  Parsing time =     0.00 sec
ABC: Scl_LibertyReadGenlib() skipped sequential cell "DFF_P".
ABC: Scl_LibertyReadGenlib() skipped sequential cell "DFF_PP0".
ABC: Scl_LibertyReadGenlib() skipped sequential cell "DFFE_PP".
ABC: Library "generic45nm" from "/teamspace/studios/this_studio/Melodica-Integration-into-Fife-Core/generic45nm_fixed.lib" has 11 cells (3 skipped: 3 seq; 0 tri-state; 0 no func; 0 dont_use).  Time =     0.00 sec
ABC: Memory =    0.04 MB. Time =     0.00 sec
ABC: + read_lib /teamspace/studios/this_studio/Melodica-Integration-into-Fife-Core/generic45nm_fixed.lib 
ABC: Library "generic45nm" from "/teamspace/studios/this_studio/Melodica-Integration-into-Fife-Core/generic45nm_fixed.lib" has 11 cells (3 skipped: 3 seq; 0 tri-state; 0 no func; 0 dont_use).  Time =     0.00 sec
ABC: + strash 
ABC: + dch 
ABC: + map 
ABC: + topo 
ABC: + buffer 
ABC: + upsize 
ABC: + dnsize 
ABC: + stime -p 
ABC: WireLoad = "none"  Gates =  52057 ( 11.1 %)   Cap =  0.0 ff (  0.0 %)   Area =    52057.00 (100.0 %)   Delay =   892.00 ps  (  5.4 %)               
ABC: Path  0 --    2299 : 0    3 pi      A =   0.00  Df =   0.0   -0.0 ps  S =   0.0 ps  Cin =  0.0 ff  Cout =   0.0 ff  Cmax =   0.0 ff  G =    0  
ABC: Path  1 --   40250 : 2    2 XOR2    A =   1.00  Df =  28.0   -0.0 ps  S =   6.0 ps  Cin =  0.0 ff  Cout =   0.0 ff  Cmax =   0.0 ff  G =-2147483648  
ABC: Path  2 --   40275 : 2    1 NAND2   A =   1.00  Df =  45.0   -3.0 ps  S =   5.0 ps  Cin =  0.0 ff  Cout =   0.0 ff  Cmax =   0.0 ff  G =-2147483648  
ABC: Path  3 --   40277 : 2    2 NAND2   A =   1.00  Df =  62.0   -3.0 ps  S =   5.0 ps  Cin =  0.0 ff  Cout =   0.0 ff  Cmax =   0.0 ff  G =-2147483648  
ABC: Path  4 --   40418 : 2    1 NAND2   A =   1.00  Df =  79.0   -3.0 ps  S =   5.0 ps  Cin =  0.0 ff  Cout =   0.0 ff  Cmax =   0.0 ff  G =-2147483648  
ABC: Path  5 --   40420 : 2    2 NAND2   A =   1.00  Df =  96.0   -3.0 ps  S =   5.0 ps  Cin =  0.0 ff  Cout =   0.0 ff  Cmax =   0.0 ff  G =-2147483648  
ABC: Path  6 --   40444 : 2    1 NAND2   A =   1.00  Df = 113.0   -3.0 ps  S =   5.0 ps  Cin =  0.0 ff  Cout =   0.0 ff  Cmax =   0.0 ff  G =-2147483648  
ABC: Path  7 --   40446 : 2    2 NAND2   A =   1.00  Df = 130.0   -3.0 ps  S =   5.0 ps  Cin =  0.0 ff  Cout =   0.0 ff  Cmax =   0.0 ff  G =-2147483648  
ABC: Path  8 --   40468 : 2    1 NAND2   A =   1.00  Df = 147.0   -3.0 ps  S =   5.0 ps  Cin =  0.0 ff  Cout =   0.0 ff  Cmax =   0.0 ff  G =-2147483648  
ABC: Path  9 --   40470 : 2    2 NAND2   A =   1.00  Df = 164.0   -3.0 ps  S =   5.0 ps  Cin =  0.0 ff  Cout =   0.0 ff  Cmax =   0.0 ff  G =-2147483648  
ABC: Path 10 --   40492 : 2    1 NAND2   A =   1.00  Df = 181.0   -3.0 ps  S =   5.0 ps  Cin =  0.0 ff  Cout =   0.0 ff  Cmax =   0.0 ff  G =-2147483648  
ABC: Path 11 --   40494 : 2    2 NAND2   A =   1.00  Df = 198.0   -3.0 ps  S =   5.0 ps  Cin =  0.0 ff  Cout =   0.0 ff  Cmax =   0.0 ff  G =-2147483648  
ABC: Path 12 --   40516 : 2    1 NAND2   A =   1.00  Df = 215.0   -3.0 ps  S =   5.0 ps  Cin =  0.0 ff  Cout =   0.0 ff  Cmax =   0.0 ff  G =-2147483648  
ABC: Path 13 --   40518 : 2    2 NAND2   A =   1.00  Df = 232.0   -3.0 ps  S =   5.0 ps  Cin =  0.0 ff  Cout =   0.0 ff  Cmax =   0.0 ff  G =-2147483648  
ABC: Path 14 --   40539 : 2    1 NAND2   A =   1.00  Df = 249.0   -3.0 ps  S =   5.0 ps  Cin =  0.0 ff  Cout =   0.0 ff  Cmax =   0.0 ff  G =-2147483648  
ABC: Path 15 --   40541 : 2    2 NAND2   A =   1.00  Df = 266.0   -3.0 ps  S =   5.0 ps  Cin =  0.0 ff  Cout =   0.0 ff  Cmax =   0.0 ff  G =-2147483648  
ABC: Path 16 --   40564 : 2    1 NAND2   A =   1.00  Df = 283.0   -3.0 ps  S =   5.0 ps  Cin =  0.0 ff  Cout =   0.0 ff  Cmax =   0.0 ff  G =-2147483648  
ABC: Path 17 --   40566 : 2    2 NAND2   A =   1.00  Df = 300.0   -3.0 ps  S =   5.0 ps  Cin =  0.0 ff  Cout =   0.0 ff  Cmax =   0.0 ff  G =-2147483648  
ABC: Path 18 --   40587 : 2    1 NAND2   A =   1.00  Df = 317.0   -3.0 ps  S =   5.0 ps  Cin =  0.0 ff  Cout =   0.0 ff  Cmax =   0.0 ff  G =-2147483648  
ABC: Path 19 --   40589 : 2    2 NAND2   A =   1.00  Df = 334.0   -3.0 ps  S =   5.0 ps  Cin =  0.0 ff  Cout =   0.0 ff  Cmax =   0.0 ff  G =-2147483648  
ABC: Path 20 --   40610 : 2    1 NAND2   A =   1.00  Df = 351.0   -3.0 ps  S =   5.0 ps  Cin =  0.0 ff  Cout =   0.0 ff  Cmax =   0.0 ff  G =-2147483648  
ABC: Path 21 --   40612 : 2    2 NAND2   A =   1.00  Df = 368.0   -3.0 ps  S =   5.0 ps  Cin =  0.0 ff  Cout =   0.0 ff  Cmax =   0.0 ff  G =-2147483648  
ABC: Path 22 --   40634 : 2    1 NAND2   A =   1.00  Df = 385.0   -3.0 ps  S =   5.0 ps  Cin =  0.0 ff  Cout =   0.0 ff  Cmax =   0.0 ff  G =-2147483648  
ABC: Path 23 --   40636 : 2    2 NAND2   A =   1.00  Df = 402.0   -3.0 ps  S =   5.0 ps  Cin =  0.0 ff  Cout =   0.0 ff  Cmax =   0.0 ff  G =-2147483648  
ABC: Path 24 --   40658 : 2    1 NAND2   A =   1.00  Df = 419.0   -3.0 ps  S =   5.0 ps  Cin =  0.0 ff  Cout =   0.0 ff  Cmax =   0.0 ff  G =-2147483648  
ABC: Path 25 --   40660 : 2    2 NAND2   A =   1.00  Df = 436.0   -3.0 ps  S =   5.0 ps  Cin =  0.0 ff  Cout =   0.0 ff  Cmax =   0.0 ff  G =-2147483648  
ABC: Path 26 --   40681 : 2    1 NAND2   A =   1.00  Df = 453.0   -3.0 ps  S =   5.0 ps  Cin =  0.0 ff  Cout =   0.0 ff  Cmax =   0.0 ff  G =-2147483648  
ABC: Path 27 --   40683 : 2    2 NAND2   A =   1.00  Df = 470.0   -3.0 ps  S =   5.0 ps  Cin =  0.0 ff  Cout =   0.0 ff  Cmax =   0.0 ff  G =-2147483648  
ABC: Path 28 --   40704 : 2    1 NAND2   A =   1.00  Df = 487.0   -3.0 ps  S =   5.0 ps  Cin =  0.0 ff  Cout =   0.0 ff  Cmax =   0.0 ff  G =-2147483648  
ABC: Path 29 --   40706 : 2    2 NAND2   A =   1.00  Df = 504.0   -3.0 ps  S =   5.0 ps  Cin =  0.0 ff  Cout =   0.0 ff  Cmax =   0.0 ff  G =-2147483648  
ABC: Path 30 --   40726 : 2    1 NAND2   A =   1.00  Df = 521.0   -3.0 ps  S =   5.0 ps  Cin =  0.0 ff  Cout =   0.0 ff  Cmax =   0.0 ff  G =-2147483648  
ABC: Path 31 --   40728 : 2    2 NAND2   A =   1.00  Df = 538.0   -3.0 ps  S =   5.0 ps  Cin =  0.0 ff  Cout =   0.0 ff  Cmax =   0.0 ff  G =-2147483648  
ABC: Path 32 --   40749 : 2    1 NAND2   A =   1.00  Df = 555.0   -3.0 ps  S =   5.0 ps  Cin =  0.0 ff  Cout =   0.0 ff  Cmax =   0.0 ff  G =-2147483648  
ABC: Path 33 --   40751 : 2    3 NAND2   A =   1.00  Df = 572.0   -3.0 ps  S =   5.0 ps  Cin =  0.0 ff  Cout =   0.0 ff  Cmax =   0.0 ff  G =-2147483648  
ABC: Path 34 --   40799 : 2    1 NAND2   A =   1.00  Df = 589.0   -3.0 ps  S =   5.0 ps  Cin =  0.0 ff  Cout =   0.0 ff  Cmax =   0.0 ff  G =-2147483648  
ABC: Path 35 --   40803 : 2    3 NAND2   A =   1.00  Df = 606.0   -3.0 ps  S =   5.0 ps  Cin =  0.0 ff  Cout =   0.0 ff  Cmax =   0.0 ff  G =-2147483648  
ABC: Path 36 --   40852 : 2    1 NAND2   A =   1.00  Df = 623.0   -3.0 ps  S =   5.0 ps  Cin =  0.0 ff  Cout =   0.0 ff  Cmax =   0.0 ff  G =-2147483648  
ABC: Path 37 --   40856 : 2    4 NAND2   A =   1.00  Df = 640.0   -3.0 ps  S =   5.0 ps  Cin =  0.0 ff  Cout =   0.0 ff  Cmax =   0.0 ff  G =-2147483648  
ABC: Path 38 --   40950 : 2    1 NAND2   A =   1.00  Df = 657.0   -3.0 ps  S =   5.0 ps  Cin =  0.0 ff  Cout =   0.0 ff  Cmax =   0.0 ff  G =-2147483648  
ABC: Path 39 --   40956 : 2    4 NAND2   A =   1.00  Df = 674.0   -3.0 ps  S =   5.0 ps  Cin =  0.0 ff  Cout =   0.0 ff  Cmax =   0.0 ff  G =-2147483648  
ABC: Path 40 --   41058 : 2    1 NAND2   A =   1.00  Df = 691.0   -3.0 ps  S =   5.0 ps  Cin =  0.0 ff  Cout =   0.0 ff  Cmax =   0.0 ff  G =-2147483648  
ABC: Path 41 --   41059 : 2    3 NAND2   A =   1.00  Df = 708.0   -3.0 ps  S =   5.0 ps  Cin =  0.0 ff  Cout =   0.0 ff  Cmax =   0.0 ff  G =-2147483648  
ABC: Path 42 --   41095 : 2    1 NAND2   A =   1.00  Df = 725.0   -3.0 ps  S =   5.0 ps  Cin =  0.0 ff  Cout =   0.0 ff  Cmax =   0.0 ff  G =-2147483648  
ABC: Path 43 --   41097 : 2    1 ANDNOT2 A =   1.00  Df = 743.0   -2.0 ps  S =   5.0 ps  Cin =  0.0 ff  Cout =   0.0 ff  Cmax =   0.0 ff  G =-2147483648  
ABC: Path 44 --   41098 : 2    2 XNOR2   A =   1.00  Df = 771.0   -0.0 ps  S =   6.0 ps  Cin =  0.0 ff  Cout =   0.0 ff  Cmax =   0.0 ff  G =-2147483648  
ABC: Path 45 --   52522 : 2    1 NOR2    A =   1.00  Df = 788.0   -3.0 ps  S =   5.0 ps  Cin =  0.0 ff  Cout =   0.0 ff  Cmax =   0.0 ff  G =-2147483648  
ABC: Path 46 --   52524 : 2    1 NAND2   A =   1.00  Df = 805.0   -3.0 ps  S =   5.0 ps  Cin =  0.0 ff  Cout =   0.0 ff  Cmax =   0.0 ff  G =-2147483648  
ABC: Path 47 --   52552 : 2    1 NOR2    A =   1.00  Df = 822.0   -3.0 ps  S =   5.0 ps  Cin =  0.0 ff  Cout =   0.0 ff  Cmax =   0.0 ff  G =-2147483648  
ABC: Path 48 --   52553 : 2    1 ORNOT2  A =   1.00  Df = 841.0   -2.0 ps  S =   5.0 ps  Cin =  0.0 ff  Cout =   0.0 ff  Cmax =   0.0 ff  G =-2147483648  
ABC: Path 49 --   52590 : 2    1 NAND2   A =   1.00  Df = 858.0   -3.0 ps  S =   5.0 ps  Cin =  0.0 ff  Cout =   0.0 ff  Cmax =   0.0 ff  G =-2147483648  
ABC: Path 50 --   52592 : 2    1 NAND2   A =   1.00  Df = 875.0   -3.0 ps  S =   5.0 ps  Cin =  0.0 ff  Cout =   0.0 ff  Cmax =   0.0 ff  G =-2147483648  
ABC: Path 51 --   52593 : 2    1 NAND2   A =   1.00  Df = 892.0   -3.0 ps  S =   5.0 ps  Cin =  0.0 ff  Cout =   0.0 ff  Cmax =   0.0 ff  G =-2147483648  
ABC: Start-point = pi2298 (\seg_adder_vff_in_17.D_OUT [0]).  End-point = po1803 ($auto$rtlil.cc:2609:MuxGate$196029).
ABC: + print_stats -t 
ABC: netlist                       : i/o = 5354/ 4543  lat =    0  nd = 52057  edge = 116437  area =52057.00  delay =771.00  lev = 53
ABC: elapse: 30.97 seconds, total: 30.97 seconds
ABC: + write_blif <abc-temp-dir>/output.blif 

16.1.2. Re-integrating ABC results.
ABC RESULTS:              AND2 cells:     1310
ABC RESULTS:               OR2 cells:     1039
ABC RESULTS:              XOR2 cells:     3202
ABC RESULTS:            ORNOT2 cells:      762
ABC RESULTS:             XNOR2 cells:      882
ABC RESULTS:              NOR2 cells:     4968
ABC RESULTS:              NOT1 cells:     3916
ABC RESULTS:           ANDNOT2 cells:     5824
ABC RESULTS:             NAND2 cells:    10241
ABC RESULTS:              BUF1 cells:     1837
ABC RESULTS:              MUX2 cells:    18076
ABC RESULTS:        internal signals:    49322
ABC RESULTS:           input signals:     5354
ABC RESULTS:          output signals:     4543
Removing temp directory.

17. Printing statistics.

=== mkQuire ===

   Number of wires:             111247
   Number of wire bits:         142725
   Number of public wires:        1888
   Number of public wire bits:   33317
   Number of memories:               0
   Number of memory bits:            0
   Number of processes:              0
   Number of cells:              56597
     AND2                         1310
     ANDNOT2                      5824
     BUF1                         1837
     DFF_P                        4540
     MUX2                        18076
     NAND2                       10241
     NOR2                         4968
     NOT1                         3916
     OR2                          1039
     ORNOT2                        762
     XNOR2                         882
     XOR2                         3202

Warnings: 2 unique messages, 2 total
End of script. Logfile hash: a877fd7d01, CPU: user 41.51s system 0.37s, MEM: 549.41 MB peak
Yosys 0.33 (git sha1 2584903a060)
Time spent: 48% 2x abc (37 sec), 14% 43x opt_expr (11 sec), ...
