
 /----------------------------------------------------------------------------\
 |                                                                            |
 |  yosys -- Yosys Open SYnthesis Suite                                       |
 |                                                                            |
 |  Copyright (C) 2012 - 2020  Claire Xenia Wolf <claire@yosyshq.com>         |
 |                                                                            |
 |  Permission to use, copy, modify, and/or distribute this software for any  |
 |  purpose with or without fee is hereby granted, provided that the above    |
 |  copyright notice and this permission notice appear in all copies.         |
 |                                                                            |
 |  THE SOFTWARE IS PROVIDED "AS IS" AND THE AUTHOR DISCLAIMS ALL WARRANTIES  |
 |  WITH REGARD TO THIS SOFTWARE INCLUDING ALL IMPLIED WARRANTIES OF          |
 |  MERCHANTABILITY AND FITNESS. IN NO EVENT SHALL THE AUTHOR BE LIABLE FOR   |
 |  ANY SPECIAL, DIRECT, INDIRECT, OR CONSEQUENTIAL DAMAGES OR ANY DAMAGES    |
 |  WHATSOEVER RESULTING FROM LOSS OF USE, DATA OR PROFITS, WHETHER IN AN     |
 |  ACTION OF CONTRACT, NEGLIGENCE OR OTHER TORTIOUS ACTION, ARISING OUT OF   |
 |  OR IN CONNECTION WITH THE USE OR PERFORMANCE OF THIS SOFTWARE.            |
 |                                                                            |
 \----------------------------------------------------------------------------/

 Yosys 0.33 (git sha1 2584903a060)


-- Executing script file `/teamspace/studios/this_studio/Melodica-Integration-into-Fife-Core/synth_script_mkQuire_es3_bposit.ys' --

1. Executing Verilog-2005 frontend: /teamspace/studios/this_studio/Melodica-Integration-into-Fife-Core/bsc/lib/Verilog/FIFO1.v
Parsing Verilog input from `/teamspace/studios/this_studio/Melodica-Integration-into-Fife-Core/bsc/lib/Verilog/FIFO1.v' to AST representation.
Warning: Encountered `translate_off' comment! Such legacy hot comments are supported by Yosys, but are not part of any formal language specification. Using a portable and standards-compliant construct such as `ifdef is recommended!
Generating RTLIL representation for module `\FIFO1'.
Successfully finished Verilog frontend.

2. Executing Verilog-2005 frontend: /teamspace/studios/this_studio/Melodica-Integration-into-Fife-Core/bsc/lib/Verilog/FIFO2.v
Parsing Verilog input from `/teamspace/studios/this_studio/Melodica-Integration-into-Fife-Core/bsc/lib/Verilog/FIFO2.v' to AST representation.
Generating RTLIL representation for module `\FIFO2'.
Successfully finished Verilog frontend.

3. Executing Verilog-2005 frontend: /teamspace/studios/this_studio/Melodica-Integration-into-Fife-Core/bsc/lib/Verilog/SizedFIFO.v
Parsing Verilog input from `/teamspace/studios/this_studio/Melodica-Integration-into-Fife-Core/bsc/lib/Verilog/SizedFIFO.v' to AST representation.
Generating RTLIL representation for module `\SizedFIFO'.
Successfully finished Verilog frontend.

4. Executing Verilog-2005 frontend: /teamspace/studios/this_studio/Melodica-Integration-into-Fife-Core/bsc/lib/Verilog/RegFile.v
Parsing Verilog input from `/teamspace/studios/this_studio/Melodica-Integration-into-Fife-Core/bsc/lib/Verilog/RegFile.v' to AST representation.
Generating RTLIL representation for module `\RegFile'.
Successfully finished Verilog frontend.

5. Executing Verilog-2005 frontend: /teamspace/studios/this_studio/Melodica-Integration-into-Fife-Core/Learn_Bluespec_and_RISCV_Design/Code/Build/Fife/verilog/module_fn_twosC_quire.v
Parsing Verilog input from `/teamspace/studios/this_studio/Melodica-Integration-into-Fife-Core/Learn_Bluespec_and_RISCV_Design/Code/Build/Fife/verilog/module_fn_twosC_quire.v' to AST representation.
Generating RTLIL representation for module `\module_fn_twosC_quire'.
Successfully finished Verilog frontend.

6. Executing Verilog-2005 frontend: /teamspace/studios/this_studio/Melodica-Integration-into-Fife-Core/Learn_Bluespec_and_RISCV_Design/Code/Build/Fife/verilog/mkQuire.v
Parsing Verilog input from `/teamspace/studios/this_studio/Melodica-Integration-into-Fife-Core/Learn_Bluespec_and_RISCV_Design/Code/Build/Fife/verilog/mkQuire.v' to AST representation.
Warning: Encountered `parallel_case' comment! Such legacy hot comments are supported by Yosys, but are not part of any formal language specification. Using the Verilog `parallel_case' attribute or the SystemVerilog `unique' or `priority' keywords is recommended!
Generating RTLIL representation for module `\mkQuire'.
Note: Assuming pure combinatorial block at /teamspace/studios/this_studio/Melodica-Integration-into-Fife-Core/Learn_Bluespec_and_RISCV_Design/Code/Build/Fife/verilog/mkQuire.v:858.3-872.6 in
compliance with IEC 62142(E):2005 / IEEE Std. 1364.1(E):2002. Recommending
use of @* instead of @(...) for better match of synthesis and simulation.
Note: Assuming pure combinatorial block at /teamspace/studios/this_studio/Melodica-Integration-into-Fife-Core/Learn_Bluespec_and_RISCV_Design/Code/Build/Fife/verilog/mkQuire.v:881.3-896.6 in
compliance with IEC 62142(E):2005 / IEEE Std. 1364.1(E):2002. Recommending
use of @* instead of @(...) for better match of synthesis and simulation.
Note: Assuming pure combinatorial block at /teamspace/studios/this_studio/Melodica-Integration-into-Fife-Core/Learn_Bluespec_and_RISCV_Design/Code/Build/Fife/verilog/mkQuire.v:905.3-921.6 in
compliance with IEC 62142(E):2005 / IEEE Std. 1364.1(E):2002. Recommending
use of @* instead of @(...) for better match of synthesis and simulation.
Note: Assuming pure combinatorial block at /teamspace/studios/this_studio/Melodica-Integration-into-Fife-Core/Learn_Bluespec_and_RISCV_Design/Code/Build/Fife/verilog/mkQuire.v:930.3-946.6 in
compliance with IEC 62142(E):2005 / IEEE Std. 1364.1(E):2002. Recommending
use of @* instead of @(...) for better match of synthesis and simulation.
Note: Assuming pure combinatorial block at /teamspace/studios/this_studio/Melodica-Integration-into-Fife-Core/Learn_Bluespec_and_RISCV_Design/Code/Build/Fife/verilog/mkQuire.v:955.3-971.6 in
compliance with IEC 62142(E):2005 / IEEE Std. 1364.1(E):2002. Recommending
use of @* instead of @(...) for better match of synthesis and simulation.
Note: Assuming pure combinatorial block at /teamspace/studios/this_studio/Melodica-Integration-into-Fife-Core/Learn_Bluespec_and_RISCV_Design/Code/Build/Fife/verilog/mkQuire.v:980.3-996.6 in
compliance with IEC 62142(E):2005 / IEEE Std. 1364.1(E):2002. Recommending
use of @* instead of @(...) for better match of synthesis and simulation.
Note: Assuming pure combinatorial block at /teamspace/studios/this_studio/Melodica-Integration-into-Fife-Core/Learn_Bluespec_and_RISCV_Design/Code/Build/Fife/verilog/mkQuire.v:1005.3-1021.6 in
compliance with IEC 62142(E):2005 / IEEE Std. 1364.1(E):2002. Recommending
use of @* instead of @(...) for better match of synthesis and simulation.
Note: Assuming pure combinatorial block at /teamspace/studios/this_studio/Melodica-Integration-into-Fife-Core/Learn_Bluespec_and_RISCV_Design/Code/Build/Fife/verilog/mkQuire.v:1030.3-1046.10 in
compliance with IEC 62142(E):2005 / IEEE Std. 1364.1(E):2002. Recommending
use of @* instead of @(...) for better match of synthesis and simulation.
Note: Assuming pure combinatorial block at /teamspace/studios/this_studio/Melodica-Integration-into-Fife-Core/Learn_Bluespec_and_RISCV_Design/Code/Build/Fife/verilog/mkQuire.v:1056.3-1072.10 in
compliance with IEC 62142(E):2005 / IEEE Std. 1364.1(E):2002. Recommending
use of @* instead of @(...) for better match of synthesis and simulation.
Note: Assuming pure combinatorial block at /teamspace/studios/this_studio/Melodica-Integration-into-Fife-Core/Learn_Bluespec_and_RISCV_Design/Code/Build/Fife/verilog/mkQuire.v:1082.3-1098.10 in
compliance with IEC 62142(E):2005 / IEEE Std. 1364.1(E):2002. Recommending
use of @* instead of @(...) for better match of synthesis and simulation.
Note: Assuming pure combinatorial block at /teamspace/studios/this_studio/Melodica-Integration-into-Fife-Core/Learn_Bluespec_and_RISCV_Design/Code/Build/Fife/verilog/mkQuire.v:1108.3-1124.10 in
compliance with IEC 62142(E):2005 / IEEE Std. 1364.1(E):2002. Recommending
use of @* instead of @(...) for better match of synthesis and simulation.
Note: Assuming pure combinatorial block at /teamspace/studios/this_studio/Melodica-Integration-into-Fife-Core/Learn_Bluespec_and_RISCV_Design/Code/Build/Fife/verilog/mkQuire.v:1134.3-1150.10 in
compliance with IEC 62142(E):2005 / IEEE Std. 1364.1(E):2002. Recommending
use of @* instead of @(...) for better match of synthesis and simulation.
Note: Assuming pure combinatorial block at /teamspace/studios/this_studio/Melodica-Integration-into-Fife-Core/Learn_Bluespec_and_RISCV_Design/Code/Build/Fife/verilog/mkQuire.v:1160.3-1176.10 in
compliance with IEC 62142(E):2005 / IEEE Std. 1364.1(E):2002. Recommending
use of @* instead of @(...) for better match of synthesis and simulation.
Note: Assuming pure combinatorial block at /teamspace/studios/this_studio/Melodica-Integration-into-Fife-Core/Learn_Bluespec_and_RISCV_Design/Code/Build/Fife/verilog/mkQuire.v:1186.3-1199.10 in
compliance with IEC 62142(E):2005 / IEEE Std. 1364.1(E):2002. Recommending
use of @* instead of @(...) for better match of synthesis and simulation.
Successfully finished Verilog frontend.

7. Executing Verilog-2005 frontend: /teamspace/studios/this_studio/Melodica-Integration-into-Fife-Core/Learn_Bluespec_and_RISCV_Design/Code/Build/Fife/verilog/mkMultiplier.v
Parsing Verilog input from `/teamspace/studios/this_studio/Melodica-Integration-into-Fife-Core/Learn_Bluespec_and_RISCV_Design/Code/Build/Fife/verilog/mkMultiplier.v' to AST representation.
Generating RTLIL representation for module `\mkMultiplier'.
Successfully finished Verilog frontend.

8. Executing Verilog-2005 frontend: /teamspace/studios/this_studio/Melodica-Integration-into-Fife-Core/Learn_Bluespec_and_RISCV_Design/Code/Build/Fife/verilog/mkNormalizer.v
Parsing Verilog input from `/teamspace/studios/this_studio/Melodica-Integration-into-Fife-Core/Learn_Bluespec_and_RISCV_Design/Code/Build/Fife/verilog/mkNormalizer.v' to AST representation.
Generating RTLIL representation for module `\mkNormalizer'.
Note: Assuming pure combinatorial block at /teamspace/studios/this_studio/Melodica-Integration-into-Fife-Core/Learn_Bluespec_and_RISCV_Design/Code/Build/Fife/verilog/mkNormalizer.v:157.3-170.6 in
compliance with IEC 62142(E):2005 / IEEE Std. 1364.1(E):2002. Recommending
use of @* instead of @(...) for better match of synthesis and simulation.
Note: Assuming pure combinatorial block at /teamspace/studios/this_studio/Melodica-Integration-into-Fife-Core/Learn_Bluespec_and_RISCV_Design/Code/Build/Fife/verilog/mkNormalizer.v:171.3-192.6 in
compliance with IEC 62142(E):2005 / IEEE Std. 1364.1(E):2002. Recommending
use of @* instead of @(...) for better match of synthesis and simulation.
Note: Assuming pure combinatorial block at /teamspace/studios/this_studio/Melodica-Integration-into-Fife-Core/Learn_Bluespec_and_RISCV_Design/Code/Build/Fife/verilog/mkNormalizer.v:193.3-200.6 in
compliance with IEC 62142(E):2005 / IEEE Std. 1364.1(E):2002. Recommending
use of @* instead of @(...) for better match of synthesis and simulation.
Successfully finished Verilog frontend.

9. Executing Verilog-2005 frontend: /teamspace/studios/this_studio/Melodica-Integration-into-Fife-Core/Learn_Bluespec_and_RISCV_Design/Code/Build/Fife/verilog/mkExtracter.v
Parsing Verilog input from `/teamspace/studios/this_studio/Melodica-Integration-into-Fife-Core/Learn_Bluespec_and_RISCV_Design/Code/Build/Fife/verilog/mkExtracter.v' to AST representation.
Generating RTLIL representation for module `\mkExtracter'.
Successfully finished Verilog frontend.

10. Executing Verilog-2005 frontend: /teamspace/studios/this_studio/Melodica-Integration-into-Fife-Core/Learn_Bluespec_and_RISCV_Design/Code/Build/Fife/verilog/mkFtoP_PNE.v
Parsing Verilog input from `/teamspace/studios/this_studio/Melodica-Integration-into-Fife-Core/Learn_Bluespec_and_RISCV_Design/Code/Build/Fife/verilog/mkFtoP_PNE.v' to AST representation.
Generating RTLIL representation for module `\mkFtoP_PNE'.
Successfully finished Verilog frontend.

11. Executing Verilog-2005 frontend: /teamspace/studios/this_studio/Melodica-Integration-into-Fife-Core/Learn_Bluespec_and_RISCV_Design/Code/Build/Fife/verilog/mkPtoF_PNE.v
Parsing Verilog input from `/teamspace/studios/this_studio/Melodica-Integration-into-Fife-Core/Learn_Bluespec_and_RISCV_Design/Code/Build/Fife/verilog/mkPtoF_PNE.v' to AST representation.
Generating RTLIL representation for module `\mkPtoF_PNE'.
Note: Assuming pure combinatorial block at /teamspace/studios/this_studio/Melodica-Integration-into-Fife-Core/Learn_Bluespec_and_RISCV_Design/Code/Build/Fife/verilog/mkPtoF_PNE.v:212.3-219.6 in
compliance with IEC 62142(E):2005 / IEEE Std. 1364.1(E):2002. Recommending
use of @* instead of @(...) for better match of synthesis and simulation.
Note: Assuming pure combinatorial block at /teamspace/studios/this_studio/Melodica-Integration-into-Fife-Core/Learn_Bluespec_and_RISCV_Design/Code/Build/Fife/verilog/mkPtoF_PNE.v:220.3-227.6 in
compliance with IEC 62142(E):2005 / IEEE Std. 1364.1(E):2002. Recommending
use of @* instead of @(...) for better match of synthesis and simulation.
Successfully finished Verilog frontend.

12. Executing Verilog-2005 frontend: /teamspace/studios/this_studio/Melodica-Integration-into-Fife-Core/Learn_Bluespec_and_RISCV_Design/Code/Build/Fife/verilog/mkPositCore.v
Parsing Verilog input from `/teamspace/studios/this_studio/Melodica-Integration-into-Fife-Core/Learn_Bluespec_and_RISCV_Design/Code/Build/Fife/verilog/mkPositCore.v' to AST representation.
Generating RTLIL representation for module `\mkPositCore'.
Successfully finished Verilog frontend.

13. Executing HIERARCHY pass (managing design hierarchy).

13.1. Analyzing design hierarchy..
Top module:  \mkQuire
Used module:     \module_fn_twosC_quire
Used module:     \SizedFIFO
Used module:     \FIFO1
Parameter \p1width = 32
Parameter \p2depth = 4
Parameter \p3cntr_width = 2
Parameter \guarded = 1'1

13.2. Executing AST frontend in derive mode using pre-parsed AST for module `\SizedFIFO'.
Parameter \p1width = 32
Parameter \p2depth = 4
Parameter \p3cntr_width = 2
Parameter \guarded = 1'1
Generating RTLIL representation for module `$paramod$a0c6df3c1489bcd5c1c6c2071c80faf091665997\SizedFIFO'.
Parameter \p1width = 32
Parameter \p2depth = 4
Parameter \p3cntr_width = 2
Parameter \guarded = 1'1
Found cached RTLIL representation for module `$paramod$a0c6df3c1489bcd5c1c6c2071c80faf091665997\SizedFIFO'.
Parameter \p1width = 32
Parameter \p2depth = 4
Parameter \p3cntr_width = 2
Parameter \guarded = 1'1
Found cached RTLIL representation for module `$paramod$a0c6df3c1489bcd5c1c6c2071c80faf091665997\SizedFIFO'.
Parameter \p1width = 32
Parameter \p2depth = 4
Parameter \p3cntr_width = 2
Parameter \guarded = 1'1
Found cached RTLIL representation for module `$paramod$a0c6df3c1489bcd5c1c6c2071c80faf091665997\SizedFIFO'.
Parameter \p1width = 32
Parameter \p2depth = 4
Parameter \p3cntr_width = 2
Parameter \guarded = 1'1
Found cached RTLIL representation for module `$paramod$a0c6df3c1489bcd5c1c6c2071c80faf091665997\SizedFIFO'.
Parameter \p1width = 32
Parameter \p2depth = 4
Parameter \p3cntr_width = 2
Parameter \guarded = 1'1
Found cached RTLIL representation for module `$paramod$a0c6df3c1489bcd5c1c6c2071c80faf091665997\SizedFIFO'.
Parameter \p1width = 32
Parameter \p2depth = 4
Parameter \p3cntr_width = 2
Parameter \guarded = 1'1
Found cached RTLIL representation for module `$paramod$a0c6df3c1489bcd5c1c6c2071c80faf091665997\SizedFIFO'.
Parameter \p1width = 1
Parameter \p2depth = 4
Parameter \p3cntr_width = 2
Parameter \guarded = 1'1

13.3. Executing AST frontend in derive mode using pre-parsed AST for module `\SizedFIFO'.
Parameter \p1width = 1
Parameter \p2depth = 4
Parameter \p3cntr_width = 2
Parameter \guarded = 1'1
Generating RTLIL representation for module `$paramod$77feb722284cbb4b2efebea6faec56b4318dabcc\SizedFIFO'.
Parameter \p1width = 1
Parameter \p2depth = 4
Parameter \p3cntr_width = 2
Parameter \guarded = 1'1
Found cached RTLIL representation for module `$paramod$77feb722284cbb4b2efebea6faec56b4318dabcc\SizedFIFO'.
Parameter \p1width = 1
Parameter \p2depth = 4
Parameter \p3cntr_width = 2
Parameter \guarded = 1'1
Found cached RTLIL representation for module `$paramod$77feb722284cbb4b2efebea6faec56b4318dabcc\SizedFIFO'.
Parameter \p1width = 1
Parameter \p2depth = 4
Parameter \p3cntr_width = 2
Parameter \guarded = 1'1
Found cached RTLIL representation for module `$paramod$77feb722284cbb4b2efebea6faec56b4318dabcc\SizedFIFO'.
Parameter \p1width = 1
Parameter \p2depth = 4
Parameter \p3cntr_width = 2
Parameter \guarded = 1'1
Found cached RTLIL representation for module `$paramod$77feb722284cbb4b2efebea6faec56b4318dabcc\SizedFIFO'.
Parameter \p1width = 1
Parameter \p2depth = 4
Parameter \p3cntr_width = 2
Parameter \guarded = 1'1
Found cached RTLIL representation for module `$paramod$77feb722284cbb4b2efebea6faec56b4318dabcc\SizedFIFO'.
Parameter \width = 41
Parameter \guarded = 1'1

13.4. Executing AST frontend in derive mode using pre-parsed AST for module `\FIFO1'.
Parameter \width = 41
Parameter \guarded = 1'1
Generating RTLIL representation for module `$paramod\FIFO1\width=32'00000000000000000000000000101001\guarded=1'1'.
Parameter \width = 9
Parameter \guarded = 1'1

13.5. Executing AST frontend in derive mode using pre-parsed AST for module `\FIFO1'.
Parameter \width = 9
Parameter \guarded = 1'1
Generating RTLIL representation for module `$paramod\FIFO1\width=32'00000000000000000000000000001001\guarded=1'1'.

13.6. Analyzing design hierarchy..
Top module:  \mkQuire
Used module:     \module_fn_twosC_quire
Used module:     $paramod$a0c6df3c1489bcd5c1c6c2071c80faf091665997\SizedFIFO
Used module:     $paramod$77feb722284cbb4b2efebea6faec56b4318dabcc\SizedFIFO
Used module:     $paramod\FIFO1\width=32'00000000000000000000000000101001\guarded=1'1
Used module:     $paramod\FIFO1\width=32'00000000000000000000000000001001\guarded=1'1

13.7. Analyzing design hierarchy..
Top module:  \mkQuire
Used module:     \module_fn_twosC_quire
Used module:     $paramod$a0c6df3c1489bcd5c1c6c2071c80faf091665997\SizedFIFO
Used module:     $paramod$77feb722284cbb4b2efebea6faec56b4318dabcc\SizedFIFO
Used module:     $paramod\FIFO1\width=32'00000000000000000000000000101001\guarded=1'1
Used module:     $paramod\FIFO1\width=32'00000000000000000000000000001001\guarded=1'1
Removing unused module `\mkPositCore'.
Removing unused module `\mkPtoF_PNE'.
Removing unused module `\mkFtoP_PNE'.
Removing unused module `\mkExtracter'.
Removing unused module `\mkNormalizer'.
Removing unused module `\mkMultiplier'.
Removing unused module `\RegFile'.
Removing unused module `\SizedFIFO'.
Removing unused module `\FIFO2'.
Removing unused module `\FIFO1'.
Removed 10 unused modules.

14. Executing SYNTH pass.

14.1. Executing HIERARCHY pass (managing design hierarchy).

14.1.1. Analyzing design hierarchy..
Top module:  \mkQuire
Used module:     \module_fn_twosC_quire
Used module:     $paramod$a0c6df3c1489bcd5c1c6c2071c80faf091665997\SizedFIFO
Used module:     $paramod$77feb722284cbb4b2efebea6faec56b4318dabcc\SizedFIFO
Used module:     $paramod\FIFO1\width=32'00000000000000000000000000101001\guarded=1'1
Used module:     $paramod\FIFO1\width=32'00000000000000000000000000001001\guarded=1'1

14.1.2. Analyzing design hierarchy..
Top module:  \mkQuire
Used module:     \module_fn_twosC_quire
Used module:     $paramod$a0c6df3c1489bcd5c1c6c2071c80faf091665997\SizedFIFO
Used module:     $paramod$77feb722284cbb4b2efebea6faec56b4318dabcc\SizedFIFO
Used module:     $paramod\FIFO1\width=32'00000000000000000000000000101001\guarded=1'1
Used module:     $paramod\FIFO1\width=32'00000000000000000000000000001001\guarded=1'1
Removed 0 unused modules.

14.2. Executing PROC pass (convert processes to netlists).

14.2.1. Executing PROC_CLEAN pass (remove empty switches from decision trees).
Cleaned up 0 empty switches.

14.2.2. Executing PROC_RMDEAD pass (remove dead branches from decision trees).
Marked 1 switch rules as full_case in process $proc$/teamspace/studios/this_studio/Melodica-Integration-into-Fife-Core/Learn_Bluespec_and_RISCV_Design/Code/Build/Fife/verilog/mkQuire.v:1661$566 in module mkQuire.
Marked 1 switch rules as full_case in process $proc$/teamspace/studios/this_studio/Melodica-Integration-into-Fife-Core/Learn_Bluespec_and_RISCV_Design/Code/Build/Fife/verilog/mkQuire.v:1186$411 in module mkQuire.
Marked 1 switch rules as full_case in process $proc$/teamspace/studios/this_studio/Melodica-Integration-into-Fife-Core/Learn_Bluespec_and_RISCV_Design/Code/Build/Fife/verilog/mkQuire.v:1160$397 in module mkQuire.
Marked 1 switch rules as full_case in process $proc$/teamspace/studios/this_studio/Melodica-Integration-into-Fife-Core/Learn_Bluespec_and_RISCV_Design/Code/Build/Fife/verilog/mkQuire.v:1134$383 in module mkQuire.
Marked 1 switch rules as full_case in process $proc$/teamspace/studios/this_studio/Melodica-Integration-into-Fife-Core/Learn_Bluespec_and_RISCV_Design/Code/Build/Fife/verilog/mkQuire.v:1108$369 in module mkQuire.
Marked 1 switch rules as full_case in process $proc$/teamspace/studios/this_studio/Melodica-Integration-into-Fife-Core/Learn_Bluespec_and_RISCV_Design/Code/Build/Fife/verilog/mkQuire.v:1082$355 in module mkQuire.
Marked 1 switch rules as full_case in process $proc$/teamspace/studios/this_studio/Melodica-Integration-into-Fife-Core/Learn_Bluespec_and_RISCV_Design/Code/Build/Fife/verilog/mkQuire.v:1056$341 in module mkQuire.
Marked 1 switch rules as full_case in process $proc$/teamspace/studios/this_studio/Melodica-Integration-into-Fife-Core/Learn_Bluespec_and_RISCV_Design/Code/Build/Fife/verilog/mkQuire.v:1030$327 in module mkQuire.
Marked 1 switch rules as full_case in process $proc$/teamspace/studios/this_studio/Melodica-Integration-into-Fife-Core/Learn_Bluespec_and_RISCV_Design/Code/Build/Fife/verilog/mkQuire.v:1005$317 in module mkQuire.
Marked 1 switch rules as full_case in process $proc$/teamspace/studios/this_studio/Melodica-Integration-into-Fife-Core/Learn_Bluespec_and_RISCV_Design/Code/Build/Fife/verilog/mkQuire.v:980$307 in module mkQuire.
Marked 1 switch rules as full_case in process $proc$/teamspace/studios/this_studio/Melodica-Integration-into-Fife-Core/Learn_Bluespec_and_RISCV_Design/Code/Build/Fife/verilog/mkQuire.v:955$297 in module mkQuire.
Marked 1 switch rules as full_case in process $proc$/teamspace/studios/this_studio/Melodica-Integration-into-Fife-Core/Learn_Bluespec_and_RISCV_Design/Code/Build/Fife/verilog/mkQuire.v:930$287 in module mkQuire.
Marked 1 switch rules as full_case in process $proc$/teamspace/studios/this_studio/Melodica-Integration-into-Fife-Core/Learn_Bluespec_and_RISCV_Design/Code/Build/Fife/verilog/mkQuire.v:905$277 in module mkQuire.
Marked 1 switch rules as full_case in process $proc$/teamspace/studios/this_studio/Melodica-Integration-into-Fife-Core/Learn_Bluespec_and_RISCV_Design/Code/Build/Fife/verilog/mkQuire.v:881$267 in module mkQuire.
Marked 1 switch rules as full_case in process $proc$/teamspace/studios/this_studio/Melodica-Integration-into-Fife-Core/Learn_Bluespec_and_RISCV_Design/Code/Build/Fife/verilog/mkQuire.v:858$257 in module mkQuire.
Marked 1 switch rules as full_case in process $proc$/teamspace/studios/this_studio/Melodica-Integration-into-Fife-Core/bsc/lib/Verilog/SizedFIFO.v:190$932 in module $paramod$77feb722284cbb4b2efebea6faec56b4318dabcc\SizedFIFO.
Marked 1 switch rules as full_case in process $proc$/teamspace/studios/this_studio/Melodica-Integration-into-Fife-Core/bsc/lib/Verilog/SizedFIFO.v:107$924 in module $paramod$77feb722284cbb4b2efebea6faec56b4318dabcc\SizedFIFO.
Marked 1 switch rules as full_case in process $proc$/teamspace/studios/this_studio/Melodica-Integration-into-Fife-Core/bsc/lib/Verilog/SizedFIFO.v:190$901 in module $paramod$a0c6df3c1489bcd5c1c6c2071c80faf091665997\SizedFIFO.
Marked 1 switch rules as full_case in process $proc$/teamspace/studios/this_studio/Melodica-Integration-into-Fife-Core/bsc/lib/Verilog/SizedFIFO.v:107$893 in module $paramod$a0c6df3c1489bcd5c1c6c2071c80faf091665997\SizedFIFO.
Marked 3 switch rules as full_case in process $proc$/teamspace/studios/this_studio/Melodica-Integration-into-Fife-Core/bsc/lib/Verilog/FIFO1.v:73$953 in module $paramod\FIFO1\width=32'00000000000000000000000000001001\guarded=1'1.
Marked 3 switch rules as full_case in process $proc$/teamspace/studios/this_studio/Melodica-Integration-into-Fife-Core/bsc/lib/Verilog/FIFO1.v:73$949 in module $paramod\FIFO1\width=32'00000000000000000000000000101001\guarded=1'1.
Removed a total of 0 dead cases.

14.2.3. Executing PROC_PRUNE pass (remove redundant assignments in processes).
Removed 0 redundant assignments.
Promoted 20 assignments to connections.

14.2.4. Executing PROC_INIT pass (extract init attributes).

14.2.5. Executing PROC_ARST pass (detect async resets in processes).

14.2.6. Executing PROC_ROM pass (convert switches to ROMs).
Converted 0 switches.
<suppressed ~55 debug messages>

14.2.7. Executing PROC_MUX pass (convert decision trees to multiplexers).
Creating decoders for process `\mkQuire.$proc$/teamspace/studios/this_studio/Melodica-Integration-into-Fife-Core/Learn_Bluespec_and_RISCV_Design/Code/Build/Fife/verilog/mkQuire.v:1661$566'.
     1/20: $0\zero_counter_rg_seg_counter_busy[0:0]
     2/20: $0\zero_counter_rg_numZeroSegs[2:0]
     3/20: $0\zero_counter_rg_firstNonZeroSeg[31:0]
     4/20: $0\vrg_quire_seg_zero_6[0:0]
     5/20: $0\vrg_quire_seg_zero_5[0:0]
     6/20: $0\vrg_quire_seg_zero_4[0:0]
     7/20: $0\vrg_quire_seg_zero_3[0:0]
     8/20: $0\vrg_quire_seg_zero_2[0:0]
     9/20: $0\vrg_quire_seg_zero_1[0:0]
    10/20: $0\vrg_quire_seg_zero_0[0:0]
    11/20: $0\vrg_quire_6[31:0]
    12/20: $0\vrg_quire_5[31:0]
    13/20: $0\vrg_quire_4[31:0]
    14/20: $0\vrg_quire_3[31:0]
    15/20: $0\vrg_quire_2[31:0]
    16/20: $0\vrg_quire_1[31:0]
    17/20: $0\vrg_quire_0[31:0]
    18/20: $0\seg_adder_rg_inFlight[2:0]
    19/20: $0\rg_seg_zero_upd[0:0]
    20/20: $0\rg_read_busy[0:0]
Creating decoders for process `\mkQuire.$proc$/teamspace/studios/this_studio/Melodica-Integration-into-Fife-Core/Learn_Bluespec_and_RISCV_Design/Code/Build/Fife/verilog/mkQuire.v:1186$411'.
     1/1: $1\vrg_quire_seg_zero_6$D_IN[0:0]$413
Creating decoders for process `\mkQuire.$proc$/teamspace/studios/this_studio/Melodica-Integration-into-Fife-Core/Learn_Bluespec_and_RISCV_Design/Code/Build/Fife/verilog/mkQuire.v:1160$397'.
     1/1: $1\vrg_quire_seg_zero_5$D_IN[0:0]$399
Creating decoders for process `\mkQuire.$proc$/teamspace/studios/this_studio/Melodica-Integration-into-Fife-Core/Learn_Bluespec_and_RISCV_Design/Code/Build/Fife/verilog/mkQuire.v:1134$383'.
     1/1: $1\vrg_quire_seg_zero_4$D_IN[0:0]$385
Creating decoders for process `\mkQuire.$proc$/teamspace/studios/this_studio/Melodica-Integration-into-Fife-Core/Learn_Bluespec_and_RISCV_Design/Code/Build/Fife/verilog/mkQuire.v:1108$369'.
     1/1: $1\vrg_quire_seg_zero_3$D_IN[0:0]$371
Creating decoders for process `\mkQuire.$proc$/teamspace/studios/this_studio/Melodica-Integration-into-Fife-Core/Learn_Bluespec_and_RISCV_Design/Code/Build/Fife/verilog/mkQuire.v:1082$355'.
     1/1: $1\vrg_quire_seg_zero_2$D_IN[0:0]$357
Creating decoders for process `\mkQuire.$proc$/teamspace/studios/this_studio/Melodica-Integration-into-Fife-Core/Learn_Bluespec_and_RISCV_Design/Code/Build/Fife/verilog/mkQuire.v:1056$341'.
     1/1: $1\vrg_quire_seg_zero_1$D_IN[0:0]$343
Creating decoders for process `\mkQuire.$proc$/teamspace/studios/this_studio/Melodica-Integration-into-Fife-Core/Learn_Bluespec_and_RISCV_Design/Code/Build/Fife/verilog/mkQuire.v:1030$327'.
     1/1: $1\vrg_quire_seg_zero_0$D_IN[0:0]$329
Creating decoders for process `\mkQuire.$proc$/teamspace/studios/this_studio/Melodica-Integration-into-Fife-Core/Learn_Bluespec_and_RISCV_Design/Code/Build/Fife/verilog/mkQuire.v:1005$317'.
     1/1: $1\vrg_quire_6$D_IN[31:0]$319
Creating decoders for process `\mkQuire.$proc$/teamspace/studios/this_studio/Melodica-Integration-into-Fife-Core/Learn_Bluespec_and_RISCV_Design/Code/Build/Fife/verilog/mkQuire.v:980$307'.
     1/1: $1\vrg_quire_5$D_IN[31:0]$309
Creating decoders for process `\mkQuire.$proc$/teamspace/studios/this_studio/Melodica-Integration-into-Fife-Core/Learn_Bluespec_and_RISCV_Design/Code/Build/Fife/verilog/mkQuire.v:955$297'.
     1/1: $1\vrg_quire_4$D_IN[31:0]$299
Creating decoders for process `\mkQuire.$proc$/teamspace/studios/this_studio/Melodica-Integration-into-Fife-Core/Learn_Bluespec_and_RISCV_Design/Code/Build/Fife/verilog/mkQuire.v:930$287'.
     1/1: $1\vrg_quire_3$D_IN[31:0]$289
Creating decoders for process `\mkQuire.$proc$/teamspace/studios/this_studio/Melodica-Integration-into-Fife-Core/Learn_Bluespec_and_RISCV_Design/Code/Build/Fife/verilog/mkQuire.v:905$277'.
     1/1: $1\vrg_quire_2$D_IN[31:0]$279
Creating decoders for process `\mkQuire.$proc$/teamspace/studios/this_studio/Melodica-Integration-into-Fife-Core/Learn_Bluespec_and_RISCV_Design/Code/Build/Fife/verilog/mkQuire.v:881$267'.
     1/1: $1\vrg_quire_1$D_IN[31:0]$269
Creating decoders for process `\mkQuire.$proc$/teamspace/studios/this_studio/Melodica-Integration-into-Fife-Core/Learn_Bluespec_and_RISCV_Design/Code/Build/Fife/verilog/mkQuire.v:858$257'.
     1/1: $1\vrg_quire_0$D_IN[31:0]$259
Creating decoders for process `$paramod$77feb722284cbb4b2efebea6faec56b4318dabcc\SizedFIFO.$proc$/teamspace/studios/this_studio/Melodica-Integration-into-Fife-Core/bsc/lib/Verilog/SizedFIFO.v:190$932'.
     1/3: $1$memwr$\arr$/teamspace/studios/this_studio/Melodica-Integration-into-Fife-Core/bsc/lib/Verilog/SizedFIFO.v:206$917_EN[0:0]$947
     2/3: $1$memwr$\arr$/teamspace/studios/this_studio/Melodica-Integration-into-Fife-Core/bsc/lib/Verilog/SizedFIFO.v:206$917_DATA[0:0]$946
     3/3: $1$memwr$\arr$/teamspace/studios/this_studio/Melodica-Integration-into-Fife-Core/bsc/lib/Verilog/SizedFIFO.v:206$917_ADDR[1:0]$945
Creating decoders for process `$paramod$77feb722284cbb4b2efebea6faec56b4318dabcc\SizedFIFO.$proc$/teamspace/studios/this_studio/Melodica-Integration-into-Fife-Core/bsc/lib/Verilog/SizedFIFO.v:167$929'.
     1/1: $0\D_OUT[0:0]
Creating decoders for process `$paramod$77feb722284cbb4b2efebea6faec56b4318dabcc\SizedFIFO.$proc$/teamspace/studios/this_studio/Melodica-Integration-into-Fife-Core/bsc/lib/Verilog/SizedFIFO.v:107$924'.
     1/5: $0\hasodata[0:0]
     2/5: $0\tail[1:0]
     3/5: $0\head[1:0]
     4/5: $0\ring_empty[0:0]
     5/5: $0\not_ring_full[0:0]
Creating decoders for process `$paramod$a0c6df3c1489bcd5c1c6c2071c80faf091665997\SizedFIFO.$proc$/teamspace/studios/this_studio/Melodica-Integration-into-Fife-Core/bsc/lib/Verilog/SizedFIFO.v:190$901'.
     1/3: $1$memwr$\arr$/teamspace/studios/this_studio/Melodica-Integration-into-Fife-Core/bsc/lib/Verilog/SizedFIFO.v:206$886_EN[31:0]$916
     2/3: $1$memwr$\arr$/teamspace/studios/this_studio/Melodica-Integration-into-Fife-Core/bsc/lib/Verilog/SizedFIFO.v:206$886_DATA[31:0]$915
     3/3: $1$memwr$\arr$/teamspace/studios/this_studio/Melodica-Integration-into-Fife-Core/bsc/lib/Verilog/SizedFIFO.v:206$886_ADDR[1:0]$914
Creating decoders for process `$paramod$a0c6df3c1489bcd5c1c6c2071c80faf091665997\SizedFIFO.$proc$/teamspace/studios/this_studio/Melodica-Integration-into-Fife-Core/bsc/lib/Verilog/SizedFIFO.v:167$898'.
     1/1: $0\D_OUT[31:0]
Creating decoders for process `$paramod$a0c6df3c1489bcd5c1c6c2071c80faf091665997\SizedFIFO.$proc$/teamspace/studios/this_studio/Melodica-Integration-into-Fife-Core/bsc/lib/Verilog/SizedFIFO.v:107$893'.
     1/5: $0\hasodata[0:0]
     2/5: $0\tail[1:0]
     3/5: $0\head[1:0]
     4/5: $0\ring_empty[0:0]
     5/5: $0\not_ring_full[0:0]
Creating decoders for process `$paramod\FIFO1\width=32'00000000000000000000000000001001\guarded=1'1.$proc$/teamspace/studios/this_studio/Melodica-Integration-into-Fife-Core/bsc/lib/Verilog/FIFO1.v:96$955'.
     1/1: $0\D_OUT[8:0]
Creating decoders for process `$paramod\FIFO1\width=32'00000000000000000000000000001001\guarded=1'1.$proc$/teamspace/studios/this_studio/Melodica-Integration-into-Fife-Core/bsc/lib/Verilog/FIFO1.v:73$953'.
     1/1: $0\empty_reg[0:0]
Creating decoders for process `$paramod\FIFO1\width=32'00000000000000000000000000101001\guarded=1'1.$proc$/teamspace/studios/this_studio/Melodica-Integration-into-Fife-Core/bsc/lib/Verilog/FIFO1.v:96$951'.
     1/1: $0\D_OUT[40:0]
Creating decoders for process `$paramod\FIFO1\width=32'00000000000000000000000000101001\guarded=1'1.$proc$/teamspace/studios/this_studio/Melodica-Integration-into-Fife-Core/bsc/lib/Verilog/FIFO1.v:73$949'.
     1/1: $0\empty_reg[0:0]

14.2.8. Executing PROC_DLATCH pass (convert process syncs to latches).
No latch inferred for signal `\mkQuire.\vrg_quire_seg_zero_6$D_IN' from process `\mkQuire.$proc$/teamspace/studios/this_studio/Melodica-Integration-into-Fife-Core/Learn_Bluespec_and_RISCV_Design/Code/Build/Fife/verilog/mkQuire.v:1186$411'.
No latch inferred for signal `\mkQuire.\vrg_quire_seg_zero_5$D_IN' from process `\mkQuire.$proc$/teamspace/studios/this_studio/Melodica-Integration-into-Fife-Core/Learn_Bluespec_and_RISCV_Design/Code/Build/Fife/verilog/mkQuire.v:1160$397'.
No latch inferred for signal `\mkQuire.\vrg_quire_seg_zero_4$D_IN' from process `\mkQuire.$proc$/teamspace/studios/this_studio/Melodica-Integration-into-Fife-Core/Learn_Bluespec_and_RISCV_Design/Code/Build/Fife/verilog/mkQuire.v:1134$383'.
No latch inferred for signal `\mkQuire.\vrg_quire_seg_zero_3$D_IN' from process `\mkQuire.$proc$/teamspace/studios/this_studio/Melodica-Integration-into-Fife-Core/Learn_Bluespec_and_RISCV_Design/Code/Build/Fife/verilog/mkQuire.v:1108$369'.
No latch inferred for signal `\mkQuire.\vrg_quire_seg_zero_2$D_IN' from process `\mkQuire.$proc$/teamspace/studios/this_studio/Melodica-Integration-into-Fife-Core/Learn_Bluespec_and_RISCV_Design/Code/Build/Fife/verilog/mkQuire.v:1082$355'.
No latch inferred for signal `\mkQuire.\vrg_quire_seg_zero_1$D_IN' from process `\mkQuire.$proc$/teamspace/studios/this_studio/Melodica-Integration-into-Fife-Core/Learn_Bluespec_and_RISCV_Design/Code/Build/Fife/verilog/mkQuire.v:1056$341'.
No latch inferred for signal `\mkQuire.\vrg_quire_seg_zero_0$D_IN' from process `\mkQuire.$proc$/teamspace/studios/this_studio/Melodica-Integration-into-Fife-Core/Learn_Bluespec_and_RISCV_Design/Code/Build/Fife/verilog/mkQuire.v:1030$327'.
No latch inferred for signal `\mkQuire.\vrg_quire_6$D_IN' from process `\mkQuire.$proc$/teamspace/studios/this_studio/Melodica-Integration-into-Fife-Core/Learn_Bluespec_and_RISCV_Design/Code/Build/Fife/verilog/mkQuire.v:1005$317'.
No latch inferred for signal `\mkQuire.\vrg_quire_5$D_IN' from process `\mkQuire.$proc$/teamspace/studios/this_studio/Melodica-Integration-into-Fife-Core/Learn_Bluespec_and_RISCV_Design/Code/Build/Fife/verilog/mkQuire.v:980$307'.
No latch inferred for signal `\mkQuire.\vrg_quire_4$D_IN' from process `\mkQuire.$proc$/teamspace/studios/this_studio/Melodica-Integration-into-Fife-Core/Learn_Bluespec_and_RISCV_Design/Code/Build/Fife/verilog/mkQuire.v:955$297'.
No latch inferred for signal `\mkQuire.\vrg_quire_3$D_IN' from process `\mkQuire.$proc$/teamspace/studios/this_studio/Melodica-Integration-into-Fife-Core/Learn_Bluespec_and_RISCV_Design/Code/Build/Fife/verilog/mkQuire.v:930$287'.
No latch inferred for signal `\mkQuire.\vrg_quire_2$D_IN' from process `\mkQuire.$proc$/teamspace/studios/this_studio/Melodica-Integration-into-Fife-Core/Learn_Bluespec_and_RISCV_Design/Code/Build/Fife/verilog/mkQuire.v:905$277'.
No latch inferred for signal `\mkQuire.\vrg_quire_1$D_IN' from process `\mkQuire.$proc$/teamspace/studios/this_studio/Melodica-Integration-into-Fife-Core/Learn_Bluespec_and_RISCV_Design/Code/Build/Fife/verilog/mkQuire.v:881$267'.
No latch inferred for signal `\mkQuire.\vrg_quire_0$D_IN' from process `\mkQuire.$proc$/teamspace/studios/this_studio/Melodica-Integration-into-Fife-Core/Learn_Bluespec_and_RISCV_Design/Code/Build/Fife/verilog/mkQuire.v:858$257'.

14.2.9. Executing PROC_DFF pass (convert process syncs to FFs).
Creating register for signal `\mkQuire.\rg_read_busy' using process `\mkQuire.$proc$/teamspace/studios/this_studio/Melodica-Integration-into-Fife-Core/Learn_Bluespec_and_RISCV_Design/Code/Build/Fife/verilog/mkQuire.v:1661$566'.
  created $dff cell `$procdff$1290' with positive edge clock.
Creating register for signal `\mkQuire.\rg_seg_zero_upd' using process `\mkQuire.$proc$/teamspace/studios/this_studio/Melodica-Integration-into-Fife-Core/Learn_Bluespec_and_RISCV_Design/Code/Build/Fife/verilog/mkQuire.v:1661$566'.
  created $dff cell `$procdff$1291' with positive edge clock.
Creating register for signal `\mkQuire.\seg_adder_rg_inFlight' using process `\mkQuire.$proc$/teamspace/studios/this_studio/Melodica-Integration-into-Fife-Core/Learn_Bluespec_and_RISCV_Design/Code/Build/Fife/verilog/mkQuire.v:1661$566'.
  created $dff cell `$procdff$1292' with positive edge clock.
Creating register for signal `\mkQuire.\vrg_quire_0' using process `\mkQuire.$proc$/teamspace/studios/this_studio/Melodica-Integration-into-Fife-Core/Learn_Bluespec_and_RISCV_Design/Code/Build/Fife/verilog/mkQuire.v:1661$566'.
  created $dff cell `$procdff$1293' with positive edge clock.
Creating register for signal `\mkQuire.\vrg_quire_1' using process `\mkQuire.$proc$/teamspace/studios/this_studio/Melodica-Integration-into-Fife-Core/Learn_Bluespec_and_RISCV_Design/Code/Build/Fife/verilog/mkQuire.v:1661$566'.
  created $dff cell `$procdff$1294' with positive edge clock.
Creating register for signal `\mkQuire.\vrg_quire_2' using process `\mkQuire.$proc$/teamspace/studios/this_studio/Melodica-Integration-into-Fife-Core/Learn_Bluespec_and_RISCV_Design/Code/Build/Fife/verilog/mkQuire.v:1661$566'.
  created $dff cell `$procdff$1295' with positive edge clock.
Creating register for signal `\mkQuire.\vrg_quire_3' using process `\mkQuire.$proc$/teamspace/studios/this_studio/Melodica-Integration-into-Fife-Core/Learn_Bluespec_and_RISCV_Design/Code/Build/Fife/verilog/mkQuire.v:1661$566'.
  created $dff cell `$procdff$1296' with positive edge clock.
Creating register for signal `\mkQuire.\vrg_quire_4' using process `\mkQuire.$proc$/teamspace/studios/this_studio/Melodica-Integration-into-Fife-Core/Learn_Bluespec_and_RISCV_Design/Code/Build/Fife/verilog/mkQuire.v:1661$566'.
  created $dff cell `$procdff$1297' with positive edge clock.
Creating register for signal `\mkQuire.\vrg_quire_5' using process `\mkQuire.$proc$/teamspace/studios/this_studio/Melodica-Integration-into-Fife-Core/Learn_Bluespec_and_RISCV_Design/Code/Build/Fife/verilog/mkQuire.v:1661$566'.
  created $dff cell `$procdff$1298' with positive edge clock.
Creating register for signal `\mkQuire.\vrg_quire_6' using process `\mkQuire.$proc$/teamspace/studios/this_studio/Melodica-Integration-into-Fife-Core/Learn_Bluespec_and_RISCV_Design/Code/Build/Fife/verilog/mkQuire.v:1661$566'.
  created $dff cell `$procdff$1299' with positive edge clock.
Creating register for signal `\mkQuire.\vrg_quire_seg_zero_0' using process `\mkQuire.$proc$/teamspace/studios/this_studio/Melodica-Integration-into-Fife-Core/Learn_Bluespec_and_RISCV_Design/Code/Build/Fife/verilog/mkQuire.v:1661$566'.
  created $dff cell `$procdff$1300' with positive edge clock.
Creating register for signal `\mkQuire.\vrg_quire_seg_zero_1' using process `\mkQuire.$proc$/teamspace/studios/this_studio/Melodica-Integration-into-Fife-Core/Learn_Bluespec_and_RISCV_Design/Code/Build/Fife/verilog/mkQuire.v:1661$566'.
  created $dff cell `$procdff$1301' with positive edge clock.
Creating register for signal `\mkQuire.\vrg_quire_seg_zero_2' using process `\mkQuire.$proc$/teamspace/studios/this_studio/Melodica-Integration-into-Fife-Core/Learn_Bluespec_and_RISCV_Design/Code/Build/Fife/verilog/mkQuire.v:1661$566'.
  created $dff cell `$procdff$1302' with positive edge clock.
Creating register for signal `\mkQuire.\vrg_quire_seg_zero_3' using process `\mkQuire.$proc$/teamspace/studios/this_studio/Melodica-Integration-into-Fife-Core/Learn_Bluespec_and_RISCV_Design/Code/Build/Fife/verilog/mkQuire.v:1661$566'.
  created $dff cell `$procdff$1303' with positive edge clock.
Creating register for signal `\mkQuire.\vrg_quire_seg_zero_4' using process `\mkQuire.$proc$/teamspace/studios/this_studio/Melodica-Integration-into-Fife-Core/Learn_Bluespec_and_RISCV_Design/Code/Build/Fife/verilog/mkQuire.v:1661$566'.
  created $dff cell `$procdff$1304' with positive edge clock.
Creating register for signal `\mkQuire.\vrg_quire_seg_zero_5' using process `\mkQuire.$proc$/teamspace/studios/this_studio/Melodica-Integration-into-Fife-Core/Learn_Bluespec_and_RISCV_Design/Code/Build/Fife/verilog/mkQuire.v:1661$566'.
  created $dff cell `$procdff$1305' with positive edge clock.
Creating register for signal `\mkQuire.\vrg_quire_seg_zero_6' using process `\mkQuire.$proc$/teamspace/studios/this_studio/Melodica-Integration-into-Fife-Core/Learn_Bluespec_and_RISCV_Design/Code/Build/Fife/verilog/mkQuire.v:1661$566'.
  created $dff cell `$procdff$1306' with positive edge clock.
Creating register for signal `\mkQuire.\zero_counter_rg_firstNonZeroSeg' using process `\mkQuire.$proc$/teamspace/studios/this_studio/Melodica-Integration-into-Fife-Core/Learn_Bluespec_and_RISCV_Design/Code/Build/Fife/verilog/mkQuire.v:1661$566'.
  created $dff cell `$procdff$1307' with positive edge clock.
Creating register for signal `\mkQuire.\zero_counter_rg_numZeroSegs' using process `\mkQuire.$proc$/teamspace/studios/this_studio/Melodica-Integration-into-Fife-Core/Learn_Bluespec_and_RISCV_Design/Code/Build/Fife/verilog/mkQuire.v:1661$566'.
  created $dff cell `$procdff$1308' with positive edge clock.
Creating register for signal `\mkQuire.\zero_counter_rg_seg_counter_busy' using process `\mkQuire.$proc$/teamspace/studios/this_studio/Melodica-Integration-into-Fife-Core/Learn_Bluespec_and_RISCV_Design/Code/Build/Fife/verilog/mkQuire.v:1661$566'.
  created $dff cell `$procdff$1309' with positive edge clock.
Creating register for signal `$paramod$77feb722284cbb4b2efebea6faec56b4318dabcc\SizedFIFO.$memwr$\arr$/teamspace/studios/this_studio/Melodica-Integration-into-Fife-Core/bsc/lib/Verilog/SizedFIFO.v:206$917_ADDR' using process `$paramod$77feb722284cbb4b2efebea6faec56b4318dabcc\SizedFIFO.$proc$/teamspace/studios/this_studio/Melodica-Integration-into-Fife-Core/bsc/lib/Verilog/SizedFIFO.v:190$932'.
  created $dff cell `$procdff$1310' with positive edge clock.
Creating register for signal `$paramod$77feb722284cbb4b2efebea6faec56b4318dabcc\SizedFIFO.$memwr$\arr$/teamspace/studios/this_studio/Melodica-Integration-into-Fife-Core/bsc/lib/Verilog/SizedFIFO.v:206$917_DATA' using process `$paramod$77feb722284cbb4b2efebea6faec56b4318dabcc\SizedFIFO.$proc$/teamspace/studios/this_studio/Melodica-Integration-into-Fife-Core/bsc/lib/Verilog/SizedFIFO.v:190$932'.
  created $dff cell `$procdff$1311' with positive edge clock.
Creating register for signal `$paramod$77feb722284cbb4b2efebea6faec56b4318dabcc\SizedFIFO.$memwr$\arr$/teamspace/studios/this_studio/Melodica-Integration-into-Fife-Core/bsc/lib/Verilog/SizedFIFO.v:206$917_EN' using process `$paramod$77feb722284cbb4b2efebea6faec56b4318dabcc\SizedFIFO.$proc$/teamspace/studios/this_studio/Melodica-Integration-into-Fife-Core/bsc/lib/Verilog/SizedFIFO.v:190$932'.
  created $dff cell `$procdff$1312' with positive edge clock.
Creating register for signal `$paramod$77feb722284cbb4b2efebea6faec56b4318dabcc\SizedFIFO.\D_OUT' using process `$paramod$77feb722284cbb4b2efebea6faec56b4318dabcc\SizedFIFO.$proc$/teamspace/studios/this_studio/Melodica-Integration-into-Fife-Core/bsc/lib/Verilog/SizedFIFO.v:167$929'.
  created $dff cell `$procdff$1313' with positive edge clock.
Creating register for signal `$paramod$77feb722284cbb4b2efebea6faec56b4318dabcc\SizedFIFO.\not_ring_full' using process `$paramod$77feb722284cbb4b2efebea6faec56b4318dabcc\SizedFIFO.$proc$/teamspace/studios/this_studio/Melodica-Integration-into-Fife-Core/bsc/lib/Verilog/SizedFIFO.v:107$924'.
  created $dff cell `$procdff$1314' with positive edge clock.
Creating register for signal `$paramod$77feb722284cbb4b2efebea6faec56b4318dabcc\SizedFIFO.\ring_empty' using process `$paramod$77feb722284cbb4b2efebea6faec56b4318dabcc\SizedFIFO.$proc$/teamspace/studios/this_studio/Melodica-Integration-into-Fife-Core/bsc/lib/Verilog/SizedFIFO.v:107$924'.
  created $dff cell `$procdff$1315' with positive edge clock.
Creating register for signal `$paramod$77feb722284cbb4b2efebea6faec56b4318dabcc\SizedFIFO.\head' using process `$paramod$77feb722284cbb4b2efebea6faec56b4318dabcc\SizedFIFO.$proc$/teamspace/studios/this_studio/Melodica-Integration-into-Fife-Core/bsc/lib/Verilog/SizedFIFO.v:107$924'.
  created $dff cell `$procdff$1316' with positive edge clock.
Creating register for signal `$paramod$77feb722284cbb4b2efebea6faec56b4318dabcc\SizedFIFO.\tail' using process `$paramod$77feb722284cbb4b2efebea6faec56b4318dabcc\SizedFIFO.$proc$/teamspace/studios/this_studio/Melodica-Integration-into-Fife-Core/bsc/lib/Verilog/SizedFIFO.v:107$924'.
  created $dff cell `$procdff$1317' with positive edge clock.
Creating register for signal `$paramod$77feb722284cbb4b2efebea6faec56b4318dabcc\SizedFIFO.\hasodata' using process `$paramod$77feb722284cbb4b2efebea6faec56b4318dabcc\SizedFIFO.$proc$/teamspace/studios/this_studio/Melodica-Integration-into-Fife-Core/bsc/lib/Verilog/SizedFIFO.v:107$924'.
  created $dff cell `$procdff$1318' with positive edge clock.
Creating register for signal `$paramod$a0c6df3c1489bcd5c1c6c2071c80faf091665997\SizedFIFO.$memwr$\arr$/teamspace/studios/this_studio/Melodica-Integration-into-Fife-Core/bsc/lib/Verilog/SizedFIFO.v:206$886_ADDR' using process `$paramod$a0c6df3c1489bcd5c1c6c2071c80faf091665997\SizedFIFO.$proc$/teamspace/studios/this_studio/Melodica-Integration-into-Fife-Core/bsc/lib/Verilog/SizedFIFO.v:190$901'.
  created $dff cell `$procdff$1319' with positive edge clock.
Creating register for signal `$paramod$a0c6df3c1489bcd5c1c6c2071c80faf091665997\SizedFIFO.$memwr$\arr$/teamspace/studios/this_studio/Melodica-Integration-into-Fife-Core/bsc/lib/Verilog/SizedFIFO.v:206$886_DATA' using process `$paramod$a0c6df3c1489bcd5c1c6c2071c80faf091665997\SizedFIFO.$proc$/teamspace/studios/this_studio/Melodica-Integration-into-Fife-Core/bsc/lib/Verilog/SizedFIFO.v:190$901'.
  created $dff cell `$procdff$1320' with positive edge clock.
Creating register for signal `$paramod$a0c6df3c1489bcd5c1c6c2071c80faf091665997\SizedFIFO.$memwr$\arr$/teamspace/studios/this_studio/Melodica-Integration-into-Fife-Core/bsc/lib/Verilog/SizedFIFO.v:206$886_EN' using process `$paramod$a0c6df3c1489bcd5c1c6c2071c80faf091665997\SizedFIFO.$proc$/teamspace/studios/this_studio/Melodica-Integration-into-Fife-Core/bsc/lib/Verilog/SizedFIFO.v:190$901'.
  created $dff cell `$procdff$1321' with positive edge clock.
Creating register for signal `$paramod$a0c6df3c1489bcd5c1c6c2071c80faf091665997\SizedFIFO.\D_OUT' using process `$paramod$a0c6df3c1489bcd5c1c6c2071c80faf091665997\SizedFIFO.$proc$/teamspace/studios/this_studio/Melodica-Integration-into-Fife-Core/bsc/lib/Verilog/SizedFIFO.v:167$898'.
  created $dff cell `$procdff$1322' with positive edge clock.
Creating register for signal `$paramod$a0c6df3c1489bcd5c1c6c2071c80faf091665997\SizedFIFO.\not_ring_full' using process `$paramod$a0c6df3c1489bcd5c1c6c2071c80faf091665997\SizedFIFO.$proc$/teamspace/studios/this_studio/Melodica-Integration-into-Fife-Core/bsc/lib/Verilog/SizedFIFO.v:107$893'.
  created $dff cell `$procdff$1323' with positive edge clock.
Creating register for signal `$paramod$a0c6df3c1489bcd5c1c6c2071c80faf091665997\SizedFIFO.\ring_empty' using process `$paramod$a0c6df3c1489bcd5c1c6c2071c80faf091665997\SizedFIFO.$proc$/teamspace/studios/this_studio/Melodica-Integration-into-Fife-Core/bsc/lib/Verilog/SizedFIFO.v:107$893'.
  created $dff cell `$procdff$1324' with positive edge clock.
Creating register for signal `$paramod$a0c6df3c1489bcd5c1c6c2071c80faf091665997\SizedFIFO.\head' using process `$paramod$a0c6df3c1489bcd5c1c6c2071c80faf091665997\SizedFIFO.$proc$/teamspace/studios/this_studio/Melodica-Integration-into-Fife-Core/bsc/lib/Verilog/SizedFIFO.v:107$893'.
  created $dff cell `$procdff$1325' with positive edge clock.
Creating register for signal `$paramod$a0c6df3c1489bcd5c1c6c2071c80faf091665997\SizedFIFO.\tail' using process `$paramod$a0c6df3c1489bcd5c1c6c2071c80faf091665997\SizedFIFO.$proc$/teamspace/studios/this_studio/Melodica-Integration-into-Fife-Core/bsc/lib/Verilog/SizedFIFO.v:107$893'.
  created $dff cell `$procdff$1326' with positive edge clock.
Creating register for signal `$paramod$a0c6df3c1489bcd5c1c6c2071c80faf091665997\SizedFIFO.\hasodata' using process `$paramod$a0c6df3c1489bcd5c1c6c2071c80faf091665997\SizedFIFO.$proc$/teamspace/studios/this_studio/Melodica-Integration-into-Fife-Core/bsc/lib/Verilog/SizedFIFO.v:107$893'.
  created $dff cell `$procdff$1327' with positive edge clock.
Creating register for signal `$paramod\FIFO1\width=32'00000000000000000000000000001001\guarded=1'1.\D_OUT' using process `$paramod\FIFO1\width=32'00000000000000000000000000001001\guarded=1'1.$proc$/teamspace/studios/this_studio/Melodica-Integration-into-Fife-Core/bsc/lib/Verilog/FIFO1.v:96$955'.
  created $dff cell `$procdff$1328' with positive edge clock.
Creating register for signal `$paramod\FIFO1\width=32'00000000000000000000000000001001\guarded=1'1.\empty_reg' using process `$paramod\FIFO1\width=32'00000000000000000000000000001001\guarded=1'1.$proc$/teamspace/studios/this_studio/Melodica-Integration-into-Fife-Core/bsc/lib/Verilog/FIFO1.v:73$953'.
  created $dff cell `$procdff$1329' with positive edge clock.
Creating register for signal `$paramod\FIFO1\width=32'00000000000000000000000000101001\guarded=1'1.\D_OUT' using process `$paramod\FIFO1\width=32'00000000000000000000000000101001\guarded=1'1.$proc$/teamspace/studios/this_studio/Melodica-Integration-into-Fife-Core/bsc/lib/Verilog/FIFO1.v:96$951'.
  created $dff cell `$procdff$1330' with positive edge clock.
Creating register for signal `$paramod\FIFO1\width=32'00000000000000000000000000101001\guarded=1'1.\empty_reg' using process `$paramod\FIFO1\width=32'00000000000000000000000000101001\guarded=1'1.$proc$/teamspace/studios/this_studio/Melodica-Integration-into-Fife-Core/bsc/lib/Verilog/FIFO1.v:73$949'.
  created $dff cell `$procdff$1331' with positive edge clock.

14.2.10. Executing PROC_MEMWR pass (convert process memory writes to cells).

14.2.11. Executing PROC_CLEAN pass (remove empty switches from decision trees).
Found and cleaned up 21 empty switches in `\mkQuire.$proc$/teamspace/studios/this_studio/Melodica-Integration-into-Fife-Core/Learn_Bluespec_and_RISCV_Design/Code/Build/Fife/verilog/mkQuire.v:1661$566'.
Removing empty process `mkQuire.$proc$/teamspace/studios/this_studio/Melodica-Integration-into-Fife-Core/Learn_Bluespec_and_RISCV_Design/Code/Build/Fife/verilog/mkQuire.v:1661$566'.
Found and cleaned up 1 empty switch in `\mkQuire.$proc$/teamspace/studios/this_studio/Melodica-Integration-into-Fife-Core/Learn_Bluespec_and_RISCV_Design/Code/Build/Fife/verilog/mkQuire.v:1186$411'.
Removing empty process `mkQuire.$proc$/teamspace/studios/this_studio/Melodica-Integration-into-Fife-Core/Learn_Bluespec_and_RISCV_Design/Code/Build/Fife/verilog/mkQuire.v:1186$411'.
Found and cleaned up 1 empty switch in `\mkQuire.$proc$/teamspace/studios/this_studio/Melodica-Integration-into-Fife-Core/Learn_Bluespec_and_RISCV_Design/Code/Build/Fife/verilog/mkQuire.v:1160$397'.
Removing empty process `mkQuire.$proc$/teamspace/studios/this_studio/Melodica-Integration-into-Fife-Core/Learn_Bluespec_and_RISCV_Design/Code/Build/Fife/verilog/mkQuire.v:1160$397'.
Found and cleaned up 1 empty switch in `\mkQuire.$proc$/teamspace/studios/this_studio/Melodica-Integration-into-Fife-Core/Learn_Bluespec_and_RISCV_Design/Code/Build/Fife/verilog/mkQuire.v:1134$383'.
Removing empty process `mkQuire.$proc$/teamspace/studios/this_studio/Melodica-Integration-into-Fife-Core/Learn_Bluespec_and_RISCV_Design/Code/Build/Fife/verilog/mkQuire.v:1134$383'.
Found and cleaned up 1 empty switch in `\mkQuire.$proc$/teamspace/studios/this_studio/Melodica-Integration-into-Fife-Core/Learn_Bluespec_and_RISCV_Design/Code/Build/Fife/verilog/mkQuire.v:1108$369'.
Removing empty process `mkQuire.$proc$/teamspace/studios/this_studio/Melodica-Integration-into-Fife-Core/Learn_Bluespec_and_RISCV_Design/Code/Build/Fife/verilog/mkQuire.v:1108$369'.
Found and cleaned up 1 empty switch in `\mkQuire.$proc$/teamspace/studios/this_studio/Melodica-Integration-into-Fife-Core/Learn_Bluespec_and_RISCV_Design/Code/Build/Fife/verilog/mkQuire.v:1082$355'.
Removing empty process `mkQuire.$proc$/teamspace/studios/this_studio/Melodica-Integration-into-Fife-Core/Learn_Bluespec_and_RISCV_Design/Code/Build/Fife/verilog/mkQuire.v:1082$355'.
Found and cleaned up 1 empty switch in `\mkQuire.$proc$/teamspace/studios/this_studio/Melodica-Integration-into-Fife-Core/Learn_Bluespec_and_RISCV_Design/Code/Build/Fife/verilog/mkQuire.v:1056$341'.
Removing empty process `mkQuire.$proc$/teamspace/studios/this_studio/Melodica-Integration-into-Fife-Core/Learn_Bluespec_and_RISCV_Design/Code/Build/Fife/verilog/mkQuire.v:1056$341'.
Found and cleaned up 1 empty switch in `\mkQuire.$proc$/teamspace/studios/this_studio/Melodica-Integration-into-Fife-Core/Learn_Bluespec_and_RISCV_Design/Code/Build/Fife/verilog/mkQuire.v:1030$327'.
Removing empty process `mkQuire.$proc$/teamspace/studios/this_studio/Melodica-Integration-into-Fife-Core/Learn_Bluespec_and_RISCV_Design/Code/Build/Fife/verilog/mkQuire.v:1030$327'.
Found and cleaned up 1 empty switch in `\mkQuire.$proc$/teamspace/studios/this_studio/Melodica-Integration-into-Fife-Core/Learn_Bluespec_and_RISCV_Design/Code/Build/Fife/verilog/mkQuire.v:1005$317'.
Removing empty process `mkQuire.$proc$/teamspace/studios/this_studio/Melodica-Integration-into-Fife-Core/Learn_Bluespec_and_RISCV_Design/Code/Build/Fife/verilog/mkQuire.v:1005$317'.
Found and cleaned up 1 empty switch in `\mkQuire.$proc$/teamspace/studios/this_studio/Melodica-Integration-into-Fife-Core/Learn_Bluespec_and_RISCV_Design/Code/Build/Fife/verilog/mkQuire.v:980$307'.
Removing empty process `mkQuire.$proc$/teamspace/studios/this_studio/Melodica-Integration-into-Fife-Core/Learn_Bluespec_and_RISCV_Design/Code/Build/Fife/verilog/mkQuire.v:980$307'.
Found and cleaned up 1 empty switch in `\mkQuire.$proc$/teamspace/studios/this_studio/Melodica-Integration-into-Fife-Core/Learn_Bluespec_and_RISCV_Design/Code/Build/Fife/verilog/mkQuire.v:955$297'.
Removing empty process `mkQuire.$proc$/teamspace/studios/this_studio/Melodica-Integration-into-Fife-Core/Learn_Bluespec_and_RISCV_Design/Code/Build/Fife/verilog/mkQuire.v:955$297'.
Found and cleaned up 1 empty switch in `\mkQuire.$proc$/teamspace/studios/this_studio/Melodica-Integration-into-Fife-Core/Learn_Bluespec_and_RISCV_Design/Code/Build/Fife/verilog/mkQuire.v:930$287'.
Removing empty process `mkQuire.$proc$/teamspace/studios/this_studio/Melodica-Integration-into-Fife-Core/Learn_Bluespec_and_RISCV_Design/Code/Build/Fife/verilog/mkQuire.v:930$287'.
Found and cleaned up 1 empty switch in `\mkQuire.$proc$/teamspace/studios/this_studio/Melodica-Integration-into-Fife-Core/Learn_Bluespec_and_RISCV_Design/Code/Build/Fife/verilog/mkQuire.v:905$277'.
Removing empty process `mkQuire.$proc$/teamspace/studios/this_studio/Melodica-Integration-into-Fife-Core/Learn_Bluespec_and_RISCV_Design/Code/Build/Fife/verilog/mkQuire.v:905$277'.
Found and cleaned up 1 empty switch in `\mkQuire.$proc$/teamspace/studios/this_studio/Melodica-Integration-into-Fife-Core/Learn_Bluespec_and_RISCV_Design/Code/Build/Fife/verilog/mkQuire.v:881$267'.
Removing empty process `mkQuire.$proc$/teamspace/studios/this_studio/Melodica-Integration-into-Fife-Core/Learn_Bluespec_and_RISCV_Design/Code/Build/Fife/verilog/mkQuire.v:881$267'.
Found and cleaned up 1 empty switch in `\mkQuire.$proc$/teamspace/studios/this_studio/Melodica-Integration-into-Fife-Core/Learn_Bluespec_and_RISCV_Design/Code/Build/Fife/verilog/mkQuire.v:858$257'.
Removing empty process `mkQuire.$proc$/teamspace/studios/this_studio/Melodica-Integration-into-Fife-Core/Learn_Bluespec_and_RISCV_Design/Code/Build/Fife/verilog/mkQuire.v:858$257'.
Found and cleaned up 1 empty switch in `$paramod$77feb722284cbb4b2efebea6faec56b4318dabcc\SizedFIFO.$proc$/teamspace/studios/this_studio/Melodica-Integration-into-Fife-Core/bsc/lib/Verilog/SizedFIFO.v:190$932'.
Removing empty process `$paramod$77feb722284cbb4b2efebea6faec56b4318dabcc\SizedFIFO.$proc$/teamspace/studios/this_studio/Melodica-Integration-into-Fife-Core/bsc/lib/Verilog/SizedFIFO.v:190$932'.
Found and cleaned up 1 empty switch in `$paramod$77feb722284cbb4b2efebea6faec56b4318dabcc\SizedFIFO.$proc$/teamspace/studios/this_studio/Melodica-Integration-into-Fife-Core/bsc/lib/Verilog/SizedFIFO.v:167$929'.
Removing empty process `$paramod$77feb722284cbb4b2efebea6faec56b4318dabcc\SizedFIFO.$proc$/teamspace/studios/this_studio/Melodica-Integration-into-Fife-Core/bsc/lib/Verilog/SizedFIFO.v:167$929'.
Found and cleaned up 3 empty switches in `$paramod$77feb722284cbb4b2efebea6faec56b4318dabcc\SizedFIFO.$proc$/teamspace/studios/this_studio/Melodica-Integration-into-Fife-Core/bsc/lib/Verilog/SizedFIFO.v:107$924'.
Removing empty process `$paramod$77feb722284cbb4b2efebea6faec56b4318dabcc\SizedFIFO.$proc$/teamspace/studios/this_studio/Melodica-Integration-into-Fife-Core/bsc/lib/Verilog/SizedFIFO.v:107$924'.
Found and cleaned up 1 empty switch in `$paramod$a0c6df3c1489bcd5c1c6c2071c80faf091665997\SizedFIFO.$proc$/teamspace/studios/this_studio/Melodica-Integration-into-Fife-Core/bsc/lib/Verilog/SizedFIFO.v:190$901'.
Removing empty process `$paramod$a0c6df3c1489bcd5c1c6c2071c80faf091665997\SizedFIFO.$proc$/teamspace/studios/this_studio/Melodica-Integration-into-Fife-Core/bsc/lib/Verilog/SizedFIFO.v:190$901'.
Found and cleaned up 1 empty switch in `$paramod$a0c6df3c1489bcd5c1c6c2071c80faf091665997\SizedFIFO.$proc$/teamspace/studios/this_studio/Melodica-Integration-into-Fife-Core/bsc/lib/Verilog/SizedFIFO.v:167$898'.
Removing empty process `$paramod$a0c6df3c1489bcd5c1c6c2071c80faf091665997\SizedFIFO.$proc$/teamspace/studios/this_studio/Melodica-Integration-into-Fife-Core/bsc/lib/Verilog/SizedFIFO.v:167$898'.
Found and cleaned up 3 empty switches in `$paramod$a0c6df3c1489bcd5c1c6c2071c80faf091665997\SizedFIFO.$proc$/teamspace/studios/this_studio/Melodica-Integration-into-Fife-Core/bsc/lib/Verilog/SizedFIFO.v:107$893'.
Removing empty process `$paramod$a0c6df3c1489bcd5c1c6c2071c80faf091665997\SizedFIFO.$proc$/teamspace/studios/this_studio/Melodica-Integration-into-Fife-Core/bsc/lib/Verilog/SizedFIFO.v:107$893'.
Found and cleaned up 1 empty switch in `$paramod\FIFO1\width=32'00000000000000000000000000001001\guarded=1'1.$proc$/teamspace/studios/this_studio/Melodica-Integration-into-Fife-Core/bsc/lib/Verilog/FIFO1.v:96$955'.
Removing empty process `$paramod\FIFO1\width=32'00000000000000000000000000001001\guarded=1'1.$proc$/teamspace/studios/this_studio/Melodica-Integration-into-Fife-Core/bsc/lib/Verilog/FIFO1.v:96$955'.
Found and cleaned up 4 empty switches in `$paramod\FIFO1\width=32'00000000000000000000000000001001\guarded=1'1.$proc$/teamspace/studios/this_studio/Melodica-Integration-into-Fife-Core/bsc/lib/Verilog/FIFO1.v:73$953'.
Removing empty process `$paramod\FIFO1\width=32'00000000000000000000000000001001\guarded=1'1.$proc$/teamspace/studios/this_studio/Melodica-Integration-into-Fife-Core/bsc/lib/Verilog/FIFO1.v:73$953'.
Found and cleaned up 1 empty switch in `$paramod\FIFO1\width=32'00000000000000000000000000101001\guarded=1'1.$proc$/teamspace/studios/this_studio/Melodica-Integration-into-Fife-Core/bsc/lib/Verilog/FIFO1.v:96$951'.
Removing empty process `$paramod\FIFO1\width=32'00000000000000000000000000101001\guarded=1'1.$proc$/teamspace/studios/this_studio/Melodica-Integration-into-Fife-Core/bsc/lib/Verilog/FIFO1.v:96$951'.
Found and cleaned up 4 empty switches in `$paramod\FIFO1\width=32'00000000000000000000000000101001\guarded=1'1.$proc$/teamspace/studios/this_studio/Melodica-Integration-into-Fife-Core/bsc/lib/Verilog/FIFO1.v:73$949'.
Removing empty process `$paramod\FIFO1\width=32'00000000000000000000000000101001\guarded=1'1.$proc$/teamspace/studios/this_studio/Melodica-Integration-into-Fife-Core/bsc/lib/Verilog/FIFO1.v:73$949'.
Cleaned up 55 empty switches.

14.2.12. Executing OPT_EXPR pass (perform const folding).
Optimizing module mkQuire.
<suppressed ~148 debug messages>
Optimizing module module_fn_twosC_quire.
Optimizing module $paramod$77feb722284cbb4b2efebea6faec56b4318dabcc\SizedFIFO.
<suppressed ~6 debug messages>
Optimizing module $paramod$a0c6df3c1489bcd5c1c6c2071c80faf091665997\SizedFIFO.
<suppressed ~6 debug messages>
Optimizing module $paramod\FIFO1\width=32'00000000000000000000000000001001\guarded=1'1.
<suppressed ~2 debug messages>
Optimizing module $paramod\FIFO1\width=32'00000000000000000000000000101001\guarded=1'1.
<suppressed ~2 debug messages>

14.3. Executing FLATTEN pass (flatten design).
Deleting now unused module module_fn_twosC_quire.
Deleting now unused module $paramod$77feb722284cbb4b2efebea6faec56b4318dabcc\SizedFIFO.
Deleting now unused module $paramod$a0c6df3c1489bcd5c1c6c2071c80faf091665997\SizedFIFO.
Deleting now unused module $paramod\FIFO1\width=32'00000000000000000000000000001001\guarded=1'1.
Deleting now unused module $paramod\FIFO1\width=32'00000000000000000000000000101001\guarded=1'1.
<suppressed ~18 debug messages>

14.4. Executing OPT_EXPR pass (perform const folding).
Optimizing module mkQuire.
<suppressed ~38 debug messages>

14.5. Executing OPT_CLEAN pass (remove unused cells and wires).
Finding unused cells or wires in module \mkQuire..
Removed 72 unused cells and 837 unused wires.
<suppressed ~76 debug messages>

14.6. Executing CHECK pass (checking for obvious problems).
Checking module mkQuire...
Found and reported 0 problems.

14.7. Executing OPT pass (performing simple optimizations).

14.7.1. Executing OPT_EXPR pass (perform const folding).
Optimizing module mkQuire.

14.7.2. Executing OPT_MERGE pass (detect identical cells).
Finding identical cells in module `\mkQuire'.
<suppressed ~888 debug messages>
Removed a total of 296 cells.

14.7.3. Executing OPT_MUXTREE pass (detect dead branches in mux trees).
Running muxtree optimizer on module \mkQuire..
  Creating internal representation of mux trees.
  Evaluating internal representation of mux trees.
      Replacing known input bits on port A of cell $flatten\seg_adder_vff_carry_1.$procmux$1197: \seg_adder_vff_carry_1.not_ring_full -> 1'0
      Replacing known input bits on port A of cell $flatten\seg_adder_vff_carry_2.$procmux$1197: \seg_adder_vff_carry_2.not_ring_full -> 1'0
      Replacing known input bits on port A of cell $flatten\seg_adder_vff_carry_3.$procmux$1197: \seg_adder_vff_carry_3.not_ring_full -> 1'0
      Replacing known input bits on port A of cell $flatten\seg_adder_vff_carry_4.$procmux$1197: \seg_adder_vff_carry_4.not_ring_full -> 1'0
      Replacing known input bits on port A of cell $flatten\seg_adder_vff_carry_5.$procmux$1197: \seg_adder_vff_carry_5.not_ring_full -> 1'0
      Replacing known input bits on port A of cell $flatten\seg_adder_vff_in_0.$procmux$1255: \seg_adder_vff_in_0.not_ring_full -> 1'0
      Replacing known input bits on port A of cell $flatten\seg_adder_vff_in_1.$procmux$1255: \seg_adder_vff_in_1.not_ring_full -> 1'0
      Replacing known input bits on port A of cell $flatten\seg_adder_vff_in_2.$procmux$1255: \seg_adder_vff_in_2.not_ring_full -> 1'0
      Replacing known input bits on port A of cell $flatten\seg_adder_vff_in_3.$procmux$1255: \seg_adder_vff_in_3.not_ring_full -> 1'0
      Replacing known input bits on port A of cell $flatten\seg_adder_vff_in_4.$procmux$1255: \seg_adder_vff_in_4.not_ring_full -> 1'0
      Replacing known input bits on port A of cell $flatten\seg_adder_vff_in_5.$procmux$1255: \seg_adder_vff_in_5.not_ring_full -> 1'0
      Replacing known input bits on port A of cell $flatten\seg_adder_vff_in_6.$procmux$1255: \seg_adder_vff_in_6.not_ring_full -> 1'0
      Replacing known input bits on port A of cell $flatten\seg_adder_vff_carry_0.$procmux$1197: \seg_adder_vff_carry_0.not_ring_full -> 1'0
      Replacing known input bits on port A of cell $flatten\instance_fn_twosC_quire_1.$ternary$/teamspace/studios/this_studio/Melodica-Integration-into-Fife-Core/Learn_Bluespec_and_RISCV_Design/Code/Build/Fife/verilog/module_fn_twosC_quire.v:109$121: \vrg_quire_6 -> { 1'1 \vrg_quire_6 [30:0] }
      Replacing known input bits on port A of cell $ternary$/teamspace/studios/this_studio/Melodica-Integration-into-Fife-Core/Learn_Bluespec_and_RISCV_Design/Code/Build/Fife/verilog/mkQuire.v:1579$523: \init_x [34:26] -> { 1'0 \init_x [33:26] }
  Analyzing evaluation results.
    dead port 3/4 on $pmux $flatten\seg_adder_vff_carry_1.$procmux$1163.
    dead port 3/4 on $pmux $flatten\seg_adder_vff_carry_1.$procmux$1172.
    dead port 3/4 on $pmux $flatten\seg_adder_vff_carry_1.$procmux$1181.
    dead port 3/4 on $pmux $flatten\seg_adder_vff_carry_1.$procmux$1190.
    dead port 3/4 on $pmux $flatten\seg_adder_vff_carry_1.$procmux$1199.
    dead port 3/4 on $pmux $flatten\seg_adder_vff_carry_2.$procmux$1163.
    dead port 3/4 on $pmux $flatten\seg_adder_vff_carry_2.$procmux$1172.
    dead port 3/4 on $pmux $flatten\seg_adder_vff_carry_2.$procmux$1181.
    dead port 3/4 on $pmux $flatten\seg_adder_vff_carry_2.$procmux$1190.
    dead port 3/4 on $pmux $flatten\seg_adder_vff_carry_2.$procmux$1199.
    dead port 3/4 on $pmux $flatten\seg_adder_vff_carry_3.$procmux$1163.
    dead port 3/4 on $pmux $flatten\seg_adder_vff_carry_3.$procmux$1172.
    dead port 3/4 on $pmux $flatten\seg_adder_vff_carry_3.$procmux$1181.
    dead port 3/4 on $pmux $flatten\seg_adder_vff_carry_3.$procmux$1190.
    dead port 3/4 on $pmux $flatten\seg_adder_vff_carry_3.$procmux$1199.
    dead port 3/4 on $pmux $flatten\seg_adder_vff_carry_4.$procmux$1163.
    dead port 3/4 on $pmux $flatten\seg_adder_vff_carry_4.$procmux$1172.
    dead port 3/4 on $pmux $flatten\seg_adder_vff_carry_4.$procmux$1181.
    dead port 3/4 on $pmux $flatten\seg_adder_vff_carry_4.$procmux$1190.
    dead port 3/4 on $pmux $flatten\seg_adder_vff_carry_4.$procmux$1199.
    dead port 3/4 on $pmux $flatten\seg_adder_vff_carry_5.$procmux$1163.
    dead port 3/4 on $pmux $flatten\seg_adder_vff_carry_5.$procmux$1172.
    dead port 3/4 on $pmux $flatten\seg_adder_vff_carry_5.$procmux$1181.
    dead port 3/4 on $pmux $flatten\seg_adder_vff_carry_5.$procmux$1190.
    dead port 3/4 on $pmux $flatten\seg_adder_vff_carry_5.$procmux$1199.
    dead port 3/4 on $pmux $flatten\seg_adder_vff_in_0.$procmux$1221.
    dead port 3/4 on $pmux $flatten\seg_adder_vff_in_0.$procmux$1230.
    dead port 3/4 on $pmux $flatten\seg_adder_vff_in_0.$procmux$1239.
    dead port 3/4 on $pmux $flatten\seg_adder_vff_in_0.$procmux$1248.
    dead port 3/4 on $pmux $flatten\seg_adder_vff_in_0.$procmux$1257.
    dead port 3/4 on $pmux $flatten\seg_adder_vff_in_1.$procmux$1221.
    dead port 3/4 on $pmux $flatten\seg_adder_vff_in_1.$procmux$1230.
    dead port 3/4 on $pmux $flatten\seg_adder_vff_in_1.$procmux$1239.
    dead port 3/4 on $pmux $flatten\seg_adder_vff_in_1.$procmux$1248.
    dead port 3/4 on $pmux $flatten\seg_adder_vff_in_1.$procmux$1257.
    dead port 3/4 on $pmux $flatten\seg_adder_vff_in_2.$procmux$1221.
    dead port 3/4 on $pmux $flatten\seg_adder_vff_in_2.$procmux$1230.
    dead port 3/4 on $pmux $flatten\seg_adder_vff_in_2.$procmux$1239.
    dead port 3/4 on $pmux $flatten\seg_adder_vff_in_2.$procmux$1248.
    dead port 3/4 on $pmux $flatten\seg_adder_vff_in_2.$procmux$1257.
    dead port 3/4 on $pmux $flatten\seg_adder_vff_in_3.$procmux$1221.
    dead port 3/4 on $pmux $flatten\seg_adder_vff_in_3.$procmux$1230.
    dead port 3/4 on $pmux $flatten\seg_adder_vff_in_3.$procmux$1239.
    dead port 3/4 on $pmux $flatten\seg_adder_vff_in_3.$procmux$1248.
    dead port 3/4 on $pmux $flatten\seg_adder_vff_in_3.$procmux$1257.
    dead port 3/4 on $pmux $flatten\seg_adder_vff_in_4.$procmux$1221.
    dead port 3/4 on $pmux $flatten\seg_adder_vff_in_4.$procmux$1230.
    dead port 3/4 on $pmux $flatten\seg_adder_vff_in_4.$procmux$1239.
    dead port 3/4 on $pmux $flatten\seg_adder_vff_in_4.$procmux$1248.
    dead port 3/4 on $pmux $flatten\seg_adder_vff_in_4.$procmux$1257.
    dead port 3/4 on $pmux $flatten\seg_adder_vff_in_5.$procmux$1221.
    dead port 3/4 on $pmux $flatten\seg_adder_vff_in_5.$procmux$1230.
    dead port 3/4 on $pmux $flatten\seg_adder_vff_in_5.$procmux$1239.
    dead port 3/4 on $pmux $flatten\seg_adder_vff_in_5.$procmux$1248.
    dead port 3/4 on $pmux $flatten\seg_adder_vff_in_5.$procmux$1257.
    dead port 3/4 on $pmux $flatten\seg_adder_vff_in_6.$procmux$1221.
    dead port 3/4 on $pmux $flatten\seg_adder_vff_in_6.$procmux$1230.
    dead port 3/4 on $pmux $flatten\seg_adder_vff_in_6.$procmux$1239.
    dead port 3/4 on $pmux $flatten\seg_adder_vff_in_6.$procmux$1248.
    dead port 3/4 on $pmux $flatten\seg_adder_vff_in_6.$procmux$1257.
    dead port 3/4 on $pmux $flatten\seg_adder_vff_carry_0.$procmux$1163.
    dead port 3/4 on $pmux $flatten\seg_adder_vff_carry_0.$procmux$1172.
    dead port 3/4 on $pmux $flatten\seg_adder_vff_carry_0.$procmux$1181.
    dead port 3/4 on $pmux $flatten\seg_adder_vff_carry_0.$procmux$1190.
    dead port 3/4 on $pmux $flatten\seg_adder_vff_carry_0.$procmux$1199.
Removed 65 multiplexer ports.
<suppressed ~176 debug messages>

14.7.4. Executing OPT_REDUCE pass (consolidate $*mux and $reduce_* inputs).
  Optimizing cells in module \mkQuire.
    New ctrl vector for $pmux cell $flatten\seg_adder_vff_carry_1.$procmux$1157: { $auto$opt_reduce.cc:134:opt_pmux$1341 $auto$opt_reduce.cc:134:opt_pmux$1339 }
    New ctrl vector for $pmux cell $flatten\seg_adder_vff_carry_1.$procmux$1181: $auto$opt_reduce.cc:134:opt_pmux$1343
    New ctrl vector for $pmux cell $flatten\seg_adder_vff_carry_2.$procmux$1157: { $auto$opt_reduce.cc:134:opt_pmux$1347 $auto$opt_reduce.cc:134:opt_pmux$1345 }
    New ctrl vector for $pmux cell $flatten\seg_adder_vff_carry_2.$procmux$1181: $auto$opt_reduce.cc:134:opt_pmux$1349
    New ctrl vector for $pmux cell $flatten\seg_adder_vff_carry_3.$procmux$1157: { $auto$opt_reduce.cc:134:opt_pmux$1353 $auto$opt_reduce.cc:134:opt_pmux$1351 }
    New ctrl vector for $pmux cell $flatten\seg_adder_vff_carry_3.$procmux$1181: $auto$opt_reduce.cc:134:opt_pmux$1355
    New ctrl vector for $pmux cell $flatten\seg_adder_vff_carry_4.$procmux$1157: { $auto$opt_reduce.cc:134:opt_pmux$1359 $auto$opt_reduce.cc:134:opt_pmux$1357 }
    New ctrl vector for $pmux cell $flatten\seg_adder_vff_carry_4.$procmux$1181: $auto$opt_reduce.cc:134:opt_pmux$1361
    New ctrl vector for $pmux cell $flatten\seg_adder_vff_carry_5.$procmux$1157: { $auto$opt_reduce.cc:134:opt_pmux$1365 $auto$opt_reduce.cc:134:opt_pmux$1363 }
    New ctrl vector for $pmux cell $flatten\seg_adder_vff_carry_5.$procmux$1181: $auto$opt_reduce.cc:134:opt_pmux$1367
    Consolidated identical input bits for $mux cell $flatten\seg_adder_vff_in_0.$procmux$1207:
      Old ports: A=0, B=32'11111111111111111111111111111111, Y=$flatten\seg_adder_vff_in_0.$0$memwr$\arr$/teamspace/studios/this_studio/Melodica-Integration-into-Fife-Core/bsc/lib/Verilog/SizedFIFO.v:206$886_EN[31:0]$904
      New ports: A=1'0, B=1'1, Y=$flatten\seg_adder_vff_in_0.$0$memwr$\arr$/teamspace/studios/this_studio/Melodica-Integration-into-Fife-Core/bsc/lib/Verilog/SizedFIFO.v:206$886_EN[31:0]$904 [0]
      New connections: $flatten\seg_adder_vff_in_0.$0$memwr$\arr$/teamspace/studios/this_studio/Melodica-Integration-into-Fife-Core/bsc/lib/Verilog/SizedFIFO.v:206$886_EN[31:0]$904 [31:1] = { $flatten\seg_adder_vff_in_0.$0$memwr$\arr$/teamspace/studios/this_studio/Melodica-Integration-into-Fife-Core/bsc/lib/Verilog/SizedFIFO.v:206$886_EN[31:0]$904 [0] $flatten\seg_adder_vff_in_0.$0$memwr$\arr$/teamspace/studios/this_studio/Melodica-Integration-into-Fife-Core/bsc/lib/Verilog/SizedFIFO.v:206$886_EN[31:0]$904 [0] $flatten\seg_adder_vff_in_0.$0$memwr$\arr$/teamspace/studios/this_studio/Melodica-Integration-into-Fife-Core/bsc/lib/Verilog/SizedFIFO.v:206$886_EN[31:0]$904 [0] $flatten\seg_adder_vff_in_0.$0$memwr$\arr$/teamspace/studios/this_studio/Melodica-Integration-into-Fife-Core/bsc/lib/Verilog/SizedFIFO.v:206$886_EN[31:0]$904 [0] $flatten\seg_adder_vff_in_0.$0$memwr$\arr$/teamspace/studios/this_studio/Melodica-Integration-into-Fife-Core/bsc/lib/Verilog/SizedFIFO.v:206$886_EN[31:0]$904 [0] $flatten\seg_adder_vff_in_0.$0$memwr$\arr$/teamspace/studios/this_studio/Melodica-Integration-into-Fife-Core/bsc/lib/Verilog/SizedFIFO.v:206$886_EN[31:0]$904 [0] $flatten\seg_adder_vff_in_0.$0$memwr$\arr$/teamspace/studios/this_studio/Melodica-Integration-into-Fife-Core/bsc/lib/Verilog/SizedFIFO.v:206$886_EN[31:0]$904 [0] $flatten\seg_adder_vff_in_0.$0$memwr$\arr$/teamspace/studios/this_studio/Melodica-Integration-into-Fife-Core/bsc/lib/Verilog/SizedFIFO.v:206$886_EN[31:0]$904 [0] $flatten\seg_adder_vff_in_0.$0$memwr$\arr$/teamspace/studios/this_studio/Melodica-Integration-into-Fife-Core/bsc/lib/Verilog/SizedFIFO.v:206$886_EN[31:0]$904 [0] $flatten\seg_adder_vff_in_0.$0$memwr$\arr$/teamspace/studios/this_studio/Melodica-Integration-into-Fife-Core/bsc/lib/Verilog/SizedFIFO.v:206$886_EN[31:0]$904 [0] $flatten\seg_adder_vff_in_0.$0$memwr$\arr$/teamspace/studios/this_studio/Melodica-Integration-into-Fife-Core/bsc/lib/Verilog/SizedFIFO.v:206$886_EN[31:0]$904 [0] $flatten\seg_adder_vff_in_0.$0$memwr$\arr$/teamspace/studios/this_studio/Melodica-Integration-into-Fife-Core/bsc/lib/Verilog/SizedFIFO.v:206$886_EN[31:0]$904 [0] $flatten\seg_adder_vff_in_0.$0$memwr$\arr$/teamspace/studios/this_studio/Melodica-Integration-into-Fife-Core/bsc/lib/Verilog/SizedFIFO.v:206$886_EN[31:0]$904 [0] $flatten\seg_adder_vff_in_0.$0$memwr$\arr$/teamspace/studios/this_studio/Melodica-Integration-into-Fife-Core/bsc/lib/Verilog/SizedFIFO.v:206$886_EN[31:0]$904 [0] $flatten\seg_adder_vff_in_0.$0$memwr$\arr$/teamspace/studios/this_studio/Melodica-Integration-into-Fife-Core/bsc/lib/Verilog/SizedFIFO.v:206$886_EN[31:0]$904 [0] $flatten\seg_adder_vff_in_0.$0$memwr$\arr$/teamspace/studios/this_studio/Melodica-Integration-into-Fife-Core/bsc/lib/Verilog/SizedFIFO.v:206$886_EN[31:0]$904 [0] $flatten\seg_adder_vff_in_0.$0$memwr$\arr$/teamspace/studios/this_studio/Melodica-Integration-into-Fife-Core/bsc/lib/Verilog/SizedFIFO.v:206$886_EN[31:0]$904 [0] $flatten\seg_adder_vff_in_0.$0$memwr$\arr$/teamspace/studios/this_studio/Melodica-Integration-into-Fife-Core/bsc/lib/Verilog/SizedFIFO.v:206$886_EN[31:0]$904 [0] $flatten\seg_adder_vff_in_0.$0$memwr$\arr$/teamspace/studios/this_studio/Melodica-Integration-into-Fife-Core/bsc/lib/Verilog/SizedFIFO.v:206$886_EN[31:0]$904 [0] $flatten\seg_adder_vff_in_0.$0$memwr$\arr$/teamspace/studios/this_studio/Melodica-Integration-into-Fife-Core/bsc/lib/Verilog/SizedFIFO.v:206$886_EN[31:0]$904 [0] $flatten\seg_adder_vff_in_0.$0$memwr$\arr$/teamspace/studios/this_studio/Melodica-Integration-into-Fife-Core/bsc/lib/Verilog/SizedFIFO.v:206$886_EN[31:0]$904 [0] $flatten\seg_adder_vff_in_0.$0$memwr$\arr$/teamspace/studios/this_studio/Melodica-Integration-into-Fife-Core/bsc/lib/Verilog/SizedFIFO.v:206$886_EN[31:0]$904 [0] $flatten\seg_adder_vff_in_0.$0$memwr$\arr$/teamspace/studios/this_studio/Melodica-Integration-into-Fife-Core/bsc/lib/Verilog/SizedFIFO.v:206$886_EN[31:0]$904 [0] $flatten\seg_adder_vff_in_0.$0$memwr$\arr$/teamspace/studios/this_studio/Melodica-Integration-into-Fife-Core/bsc/lib/Verilog/SizedFIFO.v:206$886_EN[31:0]$904 [0] $flatten\seg_adder_vff_in_0.$0$memwr$\arr$/teamspace/studios/this_studio/Melodica-Integration-into-Fife-Core/bsc/lib/Verilog/SizedFIFO.v:206$886_EN[31:0]$904 [0] $flatten\seg_adder_vff_in_0.$0$memwr$\arr$/teamspace/studios/this_studio/Melodica-Integration-into-Fife-Core/bsc/lib/Verilog/SizedFIFO.v:206$886_EN[31:0]$904 [0] $flatten\seg_adder_vff_in_0.$0$memwr$\arr$/teamspace/studios/this_studio/Melodica-Integration-into-Fife-Core/bsc/lib/Verilog/SizedFIFO.v:206$886_EN[31:0]$904 [0] $flatten\seg_adder_vff_in_0.$0$memwr$\arr$/teamspace/studios/this_studio/Melodica-Integration-into-Fife-Core/bsc/lib/Verilog/SizedFIFO.v:206$886_EN[31:0]$904 [0] $flatten\seg_adder_vff_in_0.$0$memwr$\arr$/teamspace/studios/this_studio/Melodica-Integration-into-Fife-Core/bsc/lib/Verilog/SizedFIFO.v:206$886_EN[31:0]$904 [0] $flatten\seg_adder_vff_in_0.$0$memwr$\arr$/teamspace/studios/this_studio/Melodica-Integration-into-Fife-Core/bsc/lib/Verilog/SizedFIFO.v:206$886_EN[31:0]$904 [0] $flatten\seg_adder_vff_in_0.$0$memwr$\arr$/teamspace/studios/this_studio/Melodica-Integration-into-Fife-Core/bsc/lib/Verilog/SizedFIFO.v:206$886_EN[31:0]$904 [0] }
    New ctrl vector for $pmux cell $flatten\seg_adder_vff_in_0.$procmux$1215: { $auto$opt_reduce.cc:134:opt_pmux$1371 $auto$opt_reduce.cc:134:opt_pmux$1369 }
    New ctrl vector for $pmux cell $flatten\seg_adder_vff_in_0.$procmux$1239: $auto$opt_reduce.cc:134:opt_pmux$1373
    Consolidated identical input bits for $mux cell $flatten\seg_adder_vff_in_1.$procmux$1207:
      Old ports: A=0, B=32'11111111111111111111111111111111, Y=$flatten\seg_adder_vff_in_1.$0$memwr$\arr$/teamspace/studios/this_studio/Melodica-Integration-into-Fife-Core/bsc/lib/Verilog/SizedFIFO.v:206$886_EN[31:0]$904
      New ports: A=1'0, B=1'1, Y=$flatten\seg_adder_vff_in_1.$0$memwr$\arr$/teamspace/studios/this_studio/Melodica-Integration-into-Fife-Core/bsc/lib/Verilog/SizedFIFO.v:206$886_EN[31:0]$904 [0]
      New connections: $flatten\seg_adder_vff_in_1.$0$memwr$\arr$/teamspace/studios/this_studio/Melodica-Integration-into-Fife-Core/bsc/lib/Verilog/SizedFIFO.v:206$886_EN[31:0]$904 [31:1] = { $flatten\seg_adder_vff_in_1.$0$memwr$\arr$/teamspace/studios/this_studio/Melodica-Integration-into-Fife-Core/bsc/lib/Verilog/SizedFIFO.v:206$886_EN[31:0]$904 [0] $flatten\seg_adder_vff_in_1.$0$memwr$\arr$/teamspace/studios/this_studio/Melodica-Integration-into-Fife-Core/bsc/lib/Verilog/SizedFIFO.v:206$886_EN[31:0]$904 [0] $flatten\seg_adder_vff_in_1.$0$memwr$\arr$/teamspace/studios/this_studio/Melodica-Integration-into-Fife-Core/bsc/lib/Verilog/SizedFIFO.v:206$886_EN[31:0]$904 [0] $flatten\seg_adder_vff_in_1.$0$memwr$\arr$/teamspace/studios/this_studio/Melodica-Integration-into-Fife-Core/bsc/lib/Verilog/SizedFIFO.v:206$886_EN[31:0]$904 [0] $flatten\seg_adder_vff_in_1.$0$memwr$\arr$/teamspace/studios/this_studio/Melodica-Integration-into-Fife-Core/bsc/lib/Verilog/SizedFIFO.v:206$886_EN[31:0]$904 [0] $flatten\seg_adder_vff_in_1.$0$memwr$\arr$/teamspace/studios/this_studio/Melodica-Integration-into-Fife-Core/bsc/lib/Verilog/SizedFIFO.v:206$886_EN[31:0]$904 [0] $flatten\seg_adder_vff_in_1.$0$memwr$\arr$/teamspace/studios/this_studio/Melodica-Integration-into-Fife-Core/bsc/lib/Verilog/SizedFIFO.v:206$886_EN[31:0]$904 [0] $flatten\seg_adder_vff_in_1.$0$memwr$\arr$/teamspace/studios/this_studio/Melodica-Integration-into-Fife-Core/bsc/lib/Verilog/SizedFIFO.v:206$886_EN[31:0]$904 [0] $flatten\seg_adder_vff_in_1.$0$memwr$\arr$/teamspace/studios/this_studio/Melodica-Integration-into-Fife-Core/bsc/lib/Verilog/SizedFIFO.v:206$886_EN[31:0]$904 [0] $flatten\seg_adder_vff_in_1.$0$memwr$\arr$/teamspace/studios/this_studio/Melodica-Integration-into-Fife-Core/bsc/lib/Verilog/SizedFIFO.v:206$886_EN[31:0]$904 [0] $flatten\seg_adder_vff_in_1.$0$memwr$\arr$/teamspace/studios/this_studio/Melodica-Integration-into-Fife-Core/bsc/lib/Verilog/SizedFIFO.v:206$886_EN[31:0]$904 [0] $flatten\seg_adder_vff_in_1.$0$memwr$\arr$/teamspace/studios/this_studio/Melodica-Integration-into-Fife-Core/bsc/lib/Verilog/SizedFIFO.v:206$886_EN[31:0]$904 [0] $flatten\seg_adder_vff_in_1.$0$memwr$\arr$/teamspace/studios/this_studio/Melodica-Integration-into-Fife-Core/bsc/lib/Verilog/SizedFIFO.v:206$886_EN[31:0]$904 [0] $flatten\seg_adder_vff_in_1.$0$memwr$\arr$/teamspace/studios/this_studio/Melodica-Integration-into-Fife-Core/bsc/lib/Verilog/SizedFIFO.v:206$886_EN[31:0]$904 [0] $flatten\seg_adder_vff_in_1.$0$memwr$\arr$/teamspace/studios/this_studio/Melodica-Integration-into-Fife-Core/bsc/lib/Verilog/SizedFIFO.v:206$886_EN[31:0]$904 [0] $flatten\seg_adder_vff_in_1.$0$memwr$\arr$/teamspace/studios/this_studio/Melodica-Integration-into-Fife-Core/bsc/lib/Verilog/SizedFIFO.v:206$886_EN[31:0]$904 [0] $flatten\seg_adder_vff_in_1.$0$memwr$\arr$/teamspace/studios/this_studio/Melodica-Integration-into-Fife-Core/bsc/lib/Verilog/SizedFIFO.v:206$886_EN[31:0]$904 [0] $flatten\seg_adder_vff_in_1.$0$memwr$\arr$/teamspace/studios/this_studio/Melodica-Integration-into-Fife-Core/bsc/lib/Verilog/SizedFIFO.v:206$886_EN[31:0]$904 [0] $flatten\seg_adder_vff_in_1.$0$memwr$\arr$/teamspace/studios/this_studio/Melodica-Integration-into-Fife-Core/bsc/lib/Verilog/SizedFIFO.v:206$886_EN[31:0]$904 [0] $flatten\seg_adder_vff_in_1.$0$memwr$\arr$/teamspace/studios/this_studio/Melodica-Integration-into-Fife-Core/bsc/lib/Verilog/SizedFIFO.v:206$886_EN[31:0]$904 [0] $flatten\seg_adder_vff_in_1.$0$memwr$\arr$/teamspace/studios/this_studio/Melodica-Integration-into-Fife-Core/bsc/lib/Verilog/SizedFIFO.v:206$886_EN[31:0]$904 [0] $flatten\seg_adder_vff_in_1.$0$memwr$\arr$/teamspace/studios/this_studio/Melodica-Integration-into-Fife-Core/bsc/lib/Verilog/SizedFIFO.v:206$886_EN[31:0]$904 [0] $flatten\seg_adder_vff_in_1.$0$memwr$\arr$/teamspace/studios/this_studio/Melodica-Integration-into-Fife-Core/bsc/lib/Verilog/SizedFIFO.v:206$886_EN[31:0]$904 [0] $flatten\seg_adder_vff_in_1.$0$memwr$\arr$/teamspace/studios/this_studio/Melodica-Integration-into-Fife-Core/bsc/lib/Verilog/SizedFIFO.v:206$886_EN[31:0]$904 [0] $flatten\seg_adder_vff_in_1.$0$memwr$\arr$/teamspace/studios/this_studio/Melodica-Integration-into-Fife-Core/bsc/lib/Verilog/SizedFIFO.v:206$886_EN[31:0]$904 [0] $flatten\seg_adder_vff_in_1.$0$memwr$\arr$/teamspace/studios/this_studio/Melodica-Integration-into-Fife-Core/bsc/lib/Verilog/SizedFIFO.v:206$886_EN[31:0]$904 [0] $flatten\seg_adder_vff_in_1.$0$memwr$\arr$/teamspace/studios/this_studio/Melodica-Integration-into-Fife-Core/bsc/lib/Verilog/SizedFIFO.v:206$886_EN[31:0]$904 [0] $flatten\seg_adder_vff_in_1.$0$memwr$\arr$/teamspace/studios/this_studio/Melodica-Integration-into-Fife-Core/bsc/lib/Verilog/SizedFIFO.v:206$886_EN[31:0]$904 [0] $flatten\seg_adder_vff_in_1.$0$memwr$\arr$/teamspace/studios/this_studio/Melodica-Integration-into-Fife-Core/bsc/lib/Verilog/SizedFIFO.v:206$886_EN[31:0]$904 [0] $flatten\seg_adder_vff_in_1.$0$memwr$\arr$/teamspace/studios/this_studio/Melodica-Integration-into-Fife-Core/bsc/lib/Verilog/SizedFIFO.v:206$886_EN[31:0]$904 [0] $flatten\seg_adder_vff_in_1.$0$memwr$\arr$/teamspace/studios/this_studio/Melodica-Integration-into-Fife-Core/bsc/lib/Verilog/SizedFIFO.v:206$886_EN[31:0]$904 [0] }
    New ctrl vector for $pmux cell $flatten\seg_adder_vff_in_1.$procmux$1215: { $auto$opt_reduce.cc:134:opt_pmux$1377 $auto$opt_reduce.cc:134:opt_pmux$1375 }
    New ctrl vector for $pmux cell $flatten\seg_adder_vff_in_1.$procmux$1239: $auto$opt_reduce.cc:134:opt_pmux$1379
    Consolidated identical input bits for $mux cell $flatten\seg_adder_vff_in_2.$procmux$1207:
      Old ports: A=0, B=32'11111111111111111111111111111111, Y=$flatten\seg_adder_vff_in_2.$0$memwr$\arr$/teamspace/studios/this_studio/Melodica-Integration-into-Fife-Core/bsc/lib/Verilog/SizedFIFO.v:206$886_EN[31:0]$904
      New ports: A=1'0, B=1'1, Y=$flatten\seg_adder_vff_in_2.$0$memwr$\arr$/teamspace/studios/this_studio/Melodica-Integration-into-Fife-Core/bsc/lib/Verilog/SizedFIFO.v:206$886_EN[31:0]$904 [0]
      New connections: $flatten\seg_adder_vff_in_2.$0$memwr$\arr$/teamspace/studios/this_studio/Melodica-Integration-into-Fife-Core/bsc/lib/Verilog/SizedFIFO.v:206$886_EN[31:0]$904 [31:1] = { $flatten\seg_adder_vff_in_2.$0$memwr$\arr$/teamspace/studios/this_studio/Melodica-Integration-into-Fife-Core/bsc/lib/Verilog/SizedFIFO.v:206$886_EN[31:0]$904 [0] $flatten\seg_adder_vff_in_2.$0$memwr$\arr$/teamspace/studios/this_studio/Melodica-Integration-into-Fife-Core/bsc/lib/Verilog/SizedFIFO.v:206$886_EN[31:0]$904 [0] $flatten\seg_adder_vff_in_2.$0$memwr$\arr$/teamspace/studios/this_studio/Melodica-Integration-into-Fife-Core/bsc/lib/Verilog/SizedFIFO.v:206$886_EN[31:0]$904 [0] $flatten\seg_adder_vff_in_2.$0$memwr$\arr$/teamspace/studios/this_studio/Melodica-Integration-into-Fife-Core/bsc/lib/Verilog/SizedFIFO.v:206$886_EN[31:0]$904 [0] $flatten\seg_adder_vff_in_2.$0$memwr$\arr$/teamspace/studios/this_studio/Melodica-Integration-into-Fife-Core/bsc/lib/Verilog/SizedFIFO.v:206$886_EN[31:0]$904 [0] $flatten\seg_adder_vff_in_2.$0$memwr$\arr$/teamspace/studios/this_studio/Melodica-Integration-into-Fife-Core/bsc/lib/Verilog/SizedFIFO.v:206$886_EN[31:0]$904 [0] $flatten\seg_adder_vff_in_2.$0$memwr$\arr$/teamspace/studios/this_studio/Melodica-Integration-into-Fife-Core/bsc/lib/Verilog/SizedFIFO.v:206$886_EN[31:0]$904 [0] $flatten\seg_adder_vff_in_2.$0$memwr$\arr$/teamspace/studios/this_studio/Melodica-Integration-into-Fife-Core/bsc/lib/Verilog/SizedFIFO.v:206$886_EN[31:0]$904 [0] $flatten\seg_adder_vff_in_2.$0$memwr$\arr$/teamspace/studios/this_studio/Melodica-Integration-into-Fife-Core/bsc/lib/Verilog/SizedFIFO.v:206$886_EN[31:0]$904 [0] $flatten\seg_adder_vff_in_2.$0$memwr$\arr$/teamspace/studios/this_studio/Melodica-Integration-into-Fife-Core/bsc/lib/Verilog/SizedFIFO.v:206$886_EN[31:0]$904 [0] $flatten\seg_adder_vff_in_2.$0$memwr$\arr$/teamspace/studios/this_studio/Melodica-Integration-into-Fife-Core/bsc/lib/Verilog/SizedFIFO.v:206$886_EN[31:0]$904 [0] $flatten\seg_adder_vff_in_2.$0$memwr$\arr$/teamspace/studios/this_studio/Melodica-Integration-into-Fife-Core/bsc/lib/Verilog/SizedFIFO.v:206$886_EN[31:0]$904 [0] $flatten\seg_adder_vff_in_2.$0$memwr$\arr$/teamspace/studios/this_studio/Melodica-Integration-into-Fife-Core/bsc/lib/Verilog/SizedFIFO.v:206$886_EN[31:0]$904 [0] $flatten\seg_adder_vff_in_2.$0$memwr$\arr$/teamspace/studios/this_studio/Melodica-Integration-into-Fife-Core/bsc/lib/Verilog/SizedFIFO.v:206$886_EN[31:0]$904 [0] $flatten\seg_adder_vff_in_2.$0$memwr$\arr$/teamspace/studios/this_studio/Melodica-Integration-into-Fife-Core/bsc/lib/Verilog/SizedFIFO.v:206$886_EN[31:0]$904 [0] $flatten\seg_adder_vff_in_2.$0$memwr$\arr$/teamspace/studios/this_studio/Melodica-Integration-into-Fife-Core/bsc/lib/Verilog/SizedFIFO.v:206$886_EN[31:0]$904 [0] $flatten\seg_adder_vff_in_2.$0$memwr$\arr$/teamspace/studios/this_studio/Melodica-Integration-into-Fife-Core/bsc/lib/Verilog/SizedFIFO.v:206$886_EN[31:0]$904 [0] $flatten\seg_adder_vff_in_2.$0$memwr$\arr$/teamspace/studios/this_studio/Melodica-Integration-into-Fife-Core/bsc/lib/Verilog/SizedFIFO.v:206$886_EN[31:0]$904 [0] $flatten\seg_adder_vff_in_2.$0$memwr$\arr$/teamspace/studios/this_studio/Melodica-Integration-into-Fife-Core/bsc/lib/Verilog/SizedFIFO.v:206$886_EN[31:0]$904 [0] $flatten\seg_adder_vff_in_2.$0$memwr$\arr$/teamspace/studios/this_studio/Melodica-Integration-into-Fife-Core/bsc/lib/Verilog/SizedFIFO.v:206$886_EN[31:0]$904 [0] $flatten\seg_adder_vff_in_2.$0$memwr$\arr$/teamspace/studios/this_studio/Melodica-Integration-into-Fife-Core/bsc/lib/Verilog/SizedFIFO.v:206$886_EN[31:0]$904 [0] $flatten\seg_adder_vff_in_2.$0$memwr$\arr$/teamspace/studios/this_studio/Melodica-Integration-into-Fife-Core/bsc/lib/Verilog/SizedFIFO.v:206$886_EN[31:0]$904 [0] $flatten\seg_adder_vff_in_2.$0$memwr$\arr$/teamspace/studios/this_studio/Melodica-Integration-into-Fife-Core/bsc/lib/Verilog/SizedFIFO.v:206$886_EN[31:0]$904 [0] $flatten\seg_adder_vff_in_2.$0$memwr$\arr$/teamspace/studios/this_studio/Melodica-Integration-into-Fife-Core/bsc/lib/Verilog/SizedFIFO.v:206$886_EN[31:0]$904 [0] $flatten\seg_adder_vff_in_2.$0$memwr$\arr$/teamspace/studios/this_studio/Melodica-Integration-into-Fife-Core/bsc/lib/Verilog/SizedFIFO.v:206$886_EN[31:0]$904 [0] $flatten\seg_adder_vff_in_2.$0$memwr$\arr$/teamspace/studios/this_studio/Melodica-Integration-into-Fife-Core/bsc/lib/Verilog/SizedFIFO.v:206$886_EN[31:0]$904 [0] $flatten\seg_adder_vff_in_2.$0$memwr$\arr$/teamspace/studios/this_studio/Melodica-Integration-into-Fife-Core/bsc/lib/Verilog/SizedFIFO.v:206$886_EN[31:0]$904 [0] $flatten\seg_adder_vff_in_2.$0$memwr$\arr$/teamspace/studios/this_studio/Melodica-Integration-into-Fife-Core/bsc/lib/Verilog/SizedFIFO.v:206$886_EN[31:0]$904 [0] $flatten\seg_adder_vff_in_2.$0$memwr$\arr$/teamspace/studios/this_studio/Melodica-Integration-into-Fife-Core/bsc/lib/Verilog/SizedFIFO.v:206$886_EN[31:0]$904 [0] $flatten\seg_adder_vff_in_2.$0$memwr$\arr$/teamspace/studios/this_studio/Melodica-Integration-into-Fife-Core/bsc/lib/Verilog/SizedFIFO.v:206$886_EN[31:0]$904 [0] $flatten\seg_adder_vff_in_2.$0$memwr$\arr$/teamspace/studios/this_studio/Melodica-Integration-into-Fife-Core/bsc/lib/Verilog/SizedFIFO.v:206$886_EN[31:0]$904 [0] }
    New ctrl vector for $pmux cell $flatten\seg_adder_vff_in_2.$procmux$1215: { $auto$opt_reduce.cc:134:opt_pmux$1383 $auto$opt_reduce.cc:134:opt_pmux$1381 }
    New ctrl vector for $pmux cell $flatten\seg_adder_vff_in_2.$procmux$1239: $auto$opt_reduce.cc:134:opt_pmux$1385
    Consolidated identical input bits for $mux cell $flatten\seg_adder_vff_in_3.$procmux$1207:
      Old ports: A=0, B=32'11111111111111111111111111111111, Y=$flatten\seg_adder_vff_in_3.$0$memwr$\arr$/teamspace/studios/this_studio/Melodica-Integration-into-Fife-Core/bsc/lib/Verilog/SizedFIFO.v:206$886_EN[31:0]$904
      New ports: A=1'0, B=1'1, Y=$flatten\seg_adder_vff_in_3.$0$memwr$\arr$/teamspace/studios/this_studio/Melodica-Integration-into-Fife-Core/bsc/lib/Verilog/SizedFIFO.v:206$886_EN[31:0]$904 [0]
      New connections: $flatten\seg_adder_vff_in_3.$0$memwr$\arr$/teamspace/studios/this_studio/Melodica-Integration-into-Fife-Core/bsc/lib/Verilog/SizedFIFO.v:206$886_EN[31:0]$904 [31:1] = { $flatten\seg_adder_vff_in_3.$0$memwr$\arr$/teamspace/studios/this_studio/Melodica-Integration-into-Fife-Core/bsc/lib/Verilog/SizedFIFO.v:206$886_EN[31:0]$904 [0] $flatten\seg_adder_vff_in_3.$0$memwr$\arr$/teamspace/studios/this_studio/Melodica-Integration-into-Fife-Core/bsc/lib/Verilog/SizedFIFO.v:206$886_EN[31:0]$904 [0] $flatten\seg_adder_vff_in_3.$0$memwr$\arr$/teamspace/studios/this_studio/Melodica-Integration-into-Fife-Core/bsc/lib/Verilog/SizedFIFO.v:206$886_EN[31:0]$904 [0] $flatten\seg_adder_vff_in_3.$0$memwr$\arr$/teamspace/studios/this_studio/Melodica-Integration-into-Fife-Core/bsc/lib/Verilog/SizedFIFO.v:206$886_EN[31:0]$904 [0] $flatten\seg_adder_vff_in_3.$0$memwr$\arr$/teamspace/studios/this_studio/Melodica-Integration-into-Fife-Core/bsc/lib/Verilog/SizedFIFO.v:206$886_EN[31:0]$904 [0] $flatten\seg_adder_vff_in_3.$0$memwr$\arr$/teamspace/studios/this_studio/Melodica-Integration-into-Fife-Core/bsc/lib/Verilog/SizedFIFO.v:206$886_EN[31:0]$904 [0] $flatten\seg_adder_vff_in_3.$0$memwr$\arr$/teamspace/studios/this_studio/Melodica-Integration-into-Fife-Core/bsc/lib/Verilog/SizedFIFO.v:206$886_EN[31:0]$904 [0] $flatten\seg_adder_vff_in_3.$0$memwr$\arr$/teamspace/studios/this_studio/Melodica-Integration-into-Fife-Core/bsc/lib/Verilog/SizedFIFO.v:206$886_EN[31:0]$904 [0] $flatten\seg_adder_vff_in_3.$0$memwr$\arr$/teamspace/studios/this_studio/Melodica-Integration-into-Fife-Core/bsc/lib/Verilog/SizedFIFO.v:206$886_EN[31:0]$904 [0] $flatten\seg_adder_vff_in_3.$0$memwr$\arr$/teamspace/studios/this_studio/Melodica-Integration-into-Fife-Core/bsc/lib/Verilog/SizedFIFO.v:206$886_EN[31:0]$904 [0] $flatten\seg_adder_vff_in_3.$0$memwr$\arr$/teamspace/studios/this_studio/Melodica-Integration-into-Fife-Core/bsc/lib/Verilog/SizedFIFO.v:206$886_EN[31:0]$904 [0] $flatten\seg_adder_vff_in_3.$0$memwr$\arr$/teamspace/studios/this_studio/Melodica-Integration-into-Fife-Core/bsc/lib/Verilog/SizedFIFO.v:206$886_EN[31:0]$904 [0] $flatten\seg_adder_vff_in_3.$0$memwr$\arr$/teamspace/studios/this_studio/Melodica-Integration-into-Fife-Core/bsc/lib/Verilog/SizedFIFO.v:206$886_EN[31:0]$904 [0] $flatten\seg_adder_vff_in_3.$0$memwr$\arr$/teamspace/studios/this_studio/Melodica-Integration-into-Fife-Core/bsc/lib/Verilog/SizedFIFO.v:206$886_EN[31:0]$904 [0] $flatten\seg_adder_vff_in_3.$0$memwr$\arr$/teamspace/studios/this_studio/Melodica-Integration-into-Fife-Core/bsc/lib/Verilog/SizedFIFO.v:206$886_EN[31:0]$904 [0] $flatten\seg_adder_vff_in_3.$0$memwr$\arr$/teamspace/studios/this_studio/Melodica-Integration-into-Fife-Core/bsc/lib/Verilog/SizedFIFO.v:206$886_EN[31:0]$904 [0] $flatten\seg_adder_vff_in_3.$0$memwr$\arr$/teamspace/studios/this_studio/Melodica-Integration-into-Fife-Core/bsc/lib/Verilog/SizedFIFO.v:206$886_EN[31:0]$904 [0] $flatten\seg_adder_vff_in_3.$0$memwr$\arr$/teamspace/studios/this_studio/Melodica-Integration-into-Fife-Core/bsc/lib/Verilog/SizedFIFO.v:206$886_EN[31:0]$904 [0] $flatten\seg_adder_vff_in_3.$0$memwr$\arr$/teamspace/studios/this_studio/Melodica-Integration-into-Fife-Core/bsc/lib/Verilog/SizedFIFO.v:206$886_EN[31:0]$904 [0] $flatten\seg_adder_vff_in_3.$0$memwr$\arr$/teamspace/studios/this_studio/Melodica-Integration-into-Fife-Core/bsc/lib/Verilog/SizedFIFO.v:206$886_EN[31:0]$904 [0] $flatten\seg_adder_vff_in_3.$0$memwr$\arr$/teamspace/studios/this_studio/Melodica-Integration-into-Fife-Core/bsc/lib/Verilog/SizedFIFO.v:206$886_EN[31:0]$904 [0] $flatten\seg_adder_vff_in_3.$0$memwr$\arr$/teamspace/studios/this_studio/Melodica-Integration-into-Fife-Core/bsc/lib/Verilog/SizedFIFO.v:206$886_EN[31:0]$904 [0] $flatten\seg_adder_vff_in_3.$0$memwr$\arr$/teamspace/studios/this_studio/Melodica-Integration-into-Fife-Core/bsc/lib/Verilog/SizedFIFO.v:206$886_EN[31:0]$904 [0] $flatten\seg_adder_vff_in_3.$0$memwr$\arr$/teamspace/studios/this_studio/Melodica-Integration-into-Fife-Core/bsc/lib/Verilog/SizedFIFO.v:206$886_EN[31:0]$904 [0] $flatten\seg_adder_vff_in_3.$0$memwr$\arr$/teamspace/studios/this_studio/Melodica-Integration-into-Fife-Core/bsc/lib/Verilog/SizedFIFO.v:206$886_EN[31:0]$904 [0] $flatten\seg_adder_vff_in_3.$0$memwr$\arr$/teamspace/studios/this_studio/Melodica-Integration-into-Fife-Core/bsc/lib/Verilog/SizedFIFO.v:206$886_EN[31:0]$904 [0] $flatten\seg_adder_vff_in_3.$0$memwr$\arr$/teamspace/studios/this_studio/Melodica-Integration-into-Fife-Core/bsc/lib/Verilog/SizedFIFO.v:206$886_EN[31:0]$904 [0] $flatten\seg_adder_vff_in_3.$0$memwr$\arr$/teamspace/studios/this_studio/Melodica-Integration-into-Fife-Core/bsc/lib/Verilog/SizedFIFO.v:206$886_EN[31:0]$904 [0] $flatten\seg_adder_vff_in_3.$0$memwr$\arr$/teamspace/studios/this_studio/Melodica-Integration-into-Fife-Core/bsc/lib/Verilog/SizedFIFO.v:206$886_EN[31:0]$904 [0] $flatten\seg_adder_vff_in_3.$0$memwr$\arr$/teamspace/studios/this_studio/Melodica-Integration-into-Fife-Core/bsc/lib/Verilog/SizedFIFO.v:206$886_EN[31:0]$904 [0] $flatten\seg_adder_vff_in_3.$0$memwr$\arr$/teamspace/studios/this_studio/Melodica-Integration-into-Fife-Core/bsc/lib/Verilog/SizedFIFO.v:206$886_EN[31:0]$904 [0] }
    New ctrl vector for $pmux cell $flatten\seg_adder_vff_in_3.$procmux$1215: { $auto$opt_reduce.cc:134:opt_pmux$1389 $auto$opt_reduce.cc:134:opt_pmux$1387 }
    New ctrl vector for $pmux cell $flatten\seg_adder_vff_in_3.$procmux$1239: $auto$opt_reduce.cc:134:opt_pmux$1391
    Consolidated identical input bits for $mux cell $flatten\seg_adder_vff_in_4.$procmux$1207:
      Old ports: A=0, B=32'11111111111111111111111111111111, Y=$flatten\seg_adder_vff_in_4.$0$memwr$\arr$/teamspace/studios/this_studio/Melodica-Integration-into-Fife-Core/bsc/lib/Verilog/SizedFIFO.v:206$886_EN[31:0]$904
      New ports: A=1'0, B=1'1, Y=$flatten\seg_adder_vff_in_4.$0$memwr$\arr$/teamspace/studios/this_studio/Melodica-Integration-into-Fife-Core/bsc/lib/Verilog/SizedFIFO.v:206$886_EN[31:0]$904 [0]
      New connections: $flatten\seg_adder_vff_in_4.$0$memwr$\arr$/teamspace/studios/this_studio/Melodica-Integration-into-Fife-Core/bsc/lib/Verilog/SizedFIFO.v:206$886_EN[31:0]$904 [31:1] = { $flatten\seg_adder_vff_in_4.$0$memwr$\arr$/teamspace/studios/this_studio/Melodica-Integration-into-Fife-Core/bsc/lib/Verilog/SizedFIFO.v:206$886_EN[31:0]$904 [0] $flatten\seg_adder_vff_in_4.$0$memwr$\arr$/teamspace/studios/this_studio/Melodica-Integration-into-Fife-Core/bsc/lib/Verilog/SizedFIFO.v:206$886_EN[31:0]$904 [0] $flatten\seg_adder_vff_in_4.$0$memwr$\arr$/teamspace/studios/this_studio/Melodica-Integration-into-Fife-Core/bsc/lib/Verilog/SizedFIFO.v:206$886_EN[31:0]$904 [0] $flatten\seg_adder_vff_in_4.$0$memwr$\arr$/teamspace/studios/this_studio/Melodica-Integration-into-Fife-Core/bsc/lib/Verilog/SizedFIFO.v:206$886_EN[31:0]$904 [0] $flatten\seg_adder_vff_in_4.$0$memwr$\arr$/teamspace/studios/this_studio/Melodica-Integration-into-Fife-Core/bsc/lib/Verilog/SizedFIFO.v:206$886_EN[31:0]$904 [0] $flatten\seg_adder_vff_in_4.$0$memwr$\arr$/teamspace/studios/this_studio/Melodica-Integration-into-Fife-Core/bsc/lib/Verilog/SizedFIFO.v:206$886_EN[31:0]$904 [0] $flatten\seg_adder_vff_in_4.$0$memwr$\arr$/teamspace/studios/this_studio/Melodica-Integration-into-Fife-Core/bsc/lib/Verilog/SizedFIFO.v:206$886_EN[31:0]$904 [0] $flatten\seg_adder_vff_in_4.$0$memwr$\arr$/teamspace/studios/this_studio/Melodica-Integration-into-Fife-Core/bsc/lib/Verilog/SizedFIFO.v:206$886_EN[31:0]$904 [0] $flatten\seg_adder_vff_in_4.$0$memwr$\arr$/teamspace/studios/this_studio/Melodica-Integration-into-Fife-Core/bsc/lib/Verilog/SizedFIFO.v:206$886_EN[31:0]$904 [0] $flatten\seg_adder_vff_in_4.$0$memwr$\arr$/teamspace/studios/this_studio/Melodica-Integration-into-Fife-Core/bsc/lib/Verilog/SizedFIFO.v:206$886_EN[31:0]$904 [0] $flatten\seg_adder_vff_in_4.$0$memwr$\arr$/teamspace/studios/this_studio/Melodica-Integration-into-Fife-Core/bsc/lib/Verilog/SizedFIFO.v:206$886_EN[31:0]$904 [0] $flatten\seg_adder_vff_in_4.$0$memwr$\arr$/teamspace/studios/this_studio/Melodica-Integration-into-Fife-Core/bsc/lib/Verilog/SizedFIFO.v:206$886_EN[31:0]$904 [0] $flatten\seg_adder_vff_in_4.$0$memwr$\arr$/teamspace/studios/this_studio/Melodica-Integration-into-Fife-Core/bsc/lib/Verilog/SizedFIFO.v:206$886_EN[31:0]$904 [0] $flatten\seg_adder_vff_in_4.$0$memwr$\arr$/teamspace/studios/this_studio/Melodica-Integration-into-Fife-Core/bsc/lib/Verilog/SizedFIFO.v:206$886_EN[31:0]$904 [0] $flatten\seg_adder_vff_in_4.$0$memwr$\arr$/teamspace/studios/this_studio/Melodica-Integration-into-Fife-Core/bsc/lib/Verilog/SizedFIFO.v:206$886_EN[31:0]$904 [0] $flatten\seg_adder_vff_in_4.$0$memwr$\arr$/teamspace/studios/this_studio/Melodica-Integration-into-Fife-Core/bsc/lib/Verilog/SizedFIFO.v:206$886_EN[31:0]$904 [0] $flatten\seg_adder_vff_in_4.$0$memwr$\arr$/teamspace/studios/this_studio/Melodica-Integration-into-Fife-Core/bsc/lib/Verilog/SizedFIFO.v:206$886_EN[31:0]$904 [0] $flatten\seg_adder_vff_in_4.$0$memwr$\arr$/teamspace/studios/this_studio/Melodica-Integration-into-Fife-Core/bsc/lib/Verilog/SizedFIFO.v:206$886_EN[31:0]$904 [0] $flatten\seg_adder_vff_in_4.$0$memwr$\arr$/teamspace/studios/this_studio/Melodica-Integration-into-Fife-Core/bsc/lib/Verilog/SizedFIFO.v:206$886_EN[31:0]$904 [0] $flatten\seg_adder_vff_in_4.$0$memwr$\arr$/teamspace/studios/this_studio/Melodica-Integration-into-Fife-Core/bsc/lib/Verilog/SizedFIFO.v:206$886_EN[31:0]$904 [0] $flatten\seg_adder_vff_in_4.$0$memwr$\arr$/teamspace/studios/this_studio/Melodica-Integration-into-Fife-Core/bsc/lib/Verilog/SizedFIFO.v:206$886_EN[31:0]$904 [0] $flatten\seg_adder_vff_in_4.$0$memwr$\arr$/teamspace/studios/this_studio/Melodica-Integration-into-Fife-Core/bsc/lib/Verilog/SizedFIFO.v:206$886_EN[31:0]$904 [0] $flatten\seg_adder_vff_in_4.$0$memwr$\arr$/teamspace/studios/this_studio/Melodica-Integration-into-Fife-Core/bsc/lib/Verilog/SizedFIFO.v:206$886_EN[31:0]$904 [0] $flatten\seg_adder_vff_in_4.$0$memwr$\arr$/teamspace/studios/this_studio/Melodica-Integration-into-Fife-Core/bsc/lib/Verilog/SizedFIFO.v:206$886_EN[31:0]$904 [0] $flatten\seg_adder_vff_in_4.$0$memwr$\arr$/teamspace/studios/this_studio/Melodica-Integration-into-Fife-Core/bsc/lib/Verilog/SizedFIFO.v:206$886_EN[31:0]$904 [0] $flatten\seg_adder_vff_in_4.$0$memwr$\arr$/teamspace/studios/this_studio/Melodica-Integration-into-Fife-Core/bsc/lib/Verilog/SizedFIFO.v:206$886_EN[31:0]$904 [0] $flatten\seg_adder_vff_in_4.$0$memwr$\arr$/teamspace/studios/this_studio/Melodica-Integration-into-Fife-Core/bsc/lib/Verilog/SizedFIFO.v:206$886_EN[31:0]$904 [0] $flatten\seg_adder_vff_in_4.$0$memwr$\arr$/teamspace/studios/this_studio/Melodica-Integration-into-Fife-Core/bsc/lib/Verilog/SizedFIFO.v:206$886_EN[31:0]$904 [0] $flatten\seg_adder_vff_in_4.$0$memwr$\arr$/teamspace/studios/this_studio/Melodica-Integration-into-Fife-Core/bsc/lib/Verilog/SizedFIFO.v:206$886_EN[31:0]$904 [0] $flatten\seg_adder_vff_in_4.$0$memwr$\arr$/teamspace/studios/this_studio/Melodica-Integration-into-Fife-Core/bsc/lib/Verilog/SizedFIFO.v:206$886_EN[31:0]$904 [0] $flatten\seg_adder_vff_in_4.$0$memwr$\arr$/teamspace/studios/this_studio/Melodica-Integration-into-Fife-Core/bsc/lib/Verilog/SizedFIFO.v:206$886_EN[31:0]$904 [0] }
    New ctrl vector for $pmux cell $flatten\seg_adder_vff_in_4.$procmux$1215: { $auto$opt_reduce.cc:134:opt_pmux$1395 $auto$opt_reduce.cc:134:opt_pmux$1393 }
    New ctrl vector for $pmux cell $flatten\seg_adder_vff_in_4.$procmux$1239: $auto$opt_reduce.cc:134:opt_pmux$1397
    Consolidated identical input bits for $mux cell $flatten\seg_adder_vff_in_5.$procmux$1207:
      Old ports: A=0, B=32'11111111111111111111111111111111, Y=$flatten\seg_adder_vff_in_5.$0$memwr$\arr$/teamspace/studios/this_studio/Melodica-Integration-into-Fife-Core/bsc/lib/Verilog/SizedFIFO.v:206$886_EN[31:0]$904
      New ports: A=1'0, B=1'1, Y=$flatten\seg_adder_vff_in_5.$0$memwr$\arr$/teamspace/studios/this_studio/Melodica-Integration-into-Fife-Core/bsc/lib/Verilog/SizedFIFO.v:206$886_EN[31:0]$904 [0]
      New connections: $flatten\seg_adder_vff_in_5.$0$memwr$\arr$/teamspace/studios/this_studio/Melodica-Integration-into-Fife-Core/bsc/lib/Verilog/SizedFIFO.v:206$886_EN[31:0]$904 [31:1] = { $flatten\seg_adder_vff_in_5.$0$memwr$\arr$/teamspace/studios/this_studio/Melodica-Integration-into-Fife-Core/bsc/lib/Verilog/SizedFIFO.v:206$886_EN[31:0]$904 [0] $flatten\seg_adder_vff_in_5.$0$memwr$\arr$/teamspace/studios/this_studio/Melodica-Integration-into-Fife-Core/bsc/lib/Verilog/SizedFIFO.v:206$886_EN[31:0]$904 [0] $flatten\seg_adder_vff_in_5.$0$memwr$\arr$/teamspace/studios/this_studio/Melodica-Integration-into-Fife-Core/bsc/lib/Verilog/SizedFIFO.v:206$886_EN[31:0]$904 [0] $flatten\seg_adder_vff_in_5.$0$memwr$\arr$/teamspace/studios/this_studio/Melodica-Integration-into-Fife-Core/bsc/lib/Verilog/SizedFIFO.v:206$886_EN[31:0]$904 [0] $flatten\seg_adder_vff_in_5.$0$memwr$\arr$/teamspace/studios/this_studio/Melodica-Integration-into-Fife-Core/bsc/lib/Verilog/SizedFIFO.v:206$886_EN[31:0]$904 [0] $flatten\seg_adder_vff_in_5.$0$memwr$\arr$/teamspace/studios/this_studio/Melodica-Integration-into-Fife-Core/bsc/lib/Verilog/SizedFIFO.v:206$886_EN[31:0]$904 [0] $flatten\seg_adder_vff_in_5.$0$memwr$\arr$/teamspace/studios/this_studio/Melodica-Integration-into-Fife-Core/bsc/lib/Verilog/SizedFIFO.v:206$886_EN[31:0]$904 [0] $flatten\seg_adder_vff_in_5.$0$memwr$\arr$/teamspace/studios/this_studio/Melodica-Integration-into-Fife-Core/bsc/lib/Verilog/SizedFIFO.v:206$886_EN[31:0]$904 [0] $flatten\seg_adder_vff_in_5.$0$memwr$\arr$/teamspace/studios/this_studio/Melodica-Integration-into-Fife-Core/bsc/lib/Verilog/SizedFIFO.v:206$886_EN[31:0]$904 [0] $flatten\seg_adder_vff_in_5.$0$memwr$\arr$/teamspace/studios/this_studio/Melodica-Integration-into-Fife-Core/bsc/lib/Verilog/SizedFIFO.v:206$886_EN[31:0]$904 [0] $flatten\seg_adder_vff_in_5.$0$memwr$\arr$/teamspace/studios/this_studio/Melodica-Integration-into-Fife-Core/bsc/lib/Verilog/SizedFIFO.v:206$886_EN[31:0]$904 [0] $flatten\seg_adder_vff_in_5.$0$memwr$\arr$/teamspace/studios/this_studio/Melodica-Integration-into-Fife-Core/bsc/lib/Verilog/SizedFIFO.v:206$886_EN[31:0]$904 [0] $flatten\seg_adder_vff_in_5.$0$memwr$\arr$/teamspace/studios/this_studio/Melodica-Integration-into-Fife-Core/bsc/lib/Verilog/SizedFIFO.v:206$886_EN[31:0]$904 [0] $flatten\seg_adder_vff_in_5.$0$memwr$\arr$/teamspace/studios/this_studio/Melodica-Integration-into-Fife-Core/bsc/lib/Verilog/SizedFIFO.v:206$886_EN[31:0]$904 [0] $flatten\seg_adder_vff_in_5.$0$memwr$\arr$/teamspace/studios/this_studio/Melodica-Integration-into-Fife-Core/bsc/lib/Verilog/SizedFIFO.v:206$886_EN[31:0]$904 [0] $flatten\seg_adder_vff_in_5.$0$memwr$\arr$/teamspace/studios/this_studio/Melodica-Integration-into-Fife-Core/bsc/lib/Verilog/SizedFIFO.v:206$886_EN[31:0]$904 [0] $flatten\seg_adder_vff_in_5.$0$memwr$\arr$/teamspace/studios/this_studio/Melodica-Integration-into-Fife-Core/bsc/lib/Verilog/SizedFIFO.v:206$886_EN[31:0]$904 [0] $flatten\seg_adder_vff_in_5.$0$memwr$\arr$/teamspace/studios/this_studio/Melodica-Integration-into-Fife-Core/bsc/lib/Verilog/SizedFIFO.v:206$886_EN[31:0]$904 [0] $flatten\seg_adder_vff_in_5.$0$memwr$\arr$/teamspace/studios/this_studio/Melodica-Integration-into-Fife-Core/bsc/lib/Verilog/SizedFIFO.v:206$886_EN[31:0]$904 [0] $flatten\seg_adder_vff_in_5.$0$memwr$\arr$/teamspace/studios/this_studio/Melodica-Integration-into-Fife-Core/bsc/lib/Verilog/SizedFIFO.v:206$886_EN[31:0]$904 [0] $flatten\seg_adder_vff_in_5.$0$memwr$\arr$/teamspace/studios/this_studio/Melodica-Integration-into-Fife-Core/bsc/lib/Verilog/SizedFIFO.v:206$886_EN[31:0]$904 [0] $flatten\seg_adder_vff_in_5.$0$memwr$\arr$/teamspace/studios/this_studio/Melodica-Integration-into-Fife-Core/bsc/lib/Verilog/SizedFIFO.v:206$886_EN[31:0]$904 [0] $flatten\seg_adder_vff_in_5.$0$memwr$\arr$/teamspace/studios/this_studio/Melodica-Integration-into-Fife-Core/bsc/lib/Verilog/SizedFIFO.v:206$886_EN[31:0]$904 [0] $flatten\seg_adder_vff_in_5.$0$memwr$\arr$/teamspace/studios/this_studio/Melodica-Integration-into-Fife-Core/bsc/lib/Verilog/SizedFIFO.v:206$886_EN[31:0]$904 [0] $flatten\seg_adder_vff_in_5.$0$memwr$\arr$/teamspace/studios/this_studio/Melodica-Integration-into-Fife-Core/bsc/lib/Verilog/SizedFIFO.v:206$886_EN[31:0]$904 [0] $flatten\seg_adder_vff_in_5.$0$memwr$\arr$/teamspace/studios/this_studio/Melodica-Integration-into-Fife-Core/bsc/lib/Verilog/SizedFIFO.v:206$886_EN[31:0]$904 [0] $flatten\seg_adder_vff_in_5.$0$memwr$\arr$/teamspace/studios/this_studio/Melodica-Integration-into-Fife-Core/bsc/lib/Verilog/SizedFIFO.v:206$886_EN[31:0]$904 [0] $flatten\seg_adder_vff_in_5.$0$memwr$\arr$/teamspace/studios/this_studio/Melodica-Integration-into-Fife-Core/bsc/lib/Verilog/SizedFIFO.v:206$886_EN[31:0]$904 [0] $flatten\seg_adder_vff_in_5.$0$memwr$\arr$/teamspace/studios/this_studio/Melodica-Integration-into-Fife-Core/bsc/lib/Verilog/SizedFIFO.v:206$886_EN[31:0]$904 [0] $flatten\seg_adder_vff_in_5.$0$memwr$\arr$/teamspace/studios/this_studio/Melodica-Integration-into-Fife-Core/bsc/lib/Verilog/SizedFIFO.v:206$886_EN[31:0]$904 [0] $flatten\seg_adder_vff_in_5.$0$memwr$\arr$/teamspace/studios/this_studio/Melodica-Integration-into-Fife-Core/bsc/lib/Verilog/SizedFIFO.v:206$886_EN[31:0]$904 [0] }
    New ctrl vector for $pmux cell $flatten\seg_adder_vff_in_5.$procmux$1215: { $auto$opt_reduce.cc:134:opt_pmux$1401 $auto$opt_reduce.cc:134:opt_pmux$1399 }
    New ctrl vector for $pmux cell $flatten\seg_adder_vff_in_5.$procmux$1239: $auto$opt_reduce.cc:134:opt_pmux$1403
    Consolidated identical input bits for $mux cell $flatten\seg_adder_vff_in_6.$procmux$1207:
      Old ports: A=0, B=32'11111111111111111111111111111111, Y=$flatten\seg_adder_vff_in_6.$0$memwr$\arr$/teamspace/studios/this_studio/Melodica-Integration-into-Fife-Core/bsc/lib/Verilog/SizedFIFO.v:206$886_EN[31:0]$904
      New ports: A=1'0, B=1'1, Y=$flatten\seg_adder_vff_in_6.$0$memwr$\arr$/teamspace/studios/this_studio/Melodica-Integration-into-Fife-Core/bsc/lib/Verilog/SizedFIFO.v:206$886_EN[31:0]$904 [0]
      New connections: $flatten\seg_adder_vff_in_6.$0$memwr$\arr$/teamspace/studios/this_studio/Melodica-Integration-into-Fife-Core/bsc/lib/Verilog/SizedFIFO.v:206$886_EN[31:0]$904 [31:1] = { $flatten\seg_adder_vff_in_6.$0$memwr$\arr$/teamspace/studios/this_studio/Melodica-Integration-into-Fife-Core/bsc/lib/Verilog/SizedFIFO.v:206$886_EN[31:0]$904 [0] $flatten\seg_adder_vff_in_6.$0$memwr$\arr$/teamspace/studios/this_studio/Melodica-Integration-into-Fife-Core/bsc/lib/Verilog/SizedFIFO.v:206$886_EN[31:0]$904 [0] $flatten\seg_adder_vff_in_6.$0$memwr$\arr$/teamspace/studios/this_studio/Melodica-Integration-into-Fife-Core/bsc/lib/Verilog/SizedFIFO.v:206$886_EN[31:0]$904 [0] $flatten\seg_adder_vff_in_6.$0$memwr$\arr$/teamspace/studios/this_studio/Melodica-Integration-into-Fife-Core/bsc/lib/Verilog/SizedFIFO.v:206$886_EN[31:0]$904 [0] $flatten\seg_adder_vff_in_6.$0$memwr$\arr$/teamspace/studios/this_studio/Melodica-Integration-into-Fife-Core/bsc/lib/Verilog/SizedFIFO.v:206$886_EN[31:0]$904 [0] $flatten\seg_adder_vff_in_6.$0$memwr$\arr$/teamspace/studios/this_studio/Melodica-Integration-into-Fife-Core/bsc/lib/Verilog/SizedFIFO.v:206$886_EN[31:0]$904 [0] $flatten\seg_adder_vff_in_6.$0$memwr$\arr$/teamspace/studios/this_studio/Melodica-Integration-into-Fife-Core/bsc/lib/Verilog/SizedFIFO.v:206$886_EN[31:0]$904 [0] $flatten\seg_adder_vff_in_6.$0$memwr$\arr$/teamspace/studios/this_studio/Melodica-Integration-into-Fife-Core/bsc/lib/Verilog/SizedFIFO.v:206$886_EN[31:0]$904 [0] $flatten\seg_adder_vff_in_6.$0$memwr$\arr$/teamspace/studios/this_studio/Melodica-Integration-into-Fife-Core/bsc/lib/Verilog/SizedFIFO.v:206$886_EN[31:0]$904 [0] $flatten\seg_adder_vff_in_6.$0$memwr$\arr$/teamspace/studios/this_studio/Melodica-Integration-into-Fife-Core/bsc/lib/Verilog/SizedFIFO.v:206$886_EN[31:0]$904 [0] $flatten\seg_adder_vff_in_6.$0$memwr$\arr$/teamspace/studios/this_studio/Melodica-Integration-into-Fife-Core/bsc/lib/Verilog/SizedFIFO.v:206$886_EN[31:0]$904 [0] $flatten\seg_adder_vff_in_6.$0$memwr$\arr$/teamspace/studios/this_studio/Melodica-Integration-into-Fife-Core/bsc/lib/Verilog/SizedFIFO.v:206$886_EN[31:0]$904 [0] $flatten\seg_adder_vff_in_6.$0$memwr$\arr$/teamspace/studios/this_studio/Melodica-Integration-into-Fife-Core/bsc/lib/Verilog/SizedFIFO.v:206$886_EN[31:0]$904 [0] $flatten\seg_adder_vff_in_6.$0$memwr$\arr$/teamspace/studios/this_studio/Melodica-Integration-into-Fife-Core/bsc/lib/Verilog/SizedFIFO.v:206$886_EN[31:0]$904 [0] $flatten\seg_adder_vff_in_6.$0$memwr$\arr$/teamspace/studios/this_studio/Melodica-Integration-into-Fife-Core/bsc/lib/Verilog/SizedFIFO.v:206$886_EN[31:0]$904 [0] $flatten\seg_adder_vff_in_6.$0$memwr$\arr$/teamspace/studios/this_studio/Melodica-Integration-into-Fife-Core/bsc/lib/Verilog/SizedFIFO.v:206$886_EN[31:0]$904 [0] $flatten\seg_adder_vff_in_6.$0$memwr$\arr$/teamspace/studios/this_studio/Melodica-Integration-into-Fife-Core/bsc/lib/Verilog/SizedFIFO.v:206$886_EN[31:0]$904 [0] $flatten\seg_adder_vff_in_6.$0$memwr$\arr$/teamspace/studios/this_studio/Melodica-Integration-into-Fife-Core/bsc/lib/Verilog/SizedFIFO.v:206$886_EN[31:0]$904 [0] $flatten\seg_adder_vff_in_6.$0$memwr$\arr$/teamspace/studios/this_studio/Melodica-Integration-into-Fife-Core/bsc/lib/Verilog/SizedFIFO.v:206$886_EN[31:0]$904 [0] $flatten\seg_adder_vff_in_6.$0$memwr$\arr$/teamspace/studios/this_studio/Melodica-Integration-into-Fife-Core/bsc/lib/Verilog/SizedFIFO.v:206$886_EN[31:0]$904 [0] $flatten\seg_adder_vff_in_6.$0$memwr$\arr$/teamspace/studios/this_studio/Melodica-Integration-into-Fife-Core/bsc/lib/Verilog/SizedFIFO.v:206$886_EN[31:0]$904 [0] $flatten\seg_adder_vff_in_6.$0$memwr$\arr$/teamspace/studios/this_studio/Melodica-Integration-into-Fife-Core/bsc/lib/Verilog/SizedFIFO.v:206$886_EN[31:0]$904 [0] $flatten\seg_adder_vff_in_6.$0$memwr$\arr$/teamspace/studios/this_studio/Melodica-Integration-into-Fife-Core/bsc/lib/Verilog/SizedFIFO.v:206$886_EN[31:0]$904 [0] $flatten\seg_adder_vff_in_6.$0$memwr$\arr$/teamspace/studios/this_studio/Melodica-Integration-into-Fife-Core/bsc/lib/Verilog/SizedFIFO.v:206$886_EN[31:0]$904 [0] $flatten\seg_adder_vff_in_6.$0$memwr$\arr$/teamspace/studios/this_studio/Melodica-Integration-into-Fife-Core/bsc/lib/Verilog/SizedFIFO.v:206$886_EN[31:0]$904 [0] $flatten\seg_adder_vff_in_6.$0$memwr$\arr$/teamspace/studios/this_studio/Melodica-Integration-into-Fife-Core/bsc/lib/Verilog/SizedFIFO.v:206$886_EN[31:0]$904 [0] $flatten\seg_adder_vff_in_6.$0$memwr$\arr$/teamspace/studios/this_studio/Melodica-Integration-into-Fife-Core/bsc/lib/Verilog/SizedFIFO.v:206$886_EN[31:0]$904 [0] $flatten\seg_adder_vff_in_6.$0$memwr$\arr$/teamspace/studios/this_studio/Melodica-Integration-into-Fife-Core/bsc/lib/Verilog/SizedFIFO.v:206$886_EN[31:0]$904 [0] $flatten\seg_adder_vff_in_6.$0$memwr$\arr$/teamspace/studios/this_studio/Melodica-Integration-into-Fife-Core/bsc/lib/Verilog/SizedFIFO.v:206$886_EN[31:0]$904 [0] $flatten\seg_adder_vff_in_6.$0$memwr$\arr$/teamspace/studios/this_studio/Melodica-Integration-into-Fife-Core/bsc/lib/Verilog/SizedFIFO.v:206$886_EN[31:0]$904 [0] $flatten\seg_adder_vff_in_6.$0$memwr$\arr$/teamspace/studios/this_studio/Melodica-Integration-into-Fife-Core/bsc/lib/Verilog/SizedFIFO.v:206$886_EN[31:0]$904 [0] }
    New ctrl vector for $pmux cell $flatten\seg_adder_vff_in_6.$procmux$1215: { $auto$opt_reduce.cc:134:opt_pmux$1407 $auto$opt_reduce.cc:134:opt_pmux$1405 }
    New ctrl vector for $pmux cell $flatten\seg_adder_vff_in_6.$procmux$1239: $auto$opt_reduce.cc:134:opt_pmux$1409
    New ctrl vector for $pmux cell $flatten\seg_adder_vff_carry_0.$procmux$1157: { $auto$opt_reduce.cc:134:opt_pmux$1413 $auto$opt_reduce.cc:134:opt_pmux$1411 }
    New ctrl vector for $pmux cell $flatten\seg_adder_vff_carry_0.$procmux$1181: $auto$opt_reduce.cc:134:opt_pmux$1415
  Optimizing cells in module \mkQuire.
Performed a total of 33 changes.

14.7.5. Executing OPT_MERGE pass (detect identical cells).
Finding identical cells in module `\mkQuire'.
<suppressed ~39 debug messages>
Removed a total of 13 cells.

14.7.6. Executing OPT_DFF pass (perform DFF optimizations).

14.7.7. Executing OPT_CLEAN pass (remove unused cells and wires).
Finding unused cells or wires in module \mkQuire..
Removed 0 unused cells and 304 unused wires.
<suppressed ~2 debug messages>

14.7.8. Executing OPT_EXPR pass (perform const folding).
Optimizing module mkQuire.

14.7.9. Rerunning OPT passes. (Maybe there is more to do..)

14.7.10. Executing OPT_MUXTREE pass (detect dead branches in mux trees).
Running muxtree optimizer on module \mkQuire..
  Creating internal representation of mux trees.
  Evaluating internal representation of mux trees.
  Analyzing evaluation results.
Removed 0 multiplexer ports.
<suppressed ~176 debug messages>

14.7.11. Executing OPT_REDUCE pass (consolidate $*mux and $reduce_* inputs).
  Optimizing cells in module \mkQuire.
Performed a total of 0 changes.

14.7.12. Executing OPT_MERGE pass (detect identical cells).
Finding identical cells in module `\mkQuire'.
Removed a total of 0 cells.

14.7.13. Executing OPT_DFF pass (perform DFF optimizations).

14.7.14. Executing OPT_CLEAN pass (remove unused cells and wires).
Finding unused cells or wires in module \mkQuire..

14.7.15. Executing OPT_EXPR pass (perform const folding).
Optimizing module mkQuire.

14.7.16. Finished OPT passes. (There is nothing left to do.)

14.8. Executing FSM pass (extract and optimize FSM).

14.8.1. Executing FSM_DETECT pass (finding FSMs in design).
Not marking mkQuire.zero_counter_rg_numZeroSegs as FSM state register:
    Users of register don't seem to benefit from recoding.

14.8.2. Executing FSM_EXTRACT pass (extracting FSM from design).

14.8.3. Executing FSM_OPT pass (simple optimizations of FSMs).

14.8.4. Executing OPT_CLEAN pass (remove unused cells and wires).
Finding unused cells or wires in module \mkQuire..

14.8.5. Executing FSM_OPT pass (simple optimizations of FSMs).

14.8.6. Executing FSM_RECODE pass (re-assigning FSM state encoding).

14.8.7. Executing FSM_INFO pass (dumping all available information on FSM cells).

14.8.8. Executing FSM_MAP pass (mapping FSMs to basic logic).

14.9. Executing OPT pass (performing simple optimizations).

14.9.1. Executing OPT_EXPR pass (perform const folding).
Optimizing module mkQuire.

14.9.2. Executing OPT_MERGE pass (detect identical cells).
Finding identical cells in module `\mkQuire'.
Removed a total of 0 cells.

14.9.3. Executing OPT_MUXTREE pass (detect dead branches in mux trees).
Running muxtree optimizer on module \mkQuire..
  Creating internal representation of mux trees.
  Evaluating internal representation of mux trees.
  Analyzing evaluation results.
Removed 0 multiplexer ports.
<suppressed ~176 debug messages>

14.9.4. Executing OPT_REDUCE pass (consolidate $*mux and $reduce_* inputs).
  Optimizing cells in module \mkQuire.
Performed a total of 0 changes.

14.9.5. Executing OPT_MERGE pass (detect identical cells).
Finding identical cells in module `\mkQuire'.
Removed a total of 0 cells.

14.9.6. Executing OPT_DFF pass (perform DFF optimizations).
Adding SRST signal on $procdff$1309 ($dff) from module mkQuire (D = $procmux$956_Y, Q = \zero_counter_rg_seg_counter_busy, rval = 1'0).
Adding EN signal on $auto$ff.cc:266:slice$1416 ($sdff) from module mkQuire (D = \MUX_rg_read_busy$write_1__SEL_1, Q = \zero_counter_rg_seg_counter_busy).
Adding EN signal on $procdff$1308 ($dff) from module mkQuire (D = \x__h35260, Q = \zero_counter_rg_numZeroSegs).
Adding EN signal on $procdff$1307 ($dff) from module mkQuire (D = \zero_counter_rg_firstNonZeroSeg$D_IN, Q = \zero_counter_rg_firstNonZeroSeg).
Adding SRST signal on $procdff$1306 ($dff) from module mkQuire (D = $procmux$965_Y, Q = \vrg_quire_seg_zero_6, rval = 1'1).
Adding EN signal on $auto$ff.cc:266:slice$1420 ($sdff) from module mkQuire (D = \vrg_quire_seg_zero_6$D_IN, Q = \vrg_quire_seg_zero_6).
Adding SRST signal on $procdff$1305 ($dff) from module mkQuire (D = $procmux$970_Y, Q = \vrg_quire_seg_zero_5, rval = 1'1).
Adding EN signal on $auto$ff.cc:266:slice$1422 ($sdff) from module mkQuire (D = \vrg_quire_seg_zero_5$D_IN, Q = \vrg_quire_seg_zero_5).
Adding SRST signal on $procdff$1304 ($dff) from module mkQuire (D = $procmux$975_Y, Q = \vrg_quire_seg_zero_4, rval = 1'1).
Adding EN signal on $auto$ff.cc:266:slice$1424 ($sdff) from module mkQuire (D = \vrg_quire_seg_zero_4$D_IN, Q = \vrg_quire_seg_zero_4).
Adding SRST signal on $procdff$1303 ($dff) from module mkQuire (D = $procmux$980_Y, Q = \vrg_quire_seg_zero_3, rval = 1'1).
Adding EN signal on $auto$ff.cc:266:slice$1426 ($sdff) from module mkQuire (D = \vrg_quire_seg_zero_3$D_IN, Q = \vrg_quire_seg_zero_3).
Adding SRST signal on $procdff$1302 ($dff) from module mkQuire (D = $procmux$985_Y, Q = \vrg_quire_seg_zero_2, rval = 1'1).
Adding EN signal on $auto$ff.cc:266:slice$1428 ($sdff) from module mkQuire (D = \vrg_quire_seg_zero_2$D_IN, Q = \vrg_quire_seg_zero_2).
Adding SRST signal on $procdff$1301 ($dff) from module mkQuire (D = $procmux$990_Y, Q = \vrg_quire_seg_zero_1, rval = 1'1).
Adding EN signal on $auto$ff.cc:266:slice$1430 ($sdff) from module mkQuire (D = \vrg_quire_seg_zero_1$D_IN, Q = \vrg_quire_seg_zero_1).
Adding SRST signal on $procdff$1300 ($dff) from module mkQuire (D = $procmux$995_Y, Q = \vrg_quire_seg_zero_0, rval = 1'1).
Adding EN signal on $auto$ff.cc:266:slice$1432 ($sdff) from module mkQuire (D = \vrg_quire_seg_zero_0$D_IN, Q = \vrg_quire_seg_zero_0).
Adding SRST signal on $procdff$1299 ($dff) from module mkQuire (D = $procmux$1000_Y, Q = \vrg_quire_6, rval = 0).
Adding EN signal on $auto$ff.cc:266:slice$1434 ($sdff) from module mkQuire (D = \vrg_quire_6$D_IN, Q = \vrg_quire_6).
Adding SRST signal on $procdff$1298 ($dff) from module mkQuire (D = $procmux$1005_Y, Q = \vrg_quire_5, rval = 0).
Adding EN signal on $auto$ff.cc:266:slice$1436 ($sdff) from module mkQuire (D = \vrg_quire_5$D_IN, Q = \vrg_quire_5).
Adding SRST signal on $procdff$1297 ($dff) from module mkQuire (D = $procmux$1010_Y, Q = \vrg_quire_4, rval = 0).
Adding EN signal on $auto$ff.cc:266:slice$1438 ($sdff) from module mkQuire (D = \vrg_quire_4$D_IN, Q = \vrg_quire_4).
Adding SRST signal on $procdff$1296 ($dff) from module mkQuire (D = $procmux$1015_Y, Q = \vrg_quire_3, rval = 0).
Adding EN signal on $auto$ff.cc:266:slice$1440 ($sdff) from module mkQuire (D = \vrg_quire_3$D_IN, Q = \vrg_quire_3).
Adding SRST signal on $procdff$1295 ($dff) from module mkQuire (D = $procmux$1020_Y, Q = \vrg_quire_2, rval = 0).
Adding EN signal on $auto$ff.cc:266:slice$1442 ($sdff) from module mkQuire (D = \vrg_quire_2$D_IN, Q = \vrg_quire_2).
Adding SRST signal on $procdff$1294 ($dff) from module mkQuire (D = $procmux$1025_Y, Q = \vrg_quire_1, rval = 0).
Adding EN signal on $auto$ff.cc:266:slice$1444 ($sdff) from module mkQuire (D = \vrg_quire_1$D_IN, Q = \vrg_quire_1).
Adding SRST signal on $procdff$1293 ($dff) from module mkQuire (D = $procmux$1030_Y, Q = \vrg_quire_0, rval = 0).
Adding EN signal on $auto$ff.cc:266:slice$1446 ($sdff) from module mkQuire (D = \vrg_quire_0$D_IN, Q = \vrg_quire_0).
Adding SRST signal on $procdff$1292 ($dff) from module mkQuire (D = $procmux$1035_Y, Q = \seg_adder_rg_inFlight, rval = 3'000).
Adding EN signal on $auto$ff.cc:266:slice$1448 ($sdff) from module mkQuire (D = \seg_adder_rg_inFlight$D_IN, Q = \seg_adder_rg_inFlight).
Adding SRST signal on $procdff$1291 ($dff) from module mkQuire (D = $procmux$1040_Y, Q = \rg_seg_zero_upd, rval = 1'1).
Adding EN signal on $auto$ff.cc:266:slice$1450 ($sdff) from module mkQuire (D = \rg_seg_zero_upd$D_IN, Q = \rg_seg_zero_upd).
Adding SRST signal on $procdff$1290 ($dff) from module mkQuire (D = $procmux$1045_Y, Q = \rg_read_busy, rval = 1'0).
Adding EN signal on $auto$ff.cc:266:slice$1452 ($sdff) from module mkQuire (D = \MUX_rg_read_busy$write_1__SEL_1, Q = \rg_read_busy).
Adding SRST signal on $flatten\seg_adder_vff_in_6.$procdff$1327 ($dff) from module mkQuire (D = $flatten\seg_adder_vff_in_6.$procmux$1221_Y, Q = \seg_adder_vff_in_6.hasodata, rval = 1'0).
Adding EN signal on $auto$ff.cc:266:slice$1454 ($sdff) from module mkQuire (D = $flatten\seg_adder_vff_in_6.$procmux$1221_Y, Q = \seg_adder_vff_in_6.hasodata).
Adding SRST signal on $flatten\seg_adder_vff_in_6.$procdff$1326 ($dff) from module mkQuire (D = $flatten\seg_adder_vff_in_6.$procmux$1230_Y, Q = \seg_adder_vff_in_6.tail, rval = 2'00).
Adding EN signal on $auto$ff.cc:266:slice$1458 ($sdff) from module mkQuire (D = $flatten\seg_adder_vff_in_6.$procmux$1230_Y, Q = \seg_adder_vff_in_6.tail).
Adding SRST signal on $flatten\seg_adder_vff_in_6.$procdff$1325 ($dff) from module mkQuire (D = $flatten\seg_adder_vff_in_6.$procmux$1239_Y, Q = \seg_adder_vff_in_6.head, rval = 2'00).
Adding EN signal on $auto$ff.cc:266:slice$1466 ($sdff) from module mkQuire (D = \seg_adder_vff_in_6.next_head, Q = \seg_adder_vff_in_6.head).
Adding SRST signal on $flatten\seg_adder_vff_in_6.$procdff$1324 ($dff) from module mkQuire (D = $flatten\seg_adder_vff_in_6.$procmux$1248_Y, Q = \seg_adder_vff_in_6.ring_empty, rval = 1'1).
Adding EN signal on $auto$ff.cc:266:slice$1468 ($sdff) from module mkQuire (D = $flatten\seg_adder_vff_in_6.$procmux$1248_Y, Q = \seg_adder_vff_in_6.ring_empty).
Adding SRST signal on $flatten\seg_adder_vff_in_6.$procdff$1323 ($dff) from module mkQuire (D = $flatten\seg_adder_vff_in_6.$procmux$1257_Y, Q = \seg_adder_vff_in_6.not_ring_full, rval = 1'1).
Adding EN signal on $auto$ff.cc:266:slice$1476 ($sdff) from module mkQuire (D = $flatten\seg_adder_vff_in_6.$procmux$1257_Y, Q = \seg_adder_vff_in_6.not_ring_full).
Adding EN signal on $flatten\seg_adder_vff_in_6.$procdff$1322 ($dff) from module mkQuire (D = $flatten\seg_adder_vff_in_6.$0\D_OUT[31:0], Q = \seg_adder_vff_in_6.D_OUT).
Adding SRST signal on $flatten\seg_adder_vff_in_5.$procdff$1327 ($dff) from module mkQuire (D = $flatten\seg_adder_vff_in_5.$procmux$1221_Y, Q = \seg_adder_vff_in_5.hasodata, rval = 1'0).
Adding EN signal on $auto$ff.cc:266:slice$1483 ($sdff) from module mkQuire (D = $flatten\seg_adder_vff_in_5.$procmux$1221_Y, Q = \seg_adder_vff_in_5.hasodata).
Adding SRST signal on $flatten\seg_adder_vff_in_5.$procdff$1326 ($dff) from module mkQuire (D = $flatten\seg_adder_vff_in_5.$procmux$1230_Y, Q = \seg_adder_vff_in_5.tail, rval = 2'00).
Adding EN signal on $auto$ff.cc:266:slice$1487 ($sdff) from module mkQuire (D = $flatten\seg_adder_vff_in_5.$procmux$1230_Y, Q = \seg_adder_vff_in_5.tail).
Adding SRST signal on $flatten\seg_adder_vff_in_5.$procdff$1325 ($dff) from module mkQuire (D = $flatten\seg_adder_vff_in_5.$procmux$1239_Y, Q = \seg_adder_vff_in_5.head, rval = 2'00).
Adding EN signal on $auto$ff.cc:266:slice$1495 ($sdff) from module mkQuire (D = \seg_adder_vff_in_5.next_head, Q = \seg_adder_vff_in_5.head).
Adding SRST signal on $flatten\seg_adder_vff_in_5.$procdff$1324 ($dff) from module mkQuire (D = $flatten\seg_adder_vff_in_5.$procmux$1248_Y, Q = \seg_adder_vff_in_5.ring_empty, rval = 1'1).
Adding EN signal on $auto$ff.cc:266:slice$1497 ($sdff) from module mkQuire (D = $flatten\seg_adder_vff_in_5.$procmux$1248_Y, Q = \seg_adder_vff_in_5.ring_empty).
Adding SRST signal on $flatten\seg_adder_vff_in_5.$procdff$1323 ($dff) from module mkQuire (D = $flatten\seg_adder_vff_in_5.$procmux$1257_Y, Q = \seg_adder_vff_in_5.not_ring_full, rval = 1'1).
Adding EN signal on $auto$ff.cc:266:slice$1505 ($sdff) from module mkQuire (D = $flatten\seg_adder_vff_in_5.$procmux$1257_Y, Q = \seg_adder_vff_in_5.not_ring_full).
Adding EN signal on $flatten\seg_adder_vff_in_5.$procdff$1322 ($dff) from module mkQuire (D = $flatten\seg_adder_vff_in_5.$0\D_OUT[31:0], Q = \seg_adder_vff_in_5.D_OUT).
Adding SRST signal on $flatten\seg_adder_vff_in_4.$procdff$1327 ($dff) from module mkQuire (D = $flatten\seg_adder_vff_in_4.$procmux$1221_Y, Q = \seg_adder_vff_in_4.hasodata, rval = 1'0).
Adding EN signal on $auto$ff.cc:266:slice$1512 ($sdff) from module mkQuire (D = $flatten\seg_adder_vff_in_4.$procmux$1221_Y, Q = \seg_adder_vff_in_4.hasodata).
Adding SRST signal on $flatten\seg_adder_vff_in_4.$procdff$1326 ($dff) from module mkQuire (D = $flatten\seg_adder_vff_in_4.$procmux$1230_Y, Q = \seg_adder_vff_in_4.tail, rval = 2'00).
Adding EN signal on $auto$ff.cc:266:slice$1516 ($sdff) from module mkQuire (D = $flatten\seg_adder_vff_in_4.$procmux$1230_Y, Q = \seg_adder_vff_in_4.tail).
Adding SRST signal on $flatten\seg_adder_vff_in_4.$procdff$1325 ($dff) from module mkQuire (D = $flatten\seg_adder_vff_in_4.$procmux$1239_Y, Q = \seg_adder_vff_in_4.head, rval = 2'00).
Adding EN signal on $auto$ff.cc:266:slice$1524 ($sdff) from module mkQuire (D = \seg_adder_vff_in_4.next_head, Q = \seg_adder_vff_in_4.head).
Adding SRST signal on $flatten\seg_adder_vff_in_4.$procdff$1324 ($dff) from module mkQuire (D = $flatten\seg_adder_vff_in_4.$procmux$1248_Y, Q = \seg_adder_vff_in_4.ring_empty, rval = 1'1).
Adding EN signal on $auto$ff.cc:266:slice$1526 ($sdff) from module mkQuire (D = $flatten\seg_adder_vff_in_4.$procmux$1248_Y, Q = \seg_adder_vff_in_4.ring_empty).
Adding SRST signal on $flatten\seg_adder_vff_in_4.$procdff$1323 ($dff) from module mkQuire (D = $flatten\seg_adder_vff_in_4.$procmux$1257_Y, Q = \seg_adder_vff_in_4.not_ring_full, rval = 1'1).
Adding EN signal on $auto$ff.cc:266:slice$1534 ($sdff) from module mkQuire (D = $flatten\seg_adder_vff_in_4.$procmux$1257_Y, Q = \seg_adder_vff_in_4.not_ring_full).
Adding EN signal on $flatten\seg_adder_vff_in_4.$procdff$1322 ($dff) from module mkQuire (D = $flatten\seg_adder_vff_in_4.$0\D_OUT[31:0], Q = \seg_adder_vff_in_4.D_OUT).
Adding SRST signal on $flatten\seg_adder_vff_in_3.$procdff$1327 ($dff) from module mkQuire (D = $flatten\seg_adder_vff_in_3.$procmux$1221_Y, Q = \seg_adder_vff_in_3.hasodata, rval = 1'0).
Adding EN signal on $auto$ff.cc:266:slice$1541 ($sdff) from module mkQuire (D = $flatten\seg_adder_vff_in_3.$procmux$1221_Y, Q = \seg_adder_vff_in_3.hasodata).
Adding SRST signal on $flatten\seg_adder_vff_in_3.$procdff$1326 ($dff) from module mkQuire (D = $flatten\seg_adder_vff_in_3.$procmux$1230_Y, Q = \seg_adder_vff_in_3.tail, rval = 2'00).
Adding EN signal on $auto$ff.cc:266:slice$1545 ($sdff) from module mkQuire (D = $flatten\seg_adder_vff_in_3.$procmux$1230_Y, Q = \seg_adder_vff_in_3.tail).
Adding SRST signal on $flatten\seg_adder_vff_in_3.$procdff$1325 ($dff) from module mkQuire (D = $flatten\seg_adder_vff_in_3.$procmux$1239_Y, Q = \seg_adder_vff_in_3.head, rval = 2'00).
Adding EN signal on $auto$ff.cc:266:slice$1553 ($sdff) from module mkQuire (D = \seg_adder_vff_in_3.next_head, Q = \seg_adder_vff_in_3.head).
Adding SRST signal on $flatten\seg_adder_vff_in_3.$procdff$1324 ($dff) from module mkQuire (D = $flatten\seg_adder_vff_in_3.$procmux$1248_Y, Q = \seg_adder_vff_in_3.ring_empty, rval = 1'1).
Adding EN signal on $auto$ff.cc:266:slice$1555 ($sdff) from module mkQuire (D = $flatten\seg_adder_vff_in_3.$procmux$1248_Y, Q = \seg_adder_vff_in_3.ring_empty).
Adding SRST signal on $flatten\seg_adder_vff_in_3.$procdff$1323 ($dff) from module mkQuire (D = $flatten\seg_adder_vff_in_3.$procmux$1257_Y, Q = \seg_adder_vff_in_3.not_ring_full, rval = 1'1).
Adding EN signal on $auto$ff.cc:266:slice$1563 ($sdff) from module mkQuire (D = $flatten\seg_adder_vff_in_3.$procmux$1257_Y, Q = \seg_adder_vff_in_3.not_ring_full).
Adding EN signal on $flatten\seg_adder_vff_in_3.$procdff$1322 ($dff) from module mkQuire (D = $flatten\seg_adder_vff_in_3.$0\D_OUT[31:0], Q = \seg_adder_vff_in_3.D_OUT).
Adding SRST signal on $flatten\seg_adder_vff_in_2.$procdff$1327 ($dff) from module mkQuire (D = $flatten\seg_adder_vff_in_2.$procmux$1221_Y, Q = \seg_adder_vff_in_2.hasodata, rval = 1'0).
Adding EN signal on $auto$ff.cc:266:slice$1570 ($sdff) from module mkQuire (D = $flatten\seg_adder_vff_in_2.$procmux$1221_Y, Q = \seg_adder_vff_in_2.hasodata).
Adding SRST signal on $flatten\seg_adder_vff_in_2.$procdff$1326 ($dff) from module mkQuire (D = $flatten\seg_adder_vff_in_2.$procmux$1230_Y, Q = \seg_adder_vff_in_2.tail, rval = 2'00).
Adding EN signal on $auto$ff.cc:266:slice$1574 ($sdff) from module mkQuire (D = $flatten\seg_adder_vff_in_2.$procmux$1230_Y, Q = \seg_adder_vff_in_2.tail).
Adding SRST signal on $flatten\seg_adder_vff_in_2.$procdff$1325 ($dff) from module mkQuire (D = $flatten\seg_adder_vff_in_2.$procmux$1239_Y, Q = \seg_adder_vff_in_2.head, rval = 2'00).
Adding EN signal on $auto$ff.cc:266:slice$1582 ($sdff) from module mkQuire (D = \seg_adder_vff_in_2.next_head, Q = \seg_adder_vff_in_2.head).
Adding SRST signal on $flatten\seg_adder_vff_in_2.$procdff$1324 ($dff) from module mkQuire (D = $flatten\seg_adder_vff_in_2.$procmux$1248_Y, Q = \seg_adder_vff_in_2.ring_empty, rval = 1'1).
Adding EN signal on $auto$ff.cc:266:slice$1584 ($sdff) from module mkQuire (D = $flatten\seg_adder_vff_in_2.$procmux$1248_Y, Q = \seg_adder_vff_in_2.ring_empty).
Adding SRST signal on $flatten\seg_adder_vff_in_2.$procdff$1323 ($dff) from module mkQuire (D = $flatten\seg_adder_vff_in_2.$procmux$1257_Y, Q = \seg_adder_vff_in_2.not_ring_full, rval = 1'1).
Adding EN signal on $auto$ff.cc:266:slice$1592 ($sdff) from module mkQuire (D = $flatten\seg_adder_vff_in_2.$procmux$1257_Y, Q = \seg_adder_vff_in_2.not_ring_full).
Adding EN signal on $flatten\seg_adder_vff_in_2.$procdff$1322 ($dff) from module mkQuire (D = $flatten\seg_adder_vff_in_2.$0\D_OUT[31:0], Q = \seg_adder_vff_in_2.D_OUT).
Adding SRST signal on $flatten\seg_adder_vff_in_1.$procdff$1327 ($dff) from module mkQuire (D = $flatten\seg_adder_vff_in_1.$procmux$1221_Y, Q = \seg_adder_vff_in_1.hasodata, rval = 1'0).
Adding EN signal on $auto$ff.cc:266:slice$1599 ($sdff) from module mkQuire (D = $flatten\seg_adder_vff_in_1.$procmux$1221_Y, Q = \seg_adder_vff_in_1.hasodata).
Adding SRST signal on $flatten\seg_adder_vff_in_1.$procdff$1326 ($dff) from module mkQuire (D = $flatten\seg_adder_vff_in_1.$procmux$1230_Y, Q = \seg_adder_vff_in_1.tail, rval = 2'00).
Adding EN signal on $auto$ff.cc:266:slice$1603 ($sdff) from module mkQuire (D = $flatten\seg_adder_vff_in_1.$procmux$1230_Y, Q = \seg_adder_vff_in_1.tail).
Adding SRST signal on $flatten\seg_adder_vff_in_1.$procdff$1325 ($dff) from module mkQuire (D = $flatten\seg_adder_vff_in_1.$procmux$1239_Y, Q = \seg_adder_vff_in_1.head, rval = 2'00).
Adding EN signal on $auto$ff.cc:266:slice$1611 ($sdff) from module mkQuire (D = \seg_adder_vff_in_1.next_head, Q = \seg_adder_vff_in_1.head).
Adding SRST signal on $flatten\seg_adder_vff_in_1.$procdff$1324 ($dff) from module mkQuire (D = $flatten\seg_adder_vff_in_1.$procmux$1248_Y, Q = \seg_adder_vff_in_1.ring_empty, rval = 1'1).
Adding EN signal on $auto$ff.cc:266:slice$1613 ($sdff) from module mkQuire (D = $flatten\seg_adder_vff_in_1.$procmux$1248_Y, Q = \seg_adder_vff_in_1.ring_empty).
Adding SRST signal on $flatten\seg_adder_vff_in_1.$procdff$1323 ($dff) from module mkQuire (D = $flatten\seg_adder_vff_in_1.$procmux$1257_Y, Q = \seg_adder_vff_in_1.not_ring_full, rval = 1'1).
Adding EN signal on $auto$ff.cc:266:slice$1621 ($sdff) from module mkQuire (D = $flatten\seg_adder_vff_in_1.$procmux$1257_Y, Q = \seg_adder_vff_in_1.not_ring_full).
Adding EN signal on $flatten\seg_adder_vff_in_1.$procdff$1322 ($dff) from module mkQuire (D = $flatten\seg_adder_vff_in_1.$0\D_OUT[31:0], Q = \seg_adder_vff_in_1.D_OUT).
Adding SRST signal on $flatten\seg_adder_vff_in_0.$procdff$1327 ($dff) from module mkQuire (D = $flatten\seg_adder_vff_in_0.$procmux$1221_Y, Q = \seg_adder_vff_in_0.hasodata, rval = 1'0).
Adding EN signal on $auto$ff.cc:266:slice$1628 ($sdff) from module mkQuire (D = $flatten\seg_adder_vff_in_0.$procmux$1221_Y, Q = \seg_adder_vff_in_0.hasodata).
Adding SRST signal on $flatten\seg_adder_vff_in_0.$procdff$1326 ($dff) from module mkQuire (D = $flatten\seg_adder_vff_in_0.$procmux$1230_Y, Q = \seg_adder_vff_in_0.tail, rval = 2'00).
Adding EN signal on $auto$ff.cc:266:slice$1632 ($sdff) from module mkQuire (D = $flatten\seg_adder_vff_in_0.$procmux$1230_Y, Q = \seg_adder_vff_in_0.tail).
Adding SRST signal on $flatten\seg_adder_vff_in_0.$procdff$1325 ($dff) from module mkQuire (D = $flatten\seg_adder_vff_in_0.$procmux$1239_Y, Q = \seg_adder_vff_in_0.head, rval = 2'00).
Adding EN signal on $auto$ff.cc:266:slice$1640 ($sdff) from module mkQuire (D = \seg_adder_vff_in_0.next_head, Q = \seg_adder_vff_in_0.head).
Adding SRST signal on $flatten\seg_adder_vff_in_0.$procdff$1324 ($dff) from module mkQuire (D = $flatten\seg_adder_vff_in_0.$procmux$1248_Y, Q = \seg_adder_vff_in_0.ring_empty, rval = 1'1).
Adding EN signal on $auto$ff.cc:266:slice$1642 ($sdff) from module mkQuire (D = $flatten\seg_adder_vff_in_0.$procmux$1248_Y, Q = \seg_adder_vff_in_0.ring_empty).
Adding SRST signal on $flatten\seg_adder_vff_in_0.$procdff$1323 ($dff) from module mkQuire (D = $flatten\seg_adder_vff_in_0.$procmux$1257_Y, Q = \seg_adder_vff_in_0.not_ring_full, rval = 1'1).
Adding EN signal on $auto$ff.cc:266:slice$1650 ($sdff) from module mkQuire (D = $flatten\seg_adder_vff_in_0.$procmux$1257_Y, Q = \seg_adder_vff_in_0.not_ring_full).
Adding EN signal on $flatten\seg_adder_vff_in_0.$procdff$1322 ($dff) from module mkQuire (D = $flatten\seg_adder_vff_in_0.$0\D_OUT[31:0], Q = \seg_adder_vff_in_0.D_OUT).
Adding SRST signal on $flatten\seg_adder_vff_carry_5.$procdff$1318 ($dff) from module mkQuire (D = $flatten\seg_adder_vff_carry_5.$procmux$1163_Y, Q = \seg_adder_vff_carry_5.hasodata, rval = 1'0).
Adding EN signal on $auto$ff.cc:266:slice$1657 ($sdff) from module mkQuire (D = $flatten\seg_adder_vff_carry_5.$procmux$1163_Y, Q = \seg_adder_vff_carry_5.hasodata).
Adding SRST signal on $flatten\seg_adder_vff_carry_5.$procdff$1317 ($dff) from module mkQuire (D = $flatten\seg_adder_vff_carry_5.$procmux$1172_Y, Q = \seg_adder_vff_carry_5.tail, rval = 2'00).
Adding EN signal on $auto$ff.cc:266:slice$1661 ($sdff) from module mkQuire (D = $flatten\seg_adder_vff_carry_5.$procmux$1172_Y, Q = \seg_adder_vff_carry_5.tail).
Adding SRST signal on $flatten\seg_adder_vff_carry_5.$procdff$1316 ($dff) from module mkQuire (D = $flatten\seg_adder_vff_carry_5.$procmux$1181_Y, Q = \seg_adder_vff_carry_5.head, rval = 2'00).
Adding EN signal on $auto$ff.cc:266:slice$1669 ($sdff) from module mkQuire (D = \seg_adder_vff_carry_5.next_head, Q = \seg_adder_vff_carry_5.head).
Adding SRST signal on $flatten\seg_adder_vff_carry_5.$procdff$1315 ($dff) from module mkQuire (D = $flatten\seg_adder_vff_carry_5.$procmux$1190_Y, Q = \seg_adder_vff_carry_5.ring_empty, rval = 1'1).
Adding EN signal on $auto$ff.cc:266:slice$1671 ($sdff) from module mkQuire (D = $flatten\seg_adder_vff_carry_5.$procmux$1190_Y, Q = \seg_adder_vff_carry_5.ring_empty).
Adding SRST signal on $flatten\seg_adder_vff_carry_5.$procdff$1314 ($dff) from module mkQuire (D = $flatten\seg_adder_vff_carry_5.$procmux$1199_Y, Q = \seg_adder_vff_carry_5.not_ring_full, rval = 1'1).
Adding EN signal on $auto$ff.cc:266:slice$1679 ($sdff) from module mkQuire (D = $flatten\seg_adder_vff_carry_5.$procmux$1199_Y, Q = \seg_adder_vff_carry_5.not_ring_full).
Adding EN signal on $flatten\seg_adder_vff_carry_5.$procdff$1313 ($dff) from module mkQuire (D = $flatten\seg_adder_vff_carry_5.$0\D_OUT[0:0], Q = \seg_adder_vff_carry_5.D_OUT).
Adding SRST signal on $flatten\seg_adder_vff_carry_4.$procdff$1318 ($dff) from module mkQuire (D = $flatten\seg_adder_vff_carry_4.$procmux$1163_Y, Q = \seg_adder_vff_carry_4.hasodata, rval = 1'0).
Adding EN signal on $auto$ff.cc:266:slice$1686 ($sdff) from module mkQuire (D = $flatten\seg_adder_vff_carry_4.$procmux$1163_Y, Q = \seg_adder_vff_carry_4.hasodata).
Adding SRST signal on $flatten\seg_adder_vff_carry_4.$procdff$1317 ($dff) from module mkQuire (D = $flatten\seg_adder_vff_carry_4.$procmux$1172_Y, Q = \seg_adder_vff_carry_4.tail, rval = 2'00).
Adding EN signal on $auto$ff.cc:266:slice$1690 ($sdff) from module mkQuire (D = $flatten\seg_adder_vff_carry_4.$procmux$1172_Y, Q = \seg_adder_vff_carry_4.tail).
Adding SRST signal on $flatten\seg_adder_vff_carry_4.$procdff$1316 ($dff) from module mkQuire (D = $flatten\seg_adder_vff_carry_4.$procmux$1181_Y, Q = \seg_adder_vff_carry_4.head, rval = 2'00).
Adding EN signal on $auto$ff.cc:266:slice$1698 ($sdff) from module mkQuire (D = \seg_adder_vff_carry_4.next_head, Q = \seg_adder_vff_carry_4.head).
Adding SRST signal on $flatten\seg_adder_vff_carry_4.$procdff$1315 ($dff) from module mkQuire (D = $flatten\seg_adder_vff_carry_4.$procmux$1190_Y, Q = \seg_adder_vff_carry_4.ring_empty, rval = 1'1).
Adding EN signal on $auto$ff.cc:266:slice$1700 ($sdff) from module mkQuire (D = $flatten\seg_adder_vff_carry_4.$procmux$1190_Y, Q = \seg_adder_vff_carry_4.ring_empty).
Adding SRST signal on $flatten\seg_adder_vff_carry_4.$procdff$1314 ($dff) from module mkQuire (D = $flatten\seg_adder_vff_carry_4.$procmux$1199_Y, Q = \seg_adder_vff_carry_4.not_ring_full, rval = 1'1).
Adding EN signal on $auto$ff.cc:266:slice$1708 ($sdff) from module mkQuire (D = $flatten\seg_adder_vff_carry_4.$procmux$1199_Y, Q = \seg_adder_vff_carry_4.not_ring_full).
Adding EN signal on $flatten\seg_adder_vff_carry_4.$procdff$1313 ($dff) from module mkQuire (D = $flatten\seg_adder_vff_carry_4.$0\D_OUT[0:0], Q = \seg_adder_vff_carry_4.D_OUT).
Adding SRST signal on $flatten\seg_adder_vff_carry_3.$procdff$1318 ($dff) from module mkQuire (D = $flatten\seg_adder_vff_carry_3.$procmux$1163_Y, Q = \seg_adder_vff_carry_3.hasodata, rval = 1'0).
Adding EN signal on $auto$ff.cc:266:slice$1715 ($sdff) from module mkQuire (D = $flatten\seg_adder_vff_carry_3.$procmux$1163_Y, Q = \seg_adder_vff_carry_3.hasodata).
Adding SRST signal on $flatten\seg_adder_vff_carry_3.$procdff$1317 ($dff) from module mkQuire (D = $flatten\seg_adder_vff_carry_3.$procmux$1172_Y, Q = \seg_adder_vff_carry_3.tail, rval = 2'00).
Adding EN signal on $auto$ff.cc:266:slice$1719 ($sdff) from module mkQuire (D = $flatten\seg_adder_vff_carry_3.$procmux$1172_Y, Q = \seg_adder_vff_carry_3.tail).
Adding SRST signal on $flatten\seg_adder_vff_carry_3.$procdff$1316 ($dff) from module mkQuire (D = $flatten\seg_adder_vff_carry_3.$procmux$1181_Y, Q = \seg_adder_vff_carry_3.head, rval = 2'00).
Adding EN signal on $auto$ff.cc:266:slice$1727 ($sdff) from module mkQuire (D = \seg_adder_vff_carry_3.next_head, Q = \seg_adder_vff_carry_3.head).
Adding SRST signal on $flatten\seg_adder_vff_carry_3.$procdff$1315 ($dff) from module mkQuire (D = $flatten\seg_adder_vff_carry_3.$procmux$1190_Y, Q = \seg_adder_vff_carry_3.ring_empty, rval = 1'1).
Adding EN signal on $auto$ff.cc:266:slice$1729 ($sdff) from module mkQuire (D = $flatten\seg_adder_vff_carry_3.$procmux$1190_Y, Q = \seg_adder_vff_carry_3.ring_empty).
Adding SRST signal on $flatten\seg_adder_vff_carry_3.$procdff$1314 ($dff) from module mkQuire (D = $flatten\seg_adder_vff_carry_3.$procmux$1199_Y, Q = \seg_adder_vff_carry_3.not_ring_full, rval = 1'1).
Adding EN signal on $auto$ff.cc:266:slice$1737 ($sdff) from module mkQuire (D = $flatten\seg_adder_vff_carry_3.$procmux$1199_Y, Q = \seg_adder_vff_carry_3.not_ring_full).
Adding EN signal on $flatten\seg_adder_vff_carry_3.$procdff$1313 ($dff) from module mkQuire (D = $flatten\seg_adder_vff_carry_3.$0\D_OUT[0:0], Q = \seg_adder_vff_carry_3.D_OUT).
Adding SRST signal on $flatten\seg_adder_vff_carry_2.$procdff$1318 ($dff) from module mkQuire (D = $flatten\seg_adder_vff_carry_2.$procmux$1163_Y, Q = \seg_adder_vff_carry_2.hasodata, rval = 1'0).
Adding EN signal on $auto$ff.cc:266:slice$1744 ($sdff) from module mkQuire (D = $flatten\seg_adder_vff_carry_2.$procmux$1163_Y, Q = \seg_adder_vff_carry_2.hasodata).
Adding SRST signal on $flatten\seg_adder_vff_carry_2.$procdff$1317 ($dff) from module mkQuire (D = $flatten\seg_adder_vff_carry_2.$procmux$1172_Y, Q = \seg_adder_vff_carry_2.tail, rval = 2'00).
Adding EN signal on $auto$ff.cc:266:slice$1748 ($sdff) from module mkQuire (D = $flatten\seg_adder_vff_carry_2.$procmux$1172_Y, Q = \seg_adder_vff_carry_2.tail).
Adding SRST signal on $flatten\seg_adder_vff_carry_2.$procdff$1316 ($dff) from module mkQuire (D = $flatten\seg_adder_vff_carry_2.$procmux$1181_Y, Q = \seg_adder_vff_carry_2.head, rval = 2'00).
Adding EN signal on $auto$ff.cc:266:slice$1756 ($sdff) from module mkQuire (D = \seg_adder_vff_carry_2.next_head, Q = \seg_adder_vff_carry_2.head).
Adding SRST signal on $flatten\seg_adder_vff_carry_2.$procdff$1315 ($dff) from module mkQuire (D = $flatten\seg_adder_vff_carry_2.$procmux$1190_Y, Q = \seg_adder_vff_carry_2.ring_empty, rval = 1'1).
Adding EN signal on $auto$ff.cc:266:slice$1758 ($sdff) from module mkQuire (D = $flatten\seg_adder_vff_carry_2.$procmux$1190_Y, Q = \seg_adder_vff_carry_2.ring_empty).
Adding SRST signal on $flatten\seg_adder_vff_carry_2.$procdff$1314 ($dff) from module mkQuire (D = $flatten\seg_adder_vff_carry_2.$procmux$1199_Y, Q = \seg_adder_vff_carry_2.not_ring_full, rval = 1'1).
Adding EN signal on $auto$ff.cc:266:slice$1766 ($sdff) from module mkQuire (D = $flatten\seg_adder_vff_carry_2.$procmux$1199_Y, Q = \seg_adder_vff_carry_2.not_ring_full).
Adding EN signal on $flatten\seg_adder_vff_carry_2.$procdff$1313 ($dff) from module mkQuire (D = $flatten\seg_adder_vff_carry_2.$0\D_OUT[0:0], Q = \seg_adder_vff_carry_2.D_OUT).
Adding SRST signal on $flatten\seg_adder_vff_carry_1.$procdff$1318 ($dff) from module mkQuire (D = $flatten\seg_adder_vff_carry_1.$procmux$1163_Y, Q = \seg_adder_vff_carry_1.hasodata, rval = 1'0).
Adding EN signal on $auto$ff.cc:266:slice$1773 ($sdff) from module mkQuire (D = $flatten\seg_adder_vff_carry_1.$procmux$1163_Y, Q = \seg_adder_vff_carry_1.hasodata).
Adding SRST signal on $flatten\seg_adder_vff_carry_1.$procdff$1317 ($dff) from module mkQuire (D = $flatten\seg_adder_vff_carry_1.$procmux$1172_Y, Q = \seg_adder_vff_carry_1.tail, rval = 2'00).
Adding EN signal on $auto$ff.cc:266:slice$1777 ($sdff) from module mkQuire (D = $flatten\seg_adder_vff_carry_1.$procmux$1172_Y, Q = \seg_adder_vff_carry_1.tail).
Adding SRST signal on $flatten\seg_adder_vff_carry_1.$procdff$1316 ($dff) from module mkQuire (D = $flatten\seg_adder_vff_carry_1.$procmux$1181_Y, Q = \seg_adder_vff_carry_1.head, rval = 2'00).
Adding EN signal on $auto$ff.cc:266:slice$1785 ($sdff) from module mkQuire (D = \seg_adder_vff_carry_1.next_head, Q = \seg_adder_vff_carry_1.head).
Adding SRST signal on $flatten\seg_adder_vff_carry_1.$procdff$1315 ($dff) from module mkQuire (D = $flatten\seg_adder_vff_carry_1.$procmux$1190_Y, Q = \seg_adder_vff_carry_1.ring_empty, rval = 1'1).
Adding EN signal on $auto$ff.cc:266:slice$1787 ($sdff) from module mkQuire (D = $flatten\seg_adder_vff_carry_1.$procmux$1190_Y, Q = \seg_adder_vff_carry_1.ring_empty).
Adding SRST signal on $flatten\seg_adder_vff_carry_1.$procdff$1314 ($dff) from module mkQuire (D = $flatten\seg_adder_vff_carry_1.$procmux$1199_Y, Q = \seg_adder_vff_carry_1.not_ring_full, rval = 1'1).
Adding EN signal on $auto$ff.cc:266:slice$1795 ($sdff) from module mkQuire (D = $flatten\seg_adder_vff_carry_1.$procmux$1199_Y, Q = \seg_adder_vff_carry_1.not_ring_full).
Adding EN signal on $flatten\seg_adder_vff_carry_1.$procdff$1313 ($dff) from module mkQuire (D = $flatten\seg_adder_vff_carry_1.$0\D_OUT[0:0], Q = \seg_adder_vff_carry_1.D_OUT).
Adding SRST signal on $flatten\seg_adder_vff_carry_0.$procdff$1318 ($dff) from module mkQuire (D = $flatten\seg_adder_vff_carry_0.$procmux$1163_Y, Q = \seg_adder_vff_carry_0.hasodata, rval = 1'0).
Adding EN signal on $auto$ff.cc:266:slice$1802 ($sdff) from module mkQuire (D = $flatten\seg_adder_vff_carry_0.$procmux$1163_Y, Q = \seg_adder_vff_carry_0.hasodata).
Adding SRST signal on $flatten\seg_adder_vff_carry_0.$procdff$1317 ($dff) from module mkQuire (D = $flatten\seg_adder_vff_carry_0.$procmux$1172_Y, Q = \seg_adder_vff_carry_0.tail, rval = 2'00).
Adding EN signal on $auto$ff.cc:266:slice$1806 ($sdff) from module mkQuire (D = $flatten\seg_adder_vff_carry_0.$procmux$1172_Y, Q = \seg_adder_vff_carry_0.tail).
Adding SRST signal on $flatten\seg_adder_vff_carry_0.$procdff$1316 ($dff) from module mkQuire (D = $flatten\seg_adder_vff_carry_0.$procmux$1181_Y, Q = \seg_adder_vff_carry_0.head, rval = 2'00).
Adding EN signal on $auto$ff.cc:266:slice$1814 ($sdff) from module mkQuire (D = \seg_adder_vff_carry_0.next_head, Q = \seg_adder_vff_carry_0.head).
Adding SRST signal on $flatten\seg_adder_vff_carry_0.$procdff$1315 ($dff) from module mkQuire (D = $flatten\seg_adder_vff_carry_0.$procmux$1190_Y, Q = \seg_adder_vff_carry_0.ring_empty, rval = 1'1).
Adding EN signal on $auto$ff.cc:266:slice$1816 ($sdff) from module mkQuire (D = $flatten\seg_adder_vff_carry_0.$procmux$1190_Y, Q = \seg_adder_vff_carry_0.ring_empty).
Adding SRST signal on $flatten\seg_adder_vff_carry_0.$procdff$1314 ($dff) from module mkQuire (D = $flatten\seg_adder_vff_carry_0.$procmux$1199_Y, Q = \seg_adder_vff_carry_0.not_ring_full, rval = 1'1).
Adding EN signal on $auto$ff.cc:266:slice$1824 ($sdff) from module mkQuire (D = $flatten\seg_adder_vff_carry_0.$procmux$1199_Y, Q = \seg_adder_vff_carry_0.not_ring_full).
Adding EN signal on $flatten\seg_adder_vff_carry_0.$procdff$1313 ($dff) from module mkQuire (D = $flatten\seg_adder_vff_carry_0.$0\D_OUT[0:0], Q = \seg_adder_vff_carry_0.D_OUT).
Adding SRST signal on $flatten\posit_rsp_f.$procdff$1331 ($dff) from module mkQuire (D = $flatten\posit_rsp_f.$procmux$1282_Y, Q = \posit_rsp_f.empty_reg, rval = 1'0).
Adding EN signal on $auto$ff.cc:266:slice$1831 ($sdff) from module mkQuire (D = $flatten\posit_rsp_f.$procmux$1282_Y, Q = \posit_rsp_f.empty_reg).
Adding EN signal on $flatten\posit_rsp_f.$procdff$1330 ($dff) from module mkQuire (D = \posit_rsp_f.D_IN, Q = \posit_rsp_f.D_OUT).
Adding SRST signal on $auto$ff.cc:266:slice$1835 ($dffe) from module mkQuire (D = { \vrg_quire_6 [31] \MUX_posit_rsp_f$enq_1__VAL_2 [37] \IF_SEXT_IF_ff_num_msb_zeros_first__11_PLUS_1_1_ETC___d230 [8] \IF_SEXT_IF_ff_num_msb_zeros_first__11_PLUS_1_1_ETC___d230 [4] \prenorm_posit_frac__h14076 \x__h18906 \x__h20502 }, Q = { \posit_rsp_f.D_OUT [40] \posit_rsp_f.D_OUT [37:36] \posit_rsp_f.D_OUT [32] \posit_rsp_f.D_OUT [27:0] }, rval = 1).
Adding SRST signal on $auto$ff.cc:266:slice$1835 ($dffe) from module mkQuire (D = $ternary$/teamspace/studios/this_studio/Melodica-Integration-into-Fife-Core/Learn_Bluespec_and_RISCV_Design/Code/Build/Fife/verilog/mkQuire.v:1418$471_Y [7:5], Q = \posit_rsp_f.D_OUT [35:33], rval = 3'000).
Adding SRST signal on $auto$ff.cc:266:slice$1835 ($dffe) from module mkQuire (D = \IF_ff_num_msb_zeros_first__11_PLUS_1_12_BIT_8__ETC___d217 [3:0], Q = \posit_rsp_f.D_OUT [31:28], rval = 4'0000).
Adding SRST signal on $flatten\ff_num_msb_zeros.$procdff$1329 ($dff) from module mkQuire (D = $flatten\ff_num_msb_zeros.$procmux$1269_Y, Q = \ff_num_msb_zeros.empty_reg, rval = 1'0).
Adding EN signal on $auto$ff.cc:266:slice$1846 ($sdff) from module mkQuire (D = $flatten\ff_num_msb_zeros.$procmux$1269_Y, Q = \ff_num_msb_zeros.empty_reg).
Adding EN signal on $flatten\ff_num_msb_zeros.$procdff$1328 ($dff) from module mkQuire (D = \ff_num_msb_zeros.D_IN, Q = \ff_num_msb_zeros.D_OUT).

14.9.7. Executing OPT_CLEAN pass (remove unused cells and wires).
Finding unused cells or wires in module \mkQuire..
Removed 120 unused cells and 120 unused wires.
<suppressed ~121 debug messages>

14.9.8. Executing OPT_EXPR pass (perform const folding).
Optimizing module mkQuire.
<suppressed ~67 debug messages>

14.9.9. Rerunning OPT passes. (Maybe there is more to do..)

14.9.10. Executing OPT_MUXTREE pass (detect dead branches in mux trees).
Running muxtree optimizer on module \mkQuire..
  Creating internal representation of mux trees.
  Evaluating internal representation of mux trees.
  Analyzing evaluation results.
Removed 0 multiplexer ports.
<suppressed ~161 debug messages>

14.9.11. Executing OPT_REDUCE pass (consolidate $*mux and $reduce_* inputs).
  Optimizing cells in module \mkQuire.
Performed a total of 0 changes.

14.9.12. Executing OPT_MERGE pass (detect identical cells).
Finding identical cells in module `\mkQuire'.
<suppressed ~78 debug messages>
Removed a total of 26 cells.

14.9.13. Executing OPT_DFF pass (perform DFF optimizations).

14.9.14. Executing OPT_CLEAN pass (remove unused cells and wires).
Finding unused cells or wires in module \mkQuire..
Removed 0 unused cells and 26 unused wires.
<suppressed ~1 debug messages>

14.9.15. Executing OPT_EXPR pass (perform const folding).
Optimizing module mkQuire.

14.9.16. Rerunning OPT passes. (Maybe there is more to do..)

14.9.17. Executing OPT_MUXTREE pass (detect dead branches in mux trees).
Running muxtree optimizer on module \mkQuire..
  Creating internal representation of mux trees.
  Evaluating internal representation of mux trees.
  Analyzing evaluation results.
Removed 0 multiplexer ports.
<suppressed ~161 debug messages>

14.9.18. Executing OPT_REDUCE pass (consolidate $*mux and $reduce_* inputs).
  Optimizing cells in module \mkQuire.
Performed a total of 0 changes.

14.9.19. Executing OPT_MERGE pass (detect identical cells).
Finding identical cells in module `\mkQuire'.
Removed a total of 0 cells.

14.9.20. Executing OPT_DFF pass (perform DFF optimizations).

14.9.21. Executing OPT_CLEAN pass (remove unused cells and wires).
Finding unused cells or wires in module \mkQuire..

14.9.22. Executing OPT_EXPR pass (perform const folding).
Optimizing module mkQuire.

14.9.23. Finished OPT passes. (There is nothing left to do.)

14.10. Executing WREDUCE pass (reducing word size of cells).
Removed top 2 bits (of 3) from port B of cell mkQuire.$add$/teamspace/studios/this_studio/Melodica-Integration-into-Fife-Core/Learn_Bluespec_and_RISCV_Design/Code/Build/Fife/verilog/mkQuire.v:796$216 ($add).
Removed top 2 bits (of 3) from port B of cell mkQuire.$sub$/teamspace/studios/this_studio/Melodica-Integration-into-Fife-Core/Learn_Bluespec_and_RISCV_Design/Code/Build/Fife/verilog/mkQuire.v:798$217 ($sub).
Removed top 1 bits (of 2) from port B of cell mkQuire.$auto$opt_dff.cc:195:make_patterns_logic$1521 ($ne).
Removed top 1 bits (of 2) from port B of cell mkQuire.$auto$opt_dff.cc:195:make_patterns_logic$1782 ($ne).
Removed top 1 bits (of 2) from port B of cell mkQuire.$auto$opt_dff.cc:195:make_patterns_logic$1492 ($ne).
Removed top 1 bits (of 2) from port B of cell mkQuire.$auto$opt_dff.cc:195:make_patterns_logic$1463 ($ne).
Removed top 1 bits (of 2) from port B of cell mkQuire.$auto$opt_dff.cc:195:make_patterns_logic$1811 ($ne).
Removed top 8 bits (of 9) from port B of cell mkQuire.$sub$/teamspace/studios/this_studio/Melodica-Integration-into-Fife-Core/Learn_Bluespec_and_RISCV_Design/Code/Build/Fife/verilog/mkQuire.v:1241$433 ($sub).
Removed top 1 bits (of 41) from mux cell mkQuire.$ternary$/teamspace/studios/this_studio/Melodica-Integration-into-Fife-Core/Learn_Bluespec_and_RISCV_Design/Code/Build/Fife/verilog/mkQuire.v:1249$434 ($mux).
Removed top 2 bits (of 3) from mux cell mkQuire.$ternary$/teamspace/studios/this_studio/Melodica-Integration-into-Fife-Core/Learn_Bluespec_and_RISCV_Design/Code/Build/Fife/verilog/mkQuire.v:1408$464 ($mux).
Removed top 1 bits (of 3) from mux cell mkQuire.$ternary$/teamspace/studios/this_studio/Melodica-Integration-into-Fife-Core/Learn_Bluespec_and_RISCV_Design/Code/Build/Fife/verilog/mkQuire.v:1406$465 ($mux).
Removed top 1 bits (of 3) from mux cell mkQuire.$ternary$/teamspace/studios/this_studio/Melodica-Integration-into-Fife-Core/Learn_Bluespec_and_RISCV_Design/Code/Build/Fife/verilog/mkQuire.v:1404$466 ($mux).
Removed top 214 bits (of 223) from port B of cell mkQuire.$shl$/teamspace/studios/this_studio/Melodica-Integration-into-Fife-Core/Learn_Bluespec_and_RISCV_Design/Code/Build/Fife/verilog/mkQuire.v:1433$477 ($shl).
Removed top 1 bits (of 223) from port Y of cell mkQuire.$shl$/teamspace/studios/this_studio/Melodica-Integration-into-Fife-Core/Learn_Bluespec_and_RISCV_Design/Code/Build/Fife/verilog/mkQuire.v:1433$477 ($shl).
Removed top 1 bits (of 100) from port B of cell mkQuire.$lt$/teamspace/studios/this_studio/Melodica-Integration-into-Fife-Core/Learn_Bluespec_and_RISCV_Design/Code/Build/Fife/verilog/mkQuire.v:1460$486 ($lt).
Removed top 2 bits (of 9) from port A of cell mkQuire.$sub$/teamspace/studios/this_studio/Melodica-Integration-into-Fife-Core/Learn_Bluespec_and_RISCV_Design/Code/Build/Fife/verilog/mkQuire.v:1468$489 ($sub).
Removed top 1 bits (of 33) from port A of cell mkQuire.$add$/teamspace/studios/this_studio/Melodica-Integration-into-Fife-Core/Learn_Bluespec_and_RISCV_Design/Code/Build/Fife/verilog/mkQuire.v:1481$491 ($add).
Removed top 1 bits (of 33) from port B of cell mkQuire.$add$/teamspace/studios/this_studio/Melodica-Integration-into-Fife-Core/Learn_Bluespec_and_RISCV_Design/Code/Build/Fife/verilog/mkQuire.v:1481$491 ($add).
Removed top 32 bits (of 33) from port B of cell mkQuire.$add$/teamspace/studios/this_studio/Melodica-Integration-into-Fife-Core/Learn_Bluespec_and_RISCV_Design/Code/Build/Fife/verilog/mkQuire.v:1483$492 ($add).
Removed top 32 bits (of 33) from port B of cell mkQuire.$add$/teamspace/studios/this_studio/Melodica-Integration-into-Fife-Core/Learn_Bluespec_and_RISCV_Design/Code/Build/Fife/verilog/mkQuire.v:1485$493 ($add).
Removed top 32 bits (of 33) from port B of cell mkQuire.$add$/teamspace/studios/this_studio/Melodica-Integration-into-Fife-Core/Learn_Bluespec_and_RISCV_Design/Code/Build/Fife/verilog/mkQuire.v:1487$494 ($add).
Removed top 32 bits (of 33) from port B of cell mkQuire.$add$/teamspace/studios/this_studio/Melodica-Integration-into-Fife-Core/Learn_Bluespec_and_RISCV_Design/Code/Build/Fife/verilog/mkQuire.v:1489$495 ($add).
Removed top 32 bits (of 33) from port B of cell mkQuire.$add$/teamspace/studios/this_studio/Melodica-Integration-into-Fife-Core/Learn_Bluespec_and_RISCV_Design/Code/Build/Fife/verilog/mkQuire.v:1491$496 ($add).
Removed top 32 bits (of 33) from port B of cell mkQuire.$add$/teamspace/studios/this_studio/Melodica-Integration-into-Fife-Core/Learn_Bluespec_and_RISCV_Design/Code/Build/Fife/verilog/mkQuire.v:1493$497 ($add).
Removed top 1 bits (of 33) from port Y of cell mkQuire.$add$/teamspace/studios/this_studio/Melodica-Integration-into-Fife-Core/Learn_Bluespec_and_RISCV_Design/Code/Build/Fife/verilog/mkQuire.v:1493$497 ($add).
Removed top 1 bits (of 33) from port A of cell mkQuire.$add$/teamspace/studios/this_studio/Melodica-Integration-into-Fife-Core/Learn_Bluespec_and_RISCV_Design/Code/Build/Fife/verilog/mkQuire.v:1493$497 ($add).
Removed top 8 bits (of 9) from port B of cell mkQuire.$add$/teamspace/studios/this_studio/Melodica-Integration-into-Fife-Core/Learn_Bluespec_and_RISCV_Design/Code/Build/Fife/verilog/mkQuire.v:1503$499 ($add).
Removed top 1 bits (of 9) from port A of cell mkQuire.$add$/teamspace/studios/this_studio/Melodica-Integration-into-Fife-Core/Learn_Bluespec_and_RISCV_Design/Code/Build/Fife/verilog/mkQuire.v:1512$500 ($add).
Removed top 3 bits (of 9) from port B of cell mkQuire.$add$/teamspace/studios/this_studio/Melodica-Integration-into-Fife-Core/Learn_Bluespec_and_RISCV_Design/Code/Build/Fife/verilog/mkQuire.v:1512$500 ($add).
Removed top 95 bits (of 192) from port A of cell mkQuire.$shl$/teamspace/studios/this_studio/Melodica-Integration-into-Fife-Core/Learn_Bluespec_and_RISCV_Design/Code/Build/Fife/verilog/mkQuire.v:1529$504 ($shl).
Removed top 183 bits (of 192) from port B of cell mkQuire.$shl$/teamspace/studios/this_studio/Melodica-Integration-into-Fife-Core/Learn_Bluespec_and_RISCV_Design/Code/Build/Fife/verilog/mkQuire.v:1529$504 ($shl).
Removed top 95 bits (of 192) from port A of cell mkQuire.$shr$/teamspace/studios/this_studio/Melodica-Integration-into-Fife-Core/Learn_Bluespec_and_RISCV_Design/Code/Build/Fife/verilog/mkQuire.v:1532$506 ($shr).
Removed top 183 bits (of 192) from port B of cell mkQuire.$shr$/teamspace/studios/this_studio/Melodica-Integration-into-Fife-Core/Learn_Bluespec_and_RISCV_Design/Code/Build/Fife/verilog/mkQuire.v:1532$506 ($shr).
Removed top 1 bits (of 33) from port A of cell mkQuire.$add$/teamspace/studios/this_studio/Melodica-Integration-into-Fife-Core/Learn_Bluespec_and_RISCV_Design/Code/Build/Fife/verilog/mkQuire.v:1586$528 ($add).
Removed top 1 bits (of 33) from port B of cell mkQuire.$add$/teamspace/studios/this_studio/Melodica-Integration-into-Fife-Core/Learn_Bluespec_and_RISCV_Design/Code/Build/Fife/verilog/mkQuire.v:1586$528 ($add).
Removed top 1 bits (of 33) from port A of cell mkQuire.$add$/teamspace/studios/this_studio/Melodica-Integration-into-Fife-Core/Learn_Bluespec_and_RISCV_Design/Code/Build/Fife/verilog/mkQuire.v:1587$529 ($add).
Removed top 1 bits (of 33) from port B of cell mkQuire.$add$/teamspace/studios/this_studio/Melodica-Integration-into-Fife-Core/Learn_Bluespec_and_RISCV_Design/Code/Build/Fife/verilog/mkQuire.v:1587$529 ($add).
Removed top 1 bits (of 33) from port A of cell mkQuire.$add$/teamspace/studios/this_studio/Melodica-Integration-into-Fife-Core/Learn_Bluespec_and_RISCV_Design/Code/Build/Fife/verilog/mkQuire.v:1588$530 ($add).
Removed top 1 bits (of 33) from port B of cell mkQuire.$add$/teamspace/studios/this_studio/Melodica-Integration-into-Fife-Core/Learn_Bluespec_and_RISCV_Design/Code/Build/Fife/verilog/mkQuire.v:1588$530 ($add).
Removed top 1 bits (of 33) from port A of cell mkQuire.$add$/teamspace/studios/this_studio/Melodica-Integration-into-Fife-Core/Learn_Bluespec_and_RISCV_Design/Code/Build/Fife/verilog/mkQuire.v:1589$531 ($add).
Removed top 1 bits (of 33) from port B of cell mkQuire.$add$/teamspace/studios/this_studio/Melodica-Integration-into-Fife-Core/Learn_Bluespec_and_RISCV_Design/Code/Build/Fife/verilog/mkQuire.v:1589$531 ($add).
Removed top 1 bits (of 33) from port A of cell mkQuire.$add$/teamspace/studios/this_studio/Melodica-Integration-into-Fife-Core/Learn_Bluespec_and_RISCV_Design/Code/Build/Fife/verilog/mkQuire.v:1590$532 ($add).
Removed top 1 bits (of 33) from port B of cell mkQuire.$add$/teamspace/studios/this_studio/Melodica-Integration-into-Fife-Core/Learn_Bluespec_and_RISCV_Design/Code/Build/Fife/verilog/mkQuire.v:1590$532 ($add).
Removed top 1 bits (of 33) from port A of cell mkQuire.$add$/teamspace/studios/this_studio/Melodica-Integration-into-Fife-Core/Learn_Bluespec_and_RISCV_Design/Code/Build/Fife/verilog/mkQuire.v:1591$533 ($add).
Removed top 1 bits (of 33) from port B of cell mkQuire.$add$/teamspace/studios/this_studio/Melodica-Integration-into-Fife-Core/Learn_Bluespec_and_RISCV_Design/Code/Build/Fife/verilog/mkQuire.v:1591$533 ($add).
Removed top 1 bits (of 33) from port Y of cell mkQuire.$add$/teamspace/studios/this_studio/Melodica-Integration-into-Fife-Core/Learn_Bluespec_and_RISCV_Design/Code/Build/Fife/verilog/mkQuire.v:1591$533 ($add).
Removed top 1 bits (of 2) from port B of cell mkQuire.$auto$opt_dff.cc:195:make_patterns_logic$1579 ($ne).
Removed top 1 bits (of 3) from port B of cell mkQuire.$flatten\seg_adder_vff_carry_0.$procmux$1158_CMP0 ($eq).
Removed top 1 bits (of 3) from port B of cell mkQuire.$flatten\seg_adder_vff_carry_0.$procmux$1173_CMP0 ($eq).
Removed top 1 bits (of 2) from port B of cell mkQuire.$auto$opt_dff.cc:195:make_patterns_logic$1608 ($ne).
Removed top 1 bits (of 3) from port B of cell mkQuire.$flatten\seg_adder_vff_carry_1.$procmux$1158_CMP0 ($eq).
Removed top 1 bits (of 3) from port B of cell mkQuire.$flatten\seg_adder_vff_carry_1.$procmux$1173_CMP0 ($eq).
Removed top 1 bits (of 3) from port B of cell mkQuire.$flatten\seg_adder_vff_carry_2.$procmux$1158_CMP0 ($eq).
Removed top 1 bits (of 3) from port B of cell mkQuire.$flatten\seg_adder_vff_carry_2.$procmux$1173_CMP0 ($eq).
Removed top 1 bits (of 3) from port B of cell mkQuire.$flatten\seg_adder_vff_carry_3.$procmux$1173_CMP0 ($eq).
Removed top 1 bits (of 3) from port B of cell mkQuire.$flatten\seg_adder_vff_carry_3.$procmux$1158_CMP0 ($eq).
Removed top 1 bits (of 2) from port B of cell mkQuire.$auto$opt_dff.cc:195:make_patterns_logic$1637 ($ne).
Removed top 1 bits (of 3) from port B of cell mkQuire.$flatten\seg_adder_vff_carry_4.$procmux$1173_CMP0 ($eq).
Removed top 1 bits (of 3) from port B of cell mkQuire.$flatten\seg_adder_vff_carry_4.$procmux$1158_CMP0 ($eq).
Removed top 1 bits (of 3) from port B of cell mkQuire.$flatten\seg_adder_vff_carry_5.$procmux$1173_CMP0 ($eq).
Removed top 1 bits (of 3) from port B of cell mkQuire.$flatten\seg_adder_vff_carry_5.$procmux$1158_CMP0 ($eq).
Removed top 1 bits (of 2) from port B of cell mkQuire.$auto$opt_dff.cc:195:make_patterns_logic$1666 ($ne).
Removed top 1 bits (of 3) from port B of cell mkQuire.$flatten\seg_adder_vff_in_0.$procmux$1231_CMP0 ($eq).
Removed top 1 bits (of 3) from port B of cell mkQuire.$flatten\seg_adder_vff_in_0.$procmux$1216_CMP0 ($eq).
Removed top 1 bits (of 3) from port B of cell mkQuire.$flatten\seg_adder_vff_in_1.$procmux$1231_CMP0 ($eq).
Removed top 1 bits (of 3) from port B of cell mkQuire.$flatten\seg_adder_vff_in_1.$procmux$1216_CMP0 ($eq).
Removed top 1 bits (of 2) from port B of cell mkQuire.$auto$opt_dff.cc:195:make_patterns_logic$1695 ($ne).
Removed top 1 bits (of 3) from port B of cell mkQuire.$flatten\seg_adder_vff_in_2.$procmux$1231_CMP0 ($eq).
Removed top 1 bits (of 3) from port B of cell mkQuire.$flatten\seg_adder_vff_in_2.$procmux$1216_CMP0 ($eq).
Removed top 1 bits (of 3) from port B of cell mkQuire.$flatten\seg_adder_vff_in_3.$procmux$1231_CMP0 ($eq).
Removed top 1 bits (of 3) from port B of cell mkQuire.$flatten\seg_adder_vff_in_3.$procmux$1216_CMP0 ($eq).
Removed top 1 bits (of 3) from port B of cell mkQuire.$flatten\seg_adder_vff_in_4.$procmux$1231_CMP0 ($eq).
Removed top 1 bits (of 3) from port B of cell mkQuire.$flatten\seg_adder_vff_in_4.$procmux$1216_CMP0 ($eq).
Removed top 1 bits (of 3) from port B of cell mkQuire.$flatten\seg_adder_vff_in_5.$procmux$1231_CMP0 ($eq).
Removed top 1 bits (of 3) from port B of cell mkQuire.$flatten\seg_adder_vff_in_5.$procmux$1216_CMP0 ($eq).
Removed top 1 bits (of 3) from port B of cell mkQuire.$flatten\seg_adder_vff_in_6.$procmux$1231_CMP0 ($eq).
Removed top 1 bits (of 3) from port B of cell mkQuire.$flatten\seg_adder_vff_in_6.$procmux$1216_CMP0 ($eq).
Removed top 6 bits (of 7) from port B of cell mkQuire.$flatten\instance_fn_twosC_quire_1.$add$/teamspace/studios/this_studio/Melodica-Integration-into-Fife-Core/Learn_Bluespec_and_RISCV_Design/Code/Build/Fife/verilog/module_fn_twosC_quire.v:113$123 ($add).
Removed top 1 bits (of 32) from mux cell mkQuire.$flatten\instance_fn_twosC_quire_1.$ternary$/teamspace/studios/this_studio/Melodica-Integration-into-Fife-Core/Learn_Bluespec_and_RISCV_Design/Code/Build/Fife/verilog/module_fn_twosC_quire.v:106$122 ($mux).
Removed top 1 bits (of 32) from mux cell mkQuire.$flatten\instance_fn_twosC_quire_1.$ternary$/teamspace/studios/this_studio/Melodica-Integration-into-Fife-Core/Learn_Bluespec_and_RISCV_Design/Code/Build/Fife/verilog/module_fn_twosC_quire.v:109$121 ($mux).
Removed top 31 bits (of 32) from port B of cell mkQuire.$flatten\instance_fn_twosC_quire_1.$add$/teamspace/studios/this_studio/Melodica-Integration-into-Fife-Core/Learn_Bluespec_and_RISCV_Design/Code/Build/Fife/verilog/module_fn_twosC_quire.v:110$120 ($add).
Removed top 1 bits (of 32) from port Y of cell mkQuire.$flatten\instance_fn_twosC_quire_1.$add$/teamspace/studios/this_studio/Melodica-Integration-into-Fife-Core/Learn_Bluespec_and_RISCV_Design/Code/Build/Fife/verilog/module_fn_twosC_quire.v:110$120 ($add).
Removed top 1 bits (of 32) from port A of cell mkQuire.$flatten\instance_fn_twosC_quire_1.$add$/teamspace/studios/this_studio/Melodica-Integration-into-Fife-Core/Learn_Bluespec_and_RISCV_Design/Code/Build/Fife/verilog/module_fn_twosC_quire.v:110$120 ($add).
Removed top 1 bits (of 32) from port Y of cell mkQuire.$flatten\instance_fn_twosC_quire_1.$not$/teamspace/studios/this_studio/Melodica-Integration-into-Fife-Core/Learn_Bluespec_and_RISCV_Design/Code/Build/Fife/verilog/module_fn_twosC_quire.v:108$118 ($not).
Removed top 1 bits (of 32) from port A of cell mkQuire.$flatten\instance_fn_twosC_quire_1.$not$/teamspace/studios/this_studio/Melodica-Integration-into-Fife-Core/Learn_Bluespec_and_RISCV_Design/Code/Build/Fife/verilog/module_fn_twosC_quire.v:108$118 ($not).
Removed top 31 bits (of 32) from port B of cell mkQuire.$flatten\instance_fn_twosC_quire_1.$add$/teamspace/studios/this_studio/Melodica-Integration-into-Fife-Core/Learn_Bluespec_and_RISCV_Design/Code/Build/Fife/verilog/module_fn_twosC_quire.v:103$114 ($add).
Removed top 31 bits (of 32) from port B of cell mkQuire.$flatten\instance_fn_twosC_quire_1.$add$/teamspace/studios/this_studio/Melodica-Integration-into-Fife-Core/Learn_Bluespec_and_RISCV_Design/Code/Build/Fife/verilog/module_fn_twosC_quire.v:96$108 ($add).
Removed top 31 bits (of 32) from port B of cell mkQuire.$flatten\instance_fn_twosC_quire_1.$add$/teamspace/studios/this_studio/Melodica-Integration-into-Fife-Core/Learn_Bluespec_and_RISCV_Design/Code/Build/Fife/verilog/module_fn_twosC_quire.v:89$102 ($add).
Removed top 31 bits (of 32) from port B of cell mkQuire.$flatten\instance_fn_twosC_quire_1.$add$/teamspace/studios/this_studio/Melodica-Integration-into-Fife-Core/Learn_Bluespec_and_RISCV_Design/Code/Build/Fife/verilog/module_fn_twosC_quire.v:82$96 ($add).
Removed top 31 bits (of 32) from port B of cell mkQuire.$flatten\instance_fn_twosC_quire_1.$add$/teamspace/studios/this_studio/Melodica-Integration-into-Fife-Core/Learn_Bluespec_and_RISCV_Design/Code/Build/Fife/verilog/module_fn_twosC_quire.v:75$90 ($add).
Removed top 31 bits (of 32) from port B of cell mkQuire.$flatten\instance_fn_twosC_quire_1.$add$/teamspace/studios/this_studio/Melodica-Integration-into-Fife-Core/Learn_Bluespec_and_RISCV_Design/Code/Build/Fife/verilog/module_fn_twosC_quire.v:68$84 ($add).
Removed top 1 bits (of 2) from port B of cell mkQuire.$auto$opt_dff.cc:195:make_patterns_logic$1550 ($ne).
Removed top 6 bits (of 7) from port B of cell mkQuire.$flatten\instance_fn_twosC_quire_0.$add$/teamspace/studios/this_studio/Melodica-Integration-into-Fife-Core/Learn_Bluespec_and_RISCV_Design/Code/Build/Fife/verilog/module_fn_twosC_quire.v:113$123 ($add).
Removed top 1 bits (of 32) from mux cell mkQuire.$flatten\instance_fn_twosC_quire_0.$ternary$/teamspace/studios/this_studio/Melodica-Integration-into-Fife-Core/Learn_Bluespec_and_RISCV_Design/Code/Build/Fife/verilog/module_fn_twosC_quire.v:106$122 ($mux).
Removed top 31 bits (of 32) from port B of cell mkQuire.$flatten\instance_fn_twosC_quire_0.$add$/teamspace/studios/this_studio/Melodica-Integration-into-Fife-Core/Learn_Bluespec_and_RISCV_Design/Code/Build/Fife/verilog/module_fn_twosC_quire.v:103$114 ($add).
Removed top 31 bits (of 32) from port B of cell mkQuire.$flatten\instance_fn_twosC_quire_0.$add$/teamspace/studios/this_studio/Melodica-Integration-into-Fife-Core/Learn_Bluespec_and_RISCV_Design/Code/Build/Fife/verilog/module_fn_twosC_quire.v:96$108 ($add).
Removed top 31 bits (of 32) from port B of cell mkQuire.$flatten\instance_fn_twosC_quire_0.$add$/teamspace/studios/this_studio/Melodica-Integration-into-Fife-Core/Learn_Bluespec_and_RISCV_Design/Code/Build/Fife/verilog/module_fn_twosC_quire.v:89$102 ($add).
Removed top 31 bits (of 32) from port B of cell mkQuire.$flatten\instance_fn_twosC_quire_0.$add$/teamspace/studios/this_studio/Melodica-Integration-into-Fife-Core/Learn_Bluespec_and_RISCV_Design/Code/Build/Fife/verilog/module_fn_twosC_quire.v:82$96 ($add).
Removed top 31 bits (of 32) from port B of cell mkQuire.$flatten\instance_fn_twosC_quire_0.$add$/teamspace/studios/this_studio/Melodica-Integration-into-Fife-Core/Learn_Bluespec_and_RISCV_Design/Code/Build/Fife/verilog/module_fn_twosC_quire.v:75$90 ($add).
Removed top 31 bits (of 32) from port B of cell mkQuire.$flatten\instance_fn_twosC_quire_0.$add$/teamspace/studios/this_studio/Melodica-Integration-into-Fife-Core/Learn_Bluespec_and_RISCV_Design/Code/Build/Fife/verilog/module_fn_twosC_quire.v:68$84 ($add).
Removed top 6 bits (of 7) from port B of cell mkQuire.$flatten\instance_fn_twosC_quire_2.$add$/teamspace/studios/this_studio/Melodica-Integration-into-Fife-Core/Learn_Bluespec_and_RISCV_Design/Code/Build/Fife/verilog/module_fn_twosC_quire.v:113$123 ($add).
Removed top 1 bits (of 32) from mux cell mkQuire.$flatten\instance_fn_twosC_quire_2.$ternary$/teamspace/studios/this_studio/Melodica-Integration-into-Fife-Core/Learn_Bluespec_and_RISCV_Design/Code/Build/Fife/verilog/module_fn_twosC_quire.v:106$122 ($mux).
Removed top 31 bits (of 32) from port B of cell mkQuire.$flatten\instance_fn_twosC_quire_2.$add$/teamspace/studios/this_studio/Melodica-Integration-into-Fife-Core/Learn_Bluespec_and_RISCV_Design/Code/Build/Fife/verilog/module_fn_twosC_quire.v:103$114 ($add).
Removed top 31 bits (of 32) from port B of cell mkQuire.$flatten\instance_fn_twosC_quire_2.$add$/teamspace/studios/this_studio/Melodica-Integration-into-Fife-Core/Learn_Bluespec_and_RISCV_Design/Code/Build/Fife/verilog/module_fn_twosC_quire.v:96$108 ($add).
Removed top 31 bits (of 32) from port B of cell mkQuire.$flatten\instance_fn_twosC_quire_2.$add$/teamspace/studios/this_studio/Melodica-Integration-into-Fife-Core/Learn_Bluespec_and_RISCV_Design/Code/Build/Fife/verilog/module_fn_twosC_quire.v:89$102 ($add).
Removed top 31 bits (of 32) from port B of cell mkQuire.$flatten\instance_fn_twosC_quire_2.$add$/teamspace/studios/this_studio/Melodica-Integration-into-Fife-Core/Learn_Bluespec_and_RISCV_Design/Code/Build/Fife/verilog/module_fn_twosC_quire.v:82$96 ($add).
Removed top 31 bits (of 32) from port B of cell mkQuire.$flatten\instance_fn_twosC_quire_2.$add$/teamspace/studios/this_studio/Melodica-Integration-into-Fife-Core/Learn_Bluespec_and_RISCV_Design/Code/Build/Fife/verilog/module_fn_twosC_quire.v:75$90 ($add).
Removed top 31 bits (of 32) from port B of cell mkQuire.$flatten\instance_fn_twosC_quire_2.$add$/teamspace/studios/this_studio/Melodica-Integration-into-Fife-Core/Learn_Bluespec_and_RISCV_Design/Code/Build/Fife/verilog/module_fn_twosC_quire.v:68$84 ($add).
Removed top 1 bits (of 32) from wire mkQuire.$flatten\instance_fn_twosC_quire_1.$add$/teamspace/studios/this_studio/Melodica-Integration-into-Fife-Core/Learn_Bluespec_and_RISCV_Design/Code/Build/Fife/verilog/module_fn_twosC_quire.v:110$120_Y.
Removed top 22 bits (of 32) from wire mkQuire.$flatten\instance_fn_twosC_quire_1.$not$/teamspace/studios/this_studio/Melodica-Integration-into-Fife-Core/Learn_Bluespec_and_RISCV_Design/Code/Build/Fife/verilog/module_fn_twosC_quire.v:108$118_Y.
Removed top 1 bits (of 32) from wire mkQuire.$flatten\instance_fn_twosC_quire_1.$ternary$/teamspace/studios/this_studio/Melodica-Integration-into-Fife-Core/Learn_Bluespec_and_RISCV_Design/Code/Build/Fife/verilog/module_fn_twosC_quire.v:109$121_Y.
Removed top 1 bits (of 3) from wire mkQuire.$ternary$/teamspace/studios/this_studio/Melodica-Integration-into-Fife-Core/Learn_Bluespec_and_RISCV_Design/Code/Build/Fife/verilog/mkQuire.v:1406$465_Y.
Removed top 1 bits (of 3) from wire mkQuire.IF_INV_vrg_quire_seg_zero_2_43_94_THEN_4_ELSE__ETC___d399.
Removed top 1 bits (of 223) from wire mkQuire.IF_vrg_quire_6_05_BIT_31_34_THEN_fn_twosC_quir_ETC___d255.
Removed top 32 bits (of 224) from wire mkQuire.abs_quire_in__h23175.
Removed top 23 bits (of 33) from wire mkQuire.in__h6418.
Removed top 1 bits (of 9) from wire mkQuire.numZeros__h6749.
Removed top 1 bits (of 41) from wire mkQuire.posit_rsp_f$D_IN.
Removed top 22 bits (of 32) from wire mkQuire.seg_adder_vff_in_6$D_OUT.
Removed top 183 bits (of 192) from wire mkQuire.shftamt__h29684.
Removed top 1 bits (of 33) from wire mkQuire.x__h6538.

14.11. Executing PEEPOPT pass (run peephole optimizers).

14.12. Executing OPT_CLEAN pass (remove unused cells and wires).
Finding unused cells or wires in module \mkQuire..
Removed 0 unused cells and 13 unused wires.
<suppressed ~1 debug messages>

14.13. Executing ALUMACC pass (create $alu and $macc cells).
Extracting $alu and $macc cells in module mkQuire:
  creating $macc model for $add$/teamspace/studios/this_studio/Melodica-Integration-into-Fife-Core/Learn_Bluespec_and_RISCV_Design/Code/Build/Fife/verilog/mkQuire.v:1481$491 ($add).
  creating $macc model for $add$/teamspace/studios/this_studio/Melodica-Integration-into-Fife-Core/Learn_Bluespec_and_RISCV_Design/Code/Build/Fife/verilog/mkQuire.v:1483$492 ($add).
  creating $macc model for $add$/teamspace/studios/this_studio/Melodica-Integration-into-Fife-Core/Learn_Bluespec_and_RISCV_Design/Code/Build/Fife/verilog/mkQuire.v:1485$493 ($add).
  creating $macc model for $add$/teamspace/studios/this_studio/Melodica-Integration-into-Fife-Core/Learn_Bluespec_and_RISCV_Design/Code/Build/Fife/verilog/mkQuire.v:1487$494 ($add).
  creating $macc model for $add$/teamspace/studios/this_studio/Melodica-Integration-into-Fife-Core/Learn_Bluespec_and_RISCV_Design/Code/Build/Fife/verilog/mkQuire.v:1489$495 ($add).
  creating $macc model for $add$/teamspace/studios/this_studio/Melodica-Integration-into-Fife-Core/Learn_Bluespec_and_RISCV_Design/Code/Build/Fife/verilog/mkQuire.v:1491$496 ($add).
  creating $macc model for $add$/teamspace/studios/this_studio/Melodica-Integration-into-Fife-Core/Learn_Bluespec_and_RISCV_Design/Code/Build/Fife/verilog/mkQuire.v:1493$497 ($add).
  creating $macc model for $add$/teamspace/studios/this_studio/Melodica-Integration-into-Fife-Core/Learn_Bluespec_and_RISCV_Design/Code/Build/Fife/verilog/mkQuire.v:1503$499 ($add).
  creating $macc model for $add$/teamspace/studios/this_studio/Melodica-Integration-into-Fife-Core/Learn_Bluespec_and_RISCV_Design/Code/Build/Fife/verilog/mkQuire.v:1512$500 ($add).
  creating $macc model for $add$/teamspace/studios/this_studio/Melodica-Integration-into-Fife-Core/Learn_Bluespec_and_RISCV_Design/Code/Build/Fife/verilog/mkQuire.v:1586$528 ($add).
  creating $macc model for $add$/teamspace/studios/this_studio/Melodica-Integration-into-Fife-Core/Learn_Bluespec_and_RISCV_Design/Code/Build/Fife/verilog/mkQuire.v:1587$529 ($add).
  creating $macc model for $add$/teamspace/studios/this_studio/Melodica-Integration-into-Fife-Core/Learn_Bluespec_and_RISCV_Design/Code/Build/Fife/verilog/mkQuire.v:1588$530 ($add).
  creating $macc model for $add$/teamspace/studios/this_studio/Melodica-Integration-into-Fife-Core/Learn_Bluespec_and_RISCV_Design/Code/Build/Fife/verilog/mkQuire.v:1589$531 ($add).
  creating $macc model for $add$/teamspace/studios/this_studio/Melodica-Integration-into-Fife-Core/Learn_Bluespec_and_RISCV_Design/Code/Build/Fife/verilog/mkQuire.v:1590$532 ($add).
  creating $macc model for $add$/teamspace/studios/this_studio/Melodica-Integration-into-Fife-Core/Learn_Bluespec_and_RISCV_Design/Code/Build/Fife/verilog/mkQuire.v:1591$533 ($add).
  creating $macc model for $add$/teamspace/studios/this_studio/Melodica-Integration-into-Fife-Core/Learn_Bluespec_and_RISCV_Design/Code/Build/Fife/verilog/mkQuire.v:796$216 ($add).
  creating $macc model for $flatten\instance_fn_twosC_quire_0.$add$/teamspace/studios/this_studio/Melodica-Integration-into-Fife-Core/Learn_Bluespec_and_RISCV_Design/Code/Build/Fife/verilog/module_fn_twosC_quire.v:103$114 ($add).
  creating $macc model for $flatten\instance_fn_twosC_quire_0.$add$/teamspace/studios/this_studio/Melodica-Integration-into-Fife-Core/Learn_Bluespec_and_RISCV_Design/Code/Build/Fife/verilog/module_fn_twosC_quire.v:113$123 ($add).
  creating $macc model for $flatten\instance_fn_twosC_quire_0.$add$/teamspace/studios/this_studio/Melodica-Integration-into-Fife-Core/Learn_Bluespec_and_RISCV_Design/Code/Build/Fife/verilog/module_fn_twosC_quire.v:68$84 ($add).
  creating $macc model for $flatten\instance_fn_twosC_quire_0.$add$/teamspace/studios/this_studio/Melodica-Integration-into-Fife-Core/Learn_Bluespec_and_RISCV_Design/Code/Build/Fife/verilog/module_fn_twosC_quire.v:75$90 ($add).
  creating $macc model for $flatten\instance_fn_twosC_quire_0.$add$/teamspace/studios/this_studio/Melodica-Integration-into-Fife-Core/Learn_Bluespec_and_RISCV_Design/Code/Build/Fife/verilog/module_fn_twosC_quire.v:82$96 ($add).
  creating $macc model for $flatten\instance_fn_twosC_quire_0.$add$/teamspace/studios/this_studio/Melodica-Integration-into-Fife-Core/Learn_Bluespec_and_RISCV_Design/Code/Build/Fife/verilog/module_fn_twosC_quire.v:89$102 ($add).
  creating $macc model for $flatten\instance_fn_twosC_quire_0.$add$/teamspace/studios/this_studio/Melodica-Integration-into-Fife-Core/Learn_Bluespec_and_RISCV_Design/Code/Build/Fife/verilog/module_fn_twosC_quire.v:96$108 ($add).
  creating $macc model for $flatten\instance_fn_twosC_quire_1.$add$/teamspace/studios/this_studio/Melodica-Integration-into-Fife-Core/Learn_Bluespec_and_RISCV_Design/Code/Build/Fife/verilog/module_fn_twosC_quire.v:103$114 ($add).
  creating $macc model for $flatten\instance_fn_twosC_quire_1.$add$/teamspace/studios/this_studio/Melodica-Integration-into-Fife-Core/Learn_Bluespec_and_RISCV_Design/Code/Build/Fife/verilog/module_fn_twosC_quire.v:110$120 ($add).
  creating $macc model for $flatten\instance_fn_twosC_quire_1.$add$/teamspace/studios/this_studio/Melodica-Integration-into-Fife-Core/Learn_Bluespec_and_RISCV_Design/Code/Build/Fife/verilog/module_fn_twosC_quire.v:113$123 ($add).
  creating $macc model for $flatten\instance_fn_twosC_quire_1.$add$/teamspace/studios/this_studio/Melodica-Integration-into-Fife-Core/Learn_Bluespec_and_RISCV_Design/Code/Build/Fife/verilog/module_fn_twosC_quire.v:68$84 ($add).
  creating $macc model for $flatten\instance_fn_twosC_quire_1.$add$/teamspace/studios/this_studio/Melodica-Integration-into-Fife-Core/Learn_Bluespec_and_RISCV_Design/Code/Build/Fife/verilog/module_fn_twosC_quire.v:75$90 ($add).
  creating $macc model for $flatten\instance_fn_twosC_quire_1.$add$/teamspace/studios/this_studio/Melodica-Integration-into-Fife-Core/Learn_Bluespec_and_RISCV_Design/Code/Build/Fife/verilog/module_fn_twosC_quire.v:82$96 ($add).
  creating $macc model for $flatten\instance_fn_twosC_quire_1.$add$/teamspace/studios/this_studio/Melodica-Integration-into-Fife-Core/Learn_Bluespec_and_RISCV_Design/Code/Build/Fife/verilog/module_fn_twosC_quire.v:89$102 ($add).
  creating $macc model for $flatten\instance_fn_twosC_quire_1.$add$/teamspace/studios/this_studio/Melodica-Integration-into-Fife-Core/Learn_Bluespec_and_RISCV_Design/Code/Build/Fife/verilog/module_fn_twosC_quire.v:96$108 ($add).
  creating $macc model for $flatten\instance_fn_twosC_quire_2.$add$/teamspace/studios/this_studio/Melodica-Integration-into-Fife-Core/Learn_Bluespec_and_RISCV_Design/Code/Build/Fife/verilog/module_fn_twosC_quire.v:103$114 ($add).
  creating $macc model for $flatten\instance_fn_twosC_quire_2.$add$/teamspace/studios/this_studio/Melodica-Integration-into-Fife-Core/Learn_Bluespec_and_RISCV_Design/Code/Build/Fife/verilog/module_fn_twosC_quire.v:113$123 ($add).
  creating $macc model for $flatten\instance_fn_twosC_quire_2.$add$/teamspace/studios/this_studio/Melodica-Integration-into-Fife-Core/Learn_Bluespec_and_RISCV_Design/Code/Build/Fife/verilog/module_fn_twosC_quire.v:68$84 ($add).
  creating $macc model for $flatten\instance_fn_twosC_quire_2.$add$/teamspace/studios/this_studio/Melodica-Integration-into-Fife-Core/Learn_Bluespec_and_RISCV_Design/Code/Build/Fife/verilog/module_fn_twosC_quire.v:75$90 ($add).
  creating $macc model for $flatten\instance_fn_twosC_quire_2.$add$/teamspace/studios/this_studio/Melodica-Integration-into-Fife-Core/Learn_Bluespec_and_RISCV_Design/Code/Build/Fife/verilog/module_fn_twosC_quire.v:82$96 ($add).
  creating $macc model for $flatten\instance_fn_twosC_quire_2.$add$/teamspace/studios/this_studio/Melodica-Integration-into-Fife-Core/Learn_Bluespec_and_RISCV_Design/Code/Build/Fife/verilog/module_fn_twosC_quire.v:89$102 ($add).
  creating $macc model for $flatten\instance_fn_twosC_quire_2.$add$/teamspace/studios/this_studio/Melodica-Integration-into-Fife-Core/Learn_Bluespec_and_RISCV_Design/Code/Build/Fife/verilog/module_fn_twosC_quire.v:96$108 ($add).
  creating $macc model for $flatten\seg_adder_vff_carry_0.$add$/teamspace/studios/this_studio/Melodica-Integration-into-Fife-Core/bsc/lib/Verilog/SizedFIFO.v:75$918 ($add).
  creating $macc model for $flatten\seg_adder_vff_carry_0.$add$/teamspace/studios/this_studio/Melodica-Integration-into-Fife-Core/bsc/lib/Verilog/SizedFIFO.v:76$919 ($add).
  creating $macc model for $flatten\seg_adder_vff_carry_1.$add$/teamspace/studios/this_studio/Melodica-Integration-into-Fife-Core/bsc/lib/Verilog/SizedFIFO.v:75$918 ($add).
  creating $macc model for $flatten\seg_adder_vff_carry_1.$add$/teamspace/studios/this_studio/Melodica-Integration-into-Fife-Core/bsc/lib/Verilog/SizedFIFO.v:76$919 ($add).
  creating $macc model for $flatten\seg_adder_vff_carry_2.$add$/teamspace/studios/this_studio/Melodica-Integration-into-Fife-Core/bsc/lib/Verilog/SizedFIFO.v:75$918 ($add).
  creating $macc model for $flatten\seg_adder_vff_carry_2.$add$/teamspace/studios/this_studio/Melodica-Integration-into-Fife-Core/bsc/lib/Verilog/SizedFIFO.v:76$919 ($add).
  creating $macc model for $flatten\seg_adder_vff_carry_3.$add$/teamspace/studios/this_studio/Melodica-Integration-into-Fife-Core/bsc/lib/Verilog/SizedFIFO.v:75$918 ($add).
  creating $macc model for $flatten\seg_adder_vff_carry_3.$add$/teamspace/studios/this_studio/Melodica-Integration-into-Fife-Core/bsc/lib/Verilog/SizedFIFO.v:76$919 ($add).
  creating $macc model for $flatten\seg_adder_vff_carry_4.$add$/teamspace/studios/this_studio/Melodica-Integration-into-Fife-Core/bsc/lib/Verilog/SizedFIFO.v:75$918 ($add).
  creating $macc model for $flatten\seg_adder_vff_carry_4.$add$/teamspace/studios/this_studio/Melodica-Integration-into-Fife-Core/bsc/lib/Verilog/SizedFIFO.v:76$919 ($add).
  creating $macc model for $flatten\seg_adder_vff_carry_5.$add$/teamspace/studios/this_studio/Melodica-Integration-into-Fife-Core/bsc/lib/Verilog/SizedFIFO.v:75$918 ($add).
  creating $macc model for $flatten\seg_adder_vff_carry_5.$add$/teamspace/studios/this_studio/Melodica-Integration-into-Fife-Core/bsc/lib/Verilog/SizedFIFO.v:76$919 ($add).
  creating $macc model for $flatten\seg_adder_vff_in_0.$add$/teamspace/studios/this_studio/Melodica-Integration-into-Fife-Core/bsc/lib/Verilog/SizedFIFO.v:75$887 ($add).
  creating $macc model for $flatten\seg_adder_vff_in_0.$add$/teamspace/studios/this_studio/Melodica-Integration-into-Fife-Core/bsc/lib/Verilog/SizedFIFO.v:76$888 ($add).
  creating $macc model for $flatten\seg_adder_vff_in_1.$add$/teamspace/studios/this_studio/Melodica-Integration-into-Fife-Core/bsc/lib/Verilog/SizedFIFO.v:75$887 ($add).
  creating $macc model for $flatten\seg_adder_vff_in_1.$add$/teamspace/studios/this_studio/Melodica-Integration-into-Fife-Core/bsc/lib/Verilog/SizedFIFO.v:76$888 ($add).
  creating $macc model for $flatten\seg_adder_vff_in_2.$add$/teamspace/studios/this_studio/Melodica-Integration-into-Fife-Core/bsc/lib/Verilog/SizedFIFO.v:75$887 ($add).
  creating $macc model for $flatten\seg_adder_vff_in_2.$add$/teamspace/studios/this_studio/Melodica-Integration-into-Fife-Core/bsc/lib/Verilog/SizedFIFO.v:76$888 ($add).
  creating $macc model for $flatten\seg_adder_vff_in_3.$add$/teamspace/studios/this_studio/Melodica-Integration-into-Fife-Core/bsc/lib/Verilog/SizedFIFO.v:75$887 ($add).
  creating $macc model for $flatten\seg_adder_vff_in_3.$add$/teamspace/studios/this_studio/Melodica-Integration-into-Fife-Core/bsc/lib/Verilog/SizedFIFO.v:76$888 ($add).
  creating $macc model for $flatten\seg_adder_vff_in_4.$add$/teamspace/studios/this_studio/Melodica-Integration-into-Fife-Core/bsc/lib/Verilog/SizedFIFO.v:75$887 ($add).
  creating $macc model for $flatten\seg_adder_vff_in_4.$add$/teamspace/studios/this_studio/Melodica-Integration-into-Fife-Core/bsc/lib/Verilog/SizedFIFO.v:76$888 ($add).
  creating $macc model for $flatten\seg_adder_vff_in_5.$add$/teamspace/studios/this_studio/Melodica-Integration-into-Fife-Core/bsc/lib/Verilog/SizedFIFO.v:75$887 ($add).
  creating $macc model for $flatten\seg_adder_vff_in_5.$add$/teamspace/studios/this_studio/Melodica-Integration-into-Fife-Core/bsc/lib/Verilog/SizedFIFO.v:76$888 ($add).
  creating $macc model for $flatten\seg_adder_vff_in_6.$add$/teamspace/studios/this_studio/Melodica-Integration-into-Fife-Core/bsc/lib/Verilog/SizedFIFO.v:75$887 ($add).
  creating $macc model for $flatten\seg_adder_vff_in_6.$add$/teamspace/studios/this_studio/Melodica-Integration-into-Fife-Core/bsc/lib/Verilog/SizedFIFO.v:76$888 ($add).
  creating $macc model for $neg$/teamspace/studios/this_studio/Melodica-Integration-into-Fife-Core/Learn_Bluespec_and_RISCV_Design/Code/Build/Fife/verilog/mkQuire.v:1579$522 ($neg).
  creating $macc model for $sub$/teamspace/studios/this_studio/Melodica-Integration-into-Fife-Core/Learn_Bluespec_and_RISCV_Design/Code/Build/Fife/verilog/mkQuire.v:1241$433 ($sub).
  creating $macc model for $sub$/teamspace/studios/this_studio/Melodica-Integration-into-Fife-Core/Learn_Bluespec_and_RISCV_Design/Code/Build/Fife/verilog/mkQuire.v:1468$489 ($sub).
  creating $macc model for $sub$/teamspace/studios/this_studio/Melodica-Integration-into-Fife-Core/Learn_Bluespec_and_RISCV_Design/Code/Build/Fife/verilog/mkQuire.v:798$217 ($sub).
  merging $macc model for $add$/teamspace/studios/this_studio/Melodica-Integration-into-Fife-Core/Learn_Bluespec_and_RISCV_Design/Code/Build/Fife/verilog/mkQuire.v:1512$500 into $sub$/teamspace/studios/this_studio/Melodica-Integration-into-Fife-Core/Learn_Bluespec_and_RISCV_Design/Code/Build/Fife/verilog/mkQuire.v:1241$433.
  merging $macc model for $add$/teamspace/studios/this_studio/Melodica-Integration-into-Fife-Core/Learn_Bluespec_and_RISCV_Design/Code/Build/Fife/verilog/mkQuire.v:1591$533 into $add$/teamspace/studios/this_studio/Melodica-Integration-into-Fife-Core/Learn_Bluespec_and_RISCV_Design/Code/Build/Fife/verilog/mkQuire.v:1493$497.
  merging $macc model for $add$/teamspace/studios/this_studio/Melodica-Integration-into-Fife-Core/Learn_Bluespec_and_RISCV_Design/Code/Build/Fife/verilog/mkQuire.v:1590$532 into $add$/teamspace/studios/this_studio/Melodica-Integration-into-Fife-Core/Learn_Bluespec_and_RISCV_Design/Code/Build/Fife/verilog/mkQuire.v:1491$496.
  merging $macc model for $add$/teamspace/studios/this_studio/Melodica-Integration-into-Fife-Core/Learn_Bluespec_and_RISCV_Design/Code/Build/Fife/verilog/mkQuire.v:1589$531 into $add$/teamspace/studios/this_studio/Melodica-Integration-into-Fife-Core/Learn_Bluespec_and_RISCV_Design/Code/Build/Fife/verilog/mkQuire.v:1489$495.
  merging $macc model for $add$/teamspace/studios/this_studio/Melodica-Integration-into-Fife-Core/Learn_Bluespec_and_RISCV_Design/Code/Build/Fife/verilog/mkQuire.v:1588$530 into $add$/teamspace/studios/this_studio/Melodica-Integration-into-Fife-Core/Learn_Bluespec_and_RISCV_Design/Code/Build/Fife/verilog/mkQuire.v:1487$494.
  merging $macc model for $add$/teamspace/studios/this_studio/Melodica-Integration-into-Fife-Core/Learn_Bluespec_and_RISCV_Design/Code/Build/Fife/verilog/mkQuire.v:1587$529 into $add$/teamspace/studios/this_studio/Melodica-Integration-into-Fife-Core/Learn_Bluespec_and_RISCV_Design/Code/Build/Fife/verilog/mkQuire.v:1485$493.
  merging $macc model for $add$/teamspace/studios/this_studio/Melodica-Integration-into-Fife-Core/Learn_Bluespec_and_RISCV_Design/Code/Build/Fife/verilog/mkQuire.v:1586$528 into $add$/teamspace/studios/this_studio/Melodica-Integration-into-Fife-Core/Learn_Bluespec_and_RISCV_Design/Code/Build/Fife/verilog/mkQuire.v:1483$492.
  creating $alu model for $macc $flatten\seg_adder_vff_in_5.$add$/teamspace/studios/this_studio/Melodica-Integration-into-Fife-Core/bsc/lib/Verilog/SizedFIFO.v:75$887.
  creating $alu model for $macc $flatten\seg_adder_vff_in_4.$add$/teamspace/studios/this_studio/Melodica-Integration-into-Fife-Core/bsc/lib/Verilog/SizedFIFO.v:76$888.
  creating $alu model for $macc $flatten\seg_adder_vff_in_4.$add$/teamspace/studios/this_studio/Melodica-Integration-into-Fife-Core/bsc/lib/Verilog/SizedFIFO.v:75$887.
  creating $alu model for $macc $flatten\seg_adder_vff_in_3.$add$/teamspace/studios/this_studio/Melodica-Integration-into-Fife-Core/bsc/lib/Verilog/SizedFIFO.v:76$888.
  creating $alu model for $macc $flatten\seg_adder_vff_in_3.$add$/teamspace/studios/this_studio/Melodica-Integration-into-Fife-Core/bsc/lib/Verilog/SizedFIFO.v:75$887.
  creating $alu model for $macc $flatten\seg_adder_vff_in_2.$add$/teamspace/studios/this_studio/Melodica-Integration-into-Fife-Core/bsc/lib/Verilog/SizedFIFO.v:76$888.
  creating $alu model for $macc $flatten\seg_adder_vff_in_2.$add$/teamspace/studios/this_studio/Melodica-Integration-into-Fife-Core/bsc/lib/Verilog/SizedFIFO.v:75$887.
  creating $alu model for $macc $flatten\seg_adder_vff_in_1.$add$/teamspace/studios/this_studio/Melodica-Integration-into-Fife-Core/bsc/lib/Verilog/SizedFIFO.v:76$888.
  creating $alu model for $macc $flatten\seg_adder_vff_in_1.$add$/teamspace/studios/this_studio/Melodica-Integration-into-Fife-Core/bsc/lib/Verilog/SizedFIFO.v:75$887.
  creating $alu model for $macc $flatten\seg_adder_vff_in_0.$add$/teamspace/studios/this_studio/Melodica-Integration-into-Fife-Core/bsc/lib/Verilog/SizedFIFO.v:76$888.
  creating $alu model for $macc $flatten\seg_adder_vff_in_0.$add$/teamspace/studios/this_studio/Melodica-Integration-into-Fife-Core/bsc/lib/Verilog/SizedFIFO.v:75$887.
  creating $alu model for $macc $flatten\seg_adder_vff_carry_5.$add$/teamspace/studios/this_studio/Melodica-Integration-into-Fife-Core/bsc/lib/Verilog/SizedFIFO.v:76$919.
  creating $alu model for $macc $flatten\seg_adder_vff_carry_5.$add$/teamspace/studios/this_studio/Melodica-Integration-into-Fife-Core/bsc/lib/Verilog/SizedFIFO.v:75$918.
  creating $alu model for $macc $flatten\seg_adder_vff_carry_4.$add$/teamspace/studios/this_studio/Melodica-Integration-into-Fife-Core/bsc/lib/Verilog/SizedFIFO.v:76$919.
  creating $alu model for $macc $flatten\seg_adder_vff_carry_4.$add$/teamspace/studios/this_studio/Melodica-Integration-into-Fife-Core/bsc/lib/Verilog/SizedFIFO.v:75$918.
  creating $alu model for $macc $flatten\seg_adder_vff_carry_3.$add$/teamspace/studios/this_studio/Melodica-Integration-into-Fife-Core/bsc/lib/Verilog/SizedFIFO.v:76$919.
  creating $alu model for $macc $flatten\seg_adder_vff_carry_3.$add$/teamspace/studios/this_studio/Melodica-Integration-into-Fife-Core/bsc/lib/Verilog/SizedFIFO.v:75$918.
  creating $alu model for $macc $flatten\seg_adder_vff_carry_2.$add$/teamspace/studios/this_studio/Melodica-Integration-into-Fife-Core/bsc/lib/Verilog/SizedFIFO.v:76$919.
  creating $alu model for $macc $flatten\seg_adder_vff_carry_2.$add$/teamspace/studios/this_studio/Melodica-Integration-into-Fife-Core/bsc/lib/Verilog/SizedFIFO.v:75$918.
  creating $alu model for $macc $flatten\seg_adder_vff_carry_1.$add$/teamspace/studios/this_studio/Melodica-Integration-into-Fife-Core/bsc/lib/Verilog/SizedFIFO.v:76$919.
  creating $alu model for $macc $flatten\seg_adder_vff_carry_1.$add$/teamspace/studios/this_studio/Melodica-Integration-into-Fife-Core/bsc/lib/Verilog/SizedFIFO.v:75$918.
  creating $alu model for $macc $flatten\seg_adder_vff_carry_0.$add$/teamspace/studios/this_studio/Melodica-Integration-into-Fife-Core/bsc/lib/Verilog/SizedFIFO.v:76$919.
  creating $alu model for $macc $flatten\seg_adder_vff_carry_0.$add$/teamspace/studios/this_studio/Melodica-Integration-into-Fife-Core/bsc/lib/Verilog/SizedFIFO.v:75$918.
  creating $alu model for $macc $flatten\instance_fn_twosC_quire_2.$add$/teamspace/studios/this_studio/Melodica-Integration-into-Fife-Core/Learn_Bluespec_and_RISCV_Design/Code/Build/Fife/verilog/module_fn_twosC_quire.v:96$108.
  creating $alu model for $macc $flatten\instance_fn_twosC_quire_2.$add$/teamspace/studios/this_studio/Melodica-Integration-into-Fife-Core/Learn_Bluespec_and_RISCV_Design/Code/Build/Fife/verilog/module_fn_twosC_quire.v:89$102.
  creating $alu model for $macc $flatten\instance_fn_twosC_quire_2.$add$/teamspace/studios/this_studio/Melodica-Integration-into-Fife-Core/Learn_Bluespec_and_RISCV_Design/Code/Build/Fife/verilog/module_fn_twosC_quire.v:82$96.
  creating $alu model for $macc $flatten\instance_fn_twosC_quire_2.$add$/teamspace/studios/this_studio/Melodica-Integration-into-Fife-Core/Learn_Bluespec_and_RISCV_Design/Code/Build/Fife/verilog/module_fn_twosC_quire.v:75$90.
  creating $alu model for $macc $flatten\instance_fn_twosC_quire_2.$add$/teamspace/studios/this_studio/Melodica-Integration-into-Fife-Core/Learn_Bluespec_and_RISCV_Design/Code/Build/Fife/verilog/module_fn_twosC_quire.v:68$84.
  creating $alu model for $macc $flatten\instance_fn_twosC_quire_2.$add$/teamspace/studios/this_studio/Melodica-Integration-into-Fife-Core/Learn_Bluespec_and_RISCV_Design/Code/Build/Fife/verilog/module_fn_twosC_quire.v:113$123.
  creating $alu model for $macc $flatten\instance_fn_twosC_quire_2.$add$/teamspace/studios/this_studio/Melodica-Integration-into-Fife-Core/Learn_Bluespec_and_RISCV_Design/Code/Build/Fife/verilog/module_fn_twosC_quire.v:103$114.
  creating $alu model for $macc $flatten\instance_fn_twosC_quire_1.$add$/teamspace/studios/this_studio/Melodica-Integration-into-Fife-Core/Learn_Bluespec_and_RISCV_Design/Code/Build/Fife/verilog/module_fn_twosC_quire.v:96$108.
  creating $alu model for $macc $flatten\instance_fn_twosC_quire_1.$add$/teamspace/studios/this_studio/Melodica-Integration-into-Fife-Core/Learn_Bluespec_and_RISCV_Design/Code/Build/Fife/verilog/module_fn_twosC_quire.v:89$102.
  creating $alu model for $macc $flatten\instance_fn_twosC_quire_1.$add$/teamspace/studios/this_studio/Melodica-Integration-into-Fife-Core/Learn_Bluespec_and_RISCV_Design/Code/Build/Fife/verilog/module_fn_twosC_quire.v:82$96.
  creating $alu model for $macc $flatten\instance_fn_twosC_quire_1.$add$/teamspace/studios/this_studio/Melodica-Integration-into-Fife-Core/Learn_Bluespec_and_RISCV_Design/Code/Build/Fife/verilog/module_fn_twosC_quire.v:75$90.
  creating $alu model for $macc $flatten\instance_fn_twosC_quire_1.$add$/teamspace/studios/this_studio/Melodica-Integration-into-Fife-Core/Learn_Bluespec_and_RISCV_Design/Code/Build/Fife/verilog/module_fn_twosC_quire.v:68$84.
  creating $alu model for $macc $flatten\instance_fn_twosC_quire_1.$add$/teamspace/studios/this_studio/Melodica-Integration-into-Fife-Core/Learn_Bluespec_and_RISCV_Design/Code/Build/Fife/verilog/module_fn_twosC_quire.v:113$123.
  creating $alu model for $macc $flatten\instance_fn_twosC_quire_1.$add$/teamspace/studios/this_studio/Melodica-Integration-into-Fife-Core/Learn_Bluespec_and_RISCV_Design/Code/Build/Fife/verilog/module_fn_twosC_quire.v:110$120.
  creating $alu model for $macc $flatten\instance_fn_twosC_quire_1.$add$/teamspace/studios/this_studio/Melodica-Integration-into-Fife-Core/Learn_Bluespec_and_RISCV_Design/Code/Build/Fife/verilog/module_fn_twosC_quire.v:103$114.
  creating $alu model for $macc $flatten\instance_fn_twosC_quire_0.$add$/teamspace/studios/this_studio/Melodica-Integration-into-Fife-Core/Learn_Bluespec_and_RISCV_Design/Code/Build/Fife/verilog/module_fn_twosC_quire.v:96$108.
  creating $alu model for $macc $flatten\instance_fn_twosC_quire_0.$add$/teamspace/studios/this_studio/Melodica-Integration-into-Fife-Core/Learn_Bluespec_and_RISCV_Design/Code/Build/Fife/verilog/module_fn_twosC_quire.v:89$102.
  creating $alu model for $macc $flatten\instance_fn_twosC_quire_0.$add$/teamspace/studios/this_studio/Melodica-Integration-into-Fife-Core/Learn_Bluespec_and_RISCV_Design/Code/Build/Fife/verilog/module_fn_twosC_quire.v:82$96.
  creating $alu model for $macc $flatten\instance_fn_twosC_quire_0.$add$/teamspace/studios/this_studio/Melodica-Integration-into-Fife-Core/Learn_Bluespec_and_RISCV_Design/Code/Build/Fife/verilog/module_fn_twosC_quire.v:75$90.
  creating $alu model for $macc $flatten\instance_fn_twosC_quire_0.$add$/teamspace/studios/this_studio/Melodica-Integration-into-Fife-Core/Learn_Bluespec_and_RISCV_Design/Code/Build/Fife/verilog/module_fn_twosC_quire.v:68$84.
  creating $alu model for $macc $flatten\instance_fn_twosC_quire_0.$add$/teamspace/studios/this_studio/Melodica-Integration-into-Fife-Core/Learn_Bluespec_and_RISCV_Design/Code/Build/Fife/verilog/module_fn_twosC_quire.v:113$123.
  creating $alu model for $macc $flatten\instance_fn_twosC_quire_0.$add$/teamspace/studios/this_studio/Melodica-Integration-into-Fife-Core/Learn_Bluespec_and_RISCV_Design/Code/Build/Fife/verilog/module_fn_twosC_quire.v:103$114.
  creating $alu model for $macc $add$/teamspace/studios/this_studio/Melodica-Integration-into-Fife-Core/Learn_Bluespec_and_RISCV_Design/Code/Build/Fife/verilog/mkQuire.v:796$216.
  creating $alu model for $macc $flatten\seg_adder_vff_in_6.$add$/teamspace/studios/this_studio/Melodica-Integration-into-Fife-Core/bsc/lib/Verilog/SizedFIFO.v:75$887.
  creating $alu model for $macc $flatten\seg_adder_vff_in_6.$add$/teamspace/studios/this_studio/Melodica-Integration-into-Fife-Core/bsc/lib/Verilog/SizedFIFO.v:76$888.
  creating $alu model for $macc $neg$/teamspace/studios/this_studio/Melodica-Integration-into-Fife-Core/Learn_Bluespec_and_RISCV_Design/Code/Build/Fife/verilog/mkQuire.v:1579$522.
  creating $alu model for $macc $sub$/teamspace/studios/this_studio/Melodica-Integration-into-Fife-Core/Learn_Bluespec_and_RISCV_Design/Code/Build/Fife/verilog/mkQuire.v:1468$489.
  creating $alu model for $macc $sub$/teamspace/studios/this_studio/Melodica-Integration-into-Fife-Core/Learn_Bluespec_and_RISCV_Design/Code/Build/Fife/verilog/mkQuire.v:798$217.
  creating $alu model for $macc $flatten\seg_adder_vff_in_5.$add$/teamspace/studios/this_studio/Melodica-Integration-into-Fife-Core/bsc/lib/Verilog/SizedFIFO.v:76$888.
  creating $alu model for $macc $add$/teamspace/studios/this_studio/Melodica-Integration-into-Fife-Core/Learn_Bluespec_and_RISCV_Design/Code/Build/Fife/verilog/mkQuire.v:1503$499.
  creating $alu model for $macc $add$/teamspace/studios/this_studio/Melodica-Integration-into-Fife-Core/Learn_Bluespec_and_RISCV_Design/Code/Build/Fife/verilog/mkQuire.v:1493$497.
  creating $alu model for $macc $add$/teamspace/studios/this_studio/Melodica-Integration-into-Fife-Core/Learn_Bluespec_and_RISCV_Design/Code/Build/Fife/verilog/mkQuire.v:1491$496.
  creating $alu model for $macc $add$/teamspace/studios/this_studio/Melodica-Integration-into-Fife-Core/Learn_Bluespec_and_RISCV_Design/Code/Build/Fife/verilog/mkQuire.v:1489$495.
  creating $alu model for $macc $add$/teamspace/studios/this_studio/Melodica-Integration-into-Fife-Core/Learn_Bluespec_and_RISCV_Design/Code/Build/Fife/verilog/mkQuire.v:1487$494.
  creating $alu model for $macc $add$/teamspace/studios/this_studio/Melodica-Integration-into-Fife-Core/Learn_Bluespec_and_RISCV_Design/Code/Build/Fife/verilog/mkQuire.v:1485$493.
  creating $alu model for $macc $add$/teamspace/studios/this_studio/Melodica-Integration-into-Fife-Core/Learn_Bluespec_and_RISCV_Design/Code/Build/Fife/verilog/mkQuire.v:1483$492.
  creating $alu model for $macc $add$/teamspace/studios/this_studio/Melodica-Integration-into-Fife-Core/Learn_Bluespec_and_RISCV_Design/Code/Build/Fife/verilog/mkQuire.v:1481$491.
  creating $macc cell for $sub$/teamspace/studios/this_studio/Melodica-Integration-into-Fife-Core/Learn_Bluespec_and_RISCV_Design/Code/Build/Fife/verilog/mkQuire.v:1241$433: $auto$alumacc.cc:365:replace_macc$1864
  creating $alu model for $le$/teamspace/studios/this_studio/Melodica-Integration-into-Fife-Core/Learn_Bluespec_and_RISCV_Design/Code/Build/Fife/verilog/mkQuire.v:1464$488 ($le): new $alu
  creating $alu model for $lt$/teamspace/studios/this_studio/Melodica-Integration-into-Fife-Core/Learn_Bluespec_and_RISCV_Design/Code/Build/Fife/verilog/mkQuire.v:1460$486 ($lt): new $alu
  creating $alu cell for $lt$/teamspace/studios/this_studio/Melodica-Integration-into-Fife-Core/Learn_Bluespec_and_RISCV_Design/Code/Build/Fife/verilog/mkQuire.v:1460$486: $auto$alumacc.cc:485:replace_alu$1867
  creating $alu cell for $le$/teamspace/studios/this_studio/Melodica-Integration-into-Fife-Core/Learn_Bluespec_and_RISCV_Design/Code/Build/Fife/verilog/mkQuire.v:1464$488: $auto$alumacc.cc:485:replace_alu$1878
  creating $alu cell for $add$/teamspace/studios/this_studio/Melodica-Integration-into-Fife-Core/Learn_Bluespec_and_RISCV_Design/Code/Build/Fife/verilog/mkQuire.v:1481$491: $auto$alumacc.cc:485:replace_alu$1891
  creating $alu cell for $add$/teamspace/studios/this_studio/Melodica-Integration-into-Fife-Core/Learn_Bluespec_and_RISCV_Design/Code/Build/Fife/verilog/mkQuire.v:1483$492: $auto$alumacc.cc:485:replace_alu$1894
  creating $alu cell for $add$/teamspace/studios/this_studio/Melodica-Integration-into-Fife-Core/Learn_Bluespec_and_RISCV_Design/Code/Build/Fife/verilog/mkQuire.v:1485$493: $auto$alumacc.cc:485:replace_alu$1897
  creating $alu cell for $add$/teamspace/studios/this_studio/Melodica-Integration-into-Fife-Core/Learn_Bluespec_and_RISCV_Design/Code/Build/Fife/verilog/mkQuire.v:1487$494: $auto$alumacc.cc:485:replace_alu$1900
  creating $alu cell for $add$/teamspace/studios/this_studio/Melodica-Integration-into-Fife-Core/Learn_Bluespec_and_RISCV_Design/Code/Build/Fife/verilog/mkQuire.v:1489$495: $auto$alumacc.cc:485:replace_alu$1903
  creating $alu cell for $add$/teamspace/studios/this_studio/Melodica-Integration-into-Fife-Core/Learn_Bluespec_and_RISCV_Design/Code/Build/Fife/verilog/mkQuire.v:1491$496: $auto$alumacc.cc:485:replace_alu$1906
  creating $alu cell for $add$/teamspace/studios/this_studio/Melodica-Integration-into-Fife-Core/Learn_Bluespec_and_RISCV_Design/Code/Build/Fife/verilog/mkQuire.v:1493$497: $auto$alumacc.cc:485:replace_alu$1909
  creating $alu cell for $add$/teamspace/studios/this_studio/Melodica-Integration-into-Fife-Core/Learn_Bluespec_and_RISCV_Design/Code/Build/Fife/verilog/mkQuire.v:1503$499: $auto$alumacc.cc:485:replace_alu$1912
  creating $alu cell for $flatten\seg_adder_vff_in_5.$add$/teamspace/studios/this_studio/Melodica-Integration-into-Fife-Core/bsc/lib/Verilog/SizedFIFO.v:76$888: $auto$alumacc.cc:485:replace_alu$1915
  creating $alu cell for $sub$/teamspace/studios/this_studio/Melodica-Integration-into-Fife-Core/Learn_Bluespec_and_RISCV_Design/Code/Build/Fife/verilog/mkQuire.v:798$217: $auto$alumacc.cc:485:replace_alu$1918
  creating $alu cell for $sub$/teamspace/studios/this_studio/Melodica-Integration-into-Fife-Core/Learn_Bluespec_and_RISCV_Design/Code/Build/Fife/verilog/mkQuire.v:1468$489: $auto$alumacc.cc:485:replace_alu$1921
  creating $alu cell for $neg$/teamspace/studios/this_studio/Melodica-Integration-into-Fife-Core/Learn_Bluespec_and_RISCV_Design/Code/Build/Fife/verilog/mkQuire.v:1579$522: $auto$alumacc.cc:485:replace_alu$1924
  creating $alu cell for $flatten\seg_adder_vff_in_6.$add$/teamspace/studios/this_studio/Melodica-Integration-into-Fife-Core/bsc/lib/Verilog/SizedFIFO.v:76$888: $auto$alumacc.cc:485:replace_alu$1927
  creating $alu cell for $flatten\seg_adder_vff_in_6.$add$/teamspace/studios/this_studio/Melodica-Integration-into-Fife-Core/bsc/lib/Verilog/SizedFIFO.v:75$887: $auto$alumacc.cc:485:replace_alu$1930
  creating $alu cell for $add$/teamspace/studios/this_studio/Melodica-Integration-into-Fife-Core/Learn_Bluespec_and_RISCV_Design/Code/Build/Fife/verilog/mkQuire.v:796$216: $auto$alumacc.cc:485:replace_alu$1933
  creating $alu cell for $flatten\instance_fn_twosC_quire_0.$add$/teamspace/studios/this_studio/Melodica-Integration-into-Fife-Core/Learn_Bluespec_and_RISCV_Design/Code/Build/Fife/verilog/module_fn_twosC_quire.v:103$114: $auto$alumacc.cc:485:replace_alu$1936
  creating $alu cell for $flatten\instance_fn_twosC_quire_0.$add$/teamspace/studios/this_studio/Melodica-Integration-into-Fife-Core/Learn_Bluespec_and_RISCV_Design/Code/Build/Fife/verilog/module_fn_twosC_quire.v:113$123: $auto$alumacc.cc:485:replace_alu$1939
  creating $alu cell for $flatten\instance_fn_twosC_quire_0.$add$/teamspace/studios/this_studio/Melodica-Integration-into-Fife-Core/Learn_Bluespec_and_RISCV_Design/Code/Build/Fife/verilog/module_fn_twosC_quire.v:68$84: $auto$alumacc.cc:485:replace_alu$1942
  creating $alu cell for $flatten\instance_fn_twosC_quire_0.$add$/teamspace/studios/this_studio/Melodica-Integration-into-Fife-Core/Learn_Bluespec_and_RISCV_Design/Code/Build/Fife/verilog/module_fn_twosC_quire.v:75$90: $auto$alumacc.cc:485:replace_alu$1945
  creating $alu cell for $flatten\instance_fn_twosC_quire_0.$add$/teamspace/studios/this_studio/Melodica-Integration-into-Fife-Core/Learn_Bluespec_and_RISCV_Design/Code/Build/Fife/verilog/module_fn_twosC_quire.v:82$96: $auto$alumacc.cc:485:replace_alu$1948
  creating $alu cell for $flatten\instance_fn_twosC_quire_0.$add$/teamspace/studios/this_studio/Melodica-Integration-into-Fife-Core/Learn_Bluespec_and_RISCV_Design/Code/Build/Fife/verilog/module_fn_twosC_quire.v:89$102: $auto$alumacc.cc:485:replace_alu$1951
  creating $alu cell for $flatten\instance_fn_twosC_quire_0.$add$/teamspace/studios/this_studio/Melodica-Integration-into-Fife-Core/Learn_Bluespec_and_RISCV_Design/Code/Build/Fife/verilog/module_fn_twosC_quire.v:96$108: $auto$alumacc.cc:485:replace_alu$1954
  creating $alu cell for $flatten\instance_fn_twosC_quire_1.$add$/teamspace/studios/this_studio/Melodica-Integration-into-Fife-Core/Learn_Bluespec_and_RISCV_Design/Code/Build/Fife/verilog/module_fn_twosC_quire.v:103$114: $auto$alumacc.cc:485:replace_alu$1957
  creating $alu cell for $flatten\instance_fn_twosC_quire_1.$add$/teamspace/studios/this_studio/Melodica-Integration-into-Fife-Core/Learn_Bluespec_and_RISCV_Design/Code/Build/Fife/verilog/module_fn_twosC_quire.v:110$120: $auto$alumacc.cc:485:replace_alu$1960
  creating $alu cell for $flatten\instance_fn_twosC_quire_1.$add$/teamspace/studios/this_studio/Melodica-Integration-into-Fife-Core/Learn_Bluespec_and_RISCV_Design/Code/Build/Fife/verilog/module_fn_twosC_quire.v:113$123: $auto$alumacc.cc:485:replace_alu$1963
  creating $alu cell for $flatten\instance_fn_twosC_quire_1.$add$/teamspace/studios/this_studio/Melodica-Integration-into-Fife-Core/Learn_Bluespec_and_RISCV_Design/Code/Build/Fife/verilog/module_fn_twosC_quire.v:68$84: $auto$alumacc.cc:485:replace_alu$1966
  creating $alu cell for $flatten\instance_fn_twosC_quire_1.$add$/teamspace/studios/this_studio/Melodica-Integration-into-Fife-Core/Learn_Bluespec_and_RISCV_Design/Code/Build/Fife/verilog/module_fn_twosC_quire.v:75$90: $auto$alumacc.cc:485:replace_alu$1969
  creating $alu cell for $flatten\instance_fn_twosC_quire_1.$add$/teamspace/studios/this_studio/Melodica-Integration-into-Fife-Core/Learn_Bluespec_and_RISCV_Design/Code/Build/Fife/verilog/module_fn_twosC_quire.v:82$96: $auto$alumacc.cc:485:replace_alu$1972
  creating $alu cell for $flatten\instance_fn_twosC_quire_1.$add$/teamspace/studios/this_studio/Melodica-Integration-into-Fife-Core/Learn_Bluespec_and_RISCV_Design/Code/Build/Fife/verilog/module_fn_twosC_quire.v:89$102: $auto$alumacc.cc:485:replace_alu$1975
  creating $alu cell for $flatten\instance_fn_twosC_quire_1.$add$/teamspace/studios/this_studio/Melodica-Integration-into-Fife-Core/Learn_Bluespec_and_RISCV_Design/Code/Build/Fife/verilog/module_fn_twosC_quire.v:96$108: $auto$alumacc.cc:485:replace_alu$1978
  creating $alu cell for $flatten\instance_fn_twosC_quire_2.$add$/teamspace/studios/this_studio/Melodica-Integration-into-Fife-Core/Learn_Bluespec_and_RISCV_Design/Code/Build/Fife/verilog/module_fn_twosC_quire.v:103$114: $auto$alumacc.cc:485:replace_alu$1981
  creating $alu cell for $flatten\instance_fn_twosC_quire_2.$add$/teamspace/studios/this_studio/Melodica-Integration-into-Fife-Core/Learn_Bluespec_and_RISCV_Design/Code/Build/Fife/verilog/module_fn_twosC_quire.v:113$123: $auto$alumacc.cc:485:replace_alu$1984
  creating $alu cell for $flatten\instance_fn_twosC_quire_2.$add$/teamspace/studios/this_studio/Melodica-Integration-into-Fife-Core/Learn_Bluespec_and_RISCV_Design/Code/Build/Fife/verilog/module_fn_twosC_quire.v:68$84: $auto$alumacc.cc:485:replace_alu$1987
  creating $alu cell for $flatten\instance_fn_twosC_quire_2.$add$/teamspace/studios/this_studio/Melodica-Integration-into-Fife-Core/Learn_Bluespec_and_RISCV_Design/Code/Build/Fife/verilog/module_fn_twosC_quire.v:75$90: $auto$alumacc.cc:485:replace_alu$1990
  creating $alu cell for $flatten\instance_fn_twosC_quire_2.$add$/teamspace/studios/this_studio/Melodica-Integration-into-Fife-Core/Learn_Bluespec_and_RISCV_Design/Code/Build/Fife/verilog/module_fn_twosC_quire.v:82$96: $auto$alumacc.cc:485:replace_alu$1993
  creating $alu cell for $flatten\instance_fn_twosC_quire_2.$add$/teamspace/studios/this_studio/Melodica-Integration-into-Fife-Core/Learn_Bluespec_and_RISCV_Design/Code/Build/Fife/verilog/module_fn_twosC_quire.v:89$102: $auto$alumacc.cc:485:replace_alu$1996
  creating $alu cell for $flatten\instance_fn_twosC_quire_2.$add$/teamspace/studios/this_studio/Melodica-Integration-into-Fife-Core/Learn_Bluespec_and_RISCV_Design/Code/Build/Fife/verilog/module_fn_twosC_quire.v:96$108: $auto$alumacc.cc:485:replace_alu$1999
  creating $alu cell for $flatten\seg_adder_vff_carry_0.$add$/teamspace/studios/this_studio/Melodica-Integration-into-Fife-Core/bsc/lib/Verilog/SizedFIFO.v:75$918: $auto$alumacc.cc:485:replace_alu$2002
  creating $alu cell for $flatten\seg_adder_vff_carry_0.$add$/teamspace/studios/this_studio/Melodica-Integration-into-Fife-Core/bsc/lib/Verilog/SizedFIFO.v:76$919: $auto$alumacc.cc:485:replace_alu$2005
  creating $alu cell for $flatten\seg_adder_vff_carry_1.$add$/teamspace/studios/this_studio/Melodica-Integration-into-Fife-Core/bsc/lib/Verilog/SizedFIFO.v:75$918: $auto$alumacc.cc:485:replace_alu$2008
  creating $alu cell for $flatten\seg_adder_vff_carry_1.$add$/teamspace/studios/this_studio/Melodica-Integration-into-Fife-Core/bsc/lib/Verilog/SizedFIFO.v:76$919: $auto$alumacc.cc:485:replace_alu$2011
  creating $alu cell for $flatten\seg_adder_vff_carry_2.$add$/teamspace/studios/this_studio/Melodica-Integration-into-Fife-Core/bsc/lib/Verilog/SizedFIFO.v:75$918: $auto$alumacc.cc:485:replace_alu$2014
  creating $alu cell for $flatten\seg_adder_vff_carry_2.$add$/teamspace/studios/this_studio/Melodica-Integration-into-Fife-Core/bsc/lib/Verilog/SizedFIFO.v:76$919: $auto$alumacc.cc:485:replace_alu$2017
  creating $alu cell for $flatten\seg_adder_vff_carry_3.$add$/teamspace/studios/this_studio/Melodica-Integration-into-Fife-Core/bsc/lib/Verilog/SizedFIFO.v:75$918: $auto$alumacc.cc:485:replace_alu$2020
  creating $alu cell for $flatten\seg_adder_vff_carry_3.$add$/teamspace/studios/this_studio/Melodica-Integration-into-Fife-Core/bsc/lib/Verilog/SizedFIFO.v:76$919: $auto$alumacc.cc:485:replace_alu$2023
  creating $alu cell for $flatten\seg_adder_vff_carry_4.$add$/teamspace/studios/this_studio/Melodica-Integration-into-Fife-Core/bsc/lib/Verilog/SizedFIFO.v:75$918: $auto$alumacc.cc:485:replace_alu$2026
  creating $alu cell for $flatten\seg_adder_vff_carry_4.$add$/teamspace/studios/this_studio/Melodica-Integration-into-Fife-Core/bsc/lib/Verilog/SizedFIFO.v:76$919: $auto$alumacc.cc:485:replace_alu$2029
  creating $alu cell for $flatten\seg_adder_vff_carry_5.$add$/teamspace/studios/this_studio/Melodica-Integration-into-Fife-Core/bsc/lib/Verilog/SizedFIFO.v:75$918: $auto$alumacc.cc:485:replace_alu$2032
  creating $alu cell for $flatten\seg_adder_vff_carry_5.$add$/teamspace/studios/this_studio/Melodica-Integration-into-Fife-Core/bsc/lib/Verilog/SizedFIFO.v:76$919: $auto$alumacc.cc:485:replace_alu$2035
  creating $alu cell for $flatten\seg_adder_vff_in_0.$add$/teamspace/studios/this_studio/Melodica-Integration-into-Fife-Core/bsc/lib/Verilog/SizedFIFO.v:75$887: $auto$alumacc.cc:485:replace_alu$2038
  creating $alu cell for $flatten\seg_adder_vff_in_0.$add$/teamspace/studios/this_studio/Melodica-Integration-into-Fife-Core/bsc/lib/Verilog/SizedFIFO.v:76$888: $auto$alumacc.cc:485:replace_alu$2041
  creating $alu cell for $flatten\seg_adder_vff_in_1.$add$/teamspace/studios/this_studio/Melodica-Integration-into-Fife-Core/bsc/lib/Verilog/SizedFIFO.v:75$887: $auto$alumacc.cc:485:replace_alu$2044
  creating $alu cell for $flatten\seg_adder_vff_in_1.$add$/teamspace/studios/this_studio/Melodica-Integration-into-Fife-Core/bsc/lib/Verilog/SizedFIFO.v:76$888: $auto$alumacc.cc:485:replace_alu$2047
  creating $alu cell for $flatten\seg_adder_vff_in_2.$add$/teamspace/studios/this_studio/Melodica-Integration-into-Fife-Core/bsc/lib/Verilog/SizedFIFO.v:75$887: $auto$alumacc.cc:485:replace_alu$2050
  creating $alu cell for $flatten\seg_adder_vff_in_2.$add$/teamspace/studios/this_studio/Melodica-Integration-into-Fife-Core/bsc/lib/Verilog/SizedFIFO.v:76$888: $auto$alumacc.cc:485:replace_alu$2053
  creating $alu cell for $flatten\seg_adder_vff_in_3.$add$/teamspace/studios/this_studio/Melodica-Integration-into-Fife-Core/bsc/lib/Verilog/SizedFIFO.v:75$887: $auto$alumacc.cc:485:replace_alu$2056
  creating $alu cell for $flatten\seg_adder_vff_in_3.$add$/teamspace/studios/this_studio/Melodica-Integration-into-Fife-Core/bsc/lib/Verilog/SizedFIFO.v:76$888: $auto$alumacc.cc:485:replace_alu$2059
  creating $alu cell for $flatten\seg_adder_vff_in_4.$add$/teamspace/studios/this_studio/Melodica-Integration-into-Fife-Core/bsc/lib/Verilog/SizedFIFO.v:75$887: $auto$alumacc.cc:485:replace_alu$2062
  creating $alu cell for $flatten\seg_adder_vff_in_4.$add$/teamspace/studios/this_studio/Melodica-Integration-into-Fife-Core/bsc/lib/Verilog/SizedFIFO.v:76$888: $auto$alumacc.cc:485:replace_alu$2065
  creating $alu cell for $flatten\seg_adder_vff_in_5.$add$/teamspace/studios/this_studio/Melodica-Integration-into-Fife-Core/bsc/lib/Verilog/SizedFIFO.v:75$887: $auto$alumacc.cc:485:replace_alu$2068
  created 62 $alu and 1 $macc cells.

14.14. Executing SHARE pass (SAT-based resource sharing).
Found 15 cells in module mkQuire that may be considered for resource sharing.
  Analyzing resource sharing options for $shr$/teamspace/studios/this_studio/Melodica-Integration-into-Fife-Core/Learn_Bluespec_and_RISCV_Design/Code/Build/Fife/verilog/mkQuire.v:1532$506 ($shr):
    Found 13 activation_patterns using ctrl signal { $flatten\instance_fn_twosC_quire_2.$eq$/teamspace/studios/this_studio/Melodica-Integration-into-Fife-Core/Learn_Bluespec_and_RISCV_Design/Code/Build/Fife/verilog/module_fn_twosC_quire.v:64$81_Y $flatten\instance_fn_twosC_quire_2.$eq$/teamspace/studios/this_studio/Melodica-Integration-into-Fife-Core/Learn_Bluespec_and_RISCV_Design/Code/Build/Fife/verilog/module_fn_twosC_quire.v:71$87_Y $flatten\instance_fn_twosC_quire_2.$eq$/teamspace/studios/this_studio/Melodica-Integration-into-Fife-Core/Learn_Bluespec_and_RISCV_Design/Code/Build/Fife/verilog/module_fn_twosC_quire.v:78$93_Y $flatten\instance_fn_twosC_quire_2.$eq$/teamspace/studios/this_studio/Melodica-Integration-into-Fife-Core/Learn_Bluespec_and_RISCV_Design/Code/Build/Fife/verilog/module_fn_twosC_quire.v:85$99_Y $flatten\instance_fn_twosC_quire_2.$eq$/teamspace/studios/this_studio/Melodica-Integration-into-Fife-Core/Learn_Bluespec_and_RISCV_Design/Code/Build/Fife/verilog/module_fn_twosC_quire.v:92$105_Y $flatten\instance_fn_twosC_quire_2.$eq$/teamspace/studios/this_studio/Melodica-Integration-into-Fife-Core/Learn_Bluespec_and_RISCV_Design/Code/Build/Fife/verilog/module_fn_twosC_quire.v:99$111_Y \seg_adder_vff_carry_4.DEQ \seg_adder_vff_carry_1.DEQ \seg_adder_vff_carry_3.DEQ \seg_adder_vff_carry_2.DEQ \seg_adder_vff_carry_0.DEQ \seg_adder_vff_carry_0.ENQ \EN_init \init_x [35:34] }.
    No candidates found.
  Analyzing resource sharing options for $shl$/teamspace/studios/this_studio/Melodica-Integration-into-Fife-Core/Learn_Bluespec_and_RISCV_Design/Code/Build/Fife/verilog/mkQuire.v:1529$504 ($shl):
    Found 13 activation_patterns using ctrl signal { $flatten\instance_fn_twosC_quire_2.$eq$/teamspace/studios/this_studio/Melodica-Integration-into-Fife-Core/Learn_Bluespec_and_RISCV_Design/Code/Build/Fife/verilog/module_fn_twosC_quire.v:64$81_Y $flatten\instance_fn_twosC_quire_2.$eq$/teamspace/studios/this_studio/Melodica-Integration-into-Fife-Core/Learn_Bluespec_and_RISCV_Design/Code/Build/Fife/verilog/module_fn_twosC_quire.v:71$87_Y $flatten\instance_fn_twosC_quire_2.$eq$/teamspace/studios/this_studio/Melodica-Integration-into-Fife-Core/Learn_Bluespec_and_RISCV_Design/Code/Build/Fife/verilog/module_fn_twosC_quire.v:78$93_Y $flatten\instance_fn_twosC_quire_2.$eq$/teamspace/studios/this_studio/Melodica-Integration-into-Fife-Core/Learn_Bluespec_and_RISCV_Design/Code/Build/Fife/verilog/module_fn_twosC_quire.v:85$99_Y $flatten\instance_fn_twosC_quire_2.$eq$/teamspace/studios/this_studio/Melodica-Integration-into-Fife-Core/Learn_Bluespec_and_RISCV_Design/Code/Build/Fife/verilog/module_fn_twosC_quire.v:92$105_Y $flatten\instance_fn_twosC_quire_2.$eq$/teamspace/studios/this_studio/Melodica-Integration-into-Fife-Core/Learn_Bluespec_and_RISCV_Design/Code/Build/Fife/verilog/module_fn_twosC_quire.v:99$111_Y \seg_adder_vff_carry_4.DEQ \seg_adder_vff_carry_1.DEQ \seg_adder_vff_carry_3.DEQ \seg_adder_vff_carry_2.DEQ \seg_adder_vff_carry_0.DEQ \seg_adder_vff_carry_0.ENQ \EN_init \init_x [35:34] }.
    No candidates found.
  Analyzing resource sharing options for $flatten\seg_adder_vff_in_6.$memrd$\arr$/teamspace/studios/this_studio/Melodica-Integration-into-Fife-Core/bsc/lib/Verilog/SizedFIFO.v:179$899 ($memrd):
    Found 1 activation_patterns using ctrl signal $auto$opt_reduce.cc:134:opt_pmux$1407.
    No candidates found.
  Analyzing resource sharing options for $flatten\seg_adder_vff_in_5.$memrd$\arr$/teamspace/studios/this_studio/Melodica-Integration-into-Fife-Core/bsc/lib/Verilog/SizedFIFO.v:179$899 ($memrd):
    Found 1 activation_patterns using ctrl signal $auto$opt_reduce.cc:134:opt_pmux$1401.
    No candidates found.
  Analyzing resource sharing options for $flatten\seg_adder_vff_in_4.$memrd$\arr$/teamspace/studios/this_studio/Melodica-Integration-into-Fife-Core/bsc/lib/Verilog/SizedFIFO.v:179$899 ($memrd):
    Found 1 activation_patterns using ctrl signal $auto$opt_reduce.cc:134:opt_pmux$1395.
    No candidates found.
  Analyzing resource sharing options for $flatten\seg_adder_vff_in_3.$memrd$\arr$/teamspace/studios/this_studio/Melodica-Integration-into-Fife-Core/bsc/lib/Verilog/SizedFIFO.v:179$899 ($memrd):
    Found 1 activation_patterns using ctrl signal $auto$opt_reduce.cc:134:opt_pmux$1389.
    No candidates found.
  Analyzing resource sharing options for $flatten\seg_adder_vff_in_2.$memrd$\arr$/teamspace/studios/this_studio/Melodica-Integration-into-Fife-Core/bsc/lib/Verilog/SizedFIFO.v:179$899 ($memrd):
    Found 1 activation_patterns using ctrl signal $auto$opt_reduce.cc:134:opt_pmux$1383.
    No candidates found.
  Analyzing resource sharing options for $flatten\seg_adder_vff_in_1.$memrd$\arr$/teamspace/studios/this_studio/Melodica-Integration-into-Fife-Core/bsc/lib/Verilog/SizedFIFO.v:179$899 ($memrd):
    Found 1 activation_patterns using ctrl signal $auto$opt_reduce.cc:134:opt_pmux$1377.
    No candidates found.
  Analyzing resource sharing options for $flatten\seg_adder_vff_in_0.$memrd$\arr$/teamspace/studios/this_studio/Melodica-Integration-into-Fife-Core/bsc/lib/Verilog/SizedFIFO.v:179$899 ($memrd):
    Found 1 activation_patterns using ctrl signal $auto$opt_reduce.cc:134:opt_pmux$1371.
    No candidates found.
  Analyzing resource sharing options for $flatten\seg_adder_vff_carry_5.$memrd$\arr$/teamspace/studios/this_studio/Melodica-Integration-into-Fife-Core/bsc/lib/Verilog/SizedFIFO.v:179$930 ($memrd):
    Found 1 activation_patterns using ctrl signal $auto$opt_reduce.cc:134:opt_pmux$1365.
    No candidates found.
  Analyzing resource sharing options for $flatten\seg_adder_vff_carry_4.$memrd$\arr$/teamspace/studios/this_studio/Melodica-Integration-into-Fife-Core/bsc/lib/Verilog/SizedFIFO.v:179$930 ($memrd):
    Found 1 activation_patterns using ctrl signal $auto$opt_reduce.cc:134:opt_pmux$1359.
    No candidates found.
  Analyzing resource sharing options for $flatten\seg_adder_vff_carry_3.$memrd$\arr$/teamspace/studios/this_studio/Melodica-Integration-into-Fife-Core/bsc/lib/Verilog/SizedFIFO.v:179$930 ($memrd):
    Found 1 activation_patterns using ctrl signal $auto$opt_reduce.cc:134:opt_pmux$1353.
    No candidates found.
  Analyzing resource sharing options for $flatten\seg_adder_vff_carry_2.$memrd$\arr$/teamspace/studios/this_studio/Melodica-Integration-into-Fife-Core/bsc/lib/Verilog/SizedFIFO.v:179$930 ($memrd):
    Found 1 activation_patterns using ctrl signal $auto$opt_reduce.cc:134:opt_pmux$1347.
    No candidates found.
  Analyzing resource sharing options for $flatten\seg_adder_vff_carry_1.$memrd$\arr$/teamspace/studios/this_studio/Melodica-Integration-into-Fife-Core/bsc/lib/Verilog/SizedFIFO.v:179$930 ($memrd):
    Found 1 activation_patterns using ctrl signal $auto$opt_reduce.cc:134:opt_pmux$1341.
    No candidates found.
  Analyzing resource sharing options for $flatten\seg_adder_vff_carry_0.$memrd$\arr$/teamspace/studios/this_studio/Melodica-Integration-into-Fife-Core/bsc/lib/Verilog/SizedFIFO.v:179$930 ($memrd):
    Found 1 activation_patterns using ctrl signal $auto$opt_reduce.cc:134:opt_pmux$1413.
    No candidates found.

14.15. Executing OPT pass (performing simple optimizations).

14.15.1. Executing OPT_EXPR pass (perform const folding).
Optimizing module mkQuire.
<suppressed ~2 debug messages>

14.15.2. Executing OPT_MERGE pass (detect identical cells).
Finding identical cells in module `\mkQuire'.
Removed a total of 0 cells.

14.15.3. Executing OPT_MUXTREE pass (detect dead branches in mux trees).
Running muxtree optimizer on module \mkQuire..
  Creating internal representation of mux trees.
  Evaluating internal representation of mux trees.
  Analyzing evaluation results.
Removed 0 multiplexer ports.
<suppressed ~161 debug messages>

14.15.4. Executing OPT_REDUCE pass (consolidate $*mux and $reduce_* inputs).
  Optimizing cells in module \mkQuire.
Performed a total of 0 changes.

14.15.5. Executing OPT_MERGE pass (detect identical cells).
Finding identical cells in module `\mkQuire'.
Removed a total of 0 cells.

14.15.6. Executing OPT_DFF pass (perform DFF optimizations).

14.15.7. Executing OPT_CLEAN pass (remove unused cells and wires).
Finding unused cells or wires in module \mkQuire..
Removed 7 unused cells and 10 unused wires.
<suppressed ~15 debug messages>

14.15.8. Executing OPT_EXPR pass (perform const folding).
Optimizing module mkQuire.

14.15.9. Rerunning OPT passes. (Maybe there is more to do..)

14.15.10. Executing OPT_MUXTREE pass (detect dead branches in mux trees).
Running muxtree optimizer on module \mkQuire..
  Creating internal representation of mux trees.
  Evaluating internal representation of mux trees.
  Analyzing evaluation results.
Removed 0 multiplexer ports.
<suppressed ~161 debug messages>

14.15.11. Executing OPT_REDUCE pass (consolidate $*mux and $reduce_* inputs).
  Optimizing cells in module \mkQuire.
Performed a total of 0 changes.

14.15.12. Executing OPT_MERGE pass (detect identical cells).
Finding identical cells in module `\mkQuire'.
Removed a total of 0 cells.

14.15.13. Executing OPT_DFF pass (perform DFF optimizations).

14.15.14. Executing OPT_CLEAN pass (remove unused cells and wires).
Finding unused cells or wires in module \mkQuire..

14.15.15. Executing OPT_EXPR pass (perform const folding).
Optimizing module mkQuire.

14.15.16. Finished OPT passes. (There is nothing left to do.)

14.16. Executing MEMORY pass.

14.16.1. Executing OPT_MEM pass (optimize memories).
Performed a total of 0 transformations.

14.16.2. Executing OPT_MEM_PRIORITY pass (removing unnecessary memory write priority relations).
Performed a total of 0 transformations.

14.16.3. Executing OPT_MEM_FEEDBACK pass (finding memory read-to-write feedback paths).
  Analyzing mkQuire.seg_adder_vff_carry_0.arr write port 0.
  Analyzing mkQuire.seg_adder_vff_carry_1.arr write port 0.
  Analyzing mkQuire.seg_adder_vff_carry_2.arr write port 0.
  Analyzing mkQuire.seg_adder_vff_carry_3.arr write port 0.
  Analyzing mkQuire.seg_adder_vff_carry_4.arr write port 0.
  Analyzing mkQuire.seg_adder_vff_carry_5.arr write port 0.
  Analyzing mkQuire.seg_adder_vff_in_0.arr write port 0.
  Analyzing mkQuire.seg_adder_vff_in_1.arr write port 0.
  Analyzing mkQuire.seg_adder_vff_in_2.arr write port 0.
  Analyzing mkQuire.seg_adder_vff_in_3.arr write port 0.
  Analyzing mkQuire.seg_adder_vff_in_4.arr write port 0.
  Analyzing mkQuire.seg_adder_vff_in_5.arr write port 0.
  Analyzing mkQuire.seg_adder_vff_in_6.arr write port 0.

14.16.4. Executing MEMORY_BMUX2ROM pass (converting muxes to ROMs).

14.16.5. Executing MEMORY_DFF pass (merging $dff cells to $memrd).
Checking read port `\seg_adder_vff_carry_0.arr'[0] in module `\mkQuire': no output FF found.
Checking read port `\seg_adder_vff_carry_1.arr'[0] in module `\mkQuire': no output FF found.
Checking read port `\seg_adder_vff_carry_2.arr'[0] in module `\mkQuire': no output FF found.
Checking read port `\seg_adder_vff_carry_3.arr'[0] in module `\mkQuire': no output FF found.
Checking read port `\seg_adder_vff_carry_4.arr'[0] in module `\mkQuire': no output FF found.
Checking read port `\seg_adder_vff_carry_5.arr'[0] in module `\mkQuire': no output FF found.
Checking read port `\seg_adder_vff_in_0.arr'[0] in module `\mkQuire': no output FF found.
Checking read port `\seg_adder_vff_in_1.arr'[0] in module `\mkQuire': no output FF found.
Checking read port `\seg_adder_vff_in_2.arr'[0] in module `\mkQuire': no output FF found.
Checking read port `\seg_adder_vff_in_3.arr'[0] in module `\mkQuire': no output FF found.
Checking read port `\seg_adder_vff_in_4.arr'[0] in module `\mkQuire': no output FF found.
Checking read port `\seg_adder_vff_in_5.arr'[0] in module `\mkQuire': no output FF found.
Checking read port `\seg_adder_vff_in_6.arr'[0] in module `\mkQuire': no output FF found.
Checking read port address `\seg_adder_vff_carry_0.arr'[0] in module `\mkQuire': merged address FF to cell.
Checking read port address `\seg_adder_vff_carry_1.arr'[0] in module `\mkQuire': merged address FF to cell.
Checking read port address `\seg_adder_vff_carry_2.arr'[0] in module `\mkQuire': merged address FF to cell.
Checking read port address `\seg_adder_vff_carry_3.arr'[0] in module `\mkQuire': merged address FF to cell.
Checking read port address `\seg_adder_vff_carry_4.arr'[0] in module `\mkQuire': merged address FF to cell.
Checking read port address `\seg_adder_vff_carry_5.arr'[0] in module `\mkQuire': merged address FF to cell.
Checking read port address `\seg_adder_vff_in_0.arr'[0] in module `\mkQuire': merged address FF to cell.
Checking read port address `\seg_adder_vff_in_1.arr'[0] in module `\mkQuire': merged address FF to cell.
Checking read port address `\seg_adder_vff_in_2.arr'[0] in module `\mkQuire': merged address FF to cell.
Checking read port address `\seg_adder_vff_in_3.arr'[0] in module `\mkQuire': merged address FF to cell.
Checking read port address `\seg_adder_vff_in_4.arr'[0] in module `\mkQuire': merged address FF to cell.
Checking read port address `\seg_adder_vff_in_5.arr'[0] in module `\mkQuire': merged address FF to cell.
Checking read port address `\seg_adder_vff_in_6.arr'[0] in module `\mkQuire': merged address FF to cell.

14.16.6. Executing OPT_CLEAN pass (remove unused cells and wires).
Finding unused cells or wires in module \mkQuire..

14.16.7. Executing MEMORY_SHARE pass (consolidating $memrd/$memwr cells).

14.16.8. Executing OPT_MEM_WIDEN pass (optimize memories where all ports are wide).
Performed a total of 0 transformations.

14.16.9. Executing OPT_CLEAN pass (remove unused cells and wires).
Finding unused cells or wires in module \mkQuire..

14.16.10. Executing MEMORY_COLLECT pass (generating $mem cells).

14.17. Executing OPT_CLEAN pass (remove unused cells and wires).
Finding unused cells or wires in module \mkQuire..

14.18. Executing OPT pass (performing simple optimizations).

14.18.1. Executing OPT_EXPR pass (perform const folding).
Optimizing module mkQuire.
<suppressed ~237 debug messages>

14.18.2. Executing OPT_MERGE pass (detect identical cells).
Finding identical cells in module `\mkQuire'.
Removed a total of 0 cells.

14.18.3. Executing OPT_DFF pass (perform DFF optimizations).

14.18.4. Executing OPT_CLEAN pass (remove unused cells and wires).
Finding unused cells or wires in module \mkQuire..
Removed 0 unused cells and 110 unused wires.
<suppressed ~1 debug messages>

14.18.5. Finished fast OPT passes.

14.19. Executing MEMORY_MAP pass (converting memories to logic and flip-flops).
Mapping memory \seg_adder_vff_carry_0.arr in module \mkQuire:
  created 3 $dff cells and 0 static cells of width 1.
Extracted addr FF from read port 0 of mkQuire.seg_adder_vff_carry_0.arr: $\seg_adder_vff_carry_0.arr$rdreg[0]
  read interface: 1 $dff and 3 $mux cells.
  write interface: 3 write mux blocks.
Mapping memory \seg_adder_vff_carry_1.arr in module \mkQuire:
  created 3 $dff cells and 0 static cells of width 1.
Extracted addr FF from read port 0 of mkQuire.seg_adder_vff_carry_1.arr: $\seg_adder_vff_carry_1.arr$rdreg[0]
  read interface: 1 $dff and 3 $mux cells.
  write interface: 3 write mux blocks.
Mapping memory \seg_adder_vff_carry_2.arr in module \mkQuire:
  created 3 $dff cells and 0 static cells of width 1.
Extracted addr FF from read port 0 of mkQuire.seg_adder_vff_carry_2.arr: $\seg_adder_vff_carry_2.arr$rdreg[0]
  read interface: 1 $dff and 3 $mux cells.
  write interface: 3 write mux blocks.
Mapping memory \seg_adder_vff_carry_3.arr in module \mkQuire:
  created 3 $dff cells and 0 static cells of width 1.
Extracted addr FF from read port 0 of mkQuire.seg_adder_vff_carry_3.arr: $\seg_adder_vff_carry_3.arr$rdreg[0]
  read interface: 1 $dff and 3 $mux cells.
  write interface: 3 write mux blocks.
Mapping memory \seg_adder_vff_carry_4.arr in module \mkQuire:
  created 3 $dff cells and 0 static cells of width 1.
Extracted addr FF from read port 0 of mkQuire.seg_adder_vff_carry_4.arr: $\seg_adder_vff_carry_4.arr$rdreg[0]
  read interface: 1 $dff and 3 $mux cells.
  write interface: 3 write mux blocks.
Mapping memory \seg_adder_vff_carry_5.arr in module \mkQuire:
  created 3 $dff cells and 0 static cells of width 1.
Extracted addr FF from read port 0 of mkQuire.seg_adder_vff_carry_5.arr: $\seg_adder_vff_carry_5.arr$rdreg[0]
  read interface: 1 $dff and 3 $mux cells.
  write interface: 3 write mux blocks.
Mapping memory \seg_adder_vff_in_0.arr in module \mkQuire:
  created 3 $dff cells and 0 static cells of width 32.
Extracted addr FF from read port 0 of mkQuire.seg_adder_vff_in_0.arr: $\seg_adder_vff_in_0.arr$rdreg[0]
  read interface: 1 $dff and 3 $mux cells.
  write interface: 3 write mux blocks.
Mapping memory \seg_adder_vff_in_1.arr in module \mkQuire:
  created 3 $dff cells and 0 static cells of width 32.
Extracted addr FF from read port 0 of mkQuire.seg_adder_vff_in_1.arr: $\seg_adder_vff_in_1.arr$rdreg[0]
  read interface: 1 $dff and 3 $mux cells.
  write interface: 3 write mux blocks.
Mapping memory \seg_adder_vff_in_2.arr in module \mkQuire:
  created 3 $dff cells and 0 static cells of width 32.
Extracted addr FF from read port 0 of mkQuire.seg_adder_vff_in_2.arr: $\seg_adder_vff_in_2.arr$rdreg[0]
  read interface: 1 $dff and 3 $mux cells.
  write interface: 3 write mux blocks.
Mapping memory \seg_adder_vff_in_3.arr in module \mkQuire:
  created 3 $dff cells and 0 static cells of width 32.
Extracted addr FF from read port 0 of mkQuire.seg_adder_vff_in_3.arr: $\seg_adder_vff_in_3.arr$rdreg[0]
  read interface: 1 $dff and 3 $mux cells.
  write interface: 3 write mux blocks.
Mapping memory \seg_adder_vff_in_4.arr in module \mkQuire:
  created 3 $dff cells and 0 static cells of width 32.
Extracted addr FF from read port 0 of mkQuire.seg_adder_vff_in_4.arr: $\seg_adder_vff_in_4.arr$rdreg[0]
  read interface: 1 $dff and 3 $mux cells.
  write interface: 3 write mux blocks.
Mapping memory \seg_adder_vff_in_5.arr in module \mkQuire:
  created 3 $dff cells and 0 static cells of width 32.
Extracted addr FF from read port 0 of mkQuire.seg_adder_vff_in_5.arr: $\seg_adder_vff_in_5.arr$rdreg[0]
  read interface: 1 $dff and 3 $mux cells.
  write interface: 3 write mux blocks.
Mapping memory \seg_adder_vff_in_6.arr in module \mkQuire:
  created 3 $dff cells and 0 static cells of width 32.
Extracted addr FF from read port 0 of mkQuire.seg_adder_vff_in_6.arr: $\seg_adder_vff_in_6.arr$rdreg[0]
  read interface: 1 $dff and 3 $mux cells.
  write interface: 3 write mux blocks.

14.20. Executing OPT pass (performing simple optimizations).

14.20.1. Executing OPT_EXPR pass (perform const folding).
Optimizing module mkQuire.
<suppressed ~144 debug messages>

14.20.2. Executing OPT_MERGE pass (detect identical cells).
Finding identical cells in module `\mkQuire'.
Removed a total of 0 cells.

14.20.3. Executing OPT_MUXTREE pass (detect dead branches in mux trees).
Running muxtree optimizer on module \mkQuire..
  Creating internal representation of mux trees.
  Evaluating internal representation of mux trees.
  Analyzing evaluation results.
Removed 0 multiplexer ports.
<suppressed ~147 debug messages>

14.20.4. Executing OPT_REDUCE pass (consolidate $*mux and $reduce_* inputs).
  Optimizing cells in module \mkQuire.
    Consolidated identical input bits for $mux cell $flatten\instance_fn_twosC_quire_0.$ternary$/teamspace/studios/this_studio/Melodica-Integration-into-Fife-Core/Learn_Bluespec_and_RISCV_Design/Code/Build/Fife/verilog/module_fn_twosC_quire.v:106$122:
      Old ports: A=31'0000000000000000000000000000000, B=31'1111111111111111111111111111111, Y=\instance_fn_twosC_quire_0.IF_fn_twosC_quire_quire_seg_zero_PLUS_1_BIT_6__ETC___d9 [30:0]
      New ports: A=1'0, B=1'1, Y=\instance_fn_twosC_quire_0.IF_fn_twosC_quire_quire_seg_zero_PLUS_1_BIT_6__ETC___d9 [0]
      New connections: \instance_fn_twosC_quire_0.IF_fn_twosC_quire_quire_seg_zero_PLUS_1_BIT_6__ETC___d9 [30:1] = { \instance_fn_twosC_quire_0.IF_fn_twosC_quire_quire_seg_zero_PLUS_1_BIT_6__ETC___d9 [0] \instance_fn_twosC_quire_0.IF_fn_twosC_quire_quire_seg_zero_PLUS_1_BIT_6__ETC___d9 [0] \instance_fn_twosC_quire_0.IF_fn_twosC_quire_quire_seg_zero_PLUS_1_BIT_6__ETC___d9 [0] \instance_fn_twosC_quire_0.IF_fn_twosC_quire_quire_seg_zero_PLUS_1_BIT_6__ETC___d9 [0] \instance_fn_twosC_quire_0.IF_fn_twosC_quire_quire_seg_zero_PLUS_1_BIT_6__ETC___d9 [0] \instance_fn_twosC_quire_0.IF_fn_twosC_quire_quire_seg_zero_PLUS_1_BIT_6__ETC___d9 [0] \instance_fn_twosC_quire_0.IF_fn_twosC_quire_quire_seg_zero_PLUS_1_BIT_6__ETC___d9 [0] \instance_fn_twosC_quire_0.IF_fn_twosC_quire_quire_seg_zero_PLUS_1_BIT_6__ETC___d9 [0] \instance_fn_twosC_quire_0.IF_fn_twosC_quire_quire_seg_zero_PLUS_1_BIT_6__ETC___d9 [0] \instance_fn_twosC_quire_0.IF_fn_twosC_quire_quire_seg_zero_PLUS_1_BIT_6__ETC___d9 [0] \instance_fn_twosC_quire_0.IF_fn_twosC_quire_quire_seg_zero_PLUS_1_BIT_6__ETC___d9 [0] \instance_fn_twosC_quire_0.IF_fn_twosC_quire_quire_seg_zero_PLUS_1_BIT_6__ETC___d9 [0] \instance_fn_twosC_quire_0.IF_fn_twosC_quire_quire_seg_zero_PLUS_1_BIT_6__ETC___d9 [0] \instance_fn_twosC_quire_0.IF_fn_twosC_quire_quire_seg_zero_PLUS_1_BIT_6__ETC___d9 [0] \instance_fn_twosC_quire_0.IF_fn_twosC_quire_quire_seg_zero_PLUS_1_BIT_6__ETC___d9 [0] \instance_fn_twosC_quire_0.IF_fn_twosC_quire_quire_seg_zero_PLUS_1_BIT_6__ETC___d9 [0] \instance_fn_twosC_quire_0.IF_fn_twosC_quire_quire_seg_zero_PLUS_1_BIT_6__ETC___d9 [0] \instance_fn_twosC_quire_0.IF_fn_twosC_quire_quire_seg_zero_PLUS_1_BIT_6__ETC___d9 [0] \instance_fn_twosC_quire_0.IF_fn_twosC_quire_quire_seg_zero_PLUS_1_BIT_6__ETC___d9 [0] \instance_fn_twosC_quire_0.IF_fn_twosC_quire_quire_seg_zero_PLUS_1_BIT_6__ETC___d9 [0] \instance_fn_twosC_quire_0.IF_fn_twosC_quire_quire_seg_zero_PLUS_1_BIT_6__ETC___d9 [0] \instance_fn_twosC_quire_0.IF_fn_twosC_quire_quire_seg_zero_PLUS_1_BIT_6__ETC___d9 [0] \instance_fn_twosC_quire_0.IF_fn_twosC_quire_quire_seg_zero_PLUS_1_BIT_6__ETC___d9 [0] \instance_fn_twosC_quire_0.IF_fn_twosC_quire_quire_seg_zero_PLUS_1_BIT_6__ETC___d9 [0] \instance_fn_twosC_quire_0.IF_fn_twosC_quire_quire_seg_zero_PLUS_1_BIT_6__ETC___d9 [0] \instance_fn_twosC_quire_0.IF_fn_twosC_quire_quire_seg_zero_PLUS_1_BIT_6__ETC___d9 [0] \instance_fn_twosC_quire_0.IF_fn_twosC_quire_quire_seg_zero_PLUS_1_BIT_6__ETC___d9 [0] \instance_fn_twosC_quire_0.IF_fn_twosC_quire_quire_seg_zero_PLUS_1_BIT_6__ETC___d9 [0] \instance_fn_twosC_quire_0.IF_fn_twosC_quire_quire_seg_zero_PLUS_1_BIT_6__ETC___d9 [0] \instance_fn_twosC_quire_0.IF_fn_twosC_quire_quire_seg_zero_PLUS_1_BIT_6__ETC___d9 [0] }
    Consolidated identical input bits for $mux cell $flatten\instance_fn_twosC_quire_2.$ternary$/teamspace/studios/this_studio/Melodica-Integration-into-Fife-Core/Learn_Bluespec_and_RISCV_Design/Code/Build/Fife/verilog/module_fn_twosC_quire.v:106$122:
      Old ports: A=31'0000000000000000000000000000000, B=31'1111111111111111111111111111111, Y=\instance_fn_twosC_quire_2.IF_fn_twosC_quire_quire_seg_zero_PLUS_1_BIT_6__ETC___d9 [30:0]
      New ports: A=1'0, B=1'1, Y=\instance_fn_twosC_quire_2.IF_fn_twosC_quire_quire_seg_zero_PLUS_1_BIT_6__ETC___d9 [0]
      New connections: \instance_fn_twosC_quire_2.IF_fn_twosC_quire_quire_seg_zero_PLUS_1_BIT_6__ETC___d9 [30:1] = { \instance_fn_twosC_quire_2.IF_fn_twosC_quire_quire_seg_zero_PLUS_1_BIT_6__ETC___d9 [0] \instance_fn_twosC_quire_2.IF_fn_twosC_quire_quire_seg_zero_PLUS_1_BIT_6__ETC___d9 [0] \instance_fn_twosC_quire_2.IF_fn_twosC_quire_quire_seg_zero_PLUS_1_BIT_6__ETC___d9 [0] \instance_fn_twosC_quire_2.IF_fn_twosC_quire_quire_seg_zero_PLUS_1_BIT_6__ETC___d9 [0] \instance_fn_twosC_quire_2.IF_fn_twosC_quire_quire_seg_zero_PLUS_1_BIT_6__ETC___d9 [0] \instance_fn_twosC_quire_2.IF_fn_twosC_quire_quire_seg_zero_PLUS_1_BIT_6__ETC___d9 [0] \instance_fn_twosC_quire_2.IF_fn_twosC_quire_quire_seg_zero_PLUS_1_BIT_6__ETC___d9 [0] \instance_fn_twosC_quire_2.IF_fn_twosC_quire_quire_seg_zero_PLUS_1_BIT_6__ETC___d9 [0] \instance_fn_twosC_quire_2.IF_fn_twosC_quire_quire_seg_zero_PLUS_1_BIT_6__ETC___d9 [0] \instance_fn_twosC_quire_2.IF_fn_twosC_quire_quire_seg_zero_PLUS_1_BIT_6__ETC___d9 [0] \instance_fn_twosC_quire_2.IF_fn_twosC_quire_quire_seg_zero_PLUS_1_BIT_6__ETC___d9 [0] \instance_fn_twosC_quire_2.IF_fn_twosC_quire_quire_seg_zero_PLUS_1_BIT_6__ETC___d9 [0] \instance_fn_twosC_quire_2.IF_fn_twosC_quire_quire_seg_zero_PLUS_1_BIT_6__ETC___d9 [0] \instance_fn_twosC_quire_2.IF_fn_twosC_quire_quire_seg_zero_PLUS_1_BIT_6__ETC___d9 [0] \instance_fn_twosC_quire_2.IF_fn_twosC_quire_quire_seg_zero_PLUS_1_BIT_6__ETC___d9 [0] \instance_fn_twosC_quire_2.IF_fn_twosC_quire_quire_seg_zero_PLUS_1_BIT_6__ETC___d9 [0] \instance_fn_twosC_quire_2.IF_fn_twosC_quire_quire_seg_zero_PLUS_1_BIT_6__ETC___d9 [0] \instance_fn_twosC_quire_2.IF_fn_twosC_quire_quire_seg_zero_PLUS_1_BIT_6__ETC___d9 [0] \instance_fn_twosC_quire_2.IF_fn_twosC_quire_quire_seg_zero_PLUS_1_BIT_6__ETC___d9 [0] \instance_fn_twosC_quire_2.IF_fn_twosC_quire_quire_seg_zero_PLUS_1_BIT_6__ETC___d9 [0] \instance_fn_twosC_quire_2.IF_fn_twosC_quire_quire_seg_zero_PLUS_1_BIT_6__ETC___d9 [0] \instance_fn_twosC_quire_2.IF_fn_twosC_quire_quire_seg_zero_PLUS_1_BIT_6__ETC___d9 [0] \instance_fn_twosC_quire_2.IF_fn_twosC_quire_quire_seg_zero_PLUS_1_BIT_6__ETC___d9 [0] \instance_fn_twosC_quire_2.IF_fn_twosC_quire_quire_seg_zero_PLUS_1_BIT_6__ETC___d9 [0] \instance_fn_twosC_quire_2.IF_fn_twosC_quire_quire_seg_zero_PLUS_1_BIT_6__ETC___d9 [0] \instance_fn_twosC_quire_2.IF_fn_twosC_quire_quire_seg_zero_PLUS_1_BIT_6__ETC___d9 [0] \instance_fn_twosC_quire_2.IF_fn_twosC_quire_quire_seg_zero_PLUS_1_BIT_6__ETC___d9 [0] \instance_fn_twosC_quire_2.IF_fn_twosC_quire_quire_seg_zero_PLUS_1_BIT_6__ETC___d9 [0] \instance_fn_twosC_quire_2.IF_fn_twosC_quire_quire_seg_zero_PLUS_1_BIT_6__ETC___d9 [0] \instance_fn_twosC_quire_2.IF_fn_twosC_quire_quire_seg_zero_PLUS_1_BIT_6__ETC___d9 [0] }
    Consolidated identical input bits for $mux cell $ternary$/teamspace/studios/this_studio/Melodica-Integration-into-Fife-Core/Learn_Bluespec_and_RISCV_Design/Code/Build/Fife/verilog/mkQuire.v:1249$434:
      Old ports: A={ 2'00 \MUX_posit_rsp_f$enq_1__VAL_2 [37] \IF_SEXT_IF_ff_num_msb_zeros_first__11_PLUS_1_1_ETC___d230 \prenorm_posit_frac__h14076 \x__h18906 \x__h20502 }, B=40'1000000000000000000000000000000000000001, Y=\posit_rsp_f$D_IN
      New ports: A={ 1'0 \MUX_posit_rsp_f$enq_1__VAL_2 [37] \IF_SEXT_IF_ff_num_msb_zeros_first__11_PLUS_1_1_ETC___d230 \prenorm_posit_frac__h14076 \x__h18906 \x__h20502 }, B=39'100000000000000000000000000000000000001, Y={ \posit_rsp_f$D_IN [39] \posit_rsp_f$D_IN [37:0] }
      New connections: \posit_rsp_f$D_IN [38] = 1'0
    Consolidated identical input bits for $mux cell $ternary$/teamspace/studios/this_studio/Melodica-Integration-into-Fife-Core/Learn_Bluespec_and_RISCV_Design/Code/Build/Fife/verilog/mkQuire.v:1655$534:
      Old ports: A=6'100000, B=6'011111, Y=$ternary$/teamspace/studios/this_studio/Melodica-Integration-into-Fife-Core/Learn_Bluespec_and_RISCV_Design/Code/Build/Fife/verilog/mkQuire.v:1655$534_Y
      New ports: A=2'10, B=2'01, Y={ $ternary$/teamspace/studios/this_studio/Melodica-Integration-into-Fife-Core/Learn_Bluespec_and_RISCV_Design/Code/Build/Fife/verilog/mkQuire.v:1655$534_Y [5] $ternary$/teamspace/studios/this_studio/Melodica-Integration-into-Fife-Core/Learn_Bluespec_and_RISCV_Design/Code/Build/Fife/verilog/mkQuire.v:1655$534_Y [0] }
      New connections: $ternary$/teamspace/studios/this_studio/Melodica-Integration-into-Fife-Core/Learn_Bluespec_and_RISCV_Design/Code/Build/Fife/verilog/mkQuire.v:1655$534_Y [4:1] = { $ternary$/teamspace/studios/this_studio/Melodica-Integration-into-Fife-Core/Learn_Bluespec_and_RISCV_Design/Code/Build/Fife/verilog/mkQuire.v:1655$534_Y [0] $ternary$/teamspace/studios/this_studio/Melodica-Integration-into-Fife-Core/Learn_Bluespec_and_RISCV_Design/Code/Build/Fife/verilog/mkQuire.v:1655$534_Y [0] $ternary$/teamspace/studios/this_studio/Melodica-Integration-into-Fife-Core/Learn_Bluespec_and_RISCV_Design/Code/Build/Fife/verilog/mkQuire.v:1655$534_Y [0] $ternary$/teamspace/studios/this_studio/Melodica-Integration-into-Fife-Core/Learn_Bluespec_and_RISCV_Design/Code/Build/Fife/verilog/mkQuire.v:1655$534_Y [0] }
  Optimizing cells in module \mkQuire.
    Consolidated identical input bits for $mux cell $ternary$/teamspace/studios/this_studio/Melodica-Integration-into-Fife-Core/Learn_Bluespec_and_RISCV_Design/Code/Build/Fife/verilog/mkQuire.v:1422$473:
      Old ports: A={ 32'00000000000000000000000000000000 \accumulate_x [196:5] }, B={ 1'1 \instance_fn_twosC_quire_0.IF_fn_twosC_quire_quire_seg_zero_PLUS_1_BIT_6__ETC___d9 [30:0] \instance_fn_twosC_quire_0.IF_fn_twosC_quire_quire_seg_zero_PLUS_1_BIT_5__ETC___d18 \instance_fn_twosC_quire_0.IF_fn_twosC_quire_quire_seg_zero_PLUS_1_BIT_4__ETC___d26 \instance_fn_twosC_quire_0.IF_fn_twosC_quire_quire_seg_zero_PLUS_1_BIT_3__ETC___d35 \instance_fn_twosC_quire_0.IF_fn_twosC_quire_quire_seg_zero_PLUS_1_BIT_2__ETC___d43 \instance_fn_twosC_quire_0.IF_fn_twosC_quire_quire_seg_zero_PLUS_1_BIT_1__ETC___d52 \instance_fn_twosC_quire_0.IF_fn_twosC_quire_quire_seg_zero_PLUS_1_BIT_0__ETC___d60 }, Y=\IF_accumulate_x_BIT_197_79_THEN_0b1_CONCAT_fn__ETC___d299
      New ports: A={ 2'00 \accumulate_x [196:5] }, B={ 1'1 \instance_fn_twosC_quire_0.IF_fn_twosC_quire_quire_seg_zero_PLUS_1_BIT_6__ETC___d9 [0] \instance_fn_twosC_quire_0.IF_fn_twosC_quire_quire_seg_zero_PLUS_1_BIT_5__ETC___d18 \instance_fn_twosC_quire_0.IF_fn_twosC_quire_quire_seg_zero_PLUS_1_BIT_4__ETC___d26 \instance_fn_twosC_quire_0.IF_fn_twosC_quire_quire_seg_zero_PLUS_1_BIT_3__ETC___d35 \instance_fn_twosC_quire_0.IF_fn_twosC_quire_quire_seg_zero_PLUS_1_BIT_2__ETC___d43 \instance_fn_twosC_quire_0.IF_fn_twosC_quire_quire_seg_zero_PLUS_1_BIT_1__ETC___d52 \instance_fn_twosC_quire_0.IF_fn_twosC_quire_quire_seg_zero_PLUS_1_BIT_0__ETC___d60 }, Y={ \IF_accumulate_x_BIT_197_79_THEN_0b1_CONCAT_fn__ETC___d299 [223] \IF_accumulate_x_BIT_197_79_THEN_0b1_CONCAT_fn__ETC___d299 [192:0] }
      New connections: \IF_accumulate_x_BIT_197_79_THEN_0b1_CONCAT_fn__ETC___d299 [222:193] = { \IF_accumulate_x_BIT_197_79_THEN_0b1_CONCAT_fn__ETC___d299 [192] \IF_accumulate_x_BIT_197_79_THEN_0b1_CONCAT_fn__ETC___d299 [192] \IF_accumulate_x_BIT_197_79_THEN_0b1_CONCAT_fn__ETC___d299 [192] \IF_accumulate_x_BIT_197_79_THEN_0b1_CONCAT_fn__ETC___d299 [192] \IF_accumulate_x_BIT_197_79_THEN_0b1_CONCAT_fn__ETC___d299 [192] \IF_accumulate_x_BIT_197_79_THEN_0b1_CONCAT_fn__ETC___d299 [192] \IF_accumulate_x_BIT_197_79_THEN_0b1_CONCAT_fn__ETC___d299 [192] \IF_accumulate_x_BIT_197_79_THEN_0b1_CONCAT_fn__ETC___d299 [192] \IF_accumulate_x_BIT_197_79_THEN_0b1_CONCAT_fn__ETC___d299 [192] \IF_accumulate_x_BIT_197_79_THEN_0b1_CONCAT_fn__ETC___d299 [192] \IF_accumulate_x_BIT_197_79_THEN_0b1_CONCAT_fn__ETC___d299 [192] \IF_accumulate_x_BIT_197_79_THEN_0b1_CONCAT_fn__ETC___d299 [192] \IF_accumulate_x_BIT_197_79_THEN_0b1_CONCAT_fn__ETC___d299 [192] \IF_accumulate_x_BIT_197_79_THEN_0b1_CONCAT_fn__ETC___d299 [192] \IF_accumulate_x_BIT_197_79_THEN_0b1_CONCAT_fn__ETC___d299 [192] \IF_accumulate_x_BIT_197_79_THEN_0b1_CONCAT_fn__ETC___d299 [192] \IF_accumulate_x_BIT_197_79_THEN_0b1_CONCAT_fn__ETC___d299 [192] \IF_accumulate_x_BIT_197_79_THEN_0b1_CONCAT_fn__ETC___d299 [192] \IF_accumulate_x_BIT_197_79_THEN_0b1_CONCAT_fn__ETC___d299 [192] \IF_accumulate_x_BIT_197_79_THEN_0b1_CONCAT_fn__ETC___d299 [192] \IF_accumulate_x_BIT_197_79_THEN_0b1_CONCAT_fn__ETC___d299 [192] \IF_accumulate_x_BIT_197_79_THEN_0b1_CONCAT_fn__ETC___d299 [192] \IF_accumulate_x_BIT_197_79_THEN_0b1_CONCAT_fn__ETC___d299 [192] \IF_accumulate_x_BIT_197_79_THEN_0b1_CONCAT_fn__ETC___d299 [192] \IF_accumulate_x_BIT_197_79_THEN_0b1_CONCAT_fn__ETC___d299 [192] \IF_accumulate_x_BIT_197_79_THEN_0b1_CONCAT_fn__ETC___d299 [192] \IF_accumulate_x_BIT_197_79_THEN_0b1_CONCAT_fn__ETC___d299 [192] \IF_accumulate_x_BIT_197_79_THEN_0b1_CONCAT_fn__ETC___d299 [192] \IF_accumulate_x_BIT_197_79_THEN_0b1_CONCAT_fn__ETC___d299 [192] \IF_accumulate_x_BIT_197_79_THEN_0b1_CONCAT_fn__ETC___d299 [192] }
    Consolidated identical input bits for $mux cell $ternary$/teamspace/studios/this_studio/Melodica-Integration-into-Fife-Core/Learn_Bluespec_and_RISCV_Design/Code/Build/Fife/verilog/mkQuire.v:1653$535:
      Old ports: A=$ternary$/teamspace/studios/this_studio/Melodica-Integration-into-Fife-Core/Learn_Bluespec_and_RISCV_Design/Code/Build/Fife/verilog/mkQuire.v:1655$534_Y, B=6'011110, Y=$ternary$/teamspace/studios/this_studio/Melodica-Integration-into-Fife-Core/Learn_Bluespec_and_RISCV_Design/Code/Build/Fife/verilog/mkQuire.v:1653$535_Y
      New ports: A={ $ternary$/teamspace/studios/this_studio/Melodica-Integration-into-Fife-Core/Learn_Bluespec_and_RISCV_Design/Code/Build/Fife/verilog/mkQuire.v:1655$534_Y [5] $ternary$/teamspace/studios/this_studio/Melodica-Integration-into-Fife-Core/Learn_Bluespec_and_RISCV_Design/Code/Build/Fife/verilog/mkQuire.v:1655$534_Y [0] $ternary$/teamspace/studios/this_studio/Melodica-Integration-into-Fife-Core/Learn_Bluespec_and_RISCV_Design/Code/Build/Fife/verilog/mkQuire.v:1655$534_Y [0] }, B=3'010, Y={ $ternary$/teamspace/studios/this_studio/Melodica-Integration-into-Fife-Core/Learn_Bluespec_and_RISCV_Design/Code/Build/Fife/verilog/mkQuire.v:1653$535_Y [5] $ternary$/teamspace/studios/this_studio/Melodica-Integration-into-Fife-Core/Learn_Bluespec_and_RISCV_Design/Code/Build/Fife/verilog/mkQuire.v:1653$535_Y [1:0] }
      New connections: $ternary$/teamspace/studios/this_studio/Melodica-Integration-into-Fife-Core/Learn_Bluespec_and_RISCV_Design/Code/Build/Fife/verilog/mkQuire.v:1653$535_Y [4:2] = { $ternary$/teamspace/studios/this_studio/Melodica-Integration-into-Fife-Core/Learn_Bluespec_and_RISCV_Design/Code/Build/Fife/verilog/mkQuire.v:1653$535_Y [1] $ternary$/teamspace/studios/this_studio/Melodica-Integration-into-Fife-Core/Learn_Bluespec_and_RISCV_Design/Code/Build/Fife/verilog/mkQuire.v:1653$535_Y [1] $ternary$/teamspace/studios/this_studio/Melodica-Integration-into-Fife-Core/Learn_Bluespec_and_RISCV_Design/Code/Build/Fife/verilog/mkQuire.v:1653$535_Y [1] }
    Consolidated identical input bits for $mux cell $ternary$/teamspace/studios/this_studio/Melodica-Integration-into-Fife-Core/Learn_Bluespec_and_RISCV_Design/Code/Build/Fife/verilog/mkQuire.v:816$223:
      Old ports: A=0, B={ 1'1 \instance_fn_twosC_quire_2.IF_fn_twosC_quire_quire_seg_zero_PLUS_1_BIT_6__ETC___d9 [30:0] }, Y=\MUX_vrg_quire_6$write_1__VAL_2
      New ports: A=2'00, B={ 1'1 \instance_fn_twosC_quire_2.IF_fn_twosC_quire_quire_seg_zero_PLUS_1_BIT_6__ETC___d9 [0] }, Y={ \MUX_vrg_quire_6$write_1__VAL_2 [31] \MUX_vrg_quire_6$write_1__VAL_2 [0] }
      New connections: \MUX_vrg_quire_6$write_1__VAL_2 [30:1] = { \MUX_vrg_quire_6$write_1__VAL_2 [0] \MUX_vrg_quire_6$write_1__VAL_2 [0] \MUX_vrg_quire_6$write_1__VAL_2 [0] \MUX_vrg_quire_6$write_1__VAL_2 [0] \MUX_vrg_quire_6$write_1__VAL_2 [0] \MUX_vrg_quire_6$write_1__VAL_2 [0] \MUX_vrg_quire_6$write_1__VAL_2 [0] \MUX_vrg_quire_6$write_1__VAL_2 [0] \MUX_vrg_quire_6$write_1__VAL_2 [0] \MUX_vrg_quire_6$write_1__VAL_2 [0] \MUX_vrg_quire_6$write_1__VAL_2 [0] \MUX_vrg_quire_6$write_1__VAL_2 [0] \MUX_vrg_quire_6$write_1__VAL_2 [0] \MUX_vrg_quire_6$write_1__VAL_2 [0] \MUX_vrg_quire_6$write_1__VAL_2 [0] \MUX_vrg_quire_6$write_1__VAL_2 [0] \MUX_vrg_quire_6$write_1__VAL_2 [0] \MUX_vrg_quire_6$write_1__VAL_2 [0] \MUX_vrg_quire_6$write_1__VAL_2 [0] \MUX_vrg_quire_6$write_1__VAL_2 [0] \MUX_vrg_quire_6$write_1__VAL_2 [0] \MUX_vrg_quire_6$write_1__VAL_2 [0] \MUX_vrg_quire_6$write_1__VAL_2 [0] \MUX_vrg_quire_6$write_1__VAL_2 [0] \MUX_vrg_quire_6$write_1__VAL_2 [0] \MUX_vrg_quire_6$write_1__VAL_2 [0] \MUX_vrg_quire_6$write_1__VAL_2 [0] \MUX_vrg_quire_6$write_1__VAL_2 [0] \MUX_vrg_quire_6$write_1__VAL_2 [0] \MUX_vrg_quire_6$write_1__VAL_2 [0] }
  Optimizing cells in module \mkQuire.
    Consolidated identical input bits for $mux cell $ternary$/teamspace/studios/this_studio/Melodica-Integration-into-Fife-Core/Learn_Bluespec_and_RISCV_Design/Code/Build/Fife/verilog/mkQuire.v:1651$536:
      Old ports: A=$ternary$/teamspace/studios/this_studio/Melodica-Integration-into-Fife-Core/Learn_Bluespec_and_RISCV_Design/Code/Build/Fife/verilog/mkQuire.v:1653$535_Y, B=6'011101, Y=$ternary$/teamspace/studios/this_studio/Melodica-Integration-into-Fife-Core/Learn_Bluespec_and_RISCV_Design/Code/Build/Fife/verilog/mkQuire.v:1651$536_Y
      New ports: A={ $ternary$/teamspace/studios/this_studio/Melodica-Integration-into-Fife-Core/Learn_Bluespec_and_RISCV_Design/Code/Build/Fife/verilog/mkQuire.v:1653$535_Y [5] $ternary$/teamspace/studios/this_studio/Melodica-Integration-into-Fife-Core/Learn_Bluespec_and_RISCV_Design/Code/Build/Fife/verilog/mkQuire.v:1653$535_Y [1] $ternary$/teamspace/studios/this_studio/Melodica-Integration-into-Fife-Core/Learn_Bluespec_and_RISCV_Design/Code/Build/Fife/verilog/mkQuire.v:1653$535_Y [1:0] }, B=4'0101, Y={ $ternary$/teamspace/studios/this_studio/Melodica-Integration-into-Fife-Core/Learn_Bluespec_and_RISCV_Design/Code/Build/Fife/verilog/mkQuire.v:1651$536_Y [5] $ternary$/teamspace/studios/this_studio/Melodica-Integration-into-Fife-Core/Learn_Bluespec_and_RISCV_Design/Code/Build/Fife/verilog/mkQuire.v:1651$536_Y [2:0] }
      New connections: $ternary$/teamspace/studios/this_studio/Melodica-Integration-into-Fife-Core/Learn_Bluespec_and_RISCV_Design/Code/Build/Fife/verilog/mkQuire.v:1651$536_Y [4:3] = { $ternary$/teamspace/studios/this_studio/Melodica-Integration-into-Fife-Core/Learn_Bluespec_and_RISCV_Design/Code/Build/Fife/verilog/mkQuire.v:1651$536_Y [2] $ternary$/teamspace/studios/this_studio/Melodica-Integration-into-Fife-Core/Learn_Bluespec_and_RISCV_Design/Code/Build/Fife/verilog/mkQuire.v:1651$536_Y [2] }
  Optimizing cells in module \mkQuire.
    Consolidated identical input bits for $mux cell $ternary$/teamspace/studios/this_studio/Melodica-Integration-into-Fife-Core/Learn_Bluespec_and_RISCV_Design/Code/Build/Fife/verilog/mkQuire.v:1649$537:
      Old ports: A=$ternary$/teamspace/studios/this_studio/Melodica-Integration-into-Fife-Core/Learn_Bluespec_and_RISCV_Design/Code/Build/Fife/verilog/mkQuire.v:1651$536_Y, B=6'011100, Y=$ternary$/teamspace/studios/this_studio/Melodica-Integration-into-Fife-Core/Learn_Bluespec_and_RISCV_Design/Code/Build/Fife/verilog/mkQuire.v:1649$537_Y
      New ports: A={ $ternary$/teamspace/studios/this_studio/Melodica-Integration-into-Fife-Core/Learn_Bluespec_and_RISCV_Design/Code/Build/Fife/verilog/mkQuire.v:1651$536_Y [5] $ternary$/teamspace/studios/this_studio/Melodica-Integration-into-Fife-Core/Learn_Bluespec_and_RISCV_Design/Code/Build/Fife/verilog/mkQuire.v:1651$536_Y [2:0] }, B=4'0100, Y={ $ternary$/teamspace/studios/this_studio/Melodica-Integration-into-Fife-Core/Learn_Bluespec_and_RISCV_Design/Code/Build/Fife/verilog/mkQuire.v:1649$537_Y [5] $ternary$/teamspace/studios/this_studio/Melodica-Integration-into-Fife-Core/Learn_Bluespec_and_RISCV_Design/Code/Build/Fife/verilog/mkQuire.v:1649$537_Y [2:0] }
      New connections: $ternary$/teamspace/studios/this_studio/Melodica-Integration-into-Fife-Core/Learn_Bluespec_and_RISCV_Design/Code/Build/Fife/verilog/mkQuire.v:1649$537_Y [4:3] = { $ternary$/teamspace/studios/this_studio/Melodica-Integration-into-Fife-Core/Learn_Bluespec_and_RISCV_Design/Code/Build/Fife/verilog/mkQuire.v:1649$537_Y [2] $ternary$/teamspace/studios/this_studio/Melodica-Integration-into-Fife-Core/Learn_Bluespec_and_RISCV_Design/Code/Build/Fife/verilog/mkQuire.v:1649$537_Y [2] }
  Optimizing cells in module \mkQuire.
    Consolidated identical input bits for $mux cell $ternary$/teamspace/studios/this_studio/Melodica-Integration-into-Fife-Core/Learn_Bluespec_and_RISCV_Design/Code/Build/Fife/verilog/mkQuire.v:1647$538:
      Old ports: A=$ternary$/teamspace/studios/this_studio/Melodica-Integration-into-Fife-Core/Learn_Bluespec_and_RISCV_Design/Code/Build/Fife/verilog/mkQuire.v:1649$537_Y, B=6'011011, Y=$ternary$/teamspace/studios/this_studio/Melodica-Integration-into-Fife-Core/Learn_Bluespec_and_RISCV_Design/Code/Build/Fife/verilog/mkQuire.v:1647$538_Y
      New ports: A={ $ternary$/teamspace/studios/this_studio/Melodica-Integration-into-Fife-Core/Learn_Bluespec_and_RISCV_Design/Code/Build/Fife/verilog/mkQuire.v:1649$537_Y [5] $ternary$/teamspace/studios/this_studio/Melodica-Integration-into-Fife-Core/Learn_Bluespec_and_RISCV_Design/Code/Build/Fife/verilog/mkQuire.v:1649$537_Y [2] $ternary$/teamspace/studios/this_studio/Melodica-Integration-into-Fife-Core/Learn_Bluespec_and_RISCV_Design/Code/Build/Fife/verilog/mkQuire.v:1649$537_Y [2:0] }, B=5'01011, Y={ $ternary$/teamspace/studios/this_studio/Melodica-Integration-into-Fife-Core/Learn_Bluespec_and_RISCV_Design/Code/Build/Fife/verilog/mkQuire.v:1647$538_Y [5] $ternary$/teamspace/studios/this_studio/Melodica-Integration-into-Fife-Core/Learn_Bluespec_and_RISCV_Design/Code/Build/Fife/verilog/mkQuire.v:1647$538_Y [3:0] }
      New connections: $ternary$/teamspace/studios/this_studio/Melodica-Integration-into-Fife-Core/Learn_Bluespec_and_RISCV_Design/Code/Build/Fife/verilog/mkQuire.v:1647$538_Y [4] = $ternary$/teamspace/studios/this_studio/Melodica-Integration-into-Fife-Core/Learn_Bluespec_and_RISCV_Design/Code/Build/Fife/verilog/mkQuire.v:1647$538_Y [3]
  Optimizing cells in module \mkQuire.
    Consolidated identical input bits for $mux cell $ternary$/teamspace/studios/this_studio/Melodica-Integration-into-Fife-Core/Learn_Bluespec_and_RISCV_Design/Code/Build/Fife/verilog/mkQuire.v:1645$539:
      Old ports: A=$ternary$/teamspace/studios/this_studio/Melodica-Integration-into-Fife-Core/Learn_Bluespec_and_RISCV_Design/Code/Build/Fife/verilog/mkQuire.v:1647$538_Y, B=6'011010, Y=$ternary$/teamspace/studios/this_studio/Melodica-Integration-into-Fife-Core/Learn_Bluespec_and_RISCV_Design/Code/Build/Fife/verilog/mkQuire.v:1645$539_Y
      New ports: A={ $ternary$/teamspace/studios/this_studio/Melodica-Integration-into-Fife-Core/Learn_Bluespec_and_RISCV_Design/Code/Build/Fife/verilog/mkQuire.v:1647$538_Y [5] $ternary$/teamspace/studios/this_studio/Melodica-Integration-into-Fife-Core/Learn_Bluespec_and_RISCV_Design/Code/Build/Fife/verilog/mkQuire.v:1647$538_Y [3:0] }, B=5'01010, Y={ $ternary$/teamspace/studios/this_studio/Melodica-Integration-into-Fife-Core/Learn_Bluespec_and_RISCV_Design/Code/Build/Fife/verilog/mkQuire.v:1645$539_Y [5] $ternary$/teamspace/studios/this_studio/Melodica-Integration-into-Fife-Core/Learn_Bluespec_and_RISCV_Design/Code/Build/Fife/verilog/mkQuire.v:1645$539_Y [3:0] }
      New connections: $ternary$/teamspace/studios/this_studio/Melodica-Integration-into-Fife-Core/Learn_Bluespec_and_RISCV_Design/Code/Build/Fife/verilog/mkQuire.v:1645$539_Y [4] = $ternary$/teamspace/studios/this_studio/Melodica-Integration-into-Fife-Core/Learn_Bluespec_and_RISCV_Design/Code/Build/Fife/verilog/mkQuire.v:1645$539_Y [3]
  Optimizing cells in module \mkQuire.
    Consolidated identical input bits for $mux cell $ternary$/teamspace/studios/this_studio/Melodica-Integration-into-Fife-Core/Learn_Bluespec_and_RISCV_Design/Code/Build/Fife/verilog/mkQuire.v:1643$540:
      Old ports: A=$ternary$/teamspace/studios/this_studio/Melodica-Integration-into-Fife-Core/Learn_Bluespec_and_RISCV_Design/Code/Build/Fife/verilog/mkQuire.v:1645$539_Y, B=6'011001, Y=$ternary$/teamspace/studios/this_studio/Melodica-Integration-into-Fife-Core/Learn_Bluespec_and_RISCV_Design/Code/Build/Fife/verilog/mkQuire.v:1643$540_Y
      New ports: A={ $ternary$/teamspace/studios/this_studio/Melodica-Integration-into-Fife-Core/Learn_Bluespec_and_RISCV_Design/Code/Build/Fife/verilog/mkQuire.v:1645$539_Y [5] $ternary$/teamspace/studios/this_studio/Melodica-Integration-into-Fife-Core/Learn_Bluespec_and_RISCV_Design/Code/Build/Fife/verilog/mkQuire.v:1645$539_Y [3:0] }, B=5'01001, Y={ $ternary$/teamspace/studios/this_studio/Melodica-Integration-into-Fife-Core/Learn_Bluespec_and_RISCV_Design/Code/Build/Fife/verilog/mkQuire.v:1643$540_Y [5] $ternary$/teamspace/studios/this_studio/Melodica-Integration-into-Fife-Core/Learn_Bluespec_and_RISCV_Design/Code/Build/Fife/verilog/mkQuire.v:1643$540_Y [3:0] }
      New connections: $ternary$/teamspace/studios/this_studio/Melodica-Integration-into-Fife-Core/Learn_Bluespec_and_RISCV_Design/Code/Build/Fife/verilog/mkQuire.v:1643$540_Y [4] = $ternary$/teamspace/studios/this_studio/Melodica-Integration-into-Fife-Core/Learn_Bluespec_and_RISCV_Design/Code/Build/Fife/verilog/mkQuire.v:1643$540_Y [3]
  Optimizing cells in module \mkQuire.
    Consolidated identical input bits for $mux cell $ternary$/teamspace/studios/this_studio/Melodica-Integration-into-Fife-Core/Learn_Bluespec_and_RISCV_Design/Code/Build/Fife/verilog/mkQuire.v:1641$541:
      Old ports: A=$ternary$/teamspace/studios/this_studio/Melodica-Integration-into-Fife-Core/Learn_Bluespec_and_RISCV_Design/Code/Build/Fife/verilog/mkQuire.v:1643$540_Y, B=6'011000, Y=$ternary$/teamspace/studios/this_studio/Melodica-Integration-into-Fife-Core/Learn_Bluespec_and_RISCV_Design/Code/Build/Fife/verilog/mkQuire.v:1641$541_Y
      New ports: A={ $ternary$/teamspace/studios/this_studio/Melodica-Integration-into-Fife-Core/Learn_Bluespec_and_RISCV_Design/Code/Build/Fife/verilog/mkQuire.v:1643$540_Y [5] $ternary$/teamspace/studios/this_studio/Melodica-Integration-into-Fife-Core/Learn_Bluespec_and_RISCV_Design/Code/Build/Fife/verilog/mkQuire.v:1643$540_Y [3:0] }, B=5'01000, Y={ $ternary$/teamspace/studios/this_studio/Melodica-Integration-into-Fife-Core/Learn_Bluespec_and_RISCV_Design/Code/Build/Fife/verilog/mkQuire.v:1641$541_Y [5] $ternary$/teamspace/studios/this_studio/Melodica-Integration-into-Fife-Core/Learn_Bluespec_and_RISCV_Design/Code/Build/Fife/verilog/mkQuire.v:1641$541_Y [3:0] }
      New connections: $ternary$/teamspace/studios/this_studio/Melodica-Integration-into-Fife-Core/Learn_Bluespec_and_RISCV_Design/Code/Build/Fife/verilog/mkQuire.v:1641$541_Y [4] = $ternary$/teamspace/studios/this_studio/Melodica-Integration-into-Fife-Core/Learn_Bluespec_and_RISCV_Design/Code/Build/Fife/verilog/mkQuire.v:1641$541_Y [3]
  Optimizing cells in module \mkQuire.
Performed a total of 13 changes.

14.20.5. Executing OPT_MERGE pass (detect identical cells).
Finding identical cells in module `\mkQuire'.
Removed a total of 0 cells.

14.20.6. Executing OPT_SHARE pass.
    Found cells that share an operand and can be merged by moving the $mux $ternary$/teamspace/studios/this_studio/Melodica-Integration-into-Fife-Core/Learn_Bluespec_and_RISCV_Design/Code/Build/Fife/verilog/mkQuire.v:848$250 in front of them:
        $auto$alumacc.cc:485:replace_alu$1933
        $auto$alumacc.cc:485:replace_alu$1918

14.20.7. Executing OPT_DFF pass (perform DFF optimizations).
Adding SRST signal on $\seg_adder_vff_carry_0.arr$rdreg[0] ($dff) from module mkQuire (D = $auto$rtlil.cc:2498:Mux$2086, Q = $\seg_adder_vff_carry_0.arr$rdreg[0]$q, rval = 2'00).
Adding SRST signal on $\seg_adder_vff_carry_1.arr$rdreg[0] ($dff) from module mkQuire (D = $auto$rtlil.cc:2498:Mux$2091, Q = $\seg_adder_vff_carry_1.arr$rdreg[0]$q, rval = 2'00).
Adding SRST signal on $\seg_adder_vff_carry_2.arr$rdreg[0] ($dff) from module mkQuire (D = $auto$rtlil.cc:2498:Mux$2096, Q = $\seg_adder_vff_carry_2.arr$rdreg[0]$q, rval = 2'00).
Adding SRST signal on $\seg_adder_vff_carry_3.arr$rdreg[0] ($dff) from module mkQuire (D = $auto$rtlil.cc:2498:Mux$2101, Q = $\seg_adder_vff_carry_3.arr$rdreg[0]$q, rval = 2'00).
Adding SRST signal on $\seg_adder_vff_carry_4.arr$rdreg[0] ($dff) from module mkQuire (D = $auto$rtlil.cc:2498:Mux$2106, Q = $\seg_adder_vff_carry_4.arr$rdreg[0]$q, rval = 2'00).
Adding SRST signal on $\seg_adder_vff_carry_5.arr$rdreg[0] ($dff) from module mkQuire (D = $auto$rtlil.cc:2498:Mux$2111, Q = $\seg_adder_vff_carry_5.arr$rdreg[0]$q, rval = 2'00).
Adding SRST signal on $\seg_adder_vff_in_6.arr$rdreg[0] ($dff) from module mkQuire (D = $auto$rtlil.cc:2498:Mux$2146, Q = $\seg_adder_vff_in_6.arr$rdreg[0]$q, rval = 2'00).
Adding SRST signal on $\seg_adder_vff_in_0.arr$rdreg[0] ($dff) from module mkQuire (D = $auto$rtlil.cc:2498:Mux$2116, Q = $\seg_adder_vff_in_0.arr$rdreg[0]$q, rval = 2'00).
Adding SRST signal on $\seg_adder_vff_in_1.arr$rdreg[0] ($dff) from module mkQuire (D = $auto$rtlil.cc:2498:Mux$2121, Q = $\seg_adder_vff_in_1.arr$rdreg[0]$q, rval = 2'00).
Adding SRST signal on $\seg_adder_vff_in_2.arr$rdreg[0] ($dff) from module mkQuire (D = $auto$rtlil.cc:2498:Mux$2126, Q = $\seg_adder_vff_in_2.arr$rdreg[0]$q, rval = 2'00).
Adding SRST signal on $\seg_adder_vff_in_3.arr$rdreg[0] ($dff) from module mkQuire (D = $auto$rtlil.cc:2498:Mux$2131, Q = $\seg_adder_vff_in_3.arr$rdreg[0]$q, rval = 2'00).
Adding SRST signal on $\seg_adder_vff_in_4.arr$rdreg[0] ($dff) from module mkQuire (D = $auto$rtlil.cc:2498:Mux$2136, Q = $\seg_adder_vff_in_4.arr$rdreg[0]$q, rval = 2'00).
Adding SRST signal on $\seg_adder_vff_in_5.arr$rdreg[0] ($dff) from module mkQuire (D = $auto$rtlil.cc:2498:Mux$2141, Q = $\seg_adder_vff_in_5.arr$rdreg[0]$q, rval = 2'00).

14.20.8. Executing OPT_CLEAN pass (remove unused cells and wires).
Finding unused cells or wires in module \mkQuire..
Removed 13 unused cells and 136 unused wires.
<suppressed ~16 debug messages>

14.20.9. Executing OPT_EXPR pass (perform const folding).
Optimizing module mkQuire.
<suppressed ~17 debug messages>

14.20.10. Rerunning OPT passes. (Maybe there is more to do..)

14.20.11. Executing OPT_MUXTREE pass (detect dead branches in mux trees).
Running muxtree optimizer on module \mkQuire..
  Creating internal representation of mux trees.
  Evaluating internal representation of mux trees.
  Analyzing evaluation results.
Removed 0 multiplexer ports.
<suppressed ~147 debug messages>

14.20.12. Executing OPT_REDUCE pass (consolidate $*mux and $reduce_* inputs).
  Optimizing cells in module \mkQuire.
    Consolidated identical input bits for $mux cell $auto$opt_share.cc:244:merge_operators$2699:
      Old ports: A=3'111, B=3'001, Y=$auto$rtlil.cc:2498:Mux$2700
      New ports: A=1'1, B=1'0, Y=$auto$rtlil.cc:2498:Mux$2700 [1]
      New connections: { $auto$rtlil.cc:2498:Mux$2700 [2] $auto$rtlil.cc:2498:Mux$2700 [0] } = { $auto$rtlil.cc:2498:Mux$2700 [1] 1'1 }
  Optimizing cells in module \mkQuire.
Performed a total of 1 changes.

14.20.13. Executing OPT_MERGE pass (detect identical cells).
Finding identical cells in module `\mkQuire'.
Removed a total of 0 cells.

14.20.14. Executing OPT_SHARE pass.

14.20.15. Executing OPT_DFF pass (perform DFF optimizations).
Adding EN signal on $memory\seg_adder_vff_in_6.arr[2]$2659 ($dff) from module mkQuire (D = { \IF_accumulate_x_BIT_197_79_THEN_0b1_CONCAT_fn__ETC___d299 [223:222] \IF_accumulate_x_BIT_197_79_THEN_0b1_CONCAT_fn__ETC___d299 [222] \IF_accumulate_x_BIT_197_79_THEN_0b1_CONCAT_fn__ETC___d299 [222] \IF_accumulate_x_BIT_197_79_THEN_0b1_CONCAT_fn__ETC___d299 [222] \IF_accumulate_x_BIT_197_79_THEN_0b1_CONCAT_fn__ETC___d299 [222] \IF_accumulate_x_BIT_197_79_THEN_0b1_CONCAT_fn__ETC___d299 [222] \IF_accumulate_x_BIT_197_79_THEN_0b1_CONCAT_fn__ETC___d299 [222] \IF_accumulate_x_BIT_197_79_THEN_0b1_CONCAT_fn__ETC___d299 [222] \IF_accumulate_x_BIT_197_79_THEN_0b1_CONCAT_fn__ETC___d299 [222] \IF_accumulate_x_BIT_197_79_THEN_0b1_CONCAT_fn__ETC___d299 [222] \IF_accumulate_x_BIT_197_79_THEN_0b1_CONCAT_fn__ETC___d299 [222] \IF_accumulate_x_BIT_197_79_THEN_0b1_CONCAT_fn__ETC___d299 [222] \IF_accumulate_x_BIT_197_79_THEN_0b1_CONCAT_fn__ETC___d299 [222] \IF_accumulate_x_BIT_197_79_THEN_0b1_CONCAT_fn__ETC___d299 [222] \IF_accumulate_x_BIT_197_79_THEN_0b1_CONCAT_fn__ETC___d299 [222] \IF_accumulate_x_BIT_197_79_THEN_0b1_CONCAT_fn__ETC___d299 [222] \IF_accumulate_x_BIT_197_79_THEN_0b1_CONCAT_fn__ETC___d299 [222] \IF_accumulate_x_BIT_197_79_THEN_0b1_CONCAT_fn__ETC___d299 [222] \IF_accumulate_x_BIT_197_79_THEN_0b1_CONCAT_fn__ETC___d299 [222] \IF_accumulate_x_BIT_197_79_THEN_0b1_CONCAT_fn__ETC___d299 [222] \IF_accumulate_x_BIT_197_79_THEN_0b1_CONCAT_fn__ETC___d299 [222] \IF_accumulate_x_BIT_197_79_THEN_0b1_CONCAT_fn__ETC___d299 [222] \IF_accumulate_x_BIT_197_79_THEN_0b1_CONCAT_fn__ETC___d299 [222] \IF_accumulate_x_BIT_197_79_THEN_0b1_CONCAT_fn__ETC___d299 [222] \IF_accumulate_x_BIT_197_79_THEN_0b1_CONCAT_fn__ETC___d299 [222] \IF_accumulate_x_BIT_197_79_THEN_0b1_CONCAT_fn__ETC___d299 [222] \IF_accumulate_x_BIT_197_79_THEN_0b1_CONCAT_fn__ETC___d299 [222] \IF_accumulate_x_BIT_197_79_THEN_0b1_CONCAT_fn__ETC___d299 [222] \IF_accumulate_x_BIT_197_79_THEN_0b1_CONCAT_fn__ETC___d299 [222] \IF_accumulate_x_BIT_197_79_THEN_0b1_CONCAT_fn__ETC___d299 [222] \IF_accumulate_x_BIT_197_79_THEN_0b1_CONCAT_fn__ETC___d299 [222] }, Q = \seg_adder_vff_in_6.arr[2]).
Adding EN signal on $memory\seg_adder_vff_in_6.arr[1]$2657 ($dff) from module mkQuire (D = { \IF_accumulate_x_BIT_197_79_THEN_0b1_CONCAT_fn__ETC___d299 [223:222] \IF_accumulate_x_BIT_197_79_THEN_0b1_CONCAT_fn__ETC___d299 [222] \IF_accumulate_x_BIT_197_79_THEN_0b1_CONCAT_fn__ETC___d299 [222] \IF_accumulate_x_BIT_197_79_THEN_0b1_CONCAT_fn__ETC___d299 [222] \IF_accumulate_x_BIT_197_79_THEN_0b1_CONCAT_fn__ETC___d299 [222] \IF_accumulate_x_BIT_197_79_THEN_0b1_CONCAT_fn__ETC___d299 [222] \IF_accumulate_x_BIT_197_79_THEN_0b1_CONCAT_fn__ETC___d299 [222] \IF_accumulate_x_BIT_197_79_THEN_0b1_CONCAT_fn__ETC___d299 [222] \IF_accumulate_x_BIT_197_79_THEN_0b1_CONCAT_fn__ETC___d299 [222] \IF_accumulate_x_BIT_197_79_THEN_0b1_CONCAT_fn__ETC___d299 [222] \IF_accumulate_x_BIT_197_79_THEN_0b1_CONCAT_fn__ETC___d299 [222] \IF_accumulate_x_BIT_197_79_THEN_0b1_CONCAT_fn__ETC___d299 [222] \IF_accumulate_x_BIT_197_79_THEN_0b1_CONCAT_fn__ETC___d299 [222] \IF_accumulate_x_BIT_197_79_THEN_0b1_CONCAT_fn__ETC___d299 [222] \IF_accumulate_x_BIT_197_79_THEN_0b1_CONCAT_fn__ETC___d299 [222] \IF_accumulate_x_BIT_197_79_THEN_0b1_CONCAT_fn__ETC___d299 [222] \IF_accumulate_x_BIT_197_79_THEN_0b1_CONCAT_fn__ETC___d299 [222] \IF_accumulate_x_BIT_197_79_THEN_0b1_CONCAT_fn__ETC___d299 [222] \IF_accumulate_x_BIT_197_79_THEN_0b1_CONCAT_fn__ETC___d299 [222] \IF_accumulate_x_BIT_197_79_THEN_0b1_CONCAT_fn__ETC___d299 [222] \IF_accumulate_x_BIT_197_79_THEN_0b1_CONCAT_fn__ETC___d299 [222] \IF_accumulate_x_BIT_197_79_THEN_0b1_CONCAT_fn__ETC___d299 [222] \IF_accumulate_x_BIT_197_79_THEN_0b1_CONCAT_fn__ETC___d299 [222] \IF_accumulate_x_BIT_197_79_THEN_0b1_CONCAT_fn__ETC___d299 [222] \IF_accumulate_x_BIT_197_79_THEN_0b1_CONCAT_fn__ETC___d299 [222] \IF_accumulate_x_BIT_197_79_THEN_0b1_CONCAT_fn__ETC___d299 [222] \IF_accumulate_x_BIT_197_79_THEN_0b1_CONCAT_fn__ETC___d299 [222] \IF_accumulate_x_BIT_197_79_THEN_0b1_CONCAT_fn__ETC___d299 [222] \IF_accumulate_x_BIT_197_79_THEN_0b1_CONCAT_fn__ETC___d299 [222] \IF_accumulate_x_BIT_197_79_THEN_0b1_CONCAT_fn__ETC___d299 [222] \IF_accumulate_x_BIT_197_79_THEN_0b1_CONCAT_fn__ETC___d299 [222] }, Q = \seg_adder_vff_in_6.arr[1]).
Adding EN signal on $memory\seg_adder_vff_in_6.arr[0]$2655 ($dff) from module mkQuire (D = { \IF_accumulate_x_BIT_197_79_THEN_0b1_CONCAT_fn__ETC___d299 [223:222] \IF_accumulate_x_BIT_197_79_THEN_0b1_CONCAT_fn__ETC___d299 [222] \IF_accumulate_x_BIT_197_79_THEN_0b1_CONCAT_fn__ETC___d299 [222] \IF_accumulate_x_BIT_197_79_THEN_0b1_CONCAT_fn__ETC___d299 [222] \IF_accumulate_x_BIT_197_79_THEN_0b1_CONCAT_fn__ETC___d299 [222] \IF_accumulate_x_BIT_197_79_THEN_0b1_CONCAT_fn__ETC___d299 [222] \IF_accumulate_x_BIT_197_79_THEN_0b1_CONCAT_fn__ETC___d299 [222] \IF_accumulate_x_BIT_197_79_THEN_0b1_CONCAT_fn__ETC___d299 [222] \IF_accumulate_x_BIT_197_79_THEN_0b1_CONCAT_fn__ETC___d299 [222] \IF_accumulate_x_BIT_197_79_THEN_0b1_CONCAT_fn__ETC___d299 [222] \IF_accumulate_x_BIT_197_79_THEN_0b1_CONCAT_fn__ETC___d299 [222] \IF_accumulate_x_BIT_197_79_THEN_0b1_CONCAT_fn__ETC___d299 [222] \IF_accumulate_x_BIT_197_79_THEN_0b1_CONCAT_fn__ETC___d299 [222] \IF_accumulate_x_BIT_197_79_THEN_0b1_CONCAT_fn__ETC___d299 [222] \IF_accumulate_x_BIT_197_79_THEN_0b1_CONCAT_fn__ETC___d299 [222] \IF_accumulate_x_BIT_197_79_THEN_0b1_CONCAT_fn__ETC___d299 [222] \IF_accumulate_x_BIT_197_79_THEN_0b1_CONCAT_fn__ETC___d299 [222] \IF_accumulate_x_BIT_197_79_THEN_0b1_CONCAT_fn__ETC___d299 [222] \IF_accumulate_x_BIT_197_79_THEN_0b1_CONCAT_fn__ETC___d299 [222] \IF_accumulate_x_BIT_197_79_THEN_0b1_CONCAT_fn__ETC___d299 [222] \IF_accumulate_x_BIT_197_79_THEN_0b1_CONCAT_fn__ETC___d299 [222] \IF_accumulate_x_BIT_197_79_THEN_0b1_CONCAT_fn__ETC___d299 [222] \IF_accumulate_x_BIT_197_79_THEN_0b1_CONCAT_fn__ETC___d299 [222] \IF_accumulate_x_BIT_197_79_THEN_0b1_CONCAT_fn__ETC___d299 [222] \IF_accumulate_x_BIT_197_79_THEN_0b1_CONCAT_fn__ETC___d299 [222] \IF_accumulate_x_BIT_197_79_THEN_0b1_CONCAT_fn__ETC___d299 [222] \IF_accumulate_x_BIT_197_79_THEN_0b1_CONCAT_fn__ETC___d299 [222] \IF_accumulate_x_BIT_197_79_THEN_0b1_CONCAT_fn__ETC___d299 [222] \IF_accumulate_x_BIT_197_79_THEN_0b1_CONCAT_fn__ETC___d299 [222] \IF_accumulate_x_BIT_197_79_THEN_0b1_CONCAT_fn__ETC___d299 [222] \IF_accumulate_x_BIT_197_79_THEN_0b1_CONCAT_fn__ETC___d299 [222] }, Q = \seg_adder_vff_in_6.arr[0]).
Adding EN signal on $memory\seg_adder_vff_in_5.arr[2]$2618 ($dff) from module mkQuire (D = \IF_accumulate_x_BIT_197_79_THEN_0b1_CONCAT_fn__ETC___d299 [191:160], Q = \seg_adder_vff_in_5.arr[2]).
Adding EN signal on $memory\seg_adder_vff_in_5.arr[1]$2616 ($dff) from module mkQuire (D = \IF_accumulate_x_BIT_197_79_THEN_0b1_CONCAT_fn__ETC___d299 [191:160], Q = \seg_adder_vff_in_5.arr[1]).
Adding EN signal on $memory\seg_adder_vff_in_5.arr[0]$2614 ($dff) from module mkQuire (D = \IF_accumulate_x_BIT_197_79_THEN_0b1_CONCAT_fn__ETC___d299 [191:160], Q = \seg_adder_vff_in_5.arr[0]).
Adding EN signal on $memory\seg_adder_vff_in_4.arr[2]$2577 ($dff) from module mkQuire (D = \IF_accumulate_x_BIT_197_79_THEN_0b1_CONCAT_fn__ETC___d299 [159:128], Q = \seg_adder_vff_in_4.arr[2]).
Adding EN signal on $memory\seg_adder_vff_in_4.arr[1]$2575 ($dff) from module mkQuire (D = \IF_accumulate_x_BIT_197_79_THEN_0b1_CONCAT_fn__ETC___d299 [159:128], Q = \seg_adder_vff_in_4.arr[1]).
Adding EN signal on $memory\seg_adder_vff_in_4.arr[0]$2573 ($dff) from module mkQuire (D = \IF_accumulate_x_BIT_197_79_THEN_0b1_CONCAT_fn__ETC___d299 [159:128], Q = \seg_adder_vff_in_4.arr[0]).
Adding EN signal on $memory\seg_adder_vff_in_3.arr[2]$2536 ($dff) from module mkQuire (D = \IF_accumulate_x_BIT_197_79_THEN_0b1_CONCAT_fn__ETC___d299 [127:96], Q = \seg_adder_vff_in_3.arr[2]).
Adding EN signal on $memory\seg_adder_vff_in_3.arr[1]$2534 ($dff) from module mkQuire (D = \IF_accumulate_x_BIT_197_79_THEN_0b1_CONCAT_fn__ETC___d299 [127:96], Q = \seg_adder_vff_in_3.arr[1]).
Adding EN signal on $memory\seg_adder_vff_in_3.arr[0]$2532 ($dff) from module mkQuire (D = \IF_accumulate_x_BIT_197_79_THEN_0b1_CONCAT_fn__ETC___d299 [127:96], Q = \seg_adder_vff_in_3.arr[0]).
Adding EN signal on $memory\seg_adder_vff_in_2.arr[2]$2495 ($dff) from module mkQuire (D = \IF_accumulate_x_BIT_197_79_THEN_0b1_CONCAT_fn__ETC___d299 [95:64], Q = \seg_adder_vff_in_2.arr[2]).
Adding EN signal on $memory\seg_adder_vff_in_2.arr[1]$2493 ($dff) from module mkQuire (D = \IF_accumulate_x_BIT_197_79_THEN_0b1_CONCAT_fn__ETC___d299 [95:64], Q = \seg_adder_vff_in_2.arr[1]).
Adding EN signal on $memory\seg_adder_vff_in_2.arr[0]$2491 ($dff) from module mkQuire (D = \IF_accumulate_x_BIT_197_79_THEN_0b1_CONCAT_fn__ETC___d299 [95:64], Q = \seg_adder_vff_in_2.arr[0]).
Adding EN signal on $memory\seg_adder_vff_in_1.arr[2]$2454 ($dff) from module mkQuire (D = \IF_accumulate_x_BIT_197_79_THEN_0b1_CONCAT_fn__ETC___d299 [63:32], Q = \seg_adder_vff_in_1.arr[2]).
Adding EN signal on $memory\seg_adder_vff_in_1.arr[1]$2452 ($dff) from module mkQuire (D = \IF_accumulate_x_BIT_197_79_THEN_0b1_CONCAT_fn__ETC___d299 [63:32], Q = \seg_adder_vff_in_1.arr[1]).
Adding EN signal on $memory\seg_adder_vff_in_1.arr[0]$2450 ($dff) from module mkQuire (D = \IF_accumulate_x_BIT_197_79_THEN_0b1_CONCAT_fn__ETC___d299 [63:32], Q = \seg_adder_vff_in_1.arr[0]).
Adding EN signal on $memory\seg_adder_vff_in_0.arr[2]$2413 ($dff) from module mkQuire (D = \IF_accumulate_x_BIT_197_79_THEN_0b1_CONCAT_fn__ETC___d299 [31:0], Q = \seg_adder_vff_in_0.arr[2]).
Adding EN signal on $memory\seg_adder_vff_in_0.arr[1]$2411 ($dff) from module mkQuire (D = \IF_accumulate_x_BIT_197_79_THEN_0b1_CONCAT_fn__ETC___d299 [31:0], Q = \seg_adder_vff_in_0.arr[1]).
Adding EN signal on $memory\seg_adder_vff_in_0.arr[0]$2409 ($dff) from module mkQuire (D = \IF_accumulate_x_BIT_197_79_THEN_0b1_CONCAT_fn__ETC___d299 [31:0], Q = \seg_adder_vff_in_0.arr[0]).
Adding EN signal on $memory\seg_adder_vff_carry_5.arr[2]$2372 ($dff) from module mkQuire (D = \acc__h5978 [32], Q = \seg_adder_vff_carry_5.arr[2]).
Adding EN signal on $memory\seg_adder_vff_carry_5.arr[1]$2370 ($dff) from module mkQuire (D = \acc__h5978 [32], Q = \seg_adder_vff_carry_5.arr[1]).
Adding EN signal on $memory\seg_adder_vff_carry_5.arr[0]$2368 ($dff) from module mkQuire (D = \acc__h5978 [32], Q = \seg_adder_vff_carry_5.arr[0]).
Adding EN signal on $memory\seg_adder_vff_carry_4.arr[2]$2331 ($dff) from module mkQuire (D = \acc__h5475 [32], Q = \seg_adder_vff_carry_4.arr[2]).
Adding EN signal on $memory\seg_adder_vff_carry_4.arr[1]$2329 ($dff) from module mkQuire (D = \acc__h5475 [32], Q = \seg_adder_vff_carry_4.arr[1]).
Adding EN signal on $memory\seg_adder_vff_carry_4.arr[0]$2327 ($dff) from module mkQuire (D = \acc__h5475 [32], Q = \seg_adder_vff_carry_4.arr[0]).
Adding EN signal on $memory\seg_adder_vff_carry_3.arr[2]$2290 ($dff) from module mkQuire (D = \acc__h4972 [32], Q = \seg_adder_vff_carry_3.arr[2]).
Adding EN signal on $memory\seg_adder_vff_carry_3.arr[1]$2288 ($dff) from module mkQuire (D = \acc__h4972 [32], Q = \seg_adder_vff_carry_3.arr[1]).
Adding EN signal on $memory\seg_adder_vff_carry_3.arr[0]$2286 ($dff) from module mkQuire (D = \acc__h4972 [32], Q = \seg_adder_vff_carry_3.arr[0]).
Adding EN signal on $memory\seg_adder_vff_carry_2.arr[2]$2249 ($dff) from module mkQuire (D = \acc__h4469 [32], Q = \seg_adder_vff_carry_2.arr[2]).
Adding EN signal on $memory\seg_adder_vff_carry_2.arr[1]$2247 ($dff) from module mkQuire (D = \acc__h4469 [32], Q = \seg_adder_vff_carry_2.arr[1]).
Adding EN signal on $memory\seg_adder_vff_carry_2.arr[0]$2245 ($dff) from module mkQuire (D = \acc__h4469 [32], Q = \seg_adder_vff_carry_2.arr[0]).
Adding EN signal on $memory\seg_adder_vff_carry_1.arr[2]$2208 ($dff) from module mkQuire (D = \acc__h3966 [32], Q = \seg_adder_vff_carry_1.arr[2]).
Adding EN signal on $memory\seg_adder_vff_carry_1.arr[1]$2206 ($dff) from module mkQuire (D = \acc__h3966 [32], Q = \seg_adder_vff_carry_1.arr[1]).
Adding EN signal on $memory\seg_adder_vff_carry_1.arr[0]$2204 ($dff) from module mkQuire (D = \acc__h3966 [32], Q = \seg_adder_vff_carry_1.arr[0]).
Adding EN signal on $memory\seg_adder_vff_carry_0.arr[2]$2167 ($dff) from module mkQuire (D = \acc__h2912 [32], Q = \seg_adder_vff_carry_0.arr[2]).
Adding EN signal on $memory\seg_adder_vff_carry_0.arr[1]$2165 ($dff) from module mkQuire (D = \acc__h2912 [32], Q = \seg_adder_vff_carry_0.arr[1]).
Adding EN signal on $memory\seg_adder_vff_carry_0.arr[0]$2163 ($dff) from module mkQuire (D = \acc__h2912 [32], Q = \seg_adder_vff_carry_0.arr[0]).
Setting constant 0-bit at position 0 on $auto$ff.cc:266:slice$1845 ($dffe) from module mkQuire.

14.20.16. Executing OPT_CLEAN pass (remove unused cells and wires).
Finding unused cells or wires in module \mkQuire..
Removed 39 unused cells and 54 unused wires.
<suppressed ~40 debug messages>

14.20.17. Executing OPT_EXPR pass (perform const folding).
Optimizing module mkQuire.
<suppressed ~1 debug messages>

14.20.18. Rerunning OPT passes. (Maybe there is more to do..)

14.20.19. Executing OPT_MUXTREE pass (detect dead branches in mux trees).
Running muxtree optimizer on module \mkQuire..
  Creating internal representation of mux trees.
  Evaluating internal representation of mux trees.
  Analyzing evaluation results.
Removed 0 multiplexer ports.
<suppressed ~107 debug messages>

14.20.20. Executing OPT_REDUCE pass (consolidate $*mux and $reduce_* inputs).
  Optimizing cells in module \mkQuire.
Performed a total of 0 changes.

14.20.21. Executing OPT_MERGE pass (detect identical cells).
Finding identical cells in module `\mkQuire'.
Removed a total of 0 cells.

14.20.22. Executing OPT_SHARE pass.

14.20.23. Executing OPT_DFF pass (perform DFF optimizations).

14.20.24. Executing OPT_CLEAN pass (remove unused cells and wires).
Finding unused cells or wires in module \mkQuire..

14.20.25. Executing OPT_EXPR pass (perform const folding).
Optimizing module mkQuire.

14.20.26. Finished OPT passes. (There is nothing left to do.)

14.21. Executing TECHMAP pass (map to technology primitives).

14.21.1. Executing Verilog-2005 frontend: /usr/bin/../share/yosys/techmap.v
Parsing Verilog input from `/usr/bin/../share/yosys/techmap.v' to AST representation.
Generating RTLIL representation for module `\_90_simplemap_bool_ops'.
Generating RTLIL representation for module `\_90_simplemap_reduce_ops'.
Generating RTLIL representation for module `\_90_simplemap_logic_ops'.
Generating RTLIL representation for module `\_90_simplemap_compare_ops'.
Generating RTLIL representation for module `\_90_simplemap_various'.
Generating RTLIL representation for module `\_90_simplemap_registers'.
Generating RTLIL representation for module `\_90_shift_ops_shr_shl_sshl_sshr'.
Generating RTLIL representation for module `\_90_shift_shiftx'.
Generating RTLIL representation for module `\_90_fa'.
Generating RTLIL representation for module `\_90_lcu'.
Generating RTLIL representation for module `\_90_alu'.
Generating RTLIL representation for module `\_90_macc'.
Generating RTLIL representation for module `\_90_alumacc'.
Generating RTLIL representation for module `\$__div_mod_u'.
Generating RTLIL representation for module `\$__div_mod_trunc'.
Generating RTLIL representation for module `\_90_div'.
Generating RTLIL representation for module `\_90_mod'.
Generating RTLIL representation for module `\$__div_mod_floor'.
Generating RTLIL representation for module `\_90_divfloor'.
Generating RTLIL representation for module `\_90_modfloor'.
Generating RTLIL representation for module `\_90_pow'.
Generating RTLIL representation for module `\_90_pmux'.
Generating RTLIL representation for module `\_90_demux'.
Generating RTLIL representation for module `\_90_lut'.
Successfully finished Verilog frontend.

14.21.2. Continuing TECHMAP pass.
Using extmapper simplemap for cells of type $mux.
Using extmapper simplemap for cells of type $sdff.
Using extmapper simplemap for cells of type $dffe.
Using extmapper simplemap for cells of type $and.
Using extmapper simplemap for cells of type $or.
Using extmapper simplemap for cells of type $not.
Using extmapper simplemap for cells of type $sdffe.
Using extmapper simplemap for cells of type $logic_not.
Using extmapper simplemap for cells of type $logic_or.
Using extmapper simplemap for cells of type $logic_and.
Using extmapper simplemap for cells of type $reduce_bool.
Using extmapper simplemap for cells of type $reduce_or.
Using template $paramod$6a42b6fefed750f8a1c58eab59479d960557103c\_90_alu for cells of type $alu.
Using template $paramod$53700bbee849b2010ad0b60a61ccd204a10e24ca\_90_alu for cells of type $alu.
Using template $paramod$d1615bf4e5e328245ffd1550e5fe105901cda77b\_90_alu for cells of type $alu.
Using extmapper simplemap for cells of type $ne.
Using extmapper simplemap for cells of type $reduce_and.
Using extmapper simplemap for cells of type $sdffce.
Using extmapper simplemap for cells of type $eq.
Using template $paramod$constmap:b98463414f98f5ff0fdb51ee79d656ceca27d70b$paramod$260ab7e05fd924aed86a93ff62597701dd35cee1\_90_shift_ops_shr_shl_sshl_sshr for cells of type $shl.
Using template $paramod$4bff87f89c86fe7fb8a2fc2d582304796a9f90ab\_90_alu for cells of type $alu.
Using template $paramod$857150d3a9b7fb38b73bbaa31ff652415e553f98\_90_alu for cells of type $alu.
Using template $paramod$8045f2881226ae434b154710c783ad25023f386c\_90_alu for cells of type $alu.
Using template $paramod$fbc7873bff55778c0b3173955b7e4bce1d9d6834\_90_alu for cells of type $alu.
Using template $paramod$175e67c02b86e96b1288b9dc100122520d7240d8\_90_alu for cells of type $alu.
Using template $paramod$constmap:161054c5d10bd81ab0f58a3aa859dd82e4646ccd$paramod$5b722ffc61a5c941c7a120355d6e746bfb870d93\_90_shift_ops_shr_shl_sshl_sshr for cells of type $shl.
Using template $paramod$constmap:161054c5d10bd81ab0f58a3aa859dd82e4646ccd$paramod$13a2d2b4477863cc5f8e03d6445d55b1a0d49302\_90_shift_ops_shr_shl_sshl_sshr for cells of type $shr.
Using template $paramod$8fabc56b80a569262acfc42757a02ca0b8e91278\_90_pmux for cells of type $pmux.
Using template $paramod$ccf850e03d245b24a3ec7bc4d75de879f619fc7b\_90_alu for cells of type $alu.
Using extmapper maccmap for cells of type $macc.
  add { \zero_counter_rg_numZeroSegs 5'00000 } (8 bits, unsigned)
  add \x__h6783 (6 bits, unsigned)
  add 9'111111111 (9 bits, unsigned)
Using template $paramod$78e969f2586efcf3a5b0b0440bcca0db83d5cca2\_90_alu for cells of type $alu.
Using template $paramod$103b4016182df467cceab67bcf3e18e6361ec0fd\_90_alu for cells of type $alu.
Using template $paramod$788c3d57e5abb3a3f89aea6d4acd665be37f4e9b\_90_alu for cells of type $alu.
Using template $paramod\_90_lcu\WIDTH=32'00000000000000000000000000000010 for cells of type $lcu.
Using extmapper simplemap for cells of type $pos.
Using extmapper simplemap for cells of type $xor.
Using template $paramod\_90_lcu\WIDTH=32'00000000000000000000000000001001 for cells of type $lcu.
Using template $paramod\_90_lcu\WIDTH=32'00000000000000000000000000100000 for cells of type $lcu.
Using template $paramod\_90_lcu\WIDTH=32'00000000000000000000000001100100 for cells of type $lcu.
Using template $paramod\_90_lcu\WIDTH=32'00000000000000000000000000100001 for cells of type $lcu.
Using template $paramod\_90_fa\WIDTH=32'00000000000000000000000000001001 for cells of type $fa.
Using template $paramod$d2fa05d38998afabc6d4f34471305d0af4b8b2df\_90_alu for cells of type $alu.
Using template $paramod\_90_lcu\WIDTH=32'00000000000000000000000000000011 for cells of type $lcu.
Using template $paramod\_90_lcu\WIDTH=32'00000000000000000000000000000111 for cells of type $lcu.
Using template $paramod\_90_lcu\WIDTH=32'00000000000000000000000000011111 for cells of type $lcu.
No more expansions possible.
<suppressed ~17891 debug messages>

14.22. Executing OPT pass (performing simple optimizations).

14.22.1. Executing OPT_EXPR pass (perform const folding).
Optimizing module mkQuire.
<suppressed ~7423 debug messages>

14.22.2. Executing OPT_MERGE pass (detect identical cells).
Finding identical cells in module `\mkQuire'.
<suppressed ~3639 debug messages>
Removed a total of 1213 cells.

14.22.3. Executing OPT_DFF pass (perform DFF optimizations).

14.22.4. Executing OPT_CLEAN pass (remove unused cells and wires).
Finding unused cells or wires in module \mkQuire..
Removed 609 unused cells and 5731 unused wires.
<suppressed ~610 debug messages>

14.22.5. Finished fast OPT passes.

14.23. Executing ABC pass (technology mapping using ABC).

14.23.1. Extracting gate netlist of module `\mkQuire' to `<abc-temp-dir>/input.blif'..
Extracted 13178 gates and 14617 wires to a netlist network with 1437 inputs and 979 outputs.

14.23.1.1. Executing ABC.
Running ABC command: "<yosys-exe-dir>/yosys-abc" -s -f <abc-temp-dir>/abc.script 2>&1
ABC: ABC command line: "source <abc-temp-dir>/abc.script".
ABC: 
ABC: + read_blif <abc-temp-dir>/input.blif 
ABC: + read_library <abc-temp-dir>/stdcells.genlib 
ABC: Entered genlib library with 13 gates from file "<abc-temp-dir>/stdcells.genlib".
ABC: + strash 
ABC: + dretime 
ABC: + map 
ABC: + write_blif <abc-temp-dir>/output.blif 

14.23.1.2. Re-integrating ABC results.
ABC RESULTS:               AND cells:      145
ABC RESULTS:               MUX cells:     4748
ABC RESULTS:               NOT cells:      983
ABC RESULTS:              NAND cells:      482
ABC RESULTS:              XNOR cells:      283
ABC RESULTS:             ORNOT cells:      199
ABC RESULTS:               XOR cells:      880
ABC RESULTS:                OR cells:     2111
ABC RESULTS:               NOR cells:      564
ABC RESULTS:            ANDNOT cells:     2036
ABC RESULTS:        internal signals:    12201
ABC RESULTS:           input signals:     1437
ABC RESULTS:          output signals:      979
Removing temp directory.

14.24. Executing OPT pass (performing simple optimizations).

14.24.1. Executing OPT_EXPR pass (perform const folding).
Optimizing module mkQuire.
<suppressed ~1269 debug messages>

14.24.2. Executing OPT_MERGE pass (detect identical cells).
Finding identical cells in module `\mkQuire'.
<suppressed ~81 debug messages>
Removed a total of 27 cells.

14.24.3. Executing OPT_DFF pass (perform DFF optimizations).

14.24.4. Executing OPT_CLEAN pass (remove unused cells and wires).
Finding unused cells or wires in module \mkQuire..
Removed 17 unused cells and 4568 unused wires.
<suppressed ~74 debug messages>

14.24.5. Finished fast OPT passes.

14.25. Executing HIERARCHY pass (managing design hierarchy).

14.25.1. Analyzing design hierarchy..
Top module:  \mkQuire

14.25.2. Analyzing design hierarchy..
Top module:  \mkQuire
Removed 0 unused modules.

14.26. Printing statistics.

=== mkQuire ===

   Number of wires:              12403
   Number of wire bits:          21320
   Number of public wires:         593
   Number of public wire bits:    9497
   Number of memories:               0
   Number of memory bits:            0
   Number of processes:              0
   Number of cells:              13627
     $_ANDNOT_                    2022
     $_AND_                        145
     $_DFFE_PP_                    845
     $_MUX_                       4748
     $_NAND_                       479
     $_NOR_                        560
     $_NOT_                        966
     $_ORNOT_                      199
     $_OR_                        2105
     $_SDFFCE_PP0P_                 38
     $_SDFFCE_PP1P_                  1
     $_SDFFE_PN0N_                  26
     $_SDFFE_PN0P_                 270
     $_SDFFE_PN1P_                  34
     $_SDFF_PN0_                    26
     $_XNOR_                       283
     $_XOR_                        880

14.27. Executing CHECK pass (checking for obvious problems).
Checking module mkQuire...
Found and reported 0 problems.

15. Executing DFFLIBMAP pass (mapping DFF cells to sequential cells from liberty file).
  cell DFF_P (noninv, pins=3, area=0.00) is a direct match for cell type $_DFF_P_.
  cell DFF_PP0 (noninv, pins=4, area=0.00) is a direct match for cell type $_DFF_PN0_.
  final dff cell mappings:
    unmapped dff cell: $_DFF_N_
    \DFF_P _DFF_P_ (.C( C), .D( D), .Q( Q));
    unmapped dff cell: $_DFF_NN0_
    unmapped dff cell: $_DFF_NN1_
    unmapped dff cell: $_DFF_NP0_
    unmapped dff cell: $_DFF_NP1_
    \DFF_PP0 _DFF_PN0_ (.C( C), .D( D), .Q( Q), .R( R));
    unmapped dff cell: $_DFF_PN1_
    unmapped dff cell: $_DFF_PP0_
    unmapped dff cell: $_DFF_PP1_
    unmapped dff cell: $_DFFSR_NNN_
    unmapped dff cell: $_DFFSR_NNP_
    unmapped dff cell: $_DFFSR_NPN_
    unmapped dff cell: $_DFFSR_NPP_
    unmapped dff cell: $_DFFSR_PNN_
    unmapped dff cell: $_DFFSR_PNP_
    unmapped dff cell: $_DFFSR_PPN_
    unmapped dff cell: $_DFFSR_PPP_

15.1. Executing DFFLEGALIZE pass (convert FFs to types supported by the target).
Mapping DFF cells in module `\mkQuire':
  mapped 1240 $_DFF_P_ cells to \DFF_P cells.

16. Executing ABC pass (technology mapping using ABC).

16.1. Extracting gate netlist of module `\mkQuire' to `<abc-temp-dir>/input.blif'..
Extracted 13996 gates and 15476 wires to a netlist network with 1478 inputs and 1243 outputs.

16.1.1. Executing ABC.
Running ABC command: "<yosys-exe-dir>/yosys-abc" -s -f <abc-temp-dir>/abc.script 2>&1
ABC: ABC command line: "source <abc-temp-dir>/abc.script".
ABC: 
ABC: + read_blif <abc-temp-dir>/input.blif 
ABC: + read_lib -w /teamspace/studios/this_studio/Melodica-Integration-into-Fife-Core/generic45nm_fixed.lib 
ABC: Parsing finished successfully.  Parsing time =     0.00 sec
ABC: Scl_LibertyReadGenlib() skipped sequential cell "DFF_P".
ABC: Scl_LibertyReadGenlib() skipped sequential cell "DFF_PP0".
ABC: Scl_LibertyReadGenlib() skipped sequential cell "DFFE_PP".
ABC: Library "generic45nm" from "/teamspace/studios/this_studio/Melodica-Integration-into-Fife-Core/generic45nm_fixed.lib" has 11 cells (3 skipped: 3 seq; 0 tri-state; 0 no func; 0 dont_use).  Time =     0.00 sec
ABC: Memory =    0.04 MB. Time =     0.00 sec
ABC: + read_lib /teamspace/studios/this_studio/Melodica-Integration-into-Fife-Core/generic45nm_fixed.lib 
ABC: Library "generic45nm" from "/teamspace/studios/this_studio/Melodica-Integration-into-Fife-Core/generic45nm_fixed.lib" has 11 cells (3 skipped: 3 seq; 0 tri-state; 0 no func; 0 dont_use).  Time =     0.00 sec
ABC: + strash 
ABC: + dch 
ABC: + map 
ABC: + topo 
ABC: + buffer 
ABC: + upsize 
ABC: + dnsize 
ABC: + stime -p 
ABC: WireLoad = "none"  Gates =  13441 (  9.4 %)   Cap =  0.0 ff (  0.0 %)   Area =    13441.00 (100.0 %)   Delay =   682.00 ps  (  1.0 %)               
ABC: Path  0 --     333 : 0    3 pi     A =   0.00  Df =   0.0   -0.0 ps  S =   0.0 ps  Cin =  0.0 ff  Cout =   0.0 ff  Cmax =   0.0 ff  G =    0  
ABC: Path  1 --   10987 : 2    1 ORNOT2 A =   1.00  Df =  19.0   -2.0 ps  S =   5.0 ps  Cin =  0.0 ff  Cout =   0.0 ff  Cmax =   0.0 ff  G =-2147483648  
ABC: Path  2 --   10989 : 2    1 NAND2  A =   1.00  Df =  36.0   -3.0 ps  S =   5.0 ps  Cin =  0.0 ff  Cout =   0.0 ff  Cmax =   0.0 ff  G =-2147483648  
ABC: Path  3 --   10991 : 2    1 NAND2  A =   1.00  Df =  53.0   -3.0 ps  S =   5.0 ps  Cin =  0.0 ff  Cout =   0.0 ff  Cmax =   0.0 ff  G =-2147483648  
ABC: Path  4 --   10993 : 2    1 NAND2  A =   1.00  Df =  70.0   -3.0 ps  S =   5.0 ps  Cin =  0.0 ff  Cout =   0.0 ff  Cmax =   0.0 ff  G =-2147483648  
ABC: Path  5 --   10995 : 2    1 NAND2  A =   1.00  Df =  87.0   -3.0 ps  S =   5.0 ps  Cin =  0.0 ff  Cout =   0.0 ff  Cmax =   0.0 ff  G =-2147483648  
ABC: Path  6 --   10997 : 2    1 NAND2  A =   1.00  Df = 104.0   -3.0 ps  S =   5.0 ps  Cin =  0.0 ff  Cout =   0.0 ff  Cmax =   0.0 ff  G =-2147483648  
ABC: Path  7 --   10999 : 2    1 NAND2  A =   1.00  Df = 121.0   -3.0 ps  S =   5.0 ps  Cin =  0.0 ff  Cout =   0.0 ff  Cmax =   0.0 ff  G =-2147483648  
ABC: Path  8 --   11001 : 2    1 NAND2  A =   1.00  Df = 138.0   -3.0 ps  S =   5.0 ps  Cin =  0.0 ff  Cout =   0.0 ff  Cmax =   0.0 ff  G =-2147483648  
ABC: Path  9 --   11003 : 2    1 NAND2  A =   1.00  Df = 155.0   -3.0 ps  S =   5.0 ps  Cin =  0.0 ff  Cout =   0.0 ff  Cmax =   0.0 ff  G =-2147483648  
ABC: Path 10 --   11005 : 2    1 NAND2  A =   1.00  Df = 172.0   -3.0 ps  S =   5.0 ps  Cin =  0.0 ff  Cout =   0.0 ff  Cmax =   0.0 ff  G =-2147483648  
ABC: Path 11 --   11007 : 2    1 NAND2  A =   1.00  Df = 189.0   -3.0 ps  S =   5.0 ps  Cin =  0.0 ff  Cout =   0.0 ff  Cmax =   0.0 ff  G =-2147483648  
ABC: Path 12 --   11009 : 2    1 NAND2  A =   1.00  Df = 206.0   -3.0 ps  S =   5.0 ps  Cin =  0.0 ff  Cout =   0.0 ff  Cmax =   0.0 ff  G =-2147483648  
ABC: Path 13 --   11011 : 2    1 NAND2  A =   1.00  Df = 223.0   -3.0 ps  S =   5.0 ps  Cin =  0.0 ff  Cout =   0.0 ff  Cmax =   0.0 ff  G =-2147483648  
ABC: Path 14 --   11013 : 2    1 NAND2  A =   1.00  Df = 240.0   -3.0 ps  S =   5.0 ps  Cin =  0.0 ff  Cout =   0.0 ff  Cmax =   0.0 ff  G =-2147483648  
ABC: Path 15 --   11015 : 2    1 NAND2  A =   1.00  Df = 257.0   -3.0 ps  S =   5.0 ps  Cin =  0.0 ff  Cout =   0.0 ff  Cmax =   0.0 ff  G =-2147483648  
ABC: Path 16 --   11017 : 2    1 NAND2  A =   1.00  Df = 274.0   -3.0 ps  S =   5.0 ps  Cin =  0.0 ff  Cout =   0.0 ff  Cmax =   0.0 ff  G =-2147483648  
ABC: Path 17 --   11019 : 2    1 NAND2  A =   1.00  Df = 291.0   -3.0 ps  S =   5.0 ps  Cin =  0.0 ff  Cout =   0.0 ff  Cmax =   0.0 ff  G =-2147483648  
ABC: Path 18 --   11021 : 2    1 NAND2  A =   1.00  Df = 308.0   -3.0 ps  S =   5.0 ps  Cin =  0.0 ff  Cout =   0.0 ff  Cmax =   0.0 ff  G =-2147483648  
ABC: Path 19 --   11023 : 2    1 NAND2  A =   1.00  Df = 325.0   -3.0 ps  S =   5.0 ps  Cin =  0.0 ff  Cout =   0.0 ff  Cmax =   0.0 ff  G =-2147483648  
ABC: Path 20 --   11025 : 2    1 NAND2  A =   1.00  Df = 342.0   -3.0 ps  S =   5.0 ps  Cin =  0.0 ff  Cout =   0.0 ff  Cmax =   0.0 ff  G =-2147483648  
ABC: Path 21 --   11027 : 2    1 NAND2  A =   1.00  Df = 359.0   -3.0 ps  S =   5.0 ps  Cin =  0.0 ff  Cout =   0.0 ff  Cmax =   0.0 ff  G =-2147483648  
ABC: Path 22 --   11029 : 2    1 NAND2  A =   1.00  Df = 376.0   -3.0 ps  S =   5.0 ps  Cin =  0.0 ff  Cout =   0.0 ff  Cmax =   0.0 ff  G =-2147483648  
ABC: Path 23 --   11031 : 2    1 NAND2  A =   1.00  Df = 393.0   -3.0 ps  S =   5.0 ps  Cin =  0.0 ff  Cout =   0.0 ff  Cmax =   0.0 ff  G =-2147483648  
ABC: Path 24 --   11033 : 2    1 NAND2  A =   1.00  Df = 410.0   -3.0 ps  S =   5.0 ps  Cin =  0.0 ff  Cout =   0.0 ff  Cmax =   0.0 ff  G =-2147483648  
ABC: Path 25 --   11035 : 2    1 NAND2  A =   1.00  Df = 427.0   -3.0 ps  S =   5.0 ps  Cin =  0.0 ff  Cout =   0.0 ff  Cmax =   0.0 ff  G =-2147483648  
ABC: Path 26 --   11037 : 2    1 NAND2  A =   1.00  Df = 444.0   -3.0 ps  S =   5.0 ps  Cin =  0.0 ff  Cout =   0.0 ff  Cmax =   0.0 ff  G =-2147483648  
ABC: Path 27 --   11039 : 2    1 NAND2  A =   1.00  Df = 461.0   -3.0 ps  S =   5.0 ps  Cin =  0.0 ff  Cout =   0.0 ff  Cmax =   0.0 ff  G =-2147483648  
ABC: Path 28 --   11041 : 2    1 NAND2  A =   1.00  Df = 478.0   -3.0 ps  S =   5.0 ps  Cin =  0.0 ff  Cout =   0.0 ff  Cmax =   0.0 ff  G =-2147483648  
ABC: Path 29 --   11043 : 2    1 NAND2  A =   1.00  Df = 495.0   -3.0 ps  S =   5.0 ps  Cin =  0.0 ff  Cout =   0.0 ff  Cmax =   0.0 ff  G =-2147483648  
ABC: Path 30 --   11045 : 2    1 NAND2  A =   1.00  Df = 512.0   -3.0 ps  S =   5.0 ps  Cin =  0.0 ff  Cout =   0.0 ff  Cmax =   0.0 ff  G =-2147483648  
ABC: Path 31 --   11047 : 2    4 NAND2  A =   1.00  Df = 529.0   -3.0 ps  S =   5.0 ps  Cin =  0.0 ff  Cout =   0.0 ff  Cmax =   0.0 ff  G =-2147483648  
ABC: Path 32 --   11103 : 2    2 NAND2  A =   1.00  Df = 546.0   -3.0 ps  S =   5.0 ps  Cin =  0.0 ff  Cout =   0.0 ff  Cmax =   0.0 ff  G =-2147483648  
ABC: Path 33 --   11140 : 2    4 AND2   A =   1.00  Df = 564.0   -2.0 ps  S =   5.0 ps  Cin =  0.0 ff  Cout =   0.0 ff  Cmax =   0.0 ff  G =-2147483648  
ABC: Path 34 --   11160 : 2    1 NAND2  A =   1.00  Df = 581.0   -3.0 ps  S =   5.0 ps  Cin =  0.0 ff  Cout =   0.0 ff  Cmax =   0.0 ff  G =-2147483648  
ABC: Path 35 --   11161 : 2    2 NAND2  A =   1.00  Df = 598.0   -3.0 ps  S =   5.0 ps  Cin =  0.0 ff  Cout =   0.0 ff  Cmax =   0.0 ff  G =-2147483648  
ABC: Path 36 --   11166 : 2    1 NAND2  A =   1.00  Df = 615.0   -3.0 ps  S =   5.0 ps  Cin =  0.0 ff  Cout =   0.0 ff  Cmax =   0.0 ff  G =-2147483648  
ABC: Path 37 --   11169 : 2    1 NAND2  A =   1.00  Df = 632.0   -3.0 ps  S =   5.0 ps  Cin =  0.0 ff  Cout =   0.0 ff  Cmax =   0.0 ff  G =-2147483648  
ABC: Path 38 --   11170 : 2    1 XOR2   A =   1.00  Df = 660.0   -0.0 ps  S =   6.0 ps  Cin =  0.0 ff  Cout =   0.0 ff  Cmax =   0.0 ff  G =-2147483648  
ABC: Path 39 --   11171 : 3    1 MUX2   A =   1.00  Df = 682.0   -0.0 ps  S =   6.0 ps  Cin =  0.0 ff  Cout =   0.0 ff  Cmax =   0.0 ff  G =-2147483648  
ABC: Start-point = pi332 (\zero_counter_rg_firstNonZeroSeg [1]).  End-point = po289 ($auto$rtlil.cc:2609:MuxGate$51701).
ABC: + print_stats -t 
ABC: netlist                       : i/o = 1478/ 1243  lat =    0  nd = 13441  edge =  30018  area =13441.00  delay =586.00  lev = 39
ABC: elapse: 3.19 seconds, total: 3.19 seconds
ABC: + write_blif <abc-temp-dir>/output.blif 

16.1.2. Re-integrating ABC results.
ABC RESULTS:             XNOR2 cells:      431
ABC RESULTS:              AND2 cells:      407
ABC RESULTS:            ORNOT2 cells:      251
ABC RESULTS:              XOR2 cells:      715
ABC RESULTS:               OR2 cells:      341
ABC RESULTS:              NOT1 cells:      844
ABC RESULTS:              NOR2 cells:     1075
ABC RESULTS:           ANDNOT2 cells:     1530
ABC RESULTS:             NAND2 cells:     3033
ABC RESULTS:              BUF1 cells:      417
ABC RESULTS:              MUX2 cells:     4397
ABC RESULTS:        internal signals:    12755
ABC RESULTS:           input signals:     1478
ABC RESULTS:          output signals:     1243
Removing temp directory.

17. Printing statistics.

=== mkQuire ===

   Number of wires:              28931
   Number of wire bits:          37848
   Number of public wires:         593
   Number of public wire bits:    9497
   Number of memories:               0
   Number of memory bits:            0
   Number of processes:              0
   Number of cells:              14681
     AND2                          407
     ANDNOT2                      1530
     BUF1                          417
     DFF_P                        1240
     MUX2                         4397
     NAND2                        3033
     NOR2                         1075
     NOT1                          844
     OR2                           341
     ORNOT2                        251
     XNOR2                         431
     XOR2                          715

Warnings: 2 unique messages, 2 total
End of script. Logfile hash: 2dfa18c019, CPU: user 10.99s system 0.18s, MEM: 161.25 MB peak
Yosys 0.33 (git sha1 2584903a060)
Time spent: 31% 2x abc (4 sec), 20% 41x opt_expr (3 sec), ...
