
 /----------------------------------------------------------------------------\
 |                                                                            |
 |  yosys -- Yosys Open SYnthesis Suite                                       |
 |                                                                            |
 |  Copyright (C) 2012 - 2020  Claire Xenia Wolf <claire@yosyshq.com>         |
 |                                                                            |
 |  Permission to use, copy, modify, and/or distribute this software for any  |
 |  purpose with or without fee is hereby granted, provided that the above    |
 |  copyright notice and this permission notice appear in all copies.         |
 |                                                                            |
 |  THE SOFTWARE IS PROVIDED "AS IS" AND THE AUTHOR DISCLAIMS ALL WARRANTIES  |
 |  WITH REGARD TO THIS SOFTWARE INCLUDING ALL IMPLIED WARRANTIES OF          |
 |  MERCHANTABILITY AND FITNESS. IN NO EVENT SHALL THE AUTHOR BE LIABLE FOR   |
 |  ANY SPECIAL, DIRECT, INDIRECT, OR CONSEQUENTIAL DAMAGES OR ANY DAMAGES    |
 |  WHATSOEVER RESULTING FROM LOSS OF USE, DATA OR PROFITS, WHETHER IN AN     |
 |  ACTION OF CONTRACT, NEGLIGENCE OR OTHER TORTIOUS ACTION, ARISING OUT OF   |
 |  OR IN CONNECTION WITH THE USE OR PERFORMANCE OF THIS SOFTWARE.            |
 |                                                                            |
 \----------------------------------------------------------------------------/

 Yosys 0.33 (git sha1 2584903a060)


-- Executing script file `/teamspace/studios/this_studio/Melodica-Integration-into-Fife-Core/synth_script_mkQuire_es4_bposit.ys' --

1. Executing Verilog-2005 frontend: /teamspace/studios/this_studio/Melodica-Integration-into-Fife-Core/bsc/lib/Verilog/FIFO1.v
Parsing Verilog input from `/teamspace/studios/this_studio/Melodica-Integration-into-Fife-Core/bsc/lib/Verilog/FIFO1.v' to AST representation.
Warning: Encountered `translate_off' comment! Such legacy hot comments are supported by Yosys, but are not part of any formal language specification. Using a portable and standards-compliant construct such as `ifdef is recommended!
Generating RTLIL representation for module `\FIFO1'.
Successfully finished Verilog frontend.

2. Executing Verilog-2005 frontend: /teamspace/studios/this_studio/Melodica-Integration-into-Fife-Core/bsc/lib/Verilog/FIFO2.v
Parsing Verilog input from `/teamspace/studios/this_studio/Melodica-Integration-into-Fife-Core/bsc/lib/Verilog/FIFO2.v' to AST representation.
Generating RTLIL representation for module `\FIFO2'.
Successfully finished Verilog frontend.

3. Executing Verilog-2005 frontend: /teamspace/studios/this_studio/Melodica-Integration-into-Fife-Core/bsc/lib/Verilog/SizedFIFO.v
Parsing Verilog input from `/teamspace/studios/this_studio/Melodica-Integration-into-Fife-Core/bsc/lib/Verilog/SizedFIFO.v' to AST representation.
Generating RTLIL representation for module `\SizedFIFO'.
Successfully finished Verilog frontend.

4. Executing Verilog-2005 frontend: /teamspace/studios/this_studio/Melodica-Integration-into-Fife-Core/bsc/lib/Verilog/RegFile.v
Parsing Verilog input from `/teamspace/studios/this_studio/Melodica-Integration-into-Fife-Core/bsc/lib/Verilog/RegFile.v' to AST representation.
Generating RTLIL representation for module `\RegFile'.
Successfully finished Verilog frontend.

5. Executing Verilog-2005 frontend: /teamspace/studios/this_studio/Melodica-Integration-into-Fife-Core/Learn_Bluespec_and_RISCV_Design/Code/Build/Fife/verilog/module_fn_twosC_quire.v
Parsing Verilog input from `/teamspace/studios/this_studio/Melodica-Integration-into-Fife-Core/Learn_Bluespec_and_RISCV_Design/Code/Build/Fife/verilog/module_fn_twosC_quire.v' to AST representation.
Generating RTLIL representation for module `\module_fn_twosC_quire'.
Successfully finished Verilog frontend.

6. Executing Verilog-2005 frontend: /teamspace/studios/this_studio/Melodica-Integration-into-Fife-Core/Learn_Bluespec_and_RISCV_Design/Code/Build/Fife/verilog/mkQuire.v
Parsing Verilog input from `/teamspace/studios/this_studio/Melodica-Integration-into-Fife-Core/Learn_Bluespec_and_RISCV_Design/Code/Build/Fife/verilog/mkQuire.v' to AST representation.
Warning: Encountered `parallel_case' comment! Such legacy hot comments are supported by Yosys, but are not part of any formal language specification. Using the Verilog `parallel_case' attribute or the SystemVerilog `unique' or `priority' keywords is recommended!
Generating RTLIL representation for module `\mkQuire'.
Note: Assuming pure combinatorial block at /teamspace/studios/this_studio/Melodica-Integration-into-Fife-Core/Learn_Bluespec_and_RISCV_Design/Code/Build/Fife/verilog/mkQuire.v:1348.3-1362.6 in
compliance with IEC 62142(E):2005 / IEEE Std. 1364.1(E):2002. Recommending
use of @* instead of @(...) for better match of synthesis and simulation.
Note: Assuming pure combinatorial block at /teamspace/studios/this_studio/Melodica-Integration-into-Fife-Core/Learn_Bluespec_and_RISCV_Design/Code/Build/Fife/verilog/mkQuire.v:1371.3-1386.6 in
compliance with IEC 62142(E):2005 / IEEE Std. 1364.1(E):2002. Recommending
use of @* instead of @(...) for better match of synthesis and simulation.
Note: Assuming pure combinatorial block at /teamspace/studios/this_studio/Melodica-Integration-into-Fife-Core/Learn_Bluespec_and_RISCV_Design/Code/Build/Fife/verilog/mkQuire.v:1395.3-1411.6 in
compliance with IEC 62142(E):2005 / IEEE Std. 1364.1(E):2002. Recommending
use of @* instead of @(...) for better match of synthesis and simulation.
Note: Assuming pure combinatorial block at /teamspace/studios/this_studio/Melodica-Integration-into-Fife-Core/Learn_Bluespec_and_RISCV_Design/Code/Build/Fife/verilog/mkQuire.v:1420.3-1436.6 in
compliance with IEC 62142(E):2005 / IEEE Std. 1364.1(E):2002. Recommending
use of @* instead of @(...) for better match of synthesis and simulation.
Note: Assuming pure combinatorial block at /teamspace/studios/this_studio/Melodica-Integration-into-Fife-Core/Learn_Bluespec_and_RISCV_Design/Code/Build/Fife/verilog/mkQuire.v:1445.3-1461.6 in
compliance with IEC 62142(E):2005 / IEEE Std. 1364.1(E):2002. Recommending
use of @* instead of @(...) for better match of synthesis and simulation.
Note: Assuming pure combinatorial block at /teamspace/studios/this_studio/Melodica-Integration-into-Fife-Core/Learn_Bluespec_and_RISCV_Design/Code/Build/Fife/verilog/mkQuire.v:1470.3-1486.6 in
compliance with IEC 62142(E):2005 / IEEE Std. 1364.1(E):2002. Recommending
use of @* instead of @(...) for better match of synthesis and simulation.
Note: Assuming pure combinatorial block at /teamspace/studios/this_studio/Melodica-Integration-into-Fife-Core/Learn_Bluespec_and_RISCV_Design/Code/Build/Fife/verilog/mkQuire.v:1495.3-1511.6 in
compliance with IEC 62142(E):2005 / IEEE Std. 1364.1(E):2002. Recommending
use of @* instead of @(...) for better match of synthesis and simulation.
Note: Assuming pure combinatorial block at /teamspace/studios/this_studio/Melodica-Integration-into-Fife-Core/Learn_Bluespec_and_RISCV_Design/Code/Build/Fife/verilog/mkQuire.v:1520.3-1536.6 in
compliance with IEC 62142(E):2005 / IEEE Std. 1364.1(E):2002. Recommending
use of @* instead of @(...) for better match of synthesis and simulation.
Note: Assuming pure combinatorial block at /teamspace/studios/this_studio/Melodica-Integration-into-Fife-Core/Learn_Bluespec_and_RISCV_Design/Code/Build/Fife/verilog/mkQuire.v:1545.3-1561.6 in
compliance with IEC 62142(E):2005 / IEEE Std. 1364.1(E):2002. Recommending
use of @* instead of @(...) for better match of synthesis and simulation.
Note: Assuming pure combinatorial block at /teamspace/studios/this_studio/Melodica-Integration-into-Fife-Core/Learn_Bluespec_and_RISCV_Design/Code/Build/Fife/verilog/mkQuire.v:1570.3-1586.6 in
compliance with IEC 62142(E):2005 / IEEE Std. 1364.1(E):2002. Recommending
use of @* instead of @(...) for better match of synthesis and simulation.
Note: Assuming pure combinatorial block at /teamspace/studios/this_studio/Melodica-Integration-into-Fife-Core/Learn_Bluespec_and_RISCV_Design/Code/Build/Fife/verilog/mkQuire.v:1595.3-1611.6 in
compliance with IEC 62142(E):2005 / IEEE Std. 1364.1(E):2002. Recommending
use of @* instead of @(...) for better match of synthesis and simulation.
Note: Assuming pure combinatorial block at /teamspace/studios/this_studio/Melodica-Integration-into-Fife-Core/Learn_Bluespec_and_RISCV_Design/Code/Build/Fife/verilog/mkQuire.v:1620.3-1636.6 in
compliance with IEC 62142(E):2005 / IEEE Std. 1364.1(E):2002. Recommending
use of @* instead of @(...) for better match of synthesis and simulation.
Note: Assuming pure combinatorial block at /teamspace/studios/this_studio/Melodica-Integration-into-Fife-Core/Learn_Bluespec_and_RISCV_Design/Code/Build/Fife/verilog/mkQuire.v:1645.3-1661.6 in
compliance with IEC 62142(E):2005 / IEEE Std. 1364.1(E):2002. Recommending
use of @* instead of @(...) for better match of synthesis and simulation.
Note: Assuming pure combinatorial block at /teamspace/studios/this_studio/Melodica-Integration-into-Fife-Core/Learn_Bluespec_and_RISCV_Design/Code/Build/Fife/verilog/mkQuire.v:1670.3-1686.10 in
compliance with IEC 62142(E):2005 / IEEE Std. 1364.1(E):2002. Recommending
use of @* instead of @(...) for better match of synthesis and simulation.
Note: Assuming pure combinatorial block at /teamspace/studios/this_studio/Melodica-Integration-into-Fife-Core/Learn_Bluespec_and_RISCV_Design/Code/Build/Fife/verilog/mkQuire.v:1696.3-1712.10 in
compliance with IEC 62142(E):2005 / IEEE Std. 1364.1(E):2002. Recommending
use of @* instead of @(...) for better match of synthesis and simulation.
Note: Assuming pure combinatorial block at /teamspace/studios/this_studio/Melodica-Integration-into-Fife-Core/Learn_Bluespec_and_RISCV_Design/Code/Build/Fife/verilog/mkQuire.v:1722.3-1738.10 in
compliance with IEC 62142(E):2005 / IEEE Std. 1364.1(E):2002. Recommending
use of @* instead of @(...) for better match of synthesis and simulation.
Note: Assuming pure combinatorial block at /teamspace/studios/this_studio/Melodica-Integration-into-Fife-Core/Learn_Bluespec_and_RISCV_Design/Code/Build/Fife/verilog/mkQuire.v:1748.3-1764.10 in
compliance with IEC 62142(E):2005 / IEEE Std. 1364.1(E):2002. Recommending
use of @* instead of @(...) for better match of synthesis and simulation.
Note: Assuming pure combinatorial block at /teamspace/studios/this_studio/Melodica-Integration-into-Fife-Core/Learn_Bluespec_and_RISCV_Design/Code/Build/Fife/verilog/mkQuire.v:1774.3-1787.10 in
compliance with IEC 62142(E):2005 / IEEE Std. 1364.1(E):2002. Recommending
use of @* instead of @(...) for better match of synthesis and simulation.
Note: Assuming pure combinatorial block at /teamspace/studios/this_studio/Melodica-Integration-into-Fife-Core/Learn_Bluespec_and_RISCV_Design/Code/Build/Fife/verilog/mkQuire.v:1797.3-1813.10 in
compliance with IEC 62142(E):2005 / IEEE Std. 1364.1(E):2002. Recommending
use of @* instead of @(...) for better match of synthesis and simulation.
Note: Assuming pure combinatorial block at /teamspace/studios/this_studio/Melodica-Integration-into-Fife-Core/Learn_Bluespec_and_RISCV_Design/Code/Build/Fife/verilog/mkQuire.v:1823.3-1839.10 in
compliance with IEC 62142(E):2005 / IEEE Std. 1364.1(E):2002. Recommending
use of @* instead of @(...) for better match of synthesis and simulation.
Note: Assuming pure combinatorial block at /teamspace/studios/this_studio/Melodica-Integration-into-Fife-Core/Learn_Bluespec_and_RISCV_Design/Code/Build/Fife/verilog/mkQuire.v:1849.3-1865.10 in
compliance with IEC 62142(E):2005 / IEEE Std. 1364.1(E):2002. Recommending
use of @* instead of @(...) for better match of synthesis and simulation.
Note: Assuming pure combinatorial block at /teamspace/studios/this_studio/Melodica-Integration-into-Fife-Core/Learn_Bluespec_and_RISCV_Design/Code/Build/Fife/verilog/mkQuire.v:1875.3-1891.10 in
compliance with IEC 62142(E):2005 / IEEE Std. 1364.1(E):2002. Recommending
use of @* instead of @(...) for better match of synthesis and simulation.
Note: Assuming pure combinatorial block at /teamspace/studios/this_studio/Melodica-Integration-into-Fife-Core/Learn_Bluespec_and_RISCV_Design/Code/Build/Fife/verilog/mkQuire.v:1901.3-1917.10 in
compliance with IEC 62142(E):2005 / IEEE Std. 1364.1(E):2002. Recommending
use of @* instead of @(...) for better match of synthesis and simulation.
Note: Assuming pure combinatorial block at /teamspace/studios/this_studio/Melodica-Integration-into-Fife-Core/Learn_Bluespec_and_RISCV_Design/Code/Build/Fife/verilog/mkQuire.v:1927.3-1943.10 in
compliance with IEC 62142(E):2005 / IEEE Std. 1364.1(E):2002. Recommending
use of @* instead of @(...) for better match of synthesis and simulation.
Note: Assuming pure combinatorial block at /teamspace/studios/this_studio/Melodica-Integration-into-Fife-Core/Learn_Bluespec_and_RISCV_Design/Code/Build/Fife/verilog/mkQuire.v:1953.3-1969.10 in
compliance with IEC 62142(E):2005 / IEEE Std. 1364.1(E):2002. Recommending
use of @* instead of @(...) for better match of synthesis and simulation.
Note: Assuming pure combinatorial block at /teamspace/studios/this_studio/Melodica-Integration-into-Fife-Core/Learn_Bluespec_and_RISCV_Design/Code/Build/Fife/verilog/mkQuire.v:1979.3-1995.10 in
compliance with IEC 62142(E):2005 / IEEE Std. 1364.1(E):2002. Recommending
use of @* instead of @(...) for better match of synthesis and simulation.
Successfully finished Verilog frontend.

7. Executing Verilog-2005 frontend: /teamspace/studios/this_studio/Melodica-Integration-into-Fife-Core/Learn_Bluespec_and_RISCV_Design/Code/Build/Fife/verilog/mkMultiplier.v
Parsing Verilog input from `/teamspace/studios/this_studio/Melodica-Integration-into-Fife-Core/Learn_Bluespec_and_RISCV_Design/Code/Build/Fife/verilog/mkMultiplier.v' to AST representation.
Generating RTLIL representation for module `\mkMultiplier'.
Successfully finished Verilog frontend.

8. Executing Verilog-2005 frontend: /teamspace/studios/this_studio/Melodica-Integration-into-Fife-Core/Learn_Bluespec_and_RISCV_Design/Code/Build/Fife/verilog/mkNormalizer.v
Parsing Verilog input from `/teamspace/studios/this_studio/Melodica-Integration-into-Fife-Core/Learn_Bluespec_and_RISCV_Design/Code/Build/Fife/verilog/mkNormalizer.v' to AST representation.
Generating RTLIL representation for module `\mkNormalizer'.
Note: Assuming pure combinatorial block at /teamspace/studios/this_studio/Melodica-Integration-into-Fife-Core/Learn_Bluespec_and_RISCV_Design/Code/Build/Fife/verilog/mkNormalizer.v:157.3-170.6 in
compliance with IEC 62142(E):2005 / IEEE Std. 1364.1(E):2002. Recommending
use of @* instead of @(...) for better match of synthesis and simulation.
Note: Assuming pure combinatorial block at /teamspace/studios/this_studio/Melodica-Integration-into-Fife-Core/Learn_Bluespec_and_RISCV_Design/Code/Build/Fife/verilog/mkNormalizer.v:171.3-192.6 in
compliance with IEC 62142(E):2005 / IEEE Std. 1364.1(E):2002. Recommending
use of @* instead of @(...) for better match of synthesis and simulation.
Note: Assuming pure combinatorial block at /teamspace/studios/this_studio/Melodica-Integration-into-Fife-Core/Learn_Bluespec_and_RISCV_Design/Code/Build/Fife/verilog/mkNormalizer.v:193.3-200.6 in
compliance with IEC 62142(E):2005 / IEEE Std. 1364.1(E):2002. Recommending
use of @* instead of @(...) for better match of synthesis and simulation.
Successfully finished Verilog frontend.

9. Executing Verilog-2005 frontend: /teamspace/studios/this_studio/Melodica-Integration-into-Fife-Core/Learn_Bluespec_and_RISCV_Design/Code/Build/Fife/verilog/mkExtracter.v
Parsing Verilog input from `/teamspace/studios/this_studio/Melodica-Integration-into-Fife-Core/Learn_Bluespec_and_RISCV_Design/Code/Build/Fife/verilog/mkExtracter.v' to AST representation.
Generating RTLIL representation for module `\mkExtracter'.
Successfully finished Verilog frontend.

10. Executing Verilog-2005 frontend: /teamspace/studios/this_studio/Melodica-Integration-into-Fife-Core/Learn_Bluespec_and_RISCV_Design/Code/Build/Fife/verilog/mkFtoP_PNE.v
Parsing Verilog input from `/teamspace/studios/this_studio/Melodica-Integration-into-Fife-Core/Learn_Bluespec_and_RISCV_Design/Code/Build/Fife/verilog/mkFtoP_PNE.v' to AST representation.
Generating RTLIL representation for module `\mkFtoP_PNE'.
Successfully finished Verilog frontend.

11. Executing Verilog-2005 frontend: /teamspace/studios/this_studio/Melodica-Integration-into-Fife-Core/Learn_Bluespec_and_RISCV_Design/Code/Build/Fife/verilog/mkPtoF_PNE.v
Parsing Verilog input from `/teamspace/studios/this_studio/Melodica-Integration-into-Fife-Core/Learn_Bluespec_and_RISCV_Design/Code/Build/Fife/verilog/mkPtoF_PNE.v' to AST representation.
Generating RTLIL representation for module `\mkPtoF_PNE'.
Note: Assuming pure combinatorial block at /teamspace/studios/this_studio/Melodica-Integration-into-Fife-Core/Learn_Bluespec_and_RISCV_Design/Code/Build/Fife/verilog/mkPtoF_PNE.v:212.3-219.6 in
compliance with IEC 62142(E):2005 / IEEE Std. 1364.1(E):2002. Recommending
use of @* instead of @(...) for better match of synthesis and simulation.
Note: Assuming pure combinatorial block at /teamspace/studios/this_studio/Melodica-Integration-into-Fife-Core/Learn_Bluespec_and_RISCV_Design/Code/Build/Fife/verilog/mkPtoF_PNE.v:220.3-227.6 in
compliance with IEC 62142(E):2005 / IEEE Std. 1364.1(E):2002. Recommending
use of @* instead of @(...) for better match of synthesis and simulation.
Successfully finished Verilog frontend.

12. Executing Verilog-2005 frontend: /teamspace/studios/this_studio/Melodica-Integration-into-Fife-Core/Learn_Bluespec_and_RISCV_Design/Code/Build/Fife/verilog/mkPositCore.v
Parsing Verilog input from `/teamspace/studios/this_studio/Melodica-Integration-into-Fife-Core/Learn_Bluespec_and_RISCV_Design/Code/Build/Fife/verilog/mkPositCore.v' to AST representation.
Generating RTLIL representation for module `\mkPositCore'.
Successfully finished Verilog frontend.

13. Executing HIERARCHY pass (managing design hierarchy).

13.1. Analyzing design hierarchy..
Top module:  \mkQuire
Used module:     \module_fn_twosC_quire
Used module:     \SizedFIFO
Used module:     \FIFO1
Parameter \p1width = 32
Parameter \p2depth = 4
Parameter \p3cntr_width = 2
Parameter \guarded = 1'1

13.2. Executing AST frontend in derive mode using pre-parsed AST for module `\SizedFIFO'.
Parameter \p1width = 32
Parameter \p2depth = 4
Parameter \p3cntr_width = 2
Parameter \guarded = 1'1
Generating RTLIL representation for module `$paramod$a0c6df3c1489bcd5c1c6c2071c80faf091665997\SizedFIFO'.
Parameter \p1width = 32
Parameter \p2depth = 4
Parameter \p3cntr_width = 2
Parameter \guarded = 1'1
Found cached RTLIL representation for module `$paramod$a0c6df3c1489bcd5c1c6c2071c80faf091665997\SizedFIFO'.
Parameter \p1width = 32
Parameter \p2depth = 4
Parameter \p3cntr_width = 2
Parameter \guarded = 1'1
Found cached RTLIL representation for module `$paramod$a0c6df3c1489bcd5c1c6c2071c80faf091665997\SizedFIFO'.
Parameter \p1width = 32
Parameter \p2depth = 4
Parameter \p3cntr_width = 2
Parameter \guarded = 1'1
Found cached RTLIL representation for module `$paramod$a0c6df3c1489bcd5c1c6c2071c80faf091665997\SizedFIFO'.
Parameter \p1width = 32
Parameter \p2depth = 4
Parameter \p3cntr_width = 2
Parameter \guarded = 1'1
Found cached RTLIL representation for module `$paramod$a0c6df3c1489bcd5c1c6c2071c80faf091665997\SizedFIFO'.
Parameter \p1width = 32
Parameter \p2depth = 4
Parameter \p3cntr_width = 2
Parameter \guarded = 1'1
Found cached RTLIL representation for module `$paramod$a0c6df3c1489bcd5c1c6c2071c80faf091665997\SizedFIFO'.
Parameter \p1width = 32
Parameter \p2depth = 4
Parameter \p3cntr_width = 2
Parameter \guarded = 1'1
Found cached RTLIL representation for module `$paramod$a0c6df3c1489bcd5c1c6c2071c80faf091665997\SizedFIFO'.
Parameter \p1width = 32
Parameter \p2depth = 4
Parameter \p3cntr_width = 2
Parameter \guarded = 1'1
Found cached RTLIL representation for module `$paramod$a0c6df3c1489bcd5c1c6c2071c80faf091665997\SizedFIFO'.
Parameter \p1width = 32
Parameter \p2depth = 4
Parameter \p3cntr_width = 2
Parameter \guarded = 1'1
Found cached RTLIL representation for module `$paramod$a0c6df3c1489bcd5c1c6c2071c80faf091665997\SizedFIFO'.
Parameter \p1width = 32
Parameter \p2depth = 4
Parameter \p3cntr_width = 2
Parameter \guarded = 1'1
Found cached RTLIL representation for module `$paramod$a0c6df3c1489bcd5c1c6c2071c80faf091665997\SizedFIFO'.
Parameter \p1width = 32
Parameter \p2depth = 4
Parameter \p3cntr_width = 2
Parameter \guarded = 1'1
Found cached RTLIL representation for module `$paramod$a0c6df3c1489bcd5c1c6c2071c80faf091665997\SizedFIFO'.
Parameter \p1width = 32
Parameter \p2depth = 4
Parameter \p3cntr_width = 2
Parameter \guarded = 1'1
Found cached RTLIL representation for module `$paramod$a0c6df3c1489bcd5c1c6c2071c80faf091665997\SizedFIFO'.
Parameter \p1width = 32
Parameter \p2depth = 4
Parameter \p3cntr_width = 2
Parameter \guarded = 1'1
Found cached RTLIL representation for module `$paramod$a0c6df3c1489bcd5c1c6c2071c80faf091665997\SizedFIFO'.
Parameter \p1width = 1
Parameter \p2depth = 4
Parameter \p3cntr_width = 2
Parameter \guarded = 1'1

13.3. Executing AST frontend in derive mode using pre-parsed AST for module `\SizedFIFO'.
Parameter \p1width = 1
Parameter \p2depth = 4
Parameter \p3cntr_width = 2
Parameter \guarded = 1'1
Generating RTLIL representation for module `$paramod$77feb722284cbb4b2efebea6faec56b4318dabcc\SizedFIFO'.
Parameter \p1width = 1
Parameter \p2depth = 4
Parameter \p3cntr_width = 2
Parameter \guarded = 1'1
Found cached RTLIL representation for module `$paramod$77feb722284cbb4b2efebea6faec56b4318dabcc\SizedFIFO'.
Parameter \p1width = 1
Parameter \p2depth = 4
Parameter \p3cntr_width = 2
Parameter \guarded = 1'1
Found cached RTLIL representation for module `$paramod$77feb722284cbb4b2efebea6faec56b4318dabcc\SizedFIFO'.
Parameter \p1width = 1
Parameter \p2depth = 4
Parameter \p3cntr_width = 2
Parameter \guarded = 1'1
Found cached RTLIL representation for module `$paramod$77feb722284cbb4b2efebea6faec56b4318dabcc\SizedFIFO'.
Parameter \p1width = 1
Parameter \p2depth = 4
Parameter \p3cntr_width = 2
Parameter \guarded = 1'1
Found cached RTLIL representation for module `$paramod$77feb722284cbb4b2efebea6faec56b4318dabcc\SizedFIFO'.
Parameter \p1width = 1
Parameter \p2depth = 4
Parameter \p3cntr_width = 2
Parameter \guarded = 1'1
Found cached RTLIL representation for module `$paramod$77feb722284cbb4b2efebea6faec56b4318dabcc\SizedFIFO'.
Parameter \p1width = 1
Parameter \p2depth = 4
Parameter \p3cntr_width = 2
Parameter \guarded = 1'1
Found cached RTLIL representation for module `$paramod$77feb722284cbb4b2efebea6faec56b4318dabcc\SizedFIFO'.
Parameter \p1width = 1
Parameter \p2depth = 4
Parameter \p3cntr_width = 2
Parameter \guarded = 1'1
Found cached RTLIL representation for module `$paramod$77feb722284cbb4b2efebea6faec56b4318dabcc\SizedFIFO'.
Parameter \p1width = 1
Parameter \p2depth = 4
Parameter \p3cntr_width = 2
Parameter \guarded = 1'1
Found cached RTLIL representation for module `$paramod$77feb722284cbb4b2efebea6faec56b4318dabcc\SizedFIFO'.
Parameter \p1width = 1
Parameter \p2depth = 4
Parameter \p3cntr_width = 2
Parameter \guarded = 1'1
Found cached RTLIL representation for module `$paramod$77feb722284cbb4b2efebea6faec56b4318dabcc\SizedFIFO'.
Parameter \p1width = 1
Parameter \p2depth = 4
Parameter \p3cntr_width = 2
Parameter \guarded = 1'1
Found cached RTLIL representation for module `$paramod$77feb722284cbb4b2efebea6faec56b4318dabcc\SizedFIFO'.
Parameter \p1width = 1
Parameter \p2depth = 4
Parameter \p3cntr_width = 2
Parameter \guarded = 1'1
Found cached RTLIL representation for module `$paramod$77feb722284cbb4b2efebea6faec56b4318dabcc\SizedFIFO'.
Parameter \width = 41
Parameter \guarded = 1'1

13.4. Executing AST frontend in derive mode using pre-parsed AST for module `\FIFO1'.
Parameter \width = 41
Parameter \guarded = 1'1
Generating RTLIL representation for module `$paramod\FIFO1\width=32'00000000000000000000000000101001\guarded=1'1'.
Parameter \width = 10
Parameter \guarded = 1'1

13.5. Executing AST frontend in derive mode using pre-parsed AST for module `\FIFO1'.
Parameter \width = 10
Parameter \guarded = 1'1
Generating RTLIL representation for module `$paramod\FIFO1\width=32'00000000000000000000000000001010\guarded=1'1'.

13.6. Analyzing design hierarchy..
Top module:  \mkQuire
Used module:     \module_fn_twosC_quire
Used module:     $paramod$a0c6df3c1489bcd5c1c6c2071c80faf091665997\SizedFIFO
Used module:     $paramod$77feb722284cbb4b2efebea6faec56b4318dabcc\SizedFIFO
Used module:     $paramod\FIFO1\width=32'00000000000000000000000000101001\guarded=1'1
Used module:     $paramod\FIFO1\width=32'00000000000000000000000000001010\guarded=1'1

13.7. Analyzing design hierarchy..
Top module:  \mkQuire
Used module:     \module_fn_twosC_quire
Used module:     $paramod$a0c6df3c1489bcd5c1c6c2071c80faf091665997\SizedFIFO
Used module:     $paramod$77feb722284cbb4b2efebea6faec56b4318dabcc\SizedFIFO
Used module:     $paramod\FIFO1\width=32'00000000000000000000000000101001\guarded=1'1
Used module:     $paramod\FIFO1\width=32'00000000000000000000000000001010\guarded=1'1
Removing unused module `\mkPositCore'.
Removing unused module `\mkPtoF_PNE'.
Removing unused module `\mkFtoP_PNE'.
Removing unused module `\mkExtracter'.
Removing unused module `\mkNormalizer'.
Removing unused module `\mkMultiplier'.
Removing unused module `\RegFile'.
Removing unused module `\SizedFIFO'.
Removing unused module `\FIFO2'.
Removing unused module `\FIFO1'.
Removed 10 unused modules.

14. Executing SYNTH pass.

14.1. Executing HIERARCHY pass (managing design hierarchy).

14.1.1. Analyzing design hierarchy..
Top module:  \mkQuire
Used module:     \module_fn_twosC_quire
Used module:     $paramod$a0c6df3c1489bcd5c1c6c2071c80faf091665997\SizedFIFO
Used module:     $paramod$77feb722284cbb4b2efebea6faec56b4318dabcc\SizedFIFO
Used module:     $paramod\FIFO1\width=32'00000000000000000000000000101001\guarded=1'1
Used module:     $paramod\FIFO1\width=32'00000000000000000000000000001010\guarded=1'1

14.1.2. Analyzing design hierarchy..
Top module:  \mkQuire
Used module:     \module_fn_twosC_quire
Used module:     $paramod$a0c6df3c1489bcd5c1c6c2071c80faf091665997\SizedFIFO
Used module:     $paramod$77feb722284cbb4b2efebea6faec56b4318dabcc\SizedFIFO
Used module:     $paramod\FIFO1\width=32'00000000000000000000000000101001\guarded=1'1
Used module:     $paramod\FIFO1\width=32'00000000000000000000000000001010\guarded=1'1
Removed 0 unused modules.

14.2. Executing PROC pass (convert processes to netlists).

14.2.1. Executing PROC_CLEAN pass (remove empty switches from decision trees).
Cleaned up 0 empty switches.

14.2.2. Executing PROC_RMDEAD pass (remove dead branches from decision trees).
Marked 1 switch rules as full_case in process $proc$/teamspace/studios/this_studio/Melodica-Integration-into-Fife-Core/Learn_Bluespec_and_RISCV_Design/Code/Build/Fife/verilog/mkQuire.v:2708$868 in module mkQuire.
Marked 1 switch rules as full_case in process $proc$/teamspace/studios/this_studio/Melodica-Integration-into-Fife-Core/Learn_Bluespec_and_RISCV_Design/Code/Build/Fife/verilog/mkQuire.v:1979$650 in module mkQuire.
Marked 1 switch rules as full_case in process $proc$/teamspace/studios/this_studio/Melodica-Integration-into-Fife-Core/Learn_Bluespec_and_RISCV_Design/Code/Build/Fife/verilog/mkQuire.v:1953$636 in module mkQuire.
Marked 1 switch rules as full_case in process $proc$/teamspace/studios/this_studio/Melodica-Integration-into-Fife-Core/Learn_Bluespec_and_RISCV_Design/Code/Build/Fife/verilog/mkQuire.v:1927$622 in module mkQuire.
Marked 1 switch rules as full_case in process $proc$/teamspace/studios/this_studio/Melodica-Integration-into-Fife-Core/Learn_Bluespec_and_RISCV_Design/Code/Build/Fife/verilog/mkQuire.v:1901$608 in module mkQuire.
Marked 1 switch rules as full_case in process $proc$/teamspace/studios/this_studio/Melodica-Integration-into-Fife-Core/Learn_Bluespec_and_RISCV_Design/Code/Build/Fife/verilog/mkQuire.v:1875$594 in module mkQuire.
Marked 1 switch rules as full_case in process $proc$/teamspace/studios/this_studio/Melodica-Integration-into-Fife-Core/Learn_Bluespec_and_RISCV_Design/Code/Build/Fife/verilog/mkQuire.v:1849$580 in module mkQuire.
Marked 1 switch rules as full_case in process $proc$/teamspace/studios/this_studio/Melodica-Integration-into-Fife-Core/Learn_Bluespec_and_RISCV_Design/Code/Build/Fife/verilog/mkQuire.v:1823$566 in module mkQuire.
Marked 1 switch rules as full_case in process $proc$/teamspace/studios/this_studio/Melodica-Integration-into-Fife-Core/Learn_Bluespec_and_RISCV_Design/Code/Build/Fife/verilog/mkQuire.v:1797$552 in module mkQuire.
Marked 1 switch rules as full_case in process $proc$/teamspace/studios/this_studio/Melodica-Integration-into-Fife-Core/Learn_Bluespec_and_RISCV_Design/Code/Build/Fife/verilog/mkQuire.v:1774$539 in module mkQuire.
Marked 1 switch rules as full_case in process $proc$/teamspace/studios/this_studio/Melodica-Integration-into-Fife-Core/Learn_Bluespec_and_RISCV_Design/Code/Build/Fife/verilog/mkQuire.v:1748$525 in module mkQuire.
Marked 1 switch rules as full_case in process $proc$/teamspace/studios/this_studio/Melodica-Integration-into-Fife-Core/Learn_Bluespec_and_RISCV_Design/Code/Build/Fife/verilog/mkQuire.v:1722$511 in module mkQuire.
Marked 1 switch rules as full_case in process $proc$/teamspace/studios/this_studio/Melodica-Integration-into-Fife-Core/Learn_Bluespec_and_RISCV_Design/Code/Build/Fife/verilog/mkQuire.v:1696$497 in module mkQuire.
Marked 1 switch rules as full_case in process $proc$/teamspace/studios/this_studio/Melodica-Integration-into-Fife-Core/Learn_Bluespec_and_RISCV_Design/Code/Build/Fife/verilog/mkQuire.v:1670$483 in module mkQuire.
Marked 1 switch rules as full_case in process $proc$/teamspace/studios/this_studio/Melodica-Integration-into-Fife-Core/Learn_Bluespec_and_RISCV_Design/Code/Build/Fife/verilog/mkQuire.v:1645$473 in module mkQuire.
Marked 1 switch rules as full_case in process $proc$/teamspace/studios/this_studio/Melodica-Integration-into-Fife-Core/Learn_Bluespec_and_RISCV_Design/Code/Build/Fife/verilog/mkQuire.v:1620$463 in module mkQuire.
Marked 1 switch rules as full_case in process $proc$/teamspace/studios/this_studio/Melodica-Integration-into-Fife-Core/Learn_Bluespec_and_RISCV_Design/Code/Build/Fife/verilog/mkQuire.v:1595$453 in module mkQuire.
Marked 1 switch rules as full_case in process $proc$/teamspace/studios/this_studio/Melodica-Integration-into-Fife-Core/Learn_Bluespec_and_RISCV_Design/Code/Build/Fife/verilog/mkQuire.v:1570$443 in module mkQuire.
Marked 1 switch rules as full_case in process $proc$/teamspace/studios/this_studio/Melodica-Integration-into-Fife-Core/Learn_Bluespec_and_RISCV_Design/Code/Build/Fife/verilog/mkQuire.v:1545$433 in module mkQuire.
Marked 1 switch rules as full_case in process $proc$/teamspace/studios/this_studio/Melodica-Integration-into-Fife-Core/Learn_Bluespec_and_RISCV_Design/Code/Build/Fife/verilog/mkQuire.v:1520$423 in module mkQuire.
Marked 1 switch rules as full_case in process $proc$/teamspace/studios/this_studio/Melodica-Integration-into-Fife-Core/Learn_Bluespec_and_RISCV_Design/Code/Build/Fife/verilog/mkQuire.v:1495$413 in module mkQuire.
Marked 1 switch rules as full_case in process $proc$/teamspace/studios/this_studio/Melodica-Integration-into-Fife-Core/Learn_Bluespec_and_RISCV_Design/Code/Build/Fife/verilog/mkQuire.v:1470$403 in module mkQuire.
Marked 1 switch rules as full_case in process $proc$/teamspace/studios/this_studio/Melodica-Integration-into-Fife-Core/Learn_Bluespec_and_RISCV_Design/Code/Build/Fife/verilog/mkQuire.v:1445$393 in module mkQuire.
Marked 1 switch rules as full_case in process $proc$/teamspace/studios/this_studio/Melodica-Integration-into-Fife-Core/Learn_Bluespec_and_RISCV_Design/Code/Build/Fife/verilog/mkQuire.v:1420$383 in module mkQuire.
Marked 1 switch rules as full_case in process $proc$/teamspace/studios/this_studio/Melodica-Integration-into-Fife-Core/Learn_Bluespec_and_RISCV_Design/Code/Build/Fife/verilog/mkQuire.v:1395$373 in module mkQuire.
Marked 1 switch rules as full_case in process $proc$/teamspace/studios/this_studio/Melodica-Integration-into-Fife-Core/Learn_Bluespec_and_RISCV_Design/Code/Build/Fife/verilog/mkQuire.v:1371$363 in module mkQuire.
Marked 1 switch rules as full_case in process $proc$/teamspace/studios/this_studio/Melodica-Integration-into-Fife-Core/Learn_Bluespec_and_RISCV_Design/Code/Build/Fife/verilog/mkQuire.v:1348$353 in module mkQuire.
Marked 1 switch rules as full_case in process $proc$/teamspace/studios/this_studio/Melodica-Integration-into-Fife-Core/bsc/lib/Verilog/SizedFIFO.v:190$1234 in module $paramod$77feb722284cbb4b2efebea6faec56b4318dabcc\SizedFIFO.
Marked 1 switch rules as full_case in process $proc$/teamspace/studios/this_studio/Melodica-Integration-into-Fife-Core/bsc/lib/Verilog/SizedFIFO.v:107$1226 in module $paramod$77feb722284cbb4b2efebea6faec56b4318dabcc\SizedFIFO.
Marked 1 switch rules as full_case in process $proc$/teamspace/studios/this_studio/Melodica-Integration-into-Fife-Core/bsc/lib/Verilog/SizedFIFO.v:190$1203 in module $paramod$a0c6df3c1489bcd5c1c6c2071c80faf091665997\SizedFIFO.
Marked 1 switch rules as full_case in process $proc$/teamspace/studios/this_studio/Melodica-Integration-into-Fife-Core/bsc/lib/Verilog/SizedFIFO.v:107$1195 in module $paramod$a0c6df3c1489bcd5c1c6c2071c80faf091665997\SizedFIFO.
Marked 3 switch rules as full_case in process $proc$/teamspace/studios/this_studio/Melodica-Integration-into-Fife-Core/bsc/lib/Verilog/FIFO1.v:73$1255 in module $paramod\FIFO1\width=32'00000000000000000000000000001010\guarded=1'1.
Marked 3 switch rules as full_case in process $proc$/teamspace/studios/this_studio/Melodica-Integration-into-Fife-Core/bsc/lib/Verilog/FIFO1.v:73$1251 in module $paramod\FIFO1\width=32'00000000000000000000000000101001\guarded=1'1.
Removed a total of 0 dead cases.

14.2.3. Executing PROC_PRUNE pass (remove redundant assignments in processes).
Removed 0 redundant assignments.
Promoted 32 assignments to connections.

14.2.4. Executing PROC_INIT pass (extract init attributes).

14.2.5. Executing PROC_ARST pass (detect async resets in processes).

14.2.6. Executing PROC_ROM pass (convert switches to ROMs).
Converted 0 switches.
<suppressed ~79 debug messages>

14.2.7. Executing PROC_MUX pass (convert decision trees to multiplexers).
Creating decoders for process `\mkQuire.$proc$/teamspace/studios/this_studio/Melodica-Integration-into-Fife-Core/Learn_Bluespec_and_RISCV_Design/Code/Build/Fife/verilog/mkQuire.v:2708$868'.
     1/32: $0\zero_counter_rg_seg_counter_busy[0:0]
     2/32: $0\zero_counter_rg_numZeroSegs[3:0]
     3/32: $0\zero_counter_rg_firstNonZeroSeg[31:0]
     4/32: $0\vrg_quire_seg_zero_9[0:0]
     5/32: $0\vrg_quire_seg_zero_8[0:0]
     6/32: $0\vrg_quire_seg_zero_7[0:0]
     7/32: $0\vrg_quire_seg_zero_6[0:0]
     8/32: $0\vrg_quire_seg_zero_5[0:0]
     9/32: $0\vrg_quire_seg_zero_4[0:0]
    10/32: $0\vrg_quire_seg_zero_3[0:0]
    11/32: $0\vrg_quire_seg_zero_2[0:0]
    12/32: $0\vrg_quire_seg_zero_12[0:0]
    13/32: $0\vrg_quire_seg_zero_11[0:0]
    14/32: $0\vrg_quire_seg_zero_10[0:0]
    15/32: $0\vrg_quire_seg_zero_1[0:0]
    16/32: $0\vrg_quire_seg_zero_0[0:0]
    17/32: $0\vrg_quire_9[31:0]
    18/32: $0\vrg_quire_8[31:0]
    19/32: $0\vrg_quire_7[31:0]
    20/32: $0\vrg_quire_6[31:0]
    21/32: $0\vrg_quire_5[31:0]
    22/32: $0\vrg_quire_4[31:0]
    23/32: $0\vrg_quire_3[31:0]
    24/32: $0\vrg_quire_2[31:0]
    25/32: $0\vrg_quire_12[31:0]
    26/32: $0\vrg_quire_11[31:0]
    27/32: $0\vrg_quire_10[31:0]
    28/32: $0\vrg_quire_1[31:0]
    29/32: $0\vrg_quire_0[31:0]
    30/32: $0\seg_adder_rg_inFlight[3:0]
    31/32: $0\rg_seg_zero_upd[0:0]
    32/32: $0\rg_read_busy[0:0]
Creating decoders for process `\mkQuire.$proc$/teamspace/studios/this_studio/Melodica-Integration-into-Fife-Core/Learn_Bluespec_and_RISCV_Design/Code/Build/Fife/verilog/mkQuire.v:1979$650'.
     1/1: $1\vrg_quire_seg_zero_9$D_IN[0:0]$652
Creating decoders for process `\mkQuire.$proc$/teamspace/studios/this_studio/Melodica-Integration-into-Fife-Core/Learn_Bluespec_and_RISCV_Design/Code/Build/Fife/verilog/mkQuire.v:1953$636'.
     1/1: $1\vrg_quire_seg_zero_8$D_IN[0:0]$638
Creating decoders for process `\mkQuire.$proc$/teamspace/studios/this_studio/Melodica-Integration-into-Fife-Core/Learn_Bluespec_and_RISCV_Design/Code/Build/Fife/verilog/mkQuire.v:1927$622'.
     1/1: $1\vrg_quire_seg_zero_7$D_IN[0:0]$624
Creating decoders for process `\mkQuire.$proc$/teamspace/studios/this_studio/Melodica-Integration-into-Fife-Core/Learn_Bluespec_and_RISCV_Design/Code/Build/Fife/verilog/mkQuire.v:1901$608'.
     1/1: $1\vrg_quire_seg_zero_6$D_IN[0:0]$610
Creating decoders for process `\mkQuire.$proc$/teamspace/studios/this_studio/Melodica-Integration-into-Fife-Core/Learn_Bluespec_and_RISCV_Design/Code/Build/Fife/verilog/mkQuire.v:1875$594'.
     1/1: $1\vrg_quire_seg_zero_5$D_IN[0:0]$596
Creating decoders for process `\mkQuire.$proc$/teamspace/studios/this_studio/Melodica-Integration-into-Fife-Core/Learn_Bluespec_and_RISCV_Design/Code/Build/Fife/verilog/mkQuire.v:1849$580'.
     1/1: $1\vrg_quire_seg_zero_4$D_IN[0:0]$582
Creating decoders for process `\mkQuire.$proc$/teamspace/studios/this_studio/Melodica-Integration-into-Fife-Core/Learn_Bluespec_and_RISCV_Design/Code/Build/Fife/verilog/mkQuire.v:1823$566'.
     1/1: $1\vrg_quire_seg_zero_3$D_IN[0:0]$568
Creating decoders for process `\mkQuire.$proc$/teamspace/studios/this_studio/Melodica-Integration-into-Fife-Core/Learn_Bluespec_and_RISCV_Design/Code/Build/Fife/verilog/mkQuire.v:1797$552'.
     1/1: $1\vrg_quire_seg_zero_2$D_IN[0:0]$554
Creating decoders for process `\mkQuire.$proc$/teamspace/studios/this_studio/Melodica-Integration-into-Fife-Core/Learn_Bluespec_and_RISCV_Design/Code/Build/Fife/verilog/mkQuire.v:1774$539'.
     1/1: $1\vrg_quire_seg_zero_12$D_IN[0:0]$541
Creating decoders for process `\mkQuire.$proc$/teamspace/studios/this_studio/Melodica-Integration-into-Fife-Core/Learn_Bluespec_and_RISCV_Design/Code/Build/Fife/verilog/mkQuire.v:1748$525'.
     1/1: $1\vrg_quire_seg_zero_11$D_IN[0:0]$527
Creating decoders for process `\mkQuire.$proc$/teamspace/studios/this_studio/Melodica-Integration-into-Fife-Core/Learn_Bluespec_and_RISCV_Design/Code/Build/Fife/verilog/mkQuire.v:1722$511'.
     1/1: $1\vrg_quire_seg_zero_10$D_IN[0:0]$513
Creating decoders for process `\mkQuire.$proc$/teamspace/studios/this_studio/Melodica-Integration-into-Fife-Core/Learn_Bluespec_and_RISCV_Design/Code/Build/Fife/verilog/mkQuire.v:1696$497'.
     1/1: $1\vrg_quire_seg_zero_1$D_IN[0:0]$499
Creating decoders for process `\mkQuire.$proc$/teamspace/studios/this_studio/Melodica-Integration-into-Fife-Core/Learn_Bluespec_and_RISCV_Design/Code/Build/Fife/verilog/mkQuire.v:1670$483'.
     1/1: $1\vrg_quire_seg_zero_0$D_IN[0:0]$485
Creating decoders for process `\mkQuire.$proc$/teamspace/studios/this_studio/Melodica-Integration-into-Fife-Core/Learn_Bluespec_and_RISCV_Design/Code/Build/Fife/verilog/mkQuire.v:1645$473'.
     1/1: $1\vrg_quire_9$D_IN[31:0]$475
Creating decoders for process `\mkQuire.$proc$/teamspace/studios/this_studio/Melodica-Integration-into-Fife-Core/Learn_Bluespec_and_RISCV_Design/Code/Build/Fife/verilog/mkQuire.v:1620$463'.
     1/1: $1\vrg_quire_8$D_IN[31:0]$465
Creating decoders for process `\mkQuire.$proc$/teamspace/studios/this_studio/Melodica-Integration-into-Fife-Core/Learn_Bluespec_and_RISCV_Design/Code/Build/Fife/verilog/mkQuire.v:1595$453'.
     1/1: $1\vrg_quire_7$D_IN[31:0]$455
Creating decoders for process `\mkQuire.$proc$/teamspace/studios/this_studio/Melodica-Integration-into-Fife-Core/Learn_Bluespec_and_RISCV_Design/Code/Build/Fife/verilog/mkQuire.v:1570$443'.
     1/1: $1\vrg_quire_6$D_IN[31:0]$445
Creating decoders for process `\mkQuire.$proc$/teamspace/studios/this_studio/Melodica-Integration-into-Fife-Core/Learn_Bluespec_and_RISCV_Design/Code/Build/Fife/verilog/mkQuire.v:1545$433'.
     1/1: $1\vrg_quire_5$D_IN[31:0]$435
Creating decoders for process `\mkQuire.$proc$/teamspace/studios/this_studio/Melodica-Integration-into-Fife-Core/Learn_Bluespec_and_RISCV_Design/Code/Build/Fife/verilog/mkQuire.v:1520$423'.
     1/1: $1\vrg_quire_4$D_IN[31:0]$425
Creating decoders for process `\mkQuire.$proc$/teamspace/studios/this_studio/Melodica-Integration-into-Fife-Core/Learn_Bluespec_and_RISCV_Design/Code/Build/Fife/verilog/mkQuire.v:1495$413'.
     1/1: $1\vrg_quire_3$D_IN[31:0]$415
Creating decoders for process `\mkQuire.$proc$/teamspace/studios/this_studio/Melodica-Integration-into-Fife-Core/Learn_Bluespec_and_RISCV_Design/Code/Build/Fife/verilog/mkQuire.v:1470$403'.
     1/1: $1\vrg_quire_2$D_IN[31:0]$405
Creating decoders for process `\mkQuire.$proc$/teamspace/studios/this_studio/Melodica-Integration-into-Fife-Core/Learn_Bluespec_and_RISCV_Design/Code/Build/Fife/verilog/mkQuire.v:1445$393'.
     1/1: $1\vrg_quire_12$D_IN[31:0]$395
Creating decoders for process `\mkQuire.$proc$/teamspace/studios/this_studio/Melodica-Integration-into-Fife-Core/Learn_Bluespec_and_RISCV_Design/Code/Build/Fife/verilog/mkQuire.v:1420$383'.
     1/1: $1\vrg_quire_11$D_IN[31:0]$385
Creating decoders for process `\mkQuire.$proc$/teamspace/studios/this_studio/Melodica-Integration-into-Fife-Core/Learn_Bluespec_and_RISCV_Design/Code/Build/Fife/verilog/mkQuire.v:1395$373'.
     1/1: $1\vrg_quire_10$D_IN[31:0]$375
Creating decoders for process `\mkQuire.$proc$/teamspace/studios/this_studio/Melodica-Integration-into-Fife-Core/Learn_Bluespec_and_RISCV_Design/Code/Build/Fife/verilog/mkQuire.v:1371$363'.
     1/1: $1\vrg_quire_1$D_IN[31:0]$365
Creating decoders for process `\mkQuire.$proc$/teamspace/studios/this_studio/Melodica-Integration-into-Fife-Core/Learn_Bluespec_and_RISCV_Design/Code/Build/Fife/verilog/mkQuire.v:1348$353'.
     1/1: $1\vrg_quire_0$D_IN[31:0]$355
Creating decoders for process `$paramod$77feb722284cbb4b2efebea6faec56b4318dabcc\SizedFIFO.$proc$/teamspace/studios/this_studio/Melodica-Integration-into-Fife-Core/bsc/lib/Verilog/SizedFIFO.v:190$1234'.
     1/3: $1$memwr$\arr$/teamspace/studios/this_studio/Melodica-Integration-into-Fife-Core/bsc/lib/Verilog/SizedFIFO.v:206$1219_EN[0:0]$1249
     2/3: $1$memwr$\arr$/teamspace/studios/this_studio/Melodica-Integration-into-Fife-Core/bsc/lib/Verilog/SizedFIFO.v:206$1219_DATA[0:0]$1248
     3/3: $1$memwr$\arr$/teamspace/studios/this_studio/Melodica-Integration-into-Fife-Core/bsc/lib/Verilog/SizedFIFO.v:206$1219_ADDR[1:0]$1247
Creating decoders for process `$paramod$77feb722284cbb4b2efebea6faec56b4318dabcc\SizedFIFO.$proc$/teamspace/studios/this_studio/Melodica-Integration-into-Fife-Core/bsc/lib/Verilog/SizedFIFO.v:167$1231'.
     1/1: $0\D_OUT[0:0]
Creating decoders for process `$paramod$77feb722284cbb4b2efebea6faec56b4318dabcc\SizedFIFO.$proc$/teamspace/studios/this_studio/Melodica-Integration-into-Fife-Core/bsc/lib/Verilog/SizedFIFO.v:107$1226'.
     1/5: $0\hasodata[0:0]
     2/5: $0\tail[1:0]
     3/5: $0\head[1:0]
     4/5: $0\ring_empty[0:0]
     5/5: $0\not_ring_full[0:0]
Creating decoders for process `$paramod$a0c6df3c1489bcd5c1c6c2071c80faf091665997\SizedFIFO.$proc$/teamspace/studios/this_studio/Melodica-Integration-into-Fife-Core/bsc/lib/Verilog/SizedFIFO.v:190$1203'.
     1/3: $1$memwr$\arr$/teamspace/studios/this_studio/Melodica-Integration-into-Fife-Core/bsc/lib/Verilog/SizedFIFO.v:206$1188_EN[31:0]$1218
     2/3: $1$memwr$\arr$/teamspace/studios/this_studio/Melodica-Integration-into-Fife-Core/bsc/lib/Verilog/SizedFIFO.v:206$1188_DATA[31:0]$1217
     3/3: $1$memwr$\arr$/teamspace/studios/this_studio/Melodica-Integration-into-Fife-Core/bsc/lib/Verilog/SizedFIFO.v:206$1188_ADDR[1:0]$1216
Creating decoders for process `$paramod$a0c6df3c1489bcd5c1c6c2071c80faf091665997\SizedFIFO.$proc$/teamspace/studios/this_studio/Melodica-Integration-into-Fife-Core/bsc/lib/Verilog/SizedFIFO.v:167$1200'.
     1/1: $0\D_OUT[31:0]
Creating decoders for process `$paramod$a0c6df3c1489bcd5c1c6c2071c80faf091665997\SizedFIFO.$proc$/teamspace/studios/this_studio/Melodica-Integration-into-Fife-Core/bsc/lib/Verilog/SizedFIFO.v:107$1195'.
     1/5: $0\hasodata[0:0]
     2/5: $0\tail[1:0]
     3/5: $0\head[1:0]
     4/5: $0\ring_empty[0:0]
     5/5: $0\not_ring_full[0:0]
Creating decoders for process `$paramod\FIFO1\width=32'00000000000000000000000000001010\guarded=1'1.$proc$/teamspace/studios/this_studio/Melodica-Integration-into-Fife-Core/bsc/lib/Verilog/FIFO1.v:96$1257'.
     1/1: $0\D_OUT[9:0]
Creating decoders for process `$paramod\FIFO1\width=32'00000000000000000000000000001010\guarded=1'1.$proc$/teamspace/studios/this_studio/Melodica-Integration-into-Fife-Core/bsc/lib/Verilog/FIFO1.v:73$1255'.
     1/1: $0\empty_reg[0:0]
Creating decoders for process `$paramod\FIFO1\width=32'00000000000000000000000000101001\guarded=1'1.$proc$/teamspace/studios/this_studio/Melodica-Integration-into-Fife-Core/bsc/lib/Verilog/FIFO1.v:96$1253'.
     1/1: $0\D_OUT[40:0]
Creating decoders for process `$paramod\FIFO1\width=32'00000000000000000000000000101001\guarded=1'1.$proc$/teamspace/studios/this_studio/Melodica-Integration-into-Fife-Core/bsc/lib/Verilog/FIFO1.v:73$1251'.
     1/1: $0\empty_reg[0:0]

14.2.8. Executing PROC_DLATCH pass (convert process syncs to latches).
No latch inferred for signal `\mkQuire.\vrg_quire_seg_zero_9$D_IN' from process `\mkQuire.$proc$/teamspace/studios/this_studio/Melodica-Integration-into-Fife-Core/Learn_Bluespec_and_RISCV_Design/Code/Build/Fife/verilog/mkQuire.v:1979$650'.
No latch inferred for signal `\mkQuire.\vrg_quire_seg_zero_8$D_IN' from process `\mkQuire.$proc$/teamspace/studios/this_studio/Melodica-Integration-into-Fife-Core/Learn_Bluespec_and_RISCV_Design/Code/Build/Fife/verilog/mkQuire.v:1953$636'.
No latch inferred for signal `\mkQuire.\vrg_quire_seg_zero_7$D_IN' from process `\mkQuire.$proc$/teamspace/studios/this_studio/Melodica-Integration-into-Fife-Core/Learn_Bluespec_and_RISCV_Design/Code/Build/Fife/verilog/mkQuire.v:1927$622'.
No latch inferred for signal `\mkQuire.\vrg_quire_seg_zero_6$D_IN' from process `\mkQuire.$proc$/teamspace/studios/this_studio/Melodica-Integration-into-Fife-Core/Learn_Bluespec_and_RISCV_Design/Code/Build/Fife/verilog/mkQuire.v:1901$608'.
No latch inferred for signal `\mkQuire.\vrg_quire_seg_zero_5$D_IN' from process `\mkQuire.$proc$/teamspace/studios/this_studio/Melodica-Integration-into-Fife-Core/Learn_Bluespec_and_RISCV_Design/Code/Build/Fife/verilog/mkQuire.v:1875$594'.
No latch inferred for signal `\mkQuire.\vrg_quire_seg_zero_4$D_IN' from process `\mkQuire.$proc$/teamspace/studios/this_studio/Melodica-Integration-into-Fife-Core/Learn_Bluespec_and_RISCV_Design/Code/Build/Fife/verilog/mkQuire.v:1849$580'.
No latch inferred for signal `\mkQuire.\vrg_quire_seg_zero_3$D_IN' from process `\mkQuire.$proc$/teamspace/studios/this_studio/Melodica-Integration-into-Fife-Core/Learn_Bluespec_and_RISCV_Design/Code/Build/Fife/verilog/mkQuire.v:1823$566'.
No latch inferred for signal `\mkQuire.\vrg_quire_seg_zero_2$D_IN' from process `\mkQuire.$proc$/teamspace/studios/this_studio/Melodica-Integration-into-Fife-Core/Learn_Bluespec_and_RISCV_Design/Code/Build/Fife/verilog/mkQuire.v:1797$552'.
No latch inferred for signal `\mkQuire.\vrg_quire_seg_zero_12$D_IN' from process `\mkQuire.$proc$/teamspace/studios/this_studio/Melodica-Integration-into-Fife-Core/Learn_Bluespec_and_RISCV_Design/Code/Build/Fife/verilog/mkQuire.v:1774$539'.
No latch inferred for signal `\mkQuire.\vrg_quire_seg_zero_11$D_IN' from process `\mkQuire.$proc$/teamspace/studios/this_studio/Melodica-Integration-into-Fife-Core/Learn_Bluespec_and_RISCV_Design/Code/Build/Fife/verilog/mkQuire.v:1748$525'.
No latch inferred for signal `\mkQuire.\vrg_quire_seg_zero_10$D_IN' from process `\mkQuire.$proc$/teamspace/studios/this_studio/Melodica-Integration-into-Fife-Core/Learn_Bluespec_and_RISCV_Design/Code/Build/Fife/verilog/mkQuire.v:1722$511'.
No latch inferred for signal `\mkQuire.\vrg_quire_seg_zero_1$D_IN' from process `\mkQuire.$proc$/teamspace/studios/this_studio/Melodica-Integration-into-Fife-Core/Learn_Bluespec_and_RISCV_Design/Code/Build/Fife/verilog/mkQuire.v:1696$497'.
No latch inferred for signal `\mkQuire.\vrg_quire_seg_zero_0$D_IN' from process `\mkQuire.$proc$/teamspace/studios/this_studio/Melodica-Integration-into-Fife-Core/Learn_Bluespec_and_RISCV_Design/Code/Build/Fife/verilog/mkQuire.v:1670$483'.
No latch inferred for signal `\mkQuire.\vrg_quire_9$D_IN' from process `\mkQuire.$proc$/teamspace/studios/this_studio/Melodica-Integration-into-Fife-Core/Learn_Bluespec_and_RISCV_Design/Code/Build/Fife/verilog/mkQuire.v:1645$473'.
No latch inferred for signal `\mkQuire.\vrg_quire_8$D_IN' from process `\mkQuire.$proc$/teamspace/studios/this_studio/Melodica-Integration-into-Fife-Core/Learn_Bluespec_and_RISCV_Design/Code/Build/Fife/verilog/mkQuire.v:1620$463'.
No latch inferred for signal `\mkQuire.\vrg_quire_7$D_IN' from process `\mkQuire.$proc$/teamspace/studios/this_studio/Melodica-Integration-into-Fife-Core/Learn_Bluespec_and_RISCV_Design/Code/Build/Fife/verilog/mkQuire.v:1595$453'.
No latch inferred for signal `\mkQuire.\vrg_quire_6$D_IN' from process `\mkQuire.$proc$/teamspace/studios/this_studio/Melodica-Integration-into-Fife-Core/Learn_Bluespec_and_RISCV_Design/Code/Build/Fife/verilog/mkQuire.v:1570$443'.
No latch inferred for signal `\mkQuire.\vrg_quire_5$D_IN' from process `\mkQuire.$proc$/teamspace/studios/this_studio/Melodica-Integration-into-Fife-Core/Learn_Bluespec_and_RISCV_Design/Code/Build/Fife/verilog/mkQuire.v:1545$433'.
No latch inferred for signal `\mkQuire.\vrg_quire_4$D_IN' from process `\mkQuire.$proc$/teamspace/studios/this_studio/Melodica-Integration-into-Fife-Core/Learn_Bluespec_and_RISCV_Design/Code/Build/Fife/verilog/mkQuire.v:1520$423'.
No latch inferred for signal `\mkQuire.\vrg_quire_3$D_IN' from process `\mkQuire.$proc$/teamspace/studios/this_studio/Melodica-Integration-into-Fife-Core/Learn_Bluespec_and_RISCV_Design/Code/Build/Fife/verilog/mkQuire.v:1495$413'.
No latch inferred for signal `\mkQuire.\vrg_quire_2$D_IN' from process `\mkQuire.$proc$/teamspace/studios/this_studio/Melodica-Integration-into-Fife-Core/Learn_Bluespec_and_RISCV_Design/Code/Build/Fife/verilog/mkQuire.v:1470$403'.
No latch inferred for signal `\mkQuire.\vrg_quire_12$D_IN' from process `\mkQuire.$proc$/teamspace/studios/this_studio/Melodica-Integration-into-Fife-Core/Learn_Bluespec_and_RISCV_Design/Code/Build/Fife/verilog/mkQuire.v:1445$393'.
No latch inferred for signal `\mkQuire.\vrg_quire_11$D_IN' from process `\mkQuire.$proc$/teamspace/studios/this_studio/Melodica-Integration-into-Fife-Core/Learn_Bluespec_and_RISCV_Design/Code/Build/Fife/verilog/mkQuire.v:1420$383'.
No latch inferred for signal `\mkQuire.\vrg_quire_10$D_IN' from process `\mkQuire.$proc$/teamspace/studios/this_studio/Melodica-Integration-into-Fife-Core/Learn_Bluespec_and_RISCV_Design/Code/Build/Fife/verilog/mkQuire.v:1395$373'.
No latch inferred for signal `\mkQuire.\vrg_quire_1$D_IN' from process `\mkQuire.$proc$/teamspace/studios/this_studio/Melodica-Integration-into-Fife-Core/Learn_Bluespec_and_RISCV_Design/Code/Build/Fife/verilog/mkQuire.v:1371$363'.
No latch inferred for signal `\mkQuire.\vrg_quire_0$D_IN' from process `\mkQuire.$proc$/teamspace/studios/this_studio/Melodica-Integration-into-Fife-Core/Learn_Bluespec_and_RISCV_Design/Code/Build/Fife/verilog/mkQuire.v:1348$353'.

14.2.9. Executing PROC_DFF pass (convert process syncs to FFs).
Creating register for signal `\mkQuire.\rg_read_busy' using process `\mkQuire.$proc$/teamspace/studios/this_studio/Melodica-Integration-into-Fife-Core/Learn_Bluespec_and_RISCV_Design/Code/Build/Fife/verilog/mkQuire.v:2708$868'.
  created $dff cell `$procdff$1736' with positive edge clock.
Creating register for signal `\mkQuire.\rg_seg_zero_upd' using process `\mkQuire.$proc$/teamspace/studios/this_studio/Melodica-Integration-into-Fife-Core/Learn_Bluespec_and_RISCV_Design/Code/Build/Fife/verilog/mkQuire.v:2708$868'.
  created $dff cell `$procdff$1737' with positive edge clock.
Creating register for signal `\mkQuire.\seg_adder_rg_inFlight' using process `\mkQuire.$proc$/teamspace/studios/this_studio/Melodica-Integration-into-Fife-Core/Learn_Bluespec_and_RISCV_Design/Code/Build/Fife/verilog/mkQuire.v:2708$868'.
  created $dff cell `$procdff$1738' with positive edge clock.
Creating register for signal `\mkQuire.\vrg_quire_0' using process `\mkQuire.$proc$/teamspace/studios/this_studio/Melodica-Integration-into-Fife-Core/Learn_Bluespec_and_RISCV_Design/Code/Build/Fife/verilog/mkQuire.v:2708$868'.
  created $dff cell `$procdff$1739' with positive edge clock.
Creating register for signal `\mkQuire.\vrg_quire_1' using process `\mkQuire.$proc$/teamspace/studios/this_studio/Melodica-Integration-into-Fife-Core/Learn_Bluespec_and_RISCV_Design/Code/Build/Fife/verilog/mkQuire.v:2708$868'.
  created $dff cell `$procdff$1740' with positive edge clock.
Creating register for signal `\mkQuire.\vrg_quire_10' using process `\mkQuire.$proc$/teamspace/studios/this_studio/Melodica-Integration-into-Fife-Core/Learn_Bluespec_and_RISCV_Design/Code/Build/Fife/verilog/mkQuire.v:2708$868'.
  created $dff cell `$procdff$1741' with positive edge clock.
Creating register for signal `\mkQuire.\vrg_quire_11' using process `\mkQuire.$proc$/teamspace/studios/this_studio/Melodica-Integration-into-Fife-Core/Learn_Bluespec_and_RISCV_Design/Code/Build/Fife/verilog/mkQuire.v:2708$868'.
  created $dff cell `$procdff$1742' with positive edge clock.
Creating register for signal `\mkQuire.\vrg_quire_12' using process `\mkQuire.$proc$/teamspace/studios/this_studio/Melodica-Integration-into-Fife-Core/Learn_Bluespec_and_RISCV_Design/Code/Build/Fife/verilog/mkQuire.v:2708$868'.
  created $dff cell `$procdff$1743' with positive edge clock.
Creating register for signal `\mkQuire.\vrg_quire_2' using process `\mkQuire.$proc$/teamspace/studios/this_studio/Melodica-Integration-into-Fife-Core/Learn_Bluespec_and_RISCV_Design/Code/Build/Fife/verilog/mkQuire.v:2708$868'.
  created $dff cell `$procdff$1744' with positive edge clock.
Creating register for signal `\mkQuire.\vrg_quire_3' using process `\mkQuire.$proc$/teamspace/studios/this_studio/Melodica-Integration-into-Fife-Core/Learn_Bluespec_and_RISCV_Design/Code/Build/Fife/verilog/mkQuire.v:2708$868'.
  created $dff cell `$procdff$1745' with positive edge clock.
Creating register for signal `\mkQuire.\vrg_quire_4' using process `\mkQuire.$proc$/teamspace/studios/this_studio/Melodica-Integration-into-Fife-Core/Learn_Bluespec_and_RISCV_Design/Code/Build/Fife/verilog/mkQuire.v:2708$868'.
  created $dff cell `$procdff$1746' with positive edge clock.
Creating register for signal `\mkQuire.\vrg_quire_5' using process `\mkQuire.$proc$/teamspace/studios/this_studio/Melodica-Integration-into-Fife-Core/Learn_Bluespec_and_RISCV_Design/Code/Build/Fife/verilog/mkQuire.v:2708$868'.
  created $dff cell `$procdff$1747' with positive edge clock.
Creating register for signal `\mkQuire.\vrg_quire_6' using process `\mkQuire.$proc$/teamspace/studios/this_studio/Melodica-Integration-into-Fife-Core/Learn_Bluespec_and_RISCV_Design/Code/Build/Fife/verilog/mkQuire.v:2708$868'.
  created $dff cell `$procdff$1748' with positive edge clock.
Creating register for signal `\mkQuire.\vrg_quire_7' using process `\mkQuire.$proc$/teamspace/studios/this_studio/Melodica-Integration-into-Fife-Core/Learn_Bluespec_and_RISCV_Design/Code/Build/Fife/verilog/mkQuire.v:2708$868'.
  created $dff cell `$procdff$1749' with positive edge clock.
Creating register for signal `\mkQuire.\vrg_quire_8' using process `\mkQuire.$proc$/teamspace/studios/this_studio/Melodica-Integration-into-Fife-Core/Learn_Bluespec_and_RISCV_Design/Code/Build/Fife/verilog/mkQuire.v:2708$868'.
  created $dff cell `$procdff$1750' with positive edge clock.
Creating register for signal `\mkQuire.\vrg_quire_9' using process `\mkQuire.$proc$/teamspace/studios/this_studio/Melodica-Integration-into-Fife-Core/Learn_Bluespec_and_RISCV_Design/Code/Build/Fife/verilog/mkQuire.v:2708$868'.
  created $dff cell `$procdff$1751' with positive edge clock.
Creating register for signal `\mkQuire.\vrg_quire_seg_zero_0' using process `\mkQuire.$proc$/teamspace/studios/this_studio/Melodica-Integration-into-Fife-Core/Learn_Bluespec_and_RISCV_Design/Code/Build/Fife/verilog/mkQuire.v:2708$868'.
  created $dff cell `$procdff$1752' with positive edge clock.
Creating register for signal `\mkQuire.\vrg_quire_seg_zero_1' using process `\mkQuire.$proc$/teamspace/studios/this_studio/Melodica-Integration-into-Fife-Core/Learn_Bluespec_and_RISCV_Design/Code/Build/Fife/verilog/mkQuire.v:2708$868'.
  created $dff cell `$procdff$1753' with positive edge clock.
Creating register for signal `\mkQuire.\vrg_quire_seg_zero_10' using process `\mkQuire.$proc$/teamspace/studios/this_studio/Melodica-Integration-into-Fife-Core/Learn_Bluespec_and_RISCV_Design/Code/Build/Fife/verilog/mkQuire.v:2708$868'.
  created $dff cell `$procdff$1754' with positive edge clock.
Creating register for signal `\mkQuire.\vrg_quire_seg_zero_11' using process `\mkQuire.$proc$/teamspace/studios/this_studio/Melodica-Integration-into-Fife-Core/Learn_Bluespec_and_RISCV_Design/Code/Build/Fife/verilog/mkQuire.v:2708$868'.
  created $dff cell `$procdff$1755' with positive edge clock.
Creating register for signal `\mkQuire.\vrg_quire_seg_zero_12' using process `\mkQuire.$proc$/teamspace/studios/this_studio/Melodica-Integration-into-Fife-Core/Learn_Bluespec_and_RISCV_Design/Code/Build/Fife/verilog/mkQuire.v:2708$868'.
  created $dff cell `$procdff$1756' with positive edge clock.
Creating register for signal `\mkQuire.\vrg_quire_seg_zero_2' using process `\mkQuire.$proc$/teamspace/studios/this_studio/Melodica-Integration-into-Fife-Core/Learn_Bluespec_and_RISCV_Design/Code/Build/Fife/verilog/mkQuire.v:2708$868'.
  created $dff cell `$procdff$1757' with positive edge clock.
Creating register for signal `\mkQuire.\vrg_quire_seg_zero_3' using process `\mkQuire.$proc$/teamspace/studios/this_studio/Melodica-Integration-into-Fife-Core/Learn_Bluespec_and_RISCV_Design/Code/Build/Fife/verilog/mkQuire.v:2708$868'.
  created $dff cell `$procdff$1758' with positive edge clock.
Creating register for signal `\mkQuire.\vrg_quire_seg_zero_4' using process `\mkQuire.$proc$/teamspace/studios/this_studio/Melodica-Integration-into-Fife-Core/Learn_Bluespec_and_RISCV_Design/Code/Build/Fife/verilog/mkQuire.v:2708$868'.
  created $dff cell `$procdff$1759' with positive edge clock.
Creating register for signal `\mkQuire.\vrg_quire_seg_zero_5' using process `\mkQuire.$proc$/teamspace/studios/this_studio/Melodica-Integration-into-Fife-Core/Learn_Bluespec_and_RISCV_Design/Code/Build/Fife/verilog/mkQuire.v:2708$868'.
  created $dff cell `$procdff$1760' with positive edge clock.
Creating register for signal `\mkQuire.\vrg_quire_seg_zero_6' using process `\mkQuire.$proc$/teamspace/studios/this_studio/Melodica-Integration-into-Fife-Core/Learn_Bluespec_and_RISCV_Design/Code/Build/Fife/verilog/mkQuire.v:2708$868'.
  created $dff cell `$procdff$1761' with positive edge clock.
Creating register for signal `\mkQuire.\vrg_quire_seg_zero_7' using process `\mkQuire.$proc$/teamspace/studios/this_studio/Melodica-Integration-into-Fife-Core/Learn_Bluespec_and_RISCV_Design/Code/Build/Fife/verilog/mkQuire.v:2708$868'.
  created $dff cell `$procdff$1762' with positive edge clock.
Creating register for signal `\mkQuire.\vrg_quire_seg_zero_8' using process `\mkQuire.$proc$/teamspace/studios/this_studio/Melodica-Integration-into-Fife-Core/Learn_Bluespec_and_RISCV_Design/Code/Build/Fife/verilog/mkQuire.v:2708$868'.
  created $dff cell `$procdff$1763' with positive edge clock.
Creating register for signal `\mkQuire.\vrg_quire_seg_zero_9' using process `\mkQuire.$proc$/teamspace/studios/this_studio/Melodica-Integration-into-Fife-Core/Learn_Bluespec_and_RISCV_Design/Code/Build/Fife/verilog/mkQuire.v:2708$868'.
  created $dff cell `$procdff$1764' with positive edge clock.
Creating register for signal `\mkQuire.\zero_counter_rg_firstNonZeroSeg' using process `\mkQuire.$proc$/teamspace/studios/this_studio/Melodica-Integration-into-Fife-Core/Learn_Bluespec_and_RISCV_Design/Code/Build/Fife/verilog/mkQuire.v:2708$868'.
  created $dff cell `$procdff$1765' with positive edge clock.
Creating register for signal `\mkQuire.\zero_counter_rg_numZeroSegs' using process `\mkQuire.$proc$/teamspace/studios/this_studio/Melodica-Integration-into-Fife-Core/Learn_Bluespec_and_RISCV_Design/Code/Build/Fife/verilog/mkQuire.v:2708$868'.
  created $dff cell `$procdff$1766' with positive edge clock.
Creating register for signal `\mkQuire.\zero_counter_rg_seg_counter_busy' using process `\mkQuire.$proc$/teamspace/studios/this_studio/Melodica-Integration-into-Fife-Core/Learn_Bluespec_and_RISCV_Design/Code/Build/Fife/verilog/mkQuire.v:2708$868'.
  created $dff cell `$procdff$1767' with positive edge clock.
Creating register for signal `$paramod$77feb722284cbb4b2efebea6faec56b4318dabcc\SizedFIFO.$memwr$\arr$/teamspace/studios/this_studio/Melodica-Integration-into-Fife-Core/bsc/lib/Verilog/SizedFIFO.v:206$1219_ADDR' using process `$paramod$77feb722284cbb4b2efebea6faec56b4318dabcc\SizedFIFO.$proc$/teamspace/studios/this_studio/Melodica-Integration-into-Fife-Core/bsc/lib/Verilog/SizedFIFO.v:190$1234'.
  created $dff cell `$procdff$1768' with positive edge clock.
Creating register for signal `$paramod$77feb722284cbb4b2efebea6faec56b4318dabcc\SizedFIFO.$memwr$\arr$/teamspace/studios/this_studio/Melodica-Integration-into-Fife-Core/bsc/lib/Verilog/SizedFIFO.v:206$1219_DATA' using process `$paramod$77feb722284cbb4b2efebea6faec56b4318dabcc\SizedFIFO.$proc$/teamspace/studios/this_studio/Melodica-Integration-into-Fife-Core/bsc/lib/Verilog/SizedFIFO.v:190$1234'.
  created $dff cell `$procdff$1769' with positive edge clock.
Creating register for signal `$paramod$77feb722284cbb4b2efebea6faec56b4318dabcc\SizedFIFO.$memwr$\arr$/teamspace/studios/this_studio/Melodica-Integration-into-Fife-Core/bsc/lib/Verilog/SizedFIFO.v:206$1219_EN' using process `$paramod$77feb722284cbb4b2efebea6faec56b4318dabcc\SizedFIFO.$proc$/teamspace/studios/this_studio/Melodica-Integration-into-Fife-Core/bsc/lib/Verilog/SizedFIFO.v:190$1234'.
  created $dff cell `$procdff$1770' with positive edge clock.
Creating register for signal `$paramod$77feb722284cbb4b2efebea6faec56b4318dabcc\SizedFIFO.\D_OUT' using process `$paramod$77feb722284cbb4b2efebea6faec56b4318dabcc\SizedFIFO.$proc$/teamspace/studios/this_studio/Melodica-Integration-into-Fife-Core/bsc/lib/Verilog/SizedFIFO.v:167$1231'.
  created $dff cell `$procdff$1771' with positive edge clock.
Creating register for signal `$paramod$77feb722284cbb4b2efebea6faec56b4318dabcc\SizedFIFO.\not_ring_full' using process `$paramod$77feb722284cbb4b2efebea6faec56b4318dabcc\SizedFIFO.$proc$/teamspace/studios/this_studio/Melodica-Integration-into-Fife-Core/bsc/lib/Verilog/SizedFIFO.v:107$1226'.
  created $dff cell `$procdff$1772' with positive edge clock.
Creating register for signal `$paramod$77feb722284cbb4b2efebea6faec56b4318dabcc\SizedFIFO.\ring_empty' using process `$paramod$77feb722284cbb4b2efebea6faec56b4318dabcc\SizedFIFO.$proc$/teamspace/studios/this_studio/Melodica-Integration-into-Fife-Core/bsc/lib/Verilog/SizedFIFO.v:107$1226'.
  created $dff cell `$procdff$1773' with positive edge clock.
Creating register for signal `$paramod$77feb722284cbb4b2efebea6faec56b4318dabcc\SizedFIFO.\head' using process `$paramod$77feb722284cbb4b2efebea6faec56b4318dabcc\SizedFIFO.$proc$/teamspace/studios/this_studio/Melodica-Integration-into-Fife-Core/bsc/lib/Verilog/SizedFIFO.v:107$1226'.
  created $dff cell `$procdff$1774' with positive edge clock.
Creating register for signal `$paramod$77feb722284cbb4b2efebea6faec56b4318dabcc\SizedFIFO.\tail' using process `$paramod$77feb722284cbb4b2efebea6faec56b4318dabcc\SizedFIFO.$proc$/teamspace/studios/this_studio/Melodica-Integration-into-Fife-Core/bsc/lib/Verilog/SizedFIFO.v:107$1226'.
  created $dff cell `$procdff$1775' with positive edge clock.
Creating register for signal `$paramod$77feb722284cbb4b2efebea6faec56b4318dabcc\SizedFIFO.\hasodata' using process `$paramod$77feb722284cbb4b2efebea6faec56b4318dabcc\SizedFIFO.$proc$/teamspace/studios/this_studio/Melodica-Integration-into-Fife-Core/bsc/lib/Verilog/SizedFIFO.v:107$1226'.
  created $dff cell `$procdff$1776' with positive edge clock.
Creating register for signal `$paramod$a0c6df3c1489bcd5c1c6c2071c80faf091665997\SizedFIFO.$memwr$\arr$/teamspace/studios/this_studio/Melodica-Integration-into-Fife-Core/bsc/lib/Verilog/SizedFIFO.v:206$1188_ADDR' using process `$paramod$a0c6df3c1489bcd5c1c6c2071c80faf091665997\SizedFIFO.$proc$/teamspace/studios/this_studio/Melodica-Integration-into-Fife-Core/bsc/lib/Verilog/SizedFIFO.v:190$1203'.
  created $dff cell `$procdff$1777' with positive edge clock.
Creating register for signal `$paramod$a0c6df3c1489bcd5c1c6c2071c80faf091665997\SizedFIFO.$memwr$\arr$/teamspace/studios/this_studio/Melodica-Integration-into-Fife-Core/bsc/lib/Verilog/SizedFIFO.v:206$1188_DATA' using process `$paramod$a0c6df3c1489bcd5c1c6c2071c80faf091665997\SizedFIFO.$proc$/teamspace/studios/this_studio/Melodica-Integration-into-Fife-Core/bsc/lib/Verilog/SizedFIFO.v:190$1203'.
  created $dff cell `$procdff$1778' with positive edge clock.
Creating register for signal `$paramod$a0c6df3c1489bcd5c1c6c2071c80faf091665997\SizedFIFO.$memwr$\arr$/teamspace/studios/this_studio/Melodica-Integration-into-Fife-Core/bsc/lib/Verilog/SizedFIFO.v:206$1188_EN' using process `$paramod$a0c6df3c1489bcd5c1c6c2071c80faf091665997\SizedFIFO.$proc$/teamspace/studios/this_studio/Melodica-Integration-into-Fife-Core/bsc/lib/Verilog/SizedFIFO.v:190$1203'.
  created $dff cell `$procdff$1779' with positive edge clock.
Creating register for signal `$paramod$a0c6df3c1489bcd5c1c6c2071c80faf091665997\SizedFIFO.\D_OUT' using process `$paramod$a0c6df3c1489bcd5c1c6c2071c80faf091665997\SizedFIFO.$proc$/teamspace/studios/this_studio/Melodica-Integration-into-Fife-Core/bsc/lib/Verilog/SizedFIFO.v:167$1200'.
  created $dff cell `$procdff$1780' with positive edge clock.
Creating register for signal `$paramod$a0c6df3c1489bcd5c1c6c2071c80faf091665997\SizedFIFO.\not_ring_full' using process `$paramod$a0c6df3c1489bcd5c1c6c2071c80faf091665997\SizedFIFO.$proc$/teamspace/studios/this_studio/Melodica-Integration-into-Fife-Core/bsc/lib/Verilog/SizedFIFO.v:107$1195'.
  created $dff cell `$procdff$1781' with positive edge clock.
Creating register for signal `$paramod$a0c6df3c1489bcd5c1c6c2071c80faf091665997\SizedFIFO.\ring_empty' using process `$paramod$a0c6df3c1489bcd5c1c6c2071c80faf091665997\SizedFIFO.$proc$/teamspace/studios/this_studio/Melodica-Integration-into-Fife-Core/bsc/lib/Verilog/SizedFIFO.v:107$1195'.
  created $dff cell `$procdff$1782' with positive edge clock.
Creating register for signal `$paramod$a0c6df3c1489bcd5c1c6c2071c80faf091665997\SizedFIFO.\head' using process `$paramod$a0c6df3c1489bcd5c1c6c2071c80faf091665997\SizedFIFO.$proc$/teamspace/studios/this_studio/Melodica-Integration-into-Fife-Core/bsc/lib/Verilog/SizedFIFO.v:107$1195'.
  created $dff cell `$procdff$1783' with positive edge clock.
Creating register for signal `$paramod$a0c6df3c1489bcd5c1c6c2071c80faf091665997\SizedFIFO.\tail' using process `$paramod$a0c6df3c1489bcd5c1c6c2071c80faf091665997\SizedFIFO.$proc$/teamspace/studios/this_studio/Melodica-Integration-into-Fife-Core/bsc/lib/Verilog/SizedFIFO.v:107$1195'.
  created $dff cell `$procdff$1784' with positive edge clock.
Creating register for signal `$paramod$a0c6df3c1489bcd5c1c6c2071c80faf091665997\SizedFIFO.\hasodata' using process `$paramod$a0c6df3c1489bcd5c1c6c2071c80faf091665997\SizedFIFO.$proc$/teamspace/studios/this_studio/Melodica-Integration-into-Fife-Core/bsc/lib/Verilog/SizedFIFO.v:107$1195'.
  created $dff cell `$procdff$1785' with positive edge clock.
Creating register for signal `$paramod\FIFO1\width=32'00000000000000000000000000001010\guarded=1'1.\D_OUT' using process `$paramod\FIFO1\width=32'00000000000000000000000000001010\guarded=1'1.$proc$/teamspace/studios/this_studio/Melodica-Integration-into-Fife-Core/bsc/lib/Verilog/FIFO1.v:96$1257'.
  created $dff cell `$procdff$1786' with positive edge clock.
Creating register for signal `$paramod\FIFO1\width=32'00000000000000000000000000001010\guarded=1'1.\empty_reg' using process `$paramod\FIFO1\width=32'00000000000000000000000000001010\guarded=1'1.$proc$/teamspace/studios/this_studio/Melodica-Integration-into-Fife-Core/bsc/lib/Verilog/FIFO1.v:73$1255'.
  created $dff cell `$procdff$1787' with positive edge clock.
Creating register for signal `$paramod\FIFO1\width=32'00000000000000000000000000101001\guarded=1'1.\D_OUT' using process `$paramod\FIFO1\width=32'00000000000000000000000000101001\guarded=1'1.$proc$/teamspace/studios/this_studio/Melodica-Integration-into-Fife-Core/bsc/lib/Verilog/FIFO1.v:96$1253'.
  created $dff cell `$procdff$1788' with positive edge clock.
Creating register for signal `$paramod\FIFO1\width=32'00000000000000000000000000101001\guarded=1'1.\empty_reg' using process `$paramod\FIFO1\width=32'00000000000000000000000000101001\guarded=1'1.$proc$/teamspace/studios/this_studio/Melodica-Integration-into-Fife-Core/bsc/lib/Verilog/FIFO1.v:73$1251'.
  created $dff cell `$procdff$1789' with positive edge clock.

14.2.10. Executing PROC_MEMWR pass (convert process memory writes to cells).

14.2.11. Executing PROC_CLEAN pass (remove empty switches from decision trees).
Found and cleaned up 33 empty switches in `\mkQuire.$proc$/teamspace/studios/this_studio/Melodica-Integration-into-Fife-Core/Learn_Bluespec_and_RISCV_Design/Code/Build/Fife/verilog/mkQuire.v:2708$868'.
Removing empty process `mkQuire.$proc$/teamspace/studios/this_studio/Melodica-Integration-into-Fife-Core/Learn_Bluespec_and_RISCV_Design/Code/Build/Fife/verilog/mkQuire.v:2708$868'.
Found and cleaned up 1 empty switch in `\mkQuire.$proc$/teamspace/studios/this_studio/Melodica-Integration-into-Fife-Core/Learn_Bluespec_and_RISCV_Design/Code/Build/Fife/verilog/mkQuire.v:1979$650'.
Removing empty process `mkQuire.$proc$/teamspace/studios/this_studio/Melodica-Integration-into-Fife-Core/Learn_Bluespec_and_RISCV_Design/Code/Build/Fife/verilog/mkQuire.v:1979$650'.
Found and cleaned up 1 empty switch in `\mkQuire.$proc$/teamspace/studios/this_studio/Melodica-Integration-into-Fife-Core/Learn_Bluespec_and_RISCV_Design/Code/Build/Fife/verilog/mkQuire.v:1953$636'.
Removing empty process `mkQuire.$proc$/teamspace/studios/this_studio/Melodica-Integration-into-Fife-Core/Learn_Bluespec_and_RISCV_Design/Code/Build/Fife/verilog/mkQuire.v:1953$636'.
Found and cleaned up 1 empty switch in `\mkQuire.$proc$/teamspace/studios/this_studio/Melodica-Integration-into-Fife-Core/Learn_Bluespec_and_RISCV_Design/Code/Build/Fife/verilog/mkQuire.v:1927$622'.
Removing empty process `mkQuire.$proc$/teamspace/studios/this_studio/Melodica-Integration-into-Fife-Core/Learn_Bluespec_and_RISCV_Design/Code/Build/Fife/verilog/mkQuire.v:1927$622'.
Found and cleaned up 1 empty switch in `\mkQuire.$proc$/teamspace/studios/this_studio/Melodica-Integration-into-Fife-Core/Learn_Bluespec_and_RISCV_Design/Code/Build/Fife/verilog/mkQuire.v:1901$608'.
Removing empty process `mkQuire.$proc$/teamspace/studios/this_studio/Melodica-Integration-into-Fife-Core/Learn_Bluespec_and_RISCV_Design/Code/Build/Fife/verilog/mkQuire.v:1901$608'.
Found and cleaned up 1 empty switch in `\mkQuire.$proc$/teamspace/studios/this_studio/Melodica-Integration-into-Fife-Core/Learn_Bluespec_and_RISCV_Design/Code/Build/Fife/verilog/mkQuire.v:1875$594'.
Removing empty process `mkQuire.$proc$/teamspace/studios/this_studio/Melodica-Integration-into-Fife-Core/Learn_Bluespec_and_RISCV_Design/Code/Build/Fife/verilog/mkQuire.v:1875$594'.
Found and cleaned up 1 empty switch in `\mkQuire.$proc$/teamspace/studios/this_studio/Melodica-Integration-into-Fife-Core/Learn_Bluespec_and_RISCV_Design/Code/Build/Fife/verilog/mkQuire.v:1849$580'.
Removing empty process `mkQuire.$proc$/teamspace/studios/this_studio/Melodica-Integration-into-Fife-Core/Learn_Bluespec_and_RISCV_Design/Code/Build/Fife/verilog/mkQuire.v:1849$580'.
Found and cleaned up 1 empty switch in `\mkQuire.$proc$/teamspace/studios/this_studio/Melodica-Integration-into-Fife-Core/Learn_Bluespec_and_RISCV_Design/Code/Build/Fife/verilog/mkQuire.v:1823$566'.
Removing empty process `mkQuire.$proc$/teamspace/studios/this_studio/Melodica-Integration-into-Fife-Core/Learn_Bluespec_and_RISCV_Design/Code/Build/Fife/verilog/mkQuire.v:1823$566'.
Found and cleaned up 1 empty switch in `\mkQuire.$proc$/teamspace/studios/this_studio/Melodica-Integration-into-Fife-Core/Learn_Bluespec_and_RISCV_Design/Code/Build/Fife/verilog/mkQuire.v:1797$552'.
Removing empty process `mkQuire.$proc$/teamspace/studios/this_studio/Melodica-Integration-into-Fife-Core/Learn_Bluespec_and_RISCV_Design/Code/Build/Fife/verilog/mkQuire.v:1797$552'.
Found and cleaned up 1 empty switch in `\mkQuire.$proc$/teamspace/studios/this_studio/Melodica-Integration-into-Fife-Core/Learn_Bluespec_and_RISCV_Design/Code/Build/Fife/verilog/mkQuire.v:1774$539'.
Removing empty process `mkQuire.$proc$/teamspace/studios/this_studio/Melodica-Integration-into-Fife-Core/Learn_Bluespec_and_RISCV_Design/Code/Build/Fife/verilog/mkQuire.v:1774$539'.
Found and cleaned up 1 empty switch in `\mkQuire.$proc$/teamspace/studios/this_studio/Melodica-Integration-into-Fife-Core/Learn_Bluespec_and_RISCV_Design/Code/Build/Fife/verilog/mkQuire.v:1748$525'.
Removing empty process `mkQuire.$proc$/teamspace/studios/this_studio/Melodica-Integration-into-Fife-Core/Learn_Bluespec_and_RISCV_Design/Code/Build/Fife/verilog/mkQuire.v:1748$525'.
Found and cleaned up 1 empty switch in `\mkQuire.$proc$/teamspace/studios/this_studio/Melodica-Integration-into-Fife-Core/Learn_Bluespec_and_RISCV_Design/Code/Build/Fife/verilog/mkQuire.v:1722$511'.
Removing empty process `mkQuire.$proc$/teamspace/studios/this_studio/Melodica-Integration-into-Fife-Core/Learn_Bluespec_and_RISCV_Design/Code/Build/Fife/verilog/mkQuire.v:1722$511'.
Found and cleaned up 1 empty switch in `\mkQuire.$proc$/teamspace/studios/this_studio/Melodica-Integration-into-Fife-Core/Learn_Bluespec_and_RISCV_Design/Code/Build/Fife/verilog/mkQuire.v:1696$497'.
Removing empty process `mkQuire.$proc$/teamspace/studios/this_studio/Melodica-Integration-into-Fife-Core/Learn_Bluespec_and_RISCV_Design/Code/Build/Fife/verilog/mkQuire.v:1696$497'.
Found and cleaned up 1 empty switch in `\mkQuire.$proc$/teamspace/studios/this_studio/Melodica-Integration-into-Fife-Core/Learn_Bluespec_and_RISCV_Design/Code/Build/Fife/verilog/mkQuire.v:1670$483'.
Removing empty process `mkQuire.$proc$/teamspace/studios/this_studio/Melodica-Integration-into-Fife-Core/Learn_Bluespec_and_RISCV_Design/Code/Build/Fife/verilog/mkQuire.v:1670$483'.
Found and cleaned up 1 empty switch in `\mkQuire.$proc$/teamspace/studios/this_studio/Melodica-Integration-into-Fife-Core/Learn_Bluespec_and_RISCV_Design/Code/Build/Fife/verilog/mkQuire.v:1645$473'.
Removing empty process `mkQuire.$proc$/teamspace/studios/this_studio/Melodica-Integration-into-Fife-Core/Learn_Bluespec_and_RISCV_Design/Code/Build/Fife/verilog/mkQuire.v:1645$473'.
Found and cleaned up 1 empty switch in `\mkQuire.$proc$/teamspace/studios/this_studio/Melodica-Integration-into-Fife-Core/Learn_Bluespec_and_RISCV_Design/Code/Build/Fife/verilog/mkQuire.v:1620$463'.
Removing empty process `mkQuire.$proc$/teamspace/studios/this_studio/Melodica-Integration-into-Fife-Core/Learn_Bluespec_and_RISCV_Design/Code/Build/Fife/verilog/mkQuire.v:1620$463'.
Found and cleaned up 1 empty switch in `\mkQuire.$proc$/teamspace/studios/this_studio/Melodica-Integration-into-Fife-Core/Learn_Bluespec_and_RISCV_Design/Code/Build/Fife/verilog/mkQuire.v:1595$453'.
Removing empty process `mkQuire.$proc$/teamspace/studios/this_studio/Melodica-Integration-into-Fife-Core/Learn_Bluespec_and_RISCV_Design/Code/Build/Fife/verilog/mkQuire.v:1595$453'.
Found and cleaned up 1 empty switch in `\mkQuire.$proc$/teamspace/studios/this_studio/Melodica-Integration-into-Fife-Core/Learn_Bluespec_and_RISCV_Design/Code/Build/Fife/verilog/mkQuire.v:1570$443'.
Removing empty process `mkQuire.$proc$/teamspace/studios/this_studio/Melodica-Integration-into-Fife-Core/Learn_Bluespec_and_RISCV_Design/Code/Build/Fife/verilog/mkQuire.v:1570$443'.
Found and cleaned up 1 empty switch in `\mkQuire.$proc$/teamspace/studios/this_studio/Melodica-Integration-into-Fife-Core/Learn_Bluespec_and_RISCV_Design/Code/Build/Fife/verilog/mkQuire.v:1545$433'.
Removing empty process `mkQuire.$proc$/teamspace/studios/this_studio/Melodica-Integration-into-Fife-Core/Learn_Bluespec_and_RISCV_Design/Code/Build/Fife/verilog/mkQuire.v:1545$433'.
Found and cleaned up 1 empty switch in `\mkQuire.$proc$/teamspace/studios/this_studio/Melodica-Integration-into-Fife-Core/Learn_Bluespec_and_RISCV_Design/Code/Build/Fife/verilog/mkQuire.v:1520$423'.
Removing empty process `mkQuire.$proc$/teamspace/studios/this_studio/Melodica-Integration-into-Fife-Core/Learn_Bluespec_and_RISCV_Design/Code/Build/Fife/verilog/mkQuire.v:1520$423'.
Found and cleaned up 1 empty switch in `\mkQuire.$proc$/teamspace/studios/this_studio/Melodica-Integration-into-Fife-Core/Learn_Bluespec_and_RISCV_Design/Code/Build/Fife/verilog/mkQuire.v:1495$413'.
Removing empty process `mkQuire.$proc$/teamspace/studios/this_studio/Melodica-Integration-into-Fife-Core/Learn_Bluespec_and_RISCV_Design/Code/Build/Fife/verilog/mkQuire.v:1495$413'.
Found and cleaned up 1 empty switch in `\mkQuire.$proc$/teamspace/studios/this_studio/Melodica-Integration-into-Fife-Core/Learn_Bluespec_and_RISCV_Design/Code/Build/Fife/verilog/mkQuire.v:1470$403'.
Removing empty process `mkQuire.$proc$/teamspace/studios/this_studio/Melodica-Integration-into-Fife-Core/Learn_Bluespec_and_RISCV_Design/Code/Build/Fife/verilog/mkQuire.v:1470$403'.
Found and cleaned up 1 empty switch in `\mkQuire.$proc$/teamspace/studios/this_studio/Melodica-Integration-into-Fife-Core/Learn_Bluespec_and_RISCV_Design/Code/Build/Fife/verilog/mkQuire.v:1445$393'.
Removing empty process `mkQuire.$proc$/teamspace/studios/this_studio/Melodica-Integration-into-Fife-Core/Learn_Bluespec_and_RISCV_Design/Code/Build/Fife/verilog/mkQuire.v:1445$393'.
Found and cleaned up 1 empty switch in `\mkQuire.$proc$/teamspace/studios/this_studio/Melodica-Integration-into-Fife-Core/Learn_Bluespec_and_RISCV_Design/Code/Build/Fife/verilog/mkQuire.v:1420$383'.
Removing empty process `mkQuire.$proc$/teamspace/studios/this_studio/Melodica-Integration-into-Fife-Core/Learn_Bluespec_and_RISCV_Design/Code/Build/Fife/verilog/mkQuire.v:1420$383'.
Found and cleaned up 1 empty switch in `\mkQuire.$proc$/teamspace/studios/this_studio/Melodica-Integration-into-Fife-Core/Learn_Bluespec_and_RISCV_Design/Code/Build/Fife/verilog/mkQuire.v:1395$373'.
Removing empty process `mkQuire.$proc$/teamspace/studios/this_studio/Melodica-Integration-into-Fife-Core/Learn_Bluespec_and_RISCV_Design/Code/Build/Fife/verilog/mkQuire.v:1395$373'.
Found and cleaned up 1 empty switch in `\mkQuire.$proc$/teamspace/studios/this_studio/Melodica-Integration-into-Fife-Core/Learn_Bluespec_and_RISCV_Design/Code/Build/Fife/verilog/mkQuire.v:1371$363'.
Removing empty process `mkQuire.$proc$/teamspace/studios/this_studio/Melodica-Integration-into-Fife-Core/Learn_Bluespec_and_RISCV_Design/Code/Build/Fife/verilog/mkQuire.v:1371$363'.
Found and cleaned up 1 empty switch in `\mkQuire.$proc$/teamspace/studios/this_studio/Melodica-Integration-into-Fife-Core/Learn_Bluespec_and_RISCV_Design/Code/Build/Fife/verilog/mkQuire.v:1348$353'.
Removing empty process `mkQuire.$proc$/teamspace/studios/this_studio/Melodica-Integration-into-Fife-Core/Learn_Bluespec_and_RISCV_Design/Code/Build/Fife/verilog/mkQuire.v:1348$353'.
Found and cleaned up 1 empty switch in `$paramod$77feb722284cbb4b2efebea6faec56b4318dabcc\SizedFIFO.$proc$/teamspace/studios/this_studio/Melodica-Integration-into-Fife-Core/bsc/lib/Verilog/SizedFIFO.v:190$1234'.
Removing empty process `$paramod$77feb722284cbb4b2efebea6faec56b4318dabcc\SizedFIFO.$proc$/teamspace/studios/this_studio/Melodica-Integration-into-Fife-Core/bsc/lib/Verilog/SizedFIFO.v:190$1234'.
Found and cleaned up 1 empty switch in `$paramod$77feb722284cbb4b2efebea6faec56b4318dabcc\SizedFIFO.$proc$/teamspace/studios/this_studio/Melodica-Integration-into-Fife-Core/bsc/lib/Verilog/SizedFIFO.v:167$1231'.
Removing empty process `$paramod$77feb722284cbb4b2efebea6faec56b4318dabcc\SizedFIFO.$proc$/teamspace/studios/this_studio/Melodica-Integration-into-Fife-Core/bsc/lib/Verilog/SizedFIFO.v:167$1231'.
Found and cleaned up 3 empty switches in `$paramod$77feb722284cbb4b2efebea6faec56b4318dabcc\SizedFIFO.$proc$/teamspace/studios/this_studio/Melodica-Integration-into-Fife-Core/bsc/lib/Verilog/SizedFIFO.v:107$1226'.
Removing empty process `$paramod$77feb722284cbb4b2efebea6faec56b4318dabcc\SizedFIFO.$proc$/teamspace/studios/this_studio/Melodica-Integration-into-Fife-Core/bsc/lib/Verilog/SizedFIFO.v:107$1226'.
Found and cleaned up 1 empty switch in `$paramod$a0c6df3c1489bcd5c1c6c2071c80faf091665997\SizedFIFO.$proc$/teamspace/studios/this_studio/Melodica-Integration-into-Fife-Core/bsc/lib/Verilog/SizedFIFO.v:190$1203'.
Removing empty process `$paramod$a0c6df3c1489bcd5c1c6c2071c80faf091665997\SizedFIFO.$proc$/teamspace/studios/this_studio/Melodica-Integration-into-Fife-Core/bsc/lib/Verilog/SizedFIFO.v:190$1203'.
Found and cleaned up 1 empty switch in `$paramod$a0c6df3c1489bcd5c1c6c2071c80faf091665997\SizedFIFO.$proc$/teamspace/studios/this_studio/Melodica-Integration-into-Fife-Core/bsc/lib/Verilog/SizedFIFO.v:167$1200'.
Removing empty process `$paramod$a0c6df3c1489bcd5c1c6c2071c80faf091665997\SizedFIFO.$proc$/teamspace/studios/this_studio/Melodica-Integration-into-Fife-Core/bsc/lib/Verilog/SizedFIFO.v:167$1200'.
Found and cleaned up 3 empty switches in `$paramod$a0c6df3c1489bcd5c1c6c2071c80faf091665997\SizedFIFO.$proc$/teamspace/studios/this_studio/Melodica-Integration-into-Fife-Core/bsc/lib/Verilog/SizedFIFO.v:107$1195'.
Removing empty process `$paramod$a0c6df3c1489bcd5c1c6c2071c80faf091665997\SizedFIFO.$proc$/teamspace/studios/this_studio/Melodica-Integration-into-Fife-Core/bsc/lib/Verilog/SizedFIFO.v:107$1195'.
Found and cleaned up 1 empty switch in `$paramod\FIFO1\width=32'00000000000000000000000000001010\guarded=1'1.$proc$/teamspace/studios/this_studio/Melodica-Integration-into-Fife-Core/bsc/lib/Verilog/FIFO1.v:96$1257'.
Removing empty process `$paramod\FIFO1\width=32'00000000000000000000000000001010\guarded=1'1.$proc$/teamspace/studios/this_studio/Melodica-Integration-into-Fife-Core/bsc/lib/Verilog/FIFO1.v:96$1257'.
Found and cleaned up 4 empty switches in `$paramod\FIFO1\width=32'00000000000000000000000000001010\guarded=1'1.$proc$/teamspace/studios/this_studio/Melodica-Integration-into-Fife-Core/bsc/lib/Verilog/FIFO1.v:73$1255'.
Removing empty process `$paramod\FIFO1\width=32'00000000000000000000000000001010\guarded=1'1.$proc$/teamspace/studios/this_studio/Melodica-Integration-into-Fife-Core/bsc/lib/Verilog/FIFO1.v:73$1255'.
Found and cleaned up 1 empty switch in `$paramod\FIFO1\width=32'00000000000000000000000000101001\guarded=1'1.$proc$/teamspace/studios/this_studio/Melodica-Integration-into-Fife-Core/bsc/lib/Verilog/FIFO1.v:96$1253'.
Removing empty process `$paramod\FIFO1\width=32'00000000000000000000000000101001\guarded=1'1.$proc$/teamspace/studios/this_studio/Melodica-Integration-into-Fife-Core/bsc/lib/Verilog/FIFO1.v:96$1253'.
Found and cleaned up 4 empty switches in `$paramod\FIFO1\width=32'00000000000000000000000000101001\guarded=1'1.$proc$/teamspace/studios/this_studio/Melodica-Integration-into-Fife-Core/bsc/lib/Verilog/FIFO1.v:73$1251'.
Removing empty process `$paramod\FIFO1\width=32'00000000000000000000000000101001\guarded=1'1.$proc$/teamspace/studios/this_studio/Melodica-Integration-into-Fife-Core/bsc/lib/Verilog/FIFO1.v:73$1251'.
Cleaned up 79 empty switches.

14.2.12. Executing OPT_EXPR pass (perform const folding).
Optimizing module mkQuire.
<suppressed ~262 debug messages>
Optimizing module module_fn_twosC_quire.
Optimizing module $paramod$77feb722284cbb4b2efebea6faec56b4318dabcc\SizedFIFO.
<suppressed ~6 debug messages>
Optimizing module $paramod$a0c6df3c1489bcd5c1c6c2071c80faf091665997\SizedFIFO.
<suppressed ~6 debug messages>
Optimizing module $paramod\FIFO1\width=32'00000000000000000000000000001010\guarded=1'1.
<suppressed ~2 debug messages>
Optimizing module $paramod\FIFO1\width=32'00000000000000000000000000101001\guarded=1'1.
<suppressed ~2 debug messages>

14.3. Executing FLATTEN pass (flatten design).
Deleting now unused module module_fn_twosC_quire.
Deleting now unused module $paramod$77feb722284cbb4b2efebea6faec56b4318dabcc\SizedFIFO.
Deleting now unused module $paramod$a0c6df3c1489bcd5c1c6c2071c80faf091665997\SizedFIFO.
Deleting now unused module $paramod\FIFO1\width=32'00000000000000000000000000001010\guarded=1'1.
Deleting now unused module $paramod\FIFO1\width=32'00000000000000000000000000101001\guarded=1'1.
<suppressed ~30 debug messages>

14.4. Executing OPT_EXPR pass (perform const folding).
Optimizing module mkQuire.
<suppressed ~62 debug messages>

14.5. Executing OPT_CLEAN pass (remove unused cells and wires).
Finding unused cells or wires in module \mkQuire..
Removed 126 unused cells and 1495 unused wires.
<suppressed ~130 debug messages>

14.6. Executing CHECK pass (checking for obvious problems).
Checking module mkQuire...
Found and reported 0 problems.

14.7. Executing OPT pass (performing simple optimizations).

14.7.1. Executing OPT_EXPR pass (perform const folding).
Optimizing module mkQuire.

14.7.2. Executing OPT_MERGE pass (detect identical cells).
Finding identical cells in module `\mkQuire'.
<suppressed ~1626 debug messages>
Removed a total of 542 cells.

14.7.3. Executing OPT_MUXTREE pass (detect dead branches in mux trees).
Running muxtree optimizer on module \mkQuire..
  Creating internal representation of mux trees.
  Evaluating internal representation of mux trees.
      Replacing known input bits on port A of cell $flatten\seg_adder_vff_carry_10.$procmux$1643: \seg_adder_vff_carry_10.not_ring_full -> 1'0
      Replacing known input bits on port A of cell $flatten\seg_adder_vff_carry_11.$procmux$1643: \seg_adder_vff_carry_11.not_ring_full -> 1'0
      Replacing known input bits on port A of cell $flatten\seg_adder_vff_carry_2.$procmux$1643: \seg_adder_vff_carry_2.not_ring_full -> 1'0
      Replacing known input bits on port A of cell $flatten\seg_adder_vff_carry_3.$procmux$1643: \seg_adder_vff_carry_3.not_ring_full -> 1'0
      Replacing known input bits on port A of cell $flatten\seg_adder_vff_carry_4.$procmux$1643: \seg_adder_vff_carry_4.not_ring_full -> 1'0
      Replacing known input bits on port A of cell $flatten\seg_adder_vff_carry_5.$procmux$1643: \seg_adder_vff_carry_5.not_ring_full -> 1'0
      Replacing known input bits on port A of cell $flatten\seg_adder_vff_carry_6.$procmux$1643: \seg_adder_vff_carry_6.not_ring_full -> 1'0
      Replacing known input bits on port A of cell $flatten\seg_adder_vff_carry_7.$procmux$1643: \seg_adder_vff_carry_7.not_ring_full -> 1'0
      Replacing known input bits on port A of cell $flatten\seg_adder_vff_carry_8.$procmux$1643: \seg_adder_vff_carry_8.not_ring_full -> 1'0
      Replacing known input bits on port A of cell $flatten\seg_adder_vff_carry_9.$procmux$1643: \seg_adder_vff_carry_9.not_ring_full -> 1'0
      Replacing known input bits on port A of cell $flatten\seg_adder_vff_in_0.$procmux$1701: \seg_adder_vff_in_0.not_ring_full -> 1'0
      Replacing known input bits on port A of cell $flatten\seg_adder_vff_in_1.$procmux$1701: \seg_adder_vff_in_1.not_ring_full -> 1'0
      Replacing known input bits on port A of cell $flatten\seg_adder_vff_in_10.$procmux$1701: \seg_adder_vff_in_10.not_ring_full -> 1'0
      Replacing known input bits on port A of cell $flatten\seg_adder_vff_in_11.$procmux$1701: \seg_adder_vff_in_11.not_ring_full -> 1'0
      Replacing known input bits on port A of cell $flatten\seg_adder_vff_in_12.$procmux$1701: \seg_adder_vff_in_12.not_ring_full -> 1'0
      Replacing known input bits on port A of cell $flatten\seg_adder_vff_in_2.$procmux$1701: \seg_adder_vff_in_2.not_ring_full -> 1'0
      Replacing known input bits on port A of cell $flatten\seg_adder_vff_in_3.$procmux$1701: \seg_adder_vff_in_3.not_ring_full -> 1'0
      Replacing known input bits on port A of cell $flatten\seg_adder_vff_in_4.$procmux$1701: \seg_adder_vff_in_4.not_ring_full -> 1'0
      Replacing known input bits on port A of cell $flatten\seg_adder_vff_in_5.$procmux$1701: \seg_adder_vff_in_5.not_ring_full -> 1'0
      Replacing known input bits on port A of cell $flatten\seg_adder_vff_in_6.$procmux$1701: \seg_adder_vff_in_6.not_ring_full -> 1'0
      Replacing known input bits on port A of cell $flatten\seg_adder_vff_in_7.$procmux$1701: \seg_adder_vff_in_7.not_ring_full -> 1'0
      Replacing known input bits on port A of cell $flatten\seg_adder_vff_in_8.$procmux$1701: \seg_adder_vff_in_8.not_ring_full -> 1'0
      Replacing known input bits on port A of cell $flatten\seg_adder_vff_in_9.$procmux$1701: \seg_adder_vff_in_9.not_ring_full -> 1'0
      Replacing known input bits on port A of cell $flatten\seg_adder_vff_carry_0.$procmux$1643: \seg_adder_vff_carry_0.not_ring_full -> 1'0
      Replacing known input bits on port A of cell $flatten\seg_adder_vff_carry_1.$procmux$1643: \seg_adder_vff_carry_1.not_ring_full -> 1'0
      Replacing known input bits on port A of cell $flatten\instance_fn_twosC_quire_1.$ternary$/teamspace/studios/this_studio/Melodica-Integration-into-Fife-Core/Learn_Bluespec_and_RISCV_Design/Code/Build/Fife/verilog/module_fn_twosC_quire.v:100$103: \vrg_quire_12 -> { 1'1 \vrg_quire_12 [30:0] }
      Replacing known input bits on port A of cell $ternary$/teamspace/studios/this_studio/Melodica-Integration-into-Fife-Core/Learn_Bluespec_and_RISCV_Design/Code/Build/Fife/verilog/mkQuire.v:2691$856: \init_x [34:25] -> { 1'0 \init_x [33:25] }
  Analyzing evaluation results.
    dead port 3/4 on $pmux $flatten\seg_adder_vff_carry_10.$procmux$1609.
    dead port 3/4 on $pmux $flatten\seg_adder_vff_carry_10.$procmux$1618.
    dead port 3/4 on $pmux $flatten\seg_adder_vff_carry_10.$procmux$1627.
    dead port 3/4 on $pmux $flatten\seg_adder_vff_carry_10.$procmux$1636.
    dead port 3/4 on $pmux $flatten\seg_adder_vff_carry_10.$procmux$1645.
    dead port 3/4 on $pmux $flatten\seg_adder_vff_carry_11.$procmux$1609.
    dead port 3/4 on $pmux $flatten\seg_adder_vff_carry_11.$procmux$1618.
    dead port 3/4 on $pmux $flatten\seg_adder_vff_carry_11.$procmux$1627.
    dead port 3/4 on $pmux $flatten\seg_adder_vff_carry_11.$procmux$1636.
    dead port 3/4 on $pmux $flatten\seg_adder_vff_carry_11.$procmux$1645.
    dead port 3/4 on $pmux $flatten\seg_adder_vff_carry_2.$procmux$1609.
    dead port 3/4 on $pmux $flatten\seg_adder_vff_carry_2.$procmux$1618.
    dead port 3/4 on $pmux $flatten\seg_adder_vff_carry_2.$procmux$1627.
    dead port 3/4 on $pmux $flatten\seg_adder_vff_carry_2.$procmux$1636.
    dead port 3/4 on $pmux $flatten\seg_adder_vff_carry_2.$procmux$1645.
    dead port 3/4 on $pmux $flatten\seg_adder_vff_carry_3.$procmux$1609.
    dead port 3/4 on $pmux $flatten\seg_adder_vff_carry_3.$procmux$1618.
    dead port 3/4 on $pmux $flatten\seg_adder_vff_carry_3.$procmux$1627.
    dead port 3/4 on $pmux $flatten\seg_adder_vff_carry_3.$procmux$1636.
    dead port 3/4 on $pmux $flatten\seg_adder_vff_carry_3.$procmux$1645.
    dead port 3/4 on $pmux $flatten\seg_adder_vff_carry_4.$procmux$1609.
    dead port 3/4 on $pmux $flatten\seg_adder_vff_carry_4.$procmux$1618.
    dead port 3/4 on $pmux $flatten\seg_adder_vff_carry_4.$procmux$1627.
    dead port 3/4 on $pmux $flatten\seg_adder_vff_carry_4.$procmux$1636.
    dead port 3/4 on $pmux $flatten\seg_adder_vff_carry_4.$procmux$1645.
    dead port 3/4 on $pmux $flatten\seg_adder_vff_carry_5.$procmux$1609.
    dead port 3/4 on $pmux $flatten\seg_adder_vff_carry_5.$procmux$1618.
    dead port 3/4 on $pmux $flatten\seg_adder_vff_carry_5.$procmux$1627.
    dead port 3/4 on $pmux $flatten\seg_adder_vff_carry_5.$procmux$1636.
    dead port 3/4 on $pmux $flatten\seg_adder_vff_carry_5.$procmux$1645.
    dead port 3/4 on $pmux $flatten\seg_adder_vff_carry_6.$procmux$1609.
    dead port 3/4 on $pmux $flatten\seg_adder_vff_carry_6.$procmux$1618.
    dead port 3/4 on $pmux $flatten\seg_adder_vff_carry_6.$procmux$1627.
    dead port 3/4 on $pmux $flatten\seg_adder_vff_carry_6.$procmux$1636.
    dead port 3/4 on $pmux $flatten\seg_adder_vff_carry_6.$procmux$1645.
    dead port 3/4 on $pmux $flatten\seg_adder_vff_carry_7.$procmux$1609.
    dead port 3/4 on $pmux $flatten\seg_adder_vff_carry_7.$procmux$1618.
    dead port 3/4 on $pmux $flatten\seg_adder_vff_carry_7.$procmux$1627.
    dead port 3/4 on $pmux $flatten\seg_adder_vff_carry_7.$procmux$1636.
    dead port 3/4 on $pmux $flatten\seg_adder_vff_carry_7.$procmux$1645.
    dead port 3/4 on $pmux $flatten\seg_adder_vff_carry_8.$procmux$1609.
    dead port 3/4 on $pmux $flatten\seg_adder_vff_carry_8.$procmux$1618.
    dead port 3/4 on $pmux $flatten\seg_adder_vff_carry_8.$procmux$1627.
    dead port 3/4 on $pmux $flatten\seg_adder_vff_carry_8.$procmux$1636.
    dead port 3/4 on $pmux $flatten\seg_adder_vff_carry_8.$procmux$1645.
    dead port 3/4 on $pmux $flatten\seg_adder_vff_carry_9.$procmux$1609.
    dead port 3/4 on $pmux $flatten\seg_adder_vff_carry_9.$procmux$1618.
    dead port 3/4 on $pmux $flatten\seg_adder_vff_carry_9.$procmux$1627.
    dead port 3/4 on $pmux $flatten\seg_adder_vff_carry_9.$procmux$1636.
    dead port 3/4 on $pmux $flatten\seg_adder_vff_carry_9.$procmux$1645.
    dead port 3/4 on $pmux $flatten\seg_adder_vff_in_0.$procmux$1667.
    dead port 3/4 on $pmux $flatten\seg_adder_vff_in_0.$procmux$1676.
    dead port 3/4 on $pmux $flatten\seg_adder_vff_in_0.$procmux$1685.
    dead port 3/4 on $pmux $flatten\seg_adder_vff_in_0.$procmux$1694.
    dead port 3/4 on $pmux $flatten\seg_adder_vff_in_0.$procmux$1703.
    dead port 3/4 on $pmux $flatten\seg_adder_vff_in_1.$procmux$1667.
    dead port 3/4 on $pmux $flatten\seg_adder_vff_in_1.$procmux$1676.
    dead port 3/4 on $pmux $flatten\seg_adder_vff_in_1.$procmux$1685.
    dead port 3/4 on $pmux $flatten\seg_adder_vff_in_1.$procmux$1694.
    dead port 3/4 on $pmux $flatten\seg_adder_vff_in_1.$procmux$1703.
    dead port 3/4 on $pmux $flatten\seg_adder_vff_in_10.$procmux$1667.
    dead port 3/4 on $pmux $flatten\seg_adder_vff_in_10.$procmux$1676.
    dead port 3/4 on $pmux $flatten\seg_adder_vff_in_10.$procmux$1685.
    dead port 3/4 on $pmux $flatten\seg_adder_vff_in_10.$procmux$1694.
    dead port 3/4 on $pmux $flatten\seg_adder_vff_in_10.$procmux$1703.
    dead port 3/4 on $pmux $flatten\seg_adder_vff_in_11.$procmux$1667.
    dead port 3/4 on $pmux $flatten\seg_adder_vff_in_11.$procmux$1676.
    dead port 3/4 on $pmux $flatten\seg_adder_vff_in_11.$procmux$1685.
    dead port 3/4 on $pmux $flatten\seg_adder_vff_in_11.$procmux$1694.
    dead port 3/4 on $pmux $flatten\seg_adder_vff_in_11.$procmux$1703.
    dead port 3/4 on $pmux $flatten\seg_adder_vff_in_12.$procmux$1667.
    dead port 3/4 on $pmux $flatten\seg_adder_vff_in_12.$procmux$1676.
    dead port 3/4 on $pmux $flatten\seg_adder_vff_in_12.$procmux$1685.
    dead port 3/4 on $pmux $flatten\seg_adder_vff_in_12.$procmux$1694.
    dead port 3/4 on $pmux $flatten\seg_adder_vff_in_12.$procmux$1703.
    dead port 3/4 on $pmux $flatten\seg_adder_vff_in_2.$procmux$1667.
    dead port 3/4 on $pmux $flatten\seg_adder_vff_in_2.$procmux$1676.
    dead port 3/4 on $pmux $flatten\seg_adder_vff_in_2.$procmux$1685.
    dead port 3/4 on $pmux $flatten\seg_adder_vff_in_2.$procmux$1694.
    dead port 3/4 on $pmux $flatten\seg_adder_vff_in_2.$procmux$1703.
    dead port 3/4 on $pmux $flatten\seg_adder_vff_in_3.$procmux$1667.
    dead port 3/4 on $pmux $flatten\seg_adder_vff_in_3.$procmux$1676.
    dead port 3/4 on $pmux $flatten\seg_adder_vff_in_3.$procmux$1685.
    dead port 3/4 on $pmux $flatten\seg_adder_vff_in_3.$procmux$1694.
    dead port 3/4 on $pmux $flatten\seg_adder_vff_in_3.$procmux$1703.
    dead port 3/4 on $pmux $flatten\seg_adder_vff_in_4.$procmux$1667.
    dead port 3/4 on $pmux $flatten\seg_adder_vff_in_4.$procmux$1676.
    dead port 3/4 on $pmux $flatten\seg_adder_vff_in_4.$procmux$1685.
    dead port 3/4 on $pmux $flatten\seg_adder_vff_in_4.$procmux$1694.
    dead port 3/4 on $pmux $flatten\seg_adder_vff_in_4.$procmux$1703.
    dead port 3/4 on $pmux $flatten\seg_adder_vff_in_5.$procmux$1667.
    dead port 3/4 on $pmux $flatten\seg_adder_vff_in_5.$procmux$1676.
    dead port 3/4 on $pmux $flatten\seg_adder_vff_in_5.$procmux$1685.
    dead port 3/4 on $pmux $flatten\seg_adder_vff_in_5.$procmux$1694.
    dead port 3/4 on $pmux $flatten\seg_adder_vff_in_5.$procmux$1703.
    dead port 3/4 on $pmux $flatten\seg_adder_vff_in_6.$procmux$1667.
    dead port 3/4 on $pmux $flatten\seg_adder_vff_in_6.$procmux$1676.
    dead port 3/4 on $pmux $flatten\seg_adder_vff_in_6.$procmux$1685.
    dead port 3/4 on $pmux $flatten\seg_adder_vff_in_6.$procmux$1694.
    dead port 3/4 on $pmux $flatten\seg_adder_vff_in_6.$procmux$1703.
    dead port 3/4 on $pmux $flatten\seg_adder_vff_in_7.$procmux$1667.
    dead port 3/4 on $pmux $flatten\seg_adder_vff_in_7.$procmux$1676.
    dead port 3/4 on $pmux $flatten\seg_adder_vff_in_7.$procmux$1685.
    dead port 3/4 on $pmux $flatten\seg_adder_vff_in_7.$procmux$1694.
    dead port 3/4 on $pmux $flatten\seg_adder_vff_in_7.$procmux$1703.
    dead port 3/4 on $pmux $flatten\seg_adder_vff_in_8.$procmux$1667.
    dead port 3/4 on $pmux $flatten\seg_adder_vff_in_8.$procmux$1676.
    dead port 3/4 on $pmux $flatten\seg_adder_vff_in_8.$procmux$1685.
    dead port 3/4 on $pmux $flatten\seg_adder_vff_in_8.$procmux$1694.
    dead port 3/4 on $pmux $flatten\seg_adder_vff_in_8.$procmux$1703.
    dead port 3/4 on $pmux $flatten\seg_adder_vff_in_9.$procmux$1667.
    dead port 3/4 on $pmux $flatten\seg_adder_vff_in_9.$procmux$1676.
    dead port 3/4 on $pmux $flatten\seg_adder_vff_in_9.$procmux$1685.
    dead port 3/4 on $pmux $flatten\seg_adder_vff_in_9.$procmux$1694.
    dead port 3/4 on $pmux $flatten\seg_adder_vff_in_9.$procmux$1703.
    dead port 3/4 on $pmux $flatten\seg_adder_vff_carry_0.$procmux$1609.
    dead port 3/4 on $pmux $flatten\seg_adder_vff_carry_0.$procmux$1618.
    dead port 3/4 on $pmux $flatten\seg_adder_vff_carry_0.$procmux$1627.
    dead port 3/4 on $pmux $flatten\seg_adder_vff_carry_0.$procmux$1636.
    dead port 3/4 on $pmux $flatten\seg_adder_vff_carry_0.$procmux$1645.
    dead port 3/4 on $pmux $flatten\seg_adder_vff_carry_1.$procmux$1609.
    dead port 3/4 on $pmux $flatten\seg_adder_vff_carry_1.$procmux$1618.
    dead port 3/4 on $pmux $flatten\seg_adder_vff_carry_1.$procmux$1627.
    dead port 3/4 on $pmux $flatten\seg_adder_vff_carry_1.$procmux$1636.
    dead port 3/4 on $pmux $flatten\seg_adder_vff_carry_1.$procmux$1645.
Removed 125 multiplexer ports.
<suppressed ~320 debug messages>

14.7.4. Executing OPT_REDUCE pass (consolidate $*mux and $reduce_* inputs).
  Optimizing cells in module \mkQuire.
    New ctrl vector for $pmux cell $flatten\seg_adder_vff_carry_10.$procmux$1603: { $auto$opt_reduce.cc:134:opt_pmux$1799 $auto$opt_reduce.cc:134:opt_pmux$1797 }
    New ctrl vector for $pmux cell $flatten\seg_adder_vff_carry_10.$procmux$1627: $auto$opt_reduce.cc:134:opt_pmux$1801
    New ctrl vector for $pmux cell $flatten\seg_adder_vff_carry_11.$procmux$1603: { $auto$opt_reduce.cc:134:opt_pmux$1805 $auto$opt_reduce.cc:134:opt_pmux$1803 }
    New ctrl vector for $pmux cell $flatten\seg_adder_vff_carry_11.$procmux$1627: $auto$opt_reduce.cc:134:opt_pmux$1807
    New ctrl vector for $pmux cell $flatten\seg_adder_vff_carry_2.$procmux$1603: { $auto$opt_reduce.cc:134:opt_pmux$1811 $auto$opt_reduce.cc:134:opt_pmux$1809 }
    New ctrl vector for $pmux cell $flatten\seg_adder_vff_carry_2.$procmux$1627: $auto$opt_reduce.cc:134:opt_pmux$1813
    New ctrl vector for $pmux cell $flatten\seg_adder_vff_carry_3.$procmux$1603: { $auto$opt_reduce.cc:134:opt_pmux$1817 $auto$opt_reduce.cc:134:opt_pmux$1815 }
    New ctrl vector for $pmux cell $flatten\seg_adder_vff_carry_3.$procmux$1627: $auto$opt_reduce.cc:134:opt_pmux$1819
    New ctrl vector for $pmux cell $flatten\seg_adder_vff_carry_4.$procmux$1603: { $auto$opt_reduce.cc:134:opt_pmux$1823 $auto$opt_reduce.cc:134:opt_pmux$1821 }
    New ctrl vector for $pmux cell $flatten\seg_adder_vff_carry_4.$procmux$1627: $auto$opt_reduce.cc:134:opt_pmux$1825
    New ctrl vector for $pmux cell $flatten\seg_adder_vff_carry_5.$procmux$1603: { $auto$opt_reduce.cc:134:opt_pmux$1829 $auto$opt_reduce.cc:134:opt_pmux$1827 }
    New ctrl vector for $pmux cell $flatten\seg_adder_vff_carry_5.$procmux$1627: $auto$opt_reduce.cc:134:opt_pmux$1831
    New ctrl vector for $pmux cell $flatten\seg_adder_vff_carry_6.$procmux$1603: { $auto$opt_reduce.cc:134:opt_pmux$1835 $auto$opt_reduce.cc:134:opt_pmux$1833 }
    New ctrl vector for $pmux cell $flatten\seg_adder_vff_carry_6.$procmux$1627: $auto$opt_reduce.cc:134:opt_pmux$1837
    New ctrl vector for $pmux cell $flatten\seg_adder_vff_carry_7.$procmux$1603: { $auto$opt_reduce.cc:134:opt_pmux$1841 $auto$opt_reduce.cc:134:opt_pmux$1839 }
    New ctrl vector for $pmux cell $flatten\seg_adder_vff_carry_7.$procmux$1627: $auto$opt_reduce.cc:134:opt_pmux$1843
    New ctrl vector for $pmux cell $flatten\seg_adder_vff_carry_8.$procmux$1603: { $auto$opt_reduce.cc:134:opt_pmux$1847 $auto$opt_reduce.cc:134:opt_pmux$1845 }
    New ctrl vector for $pmux cell $flatten\seg_adder_vff_carry_8.$procmux$1627: $auto$opt_reduce.cc:134:opt_pmux$1849
    New ctrl vector for $pmux cell $flatten\seg_adder_vff_carry_9.$procmux$1603: { $auto$opt_reduce.cc:134:opt_pmux$1853 $auto$opt_reduce.cc:134:opt_pmux$1851 }
    New ctrl vector for $pmux cell $flatten\seg_adder_vff_carry_9.$procmux$1627: $auto$opt_reduce.cc:134:opt_pmux$1855
    Consolidated identical input bits for $mux cell $flatten\seg_adder_vff_in_0.$procmux$1653:
      Old ports: A=0, B=32'11111111111111111111111111111111, Y=$flatten\seg_adder_vff_in_0.$0$memwr$\arr$/teamspace/studios/this_studio/Melodica-Integration-into-Fife-Core/bsc/lib/Verilog/SizedFIFO.v:206$1188_EN[31:0]$1206
      New ports: A=1'0, B=1'1, Y=$flatten\seg_adder_vff_in_0.$0$memwr$\arr$/teamspace/studios/this_studio/Melodica-Integration-into-Fife-Core/bsc/lib/Verilog/SizedFIFO.v:206$1188_EN[31:0]$1206 [0]
      New connections: $flatten\seg_adder_vff_in_0.$0$memwr$\arr$/teamspace/studios/this_studio/Melodica-Integration-into-Fife-Core/bsc/lib/Verilog/SizedFIFO.v:206$1188_EN[31:0]$1206 [31:1] = { $flatten\seg_adder_vff_in_0.$0$memwr$\arr$/teamspace/studios/this_studio/Melodica-Integration-into-Fife-Core/bsc/lib/Verilog/SizedFIFO.v:206$1188_EN[31:0]$1206 [0] $flatten\seg_adder_vff_in_0.$0$memwr$\arr$/teamspace/studios/this_studio/Melodica-Integration-into-Fife-Core/bsc/lib/Verilog/SizedFIFO.v:206$1188_EN[31:0]$1206 [0] $flatten\seg_adder_vff_in_0.$0$memwr$\arr$/teamspace/studios/this_studio/Melodica-Integration-into-Fife-Core/bsc/lib/Verilog/SizedFIFO.v:206$1188_EN[31:0]$1206 [0] $flatten\seg_adder_vff_in_0.$0$memwr$\arr$/teamspace/studios/this_studio/Melodica-Integration-into-Fife-Core/bsc/lib/Verilog/SizedFIFO.v:206$1188_EN[31:0]$1206 [0] $flatten\seg_adder_vff_in_0.$0$memwr$\arr$/teamspace/studios/this_studio/Melodica-Integration-into-Fife-Core/bsc/lib/Verilog/SizedFIFO.v:206$1188_EN[31:0]$1206 [0] $flatten\seg_adder_vff_in_0.$0$memwr$\arr$/teamspace/studios/this_studio/Melodica-Integration-into-Fife-Core/bsc/lib/Verilog/SizedFIFO.v:206$1188_EN[31:0]$1206 [0] $flatten\seg_adder_vff_in_0.$0$memwr$\arr$/teamspace/studios/this_studio/Melodica-Integration-into-Fife-Core/bsc/lib/Verilog/SizedFIFO.v:206$1188_EN[31:0]$1206 [0] $flatten\seg_adder_vff_in_0.$0$memwr$\arr$/teamspace/studios/this_studio/Melodica-Integration-into-Fife-Core/bsc/lib/Verilog/SizedFIFO.v:206$1188_EN[31:0]$1206 [0] $flatten\seg_adder_vff_in_0.$0$memwr$\arr$/teamspace/studios/this_studio/Melodica-Integration-into-Fife-Core/bsc/lib/Verilog/SizedFIFO.v:206$1188_EN[31:0]$1206 [0] $flatten\seg_adder_vff_in_0.$0$memwr$\arr$/teamspace/studios/this_studio/Melodica-Integration-into-Fife-Core/bsc/lib/Verilog/SizedFIFO.v:206$1188_EN[31:0]$1206 [0] $flatten\seg_adder_vff_in_0.$0$memwr$\arr$/teamspace/studios/this_studio/Melodica-Integration-into-Fife-Core/bsc/lib/Verilog/SizedFIFO.v:206$1188_EN[31:0]$1206 [0] $flatten\seg_adder_vff_in_0.$0$memwr$\arr$/teamspace/studios/this_studio/Melodica-Integration-into-Fife-Core/bsc/lib/Verilog/SizedFIFO.v:206$1188_EN[31:0]$1206 [0] $flatten\seg_adder_vff_in_0.$0$memwr$\arr$/teamspace/studios/this_studio/Melodica-Integration-into-Fife-Core/bsc/lib/Verilog/SizedFIFO.v:206$1188_EN[31:0]$1206 [0] $flatten\seg_adder_vff_in_0.$0$memwr$\arr$/teamspace/studios/this_studio/Melodica-Integration-into-Fife-Core/bsc/lib/Verilog/SizedFIFO.v:206$1188_EN[31:0]$1206 [0] $flatten\seg_adder_vff_in_0.$0$memwr$\arr$/teamspace/studios/this_studio/Melodica-Integration-into-Fife-Core/bsc/lib/Verilog/SizedFIFO.v:206$1188_EN[31:0]$1206 [0] $flatten\seg_adder_vff_in_0.$0$memwr$\arr$/teamspace/studios/this_studio/Melodica-Integration-into-Fife-Core/bsc/lib/Verilog/SizedFIFO.v:206$1188_EN[31:0]$1206 [0] $flatten\seg_adder_vff_in_0.$0$memwr$\arr$/teamspace/studios/this_studio/Melodica-Integration-into-Fife-Core/bsc/lib/Verilog/SizedFIFO.v:206$1188_EN[31:0]$1206 [0] $flatten\seg_adder_vff_in_0.$0$memwr$\arr$/teamspace/studios/this_studio/Melodica-Integration-into-Fife-Core/bsc/lib/Verilog/SizedFIFO.v:206$1188_EN[31:0]$1206 [0] $flatten\seg_adder_vff_in_0.$0$memwr$\arr$/teamspace/studios/this_studio/Melodica-Integration-into-Fife-Core/bsc/lib/Verilog/SizedFIFO.v:206$1188_EN[31:0]$1206 [0] $flatten\seg_adder_vff_in_0.$0$memwr$\arr$/teamspace/studios/this_studio/Melodica-Integration-into-Fife-Core/bsc/lib/Verilog/SizedFIFO.v:206$1188_EN[31:0]$1206 [0] $flatten\seg_adder_vff_in_0.$0$memwr$\arr$/teamspace/studios/this_studio/Melodica-Integration-into-Fife-Core/bsc/lib/Verilog/SizedFIFO.v:206$1188_EN[31:0]$1206 [0] $flatten\seg_adder_vff_in_0.$0$memwr$\arr$/teamspace/studios/this_studio/Melodica-Integration-into-Fife-Core/bsc/lib/Verilog/SizedFIFO.v:206$1188_EN[31:0]$1206 [0] $flatten\seg_adder_vff_in_0.$0$memwr$\arr$/teamspace/studios/this_studio/Melodica-Integration-into-Fife-Core/bsc/lib/Verilog/SizedFIFO.v:206$1188_EN[31:0]$1206 [0] $flatten\seg_adder_vff_in_0.$0$memwr$\arr$/teamspace/studios/this_studio/Melodica-Integration-into-Fife-Core/bsc/lib/Verilog/SizedFIFO.v:206$1188_EN[31:0]$1206 [0] $flatten\seg_adder_vff_in_0.$0$memwr$\arr$/teamspace/studios/this_studio/Melodica-Integration-into-Fife-Core/bsc/lib/Verilog/SizedFIFO.v:206$1188_EN[31:0]$1206 [0] $flatten\seg_adder_vff_in_0.$0$memwr$\arr$/teamspace/studios/this_studio/Melodica-Integration-into-Fife-Core/bsc/lib/Verilog/SizedFIFO.v:206$1188_EN[31:0]$1206 [0] $flatten\seg_adder_vff_in_0.$0$memwr$\arr$/teamspace/studios/this_studio/Melodica-Integration-into-Fife-Core/bsc/lib/Verilog/SizedFIFO.v:206$1188_EN[31:0]$1206 [0] $flatten\seg_adder_vff_in_0.$0$memwr$\arr$/teamspace/studios/this_studio/Melodica-Integration-into-Fife-Core/bsc/lib/Verilog/SizedFIFO.v:206$1188_EN[31:0]$1206 [0] $flatten\seg_adder_vff_in_0.$0$memwr$\arr$/teamspace/studios/this_studio/Melodica-Integration-into-Fife-Core/bsc/lib/Verilog/SizedFIFO.v:206$1188_EN[31:0]$1206 [0] $flatten\seg_adder_vff_in_0.$0$memwr$\arr$/teamspace/studios/this_studio/Melodica-Integration-into-Fife-Core/bsc/lib/Verilog/SizedFIFO.v:206$1188_EN[31:0]$1206 [0] $flatten\seg_adder_vff_in_0.$0$memwr$\arr$/teamspace/studios/this_studio/Melodica-Integration-into-Fife-Core/bsc/lib/Verilog/SizedFIFO.v:206$1188_EN[31:0]$1206 [0] }
    New ctrl vector for $pmux cell $flatten\seg_adder_vff_in_0.$procmux$1661: { $auto$opt_reduce.cc:134:opt_pmux$1859 $auto$opt_reduce.cc:134:opt_pmux$1857 }
    New ctrl vector for $pmux cell $flatten\seg_adder_vff_in_0.$procmux$1685: $auto$opt_reduce.cc:134:opt_pmux$1861
    Consolidated identical input bits for $mux cell $flatten\seg_adder_vff_in_1.$procmux$1653:
      Old ports: A=0, B=32'11111111111111111111111111111111, Y=$flatten\seg_adder_vff_in_1.$0$memwr$\arr$/teamspace/studios/this_studio/Melodica-Integration-into-Fife-Core/bsc/lib/Verilog/SizedFIFO.v:206$1188_EN[31:0]$1206
      New ports: A=1'0, B=1'1, Y=$flatten\seg_adder_vff_in_1.$0$memwr$\arr$/teamspace/studios/this_studio/Melodica-Integration-into-Fife-Core/bsc/lib/Verilog/SizedFIFO.v:206$1188_EN[31:0]$1206 [0]
      New connections: $flatten\seg_adder_vff_in_1.$0$memwr$\arr$/teamspace/studios/this_studio/Melodica-Integration-into-Fife-Core/bsc/lib/Verilog/SizedFIFO.v:206$1188_EN[31:0]$1206 [31:1] = { $flatten\seg_adder_vff_in_1.$0$memwr$\arr$/teamspace/studios/this_studio/Melodica-Integration-into-Fife-Core/bsc/lib/Verilog/SizedFIFO.v:206$1188_EN[31:0]$1206 [0] $flatten\seg_adder_vff_in_1.$0$memwr$\arr$/teamspace/studios/this_studio/Melodica-Integration-into-Fife-Core/bsc/lib/Verilog/SizedFIFO.v:206$1188_EN[31:0]$1206 [0] $flatten\seg_adder_vff_in_1.$0$memwr$\arr$/teamspace/studios/this_studio/Melodica-Integration-into-Fife-Core/bsc/lib/Verilog/SizedFIFO.v:206$1188_EN[31:0]$1206 [0] $flatten\seg_adder_vff_in_1.$0$memwr$\arr$/teamspace/studios/this_studio/Melodica-Integration-into-Fife-Core/bsc/lib/Verilog/SizedFIFO.v:206$1188_EN[31:0]$1206 [0] $flatten\seg_adder_vff_in_1.$0$memwr$\arr$/teamspace/studios/this_studio/Melodica-Integration-into-Fife-Core/bsc/lib/Verilog/SizedFIFO.v:206$1188_EN[31:0]$1206 [0] $flatten\seg_adder_vff_in_1.$0$memwr$\arr$/teamspace/studios/this_studio/Melodica-Integration-into-Fife-Core/bsc/lib/Verilog/SizedFIFO.v:206$1188_EN[31:0]$1206 [0] $flatten\seg_adder_vff_in_1.$0$memwr$\arr$/teamspace/studios/this_studio/Melodica-Integration-into-Fife-Core/bsc/lib/Verilog/SizedFIFO.v:206$1188_EN[31:0]$1206 [0] $flatten\seg_adder_vff_in_1.$0$memwr$\arr$/teamspace/studios/this_studio/Melodica-Integration-into-Fife-Core/bsc/lib/Verilog/SizedFIFO.v:206$1188_EN[31:0]$1206 [0] $flatten\seg_adder_vff_in_1.$0$memwr$\arr$/teamspace/studios/this_studio/Melodica-Integration-into-Fife-Core/bsc/lib/Verilog/SizedFIFO.v:206$1188_EN[31:0]$1206 [0] $flatten\seg_adder_vff_in_1.$0$memwr$\arr$/teamspace/studios/this_studio/Melodica-Integration-into-Fife-Core/bsc/lib/Verilog/SizedFIFO.v:206$1188_EN[31:0]$1206 [0] $flatten\seg_adder_vff_in_1.$0$memwr$\arr$/teamspace/studios/this_studio/Melodica-Integration-into-Fife-Core/bsc/lib/Verilog/SizedFIFO.v:206$1188_EN[31:0]$1206 [0] $flatten\seg_adder_vff_in_1.$0$memwr$\arr$/teamspace/studios/this_studio/Melodica-Integration-into-Fife-Core/bsc/lib/Verilog/SizedFIFO.v:206$1188_EN[31:0]$1206 [0] $flatten\seg_adder_vff_in_1.$0$memwr$\arr$/teamspace/studios/this_studio/Melodica-Integration-into-Fife-Core/bsc/lib/Verilog/SizedFIFO.v:206$1188_EN[31:0]$1206 [0] $flatten\seg_adder_vff_in_1.$0$memwr$\arr$/teamspace/studios/this_studio/Melodica-Integration-into-Fife-Core/bsc/lib/Verilog/SizedFIFO.v:206$1188_EN[31:0]$1206 [0] $flatten\seg_adder_vff_in_1.$0$memwr$\arr$/teamspace/studios/this_studio/Melodica-Integration-into-Fife-Core/bsc/lib/Verilog/SizedFIFO.v:206$1188_EN[31:0]$1206 [0] $flatten\seg_adder_vff_in_1.$0$memwr$\arr$/teamspace/studios/this_studio/Melodica-Integration-into-Fife-Core/bsc/lib/Verilog/SizedFIFO.v:206$1188_EN[31:0]$1206 [0] $flatten\seg_adder_vff_in_1.$0$memwr$\arr$/teamspace/studios/this_studio/Melodica-Integration-into-Fife-Core/bsc/lib/Verilog/SizedFIFO.v:206$1188_EN[31:0]$1206 [0] $flatten\seg_adder_vff_in_1.$0$memwr$\arr$/teamspace/studios/this_studio/Melodica-Integration-into-Fife-Core/bsc/lib/Verilog/SizedFIFO.v:206$1188_EN[31:0]$1206 [0] $flatten\seg_adder_vff_in_1.$0$memwr$\arr$/teamspace/studios/this_studio/Melodica-Integration-into-Fife-Core/bsc/lib/Verilog/SizedFIFO.v:206$1188_EN[31:0]$1206 [0] $flatten\seg_adder_vff_in_1.$0$memwr$\arr$/teamspace/studios/this_studio/Melodica-Integration-into-Fife-Core/bsc/lib/Verilog/SizedFIFO.v:206$1188_EN[31:0]$1206 [0] $flatten\seg_adder_vff_in_1.$0$memwr$\arr$/teamspace/studios/this_studio/Melodica-Integration-into-Fife-Core/bsc/lib/Verilog/SizedFIFO.v:206$1188_EN[31:0]$1206 [0] $flatten\seg_adder_vff_in_1.$0$memwr$\arr$/teamspace/studios/this_studio/Melodica-Integration-into-Fife-Core/bsc/lib/Verilog/SizedFIFO.v:206$1188_EN[31:0]$1206 [0] $flatten\seg_adder_vff_in_1.$0$memwr$\arr$/teamspace/studios/this_studio/Melodica-Integration-into-Fife-Core/bsc/lib/Verilog/SizedFIFO.v:206$1188_EN[31:0]$1206 [0] $flatten\seg_adder_vff_in_1.$0$memwr$\arr$/teamspace/studios/this_studio/Melodica-Integration-into-Fife-Core/bsc/lib/Verilog/SizedFIFO.v:206$1188_EN[31:0]$1206 [0] $flatten\seg_adder_vff_in_1.$0$memwr$\arr$/teamspace/studios/this_studio/Melodica-Integration-into-Fife-Core/bsc/lib/Verilog/SizedFIFO.v:206$1188_EN[31:0]$1206 [0] $flatten\seg_adder_vff_in_1.$0$memwr$\arr$/teamspace/studios/this_studio/Melodica-Integration-into-Fife-Core/bsc/lib/Verilog/SizedFIFO.v:206$1188_EN[31:0]$1206 [0] $flatten\seg_adder_vff_in_1.$0$memwr$\arr$/teamspace/studios/this_studio/Melodica-Integration-into-Fife-Core/bsc/lib/Verilog/SizedFIFO.v:206$1188_EN[31:0]$1206 [0] $flatten\seg_adder_vff_in_1.$0$memwr$\arr$/teamspace/studios/this_studio/Melodica-Integration-into-Fife-Core/bsc/lib/Verilog/SizedFIFO.v:206$1188_EN[31:0]$1206 [0] $flatten\seg_adder_vff_in_1.$0$memwr$\arr$/teamspace/studios/this_studio/Melodica-Integration-into-Fife-Core/bsc/lib/Verilog/SizedFIFO.v:206$1188_EN[31:0]$1206 [0] $flatten\seg_adder_vff_in_1.$0$memwr$\arr$/teamspace/studios/this_studio/Melodica-Integration-into-Fife-Core/bsc/lib/Verilog/SizedFIFO.v:206$1188_EN[31:0]$1206 [0] $flatten\seg_adder_vff_in_1.$0$memwr$\arr$/teamspace/studios/this_studio/Melodica-Integration-into-Fife-Core/bsc/lib/Verilog/SizedFIFO.v:206$1188_EN[31:0]$1206 [0] }
    New ctrl vector for $pmux cell $flatten\seg_adder_vff_in_1.$procmux$1661: { $auto$opt_reduce.cc:134:opt_pmux$1865 $auto$opt_reduce.cc:134:opt_pmux$1863 }
    New ctrl vector for $pmux cell $flatten\seg_adder_vff_in_1.$procmux$1685: $auto$opt_reduce.cc:134:opt_pmux$1867
    Consolidated identical input bits for $mux cell $flatten\seg_adder_vff_in_10.$procmux$1653:
      Old ports: A=0, B=32'11111111111111111111111111111111, Y=$flatten\seg_adder_vff_in_10.$0$memwr$\arr$/teamspace/studios/this_studio/Melodica-Integration-into-Fife-Core/bsc/lib/Verilog/SizedFIFO.v:206$1188_EN[31:0]$1206
      New ports: A=1'0, B=1'1, Y=$flatten\seg_adder_vff_in_10.$0$memwr$\arr$/teamspace/studios/this_studio/Melodica-Integration-into-Fife-Core/bsc/lib/Verilog/SizedFIFO.v:206$1188_EN[31:0]$1206 [0]
      New connections: $flatten\seg_adder_vff_in_10.$0$memwr$\arr$/teamspace/studios/this_studio/Melodica-Integration-into-Fife-Core/bsc/lib/Verilog/SizedFIFO.v:206$1188_EN[31:0]$1206 [31:1] = { $flatten\seg_adder_vff_in_10.$0$memwr$\arr$/teamspace/studios/this_studio/Melodica-Integration-into-Fife-Core/bsc/lib/Verilog/SizedFIFO.v:206$1188_EN[31:0]$1206 [0] $flatten\seg_adder_vff_in_10.$0$memwr$\arr$/teamspace/studios/this_studio/Melodica-Integration-into-Fife-Core/bsc/lib/Verilog/SizedFIFO.v:206$1188_EN[31:0]$1206 [0] $flatten\seg_adder_vff_in_10.$0$memwr$\arr$/teamspace/studios/this_studio/Melodica-Integration-into-Fife-Core/bsc/lib/Verilog/SizedFIFO.v:206$1188_EN[31:0]$1206 [0] $flatten\seg_adder_vff_in_10.$0$memwr$\arr$/teamspace/studios/this_studio/Melodica-Integration-into-Fife-Core/bsc/lib/Verilog/SizedFIFO.v:206$1188_EN[31:0]$1206 [0] $flatten\seg_adder_vff_in_10.$0$memwr$\arr$/teamspace/studios/this_studio/Melodica-Integration-into-Fife-Core/bsc/lib/Verilog/SizedFIFO.v:206$1188_EN[31:0]$1206 [0] $flatten\seg_adder_vff_in_10.$0$memwr$\arr$/teamspace/studios/this_studio/Melodica-Integration-into-Fife-Core/bsc/lib/Verilog/SizedFIFO.v:206$1188_EN[31:0]$1206 [0] $flatten\seg_adder_vff_in_10.$0$memwr$\arr$/teamspace/studios/this_studio/Melodica-Integration-into-Fife-Core/bsc/lib/Verilog/SizedFIFO.v:206$1188_EN[31:0]$1206 [0] $flatten\seg_adder_vff_in_10.$0$memwr$\arr$/teamspace/studios/this_studio/Melodica-Integration-into-Fife-Core/bsc/lib/Verilog/SizedFIFO.v:206$1188_EN[31:0]$1206 [0] $flatten\seg_adder_vff_in_10.$0$memwr$\arr$/teamspace/studios/this_studio/Melodica-Integration-into-Fife-Core/bsc/lib/Verilog/SizedFIFO.v:206$1188_EN[31:0]$1206 [0] $flatten\seg_adder_vff_in_10.$0$memwr$\arr$/teamspace/studios/this_studio/Melodica-Integration-into-Fife-Core/bsc/lib/Verilog/SizedFIFO.v:206$1188_EN[31:0]$1206 [0] $flatten\seg_adder_vff_in_10.$0$memwr$\arr$/teamspace/studios/this_studio/Melodica-Integration-into-Fife-Core/bsc/lib/Verilog/SizedFIFO.v:206$1188_EN[31:0]$1206 [0] $flatten\seg_adder_vff_in_10.$0$memwr$\arr$/teamspace/studios/this_studio/Melodica-Integration-into-Fife-Core/bsc/lib/Verilog/SizedFIFO.v:206$1188_EN[31:0]$1206 [0] $flatten\seg_adder_vff_in_10.$0$memwr$\arr$/teamspace/studios/this_studio/Melodica-Integration-into-Fife-Core/bsc/lib/Verilog/SizedFIFO.v:206$1188_EN[31:0]$1206 [0] $flatten\seg_adder_vff_in_10.$0$memwr$\arr$/teamspace/studios/this_studio/Melodica-Integration-into-Fife-Core/bsc/lib/Verilog/SizedFIFO.v:206$1188_EN[31:0]$1206 [0] $flatten\seg_adder_vff_in_10.$0$memwr$\arr$/teamspace/studios/this_studio/Melodica-Integration-into-Fife-Core/bsc/lib/Verilog/SizedFIFO.v:206$1188_EN[31:0]$1206 [0] $flatten\seg_adder_vff_in_10.$0$memwr$\arr$/teamspace/studios/this_studio/Melodica-Integration-into-Fife-Core/bsc/lib/Verilog/SizedFIFO.v:206$1188_EN[31:0]$1206 [0] $flatten\seg_adder_vff_in_10.$0$memwr$\arr$/teamspace/studios/this_studio/Melodica-Integration-into-Fife-Core/bsc/lib/Verilog/SizedFIFO.v:206$1188_EN[31:0]$1206 [0] $flatten\seg_adder_vff_in_10.$0$memwr$\arr$/teamspace/studios/this_studio/Melodica-Integration-into-Fife-Core/bsc/lib/Verilog/SizedFIFO.v:206$1188_EN[31:0]$1206 [0] $flatten\seg_adder_vff_in_10.$0$memwr$\arr$/teamspace/studios/this_studio/Melodica-Integration-into-Fife-Core/bsc/lib/Verilog/SizedFIFO.v:206$1188_EN[31:0]$1206 [0] $flatten\seg_adder_vff_in_10.$0$memwr$\arr$/teamspace/studios/this_studio/Melodica-Integration-into-Fife-Core/bsc/lib/Verilog/SizedFIFO.v:206$1188_EN[31:0]$1206 [0] $flatten\seg_adder_vff_in_10.$0$memwr$\arr$/teamspace/studios/this_studio/Melodica-Integration-into-Fife-Core/bsc/lib/Verilog/SizedFIFO.v:206$1188_EN[31:0]$1206 [0] $flatten\seg_adder_vff_in_10.$0$memwr$\arr$/teamspace/studios/this_studio/Melodica-Integration-into-Fife-Core/bsc/lib/Verilog/SizedFIFO.v:206$1188_EN[31:0]$1206 [0] $flatten\seg_adder_vff_in_10.$0$memwr$\arr$/teamspace/studios/this_studio/Melodica-Integration-into-Fife-Core/bsc/lib/Verilog/SizedFIFO.v:206$1188_EN[31:0]$1206 [0] $flatten\seg_adder_vff_in_10.$0$memwr$\arr$/teamspace/studios/this_studio/Melodica-Integration-into-Fife-Core/bsc/lib/Verilog/SizedFIFO.v:206$1188_EN[31:0]$1206 [0] $flatten\seg_adder_vff_in_10.$0$memwr$\arr$/teamspace/studios/this_studio/Melodica-Integration-into-Fife-Core/bsc/lib/Verilog/SizedFIFO.v:206$1188_EN[31:0]$1206 [0] $flatten\seg_adder_vff_in_10.$0$memwr$\arr$/teamspace/studios/this_studio/Melodica-Integration-into-Fife-Core/bsc/lib/Verilog/SizedFIFO.v:206$1188_EN[31:0]$1206 [0] $flatten\seg_adder_vff_in_10.$0$memwr$\arr$/teamspace/studios/this_studio/Melodica-Integration-into-Fife-Core/bsc/lib/Verilog/SizedFIFO.v:206$1188_EN[31:0]$1206 [0] $flatten\seg_adder_vff_in_10.$0$memwr$\arr$/teamspace/studios/this_studio/Melodica-Integration-into-Fife-Core/bsc/lib/Verilog/SizedFIFO.v:206$1188_EN[31:0]$1206 [0] $flatten\seg_adder_vff_in_10.$0$memwr$\arr$/teamspace/studios/this_studio/Melodica-Integration-into-Fife-Core/bsc/lib/Verilog/SizedFIFO.v:206$1188_EN[31:0]$1206 [0] $flatten\seg_adder_vff_in_10.$0$memwr$\arr$/teamspace/studios/this_studio/Melodica-Integration-into-Fife-Core/bsc/lib/Verilog/SizedFIFO.v:206$1188_EN[31:0]$1206 [0] $flatten\seg_adder_vff_in_10.$0$memwr$\arr$/teamspace/studios/this_studio/Melodica-Integration-into-Fife-Core/bsc/lib/Verilog/SizedFIFO.v:206$1188_EN[31:0]$1206 [0] }
    New ctrl vector for $pmux cell $flatten\seg_adder_vff_in_10.$procmux$1661: { $auto$opt_reduce.cc:134:opt_pmux$1871 $auto$opt_reduce.cc:134:opt_pmux$1869 }
    New ctrl vector for $pmux cell $flatten\seg_adder_vff_in_10.$procmux$1685: $auto$opt_reduce.cc:134:opt_pmux$1873
    Consolidated identical input bits for $mux cell $flatten\seg_adder_vff_in_11.$procmux$1653:
      Old ports: A=0, B=32'11111111111111111111111111111111, Y=$flatten\seg_adder_vff_in_11.$0$memwr$\arr$/teamspace/studios/this_studio/Melodica-Integration-into-Fife-Core/bsc/lib/Verilog/SizedFIFO.v:206$1188_EN[31:0]$1206
      New ports: A=1'0, B=1'1, Y=$flatten\seg_adder_vff_in_11.$0$memwr$\arr$/teamspace/studios/this_studio/Melodica-Integration-into-Fife-Core/bsc/lib/Verilog/SizedFIFO.v:206$1188_EN[31:0]$1206 [0]
      New connections: $flatten\seg_adder_vff_in_11.$0$memwr$\arr$/teamspace/studios/this_studio/Melodica-Integration-into-Fife-Core/bsc/lib/Verilog/SizedFIFO.v:206$1188_EN[31:0]$1206 [31:1] = { $flatten\seg_adder_vff_in_11.$0$memwr$\arr$/teamspace/studios/this_studio/Melodica-Integration-into-Fife-Core/bsc/lib/Verilog/SizedFIFO.v:206$1188_EN[31:0]$1206 [0] $flatten\seg_adder_vff_in_11.$0$memwr$\arr$/teamspace/studios/this_studio/Melodica-Integration-into-Fife-Core/bsc/lib/Verilog/SizedFIFO.v:206$1188_EN[31:0]$1206 [0] $flatten\seg_adder_vff_in_11.$0$memwr$\arr$/teamspace/studios/this_studio/Melodica-Integration-into-Fife-Core/bsc/lib/Verilog/SizedFIFO.v:206$1188_EN[31:0]$1206 [0] $flatten\seg_adder_vff_in_11.$0$memwr$\arr$/teamspace/studios/this_studio/Melodica-Integration-into-Fife-Core/bsc/lib/Verilog/SizedFIFO.v:206$1188_EN[31:0]$1206 [0] $flatten\seg_adder_vff_in_11.$0$memwr$\arr$/teamspace/studios/this_studio/Melodica-Integration-into-Fife-Core/bsc/lib/Verilog/SizedFIFO.v:206$1188_EN[31:0]$1206 [0] $flatten\seg_adder_vff_in_11.$0$memwr$\arr$/teamspace/studios/this_studio/Melodica-Integration-into-Fife-Core/bsc/lib/Verilog/SizedFIFO.v:206$1188_EN[31:0]$1206 [0] $flatten\seg_adder_vff_in_11.$0$memwr$\arr$/teamspace/studios/this_studio/Melodica-Integration-into-Fife-Core/bsc/lib/Verilog/SizedFIFO.v:206$1188_EN[31:0]$1206 [0] $flatten\seg_adder_vff_in_11.$0$memwr$\arr$/teamspace/studios/this_studio/Melodica-Integration-into-Fife-Core/bsc/lib/Verilog/SizedFIFO.v:206$1188_EN[31:0]$1206 [0] $flatten\seg_adder_vff_in_11.$0$memwr$\arr$/teamspace/studios/this_studio/Melodica-Integration-into-Fife-Core/bsc/lib/Verilog/SizedFIFO.v:206$1188_EN[31:0]$1206 [0] $flatten\seg_adder_vff_in_11.$0$memwr$\arr$/teamspace/studios/this_studio/Melodica-Integration-into-Fife-Core/bsc/lib/Verilog/SizedFIFO.v:206$1188_EN[31:0]$1206 [0] $flatten\seg_adder_vff_in_11.$0$memwr$\arr$/teamspace/studios/this_studio/Melodica-Integration-into-Fife-Core/bsc/lib/Verilog/SizedFIFO.v:206$1188_EN[31:0]$1206 [0] $flatten\seg_adder_vff_in_11.$0$memwr$\arr$/teamspace/studios/this_studio/Melodica-Integration-into-Fife-Core/bsc/lib/Verilog/SizedFIFO.v:206$1188_EN[31:0]$1206 [0] $flatten\seg_adder_vff_in_11.$0$memwr$\arr$/teamspace/studios/this_studio/Melodica-Integration-into-Fife-Core/bsc/lib/Verilog/SizedFIFO.v:206$1188_EN[31:0]$1206 [0] $flatten\seg_adder_vff_in_11.$0$memwr$\arr$/teamspace/studios/this_studio/Melodica-Integration-into-Fife-Core/bsc/lib/Verilog/SizedFIFO.v:206$1188_EN[31:0]$1206 [0] $flatten\seg_adder_vff_in_11.$0$memwr$\arr$/teamspace/studios/this_studio/Melodica-Integration-into-Fife-Core/bsc/lib/Verilog/SizedFIFO.v:206$1188_EN[31:0]$1206 [0] $flatten\seg_adder_vff_in_11.$0$memwr$\arr$/teamspace/studios/this_studio/Melodica-Integration-into-Fife-Core/bsc/lib/Verilog/SizedFIFO.v:206$1188_EN[31:0]$1206 [0] $flatten\seg_adder_vff_in_11.$0$memwr$\arr$/teamspace/studios/this_studio/Melodica-Integration-into-Fife-Core/bsc/lib/Verilog/SizedFIFO.v:206$1188_EN[31:0]$1206 [0] $flatten\seg_adder_vff_in_11.$0$memwr$\arr$/teamspace/studios/this_studio/Melodica-Integration-into-Fife-Core/bsc/lib/Verilog/SizedFIFO.v:206$1188_EN[31:0]$1206 [0] $flatten\seg_adder_vff_in_11.$0$memwr$\arr$/teamspace/studios/this_studio/Melodica-Integration-into-Fife-Core/bsc/lib/Verilog/SizedFIFO.v:206$1188_EN[31:0]$1206 [0] $flatten\seg_adder_vff_in_11.$0$memwr$\arr$/teamspace/studios/this_studio/Melodica-Integration-into-Fife-Core/bsc/lib/Verilog/SizedFIFO.v:206$1188_EN[31:0]$1206 [0] $flatten\seg_adder_vff_in_11.$0$memwr$\arr$/teamspace/studios/this_studio/Melodica-Integration-into-Fife-Core/bsc/lib/Verilog/SizedFIFO.v:206$1188_EN[31:0]$1206 [0] $flatten\seg_adder_vff_in_11.$0$memwr$\arr$/teamspace/studios/this_studio/Melodica-Integration-into-Fife-Core/bsc/lib/Verilog/SizedFIFO.v:206$1188_EN[31:0]$1206 [0] $flatten\seg_adder_vff_in_11.$0$memwr$\arr$/teamspace/studios/this_studio/Melodica-Integration-into-Fife-Core/bsc/lib/Verilog/SizedFIFO.v:206$1188_EN[31:0]$1206 [0] $flatten\seg_adder_vff_in_11.$0$memwr$\arr$/teamspace/studios/this_studio/Melodica-Integration-into-Fife-Core/bsc/lib/Verilog/SizedFIFO.v:206$1188_EN[31:0]$1206 [0] $flatten\seg_adder_vff_in_11.$0$memwr$\arr$/teamspace/studios/this_studio/Melodica-Integration-into-Fife-Core/bsc/lib/Verilog/SizedFIFO.v:206$1188_EN[31:0]$1206 [0] $flatten\seg_adder_vff_in_11.$0$memwr$\arr$/teamspace/studios/this_studio/Melodica-Integration-into-Fife-Core/bsc/lib/Verilog/SizedFIFO.v:206$1188_EN[31:0]$1206 [0] $flatten\seg_adder_vff_in_11.$0$memwr$\arr$/teamspace/studios/this_studio/Melodica-Integration-into-Fife-Core/bsc/lib/Verilog/SizedFIFO.v:206$1188_EN[31:0]$1206 [0] $flatten\seg_adder_vff_in_11.$0$memwr$\arr$/teamspace/studios/this_studio/Melodica-Integration-into-Fife-Core/bsc/lib/Verilog/SizedFIFO.v:206$1188_EN[31:0]$1206 [0] $flatten\seg_adder_vff_in_11.$0$memwr$\arr$/teamspace/studios/this_studio/Melodica-Integration-into-Fife-Core/bsc/lib/Verilog/SizedFIFO.v:206$1188_EN[31:0]$1206 [0] $flatten\seg_adder_vff_in_11.$0$memwr$\arr$/teamspace/studios/this_studio/Melodica-Integration-into-Fife-Core/bsc/lib/Verilog/SizedFIFO.v:206$1188_EN[31:0]$1206 [0] $flatten\seg_adder_vff_in_11.$0$memwr$\arr$/teamspace/studios/this_studio/Melodica-Integration-into-Fife-Core/bsc/lib/Verilog/SizedFIFO.v:206$1188_EN[31:0]$1206 [0] }
    New ctrl vector for $pmux cell $flatten\seg_adder_vff_in_11.$procmux$1661: { $auto$opt_reduce.cc:134:opt_pmux$1877 $auto$opt_reduce.cc:134:opt_pmux$1875 }
    New ctrl vector for $pmux cell $flatten\seg_adder_vff_in_11.$procmux$1685: $auto$opt_reduce.cc:134:opt_pmux$1879
    Consolidated identical input bits for $mux cell $flatten\seg_adder_vff_in_12.$procmux$1653:
      Old ports: A=0, B=32'11111111111111111111111111111111, Y=$flatten\seg_adder_vff_in_12.$0$memwr$\arr$/teamspace/studios/this_studio/Melodica-Integration-into-Fife-Core/bsc/lib/Verilog/SizedFIFO.v:206$1188_EN[31:0]$1206
      New ports: A=1'0, B=1'1, Y=$flatten\seg_adder_vff_in_12.$0$memwr$\arr$/teamspace/studios/this_studio/Melodica-Integration-into-Fife-Core/bsc/lib/Verilog/SizedFIFO.v:206$1188_EN[31:0]$1206 [0]
      New connections: $flatten\seg_adder_vff_in_12.$0$memwr$\arr$/teamspace/studios/this_studio/Melodica-Integration-into-Fife-Core/bsc/lib/Verilog/SizedFIFO.v:206$1188_EN[31:0]$1206 [31:1] = { $flatten\seg_adder_vff_in_12.$0$memwr$\arr$/teamspace/studios/this_studio/Melodica-Integration-into-Fife-Core/bsc/lib/Verilog/SizedFIFO.v:206$1188_EN[31:0]$1206 [0] $flatten\seg_adder_vff_in_12.$0$memwr$\arr$/teamspace/studios/this_studio/Melodica-Integration-into-Fife-Core/bsc/lib/Verilog/SizedFIFO.v:206$1188_EN[31:0]$1206 [0] $flatten\seg_adder_vff_in_12.$0$memwr$\arr$/teamspace/studios/this_studio/Melodica-Integration-into-Fife-Core/bsc/lib/Verilog/SizedFIFO.v:206$1188_EN[31:0]$1206 [0] $flatten\seg_adder_vff_in_12.$0$memwr$\arr$/teamspace/studios/this_studio/Melodica-Integration-into-Fife-Core/bsc/lib/Verilog/SizedFIFO.v:206$1188_EN[31:0]$1206 [0] $flatten\seg_adder_vff_in_12.$0$memwr$\arr$/teamspace/studios/this_studio/Melodica-Integration-into-Fife-Core/bsc/lib/Verilog/SizedFIFO.v:206$1188_EN[31:0]$1206 [0] $flatten\seg_adder_vff_in_12.$0$memwr$\arr$/teamspace/studios/this_studio/Melodica-Integration-into-Fife-Core/bsc/lib/Verilog/SizedFIFO.v:206$1188_EN[31:0]$1206 [0] $flatten\seg_adder_vff_in_12.$0$memwr$\arr$/teamspace/studios/this_studio/Melodica-Integration-into-Fife-Core/bsc/lib/Verilog/SizedFIFO.v:206$1188_EN[31:0]$1206 [0] $flatten\seg_adder_vff_in_12.$0$memwr$\arr$/teamspace/studios/this_studio/Melodica-Integration-into-Fife-Core/bsc/lib/Verilog/SizedFIFO.v:206$1188_EN[31:0]$1206 [0] $flatten\seg_adder_vff_in_12.$0$memwr$\arr$/teamspace/studios/this_studio/Melodica-Integration-into-Fife-Core/bsc/lib/Verilog/SizedFIFO.v:206$1188_EN[31:0]$1206 [0] $flatten\seg_adder_vff_in_12.$0$memwr$\arr$/teamspace/studios/this_studio/Melodica-Integration-into-Fife-Core/bsc/lib/Verilog/SizedFIFO.v:206$1188_EN[31:0]$1206 [0] $flatten\seg_adder_vff_in_12.$0$memwr$\arr$/teamspace/studios/this_studio/Melodica-Integration-into-Fife-Core/bsc/lib/Verilog/SizedFIFO.v:206$1188_EN[31:0]$1206 [0] $flatten\seg_adder_vff_in_12.$0$memwr$\arr$/teamspace/studios/this_studio/Melodica-Integration-into-Fife-Core/bsc/lib/Verilog/SizedFIFO.v:206$1188_EN[31:0]$1206 [0] $flatten\seg_adder_vff_in_12.$0$memwr$\arr$/teamspace/studios/this_studio/Melodica-Integration-into-Fife-Core/bsc/lib/Verilog/SizedFIFO.v:206$1188_EN[31:0]$1206 [0] $flatten\seg_adder_vff_in_12.$0$memwr$\arr$/teamspace/studios/this_studio/Melodica-Integration-into-Fife-Core/bsc/lib/Verilog/SizedFIFO.v:206$1188_EN[31:0]$1206 [0] $flatten\seg_adder_vff_in_12.$0$memwr$\arr$/teamspace/studios/this_studio/Melodica-Integration-into-Fife-Core/bsc/lib/Verilog/SizedFIFO.v:206$1188_EN[31:0]$1206 [0] $flatten\seg_adder_vff_in_12.$0$memwr$\arr$/teamspace/studios/this_studio/Melodica-Integration-into-Fife-Core/bsc/lib/Verilog/SizedFIFO.v:206$1188_EN[31:0]$1206 [0] $flatten\seg_adder_vff_in_12.$0$memwr$\arr$/teamspace/studios/this_studio/Melodica-Integration-into-Fife-Core/bsc/lib/Verilog/SizedFIFO.v:206$1188_EN[31:0]$1206 [0] $flatten\seg_adder_vff_in_12.$0$memwr$\arr$/teamspace/studios/this_studio/Melodica-Integration-into-Fife-Core/bsc/lib/Verilog/SizedFIFO.v:206$1188_EN[31:0]$1206 [0] $flatten\seg_adder_vff_in_12.$0$memwr$\arr$/teamspace/studios/this_studio/Melodica-Integration-into-Fife-Core/bsc/lib/Verilog/SizedFIFO.v:206$1188_EN[31:0]$1206 [0] $flatten\seg_adder_vff_in_12.$0$memwr$\arr$/teamspace/studios/this_studio/Melodica-Integration-into-Fife-Core/bsc/lib/Verilog/SizedFIFO.v:206$1188_EN[31:0]$1206 [0] $flatten\seg_adder_vff_in_12.$0$memwr$\arr$/teamspace/studios/this_studio/Melodica-Integration-into-Fife-Core/bsc/lib/Verilog/SizedFIFO.v:206$1188_EN[31:0]$1206 [0] $flatten\seg_adder_vff_in_12.$0$memwr$\arr$/teamspace/studios/this_studio/Melodica-Integration-into-Fife-Core/bsc/lib/Verilog/SizedFIFO.v:206$1188_EN[31:0]$1206 [0] $flatten\seg_adder_vff_in_12.$0$memwr$\arr$/teamspace/studios/this_studio/Melodica-Integration-into-Fife-Core/bsc/lib/Verilog/SizedFIFO.v:206$1188_EN[31:0]$1206 [0] $flatten\seg_adder_vff_in_12.$0$memwr$\arr$/teamspace/studios/this_studio/Melodica-Integration-into-Fife-Core/bsc/lib/Verilog/SizedFIFO.v:206$1188_EN[31:0]$1206 [0] $flatten\seg_adder_vff_in_12.$0$memwr$\arr$/teamspace/studios/this_studio/Melodica-Integration-into-Fife-Core/bsc/lib/Verilog/SizedFIFO.v:206$1188_EN[31:0]$1206 [0] $flatten\seg_adder_vff_in_12.$0$memwr$\arr$/teamspace/studios/this_studio/Melodica-Integration-into-Fife-Core/bsc/lib/Verilog/SizedFIFO.v:206$1188_EN[31:0]$1206 [0] $flatten\seg_adder_vff_in_12.$0$memwr$\arr$/teamspace/studios/this_studio/Melodica-Integration-into-Fife-Core/bsc/lib/Verilog/SizedFIFO.v:206$1188_EN[31:0]$1206 [0] $flatten\seg_adder_vff_in_12.$0$memwr$\arr$/teamspace/studios/this_studio/Melodica-Integration-into-Fife-Core/bsc/lib/Verilog/SizedFIFO.v:206$1188_EN[31:0]$1206 [0] $flatten\seg_adder_vff_in_12.$0$memwr$\arr$/teamspace/studios/this_studio/Melodica-Integration-into-Fife-Core/bsc/lib/Verilog/SizedFIFO.v:206$1188_EN[31:0]$1206 [0] $flatten\seg_adder_vff_in_12.$0$memwr$\arr$/teamspace/studios/this_studio/Melodica-Integration-into-Fife-Core/bsc/lib/Verilog/SizedFIFO.v:206$1188_EN[31:0]$1206 [0] $flatten\seg_adder_vff_in_12.$0$memwr$\arr$/teamspace/studios/this_studio/Melodica-Integration-into-Fife-Core/bsc/lib/Verilog/SizedFIFO.v:206$1188_EN[31:0]$1206 [0] }
    New ctrl vector for $pmux cell $flatten\seg_adder_vff_in_12.$procmux$1661: { $auto$opt_reduce.cc:134:opt_pmux$1883 $auto$opt_reduce.cc:134:opt_pmux$1881 }
    New ctrl vector for $pmux cell $flatten\seg_adder_vff_in_12.$procmux$1685: $auto$opt_reduce.cc:134:opt_pmux$1885
    Consolidated identical input bits for $mux cell $flatten\seg_adder_vff_in_2.$procmux$1653:
      Old ports: A=0, B=32'11111111111111111111111111111111, Y=$flatten\seg_adder_vff_in_2.$0$memwr$\arr$/teamspace/studios/this_studio/Melodica-Integration-into-Fife-Core/bsc/lib/Verilog/SizedFIFO.v:206$1188_EN[31:0]$1206
      New ports: A=1'0, B=1'1, Y=$flatten\seg_adder_vff_in_2.$0$memwr$\arr$/teamspace/studios/this_studio/Melodica-Integration-into-Fife-Core/bsc/lib/Verilog/SizedFIFO.v:206$1188_EN[31:0]$1206 [0]
      New connections: $flatten\seg_adder_vff_in_2.$0$memwr$\arr$/teamspace/studios/this_studio/Melodica-Integration-into-Fife-Core/bsc/lib/Verilog/SizedFIFO.v:206$1188_EN[31:0]$1206 [31:1] = { $flatten\seg_adder_vff_in_2.$0$memwr$\arr$/teamspace/studios/this_studio/Melodica-Integration-into-Fife-Core/bsc/lib/Verilog/SizedFIFO.v:206$1188_EN[31:0]$1206 [0] $flatten\seg_adder_vff_in_2.$0$memwr$\arr$/teamspace/studios/this_studio/Melodica-Integration-into-Fife-Core/bsc/lib/Verilog/SizedFIFO.v:206$1188_EN[31:0]$1206 [0] $flatten\seg_adder_vff_in_2.$0$memwr$\arr$/teamspace/studios/this_studio/Melodica-Integration-into-Fife-Core/bsc/lib/Verilog/SizedFIFO.v:206$1188_EN[31:0]$1206 [0] $flatten\seg_adder_vff_in_2.$0$memwr$\arr$/teamspace/studios/this_studio/Melodica-Integration-into-Fife-Core/bsc/lib/Verilog/SizedFIFO.v:206$1188_EN[31:0]$1206 [0] $flatten\seg_adder_vff_in_2.$0$memwr$\arr$/teamspace/studios/this_studio/Melodica-Integration-into-Fife-Core/bsc/lib/Verilog/SizedFIFO.v:206$1188_EN[31:0]$1206 [0] $flatten\seg_adder_vff_in_2.$0$memwr$\arr$/teamspace/studios/this_studio/Melodica-Integration-into-Fife-Core/bsc/lib/Verilog/SizedFIFO.v:206$1188_EN[31:0]$1206 [0] $flatten\seg_adder_vff_in_2.$0$memwr$\arr$/teamspace/studios/this_studio/Melodica-Integration-into-Fife-Core/bsc/lib/Verilog/SizedFIFO.v:206$1188_EN[31:0]$1206 [0] $flatten\seg_adder_vff_in_2.$0$memwr$\arr$/teamspace/studios/this_studio/Melodica-Integration-into-Fife-Core/bsc/lib/Verilog/SizedFIFO.v:206$1188_EN[31:0]$1206 [0] $flatten\seg_adder_vff_in_2.$0$memwr$\arr$/teamspace/studios/this_studio/Melodica-Integration-into-Fife-Core/bsc/lib/Verilog/SizedFIFO.v:206$1188_EN[31:0]$1206 [0] $flatten\seg_adder_vff_in_2.$0$memwr$\arr$/teamspace/studios/this_studio/Melodica-Integration-into-Fife-Core/bsc/lib/Verilog/SizedFIFO.v:206$1188_EN[31:0]$1206 [0] $flatten\seg_adder_vff_in_2.$0$memwr$\arr$/teamspace/studios/this_studio/Melodica-Integration-into-Fife-Core/bsc/lib/Verilog/SizedFIFO.v:206$1188_EN[31:0]$1206 [0] $flatten\seg_adder_vff_in_2.$0$memwr$\arr$/teamspace/studios/this_studio/Melodica-Integration-into-Fife-Core/bsc/lib/Verilog/SizedFIFO.v:206$1188_EN[31:0]$1206 [0] $flatten\seg_adder_vff_in_2.$0$memwr$\arr$/teamspace/studios/this_studio/Melodica-Integration-into-Fife-Core/bsc/lib/Verilog/SizedFIFO.v:206$1188_EN[31:0]$1206 [0] $flatten\seg_adder_vff_in_2.$0$memwr$\arr$/teamspace/studios/this_studio/Melodica-Integration-into-Fife-Core/bsc/lib/Verilog/SizedFIFO.v:206$1188_EN[31:0]$1206 [0] $flatten\seg_adder_vff_in_2.$0$memwr$\arr$/teamspace/studios/this_studio/Melodica-Integration-into-Fife-Core/bsc/lib/Verilog/SizedFIFO.v:206$1188_EN[31:0]$1206 [0] $flatten\seg_adder_vff_in_2.$0$memwr$\arr$/teamspace/studios/this_studio/Melodica-Integration-into-Fife-Core/bsc/lib/Verilog/SizedFIFO.v:206$1188_EN[31:0]$1206 [0] $flatten\seg_adder_vff_in_2.$0$memwr$\arr$/teamspace/studios/this_studio/Melodica-Integration-into-Fife-Core/bsc/lib/Verilog/SizedFIFO.v:206$1188_EN[31:0]$1206 [0] $flatten\seg_adder_vff_in_2.$0$memwr$\arr$/teamspace/studios/this_studio/Melodica-Integration-into-Fife-Core/bsc/lib/Verilog/SizedFIFO.v:206$1188_EN[31:0]$1206 [0] $flatten\seg_adder_vff_in_2.$0$memwr$\arr$/teamspace/studios/this_studio/Melodica-Integration-into-Fife-Core/bsc/lib/Verilog/SizedFIFO.v:206$1188_EN[31:0]$1206 [0] $flatten\seg_adder_vff_in_2.$0$memwr$\arr$/teamspace/studios/this_studio/Melodica-Integration-into-Fife-Core/bsc/lib/Verilog/SizedFIFO.v:206$1188_EN[31:0]$1206 [0] $flatten\seg_adder_vff_in_2.$0$memwr$\arr$/teamspace/studios/this_studio/Melodica-Integration-into-Fife-Core/bsc/lib/Verilog/SizedFIFO.v:206$1188_EN[31:0]$1206 [0] $flatten\seg_adder_vff_in_2.$0$memwr$\arr$/teamspace/studios/this_studio/Melodica-Integration-into-Fife-Core/bsc/lib/Verilog/SizedFIFO.v:206$1188_EN[31:0]$1206 [0] $flatten\seg_adder_vff_in_2.$0$memwr$\arr$/teamspace/studios/this_studio/Melodica-Integration-into-Fife-Core/bsc/lib/Verilog/SizedFIFO.v:206$1188_EN[31:0]$1206 [0] $flatten\seg_adder_vff_in_2.$0$memwr$\arr$/teamspace/studios/this_studio/Melodica-Integration-into-Fife-Core/bsc/lib/Verilog/SizedFIFO.v:206$1188_EN[31:0]$1206 [0] $flatten\seg_adder_vff_in_2.$0$memwr$\arr$/teamspace/studios/this_studio/Melodica-Integration-into-Fife-Core/bsc/lib/Verilog/SizedFIFO.v:206$1188_EN[31:0]$1206 [0] $flatten\seg_adder_vff_in_2.$0$memwr$\arr$/teamspace/studios/this_studio/Melodica-Integration-into-Fife-Core/bsc/lib/Verilog/SizedFIFO.v:206$1188_EN[31:0]$1206 [0] $flatten\seg_adder_vff_in_2.$0$memwr$\arr$/teamspace/studios/this_studio/Melodica-Integration-into-Fife-Core/bsc/lib/Verilog/SizedFIFO.v:206$1188_EN[31:0]$1206 [0] $flatten\seg_adder_vff_in_2.$0$memwr$\arr$/teamspace/studios/this_studio/Melodica-Integration-into-Fife-Core/bsc/lib/Verilog/SizedFIFO.v:206$1188_EN[31:0]$1206 [0] $flatten\seg_adder_vff_in_2.$0$memwr$\arr$/teamspace/studios/this_studio/Melodica-Integration-into-Fife-Core/bsc/lib/Verilog/SizedFIFO.v:206$1188_EN[31:0]$1206 [0] $flatten\seg_adder_vff_in_2.$0$memwr$\arr$/teamspace/studios/this_studio/Melodica-Integration-into-Fife-Core/bsc/lib/Verilog/SizedFIFO.v:206$1188_EN[31:0]$1206 [0] $flatten\seg_adder_vff_in_2.$0$memwr$\arr$/teamspace/studios/this_studio/Melodica-Integration-into-Fife-Core/bsc/lib/Verilog/SizedFIFO.v:206$1188_EN[31:0]$1206 [0] }
    New ctrl vector for $pmux cell $flatten\seg_adder_vff_in_2.$procmux$1661: { $auto$opt_reduce.cc:134:opt_pmux$1889 $auto$opt_reduce.cc:134:opt_pmux$1887 }
    New ctrl vector for $pmux cell $flatten\seg_adder_vff_in_2.$procmux$1685: $auto$opt_reduce.cc:134:opt_pmux$1891
    Consolidated identical input bits for $mux cell $flatten\seg_adder_vff_in_3.$procmux$1653:
      Old ports: A=0, B=32'11111111111111111111111111111111, Y=$flatten\seg_adder_vff_in_3.$0$memwr$\arr$/teamspace/studios/this_studio/Melodica-Integration-into-Fife-Core/bsc/lib/Verilog/SizedFIFO.v:206$1188_EN[31:0]$1206
      New ports: A=1'0, B=1'1, Y=$flatten\seg_adder_vff_in_3.$0$memwr$\arr$/teamspace/studios/this_studio/Melodica-Integration-into-Fife-Core/bsc/lib/Verilog/SizedFIFO.v:206$1188_EN[31:0]$1206 [0]
      New connections: $flatten\seg_adder_vff_in_3.$0$memwr$\arr$/teamspace/studios/this_studio/Melodica-Integration-into-Fife-Core/bsc/lib/Verilog/SizedFIFO.v:206$1188_EN[31:0]$1206 [31:1] = { $flatten\seg_adder_vff_in_3.$0$memwr$\arr$/teamspace/studios/this_studio/Melodica-Integration-into-Fife-Core/bsc/lib/Verilog/SizedFIFO.v:206$1188_EN[31:0]$1206 [0] $flatten\seg_adder_vff_in_3.$0$memwr$\arr$/teamspace/studios/this_studio/Melodica-Integration-into-Fife-Core/bsc/lib/Verilog/SizedFIFO.v:206$1188_EN[31:0]$1206 [0] $flatten\seg_adder_vff_in_3.$0$memwr$\arr$/teamspace/studios/this_studio/Melodica-Integration-into-Fife-Core/bsc/lib/Verilog/SizedFIFO.v:206$1188_EN[31:0]$1206 [0] $flatten\seg_adder_vff_in_3.$0$memwr$\arr$/teamspace/studios/this_studio/Melodica-Integration-into-Fife-Core/bsc/lib/Verilog/SizedFIFO.v:206$1188_EN[31:0]$1206 [0] $flatten\seg_adder_vff_in_3.$0$memwr$\arr$/teamspace/studios/this_studio/Melodica-Integration-into-Fife-Core/bsc/lib/Verilog/SizedFIFO.v:206$1188_EN[31:0]$1206 [0] $flatten\seg_adder_vff_in_3.$0$memwr$\arr$/teamspace/studios/this_studio/Melodica-Integration-into-Fife-Core/bsc/lib/Verilog/SizedFIFO.v:206$1188_EN[31:0]$1206 [0] $flatten\seg_adder_vff_in_3.$0$memwr$\arr$/teamspace/studios/this_studio/Melodica-Integration-into-Fife-Core/bsc/lib/Verilog/SizedFIFO.v:206$1188_EN[31:0]$1206 [0] $flatten\seg_adder_vff_in_3.$0$memwr$\arr$/teamspace/studios/this_studio/Melodica-Integration-into-Fife-Core/bsc/lib/Verilog/SizedFIFO.v:206$1188_EN[31:0]$1206 [0] $flatten\seg_adder_vff_in_3.$0$memwr$\arr$/teamspace/studios/this_studio/Melodica-Integration-into-Fife-Core/bsc/lib/Verilog/SizedFIFO.v:206$1188_EN[31:0]$1206 [0] $flatten\seg_adder_vff_in_3.$0$memwr$\arr$/teamspace/studios/this_studio/Melodica-Integration-into-Fife-Core/bsc/lib/Verilog/SizedFIFO.v:206$1188_EN[31:0]$1206 [0] $flatten\seg_adder_vff_in_3.$0$memwr$\arr$/teamspace/studios/this_studio/Melodica-Integration-into-Fife-Core/bsc/lib/Verilog/SizedFIFO.v:206$1188_EN[31:0]$1206 [0] $flatten\seg_adder_vff_in_3.$0$memwr$\arr$/teamspace/studios/this_studio/Melodica-Integration-into-Fife-Core/bsc/lib/Verilog/SizedFIFO.v:206$1188_EN[31:0]$1206 [0] $flatten\seg_adder_vff_in_3.$0$memwr$\arr$/teamspace/studios/this_studio/Melodica-Integration-into-Fife-Core/bsc/lib/Verilog/SizedFIFO.v:206$1188_EN[31:0]$1206 [0] $flatten\seg_adder_vff_in_3.$0$memwr$\arr$/teamspace/studios/this_studio/Melodica-Integration-into-Fife-Core/bsc/lib/Verilog/SizedFIFO.v:206$1188_EN[31:0]$1206 [0] $flatten\seg_adder_vff_in_3.$0$memwr$\arr$/teamspace/studios/this_studio/Melodica-Integration-into-Fife-Core/bsc/lib/Verilog/SizedFIFO.v:206$1188_EN[31:0]$1206 [0] $flatten\seg_adder_vff_in_3.$0$memwr$\arr$/teamspace/studios/this_studio/Melodica-Integration-into-Fife-Core/bsc/lib/Verilog/SizedFIFO.v:206$1188_EN[31:0]$1206 [0] $flatten\seg_adder_vff_in_3.$0$memwr$\arr$/teamspace/studios/this_studio/Melodica-Integration-into-Fife-Core/bsc/lib/Verilog/SizedFIFO.v:206$1188_EN[31:0]$1206 [0] $flatten\seg_adder_vff_in_3.$0$memwr$\arr$/teamspace/studios/this_studio/Melodica-Integration-into-Fife-Core/bsc/lib/Verilog/SizedFIFO.v:206$1188_EN[31:0]$1206 [0] $flatten\seg_adder_vff_in_3.$0$memwr$\arr$/teamspace/studios/this_studio/Melodica-Integration-into-Fife-Core/bsc/lib/Verilog/SizedFIFO.v:206$1188_EN[31:0]$1206 [0] $flatten\seg_adder_vff_in_3.$0$memwr$\arr$/teamspace/studios/this_studio/Melodica-Integration-into-Fife-Core/bsc/lib/Verilog/SizedFIFO.v:206$1188_EN[31:0]$1206 [0] $flatten\seg_adder_vff_in_3.$0$memwr$\arr$/teamspace/studios/this_studio/Melodica-Integration-into-Fife-Core/bsc/lib/Verilog/SizedFIFO.v:206$1188_EN[31:0]$1206 [0] $flatten\seg_adder_vff_in_3.$0$memwr$\arr$/teamspace/studios/this_studio/Melodica-Integration-into-Fife-Core/bsc/lib/Verilog/SizedFIFO.v:206$1188_EN[31:0]$1206 [0] $flatten\seg_adder_vff_in_3.$0$memwr$\arr$/teamspace/studios/this_studio/Melodica-Integration-into-Fife-Core/bsc/lib/Verilog/SizedFIFO.v:206$1188_EN[31:0]$1206 [0] $flatten\seg_adder_vff_in_3.$0$memwr$\arr$/teamspace/studios/this_studio/Melodica-Integration-into-Fife-Core/bsc/lib/Verilog/SizedFIFO.v:206$1188_EN[31:0]$1206 [0] $flatten\seg_adder_vff_in_3.$0$memwr$\arr$/teamspace/studios/this_studio/Melodica-Integration-into-Fife-Core/bsc/lib/Verilog/SizedFIFO.v:206$1188_EN[31:0]$1206 [0] $flatten\seg_adder_vff_in_3.$0$memwr$\arr$/teamspace/studios/this_studio/Melodica-Integration-into-Fife-Core/bsc/lib/Verilog/SizedFIFO.v:206$1188_EN[31:0]$1206 [0] $flatten\seg_adder_vff_in_3.$0$memwr$\arr$/teamspace/studios/this_studio/Melodica-Integration-into-Fife-Core/bsc/lib/Verilog/SizedFIFO.v:206$1188_EN[31:0]$1206 [0] $flatten\seg_adder_vff_in_3.$0$memwr$\arr$/teamspace/studios/this_studio/Melodica-Integration-into-Fife-Core/bsc/lib/Verilog/SizedFIFO.v:206$1188_EN[31:0]$1206 [0] $flatten\seg_adder_vff_in_3.$0$memwr$\arr$/teamspace/studios/this_studio/Melodica-Integration-into-Fife-Core/bsc/lib/Verilog/SizedFIFO.v:206$1188_EN[31:0]$1206 [0] $flatten\seg_adder_vff_in_3.$0$memwr$\arr$/teamspace/studios/this_studio/Melodica-Integration-into-Fife-Core/bsc/lib/Verilog/SizedFIFO.v:206$1188_EN[31:0]$1206 [0] $flatten\seg_adder_vff_in_3.$0$memwr$\arr$/teamspace/studios/this_studio/Melodica-Integration-into-Fife-Core/bsc/lib/Verilog/SizedFIFO.v:206$1188_EN[31:0]$1206 [0] }
    New ctrl vector for $pmux cell $flatten\seg_adder_vff_in_3.$procmux$1661: { $auto$opt_reduce.cc:134:opt_pmux$1895 $auto$opt_reduce.cc:134:opt_pmux$1893 }
    New ctrl vector for $pmux cell $flatten\seg_adder_vff_in_3.$procmux$1685: $auto$opt_reduce.cc:134:opt_pmux$1897
    Consolidated identical input bits for $mux cell $flatten\seg_adder_vff_in_4.$procmux$1653:
      Old ports: A=0, B=32'11111111111111111111111111111111, Y=$flatten\seg_adder_vff_in_4.$0$memwr$\arr$/teamspace/studios/this_studio/Melodica-Integration-into-Fife-Core/bsc/lib/Verilog/SizedFIFO.v:206$1188_EN[31:0]$1206
      New ports: A=1'0, B=1'1, Y=$flatten\seg_adder_vff_in_4.$0$memwr$\arr$/teamspace/studios/this_studio/Melodica-Integration-into-Fife-Core/bsc/lib/Verilog/SizedFIFO.v:206$1188_EN[31:0]$1206 [0]
      New connections: $flatten\seg_adder_vff_in_4.$0$memwr$\arr$/teamspace/studios/this_studio/Melodica-Integration-into-Fife-Core/bsc/lib/Verilog/SizedFIFO.v:206$1188_EN[31:0]$1206 [31:1] = { $flatten\seg_adder_vff_in_4.$0$memwr$\arr$/teamspace/studios/this_studio/Melodica-Integration-into-Fife-Core/bsc/lib/Verilog/SizedFIFO.v:206$1188_EN[31:0]$1206 [0] $flatten\seg_adder_vff_in_4.$0$memwr$\arr$/teamspace/studios/this_studio/Melodica-Integration-into-Fife-Core/bsc/lib/Verilog/SizedFIFO.v:206$1188_EN[31:0]$1206 [0] $flatten\seg_adder_vff_in_4.$0$memwr$\arr$/teamspace/studios/this_studio/Melodica-Integration-into-Fife-Core/bsc/lib/Verilog/SizedFIFO.v:206$1188_EN[31:0]$1206 [0] $flatten\seg_adder_vff_in_4.$0$memwr$\arr$/teamspace/studios/this_studio/Melodica-Integration-into-Fife-Core/bsc/lib/Verilog/SizedFIFO.v:206$1188_EN[31:0]$1206 [0] $flatten\seg_adder_vff_in_4.$0$memwr$\arr$/teamspace/studios/this_studio/Melodica-Integration-into-Fife-Core/bsc/lib/Verilog/SizedFIFO.v:206$1188_EN[31:0]$1206 [0] $flatten\seg_adder_vff_in_4.$0$memwr$\arr$/teamspace/studios/this_studio/Melodica-Integration-into-Fife-Core/bsc/lib/Verilog/SizedFIFO.v:206$1188_EN[31:0]$1206 [0] $flatten\seg_adder_vff_in_4.$0$memwr$\arr$/teamspace/studios/this_studio/Melodica-Integration-into-Fife-Core/bsc/lib/Verilog/SizedFIFO.v:206$1188_EN[31:0]$1206 [0] $flatten\seg_adder_vff_in_4.$0$memwr$\arr$/teamspace/studios/this_studio/Melodica-Integration-into-Fife-Core/bsc/lib/Verilog/SizedFIFO.v:206$1188_EN[31:0]$1206 [0] $flatten\seg_adder_vff_in_4.$0$memwr$\arr$/teamspace/studios/this_studio/Melodica-Integration-into-Fife-Core/bsc/lib/Verilog/SizedFIFO.v:206$1188_EN[31:0]$1206 [0] $flatten\seg_adder_vff_in_4.$0$memwr$\arr$/teamspace/studios/this_studio/Melodica-Integration-into-Fife-Core/bsc/lib/Verilog/SizedFIFO.v:206$1188_EN[31:0]$1206 [0] $flatten\seg_adder_vff_in_4.$0$memwr$\arr$/teamspace/studios/this_studio/Melodica-Integration-into-Fife-Core/bsc/lib/Verilog/SizedFIFO.v:206$1188_EN[31:0]$1206 [0] $flatten\seg_adder_vff_in_4.$0$memwr$\arr$/teamspace/studios/this_studio/Melodica-Integration-into-Fife-Core/bsc/lib/Verilog/SizedFIFO.v:206$1188_EN[31:0]$1206 [0] $flatten\seg_adder_vff_in_4.$0$memwr$\arr$/teamspace/studios/this_studio/Melodica-Integration-into-Fife-Core/bsc/lib/Verilog/SizedFIFO.v:206$1188_EN[31:0]$1206 [0] $flatten\seg_adder_vff_in_4.$0$memwr$\arr$/teamspace/studios/this_studio/Melodica-Integration-into-Fife-Core/bsc/lib/Verilog/SizedFIFO.v:206$1188_EN[31:0]$1206 [0] $flatten\seg_adder_vff_in_4.$0$memwr$\arr$/teamspace/studios/this_studio/Melodica-Integration-into-Fife-Core/bsc/lib/Verilog/SizedFIFO.v:206$1188_EN[31:0]$1206 [0] $flatten\seg_adder_vff_in_4.$0$memwr$\arr$/teamspace/studios/this_studio/Melodica-Integration-into-Fife-Core/bsc/lib/Verilog/SizedFIFO.v:206$1188_EN[31:0]$1206 [0] $flatten\seg_adder_vff_in_4.$0$memwr$\arr$/teamspace/studios/this_studio/Melodica-Integration-into-Fife-Core/bsc/lib/Verilog/SizedFIFO.v:206$1188_EN[31:0]$1206 [0] $flatten\seg_adder_vff_in_4.$0$memwr$\arr$/teamspace/studios/this_studio/Melodica-Integration-into-Fife-Core/bsc/lib/Verilog/SizedFIFO.v:206$1188_EN[31:0]$1206 [0] $flatten\seg_adder_vff_in_4.$0$memwr$\arr$/teamspace/studios/this_studio/Melodica-Integration-into-Fife-Core/bsc/lib/Verilog/SizedFIFO.v:206$1188_EN[31:0]$1206 [0] $flatten\seg_adder_vff_in_4.$0$memwr$\arr$/teamspace/studios/this_studio/Melodica-Integration-into-Fife-Core/bsc/lib/Verilog/SizedFIFO.v:206$1188_EN[31:0]$1206 [0] $flatten\seg_adder_vff_in_4.$0$memwr$\arr$/teamspace/studios/this_studio/Melodica-Integration-into-Fife-Core/bsc/lib/Verilog/SizedFIFO.v:206$1188_EN[31:0]$1206 [0] $flatten\seg_adder_vff_in_4.$0$memwr$\arr$/teamspace/studios/this_studio/Melodica-Integration-into-Fife-Core/bsc/lib/Verilog/SizedFIFO.v:206$1188_EN[31:0]$1206 [0] $flatten\seg_adder_vff_in_4.$0$memwr$\arr$/teamspace/studios/this_studio/Melodica-Integration-into-Fife-Core/bsc/lib/Verilog/SizedFIFO.v:206$1188_EN[31:0]$1206 [0] $flatten\seg_adder_vff_in_4.$0$memwr$\arr$/teamspace/studios/this_studio/Melodica-Integration-into-Fife-Core/bsc/lib/Verilog/SizedFIFO.v:206$1188_EN[31:0]$1206 [0] $flatten\seg_adder_vff_in_4.$0$memwr$\arr$/teamspace/studios/this_studio/Melodica-Integration-into-Fife-Core/bsc/lib/Verilog/SizedFIFO.v:206$1188_EN[31:0]$1206 [0] $flatten\seg_adder_vff_in_4.$0$memwr$\arr$/teamspace/studios/this_studio/Melodica-Integration-into-Fife-Core/bsc/lib/Verilog/SizedFIFO.v:206$1188_EN[31:0]$1206 [0] $flatten\seg_adder_vff_in_4.$0$memwr$\arr$/teamspace/studios/this_studio/Melodica-Integration-into-Fife-Core/bsc/lib/Verilog/SizedFIFO.v:206$1188_EN[31:0]$1206 [0] $flatten\seg_adder_vff_in_4.$0$memwr$\arr$/teamspace/studios/this_studio/Melodica-Integration-into-Fife-Core/bsc/lib/Verilog/SizedFIFO.v:206$1188_EN[31:0]$1206 [0] $flatten\seg_adder_vff_in_4.$0$memwr$\arr$/teamspace/studios/this_studio/Melodica-Integration-into-Fife-Core/bsc/lib/Verilog/SizedFIFO.v:206$1188_EN[31:0]$1206 [0] $flatten\seg_adder_vff_in_4.$0$memwr$\arr$/teamspace/studios/this_studio/Melodica-Integration-into-Fife-Core/bsc/lib/Verilog/SizedFIFO.v:206$1188_EN[31:0]$1206 [0] $flatten\seg_adder_vff_in_4.$0$memwr$\arr$/teamspace/studios/this_studio/Melodica-Integration-into-Fife-Core/bsc/lib/Verilog/SizedFIFO.v:206$1188_EN[31:0]$1206 [0] }
    New ctrl vector for $pmux cell $flatten\seg_adder_vff_in_4.$procmux$1661: { $auto$opt_reduce.cc:134:opt_pmux$1901 $auto$opt_reduce.cc:134:opt_pmux$1899 }
    New ctrl vector for $pmux cell $flatten\seg_adder_vff_in_4.$procmux$1685: $auto$opt_reduce.cc:134:opt_pmux$1903
    Consolidated identical input bits for $mux cell $flatten\seg_adder_vff_in_5.$procmux$1653:
      Old ports: A=0, B=32'11111111111111111111111111111111, Y=$flatten\seg_adder_vff_in_5.$0$memwr$\arr$/teamspace/studios/this_studio/Melodica-Integration-into-Fife-Core/bsc/lib/Verilog/SizedFIFO.v:206$1188_EN[31:0]$1206
      New ports: A=1'0, B=1'1, Y=$flatten\seg_adder_vff_in_5.$0$memwr$\arr$/teamspace/studios/this_studio/Melodica-Integration-into-Fife-Core/bsc/lib/Verilog/SizedFIFO.v:206$1188_EN[31:0]$1206 [0]
      New connections: $flatten\seg_adder_vff_in_5.$0$memwr$\arr$/teamspace/studios/this_studio/Melodica-Integration-into-Fife-Core/bsc/lib/Verilog/SizedFIFO.v:206$1188_EN[31:0]$1206 [31:1] = { $flatten\seg_adder_vff_in_5.$0$memwr$\arr$/teamspace/studios/this_studio/Melodica-Integration-into-Fife-Core/bsc/lib/Verilog/SizedFIFO.v:206$1188_EN[31:0]$1206 [0] $flatten\seg_adder_vff_in_5.$0$memwr$\arr$/teamspace/studios/this_studio/Melodica-Integration-into-Fife-Core/bsc/lib/Verilog/SizedFIFO.v:206$1188_EN[31:0]$1206 [0] $flatten\seg_adder_vff_in_5.$0$memwr$\arr$/teamspace/studios/this_studio/Melodica-Integration-into-Fife-Core/bsc/lib/Verilog/SizedFIFO.v:206$1188_EN[31:0]$1206 [0] $flatten\seg_adder_vff_in_5.$0$memwr$\arr$/teamspace/studios/this_studio/Melodica-Integration-into-Fife-Core/bsc/lib/Verilog/SizedFIFO.v:206$1188_EN[31:0]$1206 [0] $flatten\seg_adder_vff_in_5.$0$memwr$\arr$/teamspace/studios/this_studio/Melodica-Integration-into-Fife-Core/bsc/lib/Verilog/SizedFIFO.v:206$1188_EN[31:0]$1206 [0] $flatten\seg_adder_vff_in_5.$0$memwr$\arr$/teamspace/studios/this_studio/Melodica-Integration-into-Fife-Core/bsc/lib/Verilog/SizedFIFO.v:206$1188_EN[31:0]$1206 [0] $flatten\seg_adder_vff_in_5.$0$memwr$\arr$/teamspace/studios/this_studio/Melodica-Integration-into-Fife-Core/bsc/lib/Verilog/SizedFIFO.v:206$1188_EN[31:0]$1206 [0] $flatten\seg_adder_vff_in_5.$0$memwr$\arr$/teamspace/studios/this_studio/Melodica-Integration-into-Fife-Core/bsc/lib/Verilog/SizedFIFO.v:206$1188_EN[31:0]$1206 [0] $flatten\seg_adder_vff_in_5.$0$memwr$\arr$/teamspace/studios/this_studio/Melodica-Integration-into-Fife-Core/bsc/lib/Verilog/SizedFIFO.v:206$1188_EN[31:0]$1206 [0] $flatten\seg_adder_vff_in_5.$0$memwr$\arr$/teamspace/studios/this_studio/Melodica-Integration-into-Fife-Core/bsc/lib/Verilog/SizedFIFO.v:206$1188_EN[31:0]$1206 [0] $flatten\seg_adder_vff_in_5.$0$memwr$\arr$/teamspace/studios/this_studio/Melodica-Integration-into-Fife-Core/bsc/lib/Verilog/SizedFIFO.v:206$1188_EN[31:0]$1206 [0] $flatten\seg_adder_vff_in_5.$0$memwr$\arr$/teamspace/studios/this_studio/Melodica-Integration-into-Fife-Core/bsc/lib/Verilog/SizedFIFO.v:206$1188_EN[31:0]$1206 [0] $flatten\seg_adder_vff_in_5.$0$memwr$\arr$/teamspace/studios/this_studio/Melodica-Integration-into-Fife-Core/bsc/lib/Verilog/SizedFIFO.v:206$1188_EN[31:0]$1206 [0] $flatten\seg_adder_vff_in_5.$0$memwr$\arr$/teamspace/studios/this_studio/Melodica-Integration-into-Fife-Core/bsc/lib/Verilog/SizedFIFO.v:206$1188_EN[31:0]$1206 [0] $flatten\seg_adder_vff_in_5.$0$memwr$\arr$/teamspace/studios/this_studio/Melodica-Integration-into-Fife-Core/bsc/lib/Verilog/SizedFIFO.v:206$1188_EN[31:0]$1206 [0] $flatten\seg_adder_vff_in_5.$0$memwr$\arr$/teamspace/studios/this_studio/Melodica-Integration-into-Fife-Core/bsc/lib/Verilog/SizedFIFO.v:206$1188_EN[31:0]$1206 [0] $flatten\seg_adder_vff_in_5.$0$memwr$\arr$/teamspace/studios/this_studio/Melodica-Integration-into-Fife-Core/bsc/lib/Verilog/SizedFIFO.v:206$1188_EN[31:0]$1206 [0] $flatten\seg_adder_vff_in_5.$0$memwr$\arr$/teamspace/studios/this_studio/Melodica-Integration-into-Fife-Core/bsc/lib/Verilog/SizedFIFO.v:206$1188_EN[31:0]$1206 [0] $flatten\seg_adder_vff_in_5.$0$memwr$\arr$/teamspace/studios/this_studio/Melodica-Integration-into-Fife-Core/bsc/lib/Verilog/SizedFIFO.v:206$1188_EN[31:0]$1206 [0] $flatten\seg_adder_vff_in_5.$0$memwr$\arr$/teamspace/studios/this_studio/Melodica-Integration-into-Fife-Core/bsc/lib/Verilog/SizedFIFO.v:206$1188_EN[31:0]$1206 [0] $flatten\seg_adder_vff_in_5.$0$memwr$\arr$/teamspace/studios/this_studio/Melodica-Integration-into-Fife-Core/bsc/lib/Verilog/SizedFIFO.v:206$1188_EN[31:0]$1206 [0] $flatten\seg_adder_vff_in_5.$0$memwr$\arr$/teamspace/studios/this_studio/Melodica-Integration-into-Fife-Core/bsc/lib/Verilog/SizedFIFO.v:206$1188_EN[31:0]$1206 [0] $flatten\seg_adder_vff_in_5.$0$memwr$\arr$/teamspace/studios/this_studio/Melodica-Integration-into-Fife-Core/bsc/lib/Verilog/SizedFIFO.v:206$1188_EN[31:0]$1206 [0] $flatten\seg_adder_vff_in_5.$0$memwr$\arr$/teamspace/studios/this_studio/Melodica-Integration-into-Fife-Core/bsc/lib/Verilog/SizedFIFO.v:206$1188_EN[31:0]$1206 [0] $flatten\seg_adder_vff_in_5.$0$memwr$\arr$/teamspace/studios/this_studio/Melodica-Integration-into-Fife-Core/bsc/lib/Verilog/SizedFIFO.v:206$1188_EN[31:0]$1206 [0] $flatten\seg_adder_vff_in_5.$0$memwr$\arr$/teamspace/studios/this_studio/Melodica-Integration-into-Fife-Core/bsc/lib/Verilog/SizedFIFO.v:206$1188_EN[31:0]$1206 [0] $flatten\seg_adder_vff_in_5.$0$memwr$\arr$/teamspace/studios/this_studio/Melodica-Integration-into-Fife-Core/bsc/lib/Verilog/SizedFIFO.v:206$1188_EN[31:0]$1206 [0] $flatten\seg_adder_vff_in_5.$0$memwr$\arr$/teamspace/studios/this_studio/Melodica-Integration-into-Fife-Core/bsc/lib/Verilog/SizedFIFO.v:206$1188_EN[31:0]$1206 [0] $flatten\seg_adder_vff_in_5.$0$memwr$\arr$/teamspace/studios/this_studio/Melodica-Integration-into-Fife-Core/bsc/lib/Verilog/SizedFIFO.v:206$1188_EN[31:0]$1206 [0] $flatten\seg_adder_vff_in_5.$0$memwr$\arr$/teamspace/studios/this_studio/Melodica-Integration-into-Fife-Core/bsc/lib/Verilog/SizedFIFO.v:206$1188_EN[31:0]$1206 [0] $flatten\seg_adder_vff_in_5.$0$memwr$\arr$/teamspace/studios/this_studio/Melodica-Integration-into-Fife-Core/bsc/lib/Verilog/SizedFIFO.v:206$1188_EN[31:0]$1206 [0] }
    New ctrl vector for $pmux cell $flatten\seg_adder_vff_in_5.$procmux$1661: { $auto$opt_reduce.cc:134:opt_pmux$1907 $auto$opt_reduce.cc:134:opt_pmux$1905 }
    New ctrl vector for $pmux cell $flatten\seg_adder_vff_in_5.$procmux$1685: $auto$opt_reduce.cc:134:opt_pmux$1909
    Consolidated identical input bits for $mux cell $flatten\seg_adder_vff_in_6.$procmux$1653:
      Old ports: A=0, B=32'11111111111111111111111111111111, Y=$flatten\seg_adder_vff_in_6.$0$memwr$\arr$/teamspace/studios/this_studio/Melodica-Integration-into-Fife-Core/bsc/lib/Verilog/SizedFIFO.v:206$1188_EN[31:0]$1206
      New ports: A=1'0, B=1'1, Y=$flatten\seg_adder_vff_in_6.$0$memwr$\arr$/teamspace/studios/this_studio/Melodica-Integration-into-Fife-Core/bsc/lib/Verilog/SizedFIFO.v:206$1188_EN[31:0]$1206 [0]
      New connections: $flatten\seg_adder_vff_in_6.$0$memwr$\arr$/teamspace/studios/this_studio/Melodica-Integration-into-Fife-Core/bsc/lib/Verilog/SizedFIFO.v:206$1188_EN[31:0]$1206 [31:1] = { $flatten\seg_adder_vff_in_6.$0$memwr$\arr$/teamspace/studios/this_studio/Melodica-Integration-into-Fife-Core/bsc/lib/Verilog/SizedFIFO.v:206$1188_EN[31:0]$1206 [0] $flatten\seg_adder_vff_in_6.$0$memwr$\arr$/teamspace/studios/this_studio/Melodica-Integration-into-Fife-Core/bsc/lib/Verilog/SizedFIFO.v:206$1188_EN[31:0]$1206 [0] $flatten\seg_adder_vff_in_6.$0$memwr$\arr$/teamspace/studios/this_studio/Melodica-Integration-into-Fife-Core/bsc/lib/Verilog/SizedFIFO.v:206$1188_EN[31:0]$1206 [0] $flatten\seg_adder_vff_in_6.$0$memwr$\arr$/teamspace/studios/this_studio/Melodica-Integration-into-Fife-Core/bsc/lib/Verilog/SizedFIFO.v:206$1188_EN[31:0]$1206 [0] $flatten\seg_adder_vff_in_6.$0$memwr$\arr$/teamspace/studios/this_studio/Melodica-Integration-into-Fife-Core/bsc/lib/Verilog/SizedFIFO.v:206$1188_EN[31:0]$1206 [0] $flatten\seg_adder_vff_in_6.$0$memwr$\arr$/teamspace/studios/this_studio/Melodica-Integration-into-Fife-Core/bsc/lib/Verilog/SizedFIFO.v:206$1188_EN[31:0]$1206 [0] $flatten\seg_adder_vff_in_6.$0$memwr$\arr$/teamspace/studios/this_studio/Melodica-Integration-into-Fife-Core/bsc/lib/Verilog/SizedFIFO.v:206$1188_EN[31:0]$1206 [0] $flatten\seg_adder_vff_in_6.$0$memwr$\arr$/teamspace/studios/this_studio/Melodica-Integration-into-Fife-Core/bsc/lib/Verilog/SizedFIFO.v:206$1188_EN[31:0]$1206 [0] $flatten\seg_adder_vff_in_6.$0$memwr$\arr$/teamspace/studios/this_studio/Melodica-Integration-into-Fife-Core/bsc/lib/Verilog/SizedFIFO.v:206$1188_EN[31:0]$1206 [0] $flatten\seg_adder_vff_in_6.$0$memwr$\arr$/teamspace/studios/this_studio/Melodica-Integration-into-Fife-Core/bsc/lib/Verilog/SizedFIFO.v:206$1188_EN[31:0]$1206 [0] $flatten\seg_adder_vff_in_6.$0$memwr$\arr$/teamspace/studios/this_studio/Melodica-Integration-into-Fife-Core/bsc/lib/Verilog/SizedFIFO.v:206$1188_EN[31:0]$1206 [0] $flatten\seg_adder_vff_in_6.$0$memwr$\arr$/teamspace/studios/this_studio/Melodica-Integration-into-Fife-Core/bsc/lib/Verilog/SizedFIFO.v:206$1188_EN[31:0]$1206 [0] $flatten\seg_adder_vff_in_6.$0$memwr$\arr$/teamspace/studios/this_studio/Melodica-Integration-into-Fife-Core/bsc/lib/Verilog/SizedFIFO.v:206$1188_EN[31:0]$1206 [0] $flatten\seg_adder_vff_in_6.$0$memwr$\arr$/teamspace/studios/this_studio/Melodica-Integration-into-Fife-Core/bsc/lib/Verilog/SizedFIFO.v:206$1188_EN[31:0]$1206 [0] $flatten\seg_adder_vff_in_6.$0$memwr$\arr$/teamspace/studios/this_studio/Melodica-Integration-into-Fife-Core/bsc/lib/Verilog/SizedFIFO.v:206$1188_EN[31:0]$1206 [0] $flatten\seg_adder_vff_in_6.$0$memwr$\arr$/teamspace/studios/this_studio/Melodica-Integration-into-Fife-Core/bsc/lib/Verilog/SizedFIFO.v:206$1188_EN[31:0]$1206 [0] $flatten\seg_adder_vff_in_6.$0$memwr$\arr$/teamspace/studios/this_studio/Melodica-Integration-into-Fife-Core/bsc/lib/Verilog/SizedFIFO.v:206$1188_EN[31:0]$1206 [0] $flatten\seg_adder_vff_in_6.$0$memwr$\arr$/teamspace/studios/this_studio/Melodica-Integration-into-Fife-Core/bsc/lib/Verilog/SizedFIFO.v:206$1188_EN[31:0]$1206 [0] $flatten\seg_adder_vff_in_6.$0$memwr$\arr$/teamspace/studios/this_studio/Melodica-Integration-into-Fife-Core/bsc/lib/Verilog/SizedFIFO.v:206$1188_EN[31:0]$1206 [0] $flatten\seg_adder_vff_in_6.$0$memwr$\arr$/teamspace/studios/this_studio/Melodica-Integration-into-Fife-Core/bsc/lib/Verilog/SizedFIFO.v:206$1188_EN[31:0]$1206 [0] $flatten\seg_adder_vff_in_6.$0$memwr$\arr$/teamspace/studios/this_studio/Melodica-Integration-into-Fife-Core/bsc/lib/Verilog/SizedFIFO.v:206$1188_EN[31:0]$1206 [0] $flatten\seg_adder_vff_in_6.$0$memwr$\arr$/teamspace/studios/this_studio/Melodica-Integration-into-Fife-Core/bsc/lib/Verilog/SizedFIFO.v:206$1188_EN[31:0]$1206 [0] $flatten\seg_adder_vff_in_6.$0$memwr$\arr$/teamspace/studios/this_studio/Melodica-Integration-into-Fife-Core/bsc/lib/Verilog/SizedFIFO.v:206$1188_EN[31:0]$1206 [0] $flatten\seg_adder_vff_in_6.$0$memwr$\arr$/teamspace/studios/this_studio/Melodica-Integration-into-Fife-Core/bsc/lib/Verilog/SizedFIFO.v:206$1188_EN[31:0]$1206 [0] $flatten\seg_adder_vff_in_6.$0$memwr$\arr$/teamspace/studios/this_studio/Melodica-Integration-into-Fife-Core/bsc/lib/Verilog/SizedFIFO.v:206$1188_EN[31:0]$1206 [0] $flatten\seg_adder_vff_in_6.$0$memwr$\arr$/teamspace/studios/this_studio/Melodica-Integration-into-Fife-Core/bsc/lib/Verilog/SizedFIFO.v:206$1188_EN[31:0]$1206 [0] $flatten\seg_adder_vff_in_6.$0$memwr$\arr$/teamspace/studios/this_studio/Melodica-Integration-into-Fife-Core/bsc/lib/Verilog/SizedFIFO.v:206$1188_EN[31:0]$1206 [0] $flatten\seg_adder_vff_in_6.$0$memwr$\arr$/teamspace/studios/this_studio/Melodica-Integration-into-Fife-Core/bsc/lib/Verilog/SizedFIFO.v:206$1188_EN[31:0]$1206 [0] $flatten\seg_adder_vff_in_6.$0$memwr$\arr$/teamspace/studios/this_studio/Melodica-Integration-into-Fife-Core/bsc/lib/Verilog/SizedFIFO.v:206$1188_EN[31:0]$1206 [0] $flatten\seg_adder_vff_in_6.$0$memwr$\arr$/teamspace/studios/this_studio/Melodica-Integration-into-Fife-Core/bsc/lib/Verilog/SizedFIFO.v:206$1188_EN[31:0]$1206 [0] $flatten\seg_adder_vff_in_6.$0$memwr$\arr$/teamspace/studios/this_studio/Melodica-Integration-into-Fife-Core/bsc/lib/Verilog/SizedFIFO.v:206$1188_EN[31:0]$1206 [0] }
    New ctrl vector for $pmux cell $flatten\seg_adder_vff_in_6.$procmux$1661: { $auto$opt_reduce.cc:134:opt_pmux$1913 $auto$opt_reduce.cc:134:opt_pmux$1911 }
    New ctrl vector for $pmux cell $flatten\seg_adder_vff_in_6.$procmux$1685: $auto$opt_reduce.cc:134:opt_pmux$1915
    Consolidated identical input bits for $mux cell $flatten\seg_adder_vff_in_7.$procmux$1653:
      Old ports: A=0, B=32'11111111111111111111111111111111, Y=$flatten\seg_adder_vff_in_7.$0$memwr$\arr$/teamspace/studios/this_studio/Melodica-Integration-into-Fife-Core/bsc/lib/Verilog/SizedFIFO.v:206$1188_EN[31:0]$1206
      New ports: A=1'0, B=1'1, Y=$flatten\seg_adder_vff_in_7.$0$memwr$\arr$/teamspace/studios/this_studio/Melodica-Integration-into-Fife-Core/bsc/lib/Verilog/SizedFIFO.v:206$1188_EN[31:0]$1206 [0]
      New connections: $flatten\seg_adder_vff_in_7.$0$memwr$\arr$/teamspace/studios/this_studio/Melodica-Integration-into-Fife-Core/bsc/lib/Verilog/SizedFIFO.v:206$1188_EN[31:0]$1206 [31:1] = { $flatten\seg_adder_vff_in_7.$0$memwr$\arr$/teamspace/studios/this_studio/Melodica-Integration-into-Fife-Core/bsc/lib/Verilog/SizedFIFO.v:206$1188_EN[31:0]$1206 [0] $flatten\seg_adder_vff_in_7.$0$memwr$\arr$/teamspace/studios/this_studio/Melodica-Integration-into-Fife-Core/bsc/lib/Verilog/SizedFIFO.v:206$1188_EN[31:0]$1206 [0] $flatten\seg_adder_vff_in_7.$0$memwr$\arr$/teamspace/studios/this_studio/Melodica-Integration-into-Fife-Core/bsc/lib/Verilog/SizedFIFO.v:206$1188_EN[31:0]$1206 [0] $flatten\seg_adder_vff_in_7.$0$memwr$\arr$/teamspace/studios/this_studio/Melodica-Integration-into-Fife-Core/bsc/lib/Verilog/SizedFIFO.v:206$1188_EN[31:0]$1206 [0] $flatten\seg_adder_vff_in_7.$0$memwr$\arr$/teamspace/studios/this_studio/Melodica-Integration-into-Fife-Core/bsc/lib/Verilog/SizedFIFO.v:206$1188_EN[31:0]$1206 [0] $flatten\seg_adder_vff_in_7.$0$memwr$\arr$/teamspace/studios/this_studio/Melodica-Integration-into-Fife-Core/bsc/lib/Verilog/SizedFIFO.v:206$1188_EN[31:0]$1206 [0] $flatten\seg_adder_vff_in_7.$0$memwr$\arr$/teamspace/studios/this_studio/Melodica-Integration-into-Fife-Core/bsc/lib/Verilog/SizedFIFO.v:206$1188_EN[31:0]$1206 [0] $flatten\seg_adder_vff_in_7.$0$memwr$\arr$/teamspace/studios/this_studio/Melodica-Integration-into-Fife-Core/bsc/lib/Verilog/SizedFIFO.v:206$1188_EN[31:0]$1206 [0] $flatten\seg_adder_vff_in_7.$0$memwr$\arr$/teamspace/studios/this_studio/Melodica-Integration-into-Fife-Core/bsc/lib/Verilog/SizedFIFO.v:206$1188_EN[31:0]$1206 [0] $flatten\seg_adder_vff_in_7.$0$memwr$\arr$/teamspace/studios/this_studio/Melodica-Integration-into-Fife-Core/bsc/lib/Verilog/SizedFIFO.v:206$1188_EN[31:0]$1206 [0] $flatten\seg_adder_vff_in_7.$0$memwr$\arr$/teamspace/studios/this_studio/Melodica-Integration-into-Fife-Core/bsc/lib/Verilog/SizedFIFO.v:206$1188_EN[31:0]$1206 [0] $flatten\seg_adder_vff_in_7.$0$memwr$\arr$/teamspace/studios/this_studio/Melodica-Integration-into-Fife-Core/bsc/lib/Verilog/SizedFIFO.v:206$1188_EN[31:0]$1206 [0] $flatten\seg_adder_vff_in_7.$0$memwr$\arr$/teamspace/studios/this_studio/Melodica-Integration-into-Fife-Core/bsc/lib/Verilog/SizedFIFO.v:206$1188_EN[31:0]$1206 [0] $flatten\seg_adder_vff_in_7.$0$memwr$\arr$/teamspace/studios/this_studio/Melodica-Integration-into-Fife-Core/bsc/lib/Verilog/SizedFIFO.v:206$1188_EN[31:0]$1206 [0] $flatten\seg_adder_vff_in_7.$0$memwr$\arr$/teamspace/studios/this_studio/Melodica-Integration-into-Fife-Core/bsc/lib/Verilog/SizedFIFO.v:206$1188_EN[31:0]$1206 [0] $flatten\seg_adder_vff_in_7.$0$memwr$\arr$/teamspace/studios/this_studio/Melodica-Integration-into-Fife-Core/bsc/lib/Verilog/SizedFIFO.v:206$1188_EN[31:0]$1206 [0] $flatten\seg_adder_vff_in_7.$0$memwr$\arr$/teamspace/studios/this_studio/Melodica-Integration-into-Fife-Core/bsc/lib/Verilog/SizedFIFO.v:206$1188_EN[31:0]$1206 [0] $flatten\seg_adder_vff_in_7.$0$memwr$\arr$/teamspace/studios/this_studio/Melodica-Integration-into-Fife-Core/bsc/lib/Verilog/SizedFIFO.v:206$1188_EN[31:0]$1206 [0] $flatten\seg_adder_vff_in_7.$0$memwr$\arr$/teamspace/studios/this_studio/Melodica-Integration-into-Fife-Core/bsc/lib/Verilog/SizedFIFO.v:206$1188_EN[31:0]$1206 [0] $flatten\seg_adder_vff_in_7.$0$memwr$\arr$/teamspace/studios/this_studio/Melodica-Integration-into-Fife-Core/bsc/lib/Verilog/SizedFIFO.v:206$1188_EN[31:0]$1206 [0] $flatten\seg_adder_vff_in_7.$0$memwr$\arr$/teamspace/studios/this_studio/Melodica-Integration-into-Fife-Core/bsc/lib/Verilog/SizedFIFO.v:206$1188_EN[31:0]$1206 [0] $flatten\seg_adder_vff_in_7.$0$memwr$\arr$/teamspace/studios/this_studio/Melodica-Integration-into-Fife-Core/bsc/lib/Verilog/SizedFIFO.v:206$1188_EN[31:0]$1206 [0] $flatten\seg_adder_vff_in_7.$0$memwr$\arr$/teamspace/studios/this_studio/Melodica-Integration-into-Fife-Core/bsc/lib/Verilog/SizedFIFO.v:206$1188_EN[31:0]$1206 [0] $flatten\seg_adder_vff_in_7.$0$memwr$\arr$/teamspace/studios/this_studio/Melodica-Integration-into-Fife-Core/bsc/lib/Verilog/SizedFIFO.v:206$1188_EN[31:0]$1206 [0] $flatten\seg_adder_vff_in_7.$0$memwr$\arr$/teamspace/studios/this_studio/Melodica-Integration-into-Fife-Core/bsc/lib/Verilog/SizedFIFO.v:206$1188_EN[31:0]$1206 [0] $flatten\seg_adder_vff_in_7.$0$memwr$\arr$/teamspace/studios/this_studio/Melodica-Integration-into-Fife-Core/bsc/lib/Verilog/SizedFIFO.v:206$1188_EN[31:0]$1206 [0] $flatten\seg_adder_vff_in_7.$0$memwr$\arr$/teamspace/studios/this_studio/Melodica-Integration-into-Fife-Core/bsc/lib/Verilog/SizedFIFO.v:206$1188_EN[31:0]$1206 [0] $flatten\seg_adder_vff_in_7.$0$memwr$\arr$/teamspace/studios/this_studio/Melodica-Integration-into-Fife-Core/bsc/lib/Verilog/SizedFIFO.v:206$1188_EN[31:0]$1206 [0] $flatten\seg_adder_vff_in_7.$0$memwr$\arr$/teamspace/studios/this_studio/Melodica-Integration-into-Fife-Core/bsc/lib/Verilog/SizedFIFO.v:206$1188_EN[31:0]$1206 [0] $flatten\seg_adder_vff_in_7.$0$memwr$\arr$/teamspace/studios/this_studio/Melodica-Integration-into-Fife-Core/bsc/lib/Verilog/SizedFIFO.v:206$1188_EN[31:0]$1206 [0] $flatten\seg_adder_vff_in_7.$0$memwr$\arr$/teamspace/studios/this_studio/Melodica-Integration-into-Fife-Core/bsc/lib/Verilog/SizedFIFO.v:206$1188_EN[31:0]$1206 [0] }
    New ctrl vector for $pmux cell $flatten\seg_adder_vff_in_7.$procmux$1661: { $auto$opt_reduce.cc:134:opt_pmux$1919 $auto$opt_reduce.cc:134:opt_pmux$1917 }
    New ctrl vector for $pmux cell $flatten\seg_adder_vff_in_7.$procmux$1685: $auto$opt_reduce.cc:134:opt_pmux$1921
    Consolidated identical input bits for $mux cell $flatten\seg_adder_vff_in_8.$procmux$1653:
      Old ports: A=0, B=32'11111111111111111111111111111111, Y=$flatten\seg_adder_vff_in_8.$0$memwr$\arr$/teamspace/studios/this_studio/Melodica-Integration-into-Fife-Core/bsc/lib/Verilog/SizedFIFO.v:206$1188_EN[31:0]$1206
      New ports: A=1'0, B=1'1, Y=$flatten\seg_adder_vff_in_8.$0$memwr$\arr$/teamspace/studios/this_studio/Melodica-Integration-into-Fife-Core/bsc/lib/Verilog/SizedFIFO.v:206$1188_EN[31:0]$1206 [0]
      New connections: $flatten\seg_adder_vff_in_8.$0$memwr$\arr$/teamspace/studios/this_studio/Melodica-Integration-into-Fife-Core/bsc/lib/Verilog/SizedFIFO.v:206$1188_EN[31:0]$1206 [31:1] = { $flatten\seg_adder_vff_in_8.$0$memwr$\arr$/teamspace/studios/this_studio/Melodica-Integration-into-Fife-Core/bsc/lib/Verilog/SizedFIFO.v:206$1188_EN[31:0]$1206 [0] $flatten\seg_adder_vff_in_8.$0$memwr$\arr$/teamspace/studios/this_studio/Melodica-Integration-into-Fife-Core/bsc/lib/Verilog/SizedFIFO.v:206$1188_EN[31:0]$1206 [0] $flatten\seg_adder_vff_in_8.$0$memwr$\arr$/teamspace/studios/this_studio/Melodica-Integration-into-Fife-Core/bsc/lib/Verilog/SizedFIFO.v:206$1188_EN[31:0]$1206 [0] $flatten\seg_adder_vff_in_8.$0$memwr$\arr$/teamspace/studios/this_studio/Melodica-Integration-into-Fife-Core/bsc/lib/Verilog/SizedFIFO.v:206$1188_EN[31:0]$1206 [0] $flatten\seg_adder_vff_in_8.$0$memwr$\arr$/teamspace/studios/this_studio/Melodica-Integration-into-Fife-Core/bsc/lib/Verilog/SizedFIFO.v:206$1188_EN[31:0]$1206 [0] $flatten\seg_adder_vff_in_8.$0$memwr$\arr$/teamspace/studios/this_studio/Melodica-Integration-into-Fife-Core/bsc/lib/Verilog/SizedFIFO.v:206$1188_EN[31:0]$1206 [0] $flatten\seg_adder_vff_in_8.$0$memwr$\arr$/teamspace/studios/this_studio/Melodica-Integration-into-Fife-Core/bsc/lib/Verilog/SizedFIFO.v:206$1188_EN[31:0]$1206 [0] $flatten\seg_adder_vff_in_8.$0$memwr$\arr$/teamspace/studios/this_studio/Melodica-Integration-into-Fife-Core/bsc/lib/Verilog/SizedFIFO.v:206$1188_EN[31:0]$1206 [0] $flatten\seg_adder_vff_in_8.$0$memwr$\arr$/teamspace/studios/this_studio/Melodica-Integration-into-Fife-Core/bsc/lib/Verilog/SizedFIFO.v:206$1188_EN[31:0]$1206 [0] $flatten\seg_adder_vff_in_8.$0$memwr$\arr$/teamspace/studios/this_studio/Melodica-Integration-into-Fife-Core/bsc/lib/Verilog/SizedFIFO.v:206$1188_EN[31:0]$1206 [0] $flatten\seg_adder_vff_in_8.$0$memwr$\arr$/teamspace/studios/this_studio/Melodica-Integration-into-Fife-Core/bsc/lib/Verilog/SizedFIFO.v:206$1188_EN[31:0]$1206 [0] $flatten\seg_adder_vff_in_8.$0$memwr$\arr$/teamspace/studios/this_studio/Melodica-Integration-into-Fife-Core/bsc/lib/Verilog/SizedFIFO.v:206$1188_EN[31:0]$1206 [0] $flatten\seg_adder_vff_in_8.$0$memwr$\arr$/teamspace/studios/this_studio/Melodica-Integration-into-Fife-Core/bsc/lib/Verilog/SizedFIFO.v:206$1188_EN[31:0]$1206 [0] $flatten\seg_adder_vff_in_8.$0$memwr$\arr$/teamspace/studios/this_studio/Melodica-Integration-into-Fife-Core/bsc/lib/Verilog/SizedFIFO.v:206$1188_EN[31:0]$1206 [0] $flatten\seg_adder_vff_in_8.$0$memwr$\arr$/teamspace/studios/this_studio/Melodica-Integration-into-Fife-Core/bsc/lib/Verilog/SizedFIFO.v:206$1188_EN[31:0]$1206 [0] $flatten\seg_adder_vff_in_8.$0$memwr$\arr$/teamspace/studios/this_studio/Melodica-Integration-into-Fife-Core/bsc/lib/Verilog/SizedFIFO.v:206$1188_EN[31:0]$1206 [0] $flatten\seg_adder_vff_in_8.$0$memwr$\arr$/teamspace/studios/this_studio/Melodica-Integration-into-Fife-Core/bsc/lib/Verilog/SizedFIFO.v:206$1188_EN[31:0]$1206 [0] $flatten\seg_adder_vff_in_8.$0$memwr$\arr$/teamspace/studios/this_studio/Melodica-Integration-into-Fife-Core/bsc/lib/Verilog/SizedFIFO.v:206$1188_EN[31:0]$1206 [0] $flatten\seg_adder_vff_in_8.$0$memwr$\arr$/teamspace/studios/this_studio/Melodica-Integration-into-Fife-Core/bsc/lib/Verilog/SizedFIFO.v:206$1188_EN[31:0]$1206 [0] $flatten\seg_adder_vff_in_8.$0$memwr$\arr$/teamspace/studios/this_studio/Melodica-Integration-into-Fife-Core/bsc/lib/Verilog/SizedFIFO.v:206$1188_EN[31:0]$1206 [0] $flatten\seg_adder_vff_in_8.$0$memwr$\arr$/teamspace/studios/this_studio/Melodica-Integration-into-Fife-Core/bsc/lib/Verilog/SizedFIFO.v:206$1188_EN[31:0]$1206 [0] $flatten\seg_adder_vff_in_8.$0$memwr$\arr$/teamspace/studios/this_studio/Melodica-Integration-into-Fife-Core/bsc/lib/Verilog/SizedFIFO.v:206$1188_EN[31:0]$1206 [0] $flatten\seg_adder_vff_in_8.$0$memwr$\arr$/teamspace/studios/this_studio/Melodica-Integration-into-Fife-Core/bsc/lib/Verilog/SizedFIFO.v:206$1188_EN[31:0]$1206 [0] $flatten\seg_adder_vff_in_8.$0$memwr$\arr$/teamspace/studios/this_studio/Melodica-Integration-into-Fife-Core/bsc/lib/Verilog/SizedFIFO.v:206$1188_EN[31:0]$1206 [0] $flatten\seg_adder_vff_in_8.$0$memwr$\arr$/teamspace/studios/this_studio/Melodica-Integration-into-Fife-Core/bsc/lib/Verilog/SizedFIFO.v:206$1188_EN[31:0]$1206 [0] $flatten\seg_adder_vff_in_8.$0$memwr$\arr$/teamspace/studios/this_studio/Melodica-Integration-into-Fife-Core/bsc/lib/Verilog/SizedFIFO.v:206$1188_EN[31:0]$1206 [0] $flatten\seg_adder_vff_in_8.$0$memwr$\arr$/teamspace/studios/this_studio/Melodica-Integration-into-Fife-Core/bsc/lib/Verilog/SizedFIFO.v:206$1188_EN[31:0]$1206 [0] $flatten\seg_adder_vff_in_8.$0$memwr$\arr$/teamspace/studios/this_studio/Melodica-Integration-into-Fife-Core/bsc/lib/Verilog/SizedFIFO.v:206$1188_EN[31:0]$1206 [0] $flatten\seg_adder_vff_in_8.$0$memwr$\arr$/teamspace/studios/this_studio/Melodica-Integration-into-Fife-Core/bsc/lib/Verilog/SizedFIFO.v:206$1188_EN[31:0]$1206 [0] $flatten\seg_adder_vff_in_8.$0$memwr$\arr$/teamspace/studios/this_studio/Melodica-Integration-into-Fife-Core/bsc/lib/Verilog/SizedFIFO.v:206$1188_EN[31:0]$1206 [0] $flatten\seg_adder_vff_in_8.$0$memwr$\arr$/teamspace/studios/this_studio/Melodica-Integration-into-Fife-Core/bsc/lib/Verilog/SizedFIFO.v:206$1188_EN[31:0]$1206 [0] }
    New ctrl vector for $pmux cell $flatten\seg_adder_vff_in_8.$procmux$1661: { $auto$opt_reduce.cc:134:opt_pmux$1925 $auto$opt_reduce.cc:134:opt_pmux$1923 }
    New ctrl vector for $pmux cell $flatten\seg_adder_vff_in_8.$procmux$1685: $auto$opt_reduce.cc:134:opt_pmux$1927
    Consolidated identical input bits for $mux cell $flatten\seg_adder_vff_in_9.$procmux$1653:
      Old ports: A=0, B=32'11111111111111111111111111111111, Y=$flatten\seg_adder_vff_in_9.$0$memwr$\arr$/teamspace/studios/this_studio/Melodica-Integration-into-Fife-Core/bsc/lib/Verilog/SizedFIFO.v:206$1188_EN[31:0]$1206
      New ports: A=1'0, B=1'1, Y=$flatten\seg_adder_vff_in_9.$0$memwr$\arr$/teamspace/studios/this_studio/Melodica-Integration-into-Fife-Core/bsc/lib/Verilog/SizedFIFO.v:206$1188_EN[31:0]$1206 [0]
      New connections: $flatten\seg_adder_vff_in_9.$0$memwr$\arr$/teamspace/studios/this_studio/Melodica-Integration-into-Fife-Core/bsc/lib/Verilog/SizedFIFO.v:206$1188_EN[31:0]$1206 [31:1] = { $flatten\seg_adder_vff_in_9.$0$memwr$\arr$/teamspace/studios/this_studio/Melodica-Integration-into-Fife-Core/bsc/lib/Verilog/SizedFIFO.v:206$1188_EN[31:0]$1206 [0] $flatten\seg_adder_vff_in_9.$0$memwr$\arr$/teamspace/studios/this_studio/Melodica-Integration-into-Fife-Core/bsc/lib/Verilog/SizedFIFO.v:206$1188_EN[31:0]$1206 [0] $flatten\seg_adder_vff_in_9.$0$memwr$\arr$/teamspace/studios/this_studio/Melodica-Integration-into-Fife-Core/bsc/lib/Verilog/SizedFIFO.v:206$1188_EN[31:0]$1206 [0] $flatten\seg_adder_vff_in_9.$0$memwr$\arr$/teamspace/studios/this_studio/Melodica-Integration-into-Fife-Core/bsc/lib/Verilog/SizedFIFO.v:206$1188_EN[31:0]$1206 [0] $flatten\seg_adder_vff_in_9.$0$memwr$\arr$/teamspace/studios/this_studio/Melodica-Integration-into-Fife-Core/bsc/lib/Verilog/SizedFIFO.v:206$1188_EN[31:0]$1206 [0] $flatten\seg_adder_vff_in_9.$0$memwr$\arr$/teamspace/studios/this_studio/Melodica-Integration-into-Fife-Core/bsc/lib/Verilog/SizedFIFO.v:206$1188_EN[31:0]$1206 [0] $flatten\seg_adder_vff_in_9.$0$memwr$\arr$/teamspace/studios/this_studio/Melodica-Integration-into-Fife-Core/bsc/lib/Verilog/SizedFIFO.v:206$1188_EN[31:0]$1206 [0] $flatten\seg_adder_vff_in_9.$0$memwr$\arr$/teamspace/studios/this_studio/Melodica-Integration-into-Fife-Core/bsc/lib/Verilog/SizedFIFO.v:206$1188_EN[31:0]$1206 [0] $flatten\seg_adder_vff_in_9.$0$memwr$\arr$/teamspace/studios/this_studio/Melodica-Integration-into-Fife-Core/bsc/lib/Verilog/SizedFIFO.v:206$1188_EN[31:0]$1206 [0] $flatten\seg_adder_vff_in_9.$0$memwr$\arr$/teamspace/studios/this_studio/Melodica-Integration-into-Fife-Core/bsc/lib/Verilog/SizedFIFO.v:206$1188_EN[31:0]$1206 [0] $flatten\seg_adder_vff_in_9.$0$memwr$\arr$/teamspace/studios/this_studio/Melodica-Integration-into-Fife-Core/bsc/lib/Verilog/SizedFIFO.v:206$1188_EN[31:0]$1206 [0] $flatten\seg_adder_vff_in_9.$0$memwr$\arr$/teamspace/studios/this_studio/Melodica-Integration-into-Fife-Core/bsc/lib/Verilog/SizedFIFO.v:206$1188_EN[31:0]$1206 [0] $flatten\seg_adder_vff_in_9.$0$memwr$\arr$/teamspace/studios/this_studio/Melodica-Integration-into-Fife-Core/bsc/lib/Verilog/SizedFIFO.v:206$1188_EN[31:0]$1206 [0] $flatten\seg_adder_vff_in_9.$0$memwr$\arr$/teamspace/studios/this_studio/Melodica-Integration-into-Fife-Core/bsc/lib/Verilog/SizedFIFO.v:206$1188_EN[31:0]$1206 [0] $flatten\seg_adder_vff_in_9.$0$memwr$\arr$/teamspace/studios/this_studio/Melodica-Integration-into-Fife-Core/bsc/lib/Verilog/SizedFIFO.v:206$1188_EN[31:0]$1206 [0] $flatten\seg_adder_vff_in_9.$0$memwr$\arr$/teamspace/studios/this_studio/Melodica-Integration-into-Fife-Core/bsc/lib/Verilog/SizedFIFO.v:206$1188_EN[31:0]$1206 [0] $flatten\seg_adder_vff_in_9.$0$memwr$\arr$/teamspace/studios/this_studio/Melodica-Integration-into-Fife-Core/bsc/lib/Verilog/SizedFIFO.v:206$1188_EN[31:0]$1206 [0] $flatten\seg_adder_vff_in_9.$0$memwr$\arr$/teamspace/studios/this_studio/Melodica-Integration-into-Fife-Core/bsc/lib/Verilog/SizedFIFO.v:206$1188_EN[31:0]$1206 [0] $flatten\seg_adder_vff_in_9.$0$memwr$\arr$/teamspace/studios/this_studio/Melodica-Integration-into-Fife-Core/bsc/lib/Verilog/SizedFIFO.v:206$1188_EN[31:0]$1206 [0] $flatten\seg_adder_vff_in_9.$0$memwr$\arr$/teamspace/studios/this_studio/Melodica-Integration-into-Fife-Core/bsc/lib/Verilog/SizedFIFO.v:206$1188_EN[31:0]$1206 [0] $flatten\seg_adder_vff_in_9.$0$memwr$\arr$/teamspace/studios/this_studio/Melodica-Integration-into-Fife-Core/bsc/lib/Verilog/SizedFIFO.v:206$1188_EN[31:0]$1206 [0] $flatten\seg_adder_vff_in_9.$0$memwr$\arr$/teamspace/studios/this_studio/Melodica-Integration-into-Fife-Core/bsc/lib/Verilog/SizedFIFO.v:206$1188_EN[31:0]$1206 [0] $flatten\seg_adder_vff_in_9.$0$memwr$\arr$/teamspace/studios/this_studio/Melodica-Integration-into-Fife-Core/bsc/lib/Verilog/SizedFIFO.v:206$1188_EN[31:0]$1206 [0] $flatten\seg_adder_vff_in_9.$0$memwr$\arr$/teamspace/studios/this_studio/Melodica-Integration-into-Fife-Core/bsc/lib/Verilog/SizedFIFO.v:206$1188_EN[31:0]$1206 [0] $flatten\seg_adder_vff_in_9.$0$memwr$\arr$/teamspace/studios/this_studio/Melodica-Integration-into-Fife-Core/bsc/lib/Verilog/SizedFIFO.v:206$1188_EN[31:0]$1206 [0] $flatten\seg_adder_vff_in_9.$0$memwr$\arr$/teamspace/studios/this_studio/Melodica-Integration-into-Fife-Core/bsc/lib/Verilog/SizedFIFO.v:206$1188_EN[31:0]$1206 [0] $flatten\seg_adder_vff_in_9.$0$memwr$\arr$/teamspace/studios/this_studio/Melodica-Integration-into-Fife-Core/bsc/lib/Verilog/SizedFIFO.v:206$1188_EN[31:0]$1206 [0] $flatten\seg_adder_vff_in_9.$0$memwr$\arr$/teamspace/studios/this_studio/Melodica-Integration-into-Fife-Core/bsc/lib/Verilog/SizedFIFO.v:206$1188_EN[31:0]$1206 [0] $flatten\seg_adder_vff_in_9.$0$memwr$\arr$/teamspace/studios/this_studio/Melodica-Integration-into-Fife-Core/bsc/lib/Verilog/SizedFIFO.v:206$1188_EN[31:0]$1206 [0] $flatten\seg_adder_vff_in_9.$0$memwr$\arr$/teamspace/studios/this_studio/Melodica-Integration-into-Fife-Core/bsc/lib/Verilog/SizedFIFO.v:206$1188_EN[31:0]$1206 [0] $flatten\seg_adder_vff_in_9.$0$memwr$\arr$/teamspace/studios/this_studio/Melodica-Integration-into-Fife-Core/bsc/lib/Verilog/SizedFIFO.v:206$1188_EN[31:0]$1206 [0] }
    New ctrl vector for $pmux cell $flatten\seg_adder_vff_in_9.$procmux$1661: { $auto$opt_reduce.cc:134:opt_pmux$1931 $auto$opt_reduce.cc:134:opt_pmux$1929 }
    New ctrl vector for $pmux cell $flatten\seg_adder_vff_in_9.$procmux$1685: $auto$opt_reduce.cc:134:opt_pmux$1933
    New ctrl vector for $pmux cell $flatten\seg_adder_vff_carry_0.$procmux$1627: $auto$opt_reduce.cc:134:opt_pmux$1935
    New ctrl vector for $pmux cell $flatten\seg_adder_vff_carry_1.$procmux$1603: { $auto$opt_reduce.cc:134:opt_pmux$1939 $auto$opt_reduce.cc:134:opt_pmux$1937 }
    New ctrl vector for $pmux cell $flatten\seg_adder_vff_carry_1.$procmux$1627: $auto$opt_reduce.cc:134:opt_pmux$1941
    New ctrl vector for $pmux cell $flatten\seg_adder_vff_carry_0.$procmux$1603: { $auto$opt_reduce.cc:134:opt_pmux$1945 $auto$opt_reduce.cc:134:opt_pmux$1943 }
  Optimizing cells in module \mkQuire.
Performed a total of 63 changes.

14.7.5. Executing OPT_MERGE pass (detect identical cells).
Finding identical cells in module `\mkQuire'.
<suppressed ~75 debug messages>
Removed a total of 25 cells.

14.7.6. Executing OPT_DFF pass (perform DFF optimizations).

14.7.7. Executing OPT_CLEAN pass (remove unused cells and wires).
Finding unused cells or wires in module \mkQuire..
Removed 0 unused cells and 556 unused wires.
<suppressed ~2 debug messages>

14.7.8. Executing OPT_EXPR pass (perform const folding).
Optimizing module mkQuire.

14.7.9. Rerunning OPT passes. (Maybe there is more to do..)

14.7.10. Executing OPT_MUXTREE pass (detect dead branches in mux trees).
Running muxtree optimizer on module \mkQuire..
  Creating internal representation of mux trees.
  Evaluating internal representation of mux trees.
  Analyzing evaluation results.
Removed 0 multiplexer ports.
<suppressed ~320 debug messages>

14.7.11. Executing OPT_REDUCE pass (consolidate $*mux and $reduce_* inputs).
  Optimizing cells in module \mkQuire.
Performed a total of 0 changes.

14.7.12. Executing OPT_MERGE pass (detect identical cells).
Finding identical cells in module `\mkQuire'.
Removed a total of 0 cells.

14.7.13. Executing OPT_DFF pass (perform DFF optimizations).

14.7.14. Executing OPT_CLEAN pass (remove unused cells and wires).
Finding unused cells or wires in module \mkQuire..

14.7.15. Executing OPT_EXPR pass (perform const folding).
Optimizing module mkQuire.

14.7.16. Finished OPT passes. (There is nothing left to do.)

14.8. Executing FSM pass (extract and optimize FSM).

14.8.1. Executing FSM_DETECT pass (finding FSMs in design).
Not marking mkQuire.zero_counter_rg_numZeroSegs as FSM state register:
    Users of register don't seem to benefit from recoding.

14.8.2. Executing FSM_EXTRACT pass (extracting FSM from design).

14.8.3. Executing FSM_OPT pass (simple optimizations of FSMs).

14.8.4. Executing OPT_CLEAN pass (remove unused cells and wires).
Finding unused cells or wires in module \mkQuire..

14.8.5. Executing FSM_OPT pass (simple optimizations of FSMs).

14.8.6. Executing FSM_RECODE pass (re-assigning FSM state encoding).

14.8.7. Executing FSM_INFO pass (dumping all available information on FSM cells).

14.8.8. Executing FSM_MAP pass (mapping FSMs to basic logic).

14.9. Executing OPT pass (performing simple optimizations).

14.9.1. Executing OPT_EXPR pass (perform const folding).
Optimizing module mkQuire.

14.9.2. Executing OPT_MERGE pass (detect identical cells).
Finding identical cells in module `\mkQuire'.
Removed a total of 0 cells.

14.9.3. Executing OPT_MUXTREE pass (detect dead branches in mux trees).
Running muxtree optimizer on module \mkQuire..
  Creating internal representation of mux trees.
  Evaluating internal representation of mux trees.
  Analyzing evaluation results.
Removed 0 multiplexer ports.
<suppressed ~320 debug messages>

14.9.4. Executing OPT_REDUCE pass (consolidate $*mux and $reduce_* inputs).
  Optimizing cells in module \mkQuire.
Performed a total of 0 changes.

14.9.5. Executing OPT_MERGE pass (detect identical cells).
Finding identical cells in module `\mkQuire'.
Removed a total of 0 cells.

14.9.6. Executing OPT_DFF pass (perform DFF optimizations).
Adding SRST signal on $procdff$1767 ($dff) from module mkQuire (D = $procmux$1258_Y, Q = \zero_counter_rg_seg_counter_busy, rval = 1'0).
Adding EN signal on $auto$ff.cc:266:slice$1946 ($sdff) from module mkQuire (D = \MUX_rg_read_busy$write_1__SEL_1, Q = \zero_counter_rg_seg_counter_busy).
Adding EN signal on $procdff$1766 ($dff) from module mkQuire (D = \x__h58298, Q = \zero_counter_rg_numZeroSegs).
Adding EN signal on $procdff$1765 ($dff) from module mkQuire (D = \zero_counter_rg_firstNonZeroSeg$D_IN, Q = \zero_counter_rg_firstNonZeroSeg).
Adding SRST signal on $procdff$1764 ($dff) from module mkQuire (D = $procmux$1267_Y, Q = \vrg_quire_seg_zero_9, rval = 1'1).
Adding EN signal on $auto$ff.cc:266:slice$1950 ($sdff) from module mkQuire (D = \vrg_quire_seg_zero_9$D_IN, Q = \vrg_quire_seg_zero_9).
Adding SRST signal on $procdff$1763 ($dff) from module mkQuire (D = $procmux$1272_Y, Q = \vrg_quire_seg_zero_8, rval = 1'1).
Adding EN signal on $auto$ff.cc:266:slice$1952 ($sdff) from module mkQuire (D = \vrg_quire_seg_zero_8$D_IN, Q = \vrg_quire_seg_zero_8).
Adding SRST signal on $procdff$1762 ($dff) from module mkQuire (D = $procmux$1277_Y, Q = \vrg_quire_seg_zero_7, rval = 1'1).
Adding EN signal on $auto$ff.cc:266:slice$1954 ($sdff) from module mkQuire (D = \vrg_quire_seg_zero_7$D_IN, Q = \vrg_quire_seg_zero_7).
Adding SRST signal on $procdff$1761 ($dff) from module mkQuire (D = $procmux$1282_Y, Q = \vrg_quire_seg_zero_6, rval = 1'1).
Adding EN signal on $auto$ff.cc:266:slice$1956 ($sdff) from module mkQuire (D = \vrg_quire_seg_zero_6$D_IN, Q = \vrg_quire_seg_zero_6).
Adding SRST signal on $procdff$1760 ($dff) from module mkQuire (D = $procmux$1287_Y, Q = \vrg_quire_seg_zero_5, rval = 1'1).
Adding EN signal on $auto$ff.cc:266:slice$1958 ($sdff) from module mkQuire (D = \vrg_quire_seg_zero_5$D_IN, Q = \vrg_quire_seg_zero_5).
Adding SRST signal on $procdff$1759 ($dff) from module mkQuire (D = $procmux$1292_Y, Q = \vrg_quire_seg_zero_4, rval = 1'1).
Adding EN signal on $auto$ff.cc:266:slice$1960 ($sdff) from module mkQuire (D = \vrg_quire_seg_zero_4$D_IN, Q = \vrg_quire_seg_zero_4).
Adding SRST signal on $procdff$1758 ($dff) from module mkQuire (D = $procmux$1297_Y, Q = \vrg_quire_seg_zero_3, rval = 1'1).
Adding EN signal on $auto$ff.cc:266:slice$1962 ($sdff) from module mkQuire (D = \vrg_quire_seg_zero_3$D_IN, Q = \vrg_quire_seg_zero_3).
Adding SRST signal on $procdff$1757 ($dff) from module mkQuire (D = $procmux$1302_Y, Q = \vrg_quire_seg_zero_2, rval = 1'1).
Adding EN signal on $auto$ff.cc:266:slice$1964 ($sdff) from module mkQuire (D = \vrg_quire_seg_zero_2$D_IN, Q = \vrg_quire_seg_zero_2).
Adding SRST signal on $procdff$1756 ($dff) from module mkQuire (D = $procmux$1307_Y, Q = \vrg_quire_seg_zero_12, rval = 1'1).
Adding EN signal on $auto$ff.cc:266:slice$1966 ($sdff) from module mkQuire (D = \vrg_quire_seg_zero_12$D_IN, Q = \vrg_quire_seg_zero_12).
Adding SRST signal on $procdff$1755 ($dff) from module mkQuire (D = $procmux$1312_Y, Q = \vrg_quire_seg_zero_11, rval = 1'1).
Adding EN signal on $auto$ff.cc:266:slice$1968 ($sdff) from module mkQuire (D = \vrg_quire_seg_zero_11$D_IN, Q = \vrg_quire_seg_zero_11).
Adding SRST signal on $procdff$1754 ($dff) from module mkQuire (D = $procmux$1317_Y, Q = \vrg_quire_seg_zero_10, rval = 1'1).
Adding EN signal on $auto$ff.cc:266:slice$1970 ($sdff) from module mkQuire (D = \vrg_quire_seg_zero_10$D_IN, Q = \vrg_quire_seg_zero_10).
Adding SRST signal on $procdff$1753 ($dff) from module mkQuire (D = $procmux$1322_Y, Q = \vrg_quire_seg_zero_1, rval = 1'1).
Adding EN signal on $auto$ff.cc:266:slice$1972 ($sdff) from module mkQuire (D = \vrg_quire_seg_zero_1$D_IN, Q = \vrg_quire_seg_zero_1).
Adding SRST signal on $procdff$1752 ($dff) from module mkQuire (D = $procmux$1327_Y, Q = \vrg_quire_seg_zero_0, rval = 1'1).
Adding EN signal on $auto$ff.cc:266:slice$1974 ($sdff) from module mkQuire (D = \vrg_quire_seg_zero_0$D_IN, Q = \vrg_quire_seg_zero_0).
Adding SRST signal on $procdff$1751 ($dff) from module mkQuire (D = $procmux$1332_Y, Q = \vrg_quire_9, rval = 0).
Adding EN signal on $auto$ff.cc:266:slice$1976 ($sdff) from module mkQuire (D = \vrg_quire_9$D_IN, Q = \vrg_quire_9).
Adding SRST signal on $procdff$1750 ($dff) from module mkQuire (D = $procmux$1337_Y, Q = \vrg_quire_8, rval = 0).
Adding EN signal on $auto$ff.cc:266:slice$1978 ($sdff) from module mkQuire (D = \vrg_quire_8$D_IN, Q = \vrg_quire_8).
Adding SRST signal on $procdff$1749 ($dff) from module mkQuire (D = $procmux$1342_Y, Q = \vrg_quire_7, rval = 0).
Adding EN signal on $auto$ff.cc:266:slice$1980 ($sdff) from module mkQuire (D = \vrg_quire_7$D_IN, Q = \vrg_quire_7).
Adding SRST signal on $procdff$1748 ($dff) from module mkQuire (D = $procmux$1347_Y, Q = \vrg_quire_6, rval = 0).
Adding EN signal on $auto$ff.cc:266:slice$1982 ($sdff) from module mkQuire (D = \vrg_quire_6$D_IN, Q = \vrg_quire_6).
Adding SRST signal on $procdff$1747 ($dff) from module mkQuire (D = $procmux$1352_Y, Q = \vrg_quire_5, rval = 0).
Adding EN signal on $auto$ff.cc:266:slice$1984 ($sdff) from module mkQuire (D = \vrg_quire_5$D_IN, Q = \vrg_quire_5).
Adding SRST signal on $procdff$1746 ($dff) from module mkQuire (D = $procmux$1357_Y, Q = \vrg_quire_4, rval = 0).
Adding EN signal on $auto$ff.cc:266:slice$1986 ($sdff) from module mkQuire (D = \vrg_quire_4$D_IN, Q = \vrg_quire_4).
Adding SRST signal on $procdff$1745 ($dff) from module mkQuire (D = $procmux$1362_Y, Q = \vrg_quire_3, rval = 0).
Adding EN signal on $auto$ff.cc:266:slice$1988 ($sdff) from module mkQuire (D = \vrg_quire_3$D_IN, Q = \vrg_quire_3).
Adding SRST signal on $procdff$1744 ($dff) from module mkQuire (D = $procmux$1367_Y, Q = \vrg_quire_2, rval = 0).
Adding EN signal on $auto$ff.cc:266:slice$1990 ($sdff) from module mkQuire (D = \vrg_quire_2$D_IN, Q = \vrg_quire_2).
Adding SRST signal on $procdff$1743 ($dff) from module mkQuire (D = $procmux$1372_Y, Q = \vrg_quire_12, rval = 0).
Adding EN signal on $auto$ff.cc:266:slice$1992 ($sdff) from module mkQuire (D = \vrg_quire_12$D_IN, Q = \vrg_quire_12).
Adding SRST signal on $procdff$1742 ($dff) from module mkQuire (D = $procmux$1377_Y, Q = \vrg_quire_11, rval = 0).
Adding EN signal on $auto$ff.cc:266:slice$1994 ($sdff) from module mkQuire (D = \vrg_quire_11$D_IN, Q = \vrg_quire_11).
Adding SRST signal on $procdff$1741 ($dff) from module mkQuire (D = $procmux$1382_Y, Q = \vrg_quire_10, rval = 0).
Adding EN signal on $auto$ff.cc:266:slice$1996 ($sdff) from module mkQuire (D = \vrg_quire_10$D_IN, Q = \vrg_quire_10).
Adding SRST signal on $procdff$1740 ($dff) from module mkQuire (D = $procmux$1387_Y, Q = \vrg_quire_1, rval = 0).
Adding EN signal on $auto$ff.cc:266:slice$1998 ($sdff) from module mkQuire (D = \vrg_quire_1$D_IN, Q = \vrg_quire_1).
Adding SRST signal on $procdff$1739 ($dff) from module mkQuire (D = $procmux$1392_Y, Q = \vrg_quire_0, rval = 0).
Adding EN signal on $auto$ff.cc:266:slice$2000 ($sdff) from module mkQuire (D = \vrg_quire_0$D_IN, Q = \vrg_quire_0).
Adding SRST signal on $procdff$1738 ($dff) from module mkQuire (D = $procmux$1397_Y, Q = \seg_adder_rg_inFlight, rval = 4'0000).
Adding EN signal on $auto$ff.cc:266:slice$2002 ($sdff) from module mkQuire (D = \seg_adder_rg_inFlight$D_IN, Q = \seg_adder_rg_inFlight).
Adding SRST signal on $procdff$1737 ($dff) from module mkQuire (D = $procmux$1402_Y, Q = \rg_seg_zero_upd, rval = 1'1).
Adding EN signal on $auto$ff.cc:266:slice$2004 ($sdff) from module mkQuire (D = \rg_seg_zero_upd$D_IN, Q = \rg_seg_zero_upd).
Adding SRST signal on $procdff$1736 ($dff) from module mkQuire (D = $procmux$1407_Y, Q = \rg_read_busy, rval = 1'0).
Adding EN signal on $auto$ff.cc:266:slice$2006 ($sdff) from module mkQuire (D = \MUX_rg_read_busy$write_1__SEL_1, Q = \rg_read_busy).
Adding SRST signal on $flatten\seg_adder_vff_in_9.$procdff$1785 ($dff) from module mkQuire (D = $flatten\seg_adder_vff_in_9.$procmux$1667_Y, Q = \seg_adder_vff_in_9.hasodata, rval = 1'0).
Adding EN signal on $auto$ff.cc:266:slice$2008 ($sdff) from module mkQuire (D = $flatten\seg_adder_vff_in_9.$procmux$1667_Y, Q = \seg_adder_vff_in_9.hasodata).
Adding SRST signal on $flatten\seg_adder_vff_in_9.$procdff$1784 ($dff) from module mkQuire (D = $flatten\seg_adder_vff_in_9.$procmux$1676_Y, Q = \seg_adder_vff_in_9.tail, rval = 2'00).
Adding EN signal on $auto$ff.cc:266:slice$2012 ($sdff) from module mkQuire (D = $flatten\seg_adder_vff_in_9.$procmux$1676_Y, Q = \seg_adder_vff_in_9.tail).
Adding SRST signal on $flatten\seg_adder_vff_in_9.$procdff$1783 ($dff) from module mkQuire (D = $flatten\seg_adder_vff_in_9.$procmux$1685_Y, Q = \seg_adder_vff_in_9.head, rval = 2'00).
Adding EN signal on $auto$ff.cc:266:slice$2020 ($sdff) from module mkQuire (D = \seg_adder_vff_in_9.next_head, Q = \seg_adder_vff_in_9.head).
Adding SRST signal on $flatten\seg_adder_vff_in_9.$procdff$1782 ($dff) from module mkQuire (D = $flatten\seg_adder_vff_in_9.$procmux$1694_Y, Q = \seg_adder_vff_in_9.ring_empty, rval = 1'1).
Adding EN signal on $auto$ff.cc:266:slice$2022 ($sdff) from module mkQuire (D = $flatten\seg_adder_vff_in_9.$procmux$1694_Y, Q = \seg_adder_vff_in_9.ring_empty).
Adding SRST signal on $flatten\seg_adder_vff_in_9.$procdff$1781 ($dff) from module mkQuire (D = $flatten\seg_adder_vff_in_9.$procmux$1703_Y, Q = \seg_adder_vff_in_9.not_ring_full, rval = 1'1).
Adding EN signal on $auto$ff.cc:266:slice$2030 ($sdff) from module mkQuire (D = $flatten\seg_adder_vff_in_9.$procmux$1703_Y, Q = \seg_adder_vff_in_9.not_ring_full).
Adding EN signal on $flatten\seg_adder_vff_in_9.$procdff$1780 ($dff) from module mkQuire (D = $flatten\seg_adder_vff_in_9.$0\D_OUT[31:0], Q = \seg_adder_vff_in_9.D_OUT).
Adding SRST signal on $flatten\seg_adder_vff_in_8.$procdff$1785 ($dff) from module mkQuire (D = $flatten\seg_adder_vff_in_8.$procmux$1667_Y, Q = \seg_adder_vff_in_8.hasodata, rval = 1'0).
Adding EN signal on $auto$ff.cc:266:slice$2037 ($sdff) from module mkQuire (D = $flatten\seg_adder_vff_in_8.$procmux$1667_Y, Q = \seg_adder_vff_in_8.hasodata).
Adding SRST signal on $flatten\seg_adder_vff_in_8.$procdff$1784 ($dff) from module mkQuire (D = $flatten\seg_adder_vff_in_8.$procmux$1676_Y, Q = \seg_adder_vff_in_8.tail, rval = 2'00).
Adding EN signal on $auto$ff.cc:266:slice$2041 ($sdff) from module mkQuire (D = $flatten\seg_adder_vff_in_8.$procmux$1676_Y, Q = \seg_adder_vff_in_8.tail).
Adding SRST signal on $flatten\seg_adder_vff_in_8.$procdff$1783 ($dff) from module mkQuire (D = $flatten\seg_adder_vff_in_8.$procmux$1685_Y, Q = \seg_adder_vff_in_8.head, rval = 2'00).
Adding EN signal on $auto$ff.cc:266:slice$2049 ($sdff) from module mkQuire (D = \seg_adder_vff_in_8.next_head, Q = \seg_adder_vff_in_8.head).
Adding SRST signal on $flatten\seg_adder_vff_in_8.$procdff$1782 ($dff) from module mkQuire (D = $flatten\seg_adder_vff_in_8.$procmux$1694_Y, Q = \seg_adder_vff_in_8.ring_empty, rval = 1'1).
Adding EN signal on $auto$ff.cc:266:slice$2051 ($sdff) from module mkQuire (D = $flatten\seg_adder_vff_in_8.$procmux$1694_Y, Q = \seg_adder_vff_in_8.ring_empty).
Adding SRST signal on $flatten\seg_adder_vff_in_8.$procdff$1781 ($dff) from module mkQuire (D = $flatten\seg_adder_vff_in_8.$procmux$1703_Y, Q = \seg_adder_vff_in_8.not_ring_full, rval = 1'1).
Adding EN signal on $auto$ff.cc:266:slice$2059 ($sdff) from module mkQuire (D = $flatten\seg_adder_vff_in_8.$procmux$1703_Y, Q = \seg_adder_vff_in_8.not_ring_full).
Adding EN signal on $flatten\seg_adder_vff_in_8.$procdff$1780 ($dff) from module mkQuire (D = $flatten\seg_adder_vff_in_8.$0\D_OUT[31:0], Q = \seg_adder_vff_in_8.D_OUT).
Adding SRST signal on $flatten\seg_adder_vff_in_7.$procdff$1785 ($dff) from module mkQuire (D = $flatten\seg_adder_vff_in_7.$procmux$1667_Y, Q = \seg_adder_vff_in_7.hasodata, rval = 1'0).
Adding EN signal on $auto$ff.cc:266:slice$2066 ($sdff) from module mkQuire (D = $flatten\seg_adder_vff_in_7.$procmux$1667_Y, Q = \seg_adder_vff_in_7.hasodata).
Adding SRST signal on $flatten\seg_adder_vff_in_7.$procdff$1784 ($dff) from module mkQuire (D = $flatten\seg_adder_vff_in_7.$procmux$1676_Y, Q = \seg_adder_vff_in_7.tail, rval = 2'00).
Adding EN signal on $auto$ff.cc:266:slice$2070 ($sdff) from module mkQuire (D = $flatten\seg_adder_vff_in_7.$procmux$1676_Y, Q = \seg_adder_vff_in_7.tail).
Adding SRST signal on $flatten\seg_adder_vff_in_7.$procdff$1783 ($dff) from module mkQuire (D = $flatten\seg_adder_vff_in_7.$procmux$1685_Y, Q = \seg_adder_vff_in_7.head, rval = 2'00).
Adding EN signal on $auto$ff.cc:266:slice$2078 ($sdff) from module mkQuire (D = \seg_adder_vff_in_7.next_head, Q = \seg_adder_vff_in_7.head).
Adding SRST signal on $flatten\seg_adder_vff_in_7.$procdff$1782 ($dff) from module mkQuire (D = $flatten\seg_adder_vff_in_7.$procmux$1694_Y, Q = \seg_adder_vff_in_7.ring_empty, rval = 1'1).
Adding EN signal on $auto$ff.cc:266:slice$2080 ($sdff) from module mkQuire (D = $flatten\seg_adder_vff_in_7.$procmux$1694_Y, Q = \seg_adder_vff_in_7.ring_empty).
Adding SRST signal on $flatten\seg_adder_vff_in_7.$procdff$1781 ($dff) from module mkQuire (D = $flatten\seg_adder_vff_in_7.$procmux$1703_Y, Q = \seg_adder_vff_in_7.not_ring_full, rval = 1'1).
Adding EN signal on $auto$ff.cc:266:slice$2088 ($sdff) from module mkQuire (D = $flatten\seg_adder_vff_in_7.$procmux$1703_Y, Q = \seg_adder_vff_in_7.not_ring_full).
Adding EN signal on $flatten\seg_adder_vff_in_7.$procdff$1780 ($dff) from module mkQuire (D = $flatten\seg_adder_vff_in_7.$0\D_OUT[31:0], Q = \seg_adder_vff_in_7.D_OUT).
Adding SRST signal on $flatten\seg_adder_vff_in_6.$procdff$1785 ($dff) from module mkQuire (D = $flatten\seg_adder_vff_in_6.$procmux$1667_Y, Q = \seg_adder_vff_in_6.hasodata, rval = 1'0).
Adding EN signal on $auto$ff.cc:266:slice$2095 ($sdff) from module mkQuire (D = $flatten\seg_adder_vff_in_6.$procmux$1667_Y, Q = \seg_adder_vff_in_6.hasodata).
Adding SRST signal on $flatten\seg_adder_vff_in_6.$procdff$1784 ($dff) from module mkQuire (D = $flatten\seg_adder_vff_in_6.$procmux$1676_Y, Q = \seg_adder_vff_in_6.tail, rval = 2'00).
Adding EN signal on $auto$ff.cc:266:slice$2099 ($sdff) from module mkQuire (D = $flatten\seg_adder_vff_in_6.$procmux$1676_Y, Q = \seg_adder_vff_in_6.tail).
Adding SRST signal on $flatten\seg_adder_vff_in_6.$procdff$1783 ($dff) from module mkQuire (D = $flatten\seg_adder_vff_in_6.$procmux$1685_Y, Q = \seg_adder_vff_in_6.head, rval = 2'00).
Adding EN signal on $auto$ff.cc:266:slice$2107 ($sdff) from module mkQuire (D = \seg_adder_vff_in_6.next_head, Q = \seg_adder_vff_in_6.head).
Adding SRST signal on $flatten\seg_adder_vff_in_6.$procdff$1782 ($dff) from module mkQuire (D = $flatten\seg_adder_vff_in_6.$procmux$1694_Y, Q = \seg_adder_vff_in_6.ring_empty, rval = 1'1).
Adding EN signal on $auto$ff.cc:266:slice$2109 ($sdff) from module mkQuire (D = $flatten\seg_adder_vff_in_6.$procmux$1694_Y, Q = \seg_adder_vff_in_6.ring_empty).
Adding SRST signal on $flatten\seg_adder_vff_in_6.$procdff$1781 ($dff) from module mkQuire (D = $flatten\seg_adder_vff_in_6.$procmux$1703_Y, Q = \seg_adder_vff_in_6.not_ring_full, rval = 1'1).
Adding EN signal on $auto$ff.cc:266:slice$2117 ($sdff) from module mkQuire (D = $flatten\seg_adder_vff_in_6.$procmux$1703_Y, Q = \seg_adder_vff_in_6.not_ring_full).
Adding EN signal on $flatten\seg_adder_vff_in_6.$procdff$1780 ($dff) from module mkQuire (D = $flatten\seg_adder_vff_in_6.$0\D_OUT[31:0], Q = \seg_adder_vff_in_6.D_OUT).
Adding SRST signal on $flatten\seg_adder_vff_in_5.$procdff$1785 ($dff) from module mkQuire (D = $flatten\seg_adder_vff_in_5.$procmux$1667_Y, Q = \seg_adder_vff_in_5.hasodata, rval = 1'0).
Adding EN signal on $auto$ff.cc:266:slice$2124 ($sdff) from module mkQuire (D = $flatten\seg_adder_vff_in_5.$procmux$1667_Y, Q = \seg_adder_vff_in_5.hasodata).
Adding SRST signal on $flatten\seg_adder_vff_in_5.$procdff$1784 ($dff) from module mkQuire (D = $flatten\seg_adder_vff_in_5.$procmux$1676_Y, Q = \seg_adder_vff_in_5.tail, rval = 2'00).
Adding EN signal on $auto$ff.cc:266:slice$2128 ($sdff) from module mkQuire (D = $flatten\seg_adder_vff_in_5.$procmux$1676_Y, Q = \seg_adder_vff_in_5.tail).
Adding SRST signal on $flatten\seg_adder_vff_in_5.$procdff$1783 ($dff) from module mkQuire (D = $flatten\seg_adder_vff_in_5.$procmux$1685_Y, Q = \seg_adder_vff_in_5.head, rval = 2'00).
Adding EN signal on $auto$ff.cc:266:slice$2136 ($sdff) from module mkQuire (D = \seg_adder_vff_in_5.next_head, Q = \seg_adder_vff_in_5.head).
Adding SRST signal on $flatten\seg_adder_vff_in_5.$procdff$1782 ($dff) from module mkQuire (D = $flatten\seg_adder_vff_in_5.$procmux$1694_Y, Q = \seg_adder_vff_in_5.ring_empty, rval = 1'1).
Adding EN signal on $auto$ff.cc:266:slice$2138 ($sdff) from module mkQuire (D = $flatten\seg_adder_vff_in_5.$procmux$1694_Y, Q = \seg_adder_vff_in_5.ring_empty).
Adding SRST signal on $flatten\seg_adder_vff_in_5.$procdff$1781 ($dff) from module mkQuire (D = $flatten\seg_adder_vff_in_5.$procmux$1703_Y, Q = \seg_adder_vff_in_5.not_ring_full, rval = 1'1).
Adding EN signal on $auto$ff.cc:266:slice$2146 ($sdff) from module mkQuire (D = $flatten\seg_adder_vff_in_5.$procmux$1703_Y, Q = \seg_adder_vff_in_5.not_ring_full).
Adding EN signal on $flatten\seg_adder_vff_in_5.$procdff$1780 ($dff) from module mkQuire (D = $flatten\seg_adder_vff_in_5.$0\D_OUT[31:0], Q = \seg_adder_vff_in_5.D_OUT).
Adding SRST signal on $flatten\seg_adder_vff_in_4.$procdff$1785 ($dff) from module mkQuire (D = $flatten\seg_adder_vff_in_4.$procmux$1667_Y, Q = \seg_adder_vff_in_4.hasodata, rval = 1'0).
Adding EN signal on $auto$ff.cc:266:slice$2153 ($sdff) from module mkQuire (D = $flatten\seg_adder_vff_in_4.$procmux$1667_Y, Q = \seg_adder_vff_in_4.hasodata).
Adding SRST signal on $flatten\seg_adder_vff_in_4.$procdff$1784 ($dff) from module mkQuire (D = $flatten\seg_adder_vff_in_4.$procmux$1676_Y, Q = \seg_adder_vff_in_4.tail, rval = 2'00).
Adding EN signal on $auto$ff.cc:266:slice$2157 ($sdff) from module mkQuire (D = $flatten\seg_adder_vff_in_4.$procmux$1676_Y, Q = \seg_adder_vff_in_4.tail).
Adding SRST signal on $flatten\seg_adder_vff_in_4.$procdff$1783 ($dff) from module mkQuire (D = $flatten\seg_adder_vff_in_4.$procmux$1685_Y, Q = \seg_adder_vff_in_4.head, rval = 2'00).
Adding EN signal on $auto$ff.cc:266:slice$2165 ($sdff) from module mkQuire (D = \seg_adder_vff_in_4.next_head, Q = \seg_adder_vff_in_4.head).
Adding SRST signal on $flatten\seg_adder_vff_in_4.$procdff$1782 ($dff) from module mkQuire (D = $flatten\seg_adder_vff_in_4.$procmux$1694_Y, Q = \seg_adder_vff_in_4.ring_empty, rval = 1'1).
Adding EN signal on $auto$ff.cc:266:slice$2167 ($sdff) from module mkQuire (D = $flatten\seg_adder_vff_in_4.$procmux$1694_Y, Q = \seg_adder_vff_in_4.ring_empty).
Adding SRST signal on $flatten\seg_adder_vff_in_4.$procdff$1781 ($dff) from module mkQuire (D = $flatten\seg_adder_vff_in_4.$procmux$1703_Y, Q = \seg_adder_vff_in_4.not_ring_full, rval = 1'1).
Adding EN signal on $auto$ff.cc:266:slice$2175 ($sdff) from module mkQuire (D = $flatten\seg_adder_vff_in_4.$procmux$1703_Y, Q = \seg_adder_vff_in_4.not_ring_full).
Adding EN signal on $flatten\seg_adder_vff_in_4.$procdff$1780 ($dff) from module mkQuire (D = $flatten\seg_adder_vff_in_4.$0\D_OUT[31:0], Q = \seg_adder_vff_in_4.D_OUT).
Adding SRST signal on $flatten\seg_adder_vff_in_3.$procdff$1785 ($dff) from module mkQuire (D = $flatten\seg_adder_vff_in_3.$procmux$1667_Y, Q = \seg_adder_vff_in_3.hasodata, rval = 1'0).
Adding EN signal on $auto$ff.cc:266:slice$2182 ($sdff) from module mkQuire (D = $flatten\seg_adder_vff_in_3.$procmux$1667_Y, Q = \seg_adder_vff_in_3.hasodata).
Adding SRST signal on $flatten\seg_adder_vff_in_3.$procdff$1784 ($dff) from module mkQuire (D = $flatten\seg_adder_vff_in_3.$procmux$1676_Y, Q = \seg_adder_vff_in_3.tail, rval = 2'00).
Adding EN signal on $auto$ff.cc:266:slice$2186 ($sdff) from module mkQuire (D = $flatten\seg_adder_vff_in_3.$procmux$1676_Y, Q = \seg_adder_vff_in_3.tail).
Adding SRST signal on $flatten\seg_adder_vff_in_3.$procdff$1783 ($dff) from module mkQuire (D = $flatten\seg_adder_vff_in_3.$procmux$1685_Y, Q = \seg_adder_vff_in_3.head, rval = 2'00).
Adding EN signal on $auto$ff.cc:266:slice$2194 ($sdff) from module mkQuire (D = \seg_adder_vff_in_3.next_head, Q = \seg_adder_vff_in_3.head).
Adding SRST signal on $flatten\seg_adder_vff_in_3.$procdff$1782 ($dff) from module mkQuire (D = $flatten\seg_adder_vff_in_3.$procmux$1694_Y, Q = \seg_adder_vff_in_3.ring_empty, rval = 1'1).
Adding EN signal on $auto$ff.cc:266:slice$2196 ($sdff) from module mkQuire (D = $flatten\seg_adder_vff_in_3.$procmux$1694_Y, Q = \seg_adder_vff_in_3.ring_empty).
Adding SRST signal on $flatten\seg_adder_vff_in_3.$procdff$1781 ($dff) from module mkQuire (D = $flatten\seg_adder_vff_in_3.$procmux$1703_Y, Q = \seg_adder_vff_in_3.not_ring_full, rval = 1'1).
Adding EN signal on $auto$ff.cc:266:slice$2204 ($sdff) from module mkQuire (D = $flatten\seg_adder_vff_in_3.$procmux$1703_Y, Q = \seg_adder_vff_in_3.not_ring_full).
Adding EN signal on $flatten\seg_adder_vff_in_3.$procdff$1780 ($dff) from module mkQuire (D = $flatten\seg_adder_vff_in_3.$0\D_OUT[31:0], Q = \seg_adder_vff_in_3.D_OUT).
Adding SRST signal on $flatten\seg_adder_vff_in_2.$procdff$1785 ($dff) from module mkQuire (D = $flatten\seg_adder_vff_in_2.$procmux$1667_Y, Q = \seg_adder_vff_in_2.hasodata, rval = 1'0).
Adding EN signal on $auto$ff.cc:266:slice$2211 ($sdff) from module mkQuire (D = $flatten\seg_adder_vff_in_2.$procmux$1667_Y, Q = \seg_adder_vff_in_2.hasodata).
Adding SRST signal on $flatten\seg_adder_vff_in_2.$procdff$1784 ($dff) from module mkQuire (D = $flatten\seg_adder_vff_in_2.$procmux$1676_Y, Q = \seg_adder_vff_in_2.tail, rval = 2'00).
Adding EN signal on $auto$ff.cc:266:slice$2215 ($sdff) from module mkQuire (D = $flatten\seg_adder_vff_in_2.$procmux$1676_Y, Q = \seg_adder_vff_in_2.tail).
Adding SRST signal on $flatten\seg_adder_vff_in_2.$procdff$1783 ($dff) from module mkQuire (D = $flatten\seg_adder_vff_in_2.$procmux$1685_Y, Q = \seg_adder_vff_in_2.head, rval = 2'00).
Adding EN signal on $auto$ff.cc:266:slice$2223 ($sdff) from module mkQuire (D = \seg_adder_vff_in_2.next_head, Q = \seg_adder_vff_in_2.head).
Adding SRST signal on $flatten\seg_adder_vff_in_2.$procdff$1782 ($dff) from module mkQuire (D = $flatten\seg_adder_vff_in_2.$procmux$1694_Y, Q = \seg_adder_vff_in_2.ring_empty, rval = 1'1).
Adding EN signal on $auto$ff.cc:266:slice$2225 ($sdff) from module mkQuire (D = $flatten\seg_adder_vff_in_2.$procmux$1694_Y, Q = \seg_adder_vff_in_2.ring_empty).
Adding SRST signal on $flatten\seg_adder_vff_in_2.$procdff$1781 ($dff) from module mkQuire (D = $flatten\seg_adder_vff_in_2.$procmux$1703_Y, Q = \seg_adder_vff_in_2.not_ring_full, rval = 1'1).
Adding EN signal on $auto$ff.cc:266:slice$2233 ($sdff) from module mkQuire (D = $flatten\seg_adder_vff_in_2.$procmux$1703_Y, Q = \seg_adder_vff_in_2.not_ring_full).
Adding EN signal on $flatten\seg_adder_vff_in_2.$procdff$1780 ($dff) from module mkQuire (D = $flatten\seg_adder_vff_in_2.$0\D_OUT[31:0], Q = \seg_adder_vff_in_2.D_OUT).
Adding SRST signal on $flatten\seg_adder_vff_in_12.$procdff$1785 ($dff) from module mkQuire (D = $flatten\seg_adder_vff_in_12.$procmux$1667_Y, Q = \seg_adder_vff_in_12.hasodata, rval = 1'0).
Adding EN signal on $auto$ff.cc:266:slice$2240 ($sdff) from module mkQuire (D = $flatten\seg_adder_vff_in_12.$procmux$1667_Y, Q = \seg_adder_vff_in_12.hasodata).
Adding SRST signal on $flatten\seg_adder_vff_in_12.$procdff$1784 ($dff) from module mkQuire (D = $flatten\seg_adder_vff_in_12.$procmux$1676_Y, Q = \seg_adder_vff_in_12.tail, rval = 2'00).
Adding EN signal on $auto$ff.cc:266:slice$2244 ($sdff) from module mkQuire (D = $flatten\seg_adder_vff_in_12.$procmux$1676_Y, Q = \seg_adder_vff_in_12.tail).
Adding SRST signal on $flatten\seg_adder_vff_in_12.$procdff$1783 ($dff) from module mkQuire (D = $flatten\seg_adder_vff_in_12.$procmux$1685_Y, Q = \seg_adder_vff_in_12.head, rval = 2'00).
Adding EN signal on $auto$ff.cc:266:slice$2252 ($sdff) from module mkQuire (D = \seg_adder_vff_in_12.next_head, Q = \seg_adder_vff_in_12.head).
Adding SRST signal on $flatten\seg_adder_vff_in_12.$procdff$1782 ($dff) from module mkQuire (D = $flatten\seg_adder_vff_in_12.$procmux$1694_Y, Q = \seg_adder_vff_in_12.ring_empty, rval = 1'1).
Adding EN signal on $auto$ff.cc:266:slice$2254 ($sdff) from module mkQuire (D = $flatten\seg_adder_vff_in_12.$procmux$1694_Y, Q = \seg_adder_vff_in_12.ring_empty).
Adding SRST signal on $flatten\seg_adder_vff_in_12.$procdff$1781 ($dff) from module mkQuire (D = $flatten\seg_adder_vff_in_12.$procmux$1703_Y, Q = \seg_adder_vff_in_12.not_ring_full, rval = 1'1).
Adding EN signal on $auto$ff.cc:266:slice$2262 ($sdff) from module mkQuire (D = $flatten\seg_adder_vff_in_12.$procmux$1703_Y, Q = \seg_adder_vff_in_12.not_ring_full).
Adding EN signal on $flatten\seg_adder_vff_in_12.$procdff$1780 ($dff) from module mkQuire (D = $flatten\seg_adder_vff_in_12.$0\D_OUT[31:0], Q = \seg_adder_vff_in_12.D_OUT).
Adding SRST signal on $flatten\seg_adder_vff_in_11.$procdff$1785 ($dff) from module mkQuire (D = $flatten\seg_adder_vff_in_11.$procmux$1667_Y, Q = \seg_adder_vff_in_11.hasodata, rval = 1'0).
Adding EN signal on $auto$ff.cc:266:slice$2269 ($sdff) from module mkQuire (D = $flatten\seg_adder_vff_in_11.$procmux$1667_Y, Q = \seg_adder_vff_in_11.hasodata).
Adding SRST signal on $flatten\seg_adder_vff_in_11.$procdff$1784 ($dff) from module mkQuire (D = $flatten\seg_adder_vff_in_11.$procmux$1676_Y, Q = \seg_adder_vff_in_11.tail, rval = 2'00).
Adding EN signal on $auto$ff.cc:266:slice$2273 ($sdff) from module mkQuire (D = $flatten\seg_adder_vff_in_11.$procmux$1676_Y, Q = \seg_adder_vff_in_11.tail).
Adding SRST signal on $flatten\seg_adder_vff_in_11.$procdff$1783 ($dff) from module mkQuire (D = $flatten\seg_adder_vff_in_11.$procmux$1685_Y, Q = \seg_adder_vff_in_11.head, rval = 2'00).
Adding EN signal on $auto$ff.cc:266:slice$2281 ($sdff) from module mkQuire (D = \seg_adder_vff_in_11.next_head, Q = \seg_adder_vff_in_11.head).
Adding SRST signal on $flatten\seg_adder_vff_in_11.$procdff$1782 ($dff) from module mkQuire (D = $flatten\seg_adder_vff_in_11.$procmux$1694_Y, Q = \seg_adder_vff_in_11.ring_empty, rval = 1'1).
Adding EN signal on $auto$ff.cc:266:slice$2283 ($sdff) from module mkQuire (D = $flatten\seg_adder_vff_in_11.$procmux$1694_Y, Q = \seg_adder_vff_in_11.ring_empty).
Adding SRST signal on $flatten\seg_adder_vff_in_11.$procdff$1781 ($dff) from module mkQuire (D = $flatten\seg_adder_vff_in_11.$procmux$1703_Y, Q = \seg_adder_vff_in_11.not_ring_full, rval = 1'1).
Adding EN signal on $auto$ff.cc:266:slice$2291 ($sdff) from module mkQuire (D = $flatten\seg_adder_vff_in_11.$procmux$1703_Y, Q = \seg_adder_vff_in_11.not_ring_full).
Adding EN signal on $flatten\seg_adder_vff_in_11.$procdff$1780 ($dff) from module mkQuire (D = $flatten\seg_adder_vff_in_11.$0\D_OUT[31:0], Q = \seg_adder_vff_in_11.D_OUT).
Adding SRST signal on $flatten\seg_adder_vff_in_10.$procdff$1785 ($dff) from module mkQuire (D = $flatten\seg_adder_vff_in_10.$procmux$1667_Y, Q = \seg_adder_vff_in_10.hasodata, rval = 1'0).
Adding EN signal on $auto$ff.cc:266:slice$2298 ($sdff) from module mkQuire (D = $flatten\seg_adder_vff_in_10.$procmux$1667_Y, Q = \seg_adder_vff_in_10.hasodata).
Adding SRST signal on $flatten\seg_adder_vff_in_10.$procdff$1784 ($dff) from module mkQuire (D = $flatten\seg_adder_vff_in_10.$procmux$1676_Y, Q = \seg_adder_vff_in_10.tail, rval = 2'00).
Adding EN signal on $auto$ff.cc:266:slice$2302 ($sdff) from module mkQuire (D = $flatten\seg_adder_vff_in_10.$procmux$1676_Y, Q = \seg_adder_vff_in_10.tail).
Adding SRST signal on $flatten\seg_adder_vff_in_10.$procdff$1783 ($dff) from module mkQuire (D = $flatten\seg_adder_vff_in_10.$procmux$1685_Y, Q = \seg_adder_vff_in_10.head, rval = 2'00).
Adding EN signal on $auto$ff.cc:266:slice$2310 ($sdff) from module mkQuire (D = \seg_adder_vff_in_10.next_head, Q = \seg_adder_vff_in_10.head).
Adding SRST signal on $flatten\seg_adder_vff_in_10.$procdff$1782 ($dff) from module mkQuire (D = $flatten\seg_adder_vff_in_10.$procmux$1694_Y, Q = \seg_adder_vff_in_10.ring_empty, rval = 1'1).
Adding EN signal on $auto$ff.cc:266:slice$2312 ($sdff) from module mkQuire (D = $flatten\seg_adder_vff_in_10.$procmux$1694_Y, Q = \seg_adder_vff_in_10.ring_empty).
Adding SRST signal on $flatten\seg_adder_vff_in_10.$procdff$1781 ($dff) from module mkQuire (D = $flatten\seg_adder_vff_in_10.$procmux$1703_Y, Q = \seg_adder_vff_in_10.not_ring_full, rval = 1'1).
Adding EN signal on $auto$ff.cc:266:slice$2320 ($sdff) from module mkQuire (D = $flatten\seg_adder_vff_in_10.$procmux$1703_Y, Q = \seg_adder_vff_in_10.not_ring_full).
Adding EN signal on $flatten\seg_adder_vff_in_10.$procdff$1780 ($dff) from module mkQuire (D = $flatten\seg_adder_vff_in_10.$0\D_OUT[31:0], Q = \seg_adder_vff_in_10.D_OUT).
Adding SRST signal on $flatten\seg_adder_vff_in_1.$procdff$1785 ($dff) from module mkQuire (D = $flatten\seg_adder_vff_in_1.$procmux$1667_Y, Q = \seg_adder_vff_in_1.hasodata, rval = 1'0).
Adding EN signal on $auto$ff.cc:266:slice$2327 ($sdff) from module mkQuire (D = $flatten\seg_adder_vff_in_1.$procmux$1667_Y, Q = \seg_adder_vff_in_1.hasodata).
Adding SRST signal on $flatten\seg_adder_vff_in_1.$procdff$1784 ($dff) from module mkQuire (D = $flatten\seg_adder_vff_in_1.$procmux$1676_Y, Q = \seg_adder_vff_in_1.tail, rval = 2'00).
Adding EN signal on $auto$ff.cc:266:slice$2331 ($sdff) from module mkQuire (D = $flatten\seg_adder_vff_in_1.$procmux$1676_Y, Q = \seg_adder_vff_in_1.tail).
Adding SRST signal on $flatten\seg_adder_vff_in_1.$procdff$1783 ($dff) from module mkQuire (D = $flatten\seg_adder_vff_in_1.$procmux$1685_Y, Q = \seg_adder_vff_in_1.head, rval = 2'00).
Adding EN signal on $auto$ff.cc:266:slice$2339 ($sdff) from module mkQuire (D = \seg_adder_vff_in_1.next_head, Q = \seg_adder_vff_in_1.head).
Adding SRST signal on $flatten\seg_adder_vff_in_1.$procdff$1782 ($dff) from module mkQuire (D = $flatten\seg_adder_vff_in_1.$procmux$1694_Y, Q = \seg_adder_vff_in_1.ring_empty, rval = 1'1).
Adding EN signal on $auto$ff.cc:266:slice$2341 ($sdff) from module mkQuire (D = $flatten\seg_adder_vff_in_1.$procmux$1694_Y, Q = \seg_adder_vff_in_1.ring_empty).
Adding SRST signal on $flatten\seg_adder_vff_in_1.$procdff$1781 ($dff) from module mkQuire (D = $flatten\seg_adder_vff_in_1.$procmux$1703_Y, Q = \seg_adder_vff_in_1.not_ring_full, rval = 1'1).
Adding EN signal on $auto$ff.cc:266:slice$2349 ($sdff) from module mkQuire (D = $flatten\seg_adder_vff_in_1.$procmux$1703_Y, Q = \seg_adder_vff_in_1.not_ring_full).
Adding EN signal on $flatten\seg_adder_vff_in_1.$procdff$1780 ($dff) from module mkQuire (D = $flatten\seg_adder_vff_in_1.$0\D_OUT[31:0], Q = \seg_adder_vff_in_1.D_OUT).
Adding SRST signal on $flatten\seg_adder_vff_in_0.$procdff$1785 ($dff) from module mkQuire (D = $flatten\seg_adder_vff_in_0.$procmux$1667_Y, Q = \seg_adder_vff_in_0.hasodata, rval = 1'0).
Adding EN signal on $auto$ff.cc:266:slice$2356 ($sdff) from module mkQuire (D = $flatten\seg_adder_vff_in_0.$procmux$1667_Y, Q = \seg_adder_vff_in_0.hasodata).
Adding SRST signal on $flatten\seg_adder_vff_in_0.$procdff$1784 ($dff) from module mkQuire (D = $flatten\seg_adder_vff_in_0.$procmux$1676_Y, Q = \seg_adder_vff_in_0.tail, rval = 2'00).
Adding EN signal on $auto$ff.cc:266:slice$2360 ($sdff) from module mkQuire (D = $flatten\seg_adder_vff_in_0.$procmux$1676_Y, Q = \seg_adder_vff_in_0.tail).
Adding SRST signal on $flatten\seg_adder_vff_in_0.$procdff$1783 ($dff) from module mkQuire (D = $flatten\seg_adder_vff_in_0.$procmux$1685_Y, Q = \seg_adder_vff_in_0.head, rval = 2'00).
Adding EN signal on $auto$ff.cc:266:slice$2368 ($sdff) from module mkQuire (D = \seg_adder_vff_in_0.next_head, Q = \seg_adder_vff_in_0.head).
Adding SRST signal on $flatten\seg_adder_vff_in_0.$procdff$1782 ($dff) from module mkQuire (D = $flatten\seg_adder_vff_in_0.$procmux$1694_Y, Q = \seg_adder_vff_in_0.ring_empty, rval = 1'1).
Adding EN signal on $auto$ff.cc:266:slice$2370 ($sdff) from module mkQuire (D = $flatten\seg_adder_vff_in_0.$procmux$1694_Y, Q = \seg_adder_vff_in_0.ring_empty).
Adding SRST signal on $flatten\seg_adder_vff_in_0.$procdff$1781 ($dff) from module mkQuire (D = $flatten\seg_adder_vff_in_0.$procmux$1703_Y, Q = \seg_adder_vff_in_0.not_ring_full, rval = 1'1).
Adding EN signal on $auto$ff.cc:266:slice$2378 ($sdff) from module mkQuire (D = $flatten\seg_adder_vff_in_0.$procmux$1703_Y, Q = \seg_adder_vff_in_0.not_ring_full).
Adding EN signal on $flatten\seg_adder_vff_in_0.$procdff$1780 ($dff) from module mkQuire (D = $flatten\seg_adder_vff_in_0.$0\D_OUT[31:0], Q = \seg_adder_vff_in_0.D_OUT).
Adding SRST signal on $flatten\seg_adder_vff_carry_9.$procdff$1776 ($dff) from module mkQuire (D = $flatten\seg_adder_vff_carry_9.$procmux$1609_Y, Q = \seg_adder_vff_carry_9.hasodata, rval = 1'0).
Adding EN signal on $auto$ff.cc:266:slice$2385 ($sdff) from module mkQuire (D = $flatten\seg_adder_vff_carry_9.$procmux$1609_Y, Q = \seg_adder_vff_carry_9.hasodata).
Adding SRST signal on $flatten\seg_adder_vff_carry_9.$procdff$1775 ($dff) from module mkQuire (D = $flatten\seg_adder_vff_carry_9.$procmux$1618_Y, Q = \seg_adder_vff_carry_9.tail, rval = 2'00).
Adding EN signal on $auto$ff.cc:266:slice$2389 ($sdff) from module mkQuire (D = $flatten\seg_adder_vff_carry_9.$procmux$1618_Y, Q = \seg_adder_vff_carry_9.tail).
Adding SRST signal on $flatten\seg_adder_vff_carry_9.$procdff$1774 ($dff) from module mkQuire (D = $flatten\seg_adder_vff_carry_9.$procmux$1627_Y, Q = \seg_adder_vff_carry_9.head, rval = 2'00).
Adding EN signal on $auto$ff.cc:266:slice$2397 ($sdff) from module mkQuire (D = \seg_adder_vff_carry_9.next_head, Q = \seg_adder_vff_carry_9.head).
Adding SRST signal on $flatten\seg_adder_vff_carry_9.$procdff$1773 ($dff) from module mkQuire (D = $flatten\seg_adder_vff_carry_9.$procmux$1636_Y, Q = \seg_adder_vff_carry_9.ring_empty, rval = 1'1).
Adding EN signal on $auto$ff.cc:266:slice$2399 ($sdff) from module mkQuire (D = $flatten\seg_adder_vff_carry_9.$procmux$1636_Y, Q = \seg_adder_vff_carry_9.ring_empty).
Adding SRST signal on $flatten\seg_adder_vff_carry_9.$procdff$1772 ($dff) from module mkQuire (D = $flatten\seg_adder_vff_carry_9.$procmux$1645_Y, Q = \seg_adder_vff_carry_9.not_ring_full, rval = 1'1).
Adding EN signal on $auto$ff.cc:266:slice$2407 ($sdff) from module mkQuire (D = $flatten\seg_adder_vff_carry_9.$procmux$1645_Y, Q = \seg_adder_vff_carry_9.not_ring_full).
Adding EN signal on $flatten\seg_adder_vff_carry_9.$procdff$1771 ($dff) from module mkQuire (D = $flatten\seg_adder_vff_carry_9.$0\D_OUT[0:0], Q = \seg_adder_vff_carry_9.D_OUT).
Adding SRST signal on $flatten\seg_adder_vff_carry_8.$procdff$1776 ($dff) from module mkQuire (D = $flatten\seg_adder_vff_carry_8.$procmux$1609_Y, Q = \seg_adder_vff_carry_8.hasodata, rval = 1'0).
Adding EN signal on $auto$ff.cc:266:slice$2414 ($sdff) from module mkQuire (D = $flatten\seg_adder_vff_carry_8.$procmux$1609_Y, Q = \seg_adder_vff_carry_8.hasodata).
Adding SRST signal on $flatten\seg_adder_vff_carry_8.$procdff$1775 ($dff) from module mkQuire (D = $flatten\seg_adder_vff_carry_8.$procmux$1618_Y, Q = \seg_adder_vff_carry_8.tail, rval = 2'00).
Adding EN signal on $auto$ff.cc:266:slice$2418 ($sdff) from module mkQuire (D = $flatten\seg_adder_vff_carry_8.$procmux$1618_Y, Q = \seg_adder_vff_carry_8.tail).
Adding SRST signal on $flatten\seg_adder_vff_carry_8.$procdff$1774 ($dff) from module mkQuire (D = $flatten\seg_adder_vff_carry_8.$procmux$1627_Y, Q = \seg_adder_vff_carry_8.head, rval = 2'00).
Adding EN signal on $auto$ff.cc:266:slice$2426 ($sdff) from module mkQuire (D = \seg_adder_vff_carry_8.next_head, Q = \seg_adder_vff_carry_8.head).
Adding SRST signal on $flatten\seg_adder_vff_carry_8.$procdff$1773 ($dff) from module mkQuire (D = $flatten\seg_adder_vff_carry_8.$procmux$1636_Y, Q = \seg_adder_vff_carry_8.ring_empty, rval = 1'1).
Adding EN signal on $auto$ff.cc:266:slice$2428 ($sdff) from module mkQuire (D = $flatten\seg_adder_vff_carry_8.$procmux$1636_Y, Q = \seg_adder_vff_carry_8.ring_empty).
Adding SRST signal on $flatten\seg_adder_vff_carry_8.$procdff$1772 ($dff) from module mkQuire (D = $flatten\seg_adder_vff_carry_8.$procmux$1645_Y, Q = \seg_adder_vff_carry_8.not_ring_full, rval = 1'1).
Adding EN signal on $auto$ff.cc:266:slice$2436 ($sdff) from module mkQuire (D = $flatten\seg_adder_vff_carry_8.$procmux$1645_Y, Q = \seg_adder_vff_carry_8.not_ring_full).
Adding EN signal on $flatten\seg_adder_vff_carry_8.$procdff$1771 ($dff) from module mkQuire (D = $flatten\seg_adder_vff_carry_8.$0\D_OUT[0:0], Q = \seg_adder_vff_carry_8.D_OUT).
Adding SRST signal on $flatten\seg_adder_vff_carry_7.$procdff$1776 ($dff) from module mkQuire (D = $flatten\seg_adder_vff_carry_7.$procmux$1609_Y, Q = \seg_adder_vff_carry_7.hasodata, rval = 1'0).
Adding EN signal on $auto$ff.cc:266:slice$2443 ($sdff) from module mkQuire (D = $flatten\seg_adder_vff_carry_7.$procmux$1609_Y, Q = \seg_adder_vff_carry_7.hasodata).
Adding SRST signal on $flatten\seg_adder_vff_carry_7.$procdff$1775 ($dff) from module mkQuire (D = $flatten\seg_adder_vff_carry_7.$procmux$1618_Y, Q = \seg_adder_vff_carry_7.tail, rval = 2'00).
Adding EN signal on $auto$ff.cc:266:slice$2447 ($sdff) from module mkQuire (D = $flatten\seg_adder_vff_carry_7.$procmux$1618_Y, Q = \seg_adder_vff_carry_7.tail).
Adding SRST signal on $flatten\seg_adder_vff_carry_7.$procdff$1774 ($dff) from module mkQuire (D = $flatten\seg_adder_vff_carry_7.$procmux$1627_Y, Q = \seg_adder_vff_carry_7.head, rval = 2'00).
Adding EN signal on $auto$ff.cc:266:slice$2455 ($sdff) from module mkQuire (D = \seg_adder_vff_carry_7.next_head, Q = \seg_adder_vff_carry_7.head).
Adding SRST signal on $flatten\seg_adder_vff_carry_7.$procdff$1773 ($dff) from module mkQuire (D = $flatten\seg_adder_vff_carry_7.$procmux$1636_Y, Q = \seg_adder_vff_carry_7.ring_empty, rval = 1'1).
Adding EN signal on $auto$ff.cc:266:slice$2457 ($sdff) from module mkQuire (D = $flatten\seg_adder_vff_carry_7.$procmux$1636_Y, Q = \seg_adder_vff_carry_7.ring_empty).
Adding SRST signal on $flatten\seg_adder_vff_carry_7.$procdff$1772 ($dff) from module mkQuire (D = $flatten\seg_adder_vff_carry_7.$procmux$1645_Y, Q = \seg_adder_vff_carry_7.not_ring_full, rval = 1'1).
Adding EN signal on $auto$ff.cc:266:slice$2465 ($sdff) from module mkQuire (D = $flatten\seg_adder_vff_carry_7.$procmux$1645_Y, Q = \seg_adder_vff_carry_7.not_ring_full).
Adding EN signal on $flatten\seg_adder_vff_carry_7.$procdff$1771 ($dff) from module mkQuire (D = $flatten\seg_adder_vff_carry_7.$0\D_OUT[0:0], Q = \seg_adder_vff_carry_7.D_OUT).
Adding SRST signal on $flatten\seg_adder_vff_carry_6.$procdff$1776 ($dff) from module mkQuire (D = $flatten\seg_adder_vff_carry_6.$procmux$1609_Y, Q = \seg_adder_vff_carry_6.hasodata, rval = 1'0).
Adding EN signal on $auto$ff.cc:266:slice$2472 ($sdff) from module mkQuire (D = $flatten\seg_adder_vff_carry_6.$procmux$1609_Y, Q = \seg_adder_vff_carry_6.hasodata).
Adding SRST signal on $flatten\seg_adder_vff_carry_6.$procdff$1775 ($dff) from module mkQuire (D = $flatten\seg_adder_vff_carry_6.$procmux$1618_Y, Q = \seg_adder_vff_carry_6.tail, rval = 2'00).
Adding EN signal on $auto$ff.cc:266:slice$2476 ($sdff) from module mkQuire (D = $flatten\seg_adder_vff_carry_6.$procmux$1618_Y, Q = \seg_adder_vff_carry_6.tail).
Adding SRST signal on $flatten\seg_adder_vff_carry_6.$procdff$1774 ($dff) from module mkQuire (D = $flatten\seg_adder_vff_carry_6.$procmux$1627_Y, Q = \seg_adder_vff_carry_6.head, rval = 2'00).
Adding EN signal on $auto$ff.cc:266:slice$2484 ($sdff) from module mkQuire (D = \seg_adder_vff_carry_6.next_head, Q = \seg_adder_vff_carry_6.head).
Adding SRST signal on $flatten\seg_adder_vff_carry_6.$procdff$1773 ($dff) from module mkQuire (D = $flatten\seg_adder_vff_carry_6.$procmux$1636_Y, Q = \seg_adder_vff_carry_6.ring_empty, rval = 1'1).
Adding EN signal on $auto$ff.cc:266:slice$2486 ($sdff) from module mkQuire (D = $flatten\seg_adder_vff_carry_6.$procmux$1636_Y, Q = \seg_adder_vff_carry_6.ring_empty).
Adding SRST signal on $flatten\seg_adder_vff_carry_6.$procdff$1772 ($dff) from module mkQuire (D = $flatten\seg_adder_vff_carry_6.$procmux$1645_Y, Q = \seg_adder_vff_carry_6.not_ring_full, rval = 1'1).
Adding EN signal on $auto$ff.cc:266:slice$2494 ($sdff) from module mkQuire (D = $flatten\seg_adder_vff_carry_6.$procmux$1645_Y, Q = \seg_adder_vff_carry_6.not_ring_full).
Adding EN signal on $flatten\seg_adder_vff_carry_6.$procdff$1771 ($dff) from module mkQuire (D = $flatten\seg_adder_vff_carry_6.$0\D_OUT[0:0], Q = \seg_adder_vff_carry_6.D_OUT).
Adding SRST signal on $flatten\seg_adder_vff_carry_5.$procdff$1776 ($dff) from module mkQuire (D = $flatten\seg_adder_vff_carry_5.$procmux$1609_Y, Q = \seg_adder_vff_carry_5.hasodata, rval = 1'0).
Adding EN signal on $auto$ff.cc:266:slice$2501 ($sdff) from module mkQuire (D = $flatten\seg_adder_vff_carry_5.$procmux$1609_Y, Q = \seg_adder_vff_carry_5.hasodata).
Adding SRST signal on $flatten\seg_adder_vff_carry_5.$procdff$1775 ($dff) from module mkQuire (D = $flatten\seg_adder_vff_carry_5.$procmux$1618_Y, Q = \seg_adder_vff_carry_5.tail, rval = 2'00).
Adding EN signal on $auto$ff.cc:266:slice$2505 ($sdff) from module mkQuire (D = $flatten\seg_adder_vff_carry_5.$procmux$1618_Y, Q = \seg_adder_vff_carry_5.tail).
Adding SRST signal on $flatten\seg_adder_vff_carry_5.$procdff$1774 ($dff) from module mkQuire (D = $flatten\seg_adder_vff_carry_5.$procmux$1627_Y, Q = \seg_adder_vff_carry_5.head, rval = 2'00).
Adding EN signal on $auto$ff.cc:266:slice$2513 ($sdff) from module mkQuire (D = \seg_adder_vff_carry_5.next_head, Q = \seg_adder_vff_carry_5.head).
Adding SRST signal on $flatten\seg_adder_vff_carry_5.$procdff$1773 ($dff) from module mkQuire (D = $flatten\seg_adder_vff_carry_5.$procmux$1636_Y, Q = \seg_adder_vff_carry_5.ring_empty, rval = 1'1).
Adding EN signal on $auto$ff.cc:266:slice$2515 ($sdff) from module mkQuire (D = $flatten\seg_adder_vff_carry_5.$procmux$1636_Y, Q = \seg_adder_vff_carry_5.ring_empty).
Adding SRST signal on $flatten\seg_adder_vff_carry_5.$procdff$1772 ($dff) from module mkQuire (D = $flatten\seg_adder_vff_carry_5.$procmux$1645_Y, Q = \seg_adder_vff_carry_5.not_ring_full, rval = 1'1).
Adding EN signal on $auto$ff.cc:266:slice$2523 ($sdff) from module mkQuire (D = $flatten\seg_adder_vff_carry_5.$procmux$1645_Y, Q = \seg_adder_vff_carry_5.not_ring_full).
Adding EN signal on $flatten\seg_adder_vff_carry_5.$procdff$1771 ($dff) from module mkQuire (D = $flatten\seg_adder_vff_carry_5.$0\D_OUT[0:0], Q = \seg_adder_vff_carry_5.D_OUT).
Adding SRST signal on $flatten\seg_adder_vff_carry_4.$procdff$1776 ($dff) from module mkQuire (D = $flatten\seg_adder_vff_carry_4.$procmux$1609_Y, Q = \seg_adder_vff_carry_4.hasodata, rval = 1'0).
Adding EN signal on $auto$ff.cc:266:slice$2530 ($sdff) from module mkQuire (D = $flatten\seg_adder_vff_carry_4.$procmux$1609_Y, Q = \seg_adder_vff_carry_4.hasodata).
Adding SRST signal on $flatten\seg_adder_vff_carry_4.$procdff$1775 ($dff) from module mkQuire (D = $flatten\seg_adder_vff_carry_4.$procmux$1618_Y, Q = \seg_adder_vff_carry_4.tail, rval = 2'00).
Adding EN signal on $auto$ff.cc:266:slice$2534 ($sdff) from module mkQuire (D = $flatten\seg_adder_vff_carry_4.$procmux$1618_Y, Q = \seg_adder_vff_carry_4.tail).
Adding SRST signal on $flatten\seg_adder_vff_carry_4.$procdff$1774 ($dff) from module mkQuire (D = $flatten\seg_adder_vff_carry_4.$procmux$1627_Y, Q = \seg_adder_vff_carry_4.head, rval = 2'00).
Adding EN signal on $auto$ff.cc:266:slice$2542 ($sdff) from module mkQuire (D = \seg_adder_vff_carry_4.next_head, Q = \seg_adder_vff_carry_4.head).
Adding SRST signal on $flatten\seg_adder_vff_carry_4.$procdff$1773 ($dff) from module mkQuire (D = $flatten\seg_adder_vff_carry_4.$procmux$1636_Y, Q = \seg_adder_vff_carry_4.ring_empty, rval = 1'1).
Adding EN signal on $auto$ff.cc:266:slice$2544 ($sdff) from module mkQuire (D = $flatten\seg_adder_vff_carry_4.$procmux$1636_Y, Q = \seg_adder_vff_carry_4.ring_empty).
Adding SRST signal on $flatten\seg_adder_vff_carry_4.$procdff$1772 ($dff) from module mkQuire (D = $flatten\seg_adder_vff_carry_4.$procmux$1645_Y, Q = \seg_adder_vff_carry_4.not_ring_full, rval = 1'1).
Adding EN signal on $auto$ff.cc:266:slice$2552 ($sdff) from module mkQuire (D = $flatten\seg_adder_vff_carry_4.$procmux$1645_Y, Q = \seg_adder_vff_carry_4.not_ring_full).
Adding EN signal on $flatten\seg_adder_vff_carry_4.$procdff$1771 ($dff) from module mkQuire (D = $flatten\seg_adder_vff_carry_4.$0\D_OUT[0:0], Q = \seg_adder_vff_carry_4.D_OUT).
Adding SRST signal on $flatten\seg_adder_vff_carry_3.$procdff$1776 ($dff) from module mkQuire (D = $flatten\seg_adder_vff_carry_3.$procmux$1609_Y, Q = \seg_adder_vff_carry_3.hasodata, rval = 1'0).
Adding EN signal on $auto$ff.cc:266:slice$2559 ($sdff) from module mkQuire (D = $flatten\seg_adder_vff_carry_3.$procmux$1609_Y, Q = \seg_adder_vff_carry_3.hasodata).
Adding SRST signal on $flatten\seg_adder_vff_carry_3.$procdff$1775 ($dff) from module mkQuire (D = $flatten\seg_adder_vff_carry_3.$procmux$1618_Y, Q = \seg_adder_vff_carry_3.tail, rval = 2'00).
Adding EN signal on $auto$ff.cc:266:slice$2563 ($sdff) from module mkQuire (D = $flatten\seg_adder_vff_carry_3.$procmux$1618_Y, Q = \seg_adder_vff_carry_3.tail).
Adding SRST signal on $flatten\seg_adder_vff_carry_3.$procdff$1774 ($dff) from module mkQuire (D = $flatten\seg_adder_vff_carry_3.$procmux$1627_Y, Q = \seg_adder_vff_carry_3.head, rval = 2'00).
Adding EN signal on $auto$ff.cc:266:slice$2571 ($sdff) from module mkQuire (D = \seg_adder_vff_carry_3.next_head, Q = \seg_adder_vff_carry_3.head).
Adding SRST signal on $flatten\seg_adder_vff_carry_3.$procdff$1773 ($dff) from module mkQuire (D = $flatten\seg_adder_vff_carry_3.$procmux$1636_Y, Q = \seg_adder_vff_carry_3.ring_empty, rval = 1'1).
Adding EN signal on $auto$ff.cc:266:slice$2573 ($sdff) from module mkQuire (D = $flatten\seg_adder_vff_carry_3.$procmux$1636_Y, Q = \seg_adder_vff_carry_3.ring_empty).
Adding SRST signal on $flatten\seg_adder_vff_carry_3.$procdff$1772 ($dff) from module mkQuire (D = $flatten\seg_adder_vff_carry_3.$procmux$1645_Y, Q = \seg_adder_vff_carry_3.not_ring_full, rval = 1'1).
Adding EN signal on $auto$ff.cc:266:slice$2581 ($sdff) from module mkQuire (D = $flatten\seg_adder_vff_carry_3.$procmux$1645_Y, Q = \seg_adder_vff_carry_3.not_ring_full).
Adding EN signal on $flatten\seg_adder_vff_carry_3.$procdff$1771 ($dff) from module mkQuire (D = $flatten\seg_adder_vff_carry_3.$0\D_OUT[0:0], Q = \seg_adder_vff_carry_3.D_OUT).
Adding SRST signal on $flatten\seg_adder_vff_carry_2.$procdff$1776 ($dff) from module mkQuire (D = $flatten\seg_adder_vff_carry_2.$procmux$1609_Y, Q = \seg_adder_vff_carry_2.hasodata, rval = 1'0).
Adding EN signal on $auto$ff.cc:266:slice$2588 ($sdff) from module mkQuire (D = $flatten\seg_adder_vff_carry_2.$procmux$1609_Y, Q = \seg_adder_vff_carry_2.hasodata).
Adding SRST signal on $flatten\seg_adder_vff_carry_2.$procdff$1775 ($dff) from module mkQuire (D = $flatten\seg_adder_vff_carry_2.$procmux$1618_Y, Q = \seg_adder_vff_carry_2.tail, rval = 2'00).
Adding EN signal on $auto$ff.cc:266:slice$2592 ($sdff) from module mkQuire (D = $flatten\seg_adder_vff_carry_2.$procmux$1618_Y, Q = \seg_adder_vff_carry_2.tail).
Adding SRST signal on $flatten\seg_adder_vff_carry_2.$procdff$1774 ($dff) from module mkQuire (D = $flatten\seg_adder_vff_carry_2.$procmux$1627_Y, Q = \seg_adder_vff_carry_2.head, rval = 2'00).
Adding EN signal on $auto$ff.cc:266:slice$2600 ($sdff) from module mkQuire (D = \seg_adder_vff_carry_2.next_head, Q = \seg_adder_vff_carry_2.head).
Adding SRST signal on $flatten\seg_adder_vff_carry_2.$procdff$1773 ($dff) from module mkQuire (D = $flatten\seg_adder_vff_carry_2.$procmux$1636_Y, Q = \seg_adder_vff_carry_2.ring_empty, rval = 1'1).
Adding EN signal on $auto$ff.cc:266:slice$2602 ($sdff) from module mkQuire (D = $flatten\seg_adder_vff_carry_2.$procmux$1636_Y, Q = \seg_adder_vff_carry_2.ring_empty).
Adding SRST signal on $flatten\seg_adder_vff_carry_2.$procdff$1772 ($dff) from module mkQuire (D = $flatten\seg_adder_vff_carry_2.$procmux$1645_Y, Q = \seg_adder_vff_carry_2.not_ring_full, rval = 1'1).
Adding EN signal on $auto$ff.cc:266:slice$2610 ($sdff) from module mkQuire (D = $flatten\seg_adder_vff_carry_2.$procmux$1645_Y, Q = \seg_adder_vff_carry_2.not_ring_full).
Adding EN signal on $flatten\seg_adder_vff_carry_2.$procdff$1771 ($dff) from module mkQuire (D = $flatten\seg_adder_vff_carry_2.$0\D_OUT[0:0], Q = \seg_adder_vff_carry_2.D_OUT).
Adding SRST signal on $flatten\seg_adder_vff_carry_11.$procdff$1776 ($dff) from module mkQuire (D = $flatten\seg_adder_vff_carry_11.$procmux$1609_Y, Q = \seg_adder_vff_carry_11.hasodata, rval = 1'0).
Adding EN signal on $auto$ff.cc:266:slice$2617 ($sdff) from module mkQuire (D = $flatten\seg_adder_vff_carry_11.$procmux$1609_Y, Q = \seg_adder_vff_carry_11.hasodata).
Adding SRST signal on $flatten\seg_adder_vff_carry_11.$procdff$1775 ($dff) from module mkQuire (D = $flatten\seg_adder_vff_carry_11.$procmux$1618_Y, Q = \seg_adder_vff_carry_11.tail, rval = 2'00).
Adding EN signal on $auto$ff.cc:266:slice$2621 ($sdff) from module mkQuire (D = $flatten\seg_adder_vff_carry_11.$procmux$1618_Y, Q = \seg_adder_vff_carry_11.tail).
Adding SRST signal on $flatten\seg_adder_vff_carry_11.$procdff$1774 ($dff) from module mkQuire (D = $flatten\seg_adder_vff_carry_11.$procmux$1627_Y, Q = \seg_adder_vff_carry_11.head, rval = 2'00).
Adding EN signal on $auto$ff.cc:266:slice$2629 ($sdff) from module mkQuire (D = \seg_adder_vff_carry_11.next_head, Q = \seg_adder_vff_carry_11.head).
Adding SRST signal on $flatten\seg_adder_vff_carry_11.$procdff$1773 ($dff) from module mkQuire (D = $flatten\seg_adder_vff_carry_11.$procmux$1636_Y, Q = \seg_adder_vff_carry_11.ring_empty, rval = 1'1).
Adding EN signal on $auto$ff.cc:266:slice$2631 ($sdff) from module mkQuire (D = $flatten\seg_adder_vff_carry_11.$procmux$1636_Y, Q = \seg_adder_vff_carry_11.ring_empty).
Adding SRST signal on $flatten\seg_adder_vff_carry_11.$procdff$1772 ($dff) from module mkQuire (D = $flatten\seg_adder_vff_carry_11.$procmux$1645_Y, Q = \seg_adder_vff_carry_11.not_ring_full, rval = 1'1).
Adding EN signal on $auto$ff.cc:266:slice$2639 ($sdff) from module mkQuire (D = $flatten\seg_adder_vff_carry_11.$procmux$1645_Y, Q = \seg_adder_vff_carry_11.not_ring_full).
Adding EN signal on $flatten\seg_adder_vff_carry_11.$procdff$1771 ($dff) from module mkQuire (D = $flatten\seg_adder_vff_carry_11.$0\D_OUT[0:0], Q = \seg_adder_vff_carry_11.D_OUT).
Adding SRST signal on $flatten\seg_adder_vff_carry_10.$procdff$1776 ($dff) from module mkQuire (D = $flatten\seg_adder_vff_carry_10.$procmux$1609_Y, Q = \seg_adder_vff_carry_10.hasodata, rval = 1'0).
Adding EN signal on $auto$ff.cc:266:slice$2646 ($sdff) from module mkQuire (D = $flatten\seg_adder_vff_carry_10.$procmux$1609_Y, Q = \seg_adder_vff_carry_10.hasodata).
Adding SRST signal on $flatten\seg_adder_vff_carry_10.$procdff$1775 ($dff) from module mkQuire (D = $flatten\seg_adder_vff_carry_10.$procmux$1618_Y, Q = \seg_adder_vff_carry_10.tail, rval = 2'00).
Adding EN signal on $auto$ff.cc:266:slice$2650 ($sdff) from module mkQuire (D = $flatten\seg_adder_vff_carry_10.$procmux$1618_Y, Q = \seg_adder_vff_carry_10.tail).
Adding SRST signal on $flatten\seg_adder_vff_carry_10.$procdff$1774 ($dff) from module mkQuire (D = $flatten\seg_adder_vff_carry_10.$procmux$1627_Y, Q = \seg_adder_vff_carry_10.head, rval = 2'00).
Adding EN signal on $auto$ff.cc:266:slice$2658 ($sdff) from module mkQuire (D = \seg_adder_vff_carry_10.next_head, Q = \seg_adder_vff_carry_10.head).
Adding SRST signal on $flatten\seg_adder_vff_carry_10.$procdff$1773 ($dff) from module mkQuire (D = $flatten\seg_adder_vff_carry_10.$procmux$1636_Y, Q = \seg_adder_vff_carry_10.ring_empty, rval = 1'1).
Adding EN signal on $auto$ff.cc:266:slice$2660 ($sdff) from module mkQuire (D = $flatten\seg_adder_vff_carry_10.$procmux$1636_Y, Q = \seg_adder_vff_carry_10.ring_empty).
Adding SRST signal on $flatten\seg_adder_vff_carry_10.$procdff$1772 ($dff) from module mkQuire (D = $flatten\seg_adder_vff_carry_10.$procmux$1645_Y, Q = \seg_adder_vff_carry_10.not_ring_full, rval = 1'1).
Adding EN signal on $auto$ff.cc:266:slice$2668 ($sdff) from module mkQuire (D = $flatten\seg_adder_vff_carry_10.$procmux$1645_Y, Q = \seg_adder_vff_carry_10.not_ring_full).
Adding EN signal on $flatten\seg_adder_vff_carry_10.$procdff$1771 ($dff) from module mkQuire (D = $flatten\seg_adder_vff_carry_10.$0\D_OUT[0:0], Q = \seg_adder_vff_carry_10.D_OUT).
Adding SRST signal on $flatten\seg_adder_vff_carry_1.$procdff$1776 ($dff) from module mkQuire (D = $flatten\seg_adder_vff_carry_1.$procmux$1609_Y, Q = \seg_adder_vff_carry_1.hasodata, rval = 1'0).
Adding EN signal on $auto$ff.cc:266:slice$2675 ($sdff) from module mkQuire (D = $flatten\seg_adder_vff_carry_1.$procmux$1609_Y, Q = \seg_adder_vff_carry_1.hasodata).
Adding SRST signal on $flatten\seg_adder_vff_carry_1.$procdff$1775 ($dff) from module mkQuire (D = $flatten\seg_adder_vff_carry_1.$procmux$1618_Y, Q = \seg_adder_vff_carry_1.tail, rval = 2'00).
Adding EN signal on $auto$ff.cc:266:slice$2679 ($sdff) from module mkQuire (D = $flatten\seg_adder_vff_carry_1.$procmux$1618_Y, Q = \seg_adder_vff_carry_1.tail).
Adding SRST signal on $flatten\seg_adder_vff_carry_1.$procdff$1774 ($dff) from module mkQuire (D = $flatten\seg_adder_vff_carry_1.$procmux$1627_Y, Q = \seg_adder_vff_carry_1.head, rval = 2'00).
Adding EN signal on $auto$ff.cc:266:slice$2687 ($sdff) from module mkQuire (D = \seg_adder_vff_carry_1.next_head, Q = \seg_adder_vff_carry_1.head).
Adding SRST signal on $flatten\seg_adder_vff_carry_1.$procdff$1773 ($dff) from module mkQuire (D = $flatten\seg_adder_vff_carry_1.$procmux$1636_Y, Q = \seg_adder_vff_carry_1.ring_empty, rval = 1'1).
Adding EN signal on $auto$ff.cc:266:slice$2689 ($sdff) from module mkQuire (D = $flatten\seg_adder_vff_carry_1.$procmux$1636_Y, Q = \seg_adder_vff_carry_1.ring_empty).
Adding SRST signal on $flatten\seg_adder_vff_carry_1.$procdff$1772 ($dff) from module mkQuire (D = $flatten\seg_adder_vff_carry_1.$procmux$1645_Y, Q = \seg_adder_vff_carry_1.not_ring_full, rval = 1'1).
Adding EN signal on $auto$ff.cc:266:slice$2697 ($sdff) from module mkQuire (D = $flatten\seg_adder_vff_carry_1.$procmux$1645_Y, Q = \seg_adder_vff_carry_1.not_ring_full).
Adding EN signal on $flatten\seg_adder_vff_carry_1.$procdff$1771 ($dff) from module mkQuire (D = $flatten\seg_adder_vff_carry_1.$0\D_OUT[0:0], Q = \seg_adder_vff_carry_1.D_OUT).
Adding SRST signal on $flatten\seg_adder_vff_carry_0.$procdff$1776 ($dff) from module mkQuire (D = $flatten\seg_adder_vff_carry_0.$procmux$1609_Y, Q = \seg_adder_vff_carry_0.hasodata, rval = 1'0).
Adding EN signal on $auto$ff.cc:266:slice$2704 ($sdff) from module mkQuire (D = $flatten\seg_adder_vff_carry_0.$procmux$1609_Y, Q = \seg_adder_vff_carry_0.hasodata).
Adding SRST signal on $flatten\seg_adder_vff_carry_0.$procdff$1775 ($dff) from module mkQuire (D = $flatten\seg_adder_vff_carry_0.$procmux$1618_Y, Q = \seg_adder_vff_carry_0.tail, rval = 2'00).
Adding EN signal on $auto$ff.cc:266:slice$2708 ($sdff) from module mkQuire (D = $flatten\seg_adder_vff_carry_0.$procmux$1618_Y, Q = \seg_adder_vff_carry_0.tail).
Adding SRST signal on $flatten\seg_adder_vff_carry_0.$procdff$1774 ($dff) from module mkQuire (D = $flatten\seg_adder_vff_carry_0.$procmux$1627_Y, Q = \seg_adder_vff_carry_0.head, rval = 2'00).
Adding EN signal on $auto$ff.cc:266:slice$2716 ($sdff) from module mkQuire (D = \seg_adder_vff_carry_0.next_head, Q = \seg_adder_vff_carry_0.head).
Adding SRST signal on $flatten\seg_adder_vff_carry_0.$procdff$1773 ($dff) from module mkQuire (D = $flatten\seg_adder_vff_carry_0.$procmux$1636_Y, Q = \seg_adder_vff_carry_0.ring_empty, rval = 1'1).
Adding EN signal on $auto$ff.cc:266:slice$2718 ($sdff) from module mkQuire (D = $flatten\seg_adder_vff_carry_0.$procmux$1636_Y, Q = \seg_adder_vff_carry_0.ring_empty).
Adding SRST signal on $flatten\seg_adder_vff_carry_0.$procdff$1772 ($dff) from module mkQuire (D = $flatten\seg_adder_vff_carry_0.$procmux$1645_Y, Q = \seg_adder_vff_carry_0.not_ring_full, rval = 1'1).
Adding EN signal on $auto$ff.cc:266:slice$2726 ($sdff) from module mkQuire (D = $flatten\seg_adder_vff_carry_0.$procmux$1645_Y, Q = \seg_adder_vff_carry_0.not_ring_full).
Adding EN signal on $flatten\seg_adder_vff_carry_0.$procdff$1771 ($dff) from module mkQuire (D = $flatten\seg_adder_vff_carry_0.$0\D_OUT[0:0], Q = \seg_adder_vff_carry_0.D_OUT).
Adding SRST signal on $flatten\posit_rsp_f.$procdff$1789 ($dff) from module mkQuire (D = $flatten\posit_rsp_f.$procmux$1728_Y, Q = \posit_rsp_f.empty_reg, rval = 1'0).
Adding EN signal on $auto$ff.cc:266:slice$2733 ($sdff) from module mkQuire (D = $flatten\posit_rsp_f.$procmux$1728_Y, Q = \posit_rsp_f.empty_reg).
Adding EN signal on $flatten\posit_rsp_f.$procdff$1788 ($dff) from module mkQuire (D = \posit_rsp_f.D_IN, Q = \posit_rsp_f.D_OUT).
Adding SRST signal on $auto$ff.cc:266:slice$2737 ($dffe) from module mkQuire (D = { \vrg_quire_12 [31] \MUX_posit_rsp_f$enq_1__VAL_2 [37] \IF_SEXT_IF_ff_num_msb_zeros_first__19_PLUS_1_2_ETC___d338 [9] \IF_SEXT_IF_ff_num_msb_zeros_first__19_PLUS_1_2_ETC___d338 [5] \prenorm_posit_frac__h20632 \x__h29380 \x__h32320 }, Q = { \posit_rsp_f.D_OUT [40] \posit_rsp_f.D_OUT [37:36] \posit_rsp_f.D_OUT [32] \posit_rsp_f.D_OUT [26:0] }, rval = 31'0000000000000000000000000000001).
Adding SRST signal on $auto$ff.cc:266:slice$2737 ($dffe) from module mkQuire (D = $ternary$/teamspace/studios/this_studio/Melodica-Integration-into-Fife-Core/Learn_Bluespec_and_RISCV_Design/Code/Build/Fife/verilog/mkQuire.v:2374$755_Y [8:6], Q = \posit_rsp_f.D_OUT [35:33], rval = 3'000).
Adding SRST signal on $auto$ff.cc:266:slice$2737 ($dffe) from module mkQuire (D = \IF_ff_num_msb_zeros_first__19_PLUS_1_20_BIT_9__ETC___d325 [4:0], Q = \posit_rsp_f.D_OUT [31:27], rval = 5'00000).
Adding SRST signal on $flatten\ff_num_msb_zeros.$procdff$1787 ($dff) from module mkQuire (D = $flatten\ff_num_msb_zeros.$procmux$1715_Y, Q = \ff_num_msb_zeros.empty_reg, rval = 1'0).
Adding EN signal on $auto$ff.cc:266:slice$2748 ($sdff) from module mkQuire (D = $flatten\ff_num_msb_zeros.$procmux$1715_Y, Q = \ff_num_msb_zeros.empty_reg).
Adding EN signal on $flatten\ff_num_msb_zeros.$procdff$1786 ($dff) from module mkQuire (D = \ff_num_msb_zeros.D_IN, Q = \ff_num_msb_zeros.D_OUT).

14.9.7. Executing OPT_CLEAN pass (remove unused cells and wires).
Finding unused cells or wires in module \mkQuire..
Removed 216 unused cells and 216 unused wires.
<suppressed ~217 debug messages>

14.9.8. Executing OPT_EXPR pass (perform const folding).
Optimizing module mkQuire.
<suppressed ~127 debug messages>

14.9.9. Rerunning OPT passes. (Maybe there is more to do..)

14.9.10. Executing OPT_MUXTREE pass (detect dead branches in mux trees).
Running muxtree optimizer on module \mkQuire..
  Creating internal representation of mux trees.
  Evaluating internal representation of mux trees.
  Analyzing evaluation results.
Removed 0 multiplexer ports.
<suppressed ~293 debug messages>

14.9.11. Executing OPT_REDUCE pass (consolidate $*mux and $reduce_* inputs).
  Optimizing cells in module \mkQuire.
Performed a total of 0 changes.

14.9.12. Executing OPT_MERGE pass (detect identical cells).
Finding identical cells in module `\mkQuire'.
<suppressed ~150 debug messages>
Removed a total of 50 cells.

14.9.13. Executing OPT_DFF pass (perform DFF optimizations).

14.9.14. Executing OPT_CLEAN pass (remove unused cells and wires).
Finding unused cells or wires in module \mkQuire..
Removed 0 unused cells and 50 unused wires.
<suppressed ~1 debug messages>

14.9.15. Executing OPT_EXPR pass (perform const folding).
Optimizing module mkQuire.

14.9.16. Rerunning OPT passes. (Maybe there is more to do..)

14.9.17. Executing OPT_MUXTREE pass (detect dead branches in mux trees).
Running muxtree optimizer on module \mkQuire..
  Creating internal representation of mux trees.
  Evaluating internal representation of mux trees.
  Analyzing evaluation results.
Removed 0 multiplexer ports.
<suppressed ~293 debug messages>

14.9.18. Executing OPT_REDUCE pass (consolidate $*mux and $reduce_* inputs).
  Optimizing cells in module \mkQuire.
Performed a total of 0 changes.

14.9.19. Executing OPT_MERGE pass (detect identical cells).
Finding identical cells in module `\mkQuire'.
Removed a total of 0 cells.

14.9.20. Executing OPT_DFF pass (perform DFF optimizations).

14.9.21. Executing OPT_CLEAN pass (remove unused cells and wires).
Finding unused cells or wires in module \mkQuire..

14.9.22. Executing OPT_EXPR pass (perform const folding).
Optimizing module mkQuire.

14.9.23. Finished OPT passes. (There is nothing left to do.)

14.10. Executing WREDUCE pass (reducing word size of cells).
Removed top 3 bits (of 4) from port B of cell mkQuire.$add$/teamspace/studios/this_studio/Melodica-Integration-into-Fife-Core/Learn_Bluespec_and_RISCV_Design/Code/Build/Fife/verilog/mkQuire.v:1250$288 ($add).
Removed top 3 bits (of 4) from port B of cell mkQuire.$sub$/teamspace/studios/this_studio/Melodica-Integration-into-Fife-Core/Learn_Bluespec_and_RISCV_Design/Code/Build/Fife/verilog/mkQuire.v:1252$289 ($sub).
Removed top 1 bits (of 2) from port B of cell mkQuire.$auto$opt_dff.cc:195:make_patterns_logic$2626 ($ne).
Removed top 1 bits (of 2) from port B of cell mkQuire.$auto$opt_dff.cc:195:make_patterns_logic$2075 ($ne).
Removed top 1 bits (of 2) from port B of cell mkQuire.$auto$opt_dff.cc:195:make_patterns_logic$2104 ($ne).
Removed top 1 bits (of 2) from port B of cell mkQuire.$auto$opt_dff.cc:195:make_patterns_logic$2017 ($ne).
Removed top 1 bits (of 2) from port B of cell mkQuire.$auto$opt_dff.cc:195:make_patterns_logic$2046 ($ne).
Removed top 9 bits (of 10) from port B of cell mkQuire.$sub$/teamspace/studios/this_studio/Melodica-Integration-into-Fife-Core/Learn_Bluespec_and_RISCV_Design/Code/Build/Fife/verilog/mkQuire.v:2053$681 ($sub).
Removed top 1 bits (of 41) from mux cell mkQuire.$ternary$/teamspace/studios/this_studio/Melodica-Integration-into-Fife-Core/Learn_Bluespec_and_RISCV_Design/Code/Build/Fife/verilog/mkQuire.v:2061$682 ($mux).
Removed top 1 bits (of 2) from port B of cell mkQuire.$auto$opt_dff.cc:195:make_patterns_logic$2162 ($ne).
Removed top 1 bits (of 2) from port B of cell mkQuire.$auto$opt_dff.cc:195:make_patterns_logic$2133 ($ne).
Removed top 3 bits (of 4) from mux cell mkQuire.$ternary$/teamspace/studios/this_studio/Melodica-Integration-into-Fife-Core/Learn_Bluespec_and_RISCV_Design/Code/Build/Fife/verilog/mkQuire.v:2352$740 ($mux).
Removed top 1 bits (of 4) from mux cell mkQuire.$ternary$/teamspace/studios/this_studio/Melodica-Integration-into-Fife-Core/Learn_Bluespec_and_RISCV_Design/Code/Build/Fife/verilog/mkQuire.v:2350$741 ($mux).
Removed top 1 bits (of 4) from mux cell mkQuire.$ternary$/teamspace/studios/this_studio/Melodica-Integration-into-Fife-Core/Learn_Bluespec_and_RISCV_Design/Code/Build/Fife/verilog/mkQuire.v:2348$742 ($mux).
Removed top 1 bits (of 4) from mux cell mkQuire.$ternary$/teamspace/studios/this_studio/Melodica-Integration-into-Fife-Core/Learn_Bluespec_and_RISCV_Design/Code/Build/Fife/verilog/mkQuire.v:2356$745 ($mux).
Removed top 1 bits (of 4) from mux cell mkQuire.$ternary$/teamspace/studios/this_studio/Melodica-Integration-into-Fife-Core/Learn_Bluespec_and_RISCV_Design/Code/Build/Fife/verilog/mkQuire.v:2354$746 ($mux).
Removed top 405 bits (of 415) from port B of cell mkQuire.$shl$/teamspace/studios/this_studio/Melodica-Integration-into-Fife-Core/Learn_Bluespec_and_RISCV_Design/Code/Build/Fife/verilog/mkQuire.v:2389$761 ($shl).
Removed top 1 bits (of 415) from port Y of cell mkQuire.$shl$/teamspace/studios/this_studio/Melodica-Integration-into-Fife-Core/Learn_Bluespec_and_RISCV_Design/Code/Build/Fife/verilog/mkQuire.v:2389$761 ($shl).
Removed top 1 bits (of 100) from port B of cell mkQuire.$lt$/teamspace/studios/this_studio/Melodica-Integration-into-Fife-Core/Learn_Bluespec_and_RISCV_Design/Code/Build/Fife/verilog/mkQuire.v:2428$770 ($lt).
Removed top 2 bits (of 10) from port A of cell mkQuire.$sub$/teamspace/studios/this_studio/Melodica-Integration-into-Fife-Core/Learn_Bluespec_and_RISCV_Design/Code/Build/Fife/verilog/mkQuire.v:2436$773 ($sub).
Removed top 32 bits (of 33) from port B of cell mkQuire.$add$/teamspace/studios/this_studio/Melodica-Integration-into-Fife-Core/Learn_Bluespec_and_RISCV_Design/Code/Build/Fife/verilog/mkQuire.v:2455$775 ($add).
Removed top 32 bits (of 33) from port B of cell mkQuire.$add$/teamspace/studios/this_studio/Melodica-Integration-into-Fife-Core/Learn_Bluespec_and_RISCV_Design/Code/Build/Fife/verilog/mkQuire.v:2457$776 ($add).
Removed top 32 bits (of 33) from port B of cell mkQuire.$add$/teamspace/studios/this_studio/Melodica-Integration-into-Fife-Core/Learn_Bluespec_and_RISCV_Design/Code/Build/Fife/verilog/mkQuire.v:2459$777 ($add).
Removed top 32 bits (of 33) from port B of cell mkQuire.$add$/teamspace/studios/this_studio/Melodica-Integration-into-Fife-Core/Learn_Bluespec_and_RISCV_Design/Code/Build/Fife/verilog/mkQuire.v:2461$778 ($add).
Removed top 32 bits (of 33) from port B of cell mkQuire.$add$/teamspace/studios/this_studio/Melodica-Integration-into-Fife-Core/Learn_Bluespec_and_RISCV_Design/Code/Build/Fife/verilog/mkQuire.v:2463$779 ($add).
Removed top 1 bits (of 33) from port Y of cell mkQuire.$add$/teamspace/studios/this_studio/Melodica-Integration-into-Fife-Core/Learn_Bluespec_and_RISCV_Design/Code/Build/Fife/verilog/mkQuire.v:2463$779 ($add).
Removed top 1 bits (of 33) from port A of cell mkQuire.$add$/teamspace/studios/this_studio/Melodica-Integration-into-Fife-Core/Learn_Bluespec_and_RISCV_Design/Code/Build/Fife/verilog/mkQuire.v:2463$779 ($add).
Removed top 1 bits (of 33) from port A of cell mkQuire.$add$/teamspace/studios/this_studio/Melodica-Integration-into-Fife-Core/Learn_Bluespec_and_RISCV_Design/Code/Build/Fife/verilog/mkQuire.v:2465$780 ($add).
Removed top 1 bits (of 33) from port B of cell mkQuire.$add$/teamspace/studios/this_studio/Melodica-Integration-into-Fife-Core/Learn_Bluespec_and_RISCV_Design/Code/Build/Fife/verilog/mkQuire.v:2465$780 ($add).
Removed top 32 bits (of 33) from port B of cell mkQuire.$add$/teamspace/studios/this_studio/Melodica-Integration-into-Fife-Core/Learn_Bluespec_and_RISCV_Design/Code/Build/Fife/verilog/mkQuire.v:2467$781 ($add).
Removed top 32 bits (of 33) from port B of cell mkQuire.$add$/teamspace/studios/this_studio/Melodica-Integration-into-Fife-Core/Learn_Bluespec_and_RISCV_Design/Code/Build/Fife/verilog/mkQuire.v:2469$782 ($add).
Removed top 32 bits (of 33) from port B of cell mkQuire.$add$/teamspace/studios/this_studio/Melodica-Integration-into-Fife-Core/Learn_Bluespec_and_RISCV_Design/Code/Build/Fife/verilog/mkQuire.v:2471$783 ($add).
Removed top 32 bits (of 33) from port B of cell mkQuire.$add$/teamspace/studios/this_studio/Melodica-Integration-into-Fife-Core/Learn_Bluespec_and_RISCV_Design/Code/Build/Fife/verilog/mkQuire.v:2473$784 ($add).
Removed top 32 bits (of 33) from port B of cell mkQuire.$add$/teamspace/studios/this_studio/Melodica-Integration-into-Fife-Core/Learn_Bluespec_and_RISCV_Design/Code/Build/Fife/verilog/mkQuire.v:2475$785 ($add).
Removed top 32 bits (of 33) from port B of cell mkQuire.$add$/teamspace/studios/this_studio/Melodica-Integration-into-Fife-Core/Learn_Bluespec_and_RISCV_Design/Code/Build/Fife/verilog/mkQuire.v:2477$786 ($add).
Removed top 32 bits (of 33) from port B of cell mkQuire.$add$/teamspace/studios/this_studio/Melodica-Integration-into-Fife-Core/Learn_Bluespec_and_RISCV_Design/Code/Build/Fife/verilog/mkQuire.v:2479$787 ($add).
Removed top 9 bits (of 10) from port B of cell mkQuire.$add$/teamspace/studios/this_studio/Melodica-Integration-into-Fife-Core/Learn_Bluespec_and_RISCV_Design/Code/Build/Fife/verilog/mkQuire.v:2495$789 ($add).
Removed top 1 bits (of 10) from port A of cell mkQuire.$add$/teamspace/studios/this_studio/Melodica-Integration-into-Fife-Core/Learn_Bluespec_and_RISCV_Design/Code/Build/Fife/verilog/mkQuire.v:2510$790 ($add).
Removed top 4 bits (of 10) from port B of cell mkQuire.$add$/teamspace/studios/this_studio/Melodica-Integration-into-Fife-Core/Learn_Bluespec_and_RISCV_Design/Code/Build/Fife/verilog/mkQuire.v:2510$790 ($add).
Removed top 191 bits (of 384) from port A of cell mkQuire.$shl$/teamspace/studios/this_studio/Melodica-Integration-into-Fife-Core/Learn_Bluespec_and_RISCV_Design/Code/Build/Fife/verilog/mkQuire.v:2539$794 ($shl).
Removed top 374 bits (of 384) from port B of cell mkQuire.$shl$/teamspace/studios/this_studio/Melodica-Integration-into-Fife-Core/Learn_Bluespec_and_RISCV_Design/Code/Build/Fife/verilog/mkQuire.v:2539$794 ($shl).
Removed top 191 bits (of 384) from port A of cell mkQuire.$shr$/teamspace/studios/this_studio/Melodica-Integration-into-Fife-Core/Learn_Bluespec_and_RISCV_Design/Code/Build/Fife/verilog/mkQuire.v:2542$796 ($shr).
Removed top 374 bits (of 384) from port B of cell mkQuire.$shr$/teamspace/studios/this_studio/Melodica-Integration-into-Fife-Core/Learn_Bluespec_and_RISCV_Design/Code/Build/Fife/verilog/mkQuire.v:2542$796 ($shr).
Removed top 1 bits (of 33) from port A of cell mkQuire.$add$/teamspace/studios/this_studio/Melodica-Integration-into-Fife-Core/Learn_Bluespec_and_RISCV_Design/Code/Build/Fife/verilog/mkQuire.v:2610$811 ($add).
Removed top 1 bits (of 33) from port B of cell mkQuire.$add$/teamspace/studios/this_studio/Melodica-Integration-into-Fife-Core/Learn_Bluespec_and_RISCV_Design/Code/Build/Fife/verilog/mkQuire.v:2610$811 ($add).
Removed top 1 bits (of 33) from port A of cell mkQuire.$add$/teamspace/studios/this_studio/Melodica-Integration-into-Fife-Core/Learn_Bluespec_and_RISCV_Design/Code/Build/Fife/verilog/mkQuire.v:2611$812 ($add).
Removed top 1 bits (of 33) from port B of cell mkQuire.$add$/teamspace/studios/this_studio/Melodica-Integration-into-Fife-Core/Learn_Bluespec_and_RISCV_Design/Code/Build/Fife/verilog/mkQuire.v:2611$812 ($add).
Removed top 1 bits (of 33) from port A of cell mkQuire.$add$/teamspace/studios/this_studio/Melodica-Integration-into-Fife-Core/Learn_Bluespec_and_RISCV_Design/Code/Build/Fife/verilog/mkQuire.v:2612$813 ($add).
Removed top 1 bits (of 33) from port B of cell mkQuire.$add$/teamspace/studios/this_studio/Melodica-Integration-into-Fife-Core/Learn_Bluespec_and_RISCV_Design/Code/Build/Fife/verilog/mkQuire.v:2612$813 ($add).
Removed top 1 bits (of 33) from port A of cell mkQuire.$add$/teamspace/studios/this_studio/Melodica-Integration-into-Fife-Core/Learn_Bluespec_and_RISCV_Design/Code/Build/Fife/verilog/mkQuire.v:2613$814 ($add).
Removed top 1 bits (of 33) from port B of cell mkQuire.$add$/teamspace/studios/this_studio/Melodica-Integration-into-Fife-Core/Learn_Bluespec_and_RISCV_Design/Code/Build/Fife/verilog/mkQuire.v:2613$814 ($add).
Removed top 1 bits (of 33) from port A of cell mkQuire.$add$/teamspace/studios/this_studio/Melodica-Integration-into-Fife-Core/Learn_Bluespec_and_RISCV_Design/Code/Build/Fife/verilog/mkQuire.v:2614$815 ($add).
Removed top 1 bits (of 33) from port B of cell mkQuire.$add$/teamspace/studios/this_studio/Melodica-Integration-into-Fife-Core/Learn_Bluespec_and_RISCV_Design/Code/Build/Fife/verilog/mkQuire.v:2614$815 ($add).
Removed top 1 bits (of 33) from port Y of cell mkQuire.$add$/teamspace/studios/this_studio/Melodica-Integration-into-Fife-Core/Learn_Bluespec_and_RISCV_Design/Code/Build/Fife/verilog/mkQuire.v:2614$815 ($add).
Removed top 1 bits (of 33) from port A of cell mkQuire.$add$/teamspace/studios/this_studio/Melodica-Integration-into-Fife-Core/Learn_Bluespec_and_RISCV_Design/Code/Build/Fife/verilog/mkQuire.v:2698$861 ($add).
Removed top 1 bits (of 33) from port B of cell mkQuire.$add$/teamspace/studios/this_studio/Melodica-Integration-into-Fife-Core/Learn_Bluespec_and_RISCV_Design/Code/Build/Fife/verilog/mkQuire.v:2698$861 ($add).
Removed top 1 bits (of 33) from port A of cell mkQuire.$add$/teamspace/studios/this_studio/Melodica-Integration-into-Fife-Core/Learn_Bluespec_and_RISCV_Design/Code/Build/Fife/verilog/mkQuire.v:2699$862 ($add).
Removed top 1 bits (of 33) from port B of cell mkQuire.$add$/teamspace/studios/this_studio/Melodica-Integration-into-Fife-Core/Learn_Bluespec_and_RISCV_Design/Code/Build/Fife/verilog/mkQuire.v:2699$862 ($add).
Removed top 1 bits (of 33) from port A of cell mkQuire.$add$/teamspace/studios/this_studio/Melodica-Integration-into-Fife-Core/Learn_Bluespec_and_RISCV_Design/Code/Build/Fife/verilog/mkQuire.v:2700$863 ($add).
Removed top 1 bits (of 33) from port B of cell mkQuire.$add$/teamspace/studios/this_studio/Melodica-Integration-into-Fife-Core/Learn_Bluespec_and_RISCV_Design/Code/Build/Fife/verilog/mkQuire.v:2700$863 ($add).
Removed top 1 bits (of 33) from port A of cell mkQuire.$add$/teamspace/studios/this_studio/Melodica-Integration-into-Fife-Core/Learn_Bluespec_and_RISCV_Design/Code/Build/Fife/verilog/mkQuire.v:2701$864 ($add).
Removed top 1 bits (of 33) from port B of cell mkQuire.$add$/teamspace/studios/this_studio/Melodica-Integration-into-Fife-Core/Learn_Bluespec_and_RISCV_Design/Code/Build/Fife/verilog/mkQuire.v:2701$864 ($add).
Removed top 1 bits (of 33) from port A of cell mkQuire.$add$/teamspace/studios/this_studio/Melodica-Integration-into-Fife-Core/Learn_Bluespec_and_RISCV_Design/Code/Build/Fife/verilog/mkQuire.v:2702$865 ($add).
Removed top 1 bits (of 33) from port B of cell mkQuire.$add$/teamspace/studios/this_studio/Melodica-Integration-into-Fife-Core/Learn_Bluespec_and_RISCV_Design/Code/Build/Fife/verilog/mkQuire.v:2702$865 ($add).
Removed top 1 bits (of 33) from port A of cell mkQuire.$add$/teamspace/studios/this_studio/Melodica-Integration-into-Fife-Core/Learn_Bluespec_and_RISCV_Design/Code/Build/Fife/verilog/mkQuire.v:2703$866 ($add).
Removed top 1 bits (of 33) from port B of cell mkQuire.$add$/teamspace/studios/this_studio/Melodica-Integration-into-Fife-Core/Learn_Bluespec_and_RISCV_Design/Code/Build/Fife/verilog/mkQuire.v:2703$866 ($add).
Removed top 1 bits (of 33) from port A of cell mkQuire.$add$/teamspace/studios/this_studio/Melodica-Integration-into-Fife-Core/Learn_Bluespec_and_RISCV_Design/Code/Build/Fife/verilog/mkQuire.v:2704$867 ($add).
Removed top 1 bits (of 33) from port B of cell mkQuire.$add$/teamspace/studios/this_studio/Melodica-Integration-into-Fife-Core/Learn_Bluespec_and_RISCV_Design/Code/Build/Fife/verilog/mkQuire.v:2704$867 ($add).
Removed top 1 bits (of 2) from port B of cell mkQuire.$auto$opt_dff.cc:195:make_patterns_logic$2249 ($ne).
Removed top 1 bits (of 2) from port B of cell mkQuire.$auto$opt_dff.cc:195:make_patterns_logic$2278 ($ne).
Removed top 1 bits (of 3) from port B of cell mkQuire.$flatten\seg_adder_vff_carry_0.$procmux$1604_CMP0 ($eq).
Removed top 1 bits (of 3) from port B of cell mkQuire.$flatten\seg_adder_vff_carry_0.$procmux$1619_CMP0 ($eq).
Removed top 1 bits (of 3) from port B of cell mkQuire.$flatten\seg_adder_vff_carry_1.$procmux$1604_CMP0 ($eq).
Removed top 1 bits (of 3) from port B of cell mkQuire.$flatten\seg_adder_vff_carry_1.$procmux$1619_CMP0 ($eq).
Removed top 1 bits (of 3) from port B of cell mkQuire.$flatten\seg_adder_vff_carry_10.$procmux$1619_CMP0 ($eq).
Removed top 1 bits (of 3) from port B of cell mkQuire.$flatten\seg_adder_vff_carry_10.$procmux$1604_CMP0 ($eq).
Removed top 1 bits (of 2) from port B of cell mkQuire.$auto$opt_dff.cc:195:make_patterns_logic$2307 ($ne).
Removed top 1 bits (of 3) from port B of cell mkQuire.$flatten\seg_adder_vff_carry_11.$procmux$1619_CMP0 ($eq).
Removed top 1 bits (of 3) from port B of cell mkQuire.$flatten\seg_adder_vff_carry_11.$procmux$1604_CMP0 ($eq).
Removed top 1 bits (of 3) from port B of cell mkQuire.$flatten\seg_adder_vff_carry_2.$procmux$1619_CMP0 ($eq).
Removed top 1 bits (of 3) from port B of cell mkQuire.$flatten\seg_adder_vff_carry_2.$procmux$1604_CMP0 ($eq).
Removed top 1 bits (of 2) from port B of cell mkQuire.$auto$opt_dff.cc:195:make_patterns_logic$2336 ($ne).
Removed top 1 bits (of 3) from port B of cell mkQuire.$flatten\seg_adder_vff_carry_3.$procmux$1619_CMP0 ($eq).
Removed top 1 bits (of 3) from port B of cell mkQuire.$flatten\seg_adder_vff_carry_3.$procmux$1604_CMP0 ($eq).
Removed top 1 bits (of 3) from port B of cell mkQuire.$flatten\seg_adder_vff_carry_4.$procmux$1619_CMP0 ($eq).
Removed top 1 bits (of 3) from port B of cell mkQuire.$flatten\seg_adder_vff_carry_4.$procmux$1604_CMP0 ($eq).
Removed top 1 bits (of 2) from port B of cell mkQuire.$auto$opt_dff.cc:195:make_patterns_logic$2365 ($ne).
Removed top 1 bits (of 3) from port B of cell mkQuire.$flatten\seg_adder_vff_carry_5.$procmux$1619_CMP0 ($eq).
Removed top 1 bits (of 3) from port B of cell mkQuire.$flatten\seg_adder_vff_carry_5.$procmux$1604_CMP0 ($eq).
Removed top 1 bits (of 3) from port B of cell mkQuire.$flatten\seg_adder_vff_carry_6.$procmux$1619_CMP0 ($eq).
Removed top 1 bits (of 3) from port B of cell mkQuire.$flatten\seg_adder_vff_carry_6.$procmux$1604_CMP0 ($eq).
Removed top 1 bits (of 2) from port B of cell mkQuire.$auto$opt_dff.cc:195:make_patterns_logic$2394 ($ne).
Removed top 1 bits (of 3) from port B of cell mkQuire.$flatten\seg_adder_vff_carry_7.$procmux$1619_CMP0 ($eq).
Removed top 1 bits (of 3) from port B of cell mkQuire.$flatten\seg_adder_vff_carry_7.$procmux$1604_CMP0 ($eq).
Removed top 1 bits (of 3) from port B of cell mkQuire.$flatten\seg_adder_vff_carry_8.$procmux$1619_CMP0 ($eq).
Removed top 1 bits (of 3) from port B of cell mkQuire.$flatten\seg_adder_vff_carry_8.$procmux$1604_CMP0 ($eq).
Removed top 1 bits (of 2) from port B of cell mkQuire.$auto$opt_dff.cc:195:make_patterns_logic$2423 ($ne).
Removed top 1 bits (of 3) from port B of cell mkQuire.$flatten\seg_adder_vff_carry_9.$procmux$1619_CMP0 ($eq).
Removed top 1 bits (of 3) from port B of cell mkQuire.$flatten\seg_adder_vff_carry_9.$procmux$1604_CMP0 ($eq).
Removed top 1 bits (of 3) from port B of cell mkQuire.$flatten\seg_adder_vff_in_0.$procmux$1677_CMP0 ($eq).
Removed top 1 bits (of 3) from port B of cell mkQuire.$flatten\seg_adder_vff_in_0.$procmux$1662_CMP0 ($eq).
Removed top 1 bits (of 3) from port B of cell mkQuire.$flatten\seg_adder_vff_in_1.$procmux$1677_CMP0 ($eq).
Removed top 1 bits (of 3) from port B of cell mkQuire.$flatten\seg_adder_vff_in_1.$procmux$1662_CMP0 ($eq).
Removed top 1 bits (of 2) from port B of cell mkQuire.$auto$opt_dff.cc:195:make_patterns_logic$2452 ($ne).
Removed top 1 bits (of 3) from port B of cell mkQuire.$flatten\seg_adder_vff_in_10.$procmux$1677_CMP0 ($eq).
Removed top 1 bits (of 3) from port B of cell mkQuire.$flatten\seg_adder_vff_in_10.$procmux$1662_CMP0 ($eq).
Removed top 1 bits (of 3) from port B of cell mkQuire.$flatten\seg_adder_vff_in_11.$procmux$1677_CMP0 ($eq).
Removed top 1 bits (of 3) from port B of cell mkQuire.$flatten\seg_adder_vff_in_11.$procmux$1662_CMP0 ($eq).
Removed top 1 bits (of 2) from port B of cell mkQuire.$auto$opt_dff.cc:195:make_patterns_logic$2481 ($ne).
Removed top 1 bits (of 3) from port B of cell mkQuire.$flatten\seg_adder_vff_in_12.$procmux$1677_CMP0 ($eq).
Removed top 1 bits (of 3) from port B of cell mkQuire.$flatten\seg_adder_vff_in_12.$procmux$1662_CMP0 ($eq).
Removed top 1 bits (of 3) from port B of cell mkQuire.$flatten\seg_adder_vff_in_2.$procmux$1677_CMP0 ($eq).
Removed top 1 bits (of 3) from port B of cell mkQuire.$flatten\seg_adder_vff_in_2.$procmux$1662_CMP0 ($eq).
Removed top 1 bits (of 2) from port B of cell mkQuire.$auto$opt_dff.cc:195:make_patterns_logic$2510 ($ne).
Removed top 1 bits (of 3) from port B of cell mkQuire.$flatten\seg_adder_vff_in_3.$procmux$1677_CMP0 ($eq).
Removed top 1 bits (of 3) from port B of cell mkQuire.$flatten\seg_adder_vff_in_3.$procmux$1662_CMP0 ($eq).
Removed top 1 bits (of 3) from port B of cell mkQuire.$flatten\seg_adder_vff_in_4.$procmux$1677_CMP0 ($eq).
Removed top 1 bits (of 3) from port B of cell mkQuire.$flatten\seg_adder_vff_in_4.$procmux$1662_CMP0 ($eq).
Removed top 1 bits (of 2) from port B of cell mkQuire.$auto$opt_dff.cc:195:make_patterns_logic$2539 ($ne).
Removed top 1 bits (of 2) from port B of cell mkQuire.$auto$opt_dff.cc:195:make_patterns_logic$2568 ($ne).
Removed top 1 bits (of 3) from port B of cell mkQuire.$flatten\seg_adder_vff_in_5.$procmux$1677_CMP0 ($eq).
Removed top 1 bits (of 3) from port B of cell mkQuire.$flatten\seg_adder_vff_in_5.$procmux$1662_CMP0 ($eq).
Removed top 1 bits (of 3) from port B of cell mkQuire.$flatten\seg_adder_vff_in_6.$procmux$1677_CMP0 ($eq).
Removed top 1 bits (of 3) from port B of cell mkQuire.$flatten\seg_adder_vff_in_6.$procmux$1662_CMP0 ($eq).
Removed top 1 bits (of 3) from port B of cell mkQuire.$flatten\seg_adder_vff_in_7.$procmux$1677_CMP0 ($eq).
Removed top 1 bits (of 3) from port B of cell mkQuire.$flatten\seg_adder_vff_in_7.$procmux$1662_CMP0 ($eq).
Removed top 1 bits (of 2) from port B of cell mkQuire.$auto$opt_dff.cc:195:make_patterns_logic$2597 ($ne).
Removed top 1 bits (of 3) from port B of cell mkQuire.$flatten\seg_adder_vff_in_8.$procmux$1677_CMP0 ($eq).
Removed top 1 bits (of 3) from port B of cell mkQuire.$flatten\seg_adder_vff_in_8.$procmux$1662_CMP0 ($eq).
Removed top 1 bits (of 3) from port B of cell mkQuire.$flatten\seg_adder_vff_in_9.$procmux$1677_CMP0 ($eq).
Removed top 1 bits (of 3) from port B of cell mkQuire.$flatten\seg_adder_vff_in_9.$procmux$1662_CMP0 ($eq).
Removed top 12 bits (of 13) from port B of cell mkQuire.$flatten\instance_fn_twosC_quire_1.$add$/teamspace/studios/this_studio/Melodica-Integration-into-Fife-Core/Learn_Bluespec_and_RISCV_Design/Code/Build/Fife/verilog/module_fn_twosC_quire.v:167$159 ($add).
Removed top 31 bits (of 32) from port B of cell mkQuire.$flatten\instance_fn_twosC_quire_1.$add$/teamspace/studios/this_studio/Melodica-Integration-into-Fife-Core/Learn_Bluespec_and_RISCV_Design/Code/Build/Fife/verilog/module_fn_twosC_quire.v:164$156 ($add).
Removed top 31 bits (of 32) from port B of cell mkQuire.$flatten\instance_fn_twosC_quire_1.$add$/teamspace/studios/this_studio/Melodica-Integration-into-Fife-Core/Learn_Bluespec_and_RISCV_Design/Code/Build/Fife/verilog/module_fn_twosC_quire.v:157$150 ($add).
Removed top 31 bits (of 32) from port B of cell mkQuire.$flatten\instance_fn_twosC_quire_1.$add$/teamspace/studios/this_studio/Melodica-Integration-into-Fife-Core/Learn_Bluespec_and_RISCV_Design/Code/Build/Fife/verilog/module_fn_twosC_quire.v:150$144 ($add).
Removed top 31 bits (of 32) from port B of cell mkQuire.$flatten\instance_fn_twosC_quire_1.$add$/teamspace/studios/this_studio/Melodica-Integration-into-Fife-Core/Learn_Bluespec_and_RISCV_Design/Code/Build/Fife/verilog/module_fn_twosC_quire.v:143$138 ($add).
Removed top 31 bits (of 32) from port B of cell mkQuire.$flatten\instance_fn_twosC_quire_1.$add$/teamspace/studios/this_studio/Melodica-Integration-into-Fife-Core/Learn_Bluespec_and_RISCV_Design/Code/Build/Fife/verilog/module_fn_twosC_quire.v:136$132 ($add).
Removed top 31 bits (of 32) from port B of cell mkQuire.$flatten\instance_fn_twosC_quire_1.$add$/teamspace/studios/this_studio/Melodica-Integration-into-Fife-Core/Learn_Bluespec_and_RISCV_Design/Code/Build/Fife/verilog/module_fn_twosC_quire.v:129$126 ($add).
Removed top 31 bits (of 32) from port B of cell mkQuire.$flatten\instance_fn_twosC_quire_1.$add$/teamspace/studios/this_studio/Melodica-Integration-into-Fife-Core/Learn_Bluespec_and_RISCV_Design/Code/Build/Fife/verilog/module_fn_twosC_quire.v:122$120 ($add).
Removed top 31 bits (of 32) from port B of cell mkQuire.$flatten\instance_fn_twosC_quire_1.$add$/teamspace/studios/this_studio/Melodica-Integration-into-Fife-Core/Learn_Bluespec_and_RISCV_Design/Code/Build/Fife/verilog/module_fn_twosC_quire.v:115$114 ($add).
Removed top 31 bits (of 32) from port B of cell mkQuire.$flatten\instance_fn_twosC_quire_1.$add$/teamspace/studios/this_studio/Melodica-Integration-into-Fife-Core/Learn_Bluespec_and_RISCV_Design/Code/Build/Fife/verilog/module_fn_twosC_quire.v:108$108 ($add).
Removed top 1 bits (of 32) from mux cell mkQuire.$flatten\instance_fn_twosC_quire_1.$ternary$/teamspace/studios/this_studio/Melodica-Integration-into-Fife-Core/Learn_Bluespec_and_RISCV_Design/Code/Build/Fife/verilog/module_fn_twosC_quire.v:97$104 ($mux).
Removed top 1 bits (of 32) from mux cell mkQuire.$flatten\instance_fn_twosC_quire_1.$ternary$/teamspace/studios/this_studio/Melodica-Integration-into-Fife-Core/Learn_Bluespec_and_RISCV_Design/Code/Build/Fife/verilog/module_fn_twosC_quire.v:100$103 ($mux).
Removed top 31 bits (of 32) from port B of cell mkQuire.$flatten\instance_fn_twosC_quire_1.$add$/teamspace/studios/this_studio/Melodica-Integration-into-Fife-Core/Learn_Bluespec_and_RISCV_Design/Code/Build/Fife/verilog/module_fn_twosC_quire.v:101$102 ($add).
Removed top 1 bits (of 32) from port Y of cell mkQuire.$flatten\instance_fn_twosC_quire_1.$add$/teamspace/studios/this_studio/Melodica-Integration-into-Fife-Core/Learn_Bluespec_and_RISCV_Design/Code/Build/Fife/verilog/module_fn_twosC_quire.v:101$102 ($add).
Removed top 1 bits (of 32) from port A of cell mkQuire.$flatten\instance_fn_twosC_quire_1.$add$/teamspace/studios/this_studio/Melodica-Integration-into-Fife-Core/Learn_Bluespec_and_RISCV_Design/Code/Build/Fife/verilog/module_fn_twosC_quire.v:101$102 ($add).
Removed top 1 bits (of 32) from port Y of cell mkQuire.$flatten\instance_fn_twosC_quire_1.$not$/teamspace/studios/this_studio/Melodica-Integration-into-Fife-Core/Learn_Bluespec_and_RISCV_Design/Code/Build/Fife/verilog/module_fn_twosC_quire.v:101$101 ($not).
Removed top 1 bits (of 32) from port A of cell mkQuire.$flatten\instance_fn_twosC_quire_1.$not$/teamspace/studios/this_studio/Melodica-Integration-into-Fife-Core/Learn_Bluespec_and_RISCV_Design/Code/Build/Fife/verilog/module_fn_twosC_quire.v:101$101 ($not).
Removed top 31 bits (of 32) from port B of cell mkQuire.$flatten\instance_fn_twosC_quire_1.$add$/teamspace/studios/this_studio/Melodica-Integration-into-Fife-Core/Learn_Bluespec_and_RISCV_Design/Code/Build/Fife/verilog/module_fn_twosC_quire.v:94$96 ($add).
Removed top 31 bits (of 32) from port B of cell mkQuire.$flatten\instance_fn_twosC_quire_1.$add$/teamspace/studios/this_studio/Melodica-Integration-into-Fife-Core/Learn_Bluespec_and_RISCV_Design/Code/Build/Fife/verilog/module_fn_twosC_quire.v:87$90 ($add).
Removed top 31 bits (of 32) from port B of cell mkQuire.$flatten\instance_fn_twosC_quire_1.$add$/teamspace/studios/this_studio/Melodica-Integration-into-Fife-Core/Learn_Bluespec_and_RISCV_Design/Code/Build/Fife/verilog/module_fn_twosC_quire.v:80$84 ($add).
Removed top 1 bits (of 2) from port B of cell mkQuire.$auto$opt_dff.cc:195:make_patterns_logic$2191 ($ne).
Removed top 12 bits (of 13) from port B of cell mkQuire.$flatten\instance_fn_twosC_quire_0.$add$/teamspace/studios/this_studio/Melodica-Integration-into-Fife-Core/Learn_Bluespec_and_RISCV_Design/Code/Build/Fife/verilog/module_fn_twosC_quire.v:167$159 ($add).
Removed top 31 bits (of 32) from port B of cell mkQuire.$flatten\instance_fn_twosC_quire_0.$add$/teamspace/studios/this_studio/Melodica-Integration-into-Fife-Core/Learn_Bluespec_and_RISCV_Design/Code/Build/Fife/verilog/module_fn_twosC_quire.v:164$156 ($add).
Removed top 31 bits (of 32) from port B of cell mkQuire.$flatten\instance_fn_twosC_quire_0.$add$/teamspace/studios/this_studio/Melodica-Integration-into-Fife-Core/Learn_Bluespec_and_RISCV_Design/Code/Build/Fife/verilog/module_fn_twosC_quire.v:157$150 ($add).
Removed top 31 bits (of 32) from port B of cell mkQuire.$flatten\instance_fn_twosC_quire_0.$add$/teamspace/studios/this_studio/Melodica-Integration-into-Fife-Core/Learn_Bluespec_and_RISCV_Design/Code/Build/Fife/verilog/module_fn_twosC_quire.v:150$144 ($add).
Removed top 31 bits (of 32) from port B of cell mkQuire.$flatten\instance_fn_twosC_quire_0.$add$/teamspace/studios/this_studio/Melodica-Integration-into-Fife-Core/Learn_Bluespec_and_RISCV_Design/Code/Build/Fife/verilog/module_fn_twosC_quire.v:143$138 ($add).
Removed top 31 bits (of 32) from port B of cell mkQuire.$flatten\instance_fn_twosC_quire_0.$add$/teamspace/studios/this_studio/Melodica-Integration-into-Fife-Core/Learn_Bluespec_and_RISCV_Design/Code/Build/Fife/verilog/module_fn_twosC_quire.v:136$132 ($add).
Removed top 31 bits (of 32) from port B of cell mkQuire.$flatten\instance_fn_twosC_quire_0.$add$/teamspace/studios/this_studio/Melodica-Integration-into-Fife-Core/Learn_Bluespec_and_RISCV_Design/Code/Build/Fife/verilog/module_fn_twosC_quire.v:129$126 ($add).
Removed top 31 bits (of 32) from port B of cell mkQuire.$flatten\instance_fn_twosC_quire_0.$add$/teamspace/studios/this_studio/Melodica-Integration-into-Fife-Core/Learn_Bluespec_and_RISCV_Design/Code/Build/Fife/verilog/module_fn_twosC_quire.v:122$120 ($add).
Removed top 31 bits (of 32) from port B of cell mkQuire.$flatten\instance_fn_twosC_quire_0.$add$/teamspace/studios/this_studio/Melodica-Integration-into-Fife-Core/Learn_Bluespec_and_RISCV_Design/Code/Build/Fife/verilog/module_fn_twosC_quire.v:115$114 ($add).
Removed top 31 bits (of 32) from port B of cell mkQuire.$flatten\instance_fn_twosC_quire_0.$add$/teamspace/studios/this_studio/Melodica-Integration-into-Fife-Core/Learn_Bluespec_and_RISCV_Design/Code/Build/Fife/verilog/module_fn_twosC_quire.v:108$108 ($add).
Removed top 1 bits (of 32) from mux cell mkQuire.$flatten\instance_fn_twosC_quire_0.$ternary$/teamspace/studios/this_studio/Melodica-Integration-into-Fife-Core/Learn_Bluespec_and_RISCV_Design/Code/Build/Fife/verilog/module_fn_twosC_quire.v:97$104 ($mux).
Removed top 31 bits (of 32) from port B of cell mkQuire.$flatten\instance_fn_twosC_quire_0.$add$/teamspace/studios/this_studio/Melodica-Integration-into-Fife-Core/Learn_Bluespec_and_RISCV_Design/Code/Build/Fife/verilog/module_fn_twosC_quire.v:94$96 ($add).
Removed top 31 bits (of 32) from port B of cell mkQuire.$flatten\instance_fn_twosC_quire_0.$add$/teamspace/studios/this_studio/Melodica-Integration-into-Fife-Core/Learn_Bluespec_and_RISCV_Design/Code/Build/Fife/verilog/module_fn_twosC_quire.v:87$90 ($add).
Removed top 31 bits (of 32) from port B of cell mkQuire.$flatten\instance_fn_twosC_quire_0.$add$/teamspace/studios/this_studio/Melodica-Integration-into-Fife-Core/Learn_Bluespec_and_RISCV_Design/Code/Build/Fife/verilog/module_fn_twosC_quire.v:80$84 ($add).
Removed top 1 bits (of 2) from port B of cell mkQuire.$auto$opt_dff.cc:195:make_patterns_logic$2220 ($ne).
Removed top 12 bits (of 13) from port B of cell mkQuire.$flatten\instance_fn_twosC_quire_2.$add$/teamspace/studios/this_studio/Melodica-Integration-into-Fife-Core/Learn_Bluespec_and_RISCV_Design/Code/Build/Fife/verilog/module_fn_twosC_quire.v:167$159 ($add).
Removed top 31 bits (of 32) from port B of cell mkQuire.$flatten\instance_fn_twosC_quire_2.$add$/teamspace/studios/this_studio/Melodica-Integration-into-Fife-Core/Learn_Bluespec_and_RISCV_Design/Code/Build/Fife/verilog/module_fn_twosC_quire.v:164$156 ($add).
Removed top 31 bits (of 32) from port B of cell mkQuire.$flatten\instance_fn_twosC_quire_2.$add$/teamspace/studios/this_studio/Melodica-Integration-into-Fife-Core/Learn_Bluespec_and_RISCV_Design/Code/Build/Fife/verilog/module_fn_twosC_quire.v:157$150 ($add).
Removed top 31 bits (of 32) from port B of cell mkQuire.$flatten\instance_fn_twosC_quire_2.$add$/teamspace/studios/this_studio/Melodica-Integration-into-Fife-Core/Learn_Bluespec_and_RISCV_Design/Code/Build/Fife/verilog/module_fn_twosC_quire.v:150$144 ($add).
Removed top 31 bits (of 32) from port B of cell mkQuire.$flatten\instance_fn_twosC_quire_2.$add$/teamspace/studios/this_studio/Melodica-Integration-into-Fife-Core/Learn_Bluespec_and_RISCV_Design/Code/Build/Fife/verilog/module_fn_twosC_quire.v:143$138 ($add).
Removed top 31 bits (of 32) from port B of cell mkQuire.$flatten\instance_fn_twosC_quire_2.$add$/teamspace/studios/this_studio/Melodica-Integration-into-Fife-Core/Learn_Bluespec_and_RISCV_Design/Code/Build/Fife/verilog/module_fn_twosC_quire.v:136$132 ($add).
Removed top 31 bits (of 32) from port B of cell mkQuire.$flatten\instance_fn_twosC_quire_2.$add$/teamspace/studios/this_studio/Melodica-Integration-into-Fife-Core/Learn_Bluespec_and_RISCV_Design/Code/Build/Fife/verilog/module_fn_twosC_quire.v:129$126 ($add).
Removed top 31 bits (of 32) from port B of cell mkQuire.$flatten\instance_fn_twosC_quire_2.$add$/teamspace/studios/this_studio/Melodica-Integration-into-Fife-Core/Learn_Bluespec_and_RISCV_Design/Code/Build/Fife/verilog/module_fn_twosC_quire.v:122$120 ($add).
Removed top 31 bits (of 32) from port B of cell mkQuire.$flatten\instance_fn_twosC_quire_2.$add$/teamspace/studios/this_studio/Melodica-Integration-into-Fife-Core/Learn_Bluespec_and_RISCV_Design/Code/Build/Fife/verilog/module_fn_twosC_quire.v:115$114 ($add).
Removed top 31 bits (of 32) from port B of cell mkQuire.$flatten\instance_fn_twosC_quire_2.$add$/teamspace/studios/this_studio/Melodica-Integration-into-Fife-Core/Learn_Bluespec_and_RISCV_Design/Code/Build/Fife/verilog/module_fn_twosC_quire.v:108$108 ($add).
Removed top 1 bits (of 32) from mux cell mkQuire.$flatten\instance_fn_twosC_quire_2.$ternary$/teamspace/studios/this_studio/Melodica-Integration-into-Fife-Core/Learn_Bluespec_and_RISCV_Design/Code/Build/Fife/verilog/module_fn_twosC_quire.v:97$104 ($mux).
Removed top 31 bits (of 32) from port B of cell mkQuire.$flatten\instance_fn_twosC_quire_2.$add$/teamspace/studios/this_studio/Melodica-Integration-into-Fife-Core/Learn_Bluespec_and_RISCV_Design/Code/Build/Fife/verilog/module_fn_twosC_quire.v:94$96 ($add).
Removed top 31 bits (of 32) from port B of cell mkQuire.$flatten\instance_fn_twosC_quire_2.$add$/teamspace/studios/this_studio/Melodica-Integration-into-Fife-Core/Learn_Bluespec_and_RISCV_Design/Code/Build/Fife/verilog/module_fn_twosC_quire.v:87$90 ($add).
Removed top 31 bits (of 32) from port B of cell mkQuire.$flatten\instance_fn_twosC_quire_2.$add$/teamspace/studios/this_studio/Melodica-Integration-into-Fife-Core/Learn_Bluespec_and_RISCV_Design/Code/Build/Fife/verilog/module_fn_twosC_quire.v:80$84 ($add).
Removed top 1 bits (of 32) from wire mkQuire.$flatten\instance_fn_twosC_quire_1.$add$/teamspace/studios/this_studio/Melodica-Integration-into-Fife-Core/Learn_Bluespec_and_RISCV_Design/Code/Build/Fife/verilog/module_fn_twosC_quire.v:101$102_Y.
Removed top 1 bits (of 32) from wire mkQuire.$flatten\instance_fn_twosC_quire_1.$not$/teamspace/studios/this_studio/Melodica-Integration-into-Fife-Core/Learn_Bluespec_and_RISCV_Design/Code/Build/Fife/verilog/module_fn_twosC_quire.v:101$101_Y.
Removed top 1 bits (of 4) from wire mkQuire.$ternary$/teamspace/studios/this_studio/Melodica-Integration-into-Fife-Core/Learn_Bluespec_and_RISCV_Design/Code/Build/Fife/verilog/mkQuire.v:2350$741_Y.
Removed top 1 bits (of 4) from wire mkQuire.$ternary$/teamspace/studios/this_studio/Melodica-Integration-into-Fife-Core/Learn_Bluespec_and_RISCV_Design/Code/Build/Fife/verilog/mkQuire.v:2356$745_Y.
Removed top 1 bits (of 4) from wire mkQuire.IF_INV_vrg_quire_seg_zero_2_63_93_THEN_10_ELSE_ETC___d598.
Removed top 1 bits (of 4) from wire mkQuire.IF_INV_vrg_quire_seg_zero_4_60_91_THEN_8_ELSE__ETC___d600.
Removed top 1 bits (of 415) from wire mkQuire.IF_vrg_quire_12_07_BIT_31_42_THEN_fn_twosC_qui_ETC___d378.
Removed top 32 bits (of 416) from wire mkQuire.abs_quire_in__h36979.
Removed top 1 bits (of 33) from wire mkQuire.acc__h12127.
Removed top 1 bits (of 10) from wire mkQuire.numZeros__h12395.
Removed top 1 bits (of 41) from wire mkQuire.posit_rsp_f$D_IN.
Removed top 374 bits (of 384) from wire mkQuire.shftamt__h48450.
Removed top 1 bits (of 33) from wire mkQuire.x__h12184.

14.11. Executing PEEPOPT pass (run peephole optimizers).

14.12. Executing OPT_CLEAN pass (remove unused cells and wires).
Finding unused cells or wires in module \mkQuire..
Removed 0 unused cells and 13 unused wires.
<suppressed ~1 debug messages>

14.13. Executing ALUMACC pass (create $alu and $macc cells).
Extracting $alu and $macc cells in module mkQuire:
  creating $macc model for $add$/teamspace/studios/this_studio/Melodica-Integration-into-Fife-Core/Learn_Bluespec_and_RISCV_Design/Code/Build/Fife/verilog/mkQuire.v:1250$288 ($add).
  creating $macc model for $add$/teamspace/studios/this_studio/Melodica-Integration-into-Fife-Core/Learn_Bluespec_and_RISCV_Design/Code/Build/Fife/verilog/mkQuire.v:2455$775 ($add).
  creating $macc model for $add$/teamspace/studios/this_studio/Melodica-Integration-into-Fife-Core/Learn_Bluespec_and_RISCV_Design/Code/Build/Fife/verilog/mkQuire.v:2457$776 ($add).
  creating $macc model for $add$/teamspace/studios/this_studio/Melodica-Integration-into-Fife-Core/Learn_Bluespec_and_RISCV_Design/Code/Build/Fife/verilog/mkQuire.v:2459$777 ($add).
  creating $macc model for $add$/teamspace/studios/this_studio/Melodica-Integration-into-Fife-Core/Learn_Bluespec_and_RISCV_Design/Code/Build/Fife/verilog/mkQuire.v:2461$778 ($add).
  creating $macc model for $add$/teamspace/studios/this_studio/Melodica-Integration-into-Fife-Core/Learn_Bluespec_and_RISCV_Design/Code/Build/Fife/verilog/mkQuire.v:2463$779 ($add).
  creating $macc model for $add$/teamspace/studios/this_studio/Melodica-Integration-into-Fife-Core/Learn_Bluespec_and_RISCV_Design/Code/Build/Fife/verilog/mkQuire.v:2465$780 ($add).
  creating $macc model for $add$/teamspace/studios/this_studio/Melodica-Integration-into-Fife-Core/Learn_Bluespec_and_RISCV_Design/Code/Build/Fife/verilog/mkQuire.v:2467$781 ($add).
  creating $macc model for $add$/teamspace/studios/this_studio/Melodica-Integration-into-Fife-Core/Learn_Bluespec_and_RISCV_Design/Code/Build/Fife/verilog/mkQuire.v:2469$782 ($add).
  creating $macc model for $add$/teamspace/studios/this_studio/Melodica-Integration-into-Fife-Core/Learn_Bluespec_and_RISCV_Design/Code/Build/Fife/verilog/mkQuire.v:2471$783 ($add).
  creating $macc model for $add$/teamspace/studios/this_studio/Melodica-Integration-into-Fife-Core/Learn_Bluespec_and_RISCV_Design/Code/Build/Fife/verilog/mkQuire.v:2473$784 ($add).
  creating $macc model for $add$/teamspace/studios/this_studio/Melodica-Integration-into-Fife-Core/Learn_Bluespec_and_RISCV_Design/Code/Build/Fife/verilog/mkQuire.v:2475$785 ($add).
  creating $macc model for $add$/teamspace/studios/this_studio/Melodica-Integration-into-Fife-Core/Learn_Bluespec_and_RISCV_Design/Code/Build/Fife/verilog/mkQuire.v:2477$786 ($add).
  creating $macc model for $add$/teamspace/studios/this_studio/Melodica-Integration-into-Fife-Core/Learn_Bluespec_and_RISCV_Design/Code/Build/Fife/verilog/mkQuire.v:2479$787 ($add).
  creating $macc model for $add$/teamspace/studios/this_studio/Melodica-Integration-into-Fife-Core/Learn_Bluespec_and_RISCV_Design/Code/Build/Fife/verilog/mkQuire.v:2495$789 ($add).
  creating $macc model for $add$/teamspace/studios/this_studio/Melodica-Integration-into-Fife-Core/Learn_Bluespec_and_RISCV_Design/Code/Build/Fife/verilog/mkQuire.v:2510$790 ($add).
  creating $macc model for $add$/teamspace/studios/this_studio/Melodica-Integration-into-Fife-Core/Learn_Bluespec_and_RISCV_Design/Code/Build/Fife/verilog/mkQuire.v:2610$811 ($add).
  creating $macc model for $add$/teamspace/studios/this_studio/Melodica-Integration-into-Fife-Core/Learn_Bluespec_and_RISCV_Design/Code/Build/Fife/verilog/mkQuire.v:2611$812 ($add).
  creating $macc model for $add$/teamspace/studios/this_studio/Melodica-Integration-into-Fife-Core/Learn_Bluespec_and_RISCV_Design/Code/Build/Fife/verilog/mkQuire.v:2612$813 ($add).
  creating $macc model for $add$/teamspace/studios/this_studio/Melodica-Integration-into-Fife-Core/Learn_Bluespec_and_RISCV_Design/Code/Build/Fife/verilog/mkQuire.v:2613$814 ($add).
  creating $macc model for $add$/teamspace/studios/this_studio/Melodica-Integration-into-Fife-Core/Learn_Bluespec_and_RISCV_Design/Code/Build/Fife/verilog/mkQuire.v:2614$815 ($add).
  creating $macc model for $add$/teamspace/studios/this_studio/Melodica-Integration-into-Fife-Core/Learn_Bluespec_and_RISCV_Design/Code/Build/Fife/verilog/mkQuire.v:2698$861 ($add).
  creating $macc model for $add$/teamspace/studios/this_studio/Melodica-Integration-into-Fife-Core/Learn_Bluespec_and_RISCV_Design/Code/Build/Fife/verilog/mkQuire.v:2699$862 ($add).
  creating $macc model for $add$/teamspace/studios/this_studio/Melodica-Integration-into-Fife-Core/Learn_Bluespec_and_RISCV_Design/Code/Build/Fife/verilog/mkQuire.v:2700$863 ($add).
  creating $macc model for $add$/teamspace/studios/this_studio/Melodica-Integration-into-Fife-Core/Learn_Bluespec_and_RISCV_Design/Code/Build/Fife/verilog/mkQuire.v:2701$864 ($add).
  creating $macc model for $add$/teamspace/studios/this_studio/Melodica-Integration-into-Fife-Core/Learn_Bluespec_and_RISCV_Design/Code/Build/Fife/verilog/mkQuire.v:2702$865 ($add).
  creating $macc model for $add$/teamspace/studios/this_studio/Melodica-Integration-into-Fife-Core/Learn_Bluespec_and_RISCV_Design/Code/Build/Fife/verilog/mkQuire.v:2703$866 ($add).
  creating $macc model for $add$/teamspace/studios/this_studio/Melodica-Integration-into-Fife-Core/Learn_Bluespec_and_RISCV_Design/Code/Build/Fife/verilog/mkQuire.v:2704$867 ($add).
  creating $macc model for $flatten\instance_fn_twosC_quire_0.$add$/teamspace/studios/this_studio/Melodica-Integration-into-Fife-Core/Learn_Bluespec_and_RISCV_Design/Code/Build/Fife/verilog/module_fn_twosC_quire.v:108$108 ($add).
  creating $macc model for $flatten\instance_fn_twosC_quire_0.$add$/teamspace/studios/this_studio/Melodica-Integration-into-Fife-Core/Learn_Bluespec_and_RISCV_Design/Code/Build/Fife/verilog/module_fn_twosC_quire.v:115$114 ($add).
  creating $macc model for $flatten\instance_fn_twosC_quire_0.$add$/teamspace/studios/this_studio/Melodica-Integration-into-Fife-Core/Learn_Bluespec_and_RISCV_Design/Code/Build/Fife/verilog/module_fn_twosC_quire.v:122$120 ($add).
  creating $macc model for $flatten\instance_fn_twosC_quire_0.$add$/teamspace/studios/this_studio/Melodica-Integration-into-Fife-Core/Learn_Bluespec_and_RISCV_Design/Code/Build/Fife/verilog/module_fn_twosC_quire.v:129$126 ($add).
  creating $macc model for $flatten\instance_fn_twosC_quire_0.$add$/teamspace/studios/this_studio/Melodica-Integration-into-Fife-Core/Learn_Bluespec_and_RISCV_Design/Code/Build/Fife/verilog/module_fn_twosC_quire.v:136$132 ($add).
  creating $macc model for $flatten\instance_fn_twosC_quire_0.$add$/teamspace/studios/this_studio/Melodica-Integration-into-Fife-Core/Learn_Bluespec_and_RISCV_Design/Code/Build/Fife/verilog/module_fn_twosC_quire.v:143$138 ($add).
  creating $macc model for $flatten\instance_fn_twosC_quire_0.$add$/teamspace/studios/this_studio/Melodica-Integration-into-Fife-Core/Learn_Bluespec_and_RISCV_Design/Code/Build/Fife/verilog/module_fn_twosC_quire.v:150$144 ($add).
  creating $macc model for $flatten\instance_fn_twosC_quire_0.$add$/teamspace/studios/this_studio/Melodica-Integration-into-Fife-Core/Learn_Bluespec_and_RISCV_Design/Code/Build/Fife/verilog/module_fn_twosC_quire.v:157$150 ($add).
  creating $macc model for $flatten\instance_fn_twosC_quire_0.$add$/teamspace/studios/this_studio/Melodica-Integration-into-Fife-Core/Learn_Bluespec_and_RISCV_Design/Code/Build/Fife/verilog/module_fn_twosC_quire.v:164$156 ($add).
  creating $macc model for $flatten\instance_fn_twosC_quire_0.$add$/teamspace/studios/this_studio/Melodica-Integration-into-Fife-Core/Learn_Bluespec_and_RISCV_Design/Code/Build/Fife/verilog/module_fn_twosC_quire.v:167$159 ($add).
  creating $macc model for $flatten\instance_fn_twosC_quire_0.$add$/teamspace/studios/this_studio/Melodica-Integration-into-Fife-Core/Learn_Bluespec_and_RISCV_Design/Code/Build/Fife/verilog/module_fn_twosC_quire.v:80$84 ($add).
  creating $macc model for $flatten\instance_fn_twosC_quire_0.$add$/teamspace/studios/this_studio/Melodica-Integration-into-Fife-Core/Learn_Bluespec_and_RISCV_Design/Code/Build/Fife/verilog/module_fn_twosC_quire.v:87$90 ($add).
  creating $macc model for $flatten\instance_fn_twosC_quire_0.$add$/teamspace/studios/this_studio/Melodica-Integration-into-Fife-Core/Learn_Bluespec_and_RISCV_Design/Code/Build/Fife/verilog/module_fn_twosC_quire.v:94$96 ($add).
  creating $macc model for $flatten\instance_fn_twosC_quire_1.$add$/teamspace/studios/this_studio/Melodica-Integration-into-Fife-Core/Learn_Bluespec_and_RISCV_Design/Code/Build/Fife/verilog/module_fn_twosC_quire.v:101$102 ($add).
  creating $macc model for $flatten\instance_fn_twosC_quire_1.$add$/teamspace/studios/this_studio/Melodica-Integration-into-Fife-Core/Learn_Bluespec_and_RISCV_Design/Code/Build/Fife/verilog/module_fn_twosC_quire.v:108$108 ($add).
  creating $macc model for $flatten\instance_fn_twosC_quire_1.$add$/teamspace/studios/this_studio/Melodica-Integration-into-Fife-Core/Learn_Bluespec_and_RISCV_Design/Code/Build/Fife/verilog/module_fn_twosC_quire.v:115$114 ($add).
  creating $macc model for $flatten\instance_fn_twosC_quire_1.$add$/teamspace/studios/this_studio/Melodica-Integration-into-Fife-Core/Learn_Bluespec_and_RISCV_Design/Code/Build/Fife/verilog/module_fn_twosC_quire.v:122$120 ($add).
  creating $macc model for $flatten\instance_fn_twosC_quire_1.$add$/teamspace/studios/this_studio/Melodica-Integration-into-Fife-Core/Learn_Bluespec_and_RISCV_Design/Code/Build/Fife/verilog/module_fn_twosC_quire.v:129$126 ($add).
  creating $macc model for $flatten\instance_fn_twosC_quire_1.$add$/teamspace/studios/this_studio/Melodica-Integration-into-Fife-Core/Learn_Bluespec_and_RISCV_Design/Code/Build/Fife/verilog/module_fn_twosC_quire.v:136$132 ($add).
  creating $macc model for $flatten\instance_fn_twosC_quire_1.$add$/teamspace/studios/this_studio/Melodica-Integration-into-Fife-Core/Learn_Bluespec_and_RISCV_Design/Code/Build/Fife/verilog/module_fn_twosC_quire.v:143$138 ($add).
  creating $macc model for $flatten\instance_fn_twosC_quire_1.$add$/teamspace/studios/this_studio/Melodica-Integration-into-Fife-Core/Learn_Bluespec_and_RISCV_Design/Code/Build/Fife/verilog/module_fn_twosC_quire.v:150$144 ($add).
  creating $macc model for $flatten\instance_fn_twosC_quire_1.$add$/teamspace/studios/this_studio/Melodica-Integration-into-Fife-Core/Learn_Bluespec_and_RISCV_Design/Code/Build/Fife/verilog/module_fn_twosC_quire.v:157$150 ($add).
  creating $macc model for $flatten\instance_fn_twosC_quire_1.$add$/teamspace/studios/this_studio/Melodica-Integration-into-Fife-Core/Learn_Bluespec_and_RISCV_Design/Code/Build/Fife/verilog/module_fn_twosC_quire.v:164$156 ($add).
  creating $macc model for $flatten\instance_fn_twosC_quire_1.$add$/teamspace/studios/this_studio/Melodica-Integration-into-Fife-Core/Learn_Bluespec_and_RISCV_Design/Code/Build/Fife/verilog/module_fn_twosC_quire.v:167$159 ($add).
  creating $macc model for $flatten\instance_fn_twosC_quire_1.$add$/teamspace/studios/this_studio/Melodica-Integration-into-Fife-Core/Learn_Bluespec_and_RISCV_Design/Code/Build/Fife/verilog/module_fn_twosC_quire.v:80$84 ($add).
  creating $macc model for $flatten\instance_fn_twosC_quire_1.$add$/teamspace/studios/this_studio/Melodica-Integration-into-Fife-Core/Learn_Bluespec_and_RISCV_Design/Code/Build/Fife/verilog/module_fn_twosC_quire.v:87$90 ($add).
  creating $macc model for $flatten\instance_fn_twosC_quire_1.$add$/teamspace/studios/this_studio/Melodica-Integration-into-Fife-Core/Learn_Bluespec_and_RISCV_Design/Code/Build/Fife/verilog/module_fn_twosC_quire.v:94$96 ($add).
  creating $macc model for $flatten\instance_fn_twosC_quire_2.$add$/teamspace/studios/this_studio/Melodica-Integration-into-Fife-Core/Learn_Bluespec_and_RISCV_Design/Code/Build/Fife/verilog/module_fn_twosC_quire.v:108$108 ($add).
  creating $macc model for $flatten\instance_fn_twosC_quire_2.$add$/teamspace/studios/this_studio/Melodica-Integration-into-Fife-Core/Learn_Bluespec_and_RISCV_Design/Code/Build/Fife/verilog/module_fn_twosC_quire.v:115$114 ($add).
  creating $macc model for $flatten\instance_fn_twosC_quire_2.$add$/teamspace/studios/this_studio/Melodica-Integration-into-Fife-Core/Learn_Bluespec_and_RISCV_Design/Code/Build/Fife/verilog/module_fn_twosC_quire.v:122$120 ($add).
  creating $macc model for $flatten\instance_fn_twosC_quire_2.$add$/teamspace/studios/this_studio/Melodica-Integration-into-Fife-Core/Learn_Bluespec_and_RISCV_Design/Code/Build/Fife/verilog/module_fn_twosC_quire.v:129$126 ($add).
  creating $macc model for $flatten\instance_fn_twosC_quire_2.$add$/teamspace/studios/this_studio/Melodica-Integration-into-Fife-Core/Learn_Bluespec_and_RISCV_Design/Code/Build/Fife/verilog/module_fn_twosC_quire.v:136$132 ($add).
  creating $macc model for $flatten\instance_fn_twosC_quire_2.$add$/teamspace/studios/this_studio/Melodica-Integration-into-Fife-Core/Learn_Bluespec_and_RISCV_Design/Code/Build/Fife/verilog/module_fn_twosC_quire.v:143$138 ($add).
  creating $macc model for $flatten\instance_fn_twosC_quire_2.$add$/teamspace/studios/this_studio/Melodica-Integration-into-Fife-Core/Learn_Bluespec_and_RISCV_Design/Code/Build/Fife/verilog/module_fn_twosC_quire.v:150$144 ($add).
  creating $macc model for $flatten\instance_fn_twosC_quire_2.$add$/teamspace/studios/this_studio/Melodica-Integration-into-Fife-Core/Learn_Bluespec_and_RISCV_Design/Code/Build/Fife/verilog/module_fn_twosC_quire.v:157$150 ($add).
  creating $macc model for $flatten\instance_fn_twosC_quire_2.$add$/teamspace/studios/this_studio/Melodica-Integration-into-Fife-Core/Learn_Bluespec_and_RISCV_Design/Code/Build/Fife/verilog/module_fn_twosC_quire.v:164$156 ($add).
  creating $macc model for $flatten\instance_fn_twosC_quire_2.$add$/teamspace/studios/this_studio/Melodica-Integration-into-Fife-Core/Learn_Bluespec_and_RISCV_Design/Code/Build/Fife/verilog/module_fn_twosC_quire.v:167$159 ($add).
  creating $macc model for $flatten\instance_fn_twosC_quire_2.$add$/teamspace/studios/this_studio/Melodica-Integration-into-Fife-Core/Learn_Bluespec_and_RISCV_Design/Code/Build/Fife/verilog/module_fn_twosC_quire.v:80$84 ($add).
  creating $macc model for $flatten\instance_fn_twosC_quire_2.$add$/teamspace/studios/this_studio/Melodica-Integration-into-Fife-Core/Learn_Bluespec_and_RISCV_Design/Code/Build/Fife/verilog/module_fn_twosC_quire.v:87$90 ($add).
  creating $macc model for $flatten\instance_fn_twosC_quire_2.$add$/teamspace/studios/this_studio/Melodica-Integration-into-Fife-Core/Learn_Bluespec_and_RISCV_Design/Code/Build/Fife/verilog/module_fn_twosC_quire.v:94$96 ($add).
  creating $macc model for $flatten\seg_adder_vff_carry_0.$add$/teamspace/studios/this_studio/Melodica-Integration-into-Fife-Core/bsc/lib/Verilog/SizedFIFO.v:75$1220 ($add).
  creating $macc model for $flatten\seg_adder_vff_carry_0.$add$/teamspace/studios/this_studio/Melodica-Integration-into-Fife-Core/bsc/lib/Verilog/SizedFIFO.v:76$1221 ($add).
  creating $macc model for $flatten\seg_adder_vff_carry_1.$add$/teamspace/studios/this_studio/Melodica-Integration-into-Fife-Core/bsc/lib/Verilog/SizedFIFO.v:75$1220 ($add).
  creating $macc model for $flatten\seg_adder_vff_carry_1.$add$/teamspace/studios/this_studio/Melodica-Integration-into-Fife-Core/bsc/lib/Verilog/SizedFIFO.v:76$1221 ($add).
  creating $macc model for $flatten\seg_adder_vff_carry_10.$add$/teamspace/studios/this_studio/Melodica-Integration-into-Fife-Core/bsc/lib/Verilog/SizedFIFO.v:75$1220 ($add).
  creating $macc model for $flatten\seg_adder_vff_carry_10.$add$/teamspace/studios/this_studio/Melodica-Integration-into-Fife-Core/bsc/lib/Verilog/SizedFIFO.v:76$1221 ($add).
  creating $macc model for $flatten\seg_adder_vff_carry_11.$add$/teamspace/studios/this_studio/Melodica-Integration-into-Fife-Core/bsc/lib/Verilog/SizedFIFO.v:75$1220 ($add).
  creating $macc model for $flatten\seg_adder_vff_carry_11.$add$/teamspace/studios/this_studio/Melodica-Integration-into-Fife-Core/bsc/lib/Verilog/SizedFIFO.v:76$1221 ($add).
  creating $macc model for $flatten\seg_adder_vff_carry_2.$add$/teamspace/studios/this_studio/Melodica-Integration-into-Fife-Core/bsc/lib/Verilog/SizedFIFO.v:75$1220 ($add).
  creating $macc model for $flatten\seg_adder_vff_carry_2.$add$/teamspace/studios/this_studio/Melodica-Integration-into-Fife-Core/bsc/lib/Verilog/SizedFIFO.v:76$1221 ($add).
  creating $macc model for $flatten\seg_adder_vff_carry_3.$add$/teamspace/studios/this_studio/Melodica-Integration-into-Fife-Core/bsc/lib/Verilog/SizedFIFO.v:75$1220 ($add).
  creating $macc model for $flatten\seg_adder_vff_carry_3.$add$/teamspace/studios/this_studio/Melodica-Integration-into-Fife-Core/bsc/lib/Verilog/SizedFIFO.v:76$1221 ($add).
  creating $macc model for $flatten\seg_adder_vff_carry_4.$add$/teamspace/studios/this_studio/Melodica-Integration-into-Fife-Core/bsc/lib/Verilog/SizedFIFO.v:75$1220 ($add).
  creating $macc model for $flatten\seg_adder_vff_carry_4.$add$/teamspace/studios/this_studio/Melodica-Integration-into-Fife-Core/bsc/lib/Verilog/SizedFIFO.v:76$1221 ($add).
  creating $macc model for $flatten\seg_adder_vff_carry_5.$add$/teamspace/studios/this_studio/Melodica-Integration-into-Fife-Core/bsc/lib/Verilog/SizedFIFO.v:75$1220 ($add).
  creating $macc model for $flatten\seg_adder_vff_carry_5.$add$/teamspace/studios/this_studio/Melodica-Integration-into-Fife-Core/bsc/lib/Verilog/SizedFIFO.v:76$1221 ($add).
  creating $macc model for $flatten\seg_adder_vff_carry_6.$add$/teamspace/studios/this_studio/Melodica-Integration-into-Fife-Core/bsc/lib/Verilog/SizedFIFO.v:75$1220 ($add).
  creating $macc model for $flatten\seg_adder_vff_carry_6.$add$/teamspace/studios/this_studio/Melodica-Integration-into-Fife-Core/bsc/lib/Verilog/SizedFIFO.v:76$1221 ($add).
  creating $macc model for $flatten\seg_adder_vff_carry_7.$add$/teamspace/studios/this_studio/Melodica-Integration-into-Fife-Core/bsc/lib/Verilog/SizedFIFO.v:75$1220 ($add).
  creating $macc model for $flatten\seg_adder_vff_carry_7.$add$/teamspace/studios/this_studio/Melodica-Integration-into-Fife-Core/bsc/lib/Verilog/SizedFIFO.v:76$1221 ($add).
  creating $macc model for $flatten\seg_adder_vff_carry_8.$add$/teamspace/studios/this_studio/Melodica-Integration-into-Fife-Core/bsc/lib/Verilog/SizedFIFO.v:75$1220 ($add).
  creating $macc model for $flatten\seg_adder_vff_carry_8.$add$/teamspace/studios/this_studio/Melodica-Integration-into-Fife-Core/bsc/lib/Verilog/SizedFIFO.v:76$1221 ($add).
  creating $macc model for $flatten\seg_adder_vff_carry_9.$add$/teamspace/studios/this_studio/Melodica-Integration-into-Fife-Core/bsc/lib/Verilog/SizedFIFO.v:75$1220 ($add).
  creating $macc model for $flatten\seg_adder_vff_carry_9.$add$/teamspace/studios/this_studio/Melodica-Integration-into-Fife-Core/bsc/lib/Verilog/SizedFIFO.v:76$1221 ($add).
  creating $macc model for $flatten\seg_adder_vff_in_0.$add$/teamspace/studios/this_studio/Melodica-Integration-into-Fife-Core/bsc/lib/Verilog/SizedFIFO.v:75$1189 ($add).
  creating $macc model for $flatten\seg_adder_vff_in_0.$add$/teamspace/studios/this_studio/Melodica-Integration-into-Fife-Core/bsc/lib/Verilog/SizedFIFO.v:76$1190 ($add).
  creating $macc model for $flatten\seg_adder_vff_in_1.$add$/teamspace/studios/this_studio/Melodica-Integration-into-Fife-Core/bsc/lib/Verilog/SizedFIFO.v:75$1189 ($add).
  creating $macc model for $flatten\seg_adder_vff_in_1.$add$/teamspace/studios/this_studio/Melodica-Integration-into-Fife-Core/bsc/lib/Verilog/SizedFIFO.v:76$1190 ($add).
  creating $macc model for $flatten\seg_adder_vff_in_10.$add$/teamspace/studios/this_studio/Melodica-Integration-into-Fife-Core/bsc/lib/Verilog/SizedFIFO.v:75$1189 ($add).
  creating $macc model for $flatten\seg_adder_vff_in_10.$add$/teamspace/studios/this_studio/Melodica-Integration-into-Fife-Core/bsc/lib/Verilog/SizedFIFO.v:76$1190 ($add).
  creating $macc model for $flatten\seg_adder_vff_in_11.$add$/teamspace/studios/this_studio/Melodica-Integration-into-Fife-Core/bsc/lib/Verilog/SizedFIFO.v:75$1189 ($add).
  creating $macc model for $flatten\seg_adder_vff_in_11.$add$/teamspace/studios/this_studio/Melodica-Integration-into-Fife-Core/bsc/lib/Verilog/SizedFIFO.v:76$1190 ($add).
  creating $macc model for $flatten\seg_adder_vff_in_12.$add$/teamspace/studios/this_studio/Melodica-Integration-into-Fife-Core/bsc/lib/Verilog/SizedFIFO.v:75$1189 ($add).
  creating $macc model for $flatten\seg_adder_vff_in_12.$add$/teamspace/studios/this_studio/Melodica-Integration-into-Fife-Core/bsc/lib/Verilog/SizedFIFO.v:76$1190 ($add).
  creating $macc model for $flatten\seg_adder_vff_in_2.$add$/teamspace/studios/this_studio/Melodica-Integration-into-Fife-Core/bsc/lib/Verilog/SizedFIFO.v:75$1189 ($add).
  creating $macc model for $flatten\seg_adder_vff_in_2.$add$/teamspace/studios/this_studio/Melodica-Integration-into-Fife-Core/bsc/lib/Verilog/SizedFIFO.v:76$1190 ($add).
  creating $macc model for $flatten\seg_adder_vff_in_3.$add$/teamspace/studios/this_studio/Melodica-Integration-into-Fife-Core/bsc/lib/Verilog/SizedFIFO.v:75$1189 ($add).
  creating $macc model for $flatten\seg_adder_vff_in_3.$add$/teamspace/studios/this_studio/Melodica-Integration-into-Fife-Core/bsc/lib/Verilog/SizedFIFO.v:76$1190 ($add).
  creating $macc model for $flatten\seg_adder_vff_in_4.$add$/teamspace/studios/this_studio/Melodica-Integration-into-Fife-Core/bsc/lib/Verilog/SizedFIFO.v:75$1189 ($add).
  creating $macc model for $flatten\seg_adder_vff_in_4.$add$/teamspace/studios/this_studio/Melodica-Integration-into-Fife-Core/bsc/lib/Verilog/SizedFIFO.v:76$1190 ($add).
  creating $macc model for $flatten\seg_adder_vff_in_5.$add$/teamspace/studios/this_studio/Melodica-Integration-into-Fife-Core/bsc/lib/Verilog/SizedFIFO.v:75$1189 ($add).
  creating $macc model for $flatten\seg_adder_vff_in_5.$add$/teamspace/studios/this_studio/Melodica-Integration-into-Fife-Core/bsc/lib/Verilog/SizedFIFO.v:76$1190 ($add).
  creating $macc model for $flatten\seg_adder_vff_in_6.$add$/teamspace/studios/this_studio/Melodica-Integration-into-Fife-Core/bsc/lib/Verilog/SizedFIFO.v:75$1189 ($add).
  creating $macc model for $flatten\seg_adder_vff_in_6.$add$/teamspace/studios/this_studio/Melodica-Integration-into-Fife-Core/bsc/lib/Verilog/SizedFIFO.v:76$1190 ($add).
  creating $macc model for $flatten\seg_adder_vff_in_7.$add$/teamspace/studios/this_studio/Melodica-Integration-into-Fife-Core/bsc/lib/Verilog/SizedFIFO.v:75$1189 ($add).
  creating $macc model for $flatten\seg_adder_vff_in_7.$add$/teamspace/studios/this_studio/Melodica-Integration-into-Fife-Core/bsc/lib/Verilog/SizedFIFO.v:76$1190 ($add).
  creating $macc model for $flatten\seg_adder_vff_in_8.$add$/teamspace/studios/this_studio/Melodica-Integration-into-Fife-Core/bsc/lib/Verilog/SizedFIFO.v:75$1189 ($add).
  creating $macc model for $flatten\seg_adder_vff_in_8.$add$/teamspace/studios/this_studio/Melodica-Integration-into-Fife-Core/bsc/lib/Verilog/SizedFIFO.v:76$1190 ($add).
  creating $macc model for $flatten\seg_adder_vff_in_9.$add$/teamspace/studios/this_studio/Melodica-Integration-into-Fife-Core/bsc/lib/Verilog/SizedFIFO.v:75$1189 ($add).
  creating $macc model for $flatten\seg_adder_vff_in_9.$add$/teamspace/studios/this_studio/Melodica-Integration-into-Fife-Core/bsc/lib/Verilog/SizedFIFO.v:76$1190 ($add).
  creating $macc model for $neg$/teamspace/studios/this_studio/Melodica-Integration-into-Fife-Core/Learn_Bluespec_and_RISCV_Design/Code/Build/Fife/verilog/mkQuire.v:2691$855 ($neg).
  creating $macc model for $sub$/teamspace/studios/this_studio/Melodica-Integration-into-Fife-Core/Learn_Bluespec_and_RISCV_Design/Code/Build/Fife/verilog/mkQuire.v:1252$289 ($sub).
  creating $macc model for $sub$/teamspace/studios/this_studio/Melodica-Integration-into-Fife-Core/Learn_Bluespec_and_RISCV_Design/Code/Build/Fife/verilog/mkQuire.v:2053$681 ($sub).
  creating $macc model for $sub$/teamspace/studios/this_studio/Melodica-Integration-into-Fife-Core/Learn_Bluespec_and_RISCV_Design/Code/Build/Fife/verilog/mkQuire.v:2436$773 ($sub).
  merging $macc model for $add$/teamspace/studios/this_studio/Melodica-Integration-into-Fife-Core/Learn_Bluespec_and_RISCV_Design/Code/Build/Fife/verilog/mkQuire.v:2510$790 into $sub$/teamspace/studios/this_studio/Melodica-Integration-into-Fife-Core/Learn_Bluespec_and_RISCV_Design/Code/Build/Fife/verilog/mkQuire.v:2053$681.
  merging $macc model for $add$/teamspace/studios/this_studio/Melodica-Integration-into-Fife-Core/Learn_Bluespec_and_RISCV_Design/Code/Build/Fife/verilog/mkQuire.v:2704$867 into $add$/teamspace/studios/this_studio/Melodica-Integration-into-Fife-Core/Learn_Bluespec_and_RISCV_Design/Code/Build/Fife/verilog/mkQuire.v:2479$787.
  merging $macc model for $add$/teamspace/studios/this_studio/Melodica-Integration-into-Fife-Core/Learn_Bluespec_and_RISCV_Design/Code/Build/Fife/verilog/mkQuire.v:2703$866 into $add$/teamspace/studios/this_studio/Melodica-Integration-into-Fife-Core/Learn_Bluespec_and_RISCV_Design/Code/Build/Fife/verilog/mkQuire.v:2477$786.
  merging $macc model for $add$/teamspace/studios/this_studio/Melodica-Integration-into-Fife-Core/Learn_Bluespec_and_RISCV_Design/Code/Build/Fife/verilog/mkQuire.v:2702$865 into $add$/teamspace/studios/this_studio/Melodica-Integration-into-Fife-Core/Learn_Bluespec_and_RISCV_Design/Code/Build/Fife/verilog/mkQuire.v:2475$785.
  merging $macc model for $add$/teamspace/studios/this_studio/Melodica-Integration-into-Fife-Core/Learn_Bluespec_and_RISCV_Design/Code/Build/Fife/verilog/mkQuire.v:2701$864 into $add$/teamspace/studios/this_studio/Melodica-Integration-into-Fife-Core/Learn_Bluespec_and_RISCV_Design/Code/Build/Fife/verilog/mkQuire.v:2473$784.
  merging $macc model for $add$/teamspace/studios/this_studio/Melodica-Integration-into-Fife-Core/Learn_Bluespec_and_RISCV_Design/Code/Build/Fife/verilog/mkQuire.v:2700$863 into $add$/teamspace/studios/this_studio/Melodica-Integration-into-Fife-Core/Learn_Bluespec_and_RISCV_Design/Code/Build/Fife/verilog/mkQuire.v:2471$783.
  merging $macc model for $add$/teamspace/studios/this_studio/Melodica-Integration-into-Fife-Core/Learn_Bluespec_and_RISCV_Design/Code/Build/Fife/verilog/mkQuire.v:2699$862 into $add$/teamspace/studios/this_studio/Melodica-Integration-into-Fife-Core/Learn_Bluespec_and_RISCV_Design/Code/Build/Fife/verilog/mkQuire.v:2469$782.
  merging $macc model for $add$/teamspace/studios/this_studio/Melodica-Integration-into-Fife-Core/Learn_Bluespec_and_RISCV_Design/Code/Build/Fife/verilog/mkQuire.v:2698$861 into $add$/teamspace/studios/this_studio/Melodica-Integration-into-Fife-Core/Learn_Bluespec_and_RISCV_Design/Code/Build/Fife/verilog/mkQuire.v:2467$781.
  merging $macc model for $add$/teamspace/studios/this_studio/Melodica-Integration-into-Fife-Core/Learn_Bluespec_and_RISCV_Design/Code/Build/Fife/verilog/mkQuire.v:2614$815 into $add$/teamspace/studios/this_studio/Melodica-Integration-into-Fife-Core/Learn_Bluespec_and_RISCV_Design/Code/Build/Fife/verilog/mkQuire.v:2463$779.
  merging $macc model for $add$/teamspace/studios/this_studio/Melodica-Integration-into-Fife-Core/Learn_Bluespec_and_RISCV_Design/Code/Build/Fife/verilog/mkQuire.v:2613$814 into $add$/teamspace/studios/this_studio/Melodica-Integration-into-Fife-Core/Learn_Bluespec_and_RISCV_Design/Code/Build/Fife/verilog/mkQuire.v:2461$778.
  merging $macc model for $add$/teamspace/studios/this_studio/Melodica-Integration-into-Fife-Core/Learn_Bluespec_and_RISCV_Design/Code/Build/Fife/verilog/mkQuire.v:2612$813 into $add$/teamspace/studios/this_studio/Melodica-Integration-into-Fife-Core/Learn_Bluespec_and_RISCV_Design/Code/Build/Fife/verilog/mkQuire.v:2459$777.
  merging $macc model for $add$/teamspace/studios/this_studio/Melodica-Integration-into-Fife-Core/Learn_Bluespec_and_RISCV_Design/Code/Build/Fife/verilog/mkQuire.v:2611$812 into $add$/teamspace/studios/this_studio/Melodica-Integration-into-Fife-Core/Learn_Bluespec_and_RISCV_Design/Code/Build/Fife/verilog/mkQuire.v:2457$776.
  merging $macc model for $add$/teamspace/studios/this_studio/Melodica-Integration-into-Fife-Core/Learn_Bluespec_and_RISCV_Design/Code/Build/Fife/verilog/mkQuire.v:2610$811 into $add$/teamspace/studios/this_studio/Melodica-Integration-into-Fife-Core/Learn_Bluespec_and_RISCV_Design/Code/Build/Fife/verilog/mkQuire.v:2455$775.
  creating $alu model for $macc $flatten\seg_adder_vff_in_5.$add$/teamspace/studios/this_studio/Melodica-Integration-into-Fife-Core/bsc/lib/Verilog/SizedFIFO.v:75$1189.
  creating $alu model for $macc $flatten\seg_adder_vff_in_4.$add$/teamspace/studios/this_studio/Melodica-Integration-into-Fife-Core/bsc/lib/Verilog/SizedFIFO.v:76$1190.
  creating $alu model for $macc $flatten\seg_adder_vff_in_4.$add$/teamspace/studios/this_studio/Melodica-Integration-into-Fife-Core/bsc/lib/Verilog/SizedFIFO.v:75$1189.
  creating $alu model for $macc $flatten\seg_adder_vff_in_3.$add$/teamspace/studios/this_studio/Melodica-Integration-into-Fife-Core/bsc/lib/Verilog/SizedFIFO.v:76$1190.
  creating $alu model for $macc $flatten\seg_adder_vff_in_3.$add$/teamspace/studios/this_studio/Melodica-Integration-into-Fife-Core/bsc/lib/Verilog/SizedFIFO.v:75$1189.
  creating $alu model for $macc $flatten\seg_adder_vff_in_2.$add$/teamspace/studios/this_studio/Melodica-Integration-into-Fife-Core/bsc/lib/Verilog/SizedFIFO.v:76$1190.
  creating $alu model for $macc $flatten\seg_adder_vff_in_2.$add$/teamspace/studios/this_studio/Melodica-Integration-into-Fife-Core/bsc/lib/Verilog/SizedFIFO.v:75$1189.
  creating $alu model for $macc $flatten\seg_adder_vff_in_12.$add$/teamspace/studios/this_studio/Melodica-Integration-into-Fife-Core/bsc/lib/Verilog/SizedFIFO.v:76$1190.
  creating $alu model for $macc $flatten\seg_adder_vff_in_12.$add$/teamspace/studios/this_studio/Melodica-Integration-into-Fife-Core/bsc/lib/Verilog/SizedFIFO.v:75$1189.
  creating $alu model for $macc $flatten\seg_adder_vff_in_11.$add$/teamspace/studios/this_studio/Melodica-Integration-into-Fife-Core/bsc/lib/Verilog/SizedFIFO.v:76$1190.
  creating $alu model for $macc $flatten\seg_adder_vff_in_11.$add$/teamspace/studios/this_studio/Melodica-Integration-into-Fife-Core/bsc/lib/Verilog/SizedFIFO.v:75$1189.
  creating $alu model for $macc $flatten\seg_adder_vff_in_10.$add$/teamspace/studios/this_studio/Melodica-Integration-into-Fife-Core/bsc/lib/Verilog/SizedFIFO.v:76$1190.
  creating $alu model for $macc $flatten\seg_adder_vff_in_10.$add$/teamspace/studios/this_studio/Melodica-Integration-into-Fife-Core/bsc/lib/Verilog/SizedFIFO.v:75$1189.
  creating $alu model for $macc $flatten\seg_adder_vff_in_1.$add$/teamspace/studios/this_studio/Melodica-Integration-into-Fife-Core/bsc/lib/Verilog/SizedFIFO.v:76$1190.
  creating $alu model for $macc $flatten\seg_adder_vff_in_1.$add$/teamspace/studios/this_studio/Melodica-Integration-into-Fife-Core/bsc/lib/Verilog/SizedFIFO.v:75$1189.
  creating $alu model for $macc $flatten\seg_adder_vff_in_0.$add$/teamspace/studios/this_studio/Melodica-Integration-into-Fife-Core/bsc/lib/Verilog/SizedFIFO.v:76$1190.
  creating $alu model for $macc $flatten\seg_adder_vff_in_0.$add$/teamspace/studios/this_studio/Melodica-Integration-into-Fife-Core/bsc/lib/Verilog/SizedFIFO.v:75$1189.
  creating $alu model for $macc $flatten\seg_adder_vff_carry_9.$add$/teamspace/studios/this_studio/Melodica-Integration-into-Fife-Core/bsc/lib/Verilog/SizedFIFO.v:76$1221.
  creating $alu model for $macc $flatten\seg_adder_vff_carry_9.$add$/teamspace/studios/this_studio/Melodica-Integration-into-Fife-Core/bsc/lib/Verilog/SizedFIFO.v:75$1220.
  creating $alu model for $macc $flatten\seg_adder_vff_carry_8.$add$/teamspace/studios/this_studio/Melodica-Integration-into-Fife-Core/bsc/lib/Verilog/SizedFIFO.v:76$1221.
  creating $alu model for $macc $flatten\seg_adder_vff_carry_8.$add$/teamspace/studios/this_studio/Melodica-Integration-into-Fife-Core/bsc/lib/Verilog/SizedFIFO.v:75$1220.
  creating $alu model for $macc $flatten\seg_adder_vff_carry_7.$add$/teamspace/studios/this_studio/Melodica-Integration-into-Fife-Core/bsc/lib/Verilog/SizedFIFO.v:76$1221.
  creating $alu model for $macc $flatten\seg_adder_vff_carry_7.$add$/teamspace/studios/this_studio/Melodica-Integration-into-Fife-Core/bsc/lib/Verilog/SizedFIFO.v:75$1220.
  creating $alu model for $macc $flatten\seg_adder_vff_carry_6.$add$/teamspace/studios/this_studio/Melodica-Integration-into-Fife-Core/bsc/lib/Verilog/SizedFIFO.v:76$1221.
  creating $alu model for $macc $flatten\seg_adder_vff_carry_6.$add$/teamspace/studios/this_studio/Melodica-Integration-into-Fife-Core/bsc/lib/Verilog/SizedFIFO.v:75$1220.
  creating $alu model for $macc $flatten\seg_adder_vff_carry_5.$add$/teamspace/studios/this_studio/Melodica-Integration-into-Fife-Core/bsc/lib/Verilog/SizedFIFO.v:76$1221.
  creating $alu model for $macc $flatten\seg_adder_vff_carry_5.$add$/teamspace/studios/this_studio/Melodica-Integration-into-Fife-Core/bsc/lib/Verilog/SizedFIFO.v:75$1220.
  creating $alu model for $macc $flatten\seg_adder_vff_carry_4.$add$/teamspace/studios/this_studio/Melodica-Integration-into-Fife-Core/bsc/lib/Verilog/SizedFIFO.v:76$1221.
  creating $alu model for $macc $flatten\seg_adder_vff_carry_4.$add$/teamspace/studios/this_studio/Melodica-Integration-into-Fife-Core/bsc/lib/Verilog/SizedFIFO.v:75$1220.
  creating $alu model for $macc $flatten\seg_adder_vff_carry_3.$add$/teamspace/studios/this_studio/Melodica-Integration-into-Fife-Core/bsc/lib/Verilog/SizedFIFO.v:76$1221.
  creating $alu model for $macc $flatten\seg_adder_vff_carry_3.$add$/teamspace/studios/this_studio/Melodica-Integration-into-Fife-Core/bsc/lib/Verilog/SizedFIFO.v:75$1220.
  creating $alu model for $macc $flatten\seg_adder_vff_carry_2.$add$/teamspace/studios/this_studio/Melodica-Integration-into-Fife-Core/bsc/lib/Verilog/SizedFIFO.v:76$1221.
  creating $alu model for $macc $flatten\seg_adder_vff_carry_2.$add$/teamspace/studios/this_studio/Melodica-Integration-into-Fife-Core/bsc/lib/Verilog/SizedFIFO.v:75$1220.
  creating $alu model for $macc $flatten\seg_adder_vff_carry_11.$add$/teamspace/studios/this_studio/Melodica-Integration-into-Fife-Core/bsc/lib/Verilog/SizedFIFO.v:76$1221.
  creating $alu model for $macc $flatten\seg_adder_vff_carry_11.$add$/teamspace/studios/this_studio/Melodica-Integration-into-Fife-Core/bsc/lib/Verilog/SizedFIFO.v:75$1220.
  creating $alu model for $macc $flatten\seg_adder_vff_carry_10.$add$/teamspace/studios/this_studio/Melodica-Integration-into-Fife-Core/bsc/lib/Verilog/SizedFIFO.v:76$1221.
  creating $alu model for $macc $flatten\seg_adder_vff_carry_10.$add$/teamspace/studios/this_studio/Melodica-Integration-into-Fife-Core/bsc/lib/Verilog/SizedFIFO.v:75$1220.
  creating $alu model for $macc $flatten\seg_adder_vff_carry_1.$add$/teamspace/studios/this_studio/Melodica-Integration-into-Fife-Core/bsc/lib/Verilog/SizedFIFO.v:76$1221.
  creating $alu model for $macc $flatten\seg_adder_vff_carry_1.$add$/teamspace/studios/this_studio/Melodica-Integration-into-Fife-Core/bsc/lib/Verilog/SizedFIFO.v:75$1220.
  creating $alu model for $macc $flatten\seg_adder_vff_carry_0.$add$/teamspace/studios/this_studio/Melodica-Integration-into-Fife-Core/bsc/lib/Verilog/SizedFIFO.v:76$1221.
  creating $alu model for $macc $flatten\seg_adder_vff_carry_0.$add$/teamspace/studios/this_studio/Melodica-Integration-into-Fife-Core/bsc/lib/Verilog/SizedFIFO.v:75$1220.
  creating $alu model for $macc $flatten\instance_fn_twosC_quire_2.$add$/teamspace/studios/this_studio/Melodica-Integration-into-Fife-Core/Learn_Bluespec_and_RISCV_Design/Code/Build/Fife/verilog/module_fn_twosC_quire.v:94$96.
  creating $alu model for $macc $flatten\instance_fn_twosC_quire_2.$add$/teamspace/studios/this_studio/Melodica-Integration-into-Fife-Core/Learn_Bluespec_and_RISCV_Design/Code/Build/Fife/verilog/module_fn_twosC_quire.v:87$90.
  creating $alu model for $macc $flatten\instance_fn_twosC_quire_2.$add$/teamspace/studios/this_studio/Melodica-Integration-into-Fife-Core/Learn_Bluespec_and_RISCV_Design/Code/Build/Fife/verilog/module_fn_twosC_quire.v:80$84.
  creating $alu model for $macc $flatten\instance_fn_twosC_quire_2.$add$/teamspace/studios/this_studio/Melodica-Integration-into-Fife-Core/Learn_Bluespec_and_RISCV_Design/Code/Build/Fife/verilog/module_fn_twosC_quire.v:167$159.
  creating $alu model for $macc $flatten\instance_fn_twosC_quire_2.$add$/teamspace/studios/this_studio/Melodica-Integration-into-Fife-Core/Learn_Bluespec_and_RISCV_Design/Code/Build/Fife/verilog/module_fn_twosC_quire.v:164$156.
  creating $alu model for $macc $flatten\instance_fn_twosC_quire_2.$add$/teamspace/studios/this_studio/Melodica-Integration-into-Fife-Core/Learn_Bluespec_and_RISCV_Design/Code/Build/Fife/verilog/module_fn_twosC_quire.v:157$150.
  creating $alu model for $macc $flatten\instance_fn_twosC_quire_2.$add$/teamspace/studios/this_studio/Melodica-Integration-into-Fife-Core/Learn_Bluespec_and_RISCV_Design/Code/Build/Fife/verilog/module_fn_twosC_quire.v:150$144.
  creating $alu model for $macc $flatten\instance_fn_twosC_quire_2.$add$/teamspace/studios/this_studio/Melodica-Integration-into-Fife-Core/Learn_Bluespec_and_RISCV_Design/Code/Build/Fife/verilog/module_fn_twosC_quire.v:143$138.
  creating $alu model for $macc $flatten\instance_fn_twosC_quire_2.$add$/teamspace/studios/this_studio/Melodica-Integration-into-Fife-Core/Learn_Bluespec_and_RISCV_Design/Code/Build/Fife/verilog/module_fn_twosC_quire.v:136$132.
  creating $alu model for $macc $flatten\instance_fn_twosC_quire_2.$add$/teamspace/studios/this_studio/Melodica-Integration-into-Fife-Core/Learn_Bluespec_and_RISCV_Design/Code/Build/Fife/verilog/module_fn_twosC_quire.v:129$126.
  creating $alu model for $macc $flatten\instance_fn_twosC_quire_2.$add$/teamspace/studios/this_studio/Melodica-Integration-into-Fife-Core/Learn_Bluespec_and_RISCV_Design/Code/Build/Fife/verilog/module_fn_twosC_quire.v:122$120.
  creating $alu model for $macc $flatten\instance_fn_twosC_quire_2.$add$/teamspace/studios/this_studio/Melodica-Integration-into-Fife-Core/Learn_Bluespec_and_RISCV_Design/Code/Build/Fife/verilog/module_fn_twosC_quire.v:115$114.
  creating $alu model for $macc $flatten\instance_fn_twosC_quire_2.$add$/teamspace/studios/this_studio/Melodica-Integration-into-Fife-Core/Learn_Bluespec_and_RISCV_Design/Code/Build/Fife/verilog/module_fn_twosC_quire.v:108$108.
  creating $alu model for $macc $flatten\instance_fn_twosC_quire_1.$add$/teamspace/studios/this_studio/Melodica-Integration-into-Fife-Core/Learn_Bluespec_and_RISCV_Design/Code/Build/Fife/verilog/module_fn_twosC_quire.v:94$96.
  creating $alu model for $macc $flatten\instance_fn_twosC_quire_1.$add$/teamspace/studios/this_studio/Melodica-Integration-into-Fife-Core/Learn_Bluespec_and_RISCV_Design/Code/Build/Fife/verilog/module_fn_twosC_quire.v:87$90.
  creating $alu model for $macc $flatten\instance_fn_twosC_quire_1.$add$/teamspace/studios/this_studio/Melodica-Integration-into-Fife-Core/Learn_Bluespec_and_RISCV_Design/Code/Build/Fife/verilog/module_fn_twosC_quire.v:80$84.
  creating $alu model for $macc $flatten\instance_fn_twosC_quire_1.$add$/teamspace/studios/this_studio/Melodica-Integration-into-Fife-Core/Learn_Bluespec_and_RISCV_Design/Code/Build/Fife/verilog/module_fn_twosC_quire.v:167$159.
  creating $alu model for $macc $flatten\instance_fn_twosC_quire_1.$add$/teamspace/studios/this_studio/Melodica-Integration-into-Fife-Core/Learn_Bluespec_and_RISCV_Design/Code/Build/Fife/verilog/module_fn_twosC_quire.v:164$156.
  creating $alu model for $macc $flatten\instance_fn_twosC_quire_1.$add$/teamspace/studios/this_studio/Melodica-Integration-into-Fife-Core/Learn_Bluespec_and_RISCV_Design/Code/Build/Fife/verilog/module_fn_twosC_quire.v:157$150.
  creating $alu model for $macc $flatten\instance_fn_twosC_quire_1.$add$/teamspace/studios/this_studio/Melodica-Integration-into-Fife-Core/Learn_Bluespec_and_RISCV_Design/Code/Build/Fife/verilog/module_fn_twosC_quire.v:150$144.
  creating $alu model for $macc $flatten\instance_fn_twosC_quire_1.$add$/teamspace/studios/this_studio/Melodica-Integration-into-Fife-Core/Learn_Bluespec_and_RISCV_Design/Code/Build/Fife/verilog/module_fn_twosC_quire.v:143$138.
  creating $alu model for $macc $flatten\instance_fn_twosC_quire_1.$add$/teamspace/studios/this_studio/Melodica-Integration-into-Fife-Core/Learn_Bluespec_and_RISCV_Design/Code/Build/Fife/verilog/module_fn_twosC_quire.v:136$132.
  creating $alu model for $macc $flatten\instance_fn_twosC_quire_1.$add$/teamspace/studios/this_studio/Melodica-Integration-into-Fife-Core/Learn_Bluespec_and_RISCV_Design/Code/Build/Fife/verilog/module_fn_twosC_quire.v:129$126.
  creating $alu model for $macc $flatten\instance_fn_twosC_quire_1.$add$/teamspace/studios/this_studio/Melodica-Integration-into-Fife-Core/Learn_Bluespec_and_RISCV_Design/Code/Build/Fife/verilog/module_fn_twosC_quire.v:122$120.
  creating $alu model for $macc $flatten\instance_fn_twosC_quire_1.$add$/teamspace/studios/this_studio/Melodica-Integration-into-Fife-Core/Learn_Bluespec_and_RISCV_Design/Code/Build/Fife/verilog/module_fn_twosC_quire.v:115$114.
  creating $alu model for $macc $flatten\instance_fn_twosC_quire_1.$add$/teamspace/studios/this_studio/Melodica-Integration-into-Fife-Core/Learn_Bluespec_and_RISCV_Design/Code/Build/Fife/verilog/module_fn_twosC_quire.v:108$108.
  creating $alu model for $macc $flatten\instance_fn_twosC_quire_1.$add$/teamspace/studios/this_studio/Melodica-Integration-into-Fife-Core/Learn_Bluespec_and_RISCV_Design/Code/Build/Fife/verilog/module_fn_twosC_quire.v:101$102.
  creating $alu model for $macc $flatten\instance_fn_twosC_quire_0.$add$/teamspace/studios/this_studio/Melodica-Integration-into-Fife-Core/Learn_Bluespec_and_RISCV_Design/Code/Build/Fife/verilog/module_fn_twosC_quire.v:94$96.
  creating $alu model for $macc $flatten\instance_fn_twosC_quire_0.$add$/teamspace/studios/this_studio/Melodica-Integration-into-Fife-Core/Learn_Bluespec_and_RISCV_Design/Code/Build/Fife/verilog/module_fn_twosC_quire.v:87$90.
  creating $alu model for $macc $flatten\instance_fn_twosC_quire_0.$add$/teamspace/studios/this_studio/Melodica-Integration-into-Fife-Core/Learn_Bluespec_and_RISCV_Design/Code/Build/Fife/verilog/module_fn_twosC_quire.v:80$84.
  creating $alu model for $macc $flatten\instance_fn_twosC_quire_0.$add$/teamspace/studios/this_studio/Melodica-Integration-into-Fife-Core/Learn_Bluespec_and_RISCV_Design/Code/Build/Fife/verilog/module_fn_twosC_quire.v:167$159.
  creating $alu model for $macc $flatten\instance_fn_twosC_quire_0.$add$/teamspace/studios/this_studio/Melodica-Integration-into-Fife-Core/Learn_Bluespec_and_RISCV_Design/Code/Build/Fife/verilog/module_fn_twosC_quire.v:164$156.
  creating $alu model for $macc $flatten\instance_fn_twosC_quire_0.$add$/teamspace/studios/this_studio/Melodica-Integration-into-Fife-Core/Learn_Bluespec_and_RISCV_Design/Code/Build/Fife/verilog/module_fn_twosC_quire.v:157$150.
  creating $alu model for $macc $flatten\instance_fn_twosC_quire_0.$add$/teamspace/studios/this_studio/Melodica-Integration-into-Fife-Core/Learn_Bluespec_and_RISCV_Design/Code/Build/Fife/verilog/module_fn_twosC_quire.v:150$144.
  creating $alu model for $macc $flatten\instance_fn_twosC_quire_0.$add$/teamspace/studios/this_studio/Melodica-Integration-into-Fife-Core/Learn_Bluespec_and_RISCV_Design/Code/Build/Fife/verilog/module_fn_twosC_quire.v:143$138.
  creating $alu model for $macc $flatten\instance_fn_twosC_quire_0.$add$/teamspace/studios/this_studio/Melodica-Integration-into-Fife-Core/Learn_Bluespec_and_RISCV_Design/Code/Build/Fife/verilog/module_fn_twosC_quire.v:136$132.
  creating $alu model for $macc $flatten\instance_fn_twosC_quire_0.$add$/teamspace/studios/this_studio/Melodica-Integration-into-Fife-Core/Learn_Bluespec_and_RISCV_Design/Code/Build/Fife/verilog/module_fn_twosC_quire.v:129$126.
  creating $alu model for $macc $flatten\instance_fn_twosC_quire_0.$add$/teamspace/studios/this_studio/Melodica-Integration-into-Fife-Core/Learn_Bluespec_and_RISCV_Design/Code/Build/Fife/verilog/module_fn_twosC_quire.v:122$120.
  creating $alu model for $macc $flatten\instance_fn_twosC_quire_0.$add$/teamspace/studios/this_studio/Melodica-Integration-into-Fife-Core/Learn_Bluespec_and_RISCV_Design/Code/Build/Fife/verilog/module_fn_twosC_quire.v:115$114.
  creating $alu model for $macc $flatten\instance_fn_twosC_quire_0.$add$/teamspace/studios/this_studio/Melodica-Integration-into-Fife-Core/Learn_Bluespec_and_RISCV_Design/Code/Build/Fife/verilog/module_fn_twosC_quire.v:108$108.
  creating $alu model for $macc $flatten\seg_adder_vff_in_6.$add$/teamspace/studios/this_studio/Melodica-Integration-into-Fife-Core/bsc/lib/Verilog/SizedFIFO.v:75$1189.
  creating $alu model for $macc $flatten\seg_adder_vff_in_6.$add$/teamspace/studios/this_studio/Melodica-Integration-into-Fife-Core/bsc/lib/Verilog/SizedFIFO.v:76$1190.
  creating $alu model for $macc $flatten\seg_adder_vff_in_7.$add$/teamspace/studios/this_studio/Melodica-Integration-into-Fife-Core/bsc/lib/Verilog/SizedFIFO.v:75$1189.
  creating $alu model for $macc $flatten\seg_adder_vff_in_7.$add$/teamspace/studios/this_studio/Melodica-Integration-into-Fife-Core/bsc/lib/Verilog/SizedFIFO.v:76$1190.
  creating $alu model for $macc $flatten\seg_adder_vff_in_8.$add$/teamspace/studios/this_studio/Melodica-Integration-into-Fife-Core/bsc/lib/Verilog/SizedFIFO.v:75$1189.
  creating $alu model for $macc $flatten\seg_adder_vff_in_8.$add$/teamspace/studios/this_studio/Melodica-Integration-into-Fife-Core/bsc/lib/Verilog/SizedFIFO.v:76$1190.
  creating $alu model for $macc $flatten\seg_adder_vff_in_9.$add$/teamspace/studios/this_studio/Melodica-Integration-into-Fife-Core/bsc/lib/Verilog/SizedFIFO.v:75$1189.
  creating $alu model for $macc $flatten\seg_adder_vff_in_9.$add$/teamspace/studios/this_studio/Melodica-Integration-into-Fife-Core/bsc/lib/Verilog/SizedFIFO.v:76$1190.
  creating $alu model for $macc $neg$/teamspace/studios/this_studio/Melodica-Integration-into-Fife-Core/Learn_Bluespec_and_RISCV_Design/Code/Build/Fife/verilog/mkQuire.v:2691$855.
  creating $alu model for $macc $sub$/teamspace/studios/this_studio/Melodica-Integration-into-Fife-Core/Learn_Bluespec_and_RISCV_Design/Code/Build/Fife/verilog/mkQuire.v:1252$289.
  creating $alu model for $macc $sub$/teamspace/studios/this_studio/Melodica-Integration-into-Fife-Core/Learn_Bluespec_and_RISCV_Design/Code/Build/Fife/verilog/mkQuire.v:2436$773.
  creating $alu model for $macc $flatten\seg_adder_vff_in_5.$add$/teamspace/studios/this_studio/Melodica-Integration-into-Fife-Core/bsc/lib/Verilog/SizedFIFO.v:76$1190.
  creating $alu model for $macc $add$/teamspace/studios/this_studio/Melodica-Integration-into-Fife-Core/Learn_Bluespec_and_RISCV_Design/Code/Build/Fife/verilog/mkQuire.v:2495$789.
  creating $alu model for $macc $add$/teamspace/studios/this_studio/Melodica-Integration-into-Fife-Core/Learn_Bluespec_and_RISCV_Design/Code/Build/Fife/verilog/mkQuire.v:2479$787.
  creating $alu model for $macc $add$/teamspace/studios/this_studio/Melodica-Integration-into-Fife-Core/Learn_Bluespec_and_RISCV_Design/Code/Build/Fife/verilog/mkQuire.v:2477$786.
  creating $alu model for $macc $add$/teamspace/studios/this_studio/Melodica-Integration-into-Fife-Core/Learn_Bluespec_and_RISCV_Design/Code/Build/Fife/verilog/mkQuire.v:2475$785.
  creating $alu model for $macc $add$/teamspace/studios/this_studio/Melodica-Integration-into-Fife-Core/Learn_Bluespec_and_RISCV_Design/Code/Build/Fife/verilog/mkQuire.v:2473$784.
  creating $alu model for $macc $add$/teamspace/studios/this_studio/Melodica-Integration-into-Fife-Core/Learn_Bluespec_and_RISCV_Design/Code/Build/Fife/verilog/mkQuire.v:2471$783.
  creating $alu model for $macc $add$/teamspace/studios/this_studio/Melodica-Integration-into-Fife-Core/Learn_Bluespec_and_RISCV_Design/Code/Build/Fife/verilog/mkQuire.v:2469$782.
  creating $alu model for $macc $add$/teamspace/studios/this_studio/Melodica-Integration-into-Fife-Core/Learn_Bluespec_and_RISCV_Design/Code/Build/Fife/verilog/mkQuire.v:2467$781.
  creating $alu model for $macc $add$/teamspace/studios/this_studio/Melodica-Integration-into-Fife-Core/Learn_Bluespec_and_RISCV_Design/Code/Build/Fife/verilog/mkQuire.v:2465$780.
  creating $alu model for $macc $add$/teamspace/studios/this_studio/Melodica-Integration-into-Fife-Core/Learn_Bluespec_and_RISCV_Design/Code/Build/Fife/verilog/mkQuire.v:2463$779.
  creating $alu model for $macc $add$/teamspace/studios/this_studio/Melodica-Integration-into-Fife-Core/Learn_Bluespec_and_RISCV_Design/Code/Build/Fife/verilog/mkQuire.v:2461$778.
  creating $alu model for $macc $add$/teamspace/studios/this_studio/Melodica-Integration-into-Fife-Core/Learn_Bluespec_and_RISCV_Design/Code/Build/Fife/verilog/mkQuire.v:2459$777.
  creating $alu model for $macc $add$/teamspace/studios/this_studio/Melodica-Integration-into-Fife-Core/Learn_Bluespec_and_RISCV_Design/Code/Build/Fife/verilog/mkQuire.v:2457$776.
  creating $alu model for $macc $add$/teamspace/studios/this_studio/Melodica-Integration-into-Fife-Core/Learn_Bluespec_and_RISCV_Design/Code/Build/Fife/verilog/mkQuire.v:2455$775.
  creating $alu model for $macc $add$/teamspace/studios/this_studio/Melodica-Integration-into-Fife-Core/Learn_Bluespec_and_RISCV_Design/Code/Build/Fife/verilog/mkQuire.v:1250$288.
  creating $macc cell for $sub$/teamspace/studios/this_studio/Melodica-Integration-into-Fife-Core/Learn_Bluespec_and_RISCV_Design/Code/Build/Fife/verilog/mkQuire.v:2053$681: $auto$alumacc.cc:365:replace_macc$2766
  creating $alu model for $le$/teamspace/studios/this_studio/Melodica-Integration-into-Fife-Core/Learn_Bluespec_and_RISCV_Design/Code/Build/Fife/verilog/mkQuire.v:2432$772 ($le): new $alu
  creating $alu model for $lt$/teamspace/studios/this_studio/Melodica-Integration-into-Fife-Core/Learn_Bluespec_and_RISCV_Design/Code/Build/Fife/verilog/mkQuire.v:2428$770 ($lt): new $alu
  creating $alu cell for $lt$/teamspace/studios/this_studio/Melodica-Integration-into-Fife-Core/Learn_Bluespec_and_RISCV_Design/Code/Build/Fife/verilog/mkQuire.v:2428$770: $auto$alumacc.cc:485:replace_alu$2769
  creating $alu cell for $le$/teamspace/studios/this_studio/Melodica-Integration-into-Fife-Core/Learn_Bluespec_and_RISCV_Design/Code/Build/Fife/verilog/mkQuire.v:2432$772: $auto$alumacc.cc:485:replace_alu$2780
  creating $alu cell for $add$/teamspace/studios/this_studio/Melodica-Integration-into-Fife-Core/Learn_Bluespec_and_RISCV_Design/Code/Build/Fife/verilog/mkQuire.v:1250$288: $auto$alumacc.cc:485:replace_alu$2793
  creating $alu cell for $add$/teamspace/studios/this_studio/Melodica-Integration-into-Fife-Core/Learn_Bluespec_and_RISCV_Design/Code/Build/Fife/verilog/mkQuire.v:2455$775: $auto$alumacc.cc:485:replace_alu$2796
  creating $alu cell for $add$/teamspace/studios/this_studio/Melodica-Integration-into-Fife-Core/Learn_Bluespec_and_RISCV_Design/Code/Build/Fife/verilog/mkQuire.v:2457$776: $auto$alumacc.cc:485:replace_alu$2799
  creating $alu cell for $add$/teamspace/studios/this_studio/Melodica-Integration-into-Fife-Core/Learn_Bluespec_and_RISCV_Design/Code/Build/Fife/verilog/mkQuire.v:2459$777: $auto$alumacc.cc:485:replace_alu$2802
  creating $alu cell for $add$/teamspace/studios/this_studio/Melodica-Integration-into-Fife-Core/Learn_Bluespec_and_RISCV_Design/Code/Build/Fife/verilog/mkQuire.v:2461$778: $auto$alumacc.cc:485:replace_alu$2805
  creating $alu cell for $add$/teamspace/studios/this_studio/Melodica-Integration-into-Fife-Core/Learn_Bluespec_and_RISCV_Design/Code/Build/Fife/verilog/mkQuire.v:2463$779: $auto$alumacc.cc:485:replace_alu$2808
  creating $alu cell for $add$/teamspace/studios/this_studio/Melodica-Integration-into-Fife-Core/Learn_Bluespec_and_RISCV_Design/Code/Build/Fife/verilog/mkQuire.v:2465$780: $auto$alumacc.cc:485:replace_alu$2811
  creating $alu cell for $add$/teamspace/studios/this_studio/Melodica-Integration-into-Fife-Core/Learn_Bluespec_and_RISCV_Design/Code/Build/Fife/verilog/mkQuire.v:2467$781: $auto$alumacc.cc:485:replace_alu$2814
  creating $alu cell for $add$/teamspace/studios/this_studio/Melodica-Integration-into-Fife-Core/Learn_Bluespec_and_RISCV_Design/Code/Build/Fife/verilog/mkQuire.v:2469$782: $auto$alumacc.cc:485:replace_alu$2817
  creating $alu cell for $add$/teamspace/studios/this_studio/Melodica-Integration-into-Fife-Core/Learn_Bluespec_and_RISCV_Design/Code/Build/Fife/verilog/mkQuire.v:2471$783: $auto$alumacc.cc:485:replace_alu$2820
  creating $alu cell for $add$/teamspace/studios/this_studio/Melodica-Integration-into-Fife-Core/Learn_Bluespec_and_RISCV_Design/Code/Build/Fife/verilog/mkQuire.v:2473$784: $auto$alumacc.cc:485:replace_alu$2823
  creating $alu cell for $add$/teamspace/studios/this_studio/Melodica-Integration-into-Fife-Core/Learn_Bluespec_and_RISCV_Design/Code/Build/Fife/verilog/mkQuire.v:2475$785: $auto$alumacc.cc:485:replace_alu$2826
  creating $alu cell for $add$/teamspace/studios/this_studio/Melodica-Integration-into-Fife-Core/Learn_Bluespec_and_RISCV_Design/Code/Build/Fife/verilog/mkQuire.v:2477$786: $auto$alumacc.cc:485:replace_alu$2829
  creating $alu cell for $add$/teamspace/studios/this_studio/Melodica-Integration-into-Fife-Core/Learn_Bluespec_and_RISCV_Design/Code/Build/Fife/verilog/mkQuire.v:2479$787: $auto$alumacc.cc:485:replace_alu$2832
  creating $alu cell for $add$/teamspace/studios/this_studio/Melodica-Integration-into-Fife-Core/Learn_Bluespec_and_RISCV_Design/Code/Build/Fife/verilog/mkQuire.v:2495$789: $auto$alumacc.cc:485:replace_alu$2835
  creating $alu cell for $flatten\seg_adder_vff_in_5.$add$/teamspace/studios/this_studio/Melodica-Integration-into-Fife-Core/bsc/lib/Verilog/SizedFIFO.v:76$1190: $auto$alumacc.cc:485:replace_alu$2838
  creating $alu cell for $sub$/teamspace/studios/this_studio/Melodica-Integration-into-Fife-Core/Learn_Bluespec_and_RISCV_Design/Code/Build/Fife/verilog/mkQuire.v:2436$773: $auto$alumacc.cc:485:replace_alu$2841
  creating $alu cell for $sub$/teamspace/studios/this_studio/Melodica-Integration-into-Fife-Core/Learn_Bluespec_and_RISCV_Design/Code/Build/Fife/verilog/mkQuire.v:1252$289: $auto$alumacc.cc:485:replace_alu$2844
  creating $alu cell for $neg$/teamspace/studios/this_studio/Melodica-Integration-into-Fife-Core/Learn_Bluespec_and_RISCV_Design/Code/Build/Fife/verilog/mkQuire.v:2691$855: $auto$alumacc.cc:485:replace_alu$2847
  creating $alu cell for $flatten\seg_adder_vff_in_9.$add$/teamspace/studios/this_studio/Melodica-Integration-into-Fife-Core/bsc/lib/Verilog/SizedFIFO.v:76$1190: $auto$alumacc.cc:485:replace_alu$2850
  creating $alu cell for $flatten\seg_adder_vff_in_9.$add$/teamspace/studios/this_studio/Melodica-Integration-into-Fife-Core/bsc/lib/Verilog/SizedFIFO.v:75$1189: $auto$alumacc.cc:485:replace_alu$2853
  creating $alu cell for $flatten\seg_adder_vff_in_8.$add$/teamspace/studios/this_studio/Melodica-Integration-into-Fife-Core/bsc/lib/Verilog/SizedFIFO.v:76$1190: $auto$alumacc.cc:485:replace_alu$2856
  creating $alu cell for $flatten\seg_adder_vff_in_8.$add$/teamspace/studios/this_studio/Melodica-Integration-into-Fife-Core/bsc/lib/Verilog/SizedFIFO.v:75$1189: $auto$alumacc.cc:485:replace_alu$2859
  creating $alu cell for $flatten\seg_adder_vff_in_7.$add$/teamspace/studios/this_studio/Melodica-Integration-into-Fife-Core/bsc/lib/Verilog/SizedFIFO.v:76$1190: $auto$alumacc.cc:485:replace_alu$2862
  creating $alu cell for $flatten\seg_adder_vff_in_7.$add$/teamspace/studios/this_studio/Melodica-Integration-into-Fife-Core/bsc/lib/Verilog/SizedFIFO.v:75$1189: $auto$alumacc.cc:485:replace_alu$2865
  creating $alu cell for $flatten\seg_adder_vff_in_6.$add$/teamspace/studios/this_studio/Melodica-Integration-into-Fife-Core/bsc/lib/Verilog/SizedFIFO.v:76$1190: $auto$alumacc.cc:485:replace_alu$2868
  creating $alu cell for $flatten\seg_adder_vff_in_6.$add$/teamspace/studios/this_studio/Melodica-Integration-into-Fife-Core/bsc/lib/Verilog/SizedFIFO.v:75$1189: $auto$alumacc.cc:485:replace_alu$2871
  creating $alu cell for $flatten\instance_fn_twosC_quire_0.$add$/teamspace/studios/this_studio/Melodica-Integration-into-Fife-Core/Learn_Bluespec_and_RISCV_Design/Code/Build/Fife/verilog/module_fn_twosC_quire.v:108$108: $auto$alumacc.cc:485:replace_alu$2874
  creating $alu cell for $flatten\instance_fn_twosC_quire_0.$add$/teamspace/studios/this_studio/Melodica-Integration-into-Fife-Core/Learn_Bluespec_and_RISCV_Design/Code/Build/Fife/verilog/module_fn_twosC_quire.v:115$114: $auto$alumacc.cc:485:replace_alu$2877
  creating $alu cell for $flatten\instance_fn_twosC_quire_0.$add$/teamspace/studios/this_studio/Melodica-Integration-into-Fife-Core/Learn_Bluespec_and_RISCV_Design/Code/Build/Fife/verilog/module_fn_twosC_quire.v:122$120: $auto$alumacc.cc:485:replace_alu$2880
  creating $alu cell for $flatten\instance_fn_twosC_quire_0.$add$/teamspace/studios/this_studio/Melodica-Integration-into-Fife-Core/Learn_Bluespec_and_RISCV_Design/Code/Build/Fife/verilog/module_fn_twosC_quire.v:129$126: $auto$alumacc.cc:485:replace_alu$2883
  creating $alu cell for $flatten\instance_fn_twosC_quire_0.$add$/teamspace/studios/this_studio/Melodica-Integration-into-Fife-Core/Learn_Bluespec_and_RISCV_Design/Code/Build/Fife/verilog/module_fn_twosC_quire.v:136$132: $auto$alumacc.cc:485:replace_alu$2886
  creating $alu cell for $flatten\instance_fn_twosC_quire_0.$add$/teamspace/studios/this_studio/Melodica-Integration-into-Fife-Core/Learn_Bluespec_and_RISCV_Design/Code/Build/Fife/verilog/module_fn_twosC_quire.v:143$138: $auto$alumacc.cc:485:replace_alu$2889
  creating $alu cell for $flatten\instance_fn_twosC_quire_0.$add$/teamspace/studios/this_studio/Melodica-Integration-into-Fife-Core/Learn_Bluespec_and_RISCV_Design/Code/Build/Fife/verilog/module_fn_twosC_quire.v:150$144: $auto$alumacc.cc:485:replace_alu$2892
  creating $alu cell for $flatten\instance_fn_twosC_quire_0.$add$/teamspace/studios/this_studio/Melodica-Integration-into-Fife-Core/Learn_Bluespec_and_RISCV_Design/Code/Build/Fife/verilog/module_fn_twosC_quire.v:157$150: $auto$alumacc.cc:485:replace_alu$2895
  creating $alu cell for $flatten\instance_fn_twosC_quire_0.$add$/teamspace/studios/this_studio/Melodica-Integration-into-Fife-Core/Learn_Bluespec_and_RISCV_Design/Code/Build/Fife/verilog/module_fn_twosC_quire.v:164$156: $auto$alumacc.cc:485:replace_alu$2898
  creating $alu cell for $flatten\instance_fn_twosC_quire_0.$add$/teamspace/studios/this_studio/Melodica-Integration-into-Fife-Core/Learn_Bluespec_and_RISCV_Design/Code/Build/Fife/verilog/module_fn_twosC_quire.v:167$159: $auto$alumacc.cc:485:replace_alu$2901
  creating $alu cell for $flatten\instance_fn_twosC_quire_0.$add$/teamspace/studios/this_studio/Melodica-Integration-into-Fife-Core/Learn_Bluespec_and_RISCV_Design/Code/Build/Fife/verilog/module_fn_twosC_quire.v:80$84: $auto$alumacc.cc:485:replace_alu$2904
  creating $alu cell for $flatten\instance_fn_twosC_quire_0.$add$/teamspace/studios/this_studio/Melodica-Integration-into-Fife-Core/Learn_Bluespec_and_RISCV_Design/Code/Build/Fife/verilog/module_fn_twosC_quire.v:87$90: $auto$alumacc.cc:485:replace_alu$2907
  creating $alu cell for $flatten\instance_fn_twosC_quire_0.$add$/teamspace/studios/this_studio/Melodica-Integration-into-Fife-Core/Learn_Bluespec_and_RISCV_Design/Code/Build/Fife/verilog/module_fn_twosC_quire.v:94$96: $auto$alumacc.cc:485:replace_alu$2910
  creating $alu cell for $flatten\instance_fn_twosC_quire_1.$add$/teamspace/studios/this_studio/Melodica-Integration-into-Fife-Core/Learn_Bluespec_and_RISCV_Design/Code/Build/Fife/verilog/module_fn_twosC_quire.v:101$102: $auto$alumacc.cc:485:replace_alu$2913
  creating $alu cell for $flatten\instance_fn_twosC_quire_1.$add$/teamspace/studios/this_studio/Melodica-Integration-into-Fife-Core/Learn_Bluespec_and_RISCV_Design/Code/Build/Fife/verilog/module_fn_twosC_quire.v:108$108: $auto$alumacc.cc:485:replace_alu$2916
  creating $alu cell for $flatten\instance_fn_twosC_quire_1.$add$/teamspace/studios/this_studio/Melodica-Integration-into-Fife-Core/Learn_Bluespec_and_RISCV_Design/Code/Build/Fife/verilog/module_fn_twosC_quire.v:115$114: $auto$alumacc.cc:485:replace_alu$2919
  creating $alu cell for $flatten\instance_fn_twosC_quire_1.$add$/teamspace/studios/this_studio/Melodica-Integration-into-Fife-Core/Learn_Bluespec_and_RISCV_Design/Code/Build/Fife/verilog/module_fn_twosC_quire.v:122$120: $auto$alumacc.cc:485:replace_alu$2922
  creating $alu cell for $flatten\instance_fn_twosC_quire_1.$add$/teamspace/studios/this_studio/Melodica-Integration-into-Fife-Core/Learn_Bluespec_and_RISCV_Design/Code/Build/Fife/verilog/module_fn_twosC_quire.v:129$126: $auto$alumacc.cc:485:replace_alu$2925
  creating $alu cell for $flatten\instance_fn_twosC_quire_1.$add$/teamspace/studios/this_studio/Melodica-Integration-into-Fife-Core/Learn_Bluespec_and_RISCV_Design/Code/Build/Fife/verilog/module_fn_twosC_quire.v:136$132: $auto$alumacc.cc:485:replace_alu$2928
  creating $alu cell for $flatten\instance_fn_twosC_quire_1.$add$/teamspace/studios/this_studio/Melodica-Integration-into-Fife-Core/Learn_Bluespec_and_RISCV_Design/Code/Build/Fife/verilog/module_fn_twosC_quire.v:143$138: $auto$alumacc.cc:485:replace_alu$2931
  creating $alu cell for $flatten\instance_fn_twosC_quire_1.$add$/teamspace/studios/this_studio/Melodica-Integration-into-Fife-Core/Learn_Bluespec_and_RISCV_Design/Code/Build/Fife/verilog/module_fn_twosC_quire.v:150$144: $auto$alumacc.cc:485:replace_alu$2934
  creating $alu cell for $flatten\instance_fn_twosC_quire_1.$add$/teamspace/studios/this_studio/Melodica-Integration-into-Fife-Core/Learn_Bluespec_and_RISCV_Design/Code/Build/Fife/verilog/module_fn_twosC_quire.v:157$150: $auto$alumacc.cc:485:replace_alu$2937
  creating $alu cell for $flatten\instance_fn_twosC_quire_1.$add$/teamspace/studios/this_studio/Melodica-Integration-into-Fife-Core/Learn_Bluespec_and_RISCV_Design/Code/Build/Fife/verilog/module_fn_twosC_quire.v:164$156: $auto$alumacc.cc:485:replace_alu$2940
  creating $alu cell for $flatten\instance_fn_twosC_quire_1.$add$/teamspace/studios/this_studio/Melodica-Integration-into-Fife-Core/Learn_Bluespec_and_RISCV_Design/Code/Build/Fife/verilog/module_fn_twosC_quire.v:167$159: $auto$alumacc.cc:485:replace_alu$2943
  creating $alu cell for $flatten\instance_fn_twosC_quire_1.$add$/teamspace/studios/this_studio/Melodica-Integration-into-Fife-Core/Learn_Bluespec_and_RISCV_Design/Code/Build/Fife/verilog/module_fn_twosC_quire.v:80$84: $auto$alumacc.cc:485:replace_alu$2946
  creating $alu cell for $flatten\instance_fn_twosC_quire_1.$add$/teamspace/studios/this_studio/Melodica-Integration-into-Fife-Core/Learn_Bluespec_and_RISCV_Design/Code/Build/Fife/verilog/module_fn_twosC_quire.v:87$90: $auto$alumacc.cc:485:replace_alu$2949
  creating $alu cell for $flatten\instance_fn_twosC_quire_1.$add$/teamspace/studios/this_studio/Melodica-Integration-into-Fife-Core/Learn_Bluespec_and_RISCV_Design/Code/Build/Fife/verilog/module_fn_twosC_quire.v:94$96: $auto$alumacc.cc:485:replace_alu$2952
  creating $alu cell for $flatten\instance_fn_twosC_quire_2.$add$/teamspace/studios/this_studio/Melodica-Integration-into-Fife-Core/Learn_Bluespec_and_RISCV_Design/Code/Build/Fife/verilog/module_fn_twosC_quire.v:108$108: $auto$alumacc.cc:485:replace_alu$2955
  creating $alu cell for $flatten\instance_fn_twosC_quire_2.$add$/teamspace/studios/this_studio/Melodica-Integration-into-Fife-Core/Learn_Bluespec_and_RISCV_Design/Code/Build/Fife/verilog/module_fn_twosC_quire.v:115$114: $auto$alumacc.cc:485:replace_alu$2958
  creating $alu cell for $flatten\instance_fn_twosC_quire_2.$add$/teamspace/studios/this_studio/Melodica-Integration-into-Fife-Core/Learn_Bluespec_and_RISCV_Design/Code/Build/Fife/verilog/module_fn_twosC_quire.v:122$120: $auto$alumacc.cc:485:replace_alu$2961
  creating $alu cell for $flatten\instance_fn_twosC_quire_2.$add$/teamspace/studios/this_studio/Melodica-Integration-into-Fife-Core/Learn_Bluespec_and_RISCV_Design/Code/Build/Fife/verilog/module_fn_twosC_quire.v:129$126: $auto$alumacc.cc:485:replace_alu$2964
  creating $alu cell for $flatten\instance_fn_twosC_quire_2.$add$/teamspace/studios/this_studio/Melodica-Integration-into-Fife-Core/Learn_Bluespec_and_RISCV_Design/Code/Build/Fife/verilog/module_fn_twosC_quire.v:136$132: $auto$alumacc.cc:485:replace_alu$2967
  creating $alu cell for $flatten\instance_fn_twosC_quire_2.$add$/teamspace/studios/this_studio/Melodica-Integration-into-Fife-Core/Learn_Bluespec_and_RISCV_Design/Code/Build/Fife/verilog/module_fn_twosC_quire.v:143$138: $auto$alumacc.cc:485:replace_alu$2970
  creating $alu cell for $flatten\instance_fn_twosC_quire_2.$add$/teamspace/studios/this_studio/Melodica-Integration-into-Fife-Core/Learn_Bluespec_and_RISCV_Design/Code/Build/Fife/verilog/module_fn_twosC_quire.v:150$144: $auto$alumacc.cc:485:replace_alu$2973
  creating $alu cell for $flatten\instance_fn_twosC_quire_2.$add$/teamspace/studios/this_studio/Melodica-Integration-into-Fife-Core/Learn_Bluespec_and_RISCV_Design/Code/Build/Fife/verilog/module_fn_twosC_quire.v:157$150: $auto$alumacc.cc:485:replace_alu$2976
  creating $alu cell for $flatten\instance_fn_twosC_quire_2.$add$/teamspace/studios/this_studio/Melodica-Integration-into-Fife-Core/Learn_Bluespec_and_RISCV_Design/Code/Build/Fife/verilog/module_fn_twosC_quire.v:164$156: $auto$alumacc.cc:485:replace_alu$2979
  creating $alu cell for $flatten\instance_fn_twosC_quire_2.$add$/teamspace/studios/this_studio/Melodica-Integration-into-Fife-Core/Learn_Bluespec_and_RISCV_Design/Code/Build/Fife/verilog/module_fn_twosC_quire.v:167$159: $auto$alumacc.cc:485:replace_alu$2982
  creating $alu cell for $flatten\instance_fn_twosC_quire_2.$add$/teamspace/studios/this_studio/Melodica-Integration-into-Fife-Core/Learn_Bluespec_and_RISCV_Design/Code/Build/Fife/verilog/module_fn_twosC_quire.v:80$84: $auto$alumacc.cc:485:replace_alu$2985
  creating $alu cell for $flatten\instance_fn_twosC_quire_2.$add$/teamspace/studios/this_studio/Melodica-Integration-into-Fife-Core/Learn_Bluespec_and_RISCV_Design/Code/Build/Fife/verilog/module_fn_twosC_quire.v:87$90: $auto$alumacc.cc:485:replace_alu$2988
  creating $alu cell for $flatten\instance_fn_twosC_quire_2.$add$/teamspace/studios/this_studio/Melodica-Integration-into-Fife-Core/Learn_Bluespec_and_RISCV_Design/Code/Build/Fife/verilog/module_fn_twosC_quire.v:94$96: $auto$alumacc.cc:485:replace_alu$2991
  creating $alu cell for $flatten\seg_adder_vff_carry_0.$add$/teamspace/studios/this_studio/Melodica-Integration-into-Fife-Core/bsc/lib/Verilog/SizedFIFO.v:75$1220: $auto$alumacc.cc:485:replace_alu$2994
  creating $alu cell for $flatten\seg_adder_vff_carry_0.$add$/teamspace/studios/this_studio/Melodica-Integration-into-Fife-Core/bsc/lib/Verilog/SizedFIFO.v:76$1221: $auto$alumacc.cc:485:replace_alu$2997
  creating $alu cell for $flatten\seg_adder_vff_carry_1.$add$/teamspace/studios/this_studio/Melodica-Integration-into-Fife-Core/bsc/lib/Verilog/SizedFIFO.v:75$1220: $auto$alumacc.cc:485:replace_alu$3000
  creating $alu cell for $flatten\seg_adder_vff_carry_1.$add$/teamspace/studios/this_studio/Melodica-Integration-into-Fife-Core/bsc/lib/Verilog/SizedFIFO.v:76$1221: $auto$alumacc.cc:485:replace_alu$3003
  creating $alu cell for $flatten\seg_adder_vff_carry_10.$add$/teamspace/studios/this_studio/Melodica-Integration-into-Fife-Core/bsc/lib/Verilog/SizedFIFO.v:75$1220: $auto$alumacc.cc:485:replace_alu$3006
  creating $alu cell for $flatten\seg_adder_vff_carry_10.$add$/teamspace/studios/this_studio/Melodica-Integration-into-Fife-Core/bsc/lib/Verilog/SizedFIFO.v:76$1221: $auto$alumacc.cc:485:replace_alu$3009
  creating $alu cell for $flatten\seg_adder_vff_carry_11.$add$/teamspace/studios/this_studio/Melodica-Integration-into-Fife-Core/bsc/lib/Verilog/SizedFIFO.v:75$1220: $auto$alumacc.cc:485:replace_alu$3012
  creating $alu cell for $flatten\seg_adder_vff_carry_11.$add$/teamspace/studios/this_studio/Melodica-Integration-into-Fife-Core/bsc/lib/Verilog/SizedFIFO.v:76$1221: $auto$alumacc.cc:485:replace_alu$3015
  creating $alu cell for $flatten\seg_adder_vff_carry_2.$add$/teamspace/studios/this_studio/Melodica-Integration-into-Fife-Core/bsc/lib/Verilog/SizedFIFO.v:75$1220: $auto$alumacc.cc:485:replace_alu$3018
  creating $alu cell for $flatten\seg_adder_vff_carry_2.$add$/teamspace/studios/this_studio/Melodica-Integration-into-Fife-Core/bsc/lib/Verilog/SizedFIFO.v:76$1221: $auto$alumacc.cc:485:replace_alu$3021
  creating $alu cell for $flatten\seg_adder_vff_carry_3.$add$/teamspace/studios/this_studio/Melodica-Integration-into-Fife-Core/bsc/lib/Verilog/SizedFIFO.v:75$1220: $auto$alumacc.cc:485:replace_alu$3024
  creating $alu cell for $flatten\seg_adder_vff_carry_3.$add$/teamspace/studios/this_studio/Melodica-Integration-into-Fife-Core/bsc/lib/Verilog/SizedFIFO.v:76$1221: $auto$alumacc.cc:485:replace_alu$3027
  creating $alu cell for $flatten\seg_adder_vff_carry_4.$add$/teamspace/studios/this_studio/Melodica-Integration-into-Fife-Core/bsc/lib/Verilog/SizedFIFO.v:75$1220: $auto$alumacc.cc:485:replace_alu$3030
  creating $alu cell for $flatten\seg_adder_vff_carry_4.$add$/teamspace/studios/this_studio/Melodica-Integration-into-Fife-Core/bsc/lib/Verilog/SizedFIFO.v:76$1221: $auto$alumacc.cc:485:replace_alu$3033
  creating $alu cell for $flatten\seg_adder_vff_carry_5.$add$/teamspace/studios/this_studio/Melodica-Integration-into-Fife-Core/bsc/lib/Verilog/SizedFIFO.v:75$1220: $auto$alumacc.cc:485:replace_alu$3036
  creating $alu cell for $flatten\seg_adder_vff_carry_5.$add$/teamspace/studios/this_studio/Melodica-Integration-into-Fife-Core/bsc/lib/Verilog/SizedFIFO.v:76$1221: $auto$alumacc.cc:485:replace_alu$3039
  creating $alu cell for $flatten\seg_adder_vff_carry_6.$add$/teamspace/studios/this_studio/Melodica-Integration-into-Fife-Core/bsc/lib/Verilog/SizedFIFO.v:75$1220: $auto$alumacc.cc:485:replace_alu$3042
  creating $alu cell for $flatten\seg_adder_vff_carry_6.$add$/teamspace/studios/this_studio/Melodica-Integration-into-Fife-Core/bsc/lib/Verilog/SizedFIFO.v:76$1221: $auto$alumacc.cc:485:replace_alu$3045
  creating $alu cell for $flatten\seg_adder_vff_carry_7.$add$/teamspace/studios/this_studio/Melodica-Integration-into-Fife-Core/bsc/lib/Verilog/SizedFIFO.v:75$1220: $auto$alumacc.cc:485:replace_alu$3048
  creating $alu cell for $flatten\seg_adder_vff_carry_7.$add$/teamspace/studios/this_studio/Melodica-Integration-into-Fife-Core/bsc/lib/Verilog/SizedFIFO.v:76$1221: $auto$alumacc.cc:485:replace_alu$3051
  creating $alu cell for $flatten\seg_adder_vff_carry_8.$add$/teamspace/studios/this_studio/Melodica-Integration-into-Fife-Core/bsc/lib/Verilog/SizedFIFO.v:75$1220: $auto$alumacc.cc:485:replace_alu$3054
  creating $alu cell for $flatten\seg_adder_vff_carry_8.$add$/teamspace/studios/this_studio/Melodica-Integration-into-Fife-Core/bsc/lib/Verilog/SizedFIFO.v:76$1221: $auto$alumacc.cc:485:replace_alu$3057
  creating $alu cell for $flatten\seg_adder_vff_carry_9.$add$/teamspace/studios/this_studio/Melodica-Integration-into-Fife-Core/bsc/lib/Verilog/SizedFIFO.v:75$1220: $auto$alumacc.cc:485:replace_alu$3060
  creating $alu cell for $flatten\seg_adder_vff_carry_9.$add$/teamspace/studios/this_studio/Melodica-Integration-into-Fife-Core/bsc/lib/Verilog/SizedFIFO.v:76$1221: $auto$alumacc.cc:485:replace_alu$3063
  creating $alu cell for $flatten\seg_adder_vff_in_0.$add$/teamspace/studios/this_studio/Melodica-Integration-into-Fife-Core/bsc/lib/Verilog/SizedFIFO.v:75$1189: $auto$alumacc.cc:485:replace_alu$3066
  creating $alu cell for $flatten\seg_adder_vff_in_0.$add$/teamspace/studios/this_studio/Melodica-Integration-into-Fife-Core/bsc/lib/Verilog/SizedFIFO.v:76$1190: $auto$alumacc.cc:485:replace_alu$3069
  creating $alu cell for $flatten\seg_adder_vff_in_1.$add$/teamspace/studios/this_studio/Melodica-Integration-into-Fife-Core/bsc/lib/Verilog/SizedFIFO.v:75$1189: $auto$alumacc.cc:485:replace_alu$3072
  creating $alu cell for $flatten\seg_adder_vff_in_1.$add$/teamspace/studios/this_studio/Melodica-Integration-into-Fife-Core/bsc/lib/Verilog/SizedFIFO.v:76$1190: $auto$alumacc.cc:485:replace_alu$3075
  creating $alu cell for $flatten\seg_adder_vff_in_10.$add$/teamspace/studios/this_studio/Melodica-Integration-into-Fife-Core/bsc/lib/Verilog/SizedFIFO.v:75$1189: $auto$alumacc.cc:485:replace_alu$3078
  creating $alu cell for $flatten\seg_adder_vff_in_10.$add$/teamspace/studios/this_studio/Melodica-Integration-into-Fife-Core/bsc/lib/Verilog/SizedFIFO.v:76$1190: $auto$alumacc.cc:485:replace_alu$3081
  creating $alu cell for $flatten\seg_adder_vff_in_11.$add$/teamspace/studios/this_studio/Melodica-Integration-into-Fife-Core/bsc/lib/Verilog/SizedFIFO.v:75$1189: $auto$alumacc.cc:485:replace_alu$3084
  creating $alu cell for $flatten\seg_adder_vff_in_11.$add$/teamspace/studios/this_studio/Melodica-Integration-into-Fife-Core/bsc/lib/Verilog/SizedFIFO.v:76$1190: $auto$alumacc.cc:485:replace_alu$3087
  creating $alu cell for $flatten\seg_adder_vff_in_12.$add$/teamspace/studios/this_studio/Melodica-Integration-into-Fife-Core/bsc/lib/Verilog/SizedFIFO.v:75$1189: $auto$alumacc.cc:485:replace_alu$3090
  creating $alu cell for $flatten\seg_adder_vff_in_12.$add$/teamspace/studios/this_studio/Melodica-Integration-into-Fife-Core/bsc/lib/Verilog/SizedFIFO.v:76$1190: $auto$alumacc.cc:485:replace_alu$3093
  creating $alu cell for $flatten\seg_adder_vff_in_2.$add$/teamspace/studios/this_studio/Melodica-Integration-into-Fife-Core/bsc/lib/Verilog/SizedFIFO.v:75$1189: $auto$alumacc.cc:485:replace_alu$3096
  creating $alu cell for $flatten\seg_adder_vff_in_2.$add$/teamspace/studios/this_studio/Melodica-Integration-into-Fife-Core/bsc/lib/Verilog/SizedFIFO.v:76$1190: $auto$alumacc.cc:485:replace_alu$3099
  creating $alu cell for $flatten\seg_adder_vff_in_3.$add$/teamspace/studios/this_studio/Melodica-Integration-into-Fife-Core/bsc/lib/Verilog/SizedFIFO.v:75$1189: $auto$alumacc.cc:485:replace_alu$3102
  creating $alu cell for $flatten\seg_adder_vff_in_3.$add$/teamspace/studios/this_studio/Melodica-Integration-into-Fife-Core/bsc/lib/Verilog/SizedFIFO.v:76$1190: $auto$alumacc.cc:485:replace_alu$3105
  creating $alu cell for $flatten\seg_adder_vff_in_4.$add$/teamspace/studios/this_studio/Melodica-Integration-into-Fife-Core/bsc/lib/Verilog/SizedFIFO.v:75$1189: $auto$alumacc.cc:485:replace_alu$3108
  creating $alu cell for $flatten\seg_adder_vff_in_4.$add$/teamspace/studios/this_studio/Melodica-Integration-into-Fife-Core/bsc/lib/Verilog/SizedFIFO.v:76$1190: $auto$alumacc.cc:485:replace_alu$3111
  creating $alu cell for $flatten\seg_adder_vff_in_5.$add$/teamspace/studios/this_studio/Melodica-Integration-into-Fife-Core/bsc/lib/Verilog/SizedFIFO.v:75$1189: $auto$alumacc.cc:485:replace_alu$3114
  created 110 $alu and 1 $macc cells.

14.14. Executing SHARE pass (SAT-based resource sharing).
Found 27 cells in module mkQuire that may be considered for resource sharing.
  Analyzing resource sharing options for $shr$/teamspace/studios/this_studio/Melodica-Integration-into-Fife-Core/Learn_Bluespec_and_RISCV_Design/Code/Build/Fife/verilog/mkQuire.v:2542$796 ($shr):
    Found 25 activation_patterns using ctrl signal { $flatten\instance_fn_twosC_quire_2.$eq$/teamspace/studios/this_studio/Melodica-Integration-into-Fife-Core/Learn_Bluespec_and_RISCV_Design/Code/Build/Fife/verilog/module_fn_twosC_quire.v:76$81_Y $flatten\instance_fn_twosC_quire_2.$eq$/teamspace/studios/this_studio/Melodica-Integration-into-Fife-Core/Learn_Bluespec_and_RISCV_Design/Code/Build/Fife/verilog/module_fn_twosC_quire.v:83$87_Y $flatten\instance_fn_twosC_quire_2.$eq$/teamspace/studios/this_studio/Melodica-Integration-into-Fife-Core/Learn_Bluespec_and_RISCV_Design/Code/Build/Fife/verilog/module_fn_twosC_quire.v:90$93_Y $flatten\instance_fn_twosC_quire_2.$eq$/teamspace/studios/this_studio/Melodica-Integration-into-Fife-Core/Learn_Bluespec_and_RISCV_Design/Code/Build/Fife/verilog/module_fn_twosC_quire.v:104$105_Y $flatten\instance_fn_twosC_quire_2.$eq$/teamspace/studios/this_studio/Melodica-Integration-into-Fife-Core/Learn_Bluespec_and_RISCV_Design/Code/Build/Fife/verilog/module_fn_twosC_quire.v:111$111_Y $flatten\instance_fn_twosC_quire_2.$eq$/teamspace/studios/this_studio/Melodica-Integration-into-Fife-Core/Learn_Bluespec_and_RISCV_Design/Code/Build/Fife/verilog/module_fn_twosC_quire.v:118$117_Y $flatten\instance_fn_twosC_quire_2.$eq$/teamspace/studios/this_studio/Melodica-Integration-into-Fife-Core/Learn_Bluespec_and_RISCV_Design/Code/Build/Fife/verilog/module_fn_twosC_quire.v:125$123_Y $flatten\instance_fn_twosC_quire_2.$eq$/teamspace/studios/this_studio/Melodica-Integration-into-Fife-Core/Learn_Bluespec_and_RISCV_Design/Code/Build/Fife/verilog/module_fn_twosC_quire.v:132$129_Y $flatten\instance_fn_twosC_quire_2.$eq$/teamspace/studios/this_studio/Melodica-Integration-into-Fife-Core/Learn_Bluespec_and_RISCV_Design/Code/Build/Fife/verilog/module_fn_twosC_quire.v:139$135_Y $flatten\instance_fn_twosC_quire_2.$eq$/teamspace/studios/this_studio/Melodica-Integration-into-Fife-Core/Learn_Bluespec_and_RISCV_Design/Code/Build/Fife/verilog/module_fn_twosC_quire.v:146$141_Y $flatten\instance_fn_twosC_quire_2.$eq$/teamspace/studios/this_studio/Melodica-Integration-into-Fife-Core/Learn_Bluespec_and_RISCV_Design/Code/Build/Fife/verilog/module_fn_twosC_quire.v:153$147_Y $flatten\instance_fn_twosC_quire_2.$eq$/teamspace/studios/this_studio/Melodica-Integration-into-Fife-Core/Learn_Bluespec_and_RISCV_Design/Code/Build/Fife/verilog/module_fn_twosC_quire.v:160$153_Y \seg_adder_vff_carry_8.DEQ \seg_adder_vff_carry_7.DEQ \seg_adder_vff_carry_6.DEQ \seg_adder_vff_carry_5.DEQ \seg_adder_vff_carry_4.DEQ \seg_adder_vff_carry_3.DEQ \seg_adder_vff_carry_2.DEQ \seg_adder_vff_carry_10.ENQ \seg_adder_vff_carry_10.DEQ \seg_adder_vff_carry_0.DEQ \seg_adder_vff_carry_0.ENQ \seg_adder_vff_carry_1.DEQ \EN_init \init_x [35:34] }.
    No candidates found.
  Analyzing resource sharing options for $shl$/teamspace/studios/this_studio/Melodica-Integration-into-Fife-Core/Learn_Bluespec_and_RISCV_Design/Code/Build/Fife/verilog/mkQuire.v:2539$794 ($shl):
    Found 25 activation_patterns using ctrl signal { $flatten\instance_fn_twosC_quire_2.$eq$/teamspace/studios/this_studio/Melodica-Integration-into-Fife-Core/Learn_Bluespec_and_RISCV_Design/Code/Build/Fife/verilog/module_fn_twosC_quire.v:76$81_Y $flatten\instance_fn_twosC_quire_2.$eq$/teamspace/studios/this_studio/Melodica-Integration-into-Fife-Core/Learn_Bluespec_and_RISCV_Design/Code/Build/Fife/verilog/module_fn_twosC_quire.v:83$87_Y $flatten\instance_fn_twosC_quire_2.$eq$/teamspace/studios/this_studio/Melodica-Integration-into-Fife-Core/Learn_Bluespec_and_RISCV_Design/Code/Build/Fife/verilog/module_fn_twosC_quire.v:90$93_Y $flatten\instance_fn_twosC_quire_2.$eq$/teamspace/studios/this_studio/Melodica-Integration-into-Fife-Core/Learn_Bluespec_and_RISCV_Design/Code/Build/Fife/verilog/module_fn_twosC_quire.v:104$105_Y $flatten\instance_fn_twosC_quire_2.$eq$/teamspace/studios/this_studio/Melodica-Integration-into-Fife-Core/Learn_Bluespec_and_RISCV_Design/Code/Build/Fife/verilog/module_fn_twosC_quire.v:111$111_Y $flatten\instance_fn_twosC_quire_2.$eq$/teamspace/studios/this_studio/Melodica-Integration-into-Fife-Core/Learn_Bluespec_and_RISCV_Design/Code/Build/Fife/verilog/module_fn_twosC_quire.v:118$117_Y $flatten\instance_fn_twosC_quire_2.$eq$/teamspace/studios/this_studio/Melodica-Integration-into-Fife-Core/Learn_Bluespec_and_RISCV_Design/Code/Build/Fife/verilog/module_fn_twosC_quire.v:125$123_Y $flatten\instance_fn_twosC_quire_2.$eq$/teamspace/studios/this_studio/Melodica-Integration-into-Fife-Core/Learn_Bluespec_and_RISCV_Design/Code/Build/Fife/verilog/module_fn_twosC_quire.v:132$129_Y $flatten\instance_fn_twosC_quire_2.$eq$/teamspace/studios/this_studio/Melodica-Integration-into-Fife-Core/Learn_Bluespec_and_RISCV_Design/Code/Build/Fife/verilog/module_fn_twosC_quire.v:139$135_Y $flatten\instance_fn_twosC_quire_2.$eq$/teamspace/studios/this_studio/Melodica-Integration-into-Fife-Core/Learn_Bluespec_and_RISCV_Design/Code/Build/Fife/verilog/module_fn_twosC_quire.v:146$141_Y $flatten\instance_fn_twosC_quire_2.$eq$/teamspace/studios/this_studio/Melodica-Integration-into-Fife-Core/Learn_Bluespec_and_RISCV_Design/Code/Build/Fife/verilog/module_fn_twosC_quire.v:153$147_Y $flatten\instance_fn_twosC_quire_2.$eq$/teamspace/studios/this_studio/Melodica-Integration-into-Fife-Core/Learn_Bluespec_and_RISCV_Design/Code/Build/Fife/verilog/module_fn_twosC_quire.v:160$153_Y \seg_adder_vff_carry_8.DEQ \seg_adder_vff_carry_7.DEQ \seg_adder_vff_carry_6.DEQ \seg_adder_vff_carry_5.DEQ \seg_adder_vff_carry_4.DEQ \seg_adder_vff_carry_3.DEQ \seg_adder_vff_carry_2.DEQ \seg_adder_vff_carry_10.ENQ \seg_adder_vff_carry_10.DEQ \seg_adder_vff_carry_0.DEQ \seg_adder_vff_carry_0.ENQ \seg_adder_vff_carry_1.DEQ \EN_init \init_x [35:34] }.
    No candidates found.
  Analyzing resource sharing options for $flatten\seg_adder_vff_in_9.$memrd$\arr$/teamspace/studios/this_studio/Melodica-Integration-into-Fife-Core/bsc/lib/Verilog/SizedFIFO.v:179$1201 ($memrd):
    Found 1 activation_patterns using ctrl signal $auto$opt_reduce.cc:134:opt_pmux$1931.
    No candidates found.
  Analyzing resource sharing options for $flatten\seg_adder_vff_in_8.$memrd$\arr$/teamspace/studios/this_studio/Melodica-Integration-into-Fife-Core/bsc/lib/Verilog/SizedFIFO.v:179$1201 ($memrd):
    Found 1 activation_patterns using ctrl signal $auto$opt_reduce.cc:134:opt_pmux$1925.
    No candidates found.
  Analyzing resource sharing options for $flatten\seg_adder_vff_in_7.$memrd$\arr$/teamspace/studios/this_studio/Melodica-Integration-into-Fife-Core/bsc/lib/Verilog/SizedFIFO.v:179$1201 ($memrd):
    Found 1 activation_patterns using ctrl signal $auto$opt_reduce.cc:134:opt_pmux$1919.
    No candidates found.
  Analyzing resource sharing options for $flatten\seg_adder_vff_in_6.$memrd$\arr$/teamspace/studios/this_studio/Melodica-Integration-into-Fife-Core/bsc/lib/Verilog/SizedFIFO.v:179$1201 ($memrd):
    Found 1 activation_patterns using ctrl signal $auto$opt_reduce.cc:134:opt_pmux$1913.
    No candidates found.
  Analyzing resource sharing options for $flatten\seg_adder_vff_in_5.$memrd$\arr$/teamspace/studios/this_studio/Melodica-Integration-into-Fife-Core/bsc/lib/Verilog/SizedFIFO.v:179$1201 ($memrd):
    Found 1 activation_patterns using ctrl signal $auto$opt_reduce.cc:134:opt_pmux$1907.
    No candidates found.
  Analyzing resource sharing options for $flatten\seg_adder_vff_in_4.$memrd$\arr$/teamspace/studios/this_studio/Melodica-Integration-into-Fife-Core/bsc/lib/Verilog/SizedFIFO.v:179$1201 ($memrd):
    Found 1 activation_patterns using ctrl signal $auto$opt_reduce.cc:134:opt_pmux$1901.
    No candidates found.
  Analyzing resource sharing options for $flatten\seg_adder_vff_in_3.$memrd$\arr$/teamspace/studios/this_studio/Melodica-Integration-into-Fife-Core/bsc/lib/Verilog/SizedFIFO.v:179$1201 ($memrd):
    Found 1 activation_patterns using ctrl signal $auto$opt_reduce.cc:134:opt_pmux$1895.
    No candidates found.
  Analyzing resource sharing options for $flatten\seg_adder_vff_in_2.$memrd$\arr$/teamspace/studios/this_studio/Melodica-Integration-into-Fife-Core/bsc/lib/Verilog/SizedFIFO.v:179$1201 ($memrd):
    Found 1 activation_patterns using ctrl signal $auto$opt_reduce.cc:134:opt_pmux$1889.
    No candidates found.
  Analyzing resource sharing options for $flatten\seg_adder_vff_in_12.$memrd$\arr$/teamspace/studios/this_studio/Melodica-Integration-into-Fife-Core/bsc/lib/Verilog/SizedFIFO.v:179$1201 ($memrd):
    Found 1 activation_patterns using ctrl signal $auto$opt_reduce.cc:134:opt_pmux$1883.
    No candidates found.
  Analyzing resource sharing options for $flatten\seg_adder_vff_in_11.$memrd$\arr$/teamspace/studios/this_studio/Melodica-Integration-into-Fife-Core/bsc/lib/Verilog/SizedFIFO.v:179$1201 ($memrd):
    Found 1 activation_patterns using ctrl signal $auto$opt_reduce.cc:134:opt_pmux$1877.
    No candidates found.
  Analyzing resource sharing options for $flatten\seg_adder_vff_in_10.$memrd$\arr$/teamspace/studios/this_studio/Melodica-Integration-into-Fife-Core/bsc/lib/Verilog/SizedFIFO.v:179$1201 ($memrd):
    Found 1 activation_patterns using ctrl signal $auto$opt_reduce.cc:134:opt_pmux$1871.
    No candidates found.
  Analyzing resource sharing options for $flatten\seg_adder_vff_in_1.$memrd$\arr$/teamspace/studios/this_studio/Melodica-Integration-into-Fife-Core/bsc/lib/Verilog/SizedFIFO.v:179$1201 ($memrd):
    Found 1 activation_patterns using ctrl signal $auto$opt_reduce.cc:134:opt_pmux$1865.
    No candidates found.
  Analyzing resource sharing options for $flatten\seg_adder_vff_in_0.$memrd$\arr$/teamspace/studios/this_studio/Melodica-Integration-into-Fife-Core/bsc/lib/Verilog/SizedFIFO.v:179$1201 ($memrd):
    Found 1 activation_patterns using ctrl signal $auto$opt_reduce.cc:134:opt_pmux$1859.
    No candidates found.
  Analyzing resource sharing options for $flatten\seg_adder_vff_carry_9.$memrd$\arr$/teamspace/studios/this_studio/Melodica-Integration-into-Fife-Core/bsc/lib/Verilog/SizedFIFO.v:179$1232 ($memrd):
    Found 1 activation_patterns using ctrl signal $auto$opt_reduce.cc:134:opt_pmux$1853.
    No candidates found.
  Analyzing resource sharing options for $flatten\seg_adder_vff_carry_8.$memrd$\arr$/teamspace/studios/this_studio/Melodica-Integration-into-Fife-Core/bsc/lib/Verilog/SizedFIFO.v:179$1232 ($memrd):
    Found 1 activation_patterns using ctrl signal $auto$opt_reduce.cc:134:opt_pmux$1847.
    No candidates found.
  Analyzing resource sharing options for $flatten\seg_adder_vff_carry_7.$memrd$\arr$/teamspace/studios/this_studio/Melodica-Integration-into-Fife-Core/bsc/lib/Verilog/SizedFIFO.v:179$1232 ($memrd):
    Found 1 activation_patterns using ctrl signal $auto$opt_reduce.cc:134:opt_pmux$1841.
    No candidates found.
  Analyzing resource sharing options for $flatten\seg_adder_vff_carry_6.$memrd$\arr$/teamspace/studios/this_studio/Melodica-Integration-into-Fife-Core/bsc/lib/Verilog/SizedFIFO.v:179$1232 ($memrd):
    Found 1 activation_patterns using ctrl signal $auto$opt_reduce.cc:134:opt_pmux$1835.
    No candidates found.
  Analyzing resource sharing options for $flatten\seg_adder_vff_carry_5.$memrd$\arr$/teamspace/studios/this_studio/Melodica-Integration-into-Fife-Core/bsc/lib/Verilog/SizedFIFO.v:179$1232 ($memrd):
    Found 1 activation_patterns using ctrl signal $auto$opt_reduce.cc:134:opt_pmux$1829.
    No candidates found.
  Analyzing resource sharing options for $flatten\seg_adder_vff_carry_4.$memrd$\arr$/teamspace/studios/this_studio/Melodica-Integration-into-Fife-Core/bsc/lib/Verilog/SizedFIFO.v:179$1232 ($memrd):
    Found 1 activation_patterns using ctrl signal $auto$opt_reduce.cc:134:opt_pmux$1823.
    No candidates found.
  Analyzing resource sharing options for $flatten\seg_adder_vff_carry_3.$memrd$\arr$/teamspace/studios/this_studio/Melodica-Integration-into-Fife-Core/bsc/lib/Verilog/SizedFIFO.v:179$1232 ($memrd):
    Found 1 activation_patterns using ctrl signal $auto$opt_reduce.cc:134:opt_pmux$1817.
    No candidates found.
  Analyzing resource sharing options for $flatten\seg_adder_vff_carry_2.$memrd$\arr$/teamspace/studios/this_studio/Melodica-Integration-into-Fife-Core/bsc/lib/Verilog/SizedFIFO.v:179$1232 ($memrd):
    Found 1 activation_patterns using ctrl signal $auto$opt_reduce.cc:134:opt_pmux$1811.
    No candidates found.
  Analyzing resource sharing options for $flatten\seg_adder_vff_carry_11.$memrd$\arr$/teamspace/studios/this_studio/Melodica-Integration-into-Fife-Core/bsc/lib/Verilog/SizedFIFO.v:179$1232 ($memrd):
    Found 1 activation_patterns using ctrl signal $auto$opt_reduce.cc:134:opt_pmux$1805.
    No candidates found.
  Analyzing resource sharing options for $flatten\seg_adder_vff_carry_10.$memrd$\arr$/teamspace/studios/this_studio/Melodica-Integration-into-Fife-Core/bsc/lib/Verilog/SizedFIFO.v:179$1232 ($memrd):
    Found 1 activation_patterns using ctrl signal $auto$opt_reduce.cc:134:opt_pmux$1799.
    No candidates found.
  Analyzing resource sharing options for $flatten\seg_adder_vff_carry_1.$memrd$\arr$/teamspace/studios/this_studio/Melodica-Integration-into-Fife-Core/bsc/lib/Verilog/SizedFIFO.v:179$1232 ($memrd):
    Found 1 activation_patterns using ctrl signal $auto$opt_reduce.cc:134:opt_pmux$1939.
    No candidates found.
  Analyzing resource sharing options for $flatten\seg_adder_vff_carry_0.$memrd$\arr$/teamspace/studios/this_studio/Melodica-Integration-into-Fife-Core/bsc/lib/Verilog/SizedFIFO.v:179$1232 ($memrd):
    Found 1 activation_patterns using ctrl signal $auto$opt_reduce.cc:134:opt_pmux$1935.
    No candidates found.

14.15. Executing OPT pass (performing simple optimizations).

14.15.1. Executing OPT_EXPR pass (perform const folding).
Optimizing module mkQuire.
<suppressed ~2 debug messages>

14.15.2. Executing OPT_MERGE pass (detect identical cells).
Finding identical cells in module `\mkQuire'.
Removed a total of 0 cells.

14.15.3. Executing OPT_MUXTREE pass (detect dead branches in mux trees).
Running muxtree optimizer on module \mkQuire..
  Creating internal representation of mux trees.
  Evaluating internal representation of mux trees.
  Analyzing evaluation results.
Removed 0 multiplexer ports.
<suppressed ~293 debug messages>

14.15.4. Executing OPT_REDUCE pass (consolidate $*mux and $reduce_* inputs).
  Optimizing cells in module \mkQuire.
Performed a total of 0 changes.

14.15.5. Executing OPT_MERGE pass (detect identical cells).
Finding identical cells in module `\mkQuire'.
Removed a total of 0 cells.

14.15.6. Executing OPT_DFF pass (perform DFF optimizations).

14.15.7. Executing OPT_CLEAN pass (remove unused cells and wires).
Finding unused cells or wires in module \mkQuire..
Removed 13 unused cells and 16 unused wires.
<suppressed ~27 debug messages>

14.15.8. Executing OPT_EXPR pass (perform const folding).
Optimizing module mkQuire.

14.15.9. Rerunning OPT passes. (Maybe there is more to do..)

14.15.10. Executing OPT_MUXTREE pass (detect dead branches in mux trees).
Running muxtree optimizer on module \mkQuire..
  Creating internal representation of mux trees.
  Evaluating internal representation of mux trees.
  Analyzing evaluation results.
Removed 0 multiplexer ports.
<suppressed ~293 debug messages>

14.15.11. Executing OPT_REDUCE pass (consolidate $*mux and $reduce_* inputs).
  Optimizing cells in module \mkQuire.
Performed a total of 0 changes.

14.15.12. Executing OPT_MERGE pass (detect identical cells).
Finding identical cells in module `\mkQuire'.
Removed a total of 0 cells.

14.15.13. Executing OPT_DFF pass (perform DFF optimizations).

14.15.14. Executing OPT_CLEAN pass (remove unused cells and wires).
Finding unused cells or wires in module \mkQuire..

14.15.15. Executing OPT_EXPR pass (perform const folding).
Optimizing module mkQuire.

14.15.16. Finished OPT passes. (There is nothing left to do.)

14.16. Executing MEMORY pass.

14.16.1. Executing OPT_MEM pass (optimize memories).
Performed a total of 0 transformations.

14.16.2. Executing OPT_MEM_PRIORITY pass (removing unnecessary memory write priority relations).
Performed a total of 0 transformations.

14.16.3. Executing OPT_MEM_FEEDBACK pass (finding memory read-to-write feedback paths).
  Analyzing mkQuire.seg_adder_vff_carry_0.arr write port 0.
  Analyzing mkQuire.seg_adder_vff_carry_1.arr write port 0.
  Analyzing mkQuire.seg_adder_vff_carry_10.arr write port 0.
  Analyzing mkQuire.seg_adder_vff_carry_11.arr write port 0.
  Analyzing mkQuire.seg_adder_vff_carry_2.arr write port 0.
  Analyzing mkQuire.seg_adder_vff_carry_3.arr write port 0.
  Analyzing mkQuire.seg_adder_vff_carry_4.arr write port 0.
  Analyzing mkQuire.seg_adder_vff_carry_5.arr write port 0.
  Analyzing mkQuire.seg_adder_vff_carry_6.arr write port 0.
  Analyzing mkQuire.seg_adder_vff_carry_7.arr write port 0.
  Analyzing mkQuire.seg_adder_vff_carry_8.arr write port 0.
  Analyzing mkQuire.seg_adder_vff_carry_9.arr write port 0.
  Analyzing mkQuire.seg_adder_vff_in_0.arr write port 0.
  Analyzing mkQuire.seg_adder_vff_in_1.arr write port 0.
  Analyzing mkQuire.seg_adder_vff_in_10.arr write port 0.
  Analyzing mkQuire.seg_adder_vff_in_11.arr write port 0.
  Analyzing mkQuire.seg_adder_vff_in_12.arr write port 0.
  Analyzing mkQuire.seg_adder_vff_in_2.arr write port 0.
  Analyzing mkQuire.seg_adder_vff_in_3.arr write port 0.
  Analyzing mkQuire.seg_adder_vff_in_4.arr write port 0.
  Analyzing mkQuire.seg_adder_vff_in_5.arr write port 0.
  Analyzing mkQuire.seg_adder_vff_in_6.arr write port 0.
  Analyzing mkQuire.seg_adder_vff_in_7.arr write port 0.
  Analyzing mkQuire.seg_adder_vff_in_8.arr write port 0.
  Analyzing mkQuire.seg_adder_vff_in_9.arr write port 0.

14.16.4. Executing MEMORY_BMUX2ROM pass (converting muxes to ROMs).

14.16.5. Executing MEMORY_DFF pass (merging $dff cells to $memrd).
Checking read port `\seg_adder_vff_carry_0.arr'[0] in module `\mkQuire': no output FF found.
Checking read port `\seg_adder_vff_carry_1.arr'[0] in module `\mkQuire': no output FF found.
Checking read port `\seg_adder_vff_carry_10.arr'[0] in module `\mkQuire': no output FF found.
Checking read port `\seg_adder_vff_carry_11.arr'[0] in module `\mkQuire': no output FF found.
Checking read port `\seg_adder_vff_carry_2.arr'[0] in module `\mkQuire': no output FF found.
Checking read port `\seg_adder_vff_carry_3.arr'[0] in module `\mkQuire': no output FF found.
Checking read port `\seg_adder_vff_carry_4.arr'[0] in module `\mkQuire': no output FF found.
Checking read port `\seg_adder_vff_carry_5.arr'[0] in module `\mkQuire': no output FF found.
Checking read port `\seg_adder_vff_carry_6.arr'[0] in module `\mkQuire': no output FF found.
Checking read port `\seg_adder_vff_carry_7.arr'[0] in module `\mkQuire': no output FF found.
Checking read port `\seg_adder_vff_carry_8.arr'[0] in module `\mkQuire': no output FF found.
Checking read port `\seg_adder_vff_carry_9.arr'[0] in module `\mkQuire': no output FF found.
Checking read port `\seg_adder_vff_in_0.arr'[0] in module `\mkQuire': no output FF found.
Checking read port `\seg_adder_vff_in_1.arr'[0] in module `\mkQuire': no output FF found.
Checking read port `\seg_adder_vff_in_10.arr'[0] in module `\mkQuire': no output FF found.
Checking read port `\seg_adder_vff_in_11.arr'[0] in module `\mkQuire': no output FF found.
Checking read port `\seg_adder_vff_in_12.arr'[0] in module `\mkQuire': no output FF found.
Checking read port `\seg_adder_vff_in_2.arr'[0] in module `\mkQuire': no output FF found.
Checking read port `\seg_adder_vff_in_3.arr'[0] in module `\mkQuire': no output FF found.
Checking read port `\seg_adder_vff_in_4.arr'[0] in module `\mkQuire': no output FF found.
Checking read port `\seg_adder_vff_in_5.arr'[0] in module `\mkQuire': no output FF found.
Checking read port `\seg_adder_vff_in_6.arr'[0] in module `\mkQuire': no output FF found.
Checking read port `\seg_adder_vff_in_7.arr'[0] in module `\mkQuire': no output FF found.
Checking read port `\seg_adder_vff_in_8.arr'[0] in module `\mkQuire': no output FF found.
Checking read port `\seg_adder_vff_in_9.arr'[0] in module `\mkQuire': no output FF found.
Checking read port address `\seg_adder_vff_carry_0.arr'[0] in module `\mkQuire': merged address FF to cell.
Checking read port address `\seg_adder_vff_carry_1.arr'[0] in module `\mkQuire': merged address FF to cell.
Checking read port address `\seg_adder_vff_carry_10.arr'[0] in module `\mkQuire': merged address FF to cell.
Checking read port address `\seg_adder_vff_carry_11.arr'[0] in module `\mkQuire': merged address FF to cell.
Checking read port address `\seg_adder_vff_carry_2.arr'[0] in module `\mkQuire': merged address FF to cell.
Checking read port address `\seg_adder_vff_carry_3.arr'[0] in module `\mkQuire': merged address FF to cell.
Checking read port address `\seg_adder_vff_carry_4.arr'[0] in module `\mkQuire': merged address FF to cell.
Checking read port address `\seg_adder_vff_carry_5.arr'[0] in module `\mkQuire': merged address FF to cell.
Checking read port address `\seg_adder_vff_carry_6.arr'[0] in module `\mkQuire': merged address FF to cell.
Checking read port address `\seg_adder_vff_carry_7.arr'[0] in module `\mkQuire': merged address FF to cell.
Checking read port address `\seg_adder_vff_carry_8.arr'[0] in module `\mkQuire': merged address FF to cell.
Checking read port address `\seg_adder_vff_carry_9.arr'[0] in module `\mkQuire': merged address FF to cell.
Checking read port address `\seg_adder_vff_in_0.arr'[0] in module `\mkQuire': merged address FF to cell.
Checking read port address `\seg_adder_vff_in_1.arr'[0] in module `\mkQuire': merged address FF to cell.
Checking read port address `\seg_adder_vff_in_10.arr'[0] in module `\mkQuire': merged address FF to cell.
Checking read port address `\seg_adder_vff_in_11.arr'[0] in module `\mkQuire': merged address FF to cell.
Checking read port address `\seg_adder_vff_in_12.arr'[0] in module `\mkQuire': merged address FF to cell.
Checking read port address `\seg_adder_vff_in_2.arr'[0] in module `\mkQuire': merged address FF to cell.
Checking read port address `\seg_adder_vff_in_3.arr'[0] in module `\mkQuire': merged address FF to cell.
Checking read port address `\seg_adder_vff_in_4.arr'[0] in module `\mkQuire': merged address FF to cell.
Checking read port address `\seg_adder_vff_in_5.arr'[0] in module `\mkQuire': merged address FF to cell.
Checking read port address `\seg_adder_vff_in_6.arr'[0] in module `\mkQuire': merged address FF to cell.
Checking read port address `\seg_adder_vff_in_7.arr'[0] in module `\mkQuire': merged address FF to cell.
Checking read port address `\seg_adder_vff_in_8.arr'[0] in module `\mkQuire': merged address FF to cell.
Checking read port address `\seg_adder_vff_in_9.arr'[0] in module `\mkQuire': merged address FF to cell.

14.16.6. Executing OPT_CLEAN pass (remove unused cells and wires).
Finding unused cells or wires in module \mkQuire..

14.16.7. Executing MEMORY_SHARE pass (consolidating $memrd/$memwr cells).

14.16.8. Executing OPT_MEM_WIDEN pass (optimize memories where all ports are wide).
Performed a total of 0 transformations.

14.16.9. Executing OPT_CLEAN pass (remove unused cells and wires).
Finding unused cells or wires in module \mkQuire..

14.16.10. Executing MEMORY_COLLECT pass (generating $mem cells).

14.17. Executing OPT_CLEAN pass (remove unused cells and wires).
Finding unused cells or wires in module \mkQuire..

14.18. Executing OPT pass (performing simple optimizations).

14.18.1. Executing OPT_EXPR pass (perform const folding).
Optimizing module mkQuire.
<suppressed ~490 debug messages>

14.18.2. Executing OPT_MERGE pass (detect identical cells).
Finding identical cells in module `\mkQuire'.
Removed a total of 0 cells.

14.18.3. Executing OPT_DFF pass (perform DFF optimizations).

14.18.4. Executing OPT_CLEAN pass (remove unused cells and wires).
Finding unused cells or wires in module \mkQuire..
Removed 0 unused cells and 198 unused wires.
<suppressed ~1 debug messages>

14.18.5. Finished fast OPT passes.

14.19. Executing MEMORY_MAP pass (converting memories to logic and flip-flops).
Mapping memory \seg_adder_vff_carry_0.arr in module \mkQuire:
  created 3 $dff cells and 0 static cells of width 1.
Extracted addr FF from read port 0 of mkQuire.seg_adder_vff_carry_0.arr: $\seg_adder_vff_carry_0.arr$rdreg[0]
  read interface: 1 $dff and 3 $mux cells.
  write interface: 3 write mux blocks.
Mapping memory \seg_adder_vff_carry_1.arr in module \mkQuire:
  created 3 $dff cells and 0 static cells of width 1.
Extracted addr FF from read port 0 of mkQuire.seg_adder_vff_carry_1.arr: $\seg_adder_vff_carry_1.arr$rdreg[0]
  read interface: 1 $dff and 3 $mux cells.
  write interface: 3 write mux blocks.
Mapping memory \seg_adder_vff_carry_10.arr in module \mkQuire:
  created 3 $dff cells and 0 static cells of width 1.
Extracted addr FF from read port 0 of mkQuire.seg_adder_vff_carry_10.arr: $\seg_adder_vff_carry_10.arr$rdreg[0]
  read interface: 1 $dff and 3 $mux cells.
  write interface: 3 write mux blocks.
Mapping memory \seg_adder_vff_carry_11.arr in module \mkQuire:
  created 3 $dff cells and 0 static cells of width 1.
Extracted addr FF from read port 0 of mkQuire.seg_adder_vff_carry_11.arr: $\seg_adder_vff_carry_11.arr$rdreg[0]
  read interface: 1 $dff and 3 $mux cells.
  write interface: 3 write mux blocks.
Mapping memory \seg_adder_vff_carry_2.arr in module \mkQuire:
  created 3 $dff cells and 0 static cells of width 1.
Extracted addr FF from read port 0 of mkQuire.seg_adder_vff_carry_2.arr: $\seg_adder_vff_carry_2.arr$rdreg[0]
  read interface: 1 $dff and 3 $mux cells.
  write interface: 3 write mux blocks.
Mapping memory \seg_adder_vff_carry_3.arr in module \mkQuire:
  created 3 $dff cells and 0 static cells of width 1.
Extracted addr FF from read port 0 of mkQuire.seg_adder_vff_carry_3.arr: $\seg_adder_vff_carry_3.arr$rdreg[0]
  read interface: 1 $dff and 3 $mux cells.
  write interface: 3 write mux blocks.
Mapping memory \seg_adder_vff_carry_4.arr in module \mkQuire:
  created 3 $dff cells and 0 static cells of width 1.
Extracted addr FF from read port 0 of mkQuire.seg_adder_vff_carry_4.arr: $\seg_adder_vff_carry_4.arr$rdreg[0]
  read interface: 1 $dff and 3 $mux cells.
  write interface: 3 write mux blocks.
Mapping memory \seg_adder_vff_carry_5.arr in module \mkQuire:
  created 3 $dff cells and 0 static cells of width 1.
Extracted addr FF from read port 0 of mkQuire.seg_adder_vff_carry_5.arr: $\seg_adder_vff_carry_5.arr$rdreg[0]
  read interface: 1 $dff and 3 $mux cells.
  write interface: 3 write mux blocks.
Mapping memory \seg_adder_vff_carry_6.arr in module \mkQuire:
  created 3 $dff cells and 0 static cells of width 1.
Extracted addr FF from read port 0 of mkQuire.seg_adder_vff_carry_6.arr: $\seg_adder_vff_carry_6.arr$rdreg[0]
  read interface: 1 $dff and 3 $mux cells.
  write interface: 3 write mux blocks.
Mapping memory \seg_adder_vff_carry_7.arr in module \mkQuire:
  created 3 $dff cells and 0 static cells of width 1.
Extracted addr FF from read port 0 of mkQuire.seg_adder_vff_carry_7.arr: $\seg_adder_vff_carry_7.arr$rdreg[0]
  read interface: 1 $dff and 3 $mux cells.
  write interface: 3 write mux blocks.
Mapping memory \seg_adder_vff_carry_8.arr in module \mkQuire:
  created 3 $dff cells and 0 static cells of width 1.
Extracted addr FF from read port 0 of mkQuire.seg_adder_vff_carry_8.arr: $\seg_adder_vff_carry_8.arr$rdreg[0]
  read interface: 1 $dff and 3 $mux cells.
  write interface: 3 write mux blocks.
Mapping memory \seg_adder_vff_carry_9.arr in module \mkQuire:
  created 3 $dff cells and 0 static cells of width 1.
Extracted addr FF from read port 0 of mkQuire.seg_adder_vff_carry_9.arr: $\seg_adder_vff_carry_9.arr$rdreg[0]
  read interface: 1 $dff and 3 $mux cells.
  write interface: 3 write mux blocks.
Mapping memory \seg_adder_vff_in_0.arr in module \mkQuire:
  created 3 $dff cells and 0 static cells of width 32.
Extracted addr FF from read port 0 of mkQuire.seg_adder_vff_in_0.arr: $\seg_adder_vff_in_0.arr$rdreg[0]
  read interface: 1 $dff and 3 $mux cells.
  write interface: 3 write mux blocks.
Mapping memory \seg_adder_vff_in_1.arr in module \mkQuire:
  created 3 $dff cells and 0 static cells of width 32.
Extracted addr FF from read port 0 of mkQuire.seg_adder_vff_in_1.arr: $\seg_adder_vff_in_1.arr$rdreg[0]
  read interface: 1 $dff and 3 $mux cells.
  write interface: 3 write mux blocks.
Mapping memory \seg_adder_vff_in_10.arr in module \mkQuire:
  created 3 $dff cells and 0 static cells of width 32.
Extracted addr FF from read port 0 of mkQuire.seg_adder_vff_in_10.arr: $\seg_adder_vff_in_10.arr$rdreg[0]
  read interface: 1 $dff and 3 $mux cells.
  write interface: 3 write mux blocks.
Mapping memory \seg_adder_vff_in_11.arr in module \mkQuire:
  created 3 $dff cells and 0 static cells of width 32.
Extracted addr FF from read port 0 of mkQuire.seg_adder_vff_in_11.arr: $\seg_adder_vff_in_11.arr$rdreg[0]
  read interface: 1 $dff and 3 $mux cells.
  write interface: 3 write mux blocks.
Mapping memory \seg_adder_vff_in_12.arr in module \mkQuire:
  created 3 $dff cells and 0 static cells of width 32.
Extracted addr FF from read port 0 of mkQuire.seg_adder_vff_in_12.arr: $\seg_adder_vff_in_12.arr$rdreg[0]
  read interface: 1 $dff and 3 $mux cells.
  write interface: 3 write mux blocks.
Mapping memory \seg_adder_vff_in_2.arr in module \mkQuire:
  created 3 $dff cells and 0 static cells of width 32.
Extracted addr FF from read port 0 of mkQuire.seg_adder_vff_in_2.arr: $\seg_adder_vff_in_2.arr$rdreg[0]
  read interface: 1 $dff and 3 $mux cells.
  write interface: 3 write mux blocks.
Mapping memory \seg_adder_vff_in_3.arr in module \mkQuire:
  created 3 $dff cells and 0 static cells of width 32.
Extracted addr FF from read port 0 of mkQuire.seg_adder_vff_in_3.arr: $\seg_adder_vff_in_3.arr$rdreg[0]
  read interface: 1 $dff and 3 $mux cells.
  write interface: 3 write mux blocks.
Mapping memory \seg_adder_vff_in_4.arr in module \mkQuire:
  created 3 $dff cells and 0 static cells of width 32.
Extracted addr FF from read port 0 of mkQuire.seg_adder_vff_in_4.arr: $\seg_adder_vff_in_4.arr$rdreg[0]
  read interface: 1 $dff and 3 $mux cells.
  write interface: 3 write mux blocks.
Mapping memory \seg_adder_vff_in_5.arr in module \mkQuire:
  created 3 $dff cells and 0 static cells of width 32.
Extracted addr FF from read port 0 of mkQuire.seg_adder_vff_in_5.arr: $\seg_adder_vff_in_5.arr$rdreg[0]
  read interface: 1 $dff and 3 $mux cells.
  write interface: 3 write mux blocks.
Mapping memory \seg_adder_vff_in_6.arr in module \mkQuire:
  created 3 $dff cells and 0 static cells of width 32.
Extracted addr FF from read port 0 of mkQuire.seg_adder_vff_in_6.arr: $\seg_adder_vff_in_6.arr$rdreg[0]
  read interface: 1 $dff and 3 $mux cells.
  write interface: 3 write mux blocks.
Mapping memory \seg_adder_vff_in_7.arr in module \mkQuire:
  created 3 $dff cells and 0 static cells of width 32.
Extracted addr FF from read port 0 of mkQuire.seg_adder_vff_in_7.arr: $\seg_adder_vff_in_7.arr$rdreg[0]
  read interface: 1 $dff and 3 $mux cells.
  write interface: 3 write mux blocks.
Mapping memory \seg_adder_vff_in_8.arr in module \mkQuire:
  created 3 $dff cells and 0 static cells of width 32.
Extracted addr FF from read port 0 of mkQuire.seg_adder_vff_in_8.arr: $\seg_adder_vff_in_8.arr$rdreg[0]
  read interface: 1 $dff and 3 $mux cells.
  write interface: 3 write mux blocks.
Mapping memory \seg_adder_vff_in_9.arr in module \mkQuire:
  created 3 $dff cells and 0 static cells of width 32.
Extracted addr FF from read port 0 of mkQuire.seg_adder_vff_in_9.arr: $\seg_adder_vff_in_9.arr$rdreg[0]
  read interface: 1 $dff and 3 $mux cells.
  write interface: 3 write mux blocks.

14.20. Executing OPT pass (performing simple optimizations).

14.20.1. Executing OPT_EXPR pass (perform const folding).
Optimizing module mkQuire.
<suppressed ~313 debug messages>

14.20.2. Executing OPT_MERGE pass (detect identical cells).
Finding identical cells in module `\mkQuire'.
Removed a total of 0 cells.

14.20.3. Executing OPT_MUXTREE pass (detect dead branches in mux trees).
Running muxtree optimizer on module \mkQuire..
  Creating internal representation of mux trees.
  Evaluating internal representation of mux trees.
  Analyzing evaluation results.
Removed 0 multiplexer ports.
<suppressed ~267 debug messages>

14.20.4. Executing OPT_REDUCE pass (consolidate $*mux and $reduce_* inputs).
  Optimizing cells in module \mkQuire.
    Consolidated identical input bits for $mux cell $flatten\instance_fn_twosC_quire_0.$ternary$/teamspace/studios/this_studio/Melodica-Integration-into-Fife-Core/Learn_Bluespec_and_RISCV_Design/Code/Build/Fife/verilog/module_fn_twosC_quire.v:97$104:
      Old ports: A=31'0000000000000000000000000000000, B=31'1111111111111111111111111111111, Y=\instance_fn_twosC_quire_0.IF_fn_twosC_quire_quire_seg_zero_PLUS_1_BIT_12_ETC___d9 [30:0]
      New ports: A=1'0, B=1'1, Y=\instance_fn_twosC_quire_0.IF_fn_twosC_quire_quire_seg_zero_PLUS_1_BIT_12_ETC___d9 [0]
      New connections: \instance_fn_twosC_quire_0.IF_fn_twosC_quire_quire_seg_zero_PLUS_1_BIT_12_ETC___d9 [30:1] = { \instance_fn_twosC_quire_0.IF_fn_twosC_quire_quire_seg_zero_PLUS_1_BIT_12_ETC___d9 [0] \instance_fn_twosC_quire_0.IF_fn_twosC_quire_quire_seg_zero_PLUS_1_BIT_12_ETC___d9 [0] \instance_fn_twosC_quire_0.IF_fn_twosC_quire_quire_seg_zero_PLUS_1_BIT_12_ETC___d9 [0] \instance_fn_twosC_quire_0.IF_fn_twosC_quire_quire_seg_zero_PLUS_1_BIT_12_ETC___d9 [0] \instance_fn_twosC_quire_0.IF_fn_twosC_quire_quire_seg_zero_PLUS_1_BIT_12_ETC___d9 [0] \instance_fn_twosC_quire_0.IF_fn_twosC_quire_quire_seg_zero_PLUS_1_BIT_12_ETC___d9 [0] \instance_fn_twosC_quire_0.IF_fn_twosC_quire_quire_seg_zero_PLUS_1_BIT_12_ETC___d9 [0] \instance_fn_twosC_quire_0.IF_fn_twosC_quire_quire_seg_zero_PLUS_1_BIT_12_ETC___d9 [0] \instance_fn_twosC_quire_0.IF_fn_twosC_quire_quire_seg_zero_PLUS_1_BIT_12_ETC___d9 [0] \instance_fn_twosC_quire_0.IF_fn_twosC_quire_quire_seg_zero_PLUS_1_BIT_12_ETC___d9 [0] \instance_fn_twosC_quire_0.IF_fn_twosC_quire_quire_seg_zero_PLUS_1_BIT_12_ETC___d9 [0] \instance_fn_twosC_quire_0.IF_fn_twosC_quire_quire_seg_zero_PLUS_1_BIT_12_ETC___d9 [0] \instance_fn_twosC_quire_0.IF_fn_twosC_quire_quire_seg_zero_PLUS_1_BIT_12_ETC___d9 [0] \instance_fn_twosC_quire_0.IF_fn_twosC_quire_quire_seg_zero_PLUS_1_BIT_12_ETC___d9 [0] \instance_fn_twosC_quire_0.IF_fn_twosC_quire_quire_seg_zero_PLUS_1_BIT_12_ETC___d9 [0] \instance_fn_twosC_quire_0.IF_fn_twosC_quire_quire_seg_zero_PLUS_1_BIT_12_ETC___d9 [0] \instance_fn_twosC_quire_0.IF_fn_twosC_quire_quire_seg_zero_PLUS_1_BIT_12_ETC___d9 [0] \instance_fn_twosC_quire_0.IF_fn_twosC_quire_quire_seg_zero_PLUS_1_BIT_12_ETC___d9 [0] \instance_fn_twosC_quire_0.IF_fn_twosC_quire_quire_seg_zero_PLUS_1_BIT_12_ETC___d9 [0] \instance_fn_twosC_quire_0.IF_fn_twosC_quire_quire_seg_zero_PLUS_1_BIT_12_ETC___d9 [0] \instance_fn_twosC_quire_0.IF_fn_twosC_quire_quire_seg_zero_PLUS_1_BIT_12_ETC___d9 [0] \instance_fn_twosC_quire_0.IF_fn_twosC_quire_quire_seg_zero_PLUS_1_BIT_12_ETC___d9 [0] \instance_fn_twosC_quire_0.IF_fn_twosC_quire_quire_seg_zero_PLUS_1_BIT_12_ETC___d9 [0] \instance_fn_twosC_quire_0.IF_fn_twosC_quire_quire_seg_zero_PLUS_1_BIT_12_ETC___d9 [0] \instance_fn_twosC_quire_0.IF_fn_twosC_quire_quire_seg_zero_PLUS_1_BIT_12_ETC___d9 [0] \instance_fn_twosC_quire_0.IF_fn_twosC_quire_quire_seg_zero_PLUS_1_BIT_12_ETC___d9 [0] \instance_fn_twosC_quire_0.IF_fn_twosC_quire_quire_seg_zero_PLUS_1_BIT_12_ETC___d9 [0] \instance_fn_twosC_quire_0.IF_fn_twosC_quire_quire_seg_zero_PLUS_1_BIT_12_ETC___d9 [0] \instance_fn_twosC_quire_0.IF_fn_twosC_quire_quire_seg_zero_PLUS_1_BIT_12_ETC___d9 [0] \instance_fn_twosC_quire_0.IF_fn_twosC_quire_quire_seg_zero_PLUS_1_BIT_12_ETC___d9 [0] }
    Consolidated identical input bits for $mux cell $flatten\instance_fn_twosC_quire_2.$ternary$/teamspace/studios/this_studio/Melodica-Integration-into-Fife-Core/Learn_Bluespec_and_RISCV_Design/Code/Build/Fife/verilog/module_fn_twosC_quire.v:97$104:
      Old ports: A=31'0000000000000000000000000000000, B=31'1111111111111111111111111111111, Y=\instance_fn_twosC_quire_2.IF_fn_twosC_quire_quire_seg_zero_PLUS_1_BIT_12_ETC___d9 [30:0]
      New ports: A=1'0, B=1'1, Y=\instance_fn_twosC_quire_2.IF_fn_twosC_quire_quire_seg_zero_PLUS_1_BIT_12_ETC___d9 [0]
      New connections: \instance_fn_twosC_quire_2.IF_fn_twosC_quire_quire_seg_zero_PLUS_1_BIT_12_ETC___d9 [30:1] = { \instance_fn_twosC_quire_2.IF_fn_twosC_quire_quire_seg_zero_PLUS_1_BIT_12_ETC___d9 [0] \instance_fn_twosC_quire_2.IF_fn_twosC_quire_quire_seg_zero_PLUS_1_BIT_12_ETC___d9 [0] \instance_fn_twosC_quire_2.IF_fn_twosC_quire_quire_seg_zero_PLUS_1_BIT_12_ETC___d9 [0] \instance_fn_twosC_quire_2.IF_fn_twosC_quire_quire_seg_zero_PLUS_1_BIT_12_ETC___d9 [0] \instance_fn_twosC_quire_2.IF_fn_twosC_quire_quire_seg_zero_PLUS_1_BIT_12_ETC___d9 [0] \instance_fn_twosC_quire_2.IF_fn_twosC_quire_quire_seg_zero_PLUS_1_BIT_12_ETC___d9 [0] \instance_fn_twosC_quire_2.IF_fn_twosC_quire_quire_seg_zero_PLUS_1_BIT_12_ETC___d9 [0] \instance_fn_twosC_quire_2.IF_fn_twosC_quire_quire_seg_zero_PLUS_1_BIT_12_ETC___d9 [0] \instance_fn_twosC_quire_2.IF_fn_twosC_quire_quire_seg_zero_PLUS_1_BIT_12_ETC___d9 [0] \instance_fn_twosC_quire_2.IF_fn_twosC_quire_quire_seg_zero_PLUS_1_BIT_12_ETC___d9 [0] \instance_fn_twosC_quire_2.IF_fn_twosC_quire_quire_seg_zero_PLUS_1_BIT_12_ETC___d9 [0] \instance_fn_twosC_quire_2.IF_fn_twosC_quire_quire_seg_zero_PLUS_1_BIT_12_ETC___d9 [0] \instance_fn_twosC_quire_2.IF_fn_twosC_quire_quire_seg_zero_PLUS_1_BIT_12_ETC___d9 [0] \instance_fn_twosC_quire_2.IF_fn_twosC_quire_quire_seg_zero_PLUS_1_BIT_12_ETC___d9 [0] \instance_fn_twosC_quire_2.IF_fn_twosC_quire_quire_seg_zero_PLUS_1_BIT_12_ETC___d9 [0] \instance_fn_twosC_quire_2.IF_fn_twosC_quire_quire_seg_zero_PLUS_1_BIT_12_ETC___d9 [0] \instance_fn_twosC_quire_2.IF_fn_twosC_quire_quire_seg_zero_PLUS_1_BIT_12_ETC___d9 [0] \instance_fn_twosC_quire_2.IF_fn_twosC_quire_quire_seg_zero_PLUS_1_BIT_12_ETC___d9 [0] \instance_fn_twosC_quire_2.IF_fn_twosC_quire_quire_seg_zero_PLUS_1_BIT_12_ETC___d9 [0] \instance_fn_twosC_quire_2.IF_fn_twosC_quire_quire_seg_zero_PLUS_1_BIT_12_ETC___d9 [0] \instance_fn_twosC_quire_2.IF_fn_twosC_quire_quire_seg_zero_PLUS_1_BIT_12_ETC___d9 [0] \instance_fn_twosC_quire_2.IF_fn_twosC_quire_quire_seg_zero_PLUS_1_BIT_12_ETC___d9 [0] \instance_fn_twosC_quire_2.IF_fn_twosC_quire_quire_seg_zero_PLUS_1_BIT_12_ETC___d9 [0] \instance_fn_twosC_quire_2.IF_fn_twosC_quire_quire_seg_zero_PLUS_1_BIT_12_ETC___d9 [0] \instance_fn_twosC_quire_2.IF_fn_twosC_quire_quire_seg_zero_PLUS_1_BIT_12_ETC___d9 [0] \instance_fn_twosC_quire_2.IF_fn_twosC_quire_quire_seg_zero_PLUS_1_BIT_12_ETC___d9 [0] \instance_fn_twosC_quire_2.IF_fn_twosC_quire_quire_seg_zero_PLUS_1_BIT_12_ETC___d9 [0] \instance_fn_twosC_quire_2.IF_fn_twosC_quire_quire_seg_zero_PLUS_1_BIT_12_ETC___d9 [0] \instance_fn_twosC_quire_2.IF_fn_twosC_quire_quire_seg_zero_PLUS_1_BIT_12_ETC___d9 [0] \instance_fn_twosC_quire_2.IF_fn_twosC_quire_quire_seg_zero_PLUS_1_BIT_12_ETC___d9 [0] }
    Consolidated identical input bits for $mux cell $ternary$/teamspace/studios/this_studio/Melodica-Integration-into-Fife-Core/Learn_Bluespec_and_RISCV_Design/Code/Build/Fife/verilog/mkQuire.v:2061$682:
      Old ports: A={ 2'00 \MUX_posit_rsp_f$enq_1__VAL_2 [37] \IF_SEXT_IF_ff_num_msb_zeros_first__19_PLUS_1_2_ETC___d338 \prenorm_posit_frac__h20632 \x__h29380 \x__h32320 }, B=40'1000000000000000000000000000000000000001, Y=\posit_rsp_f$D_IN
      New ports: A={ 1'0 \MUX_posit_rsp_f$enq_1__VAL_2 [37] \IF_SEXT_IF_ff_num_msb_zeros_first__19_PLUS_1_2_ETC___d338 \prenorm_posit_frac__h20632 \x__h29380 \x__h32320 }, B=39'100000000000000000000000000000000000001, Y={ \posit_rsp_f$D_IN [39] \posit_rsp_f$D_IN [37:0] }
      New connections: \posit_rsp_f$D_IN [38] = 1'0
    Consolidated identical input bits for $mux cell $ternary$/teamspace/studios/this_studio/Melodica-Integration-into-Fife-Core/Learn_Bluespec_and_RISCV_Design/Code/Build/Fife/verilog/mkQuire.v:2678$816:
      Old ports: A=6'100000, B=6'011111, Y=$ternary$/teamspace/studios/this_studio/Melodica-Integration-into-Fife-Core/Learn_Bluespec_and_RISCV_Design/Code/Build/Fife/verilog/mkQuire.v:2678$816_Y
      New ports: A=2'10, B=2'01, Y={ $ternary$/teamspace/studios/this_studio/Melodica-Integration-into-Fife-Core/Learn_Bluespec_and_RISCV_Design/Code/Build/Fife/verilog/mkQuire.v:2678$816_Y [5] $ternary$/teamspace/studios/this_studio/Melodica-Integration-into-Fife-Core/Learn_Bluespec_and_RISCV_Design/Code/Build/Fife/verilog/mkQuire.v:2678$816_Y [0] }
      New connections: $ternary$/teamspace/studios/this_studio/Melodica-Integration-into-Fife-Core/Learn_Bluespec_and_RISCV_Design/Code/Build/Fife/verilog/mkQuire.v:2678$816_Y [4:1] = { $ternary$/teamspace/studios/this_studio/Melodica-Integration-into-Fife-Core/Learn_Bluespec_and_RISCV_Design/Code/Build/Fife/verilog/mkQuire.v:2678$816_Y [0] $ternary$/teamspace/studios/this_studio/Melodica-Integration-into-Fife-Core/Learn_Bluespec_and_RISCV_Design/Code/Build/Fife/verilog/mkQuire.v:2678$816_Y [0] $ternary$/teamspace/studios/this_studio/Melodica-Integration-into-Fife-Core/Learn_Bluespec_and_RISCV_Design/Code/Build/Fife/verilog/mkQuire.v:2678$816_Y [0] $ternary$/teamspace/studios/this_studio/Melodica-Integration-into-Fife-Core/Learn_Bluespec_and_RISCV_Design/Code/Build/Fife/verilog/mkQuire.v:2678$816_Y [0] }
  Optimizing cells in module \mkQuire.
    Consolidated identical input bits for $mux cell $ternary$/teamspace/studios/this_studio/Melodica-Integration-into-Fife-Core/Learn_Bluespec_and_RISCV_Design/Code/Build/Fife/verilog/mkQuire.v:1264$293:
      Old ports: A=0, B={ 1'1 \instance_fn_twosC_quire_2.IF_fn_twosC_quire_quire_seg_zero_PLUS_1_BIT_12_ETC___d9 [30:0] }, Y=\MUX_vrg_quire_12$write_1__VAL_2
      New ports: A=2'00, B={ 1'1 \instance_fn_twosC_quire_2.IF_fn_twosC_quire_quire_seg_zero_PLUS_1_BIT_12_ETC___d9 [0] }, Y={ \MUX_vrg_quire_12$write_1__VAL_2 [31] \MUX_vrg_quire_12$write_1__VAL_2 [0] }
      New connections: \MUX_vrg_quire_12$write_1__VAL_2 [30:1] = { \MUX_vrg_quire_12$write_1__VAL_2 [0] \MUX_vrg_quire_12$write_1__VAL_2 [0] \MUX_vrg_quire_12$write_1__VAL_2 [0] \MUX_vrg_quire_12$write_1__VAL_2 [0] \MUX_vrg_quire_12$write_1__VAL_2 [0] \MUX_vrg_quire_12$write_1__VAL_2 [0] \MUX_vrg_quire_12$write_1__VAL_2 [0] \MUX_vrg_quire_12$write_1__VAL_2 [0] \MUX_vrg_quire_12$write_1__VAL_2 [0] \MUX_vrg_quire_12$write_1__VAL_2 [0] \MUX_vrg_quire_12$write_1__VAL_2 [0] \MUX_vrg_quire_12$write_1__VAL_2 [0] \MUX_vrg_quire_12$write_1__VAL_2 [0] \MUX_vrg_quire_12$write_1__VAL_2 [0] \MUX_vrg_quire_12$write_1__VAL_2 [0] \MUX_vrg_quire_12$write_1__VAL_2 [0] \MUX_vrg_quire_12$write_1__VAL_2 [0] \MUX_vrg_quire_12$write_1__VAL_2 [0] \MUX_vrg_quire_12$write_1__VAL_2 [0] \MUX_vrg_quire_12$write_1__VAL_2 [0] \MUX_vrg_quire_12$write_1__VAL_2 [0] \MUX_vrg_quire_12$write_1__VAL_2 [0] \MUX_vrg_quire_12$write_1__VAL_2 [0] \MUX_vrg_quire_12$write_1__VAL_2 [0] \MUX_vrg_quire_12$write_1__VAL_2 [0] \MUX_vrg_quire_12$write_1__VAL_2 [0] \MUX_vrg_quire_12$write_1__VAL_2 [0] \MUX_vrg_quire_12$write_1__VAL_2 [0] \MUX_vrg_quire_12$write_1__VAL_2 [0] \MUX_vrg_quire_12$write_1__VAL_2 [0] }
    Consolidated identical input bits for $mux cell $ternary$/teamspace/studios/this_studio/Melodica-Integration-into-Fife-Core/Learn_Bluespec_and_RISCV_Design/Code/Build/Fife/verilog/mkQuire.v:2378$757:
      Old ports: A={ 32'00000000000000000000000000000000 \accumulate_x [388:5] }, B={ 1'1 \instance_fn_twosC_quire_0.IF_fn_twosC_quire_quire_seg_zero_PLUS_1_BIT_12_ETC___d9 [30:0] \instance_fn_twosC_quire_0.IF_fn_twosC_quire_quire_seg_zero_PLUS_1_BIT_11_ETC___d18 \instance_fn_twosC_quire_0.IF_fn_twosC_quire_quire_seg_zero_PLUS_1_BIT_10_ETC___d26 \instance_fn_twosC_quire_0.IF_fn_twosC_quire_quire_seg_zero_PLUS_1_BIT_9__ETC___d35 \instance_fn_twosC_quire_0.IF_fn_twosC_quire_quire_seg_zero_PLUS_1_BIT_8__ETC___d43 \instance_fn_twosC_quire_0.IF_fn_twosC_quire_quire_seg_zero_PLUS_1_BIT_7__ETC___d52 \instance_fn_twosC_quire_0.IF_fn_twosC_quire_quire_seg_zero_PLUS_1_BIT_6__ETC___d60 \instance_fn_twosC_quire_0.IF_fn_twosC_quire_quire_seg_zero_PLUS_1_BIT_5__ETC___d69 \instance_fn_twosC_quire_0.IF_fn_twosC_quire_quire_seg_zero_PLUS_1_BIT_4__ETC___d77 \instance_fn_twosC_quire_0.IF_fn_twosC_quire_quire_seg_zero_PLUS_1_BIT_3__ETC___d86 \instance_fn_twosC_quire_0.IF_fn_twosC_quire_quire_seg_zero_PLUS_1_BIT_2__ETC___d94 \instance_fn_twosC_quire_0.IF_fn_twosC_quire_quire_seg_zero_PLUS_1_BIT_1__ETC___d103 \instance_fn_twosC_quire_0.IF_fn_twosC_quire_quire_seg_zero_PLUS_1_BIT_0__ETC___d111 }, Y=\IF_accumulate_x_BIT_389_06_THEN_0b1_CONCAT_fn__ETC___d441
      New ports: A={ 2'00 \accumulate_x [388:5] }, B={ 1'1 \instance_fn_twosC_quire_0.IF_fn_twosC_quire_quire_seg_zero_PLUS_1_BIT_12_ETC___d9 [0] \instance_fn_twosC_quire_0.IF_fn_twosC_quire_quire_seg_zero_PLUS_1_BIT_11_ETC___d18 \instance_fn_twosC_quire_0.IF_fn_twosC_quire_quire_seg_zero_PLUS_1_BIT_10_ETC___d26 \instance_fn_twosC_quire_0.IF_fn_twosC_quire_quire_seg_zero_PLUS_1_BIT_9__ETC___d35 \instance_fn_twosC_quire_0.IF_fn_twosC_quire_quire_seg_zero_PLUS_1_BIT_8__ETC___d43 \instance_fn_twosC_quire_0.IF_fn_twosC_quire_quire_seg_zero_PLUS_1_BIT_7__ETC___d52 \instance_fn_twosC_quire_0.IF_fn_twosC_quire_quire_seg_zero_PLUS_1_BIT_6__ETC___d60 \instance_fn_twosC_quire_0.IF_fn_twosC_quire_quire_seg_zero_PLUS_1_BIT_5__ETC___d69 \instance_fn_twosC_quire_0.IF_fn_twosC_quire_quire_seg_zero_PLUS_1_BIT_4__ETC___d77 \instance_fn_twosC_quire_0.IF_fn_twosC_quire_quire_seg_zero_PLUS_1_BIT_3__ETC___d86 \instance_fn_twosC_quire_0.IF_fn_twosC_quire_quire_seg_zero_PLUS_1_BIT_2__ETC___d94 \instance_fn_twosC_quire_0.IF_fn_twosC_quire_quire_seg_zero_PLUS_1_BIT_1__ETC___d103 \instance_fn_twosC_quire_0.IF_fn_twosC_quire_quire_seg_zero_PLUS_1_BIT_0__ETC___d111 }, Y={ \IF_accumulate_x_BIT_389_06_THEN_0b1_CONCAT_fn__ETC___d441 [415] \IF_accumulate_x_BIT_389_06_THEN_0b1_CONCAT_fn__ETC___d441 [384:0] }
      New connections: \IF_accumulate_x_BIT_389_06_THEN_0b1_CONCAT_fn__ETC___d441 [414:385] = { \IF_accumulate_x_BIT_389_06_THEN_0b1_CONCAT_fn__ETC___d441 [384] \IF_accumulate_x_BIT_389_06_THEN_0b1_CONCAT_fn__ETC___d441 [384] \IF_accumulate_x_BIT_389_06_THEN_0b1_CONCAT_fn__ETC___d441 [384] \IF_accumulate_x_BIT_389_06_THEN_0b1_CONCAT_fn__ETC___d441 [384] \IF_accumulate_x_BIT_389_06_THEN_0b1_CONCAT_fn__ETC___d441 [384] \IF_accumulate_x_BIT_389_06_THEN_0b1_CONCAT_fn__ETC___d441 [384] \IF_accumulate_x_BIT_389_06_THEN_0b1_CONCAT_fn__ETC___d441 [384] \IF_accumulate_x_BIT_389_06_THEN_0b1_CONCAT_fn__ETC___d441 [384] \IF_accumulate_x_BIT_389_06_THEN_0b1_CONCAT_fn__ETC___d441 [384] \IF_accumulate_x_BIT_389_06_THEN_0b1_CONCAT_fn__ETC___d441 [384] \IF_accumulate_x_BIT_389_06_THEN_0b1_CONCAT_fn__ETC___d441 [384] \IF_accumulate_x_BIT_389_06_THEN_0b1_CONCAT_fn__ETC___d441 [384] \IF_accumulate_x_BIT_389_06_THEN_0b1_CONCAT_fn__ETC___d441 [384] \IF_accumulate_x_BIT_389_06_THEN_0b1_CONCAT_fn__ETC___d441 [384] \IF_accumulate_x_BIT_389_06_THEN_0b1_CONCAT_fn__ETC___d441 [384] \IF_accumulate_x_BIT_389_06_THEN_0b1_CONCAT_fn__ETC___d441 [384] \IF_accumulate_x_BIT_389_06_THEN_0b1_CONCAT_fn__ETC___d441 [384] \IF_accumulate_x_BIT_389_06_THEN_0b1_CONCAT_fn__ETC___d441 [384] \IF_accumulate_x_BIT_389_06_THEN_0b1_CONCAT_fn__ETC___d441 [384] \IF_accumulate_x_BIT_389_06_THEN_0b1_CONCAT_fn__ETC___d441 [384] \IF_accumulate_x_BIT_389_06_THEN_0b1_CONCAT_fn__ETC___d441 [384] \IF_accumulate_x_BIT_389_06_THEN_0b1_CONCAT_fn__ETC___d441 [384] \IF_accumulate_x_BIT_389_06_THEN_0b1_CONCAT_fn__ETC___d441 [384] \IF_accumulate_x_BIT_389_06_THEN_0b1_CONCAT_fn__ETC___d441 [384] \IF_accumulate_x_BIT_389_06_THEN_0b1_CONCAT_fn__ETC___d441 [384] \IF_accumulate_x_BIT_389_06_THEN_0b1_CONCAT_fn__ETC___d441 [384] \IF_accumulate_x_BIT_389_06_THEN_0b1_CONCAT_fn__ETC___d441 [384] \IF_accumulate_x_BIT_389_06_THEN_0b1_CONCAT_fn__ETC___d441 [384] \IF_accumulate_x_BIT_389_06_THEN_0b1_CONCAT_fn__ETC___d441 [384] \IF_accumulate_x_BIT_389_06_THEN_0b1_CONCAT_fn__ETC___d441 [384] }
    Consolidated identical input bits for $mux cell $ternary$/teamspace/studios/this_studio/Melodica-Integration-into-Fife-Core/Learn_Bluespec_and_RISCV_Design/Code/Build/Fife/verilog/mkQuire.v:2676$817:
      Old ports: A=$ternary$/teamspace/studios/this_studio/Melodica-Integration-into-Fife-Core/Learn_Bluespec_and_RISCV_Design/Code/Build/Fife/verilog/mkQuire.v:2678$816_Y, B=6'011110, Y=$ternary$/teamspace/studios/this_studio/Melodica-Integration-into-Fife-Core/Learn_Bluespec_and_RISCV_Design/Code/Build/Fife/verilog/mkQuire.v:2676$817_Y
      New ports: A={ $ternary$/teamspace/studios/this_studio/Melodica-Integration-into-Fife-Core/Learn_Bluespec_and_RISCV_Design/Code/Build/Fife/verilog/mkQuire.v:2678$816_Y [5] $ternary$/teamspace/studios/this_studio/Melodica-Integration-into-Fife-Core/Learn_Bluespec_and_RISCV_Design/Code/Build/Fife/verilog/mkQuire.v:2678$816_Y [0] $ternary$/teamspace/studios/this_studio/Melodica-Integration-into-Fife-Core/Learn_Bluespec_and_RISCV_Design/Code/Build/Fife/verilog/mkQuire.v:2678$816_Y [0] }, B=3'010, Y={ $ternary$/teamspace/studios/this_studio/Melodica-Integration-into-Fife-Core/Learn_Bluespec_and_RISCV_Design/Code/Build/Fife/verilog/mkQuire.v:2676$817_Y [5] $ternary$/teamspace/studios/this_studio/Melodica-Integration-into-Fife-Core/Learn_Bluespec_and_RISCV_Design/Code/Build/Fife/verilog/mkQuire.v:2676$817_Y [1:0] }
      New connections: $ternary$/teamspace/studios/this_studio/Melodica-Integration-into-Fife-Core/Learn_Bluespec_and_RISCV_Design/Code/Build/Fife/verilog/mkQuire.v:2676$817_Y [4:2] = { $ternary$/teamspace/studios/this_studio/Melodica-Integration-into-Fife-Core/Learn_Bluespec_and_RISCV_Design/Code/Build/Fife/verilog/mkQuire.v:2676$817_Y [1] $ternary$/teamspace/studios/this_studio/Melodica-Integration-into-Fife-Core/Learn_Bluespec_and_RISCV_Design/Code/Build/Fife/verilog/mkQuire.v:2676$817_Y [1] $ternary$/teamspace/studios/this_studio/Melodica-Integration-into-Fife-Core/Learn_Bluespec_and_RISCV_Design/Code/Build/Fife/verilog/mkQuire.v:2676$817_Y [1] }
  Optimizing cells in module \mkQuire.
    Consolidated identical input bits for $mux cell $ternary$/teamspace/studios/this_studio/Melodica-Integration-into-Fife-Core/Learn_Bluespec_and_RISCV_Design/Code/Build/Fife/verilog/mkQuire.v:2674$818:
      Old ports: A=$ternary$/teamspace/studios/this_studio/Melodica-Integration-into-Fife-Core/Learn_Bluespec_and_RISCV_Design/Code/Build/Fife/verilog/mkQuire.v:2676$817_Y, B=6'011101, Y=$ternary$/teamspace/studios/this_studio/Melodica-Integration-into-Fife-Core/Learn_Bluespec_and_RISCV_Design/Code/Build/Fife/verilog/mkQuire.v:2674$818_Y
      New ports: A={ $ternary$/teamspace/studios/this_studio/Melodica-Integration-into-Fife-Core/Learn_Bluespec_and_RISCV_Design/Code/Build/Fife/verilog/mkQuire.v:2676$817_Y [5] $ternary$/teamspace/studios/this_studio/Melodica-Integration-into-Fife-Core/Learn_Bluespec_and_RISCV_Design/Code/Build/Fife/verilog/mkQuire.v:2676$817_Y [1] $ternary$/teamspace/studios/this_studio/Melodica-Integration-into-Fife-Core/Learn_Bluespec_and_RISCV_Design/Code/Build/Fife/verilog/mkQuire.v:2676$817_Y [1:0] }, B=4'0101, Y={ $ternary$/teamspace/studios/this_studio/Melodica-Integration-into-Fife-Core/Learn_Bluespec_and_RISCV_Design/Code/Build/Fife/verilog/mkQuire.v:2674$818_Y [5] $ternary$/teamspace/studios/this_studio/Melodica-Integration-into-Fife-Core/Learn_Bluespec_and_RISCV_Design/Code/Build/Fife/verilog/mkQuire.v:2674$818_Y [2:0] }
      New connections: $ternary$/teamspace/studios/this_studio/Melodica-Integration-into-Fife-Core/Learn_Bluespec_and_RISCV_Design/Code/Build/Fife/verilog/mkQuire.v:2674$818_Y [4:3] = { $ternary$/teamspace/studios/this_studio/Melodica-Integration-into-Fife-Core/Learn_Bluespec_and_RISCV_Design/Code/Build/Fife/verilog/mkQuire.v:2674$818_Y [2] $ternary$/teamspace/studios/this_studio/Melodica-Integration-into-Fife-Core/Learn_Bluespec_and_RISCV_Design/Code/Build/Fife/verilog/mkQuire.v:2674$818_Y [2] }
  Optimizing cells in module \mkQuire.
    Consolidated identical input bits for $mux cell $ternary$/teamspace/studios/this_studio/Melodica-Integration-into-Fife-Core/Learn_Bluespec_and_RISCV_Design/Code/Build/Fife/verilog/mkQuire.v:2672$819:
      Old ports: A=$ternary$/teamspace/studios/this_studio/Melodica-Integration-into-Fife-Core/Learn_Bluespec_and_RISCV_Design/Code/Build/Fife/verilog/mkQuire.v:2674$818_Y, B=6'011100, Y=$ternary$/teamspace/studios/this_studio/Melodica-Integration-into-Fife-Core/Learn_Bluespec_and_RISCV_Design/Code/Build/Fife/verilog/mkQuire.v:2672$819_Y
      New ports: A={ $ternary$/teamspace/studios/this_studio/Melodica-Integration-into-Fife-Core/Learn_Bluespec_and_RISCV_Design/Code/Build/Fife/verilog/mkQuire.v:2674$818_Y [5] $ternary$/teamspace/studios/this_studio/Melodica-Integration-into-Fife-Core/Learn_Bluespec_and_RISCV_Design/Code/Build/Fife/verilog/mkQuire.v:2674$818_Y [2:0] }, B=4'0100, Y={ $ternary$/teamspace/studios/this_studio/Melodica-Integration-into-Fife-Core/Learn_Bluespec_and_RISCV_Design/Code/Build/Fife/verilog/mkQuire.v:2672$819_Y [5] $ternary$/teamspace/studios/this_studio/Melodica-Integration-into-Fife-Core/Learn_Bluespec_and_RISCV_Design/Code/Build/Fife/verilog/mkQuire.v:2672$819_Y [2:0] }
      New connections: $ternary$/teamspace/studios/this_studio/Melodica-Integration-into-Fife-Core/Learn_Bluespec_and_RISCV_Design/Code/Build/Fife/verilog/mkQuire.v:2672$819_Y [4:3] = { $ternary$/teamspace/studios/this_studio/Melodica-Integration-into-Fife-Core/Learn_Bluespec_and_RISCV_Design/Code/Build/Fife/verilog/mkQuire.v:2672$819_Y [2] $ternary$/teamspace/studios/this_studio/Melodica-Integration-into-Fife-Core/Learn_Bluespec_and_RISCV_Design/Code/Build/Fife/verilog/mkQuire.v:2672$819_Y [2] }
  Optimizing cells in module \mkQuire.
    Consolidated identical input bits for $mux cell $ternary$/teamspace/studios/this_studio/Melodica-Integration-into-Fife-Core/Learn_Bluespec_and_RISCV_Design/Code/Build/Fife/verilog/mkQuire.v:2670$820:
      Old ports: A=$ternary$/teamspace/studios/this_studio/Melodica-Integration-into-Fife-Core/Learn_Bluespec_and_RISCV_Design/Code/Build/Fife/verilog/mkQuire.v:2672$819_Y, B=6'011011, Y=$ternary$/teamspace/studios/this_studio/Melodica-Integration-into-Fife-Core/Learn_Bluespec_and_RISCV_Design/Code/Build/Fife/verilog/mkQuire.v:2670$820_Y
      New ports: A={ $ternary$/teamspace/studios/this_studio/Melodica-Integration-into-Fife-Core/Learn_Bluespec_and_RISCV_Design/Code/Build/Fife/verilog/mkQuire.v:2672$819_Y [5] $ternary$/teamspace/studios/this_studio/Melodica-Integration-into-Fife-Core/Learn_Bluespec_and_RISCV_Design/Code/Build/Fife/verilog/mkQuire.v:2672$819_Y [2] $ternary$/teamspace/studios/this_studio/Melodica-Integration-into-Fife-Core/Learn_Bluespec_and_RISCV_Design/Code/Build/Fife/verilog/mkQuire.v:2672$819_Y [2:0] }, B=5'01011, Y={ $ternary$/teamspace/studios/this_studio/Melodica-Integration-into-Fife-Core/Learn_Bluespec_and_RISCV_Design/Code/Build/Fife/verilog/mkQuire.v:2670$820_Y [5] $ternary$/teamspace/studios/this_studio/Melodica-Integration-into-Fife-Core/Learn_Bluespec_and_RISCV_Design/Code/Build/Fife/verilog/mkQuire.v:2670$820_Y [3:0] }
      New connections: $ternary$/teamspace/studios/this_studio/Melodica-Integration-into-Fife-Core/Learn_Bluespec_and_RISCV_Design/Code/Build/Fife/verilog/mkQuire.v:2670$820_Y [4] = $ternary$/teamspace/studios/this_studio/Melodica-Integration-into-Fife-Core/Learn_Bluespec_and_RISCV_Design/Code/Build/Fife/verilog/mkQuire.v:2670$820_Y [3]
  Optimizing cells in module \mkQuire.
    Consolidated identical input bits for $mux cell $ternary$/teamspace/studios/this_studio/Melodica-Integration-into-Fife-Core/Learn_Bluespec_and_RISCV_Design/Code/Build/Fife/verilog/mkQuire.v:2668$821:
      Old ports: A=$ternary$/teamspace/studios/this_studio/Melodica-Integration-into-Fife-Core/Learn_Bluespec_and_RISCV_Design/Code/Build/Fife/verilog/mkQuire.v:2670$820_Y, B=6'011010, Y=$ternary$/teamspace/studios/this_studio/Melodica-Integration-into-Fife-Core/Learn_Bluespec_and_RISCV_Design/Code/Build/Fife/verilog/mkQuire.v:2668$821_Y
      New ports: A={ $ternary$/teamspace/studios/this_studio/Melodica-Integration-into-Fife-Core/Learn_Bluespec_and_RISCV_Design/Code/Build/Fife/verilog/mkQuire.v:2670$820_Y [5] $ternary$/teamspace/studios/this_studio/Melodica-Integration-into-Fife-Core/Learn_Bluespec_and_RISCV_Design/Code/Build/Fife/verilog/mkQuire.v:2670$820_Y [3:0] }, B=5'01010, Y={ $ternary$/teamspace/studios/this_studio/Melodica-Integration-into-Fife-Core/Learn_Bluespec_and_RISCV_Design/Code/Build/Fife/verilog/mkQuire.v:2668$821_Y [5] $ternary$/teamspace/studios/this_studio/Melodica-Integration-into-Fife-Core/Learn_Bluespec_and_RISCV_Design/Code/Build/Fife/verilog/mkQuire.v:2668$821_Y [3:0] }
      New connections: $ternary$/teamspace/studios/this_studio/Melodica-Integration-into-Fife-Core/Learn_Bluespec_and_RISCV_Design/Code/Build/Fife/verilog/mkQuire.v:2668$821_Y [4] = $ternary$/teamspace/studios/this_studio/Melodica-Integration-into-Fife-Core/Learn_Bluespec_and_RISCV_Design/Code/Build/Fife/verilog/mkQuire.v:2668$821_Y [3]
  Optimizing cells in module \mkQuire.
    Consolidated identical input bits for $mux cell $ternary$/teamspace/studios/this_studio/Melodica-Integration-into-Fife-Core/Learn_Bluespec_and_RISCV_Design/Code/Build/Fife/verilog/mkQuire.v:2666$822:
      Old ports: A=$ternary$/teamspace/studios/this_studio/Melodica-Integration-into-Fife-Core/Learn_Bluespec_and_RISCV_Design/Code/Build/Fife/verilog/mkQuire.v:2668$821_Y, B=6'011001, Y=$ternary$/teamspace/studios/this_studio/Melodica-Integration-into-Fife-Core/Learn_Bluespec_and_RISCV_Design/Code/Build/Fife/verilog/mkQuire.v:2666$822_Y
      New ports: A={ $ternary$/teamspace/studios/this_studio/Melodica-Integration-into-Fife-Core/Learn_Bluespec_and_RISCV_Design/Code/Build/Fife/verilog/mkQuire.v:2668$821_Y [5] $ternary$/teamspace/studios/this_studio/Melodica-Integration-into-Fife-Core/Learn_Bluespec_and_RISCV_Design/Code/Build/Fife/verilog/mkQuire.v:2668$821_Y [3:0] }, B=5'01001, Y={ $ternary$/teamspace/studios/this_studio/Melodica-Integration-into-Fife-Core/Learn_Bluespec_and_RISCV_Design/Code/Build/Fife/verilog/mkQuire.v:2666$822_Y [5] $ternary$/teamspace/studios/this_studio/Melodica-Integration-into-Fife-Core/Learn_Bluespec_and_RISCV_Design/Code/Build/Fife/verilog/mkQuire.v:2666$822_Y [3:0] }
      New connections: $ternary$/teamspace/studios/this_studio/Melodica-Integration-into-Fife-Core/Learn_Bluespec_and_RISCV_Design/Code/Build/Fife/verilog/mkQuire.v:2666$822_Y [4] = $ternary$/teamspace/studios/this_studio/Melodica-Integration-into-Fife-Core/Learn_Bluespec_and_RISCV_Design/Code/Build/Fife/verilog/mkQuire.v:2666$822_Y [3]
  Optimizing cells in module \mkQuire.
    Consolidated identical input bits for $mux cell $ternary$/teamspace/studios/this_studio/Melodica-Integration-into-Fife-Core/Learn_Bluespec_and_RISCV_Design/Code/Build/Fife/verilog/mkQuire.v:2664$823:
      Old ports: A=$ternary$/teamspace/studios/this_studio/Melodica-Integration-into-Fife-Core/Learn_Bluespec_and_RISCV_Design/Code/Build/Fife/verilog/mkQuire.v:2666$822_Y, B=6'011000, Y=$ternary$/teamspace/studios/this_studio/Melodica-Integration-into-Fife-Core/Learn_Bluespec_and_RISCV_Design/Code/Build/Fife/verilog/mkQuire.v:2664$823_Y
      New ports: A={ $ternary$/teamspace/studios/this_studio/Melodica-Integration-into-Fife-Core/Learn_Bluespec_and_RISCV_Design/Code/Build/Fife/verilog/mkQuire.v:2666$822_Y [5] $ternary$/teamspace/studios/this_studio/Melodica-Integration-into-Fife-Core/Learn_Bluespec_and_RISCV_Design/Code/Build/Fife/verilog/mkQuire.v:2666$822_Y [3:0] }, B=5'01000, Y={ $ternary$/teamspace/studios/this_studio/Melodica-Integration-into-Fife-Core/Learn_Bluespec_and_RISCV_Design/Code/Build/Fife/verilog/mkQuire.v:2664$823_Y [5] $ternary$/teamspace/studios/this_studio/Melodica-Integration-into-Fife-Core/Learn_Bluespec_and_RISCV_Design/Code/Build/Fife/verilog/mkQuire.v:2664$823_Y [3:0] }
      New connections: $ternary$/teamspace/studios/this_studio/Melodica-Integration-into-Fife-Core/Learn_Bluespec_and_RISCV_Design/Code/Build/Fife/verilog/mkQuire.v:2664$823_Y [4] = $ternary$/teamspace/studios/this_studio/Melodica-Integration-into-Fife-Core/Learn_Bluespec_and_RISCV_Design/Code/Build/Fife/verilog/mkQuire.v:2664$823_Y [3]
  Optimizing cells in module \mkQuire.
Performed a total of 13 changes.

14.20.5. Executing OPT_MERGE pass (detect identical cells).
Finding identical cells in module `\mkQuire'.
Removed a total of 0 cells.

14.20.6. Executing OPT_SHARE pass.
    Found cells that share an operand and can be merged by moving the $mux $ternary$/teamspace/studios/this_studio/Melodica-Integration-into-Fife-Core/Learn_Bluespec_and_RISCV_Design/Code/Build/Fife/verilog/mkQuire.v:1338$346 in front of them:
        $auto$alumacc.cc:485:replace_alu$2793
        $auto$alumacc.cc:485:replace_alu$2844

14.20.7. Executing OPT_DFF pass (perform DFF optimizations).
Adding SRST signal on $\seg_adder_vff_carry_0.arr$rdreg[0] ($dff) from module mkQuire (D = $auto$rtlil.cc:2498:Mux$3144, Q = $\seg_adder_vff_carry_0.arr$rdreg[0]$q, rval = 2'00).
Adding SRST signal on $\seg_adder_vff_carry_1.arr$rdreg[0] ($dff) from module mkQuire (D = $auto$rtlil.cc:2498:Mux$3149, Q = $\seg_adder_vff_carry_1.arr$rdreg[0]$q, rval = 2'00).
Adding SRST signal on $\seg_adder_vff_carry_10.arr$rdreg[0] ($dff) from module mkQuire (D = $auto$rtlil.cc:2498:Mux$3154, Q = $\seg_adder_vff_carry_10.arr$rdreg[0]$q, rval = 2'00).
Adding SRST signal on $\seg_adder_vff_carry_11.arr$rdreg[0] ($dff) from module mkQuire (D = $auto$rtlil.cc:2498:Mux$3159, Q = $\seg_adder_vff_carry_11.arr$rdreg[0]$q, rval = 2'00).
Adding SRST signal on $\seg_adder_vff_carry_2.arr$rdreg[0] ($dff) from module mkQuire (D = $auto$rtlil.cc:2498:Mux$3164, Q = $\seg_adder_vff_carry_2.arr$rdreg[0]$q, rval = 2'00).
Adding SRST signal on $\seg_adder_vff_carry_3.arr$rdreg[0] ($dff) from module mkQuire (D = $auto$rtlil.cc:2498:Mux$3169, Q = $\seg_adder_vff_carry_3.arr$rdreg[0]$q, rval = 2'00).
Adding SRST signal on $\seg_adder_vff_in_8.arr$rdreg[0] ($dff) from module mkQuire (D = $auto$rtlil.cc:2498:Mux$3259, Q = $\seg_adder_vff_in_8.arr$rdreg[0]$q, rval = 2'00).
Adding SRST signal on $\seg_adder_vff_carry_4.arr$rdreg[0] ($dff) from module mkQuire (D = $auto$rtlil.cc:2498:Mux$3174, Q = $\seg_adder_vff_carry_4.arr$rdreg[0]$q, rval = 2'00).
Adding SRST signal on $\seg_adder_vff_carry_5.arr$rdreg[0] ($dff) from module mkQuire (D = $auto$rtlil.cc:2498:Mux$3179, Q = $\seg_adder_vff_carry_5.arr$rdreg[0]$q, rval = 2'00).
Adding SRST signal on $\seg_adder_vff_in_9.arr$rdreg[0] ($dff) from module mkQuire (D = $auto$rtlil.cc:2498:Mux$3264, Q = $\seg_adder_vff_in_9.arr$rdreg[0]$q, rval = 2'00).
Adding SRST signal on $\seg_adder_vff_carry_6.arr$rdreg[0] ($dff) from module mkQuire (D = $auto$rtlil.cc:2498:Mux$3184, Q = $\seg_adder_vff_carry_6.arr$rdreg[0]$q, rval = 2'00).
Adding SRST signal on $\seg_adder_vff_carry_7.arr$rdreg[0] ($dff) from module mkQuire (D = $auto$rtlil.cc:2498:Mux$3189, Q = $\seg_adder_vff_carry_7.arr$rdreg[0]$q, rval = 2'00).
Adding SRST signal on $\seg_adder_vff_carry_8.arr$rdreg[0] ($dff) from module mkQuire (D = $auto$rtlil.cc:2498:Mux$3194, Q = $\seg_adder_vff_carry_8.arr$rdreg[0]$q, rval = 2'00).
Adding SRST signal on $\seg_adder_vff_carry_9.arr$rdreg[0] ($dff) from module mkQuire (D = $auto$rtlil.cc:2498:Mux$3199, Q = $\seg_adder_vff_carry_9.arr$rdreg[0]$q, rval = 2'00).
Adding SRST signal on $\seg_adder_vff_in_0.arr$rdreg[0] ($dff) from module mkQuire (D = $auto$rtlil.cc:2498:Mux$3204, Q = $\seg_adder_vff_in_0.arr$rdreg[0]$q, rval = 2'00).
Adding SRST signal on $\seg_adder_vff_in_1.arr$rdreg[0] ($dff) from module mkQuire (D = $auto$rtlil.cc:2498:Mux$3209, Q = $\seg_adder_vff_in_1.arr$rdreg[0]$q, rval = 2'00).
Adding SRST signal on $\seg_adder_vff_in_10.arr$rdreg[0] ($dff) from module mkQuire (D = $auto$rtlil.cc:2498:Mux$3214, Q = $\seg_adder_vff_in_10.arr$rdreg[0]$q, rval = 2'00).
Adding SRST signal on $\seg_adder_vff_in_11.arr$rdreg[0] ($dff) from module mkQuire (D = $auto$rtlil.cc:2498:Mux$3219, Q = $\seg_adder_vff_in_11.arr$rdreg[0]$q, rval = 2'00).
Adding SRST signal on $\seg_adder_vff_in_12.arr$rdreg[0] ($dff) from module mkQuire (D = $auto$rtlil.cc:2498:Mux$3224, Q = $\seg_adder_vff_in_12.arr$rdreg[0]$q, rval = 2'00).
Adding SRST signal on $\seg_adder_vff_in_2.arr$rdreg[0] ($dff) from module mkQuire (D = $auto$rtlil.cc:2498:Mux$3229, Q = $\seg_adder_vff_in_2.arr$rdreg[0]$q, rval = 2'00).
Adding SRST signal on $\seg_adder_vff_in_3.arr$rdreg[0] ($dff) from module mkQuire (D = $auto$rtlil.cc:2498:Mux$3234, Q = $\seg_adder_vff_in_3.arr$rdreg[0]$q, rval = 2'00).
Adding SRST signal on $\seg_adder_vff_in_4.arr$rdreg[0] ($dff) from module mkQuire (D = $auto$rtlil.cc:2498:Mux$3239, Q = $\seg_adder_vff_in_4.arr$rdreg[0]$q, rval = 2'00).
Adding SRST signal on $\seg_adder_vff_in_5.arr$rdreg[0] ($dff) from module mkQuire (D = $auto$rtlil.cc:2498:Mux$3244, Q = $\seg_adder_vff_in_5.arr$rdreg[0]$q, rval = 2'00).
Adding SRST signal on $\seg_adder_vff_in_6.arr$rdreg[0] ($dff) from module mkQuire (D = $auto$rtlil.cc:2498:Mux$3249, Q = $\seg_adder_vff_in_6.arr$rdreg[0]$q, rval = 2'00).
Adding SRST signal on $\seg_adder_vff_in_7.arr$rdreg[0] ($dff) from module mkQuire (D = $auto$rtlil.cc:2498:Mux$3254, Q = $\seg_adder_vff_in_7.arr$rdreg[0]$q, rval = 2'00).

14.20.8. Executing OPT_CLEAN pass (remove unused cells and wires).
Finding unused cells or wires in module \mkQuire..
Removed 25 unused cells and 256 unused wires.
<suppressed ~28 debug messages>

14.20.9. Executing OPT_EXPR pass (perform const folding).
Optimizing module mkQuire.
<suppressed ~29 debug messages>

14.20.10. Rerunning OPT passes. (Maybe there is more to do..)

14.20.11. Executing OPT_MUXTREE pass (detect dead branches in mux trees).
Running muxtree optimizer on module \mkQuire..
  Creating internal representation of mux trees.
  Evaluating internal representation of mux trees.
  Analyzing evaluation results.
Removed 0 multiplexer ports.
<suppressed ~267 debug messages>

14.20.12. Executing OPT_REDUCE pass (consolidate $*mux and $reduce_* inputs).
  Optimizing cells in module \mkQuire.
    Consolidated identical input bits for $mux cell $auto$opt_share.cc:244:merge_operators$4305:
      Old ports: A=4'1111, B=4'0001, Y=$auto$rtlil.cc:2498:Mux$4306
      New ports: A=1'1, B=1'0, Y=$auto$rtlil.cc:2498:Mux$4306 [1]
      New connections: { $auto$rtlil.cc:2498:Mux$4306 [3:2] $auto$rtlil.cc:2498:Mux$4306 [0] } = { $auto$rtlil.cc:2498:Mux$4306 [1] $auto$rtlil.cc:2498:Mux$4306 [1] 1'1 }
  Optimizing cells in module \mkQuire.
Performed a total of 1 changes.

14.20.13. Executing OPT_MERGE pass (detect identical cells).
Finding identical cells in module `\mkQuire'.
Removed a total of 0 cells.

14.20.14. Executing OPT_SHARE pass.

14.20.15. Executing OPT_DFF pass (perform DFF optimizations).
Adding EN signal on $memory\seg_adder_vff_in_9.arr[2]$4265 ($dff) from module mkQuire (D = \IF_accumulate_x_BIT_389_06_THEN_0b1_CONCAT_fn__ETC___d441 [319:288], Q = \seg_adder_vff_in_9.arr[2]).
Adding EN signal on $memory\seg_adder_vff_in_9.arr[1]$4263 ($dff) from module mkQuire (D = \IF_accumulate_x_BIT_389_06_THEN_0b1_CONCAT_fn__ETC___d441 [319:288], Q = \seg_adder_vff_in_9.arr[1]).
Adding EN signal on $memory\seg_adder_vff_in_9.arr[0]$4261 ($dff) from module mkQuire (D = \IF_accumulate_x_BIT_389_06_THEN_0b1_CONCAT_fn__ETC___d441 [319:288], Q = \seg_adder_vff_in_9.arr[0]).
Adding EN signal on $memory\seg_adder_vff_in_8.arr[2]$4224 ($dff) from module mkQuire (D = \IF_accumulate_x_BIT_389_06_THEN_0b1_CONCAT_fn__ETC___d441 [287:256], Q = \seg_adder_vff_in_8.arr[2]).
Adding EN signal on $memory\seg_adder_vff_in_8.arr[1]$4222 ($dff) from module mkQuire (D = \IF_accumulate_x_BIT_389_06_THEN_0b1_CONCAT_fn__ETC___d441 [287:256], Q = \seg_adder_vff_in_8.arr[1]).
Adding EN signal on $memory\seg_adder_vff_in_8.arr[0]$4220 ($dff) from module mkQuire (D = \IF_accumulate_x_BIT_389_06_THEN_0b1_CONCAT_fn__ETC___d441 [287:256], Q = \seg_adder_vff_in_8.arr[0]).
Adding EN signal on $memory\seg_adder_vff_in_7.arr[2]$4183 ($dff) from module mkQuire (D = \IF_accumulate_x_BIT_389_06_THEN_0b1_CONCAT_fn__ETC___d441 [255:224], Q = \seg_adder_vff_in_7.arr[2]).
Adding EN signal on $memory\seg_adder_vff_in_7.arr[1]$4181 ($dff) from module mkQuire (D = \IF_accumulate_x_BIT_389_06_THEN_0b1_CONCAT_fn__ETC___d441 [255:224], Q = \seg_adder_vff_in_7.arr[1]).
Adding EN signal on $memory\seg_adder_vff_in_7.arr[0]$4179 ($dff) from module mkQuire (D = \IF_accumulate_x_BIT_389_06_THEN_0b1_CONCAT_fn__ETC___d441 [255:224], Q = \seg_adder_vff_in_7.arr[0]).
Adding EN signal on $memory\seg_adder_vff_in_6.arr[2]$4142 ($dff) from module mkQuire (D = \IF_accumulate_x_BIT_389_06_THEN_0b1_CONCAT_fn__ETC___d441 [223:192], Q = \seg_adder_vff_in_6.arr[2]).
Adding EN signal on $memory\seg_adder_vff_in_6.arr[1]$4140 ($dff) from module mkQuire (D = \IF_accumulate_x_BIT_389_06_THEN_0b1_CONCAT_fn__ETC___d441 [223:192], Q = \seg_adder_vff_in_6.arr[1]).
Adding EN signal on $memory\seg_adder_vff_in_6.arr[0]$4138 ($dff) from module mkQuire (D = \IF_accumulate_x_BIT_389_06_THEN_0b1_CONCAT_fn__ETC___d441 [223:192], Q = \seg_adder_vff_in_6.arr[0]).
Adding EN signal on $memory\seg_adder_vff_in_5.arr[2]$4101 ($dff) from module mkQuire (D = \IF_accumulate_x_BIT_389_06_THEN_0b1_CONCAT_fn__ETC___d441 [191:160], Q = \seg_adder_vff_in_5.arr[2]).
Adding EN signal on $memory\seg_adder_vff_in_5.arr[1]$4099 ($dff) from module mkQuire (D = \IF_accumulate_x_BIT_389_06_THEN_0b1_CONCAT_fn__ETC___d441 [191:160], Q = \seg_adder_vff_in_5.arr[1]).
Adding EN signal on $memory\seg_adder_vff_in_5.arr[0]$4097 ($dff) from module mkQuire (D = \IF_accumulate_x_BIT_389_06_THEN_0b1_CONCAT_fn__ETC___d441 [191:160], Q = \seg_adder_vff_in_5.arr[0]).
Adding EN signal on $memory\seg_adder_vff_in_4.arr[2]$4060 ($dff) from module mkQuire (D = \IF_accumulate_x_BIT_389_06_THEN_0b1_CONCAT_fn__ETC___d441 [159:128], Q = \seg_adder_vff_in_4.arr[2]).
Adding EN signal on $memory\seg_adder_vff_in_4.arr[1]$4058 ($dff) from module mkQuire (D = \IF_accumulate_x_BIT_389_06_THEN_0b1_CONCAT_fn__ETC___d441 [159:128], Q = \seg_adder_vff_in_4.arr[1]).
Adding EN signal on $memory\seg_adder_vff_in_4.arr[0]$4056 ($dff) from module mkQuire (D = \IF_accumulate_x_BIT_389_06_THEN_0b1_CONCAT_fn__ETC___d441 [159:128], Q = \seg_adder_vff_in_4.arr[0]).
Adding EN signal on $memory\seg_adder_vff_in_3.arr[2]$4019 ($dff) from module mkQuire (D = \IF_accumulate_x_BIT_389_06_THEN_0b1_CONCAT_fn__ETC___d441 [127:96], Q = \seg_adder_vff_in_3.arr[2]).
Adding EN signal on $memory\seg_adder_vff_in_3.arr[1]$4017 ($dff) from module mkQuire (D = \IF_accumulate_x_BIT_389_06_THEN_0b1_CONCAT_fn__ETC___d441 [127:96], Q = \seg_adder_vff_in_3.arr[1]).
Adding EN signal on $memory\seg_adder_vff_in_3.arr[0]$4015 ($dff) from module mkQuire (D = \IF_accumulate_x_BIT_389_06_THEN_0b1_CONCAT_fn__ETC___d441 [127:96], Q = \seg_adder_vff_in_3.arr[0]).
Adding EN signal on $memory\seg_adder_vff_in_2.arr[2]$3978 ($dff) from module mkQuire (D = \IF_accumulate_x_BIT_389_06_THEN_0b1_CONCAT_fn__ETC___d441 [95:64], Q = \seg_adder_vff_in_2.arr[2]).
Adding EN signal on $memory\seg_adder_vff_in_2.arr[1]$3976 ($dff) from module mkQuire (D = \IF_accumulate_x_BIT_389_06_THEN_0b1_CONCAT_fn__ETC___d441 [95:64], Q = \seg_adder_vff_in_2.arr[1]).
Adding EN signal on $memory\seg_adder_vff_in_2.arr[0]$3974 ($dff) from module mkQuire (D = \IF_accumulate_x_BIT_389_06_THEN_0b1_CONCAT_fn__ETC___d441 [95:64], Q = \seg_adder_vff_in_2.arr[0]).
Adding EN signal on $memory\seg_adder_vff_in_12.arr[2]$3937 ($dff) from module mkQuire (D = { \IF_accumulate_x_BIT_389_06_THEN_0b1_CONCAT_fn__ETC___d441 [415:414] \IF_accumulate_x_BIT_389_06_THEN_0b1_CONCAT_fn__ETC___d441 [414] \IF_accumulate_x_BIT_389_06_THEN_0b1_CONCAT_fn__ETC___d441 [414] \IF_accumulate_x_BIT_389_06_THEN_0b1_CONCAT_fn__ETC___d441 [414] \IF_accumulate_x_BIT_389_06_THEN_0b1_CONCAT_fn__ETC___d441 [414] \IF_accumulate_x_BIT_389_06_THEN_0b1_CONCAT_fn__ETC___d441 [414] \IF_accumulate_x_BIT_389_06_THEN_0b1_CONCAT_fn__ETC___d441 [414] \IF_accumulate_x_BIT_389_06_THEN_0b1_CONCAT_fn__ETC___d441 [414] \IF_accumulate_x_BIT_389_06_THEN_0b1_CONCAT_fn__ETC___d441 [414] \IF_accumulate_x_BIT_389_06_THEN_0b1_CONCAT_fn__ETC___d441 [414] \IF_accumulate_x_BIT_389_06_THEN_0b1_CONCAT_fn__ETC___d441 [414] \IF_accumulate_x_BIT_389_06_THEN_0b1_CONCAT_fn__ETC___d441 [414] \IF_accumulate_x_BIT_389_06_THEN_0b1_CONCAT_fn__ETC___d441 [414] \IF_accumulate_x_BIT_389_06_THEN_0b1_CONCAT_fn__ETC___d441 [414] \IF_accumulate_x_BIT_389_06_THEN_0b1_CONCAT_fn__ETC___d441 [414] \IF_accumulate_x_BIT_389_06_THEN_0b1_CONCAT_fn__ETC___d441 [414] \IF_accumulate_x_BIT_389_06_THEN_0b1_CONCAT_fn__ETC___d441 [414] \IF_accumulate_x_BIT_389_06_THEN_0b1_CONCAT_fn__ETC___d441 [414] \IF_accumulate_x_BIT_389_06_THEN_0b1_CONCAT_fn__ETC___d441 [414] \IF_accumulate_x_BIT_389_06_THEN_0b1_CONCAT_fn__ETC___d441 [414] \IF_accumulate_x_BIT_389_06_THEN_0b1_CONCAT_fn__ETC___d441 [414] \IF_accumulate_x_BIT_389_06_THEN_0b1_CONCAT_fn__ETC___d441 [414] \IF_accumulate_x_BIT_389_06_THEN_0b1_CONCAT_fn__ETC___d441 [414] \IF_accumulate_x_BIT_389_06_THEN_0b1_CONCAT_fn__ETC___d441 [414] \IF_accumulate_x_BIT_389_06_THEN_0b1_CONCAT_fn__ETC___d441 [414] \IF_accumulate_x_BIT_389_06_THEN_0b1_CONCAT_fn__ETC___d441 [414] \IF_accumulate_x_BIT_389_06_THEN_0b1_CONCAT_fn__ETC___d441 [414] \IF_accumulate_x_BIT_389_06_THEN_0b1_CONCAT_fn__ETC___d441 [414] \IF_accumulate_x_BIT_389_06_THEN_0b1_CONCAT_fn__ETC___d441 [414] \IF_accumulate_x_BIT_389_06_THEN_0b1_CONCAT_fn__ETC___d441 [414] \IF_accumulate_x_BIT_389_06_THEN_0b1_CONCAT_fn__ETC___d441 [414] }, Q = \seg_adder_vff_in_12.arr[2]).
Adding EN signal on $memory\seg_adder_vff_in_12.arr[1]$3935 ($dff) from module mkQuire (D = { \IF_accumulate_x_BIT_389_06_THEN_0b1_CONCAT_fn__ETC___d441 [415:414] \IF_accumulate_x_BIT_389_06_THEN_0b1_CONCAT_fn__ETC___d441 [414] \IF_accumulate_x_BIT_389_06_THEN_0b1_CONCAT_fn__ETC___d441 [414] \IF_accumulate_x_BIT_389_06_THEN_0b1_CONCAT_fn__ETC___d441 [414] \IF_accumulate_x_BIT_389_06_THEN_0b1_CONCAT_fn__ETC___d441 [414] \IF_accumulate_x_BIT_389_06_THEN_0b1_CONCAT_fn__ETC___d441 [414] \IF_accumulate_x_BIT_389_06_THEN_0b1_CONCAT_fn__ETC___d441 [414] \IF_accumulate_x_BIT_389_06_THEN_0b1_CONCAT_fn__ETC___d441 [414] \IF_accumulate_x_BIT_389_06_THEN_0b1_CONCAT_fn__ETC___d441 [414] \IF_accumulate_x_BIT_389_06_THEN_0b1_CONCAT_fn__ETC___d441 [414] \IF_accumulate_x_BIT_389_06_THEN_0b1_CONCAT_fn__ETC___d441 [414] \IF_accumulate_x_BIT_389_06_THEN_0b1_CONCAT_fn__ETC___d441 [414] \IF_accumulate_x_BIT_389_06_THEN_0b1_CONCAT_fn__ETC___d441 [414] \IF_accumulate_x_BIT_389_06_THEN_0b1_CONCAT_fn__ETC___d441 [414] \IF_accumulate_x_BIT_389_06_THEN_0b1_CONCAT_fn__ETC___d441 [414] \IF_accumulate_x_BIT_389_06_THEN_0b1_CONCAT_fn__ETC___d441 [414] \IF_accumulate_x_BIT_389_06_THEN_0b1_CONCAT_fn__ETC___d441 [414] \IF_accumulate_x_BIT_389_06_THEN_0b1_CONCAT_fn__ETC___d441 [414] \IF_accumulate_x_BIT_389_06_THEN_0b1_CONCAT_fn__ETC___d441 [414] \IF_accumulate_x_BIT_389_06_THEN_0b1_CONCAT_fn__ETC___d441 [414] \IF_accumulate_x_BIT_389_06_THEN_0b1_CONCAT_fn__ETC___d441 [414] \IF_accumulate_x_BIT_389_06_THEN_0b1_CONCAT_fn__ETC___d441 [414] \IF_accumulate_x_BIT_389_06_THEN_0b1_CONCAT_fn__ETC___d441 [414] \IF_accumulate_x_BIT_389_06_THEN_0b1_CONCAT_fn__ETC___d441 [414] \IF_accumulate_x_BIT_389_06_THEN_0b1_CONCAT_fn__ETC___d441 [414] \IF_accumulate_x_BIT_389_06_THEN_0b1_CONCAT_fn__ETC___d441 [414] \IF_accumulate_x_BIT_389_06_THEN_0b1_CONCAT_fn__ETC___d441 [414] \IF_accumulate_x_BIT_389_06_THEN_0b1_CONCAT_fn__ETC___d441 [414] \IF_accumulate_x_BIT_389_06_THEN_0b1_CONCAT_fn__ETC___d441 [414] \IF_accumulate_x_BIT_389_06_THEN_0b1_CONCAT_fn__ETC___d441 [414] \IF_accumulate_x_BIT_389_06_THEN_0b1_CONCAT_fn__ETC___d441 [414] }, Q = \seg_adder_vff_in_12.arr[1]).
Adding EN signal on $memory\seg_adder_vff_in_12.arr[0]$3933 ($dff) from module mkQuire (D = { \IF_accumulate_x_BIT_389_06_THEN_0b1_CONCAT_fn__ETC___d441 [415:414] \IF_accumulate_x_BIT_389_06_THEN_0b1_CONCAT_fn__ETC___d441 [414] \IF_accumulate_x_BIT_389_06_THEN_0b1_CONCAT_fn__ETC___d441 [414] \IF_accumulate_x_BIT_389_06_THEN_0b1_CONCAT_fn__ETC___d441 [414] \IF_accumulate_x_BIT_389_06_THEN_0b1_CONCAT_fn__ETC___d441 [414] \IF_accumulate_x_BIT_389_06_THEN_0b1_CONCAT_fn__ETC___d441 [414] \IF_accumulate_x_BIT_389_06_THEN_0b1_CONCAT_fn__ETC___d441 [414] \IF_accumulate_x_BIT_389_06_THEN_0b1_CONCAT_fn__ETC___d441 [414] \IF_accumulate_x_BIT_389_06_THEN_0b1_CONCAT_fn__ETC___d441 [414] \IF_accumulate_x_BIT_389_06_THEN_0b1_CONCAT_fn__ETC___d441 [414] \IF_accumulate_x_BIT_389_06_THEN_0b1_CONCAT_fn__ETC___d441 [414] \IF_accumulate_x_BIT_389_06_THEN_0b1_CONCAT_fn__ETC___d441 [414] \IF_accumulate_x_BIT_389_06_THEN_0b1_CONCAT_fn__ETC___d441 [414] \IF_accumulate_x_BIT_389_06_THEN_0b1_CONCAT_fn__ETC___d441 [414] \IF_accumulate_x_BIT_389_06_THEN_0b1_CONCAT_fn__ETC___d441 [414] \IF_accumulate_x_BIT_389_06_THEN_0b1_CONCAT_fn__ETC___d441 [414] \IF_accumulate_x_BIT_389_06_THEN_0b1_CONCAT_fn__ETC___d441 [414] \IF_accumulate_x_BIT_389_06_THEN_0b1_CONCAT_fn__ETC___d441 [414] \IF_accumulate_x_BIT_389_06_THEN_0b1_CONCAT_fn__ETC___d441 [414] \IF_accumulate_x_BIT_389_06_THEN_0b1_CONCAT_fn__ETC___d441 [414] \IF_accumulate_x_BIT_389_06_THEN_0b1_CONCAT_fn__ETC___d441 [414] \IF_accumulate_x_BIT_389_06_THEN_0b1_CONCAT_fn__ETC___d441 [414] \IF_accumulate_x_BIT_389_06_THEN_0b1_CONCAT_fn__ETC___d441 [414] \IF_accumulate_x_BIT_389_06_THEN_0b1_CONCAT_fn__ETC___d441 [414] \IF_accumulate_x_BIT_389_06_THEN_0b1_CONCAT_fn__ETC___d441 [414] \IF_accumulate_x_BIT_389_06_THEN_0b1_CONCAT_fn__ETC___d441 [414] \IF_accumulate_x_BIT_389_06_THEN_0b1_CONCAT_fn__ETC___d441 [414] \IF_accumulate_x_BIT_389_06_THEN_0b1_CONCAT_fn__ETC___d441 [414] \IF_accumulate_x_BIT_389_06_THEN_0b1_CONCAT_fn__ETC___d441 [414] \IF_accumulate_x_BIT_389_06_THEN_0b1_CONCAT_fn__ETC___d441 [414] \IF_accumulate_x_BIT_389_06_THEN_0b1_CONCAT_fn__ETC___d441 [414] }, Q = \seg_adder_vff_in_12.arr[0]).
Adding EN signal on $memory\seg_adder_vff_in_11.arr[2]$3896 ($dff) from module mkQuire (D = \IF_accumulate_x_BIT_389_06_THEN_0b1_CONCAT_fn__ETC___d441 [383:352], Q = \seg_adder_vff_in_11.arr[2]).
Adding EN signal on $memory\seg_adder_vff_in_11.arr[1]$3894 ($dff) from module mkQuire (D = \IF_accumulate_x_BIT_389_06_THEN_0b1_CONCAT_fn__ETC___d441 [383:352], Q = \seg_adder_vff_in_11.arr[1]).
Adding EN signal on $memory\seg_adder_vff_in_11.arr[0]$3892 ($dff) from module mkQuire (D = \IF_accumulate_x_BIT_389_06_THEN_0b1_CONCAT_fn__ETC___d441 [383:352], Q = \seg_adder_vff_in_11.arr[0]).
Adding EN signal on $memory\seg_adder_vff_in_10.arr[2]$3855 ($dff) from module mkQuire (D = \IF_accumulate_x_BIT_389_06_THEN_0b1_CONCAT_fn__ETC___d441 [351:320], Q = \seg_adder_vff_in_10.arr[2]).
Adding EN signal on $memory\seg_adder_vff_in_10.arr[1]$3853 ($dff) from module mkQuire (D = \IF_accumulate_x_BIT_389_06_THEN_0b1_CONCAT_fn__ETC___d441 [351:320], Q = \seg_adder_vff_in_10.arr[1]).
Adding EN signal on $memory\seg_adder_vff_in_10.arr[0]$3851 ($dff) from module mkQuire (D = \IF_accumulate_x_BIT_389_06_THEN_0b1_CONCAT_fn__ETC___d441 [351:320], Q = \seg_adder_vff_in_10.arr[0]).
Adding EN signal on $memory\seg_adder_vff_in_1.arr[2]$3814 ($dff) from module mkQuire (D = \IF_accumulate_x_BIT_389_06_THEN_0b1_CONCAT_fn__ETC___d441 [63:32], Q = \seg_adder_vff_in_1.arr[2]).
Adding EN signal on $memory\seg_adder_vff_in_1.arr[1]$3812 ($dff) from module mkQuire (D = \IF_accumulate_x_BIT_389_06_THEN_0b1_CONCAT_fn__ETC___d441 [63:32], Q = \seg_adder_vff_in_1.arr[1]).
Adding EN signal on $memory\seg_adder_vff_in_1.arr[0]$3810 ($dff) from module mkQuire (D = \IF_accumulate_x_BIT_389_06_THEN_0b1_CONCAT_fn__ETC___d441 [63:32], Q = \seg_adder_vff_in_1.arr[0]).
Adding EN signal on $memory\seg_adder_vff_in_0.arr[2]$3773 ($dff) from module mkQuire (D = \IF_accumulate_x_BIT_389_06_THEN_0b1_CONCAT_fn__ETC___d441 [31:0], Q = \seg_adder_vff_in_0.arr[2]).
Adding EN signal on $memory\seg_adder_vff_in_0.arr[1]$3771 ($dff) from module mkQuire (D = \IF_accumulate_x_BIT_389_06_THEN_0b1_CONCAT_fn__ETC___d441 [31:0], Q = \seg_adder_vff_in_0.arr[1]).
Adding EN signal on $memory\seg_adder_vff_in_0.arr[0]$3769 ($dff) from module mkQuire (D = \IF_accumulate_x_BIT_389_06_THEN_0b1_CONCAT_fn__ETC___d441 [31:0], Q = \seg_adder_vff_in_0.arr[0]).
Adding EN signal on $memory\seg_adder_vff_carry_9.arr[2]$3732 ($dff) from module mkQuire (D = \acc__h10618 [32], Q = \seg_adder_vff_carry_9.arr[2]).
Adding EN signal on $memory\seg_adder_vff_carry_9.arr[1]$3730 ($dff) from module mkQuire (D = \acc__h10618 [32], Q = \seg_adder_vff_carry_9.arr[1]).
Adding EN signal on $memory\seg_adder_vff_carry_9.arr[0]$3728 ($dff) from module mkQuire (D = \acc__h10618 [32], Q = \seg_adder_vff_carry_9.arr[0]).
Adding EN signal on $memory\seg_adder_vff_carry_8.arr[2]$3691 ($dff) from module mkQuire (D = \acc__h10115 [32], Q = \seg_adder_vff_carry_8.arr[2]).
Adding EN signal on $memory\seg_adder_vff_carry_8.arr[1]$3689 ($dff) from module mkQuire (D = \acc__h10115 [32], Q = \seg_adder_vff_carry_8.arr[1]).
Adding EN signal on $memory\seg_adder_vff_carry_8.arr[0]$3687 ($dff) from module mkQuire (D = \acc__h10115 [32], Q = \seg_adder_vff_carry_8.arr[0]).
Adding EN signal on $memory\seg_adder_vff_carry_7.arr[2]$3650 ($dff) from module mkQuire (D = \acc__h9612 [32], Q = \seg_adder_vff_carry_7.arr[2]).
Adding EN signal on $memory\seg_adder_vff_carry_7.arr[1]$3648 ($dff) from module mkQuire (D = \acc__h9612 [32], Q = \seg_adder_vff_carry_7.arr[1]).
Adding EN signal on $memory\seg_adder_vff_carry_7.arr[0]$3646 ($dff) from module mkQuire (D = \acc__h9612 [32], Q = \seg_adder_vff_carry_7.arr[0]).
Adding EN signal on $memory\seg_adder_vff_carry_6.arr[2]$3609 ($dff) from module mkQuire (D = \acc__h9109 [32], Q = \seg_adder_vff_carry_6.arr[2]).
Adding EN signal on $memory\seg_adder_vff_carry_6.arr[1]$3607 ($dff) from module mkQuire (D = \acc__h9109 [32], Q = \seg_adder_vff_carry_6.arr[1]).
Adding EN signal on $memory\seg_adder_vff_carry_6.arr[0]$3605 ($dff) from module mkQuire (D = \acc__h9109 [32], Q = \seg_adder_vff_carry_6.arr[0]).
Adding EN signal on $memory\seg_adder_vff_carry_5.arr[2]$3568 ($dff) from module mkQuire (D = \acc__h8606 [32], Q = \seg_adder_vff_carry_5.arr[2]).
Adding EN signal on $memory\seg_adder_vff_carry_5.arr[1]$3566 ($dff) from module mkQuire (D = \acc__h8606 [32], Q = \seg_adder_vff_carry_5.arr[1]).
Adding EN signal on $memory\seg_adder_vff_carry_5.arr[0]$3564 ($dff) from module mkQuire (D = \acc__h8606 [32], Q = \seg_adder_vff_carry_5.arr[0]).
Adding EN signal on $memory\seg_adder_vff_carry_4.arr[2]$3527 ($dff) from module mkQuire (D = \acc__h8103 [32], Q = \seg_adder_vff_carry_4.arr[2]).
Adding EN signal on $memory\seg_adder_vff_carry_4.arr[1]$3525 ($dff) from module mkQuire (D = \acc__h8103 [32], Q = \seg_adder_vff_carry_4.arr[1]).
Adding EN signal on $memory\seg_adder_vff_carry_4.arr[0]$3523 ($dff) from module mkQuire (D = \acc__h8103 [32], Q = \seg_adder_vff_carry_4.arr[0]).
Adding EN signal on $memory\seg_adder_vff_carry_3.arr[2]$3486 ($dff) from module mkQuire (D = \acc__h7600 [32], Q = \seg_adder_vff_carry_3.arr[2]).
Adding EN signal on $memory\seg_adder_vff_carry_3.arr[1]$3484 ($dff) from module mkQuire (D = \acc__h7600 [32], Q = \seg_adder_vff_carry_3.arr[1]).
Adding EN signal on $memory\seg_adder_vff_carry_3.arr[0]$3482 ($dff) from module mkQuire (D = \acc__h7600 [32], Q = \seg_adder_vff_carry_3.arr[0]).
Adding EN signal on $memory\seg_adder_vff_carry_2.arr[2]$3445 ($dff) from module mkQuire (D = \acc__h7097 [32], Q = \seg_adder_vff_carry_2.arr[2]).
Adding EN signal on $memory\seg_adder_vff_carry_2.arr[1]$3443 ($dff) from module mkQuire (D = \acc__h7097 [32], Q = \seg_adder_vff_carry_2.arr[1]).
Adding EN signal on $memory\seg_adder_vff_carry_2.arr[0]$3441 ($dff) from module mkQuire (D = \acc__h7097 [32], Q = \seg_adder_vff_carry_2.arr[0]).
Adding EN signal on $memory\seg_adder_vff_carry_11.arr[2]$3404 ($dff) from module mkQuire (D = \acc__h11624 [32], Q = \seg_adder_vff_carry_11.arr[2]).
Adding EN signal on $memory\seg_adder_vff_carry_11.arr[1]$3402 ($dff) from module mkQuire (D = \acc__h11624 [32], Q = \seg_adder_vff_carry_11.arr[1]).
Adding EN signal on $memory\seg_adder_vff_carry_11.arr[0]$3400 ($dff) from module mkQuire (D = \acc__h11624 [32], Q = \seg_adder_vff_carry_11.arr[0]).
Adding EN signal on $memory\seg_adder_vff_carry_10.arr[2]$3363 ($dff) from module mkQuire (D = \acc__h11121 [32], Q = \seg_adder_vff_carry_10.arr[2]).
Adding EN signal on $memory\seg_adder_vff_carry_10.arr[1]$3361 ($dff) from module mkQuire (D = \acc__h11121 [32], Q = \seg_adder_vff_carry_10.arr[1]).
Adding EN signal on $memory\seg_adder_vff_carry_10.arr[0]$3359 ($dff) from module mkQuire (D = \acc__h11121 [32], Q = \seg_adder_vff_carry_10.arr[0]).
Adding EN signal on $memory\seg_adder_vff_carry_1.arr[2]$3322 ($dff) from module mkQuire (D = \acc__h6594 [32], Q = \seg_adder_vff_carry_1.arr[2]).
Adding EN signal on $memory\seg_adder_vff_carry_1.arr[1]$3320 ($dff) from module mkQuire (D = \acc__h6594 [32], Q = \seg_adder_vff_carry_1.arr[1]).
Adding EN signal on $memory\seg_adder_vff_carry_1.arr[0]$3318 ($dff) from module mkQuire (D = \acc__h6594 [32], Q = \seg_adder_vff_carry_1.arr[0]).
Adding EN signal on $memory\seg_adder_vff_carry_0.arr[2]$3281 ($dff) from module mkQuire (D = \acc__h5054 [32], Q = \seg_adder_vff_carry_0.arr[2]).
Adding EN signal on $memory\seg_adder_vff_carry_0.arr[1]$3279 ($dff) from module mkQuire (D = \acc__h5054 [32], Q = \seg_adder_vff_carry_0.arr[1]).
Adding EN signal on $memory\seg_adder_vff_carry_0.arr[0]$3277 ($dff) from module mkQuire (D = \acc__h5054 [32], Q = \seg_adder_vff_carry_0.arr[0]).
Setting constant 0-bit at position 0 on $auto$ff.cc:266:slice$2747 ($dffe) from module mkQuire.

14.20.16. Executing OPT_CLEAN pass (remove unused cells and wires).
Finding unused cells or wires in module \mkQuire..
Removed 75 unused cells and 102 unused wires.
<suppressed ~76 debug messages>

14.20.17. Executing OPT_EXPR pass (perform const folding).
Optimizing module mkQuire.
<suppressed ~1 debug messages>

14.20.18. Rerunning OPT passes. (Maybe there is more to do..)

14.20.19. Executing OPT_MUXTREE pass (detect dead branches in mux trees).
Running muxtree optimizer on module \mkQuire..
  Creating internal representation of mux trees.
  Evaluating internal representation of mux trees.
  Analyzing evaluation results.
Removed 0 multiplexer ports.
<suppressed ~191 debug messages>

14.20.20. Executing OPT_REDUCE pass (consolidate $*mux and $reduce_* inputs).
  Optimizing cells in module \mkQuire.
Performed a total of 0 changes.

14.20.21. Executing OPT_MERGE pass (detect identical cells).
Finding identical cells in module `\mkQuire'.
Removed a total of 0 cells.

14.20.22. Executing OPT_SHARE pass.

14.20.23. Executing OPT_DFF pass (perform DFF optimizations).

14.20.24. Executing OPT_CLEAN pass (remove unused cells and wires).
Finding unused cells or wires in module \mkQuire..

14.20.25. Executing OPT_EXPR pass (perform const folding).
Optimizing module mkQuire.

14.20.26. Finished OPT passes. (There is nothing left to do.)

14.21. Executing TECHMAP pass (map to technology primitives).

14.21.1. Executing Verilog-2005 frontend: /usr/bin/../share/yosys/techmap.v
Parsing Verilog input from `/usr/bin/../share/yosys/techmap.v' to AST representation.
Generating RTLIL representation for module `\_90_simplemap_bool_ops'.
Generating RTLIL representation for module `\_90_simplemap_reduce_ops'.
Generating RTLIL representation for module `\_90_simplemap_logic_ops'.
Generating RTLIL representation for module `\_90_simplemap_compare_ops'.
Generating RTLIL representation for module `\_90_simplemap_various'.
Generating RTLIL representation for module `\_90_simplemap_registers'.
Generating RTLIL representation for module `\_90_shift_ops_shr_shl_sshl_sshr'.
Generating RTLIL representation for module `\_90_shift_shiftx'.
Generating RTLIL representation for module `\_90_fa'.
Generating RTLIL representation for module `\_90_lcu'.
Generating RTLIL representation for module `\_90_alu'.
Generating RTLIL representation for module `\_90_macc'.
Generating RTLIL representation for module `\_90_alumacc'.
Generating RTLIL representation for module `\$__div_mod_u'.
Generating RTLIL representation for module `\$__div_mod_trunc'.
Generating RTLIL representation for module `\_90_div'.
Generating RTLIL representation for module `\_90_mod'.
Generating RTLIL representation for module `\$__div_mod_floor'.
Generating RTLIL representation for module `\_90_divfloor'.
Generating RTLIL representation for module `\_90_modfloor'.
Generating RTLIL representation for module `\_90_pow'.
Generating RTLIL representation for module `\_90_pmux'.
Generating RTLIL representation for module `\_90_demux'.
Generating RTLIL representation for module `\_90_lut'.
Successfully finished Verilog frontend.

14.21.2. Continuing TECHMAP pass.
Using extmapper simplemap for cells of type $dffe.
Using extmapper simplemap for cells of type $mux.
Using extmapper simplemap for cells of type $and.
Using extmapper simplemap for cells of type $not.
Using extmapper simplemap for cells of type $sdff.
Using extmapper simplemap for cells of type $logic_or.
Using extmapper simplemap for cells of type $logic_and.
Using extmapper simplemap for cells of type $reduce_and.
Using extmapper simplemap for cells of type $logic_not.
Using extmapper simplemap for cells of type $reduce_bool.
Using extmapper simplemap for cells of type $reduce_or.
Using extmapper simplemap for cells of type $ne.
Using template $paramod$857150d3a9b7fb38b73bbaa31ff652415e553f98\_90_alu for cells of type $alu.
Using template $paramod$bd91b1311a7e26328ec7b35acb363a89aa87e033\_90_alu for cells of type $alu.
Using extmapper simplemap for cells of type $eq.
Using extmapper simplemap for cells of type $sdffce.
Using template $paramod$ccf850e03d245b24a3ec7bc4d75de879f619fc7b\_90_alu for cells of type $alu.
Using template $paramod$constmap:62d27f70e29815d584d1b294772639ff6ae9bf1d$paramod$7be6e3da21c9676309cafaffe0796eb3363093b8\_90_shift_ops_shr_shl_sshl_sshr for cells of type $shl.
Using template $paramod$4bff87f89c86fe7fb8a2fc2d582304796a9f90ab\_90_alu for cells of type $alu.
Using template $paramod$740b056ede97228d3eae64ea2fdc81f0a33e0fe7\_90_alu for cells of type $alu.
Using template $paramod$fbc7873bff55778c0b3173955b7e4bce1d9d6834\_90_alu for cells of type $alu.
Using template $paramod$754650b284649a026620fc6856e5b6886cbfe794\_90_alu for cells of type $alu.
Using template $paramod$175e67c02b86e96b1288b9dc100122520d7240d8\_90_alu for cells of type $alu.
Using template $paramod$constmap:aa3fa988bc5278c39d5847bba58df7b176938c6b$paramod$5a4dd5f4bb00eea2b51e50ad230d8c7db56a9f37\_90_shift_ops_shr_shl_sshl_sshr for cells of type $shl.
Using template $paramod$constmap:aa3fa988bc5278c39d5847bba58df7b176938c6b$paramod$bcf15a601e69d01d56f5204c5424626671a3af28\_90_shift_ops_shr_shl_sshl_sshr for cells of type $shr.
Using extmapper simplemap for cells of type $or.
Using extmapper simplemap for cells of type $sdffe.
Using template $paramod$8fabc56b80a569262acfc42757a02ca0b8e91278\_90_pmux for cells of type $pmux.
Using template $paramod$03eba0cdd46566f6651a3011e0b5671fa6b5e494\_90_alu for cells of type $alu.
Using template $paramod$6a42b6fefed750f8a1c58eab59479d960557103c\_90_alu for cells of type $alu.
Using extmapper maccmap for cells of type $macc.
  add { \zero_counter_rg_numZeroSegs 5'00000 } (9 bits, unsigned)
  add \x__h12429 (6 bits, unsigned)
  add 10'1111111111 (10 bits, unsigned)
Using template $paramod$215440792383f7884e57d9c95f84e9552d0bf4ac\_90_alu for cells of type $alu.
Using template $paramod$788c3d57e5abb3a3f89aea6d4acd665be37f4e9b\_90_alu for cells of type $alu.
Using extmapper simplemap for cells of type $pos.
Using template $paramod\_90_lcu\WIDTH=32'00000000000000000000000000001010 for cells of type $lcu.
Using extmapper simplemap for cells of type $xor.
Using template $paramod\_90_lcu\WIDTH=32'00000000000000000000000000100001 for cells of type $lcu.
Using template $paramod\_90_lcu\WIDTH=32'00000000000000000000000001100100 for cells of type $lcu.
Using template $paramod\_90_lcu\WIDTH=32'00000000000000000000000000000100 for cells of type $lcu.
Using template $paramod\_90_lcu\WIDTH=32'00000000000000000000000000100000 for cells of type $lcu.
Using template $paramod\_90_lcu\WIDTH=32'00000000000000000000000000000010 for cells of type $lcu.
Using template $paramod\_90_lcu\WIDTH=32'00000000000000000000000000000101 for cells of type $lcu.
Using template $paramod\_90_fa\WIDTH=32'00000000000000000000000000001010 for cells of type $fa.
Using template $paramod$484d51534650924b7ed4c69e46eed3a56904771f\_90_alu for cells of type $alu.
Using template $paramod\_90_lcu\WIDTH=32'00000000000000000000000000001101 for cells of type $lcu.
Using template $paramod\_90_lcu\WIDTH=32'00000000000000000000000000011111 for cells of type $lcu.
No more expansions possible.
<suppressed ~34889 debug messages>

14.22. Executing OPT pass (performing simple optimizations).

14.22.1. Executing OPT_EXPR pass (perform const folding).
Optimizing module mkQuire.
<suppressed ~12936 debug messages>

14.22.2. Executing OPT_MERGE pass (detect identical cells).
Finding identical cells in module `\mkQuire'.
<suppressed ~5190 debug messages>
Removed a total of 1730 cells.

14.22.3. Executing OPT_DFF pass (perform DFF optimizations).

14.22.4. Executing OPT_CLEAN pass (remove unused cells and wires).
Finding unused cells or wires in module \mkQuire..
Removed 683 unused cells and 9941 unused wires.
<suppressed ~684 debug messages>

14.22.5. Finished fast OPT passes.

14.23. Executing ABC pass (technology mapping using ABC).

14.23.1. Extracting gate netlist of module `\mkQuire' to `<abc-temp-dir>/input.blif'..
Extracted 25066 gates and 27798 wires to a netlist network with 2730 inputs and 1804 outputs.

14.23.1.1. Executing ABC.
Running ABC command: "<yosys-exe-dir>/yosys-abc" -s -f <abc-temp-dir>/abc.script 2>&1
ABC: ABC command line: "source <abc-temp-dir>/abc.script".
ABC: 
ABC: + read_blif <abc-temp-dir>/input.blif 
ABC: + read_library <abc-temp-dir>/stdcells.genlib 
ABC: Entered genlib library with 13 gates from file "<abc-temp-dir>/stdcells.genlib".
ABC: + strash 
ABC: + dretime 
ABC: + map 
ABC: + write_blif <abc-temp-dir>/output.blif 

14.23.1.2. Re-integrating ABC results.
ABC RESULTS:               MUX cells:     9302
ABC RESULTS:               NOT cells:     1858
ABC RESULTS:              NAND cells:      766
ABC RESULTS:               AND cells:      265
ABC RESULTS:              XNOR cells:      469
ABC RESULTS:             ORNOT cells:      422
ABC RESULTS:               XOR cells:     1750
ABC RESULTS:                OR cells:     4298
ABC RESULTS:               NOR cells:     1074
ABC RESULTS:            ANDNOT cells:     3551
ABC RESULTS:        internal signals:    23264
ABC RESULTS:           input signals:     2730
ABC RESULTS:          output signals:     1804
Removing temp directory.

14.24. Executing OPT pass (performing simple optimizations).

14.24.1. Executing OPT_EXPR pass (perform const folding).
Optimizing module mkQuire.
<suppressed ~2387 debug messages>

14.24.2. Executing OPT_MERGE pass (detect identical cells).
Finding identical cells in module `\mkQuire'.
<suppressed ~141 debug messages>
Removed a total of 47 cells.

14.24.3. Executing OPT_DFF pass (perform DFF optimizations).

14.24.4. Executing OPT_CLEAN pass (remove unused cells and wires).
Finding unused cells or wires in module \mkQuire..
Removed 22 unused cells and 8465 unused wires.
<suppressed ~120 debug messages>

14.24.5. Finished fast OPT passes.

14.25. Executing HIERARCHY pass (managing design hierarchy).

14.25.1. Analyzing design hierarchy..
Top module:  \mkQuire

14.25.2. Analyzing design hierarchy..
Top module:  \mkQuire
Removed 0 unused modules.

14.26. Printing statistics.

=== mkQuire ===

   Number of wires:              23686
   Number of wire bits:          40137
   Number of public wires:        1024
   Number of public wire bits:   17450
   Number of memories:               0
   Number of memory bits:            0
   Number of processes:              0
   Number of cells:              26027
     $_ANDNOT_                    3526
     $_AND_                        265
     $_DFFE_PP_                   1639
     $_MUX_                       9302
     $_NAND_                       755
     $_NOR_                       1066
     $_NOT_                       1836
     $_ORNOT_                      421
     $_OR_                        4296
     $_SDFFCE_PP0P_                 38
     $_SDFFCE_PP1P_                  1
     $_SDFFE_PN0N_                  50
     $_SDFFE_PN0P_                 499
     $_SDFFE_PN1P_                  64
     $_SDFF_PN0_                    50
     $_XNOR_                       469
     $_XOR_                       1750

14.27. Executing CHECK pass (checking for obvious problems).
Checking module mkQuire...
Found and reported 0 problems.

15. Executing DFFLIBMAP pass (mapping DFF cells to sequential cells from liberty file).
  cell DFF_P (noninv, pins=3, area=0.00) is a direct match for cell type $_DFF_P_.
  cell DFF_PP0 (noninv, pins=4, area=0.00) is a direct match for cell type $_DFF_PN0_.
  final dff cell mappings:
    unmapped dff cell: $_DFF_N_
    \DFF_P _DFF_P_ (.C( C), .D( D), .Q( Q));
    unmapped dff cell: $_DFF_NN0_
    unmapped dff cell: $_DFF_NN1_
    unmapped dff cell: $_DFF_NP0_
    unmapped dff cell: $_DFF_NP1_
    \DFF_PP0 _DFF_PN0_ (.C( C), .D( D), .Q( Q), .R( R));
    unmapped dff cell: $_DFF_PN1_
    unmapped dff cell: $_DFF_PP0_
    unmapped dff cell: $_DFF_PP1_
    unmapped dff cell: $_DFFSR_NNN_
    unmapped dff cell: $_DFFSR_NNP_
    unmapped dff cell: $_DFFSR_NPN_
    unmapped dff cell: $_DFFSR_NPP_
    unmapped dff cell: $_DFFSR_PNN_
    unmapped dff cell: $_DFFSR_PNP_
    unmapped dff cell: $_DFFSR_PPN_
    unmapped dff cell: $_DFFSR_PPP_

15.1. Executing DFFLEGALIZE pass (convert FFs to types supported by the target).
Mapping DFF cells in module `\mkQuire':
  mapped 2341 $_DFF_P_ cells to \DFF_P cells.

16. Executing ABC pass (technology mapping using ABC).

16.1. Extracting gate netlist of module `\mkQuire' to `<abc-temp-dir>/input.blif'..
Extracted 26679 gates and 29452 wires to a netlist network with 2771 inputs and 2344 outputs.

16.1.1. Executing ABC.
Running ABC command: "<yosys-exe-dir>/yosys-abc" -s -f <abc-temp-dir>/abc.script 2>&1
ABC: ABC command line: "source <abc-temp-dir>/abc.script".
ABC: 
ABC: + read_blif <abc-temp-dir>/input.blif 
ABC: + read_lib -w /teamspace/studios/this_studio/Melodica-Integration-into-Fife-Core/generic45nm_fixed.lib 
ABC: Parsing finished successfully.  Parsing time =     0.00 sec
ABC: Scl_LibertyReadGenlib() skipped sequential cell "DFF_P".
ABC: Scl_LibertyReadGenlib() skipped sequential cell "DFF_PP0".
ABC: Scl_LibertyReadGenlib() skipped sequential cell "DFFE_PP".
ABC: Library "generic45nm" from "/teamspace/studios/this_studio/Melodica-Integration-into-Fife-Core/generic45nm_fixed.lib" has 11 cells (3 skipped: 3 seq; 0 tri-state; 0 no func; 0 dont_use).  Time =     0.00 sec
ABC: Memory =    0.04 MB. Time =     0.00 sec
ABC: + read_lib /teamspace/studios/this_studio/Melodica-Integration-into-Fife-Core/generic45nm_fixed.lib 
ABC: Library "generic45nm" from "/teamspace/studios/this_studio/Melodica-Integration-into-Fife-Core/generic45nm_fixed.lib" has 11 cells (3 skipped: 3 seq; 0 tri-state; 0 no func; 0 dont_use).  Time =     0.00 sec
ABC: + strash 
ABC: + dch 
ABC: + map 
ABC: + topo 
ABC: + buffer 
ABC: + upsize 
ABC: + dnsize 
ABC: + stime -p 
ABC: WireLoad = "none"  Gates =  25550 (  8.5 %)   Cap =  0.0 ff (  0.0 %)   Area =    25550.00 (100.0 %)   Delay =   684.00 ps  (  1.1 %)               
ABC: Path  0 --     617 : 0    3 pi      A =   0.00  Df =   0.0   -0.0 ps  S =   0.0 ps  Cin =  0.0 ff  Cout =   0.0 ff  Cmax =   0.0 ff  G =    0  
ABC: Path  1 --   26546 : 2    1 ANDNOT2 A =   1.00  Df =  18.0   -2.0 ps  S =   5.0 ps  Cin =  0.0 ff  Cout =   0.0 ff  Cmax =   0.0 ff  G =-2147483648  
ABC: Path  2 --   26547 : 2    1 NOR2    A =   1.00  Df =  35.0   -3.0 ps  S =   5.0 ps  Cin =  0.0 ff  Cout =   0.0 ff  Cmax =   0.0 ff  G =-2147483648  
ABC: Path  3 --   26548 : 2    1 NOR2    A =   1.00  Df =  52.0   -3.0 ps  S =   5.0 ps  Cin =  0.0 ff  Cout =   0.0 ff  Cmax =   0.0 ff  G =-2147483648  
ABC: Path  4 --   26549 : 2    1 NOR2    A =   1.00  Df =  69.0   -3.0 ps  S =   5.0 ps  Cin =  0.0 ff  Cout =   0.0 ff  Cmax =   0.0 ff  G =-2147483648  
ABC: Path  5 --   26550 : 2    1 OR2     A =   1.00  Df =  88.0   -2.0 ps  S =   5.0 ps  Cin =  0.0 ff  Cout =   0.0 ff  Cmax =   0.0 ff  G =-2147483648  
ABC: Path  6 --   26552 : 2    1 NAND2   A =   1.00  Df = 105.0   -3.0 ps  S =   5.0 ps  Cin =  0.0 ff  Cout =   0.0 ff  Cmax =   0.0 ff  G =-2147483648  
ABC: Path  7 --   26554 : 2    1 NAND2   A =   1.00  Df = 122.0   -3.0 ps  S =   5.0 ps  Cin =  0.0 ff  Cout =   0.0 ff  Cmax =   0.0 ff  G =-2147483648  
ABC: Path  8 --   26556 : 2    1 NAND2   A =   1.00  Df = 139.0   -3.0 ps  S =   5.0 ps  Cin =  0.0 ff  Cout =   0.0 ff  Cmax =   0.0 ff  G =-2147483648  
ABC: Path  9 --   26558 : 2    1 NAND2   A =   1.00  Df = 156.0   -3.0 ps  S =   5.0 ps  Cin =  0.0 ff  Cout =   0.0 ff  Cmax =   0.0 ff  G =-2147483648  
ABC: Path 10 --   26560 : 2    1 NAND2   A =   1.00  Df = 173.0   -3.0 ps  S =   5.0 ps  Cin =  0.0 ff  Cout =   0.0 ff  Cmax =   0.0 ff  G =-2147483648  
ABC: Path 11 --   26562 : 2    1 NAND2   A =   1.00  Df = 190.0   -3.0 ps  S =   5.0 ps  Cin =  0.0 ff  Cout =   0.0 ff  Cmax =   0.0 ff  G =-2147483648  
ABC: Path 12 --   26564 : 2    1 NAND2   A =   1.00  Df = 207.0   -3.0 ps  S =   5.0 ps  Cin =  0.0 ff  Cout =   0.0 ff  Cmax =   0.0 ff  G =-2147483648  
ABC: Path 13 --   26566 : 2    1 NAND2   A =   1.00  Df = 224.0   -3.0 ps  S =   5.0 ps  Cin =  0.0 ff  Cout =   0.0 ff  Cmax =   0.0 ff  G =-2147483648  
ABC: Path 14 --   26568 : 2    1 NAND2   A =   1.00  Df = 241.0   -3.0 ps  S =   5.0 ps  Cin =  0.0 ff  Cout =   0.0 ff  Cmax =   0.0 ff  G =-2147483648  
ABC: Path 15 --   26570 : 2    1 NAND2   A =   1.00  Df = 258.0   -3.0 ps  S =   5.0 ps  Cin =  0.0 ff  Cout =   0.0 ff  Cmax =   0.0 ff  G =-2147483648  
ABC: Path 16 --   26572 : 2    1 NAND2   A =   1.00  Df = 275.0   -3.0 ps  S =   5.0 ps  Cin =  0.0 ff  Cout =   0.0 ff  Cmax =   0.0 ff  G =-2147483648  
ABC: Path 17 --   26574 : 2    1 NAND2   A =   1.00  Df = 292.0   -3.0 ps  S =   5.0 ps  Cin =  0.0 ff  Cout =   0.0 ff  Cmax =   0.0 ff  G =-2147483648  
ABC: Path 18 --   26576 : 2    1 NAND2   A =   1.00  Df = 309.0   -3.0 ps  S =   5.0 ps  Cin =  0.0 ff  Cout =   0.0 ff  Cmax =   0.0 ff  G =-2147483648  
ABC: Path 19 --   26578 : 2    1 NAND2   A =   1.00  Df = 326.0   -3.0 ps  S =   5.0 ps  Cin =  0.0 ff  Cout =   0.0 ff  Cmax =   0.0 ff  G =-2147483648  
ABC: Path 20 --   26580 : 2    1 NAND2   A =   1.00  Df = 343.0   -3.0 ps  S =   5.0 ps  Cin =  0.0 ff  Cout =   0.0 ff  Cmax =   0.0 ff  G =-2147483648  
ABC: Path 21 --   26582 : 2    1 NAND2   A =   1.00  Df = 360.0   -3.0 ps  S =   5.0 ps  Cin =  0.0 ff  Cout =   0.0 ff  Cmax =   0.0 ff  G =-2147483648  
ABC: Path 22 --   26584 : 2    1 NAND2   A =   1.00  Df = 377.0   -3.0 ps  S =   5.0 ps  Cin =  0.0 ff  Cout =   0.0 ff  Cmax =   0.0 ff  G =-2147483648  
ABC: Path 23 --   26586 : 2    1 NAND2   A =   1.00  Df = 394.0   -3.0 ps  S =   5.0 ps  Cin =  0.0 ff  Cout =   0.0 ff  Cmax =   0.0 ff  G =-2147483648  
ABC: Path 24 --   26588 : 2    1 NAND2   A =   1.00  Df = 411.0   -3.0 ps  S =   5.0 ps  Cin =  0.0 ff  Cout =   0.0 ff  Cmax =   0.0 ff  G =-2147483648  
ABC: Path 25 --   26590 : 2    1 NAND2   A =   1.00  Df = 428.0   -3.0 ps  S =   5.0 ps  Cin =  0.0 ff  Cout =   0.0 ff  Cmax =   0.0 ff  G =-2147483648  
ABC: Path 26 --   26592 : 2    1 NAND2   A =   1.00  Df = 445.0   -3.0 ps  S =   5.0 ps  Cin =  0.0 ff  Cout =   0.0 ff  Cmax =   0.0 ff  G =-2147483648  
ABC: Path 27 --   26594 : 2    1 NAND2   A =   1.00  Df = 462.0   -3.0 ps  S =   5.0 ps  Cin =  0.0 ff  Cout =   0.0 ff  Cmax =   0.0 ff  G =-2147483648  
ABC: Path 28 --   26596 : 2    1 NAND2   A =   1.00  Df = 479.0   -3.0 ps  S =   5.0 ps  Cin =  0.0 ff  Cout =   0.0 ff  Cmax =   0.0 ff  G =-2147483648  
ABC: Path 29 --   26598 : 2    1 NAND2   A =   1.00  Df = 496.0   -3.0 ps  S =   5.0 ps  Cin =  0.0 ff  Cout =   0.0 ff  Cmax =   0.0 ff  G =-2147483648  
ABC: Path 30 --   26600 : 2    1 NAND2   A =   1.00  Df = 513.0   -3.0 ps  S =   5.0 ps  Cin =  0.0 ff  Cout =   0.0 ff  Cmax =   0.0 ff  G =-2147483648  
ABC: Path 31 --   26602 : 2    4 NAND2   A =   1.00  Df = 530.0   -3.0 ps  S =   5.0 ps  Cin =  0.0 ff  Cout =   0.0 ff  Cmax =   0.0 ff  G =-2147483648  
ABC: Path 32 --   26666 : 2    2 NAND2   A =   1.00  Df = 547.0   -3.0 ps  S =   5.0 ps  Cin =  0.0 ff  Cout =   0.0 ff  Cmax =   0.0 ff  G =-2147483648  
ABC: Path 33 --   26695 : 2    4 AND2    A =   1.00  Df = 565.0   -2.0 ps  S =   5.0 ps  Cin =  0.0 ff  Cout =   0.0 ff  Cmax =   0.0 ff  G =-2147483648  
ABC: Path 34 --   26713 : 2    1 NAND2   A =   1.00  Df = 582.0   -3.0 ps  S =   5.0 ps  Cin =  0.0 ff  Cout =   0.0 ff  Cmax =   0.0 ff  G =-2147483648  
ABC: Path 35 --   26714 : 2    2 NAND2   A =   1.00  Df = 599.0   -3.0 ps  S =   5.0 ps  Cin =  0.0 ff  Cout =   0.0 ff  Cmax =   0.0 ff  G =-2147483648  
ABC: Path 36 --   26719 : 2    1 NAND2   A =   1.00  Df = 616.0   -3.0 ps  S =   5.0 ps  Cin =  0.0 ff  Cout =   0.0 ff  Cmax =   0.0 ff  G =-2147483648  
ABC: Path 37 --   26721 : 2    1 ANDNOT2 A =   1.00  Df = 634.0   -2.0 ps  S =   5.0 ps  Cin =  0.0 ff  Cout =   0.0 ff  Cmax =   0.0 ff  G =-2147483648  
ABC: Path 38 --   26722 : 2    1 XOR2    A =   1.00  Df = 662.0   -0.0 ps  S =   6.0 ps  Cin =  0.0 ff  Cout =   0.0 ff  Cmax =   0.0 ff  G =-2147483648  
ABC: Path 39 --   26723 : 3    1 MUX2    A =   1.00  Df = 684.0   -0.0 ps  S =   6.0 ps  Cin =  0.0 ff  Cout =   0.0 ff  Cmax =   0.0 ff  G =-2147483648  
ABC: Start-point = pi616 (\zero_counter_rg_firstNonZeroSeg [0]).  End-point = po564 ($auto$rtlil.cc:2609:MuxGate$97357).
ABC: + print_stats -t 
ABC: netlist                       : i/o = 2771/ 2344  lat =    0  nd = 25550  edge =  57563  area =25550.00  delay =603.00  lev = 39
ABC: elapse: 7.72 seconds, total: 7.72 seconds
ABC: + write_blif <abc-temp-dir>/output.blif 

16.1.2. Re-integrating ABC results.
ABC RESULTS:              NOT1 cells:     1378
ABC RESULTS:              AND2 cells:      723
ABC RESULTS:              XOR2 cells:     1304
ABC RESULTS:               OR2 cells:      659
ABC RESULTS:             XNOR2 cells:      849
ABC RESULTS:              NOR2 cells:     1970
ABC RESULTS:           ANDNOT2 cells:     2922
ABC RESULTS:             NAND2 cells:     5815
ABC RESULTS:            ORNOT2 cells:      485
ABC RESULTS:              BUF1 cells:      802
ABC RESULTS:              MUX2 cells:     8643
ABC RESULTS:        internal signals:    24337
ABC RESULTS:           input signals:     2771
ABC RESULTS:          output signals:     2344
Removing temp directory.

17. Printing statistics.

=== mkQuire ===

   Number of wires:              55000
   Number of wire bits:          71451
   Number of public wires:        1024
   Number of public wire bits:   17450
   Number of memories:               0
   Number of memory bits:            0
   Number of processes:              0
   Number of cells:              27891
     AND2                          723
     ANDNOT2                      2922
     BUF1                          802
     DFF_P                        2341
     MUX2                         8643
     NAND2                        5815
     NOR2                         1970
     NOT1                         1378
     OR2                           659
     ORNOT2                        485
     XNOR2                         849
     XOR2                         1304

Warnings: 2 unique messages, 2 total
End of script. Logfile hash: dd3bce306f, CPU: user 19.36s system 0.25s, MEM: 289.18 MB peak
Yosys 0.33 (git sha1 2584903a060)
Time spent: 36% 2x abc (10 sec), 18% 43x opt_expr (5 sec), ...
