
 /----------------------------------------------------------------------------\
 |                                                                            |
 |  yosys -- Yosys Open SYnthesis Suite                                       |
 |                                                                            |
 |  Copyright (C) 2012 - 2020  Claire Xenia Wolf <claire@yosyshq.com>         |
 |                                                                            |
 |  Permission to use, copy, modify, and/or distribute this software for any  |
 |  purpose with or without fee is hereby granted, provided that the above    |
 |  copyright notice and this permission notice appear in all copies.         |
 |                                                                            |
 |  THE SOFTWARE IS PROVIDED "AS IS" AND THE AUTHOR DISCLAIMS ALL WARRANTIES  |
 |  WITH REGARD TO THIS SOFTWARE INCLUDING ALL IMPLIED WARRANTIES OF          |
 |  MERCHANTABILITY AND FITNESS. IN NO EVENT SHALL THE AUTHOR BE LIABLE FOR   |
 |  ANY SPECIAL, DIRECT, INDIRECT, OR CONSEQUENTIAL DAMAGES OR ANY DAMAGES    |
 |  WHATSOEVER RESULTING FROM LOSS OF USE, DATA OR PROFITS, WHETHER IN AN     |
 |  ACTION OF CONTRACT, NEGLIGENCE OR OTHER TORTIOUS ACTION, ARISING OUT OF   |
 |  OR IN CONNECTION WITH THE USE OR PERFORMANCE OF THIS SOFTWARE.            |
 |                                                                            |
 \----------------------------------------------------------------------------/

 Yosys 0.33 (git sha1 2584903a060)


-- Executing script file `/teamspace/studios/this_studio/Melodica-Integration-into-Fife-Core/synth_script_mkPositCore_es3_bposit.ys' --

1. Executing Verilog-2005 frontend: /teamspace/studios/this_studio/Melodica-Integration-into-Fife-Core/bsc/lib/Verilog/FIFO1.v
Parsing Verilog input from `/teamspace/studios/this_studio/Melodica-Integration-into-Fife-Core/bsc/lib/Verilog/FIFO1.v' to AST representation.
Warning: Encountered `translate_off' comment! Such legacy hot comments are supported by Yosys, but are not part of any formal language specification. Using a portable and standards-compliant construct such as `ifdef is recommended!
Generating RTLIL representation for module `\FIFO1'.
Successfully finished Verilog frontend.

2. Executing Verilog-2005 frontend: /teamspace/studios/this_studio/Melodica-Integration-into-Fife-Core/bsc/lib/Verilog/FIFO2.v
Parsing Verilog input from `/teamspace/studios/this_studio/Melodica-Integration-into-Fife-Core/bsc/lib/Verilog/FIFO2.v' to AST representation.
Generating RTLIL representation for module `\FIFO2'.
Successfully finished Verilog frontend.

3. Executing Verilog-2005 frontend: /teamspace/studios/this_studio/Melodica-Integration-into-Fife-Core/bsc/lib/Verilog/SizedFIFO.v
Parsing Verilog input from `/teamspace/studios/this_studio/Melodica-Integration-into-Fife-Core/bsc/lib/Verilog/SizedFIFO.v' to AST representation.
Generating RTLIL representation for module `\SizedFIFO'.
Successfully finished Verilog frontend.

4. Executing Verilog-2005 frontend: /teamspace/studios/this_studio/Melodica-Integration-into-Fife-Core/bsc/lib/Verilog/RegFile.v
Parsing Verilog input from `/teamspace/studios/this_studio/Melodica-Integration-into-Fife-Core/bsc/lib/Verilog/RegFile.v' to AST representation.
Generating RTLIL representation for module `\RegFile'.
Successfully finished Verilog frontend.

5. Executing Verilog-2005 frontend: /teamspace/studios/this_studio/Melodica-Integration-into-Fife-Core/Learn_Bluespec_and_RISCV_Design/Code/Build/Fife/verilog/module_fn_twosC_quire.v
Parsing Verilog input from `/teamspace/studios/this_studio/Melodica-Integration-into-Fife-Core/Learn_Bluespec_and_RISCV_Design/Code/Build/Fife/verilog/module_fn_twosC_quire.v' to AST representation.
Generating RTLIL representation for module `\module_fn_twosC_quire'.
Successfully finished Verilog frontend.

6. Executing Verilog-2005 frontend: /teamspace/studios/this_studio/Melodica-Integration-into-Fife-Core/Learn_Bluespec_and_RISCV_Design/Code/Build/Fife/verilog/mkQuire.v
Parsing Verilog input from `/teamspace/studios/this_studio/Melodica-Integration-into-Fife-Core/Learn_Bluespec_and_RISCV_Design/Code/Build/Fife/verilog/mkQuire.v' to AST representation.
Warning: Encountered `parallel_case' comment! Such legacy hot comments are supported by Yosys, but are not part of any formal language specification. Using the Verilog `parallel_case' attribute or the SystemVerilog `unique' or `priority' keywords is recommended!
Generating RTLIL representation for module `\mkQuire'.
Note: Assuming pure combinatorial block at /teamspace/studios/this_studio/Melodica-Integration-into-Fife-Core/Learn_Bluespec_and_RISCV_Design/Code/Build/Fife/verilog/mkQuire.v:858.3-872.6 in
compliance with IEC 62142(E):2005 / IEEE Std. 1364.1(E):2002. Recommending
use of @* instead of @(...) for better match of synthesis and simulation.
Note: Assuming pure combinatorial block at /teamspace/studios/this_studio/Melodica-Integration-into-Fife-Core/Learn_Bluespec_and_RISCV_Design/Code/Build/Fife/verilog/mkQuire.v:881.3-896.6 in
compliance with IEC 62142(E):2005 / IEEE Std. 1364.1(E):2002. Recommending
use of @* instead of @(...) for better match of synthesis and simulation.
Note: Assuming pure combinatorial block at /teamspace/studios/this_studio/Melodica-Integration-into-Fife-Core/Learn_Bluespec_and_RISCV_Design/Code/Build/Fife/verilog/mkQuire.v:905.3-921.6 in
compliance with IEC 62142(E):2005 / IEEE Std. 1364.1(E):2002. Recommending
use of @* instead of @(...) for better match of synthesis and simulation.
Note: Assuming pure combinatorial block at /teamspace/studios/this_studio/Melodica-Integration-into-Fife-Core/Learn_Bluespec_and_RISCV_Design/Code/Build/Fife/verilog/mkQuire.v:930.3-946.6 in
compliance with IEC 62142(E):2005 / IEEE Std. 1364.1(E):2002. Recommending
use of @* instead of @(...) for better match of synthesis and simulation.
Note: Assuming pure combinatorial block at /teamspace/studios/this_studio/Melodica-Integration-into-Fife-Core/Learn_Bluespec_and_RISCV_Design/Code/Build/Fife/verilog/mkQuire.v:955.3-971.6 in
compliance with IEC 62142(E):2005 / IEEE Std. 1364.1(E):2002. Recommending
use of @* instead of @(...) for better match of synthesis and simulation.
Note: Assuming pure combinatorial block at /teamspace/studios/this_studio/Melodica-Integration-into-Fife-Core/Learn_Bluespec_and_RISCV_Design/Code/Build/Fife/verilog/mkQuire.v:980.3-996.6 in
compliance with IEC 62142(E):2005 / IEEE Std. 1364.1(E):2002. Recommending
use of @* instead of @(...) for better match of synthesis and simulation.
Note: Assuming pure combinatorial block at /teamspace/studios/this_studio/Melodica-Integration-into-Fife-Core/Learn_Bluespec_and_RISCV_Design/Code/Build/Fife/verilog/mkQuire.v:1005.3-1021.6 in
compliance with IEC 62142(E):2005 / IEEE Std. 1364.1(E):2002. Recommending
use of @* instead of @(...) for better match of synthesis and simulation.
Note: Assuming pure combinatorial block at /teamspace/studios/this_studio/Melodica-Integration-into-Fife-Core/Learn_Bluespec_and_RISCV_Design/Code/Build/Fife/verilog/mkQuire.v:1030.3-1046.10 in
compliance with IEC 62142(E):2005 / IEEE Std. 1364.1(E):2002. Recommending
use of @* instead of @(...) for better match of synthesis and simulation.
Note: Assuming pure combinatorial block at /teamspace/studios/this_studio/Melodica-Integration-into-Fife-Core/Learn_Bluespec_and_RISCV_Design/Code/Build/Fife/verilog/mkQuire.v:1056.3-1072.10 in
compliance with IEC 62142(E):2005 / IEEE Std. 1364.1(E):2002. Recommending
use of @* instead of @(...) for better match of synthesis and simulation.
Note: Assuming pure combinatorial block at /teamspace/studios/this_studio/Melodica-Integration-into-Fife-Core/Learn_Bluespec_and_RISCV_Design/Code/Build/Fife/verilog/mkQuire.v:1082.3-1098.10 in
compliance with IEC 62142(E):2005 / IEEE Std. 1364.1(E):2002. Recommending
use of @* instead of @(...) for better match of synthesis and simulation.
Note: Assuming pure combinatorial block at /teamspace/studios/this_studio/Melodica-Integration-into-Fife-Core/Learn_Bluespec_and_RISCV_Design/Code/Build/Fife/verilog/mkQuire.v:1108.3-1124.10 in
compliance with IEC 62142(E):2005 / IEEE Std. 1364.1(E):2002. Recommending
use of @* instead of @(...) for better match of synthesis and simulation.
Note: Assuming pure combinatorial block at /teamspace/studios/this_studio/Melodica-Integration-into-Fife-Core/Learn_Bluespec_and_RISCV_Design/Code/Build/Fife/verilog/mkQuire.v:1134.3-1150.10 in
compliance with IEC 62142(E):2005 / IEEE Std. 1364.1(E):2002. Recommending
use of @* instead of @(...) for better match of synthesis and simulation.
Note: Assuming pure combinatorial block at /teamspace/studios/this_studio/Melodica-Integration-into-Fife-Core/Learn_Bluespec_and_RISCV_Design/Code/Build/Fife/verilog/mkQuire.v:1160.3-1176.10 in
compliance with IEC 62142(E):2005 / IEEE Std. 1364.1(E):2002. Recommending
use of @* instead of @(...) for better match of synthesis and simulation.
Note: Assuming pure combinatorial block at /teamspace/studios/this_studio/Melodica-Integration-into-Fife-Core/Learn_Bluespec_and_RISCV_Design/Code/Build/Fife/verilog/mkQuire.v:1186.3-1199.10 in
compliance with IEC 62142(E):2005 / IEEE Std. 1364.1(E):2002. Recommending
use of @* instead of @(...) for better match of synthesis and simulation.
Successfully finished Verilog frontend.

7. Executing Verilog-2005 frontend: /teamspace/studios/this_studio/Melodica-Integration-into-Fife-Core/Learn_Bluespec_and_RISCV_Design/Code/Build/Fife/verilog/mkMultiplier.v
Parsing Verilog input from `/teamspace/studios/this_studio/Melodica-Integration-into-Fife-Core/Learn_Bluespec_and_RISCV_Design/Code/Build/Fife/verilog/mkMultiplier.v' to AST representation.
Generating RTLIL representation for module `\mkMultiplier'.
Successfully finished Verilog frontend.

8. Executing Verilog-2005 frontend: /teamspace/studios/this_studio/Melodica-Integration-into-Fife-Core/Learn_Bluespec_and_RISCV_Design/Code/Build/Fife/verilog/mkNormalizer.v
Parsing Verilog input from `/teamspace/studios/this_studio/Melodica-Integration-into-Fife-Core/Learn_Bluespec_and_RISCV_Design/Code/Build/Fife/verilog/mkNormalizer.v' to AST representation.
Generating RTLIL representation for module `\mkNormalizer'.
Note: Assuming pure combinatorial block at /teamspace/studios/this_studio/Melodica-Integration-into-Fife-Core/Learn_Bluespec_and_RISCV_Design/Code/Build/Fife/verilog/mkNormalizer.v:157.3-170.6 in
compliance with IEC 62142(E):2005 / IEEE Std. 1364.1(E):2002. Recommending
use of @* instead of @(...) for better match of synthesis and simulation.
Note: Assuming pure combinatorial block at /teamspace/studios/this_studio/Melodica-Integration-into-Fife-Core/Learn_Bluespec_and_RISCV_Design/Code/Build/Fife/verilog/mkNormalizer.v:171.3-192.6 in
compliance with IEC 62142(E):2005 / IEEE Std. 1364.1(E):2002. Recommending
use of @* instead of @(...) for better match of synthesis and simulation.
Note: Assuming pure combinatorial block at /teamspace/studios/this_studio/Melodica-Integration-into-Fife-Core/Learn_Bluespec_and_RISCV_Design/Code/Build/Fife/verilog/mkNormalizer.v:193.3-200.6 in
compliance with IEC 62142(E):2005 / IEEE Std. 1364.1(E):2002. Recommending
use of @* instead of @(...) for better match of synthesis and simulation.
Successfully finished Verilog frontend.

9. Executing Verilog-2005 frontend: /teamspace/studios/this_studio/Melodica-Integration-into-Fife-Core/Learn_Bluespec_and_RISCV_Design/Code/Build/Fife/verilog/mkExtracter.v
Parsing Verilog input from `/teamspace/studios/this_studio/Melodica-Integration-into-Fife-Core/Learn_Bluespec_and_RISCV_Design/Code/Build/Fife/verilog/mkExtracter.v' to AST representation.
Generating RTLIL representation for module `\mkExtracter'.
Successfully finished Verilog frontend.

10. Executing Verilog-2005 frontend: /teamspace/studios/this_studio/Melodica-Integration-into-Fife-Core/Learn_Bluespec_and_RISCV_Design/Code/Build/Fife/verilog/mkFtoP_PNE.v
Parsing Verilog input from `/teamspace/studios/this_studio/Melodica-Integration-into-Fife-Core/Learn_Bluespec_and_RISCV_Design/Code/Build/Fife/verilog/mkFtoP_PNE.v' to AST representation.
Generating RTLIL representation for module `\mkFtoP_PNE'.
Successfully finished Verilog frontend.

11. Executing Verilog-2005 frontend: /teamspace/studios/this_studio/Melodica-Integration-into-Fife-Core/Learn_Bluespec_and_RISCV_Design/Code/Build/Fife/verilog/mkPtoF_PNE.v
Parsing Verilog input from `/teamspace/studios/this_studio/Melodica-Integration-into-Fife-Core/Learn_Bluespec_and_RISCV_Design/Code/Build/Fife/verilog/mkPtoF_PNE.v' to AST representation.
Generating RTLIL representation for module `\mkPtoF_PNE'.
Note: Assuming pure combinatorial block at /teamspace/studios/this_studio/Melodica-Integration-into-Fife-Core/Learn_Bluespec_and_RISCV_Design/Code/Build/Fife/verilog/mkPtoF_PNE.v:212.3-219.6 in
compliance with IEC 62142(E):2005 / IEEE Std. 1364.1(E):2002. Recommending
use of @* instead of @(...) for better match of synthesis and simulation.
Note: Assuming pure combinatorial block at /teamspace/studios/this_studio/Melodica-Integration-into-Fife-Core/Learn_Bluespec_and_RISCV_Design/Code/Build/Fife/verilog/mkPtoF_PNE.v:220.3-227.6 in
compliance with IEC 62142(E):2005 / IEEE Std. 1364.1(E):2002. Recommending
use of @* instead of @(...) for better match of synthesis and simulation.
Successfully finished Verilog frontend.

12. Executing Verilog-2005 frontend: /teamspace/studios/this_studio/Melodica-Integration-into-Fife-Core/Learn_Bluespec_and_RISCV_Design/Code/Build/Fife/verilog/mkPositCore.v
Parsing Verilog input from `/teamspace/studios/this_studio/Melodica-Integration-into-Fife-Core/Learn_Bluespec_and_RISCV_Design/Code/Build/Fife/verilog/mkPositCore.v' to AST representation.
Generating RTLIL representation for module `\mkPositCore'.
Successfully finished Verilog frontend.

13. Executing HIERARCHY pass (managing design hierarchy).

13.1. Analyzing design hierarchy..
Top module:  \mkPositCore
Used module:     \mkQuire
Used module:         \module_fn_twosC_quire
Used module:         \SizedFIFO
Used module:         \FIFO1
Used module:     \mkPtoF_PNE
Used module:         \FIFO2
Used module:     \mkNormalizer
Used module:     \mkMultiplier
Used module:     \mkFtoP_PNE
Used module:     \mkExtracter
Parameter \p1width = 32
Parameter \p2depth = 4
Parameter \p3cntr_width = 2
Parameter \guarded = 1'1

13.2. Executing AST frontend in derive mode using pre-parsed AST for module `\SizedFIFO'.
Parameter \p1width = 32
Parameter \p2depth = 4
Parameter \p3cntr_width = 2
Parameter \guarded = 1'1
Generating RTLIL representation for module `$paramod$a0c6df3c1489bcd5c1c6c2071c80faf091665997\SizedFIFO'.
Parameter \p1width = 32
Parameter \p2depth = 4
Parameter \p3cntr_width = 2
Parameter \guarded = 1'1
Found cached RTLIL representation for module `$paramod$a0c6df3c1489bcd5c1c6c2071c80faf091665997\SizedFIFO'.
Parameter \p1width = 32
Parameter \p2depth = 4
Parameter \p3cntr_width = 2
Parameter \guarded = 1'1
Found cached RTLIL representation for module `$paramod$a0c6df3c1489bcd5c1c6c2071c80faf091665997\SizedFIFO'.
Parameter \p1width = 32
Parameter \p2depth = 4
Parameter \p3cntr_width = 2
Parameter \guarded = 1'1
Found cached RTLIL representation for module `$paramod$a0c6df3c1489bcd5c1c6c2071c80faf091665997\SizedFIFO'.
Parameter \p1width = 32
Parameter \p2depth = 4
Parameter \p3cntr_width = 2
Parameter \guarded = 1'1
Found cached RTLIL representation for module `$paramod$a0c6df3c1489bcd5c1c6c2071c80faf091665997\SizedFIFO'.
Parameter \p1width = 32
Parameter \p2depth = 4
Parameter \p3cntr_width = 2
Parameter \guarded = 1'1
Found cached RTLIL representation for module `$paramod$a0c6df3c1489bcd5c1c6c2071c80faf091665997\SizedFIFO'.
Parameter \p1width = 32
Parameter \p2depth = 4
Parameter \p3cntr_width = 2
Parameter \guarded = 1'1
Found cached RTLIL representation for module `$paramod$a0c6df3c1489bcd5c1c6c2071c80faf091665997\SizedFIFO'.
Parameter \p1width = 1
Parameter \p2depth = 4
Parameter \p3cntr_width = 2
Parameter \guarded = 1'1

13.3. Executing AST frontend in derive mode using pre-parsed AST for module `\SizedFIFO'.
Parameter \p1width = 1
Parameter \p2depth = 4
Parameter \p3cntr_width = 2
Parameter \guarded = 1'1
Generating RTLIL representation for module `$paramod$77feb722284cbb4b2efebea6faec56b4318dabcc\SizedFIFO'.
Parameter \p1width = 1
Parameter \p2depth = 4
Parameter \p3cntr_width = 2
Parameter \guarded = 1'1
Found cached RTLIL representation for module `$paramod$77feb722284cbb4b2efebea6faec56b4318dabcc\SizedFIFO'.
Parameter \p1width = 1
Parameter \p2depth = 4
Parameter \p3cntr_width = 2
Parameter \guarded = 1'1
Found cached RTLIL representation for module `$paramod$77feb722284cbb4b2efebea6faec56b4318dabcc\SizedFIFO'.
Parameter \p1width = 1
Parameter \p2depth = 4
Parameter \p3cntr_width = 2
Parameter \guarded = 1'1
Found cached RTLIL representation for module `$paramod$77feb722284cbb4b2efebea6faec56b4318dabcc\SizedFIFO'.
Parameter \p1width = 1
Parameter \p2depth = 4
Parameter \p3cntr_width = 2
Parameter \guarded = 1'1
Found cached RTLIL representation for module `$paramod$77feb722284cbb4b2efebea6faec56b4318dabcc\SizedFIFO'.
Parameter \p1width = 1
Parameter \p2depth = 4
Parameter \p3cntr_width = 2
Parameter \guarded = 1'1
Found cached RTLIL representation for module `$paramod$77feb722284cbb4b2efebea6faec56b4318dabcc\SizedFIFO'.
Parameter \width = 41
Parameter \guarded = 1'1

13.4. Executing AST frontend in derive mode using pre-parsed AST for module `\FIFO1'.
Parameter \width = 41
Parameter \guarded = 1'1
Generating RTLIL representation for module `$paramod\FIFO1\width=32'00000000000000000000000000101001\guarded=1'1'.
Parameter \width = 9
Parameter \guarded = 1'1

13.5. Executing AST frontend in derive mode using pre-parsed AST for module `\FIFO1'.
Parameter \width = 9
Parameter \guarded = 1'1
Generating RTLIL representation for module `$paramod\FIFO1\width=32'00000000000000000000000000001001\guarded=1'1'.
Parameter \width = 198
Parameter \guarded = 1'1

13.6. Executing AST frontend in derive mode using pre-parsed AST for module `\FIFO1'.
Parameter \width = 198
Parameter \guarded = 1'1
Generating RTLIL representation for module `$paramod\FIFO1\width=32'00000000000000000000000011000110\guarded=1'1'.
Parameter \width = 68
Parameter \guarded = 1'1

13.7. Executing AST frontend in derive mode using pre-parsed AST for module `\FIFO1'.
Parameter \width = 68
Parameter \guarded = 1'1
Generating RTLIL representation for module `$paramod\FIFO1\width=32'00000000000000000000000001000100\guarded=1'1'.
Parameter \width = 36
Parameter \guarded = 1'1

13.8. Executing AST frontend in derive mode using pre-parsed AST for module `\FIFO2'.
Parameter \width = 36
Parameter \guarded = 1'1
Generating RTLIL representation for module `$paramod\FIFO2\width=32'00000000000000000000000000100100\guarded=1'1'.
Parameter \width = 38
Parameter \guarded = 1'1

13.9. Executing AST frontend in derive mode using pre-parsed AST for module `\FIFO2'.
Parameter \width = 38
Parameter \guarded = 1'1
Generating RTLIL representation for module `$paramod\FIFO2\width=32'00000000000000000000000000100110\guarded=1'1'.
Parameter \width = 41
Parameter \guarded = 1'1
Found cached RTLIL representation for module `$paramod\FIFO1\width=32'00000000000000000000000000101001\guarded=1'1'.
Parameter \width = 35
Parameter \guarded = 1'1

13.10. Executing AST frontend in derive mode using pre-parsed AST for module `\FIFO2'.
Parameter \width = 35
Parameter \guarded = 1'1
Generating RTLIL representation for module `$paramod\FIFO2\width=32'00000000000000000000000000100011\guarded=1'1'.
Parameter \width = 71
Parameter \guarded = 1'1

13.11. Executing AST frontend in derive mode using pre-parsed AST for module `\FIFO1'.
Parameter \width = 71
Parameter \guarded = 1'1
Generating RTLIL representation for module `$paramod\FIFO1\width=32'00000000000000000000000001000111\guarded=1'1'.
Parameter \width = 138
Parameter \guarded = 1'1

13.12. Executing AST frontend in derive mode using pre-parsed AST for module `\FIFO2'.
Parameter \width = 138
Parameter \guarded = 1'1
Generating RTLIL representation for module `$paramod\FIFO2\width=32'00000000000000000000000010001010\guarded=1'1'.
Parameter \width = 3
Parameter \guarded = 1'1

13.13. Executing AST frontend in derive mode using pre-parsed AST for module `\FIFO2'.
Parameter \width = 3
Parameter \guarded = 1'1
Generating RTLIL representation for module `$paramod\FIFO2\width=32'00000000000000000000000000000011\guarded=1'1'.
Parameter \width = 3
Parameter \guarded = 1'1
Found cached RTLIL representation for module `$paramod\FIFO2\width=32'00000000000000000000000000000011\guarded=1'1'.

13.14. Analyzing design hierarchy..
Top module:  \mkPositCore
Used module:     \mkQuire
Used module:         \module_fn_twosC_quire
Used module:         $paramod$a0c6df3c1489bcd5c1c6c2071c80faf091665997\SizedFIFO
Used module:         $paramod$77feb722284cbb4b2efebea6faec56b4318dabcc\SizedFIFO
Used module:         $paramod\FIFO1\width=32'00000000000000000000000000101001\guarded=1'1
Used module:         $paramod\FIFO1\width=32'00000000000000000000000000001001\guarded=1'1
Used module:     \mkPtoF_PNE
Used module:         $paramod\FIFO2\width=32'00000000000000000000000000100011\guarded=1'1
Used module:     \mkNormalizer
Used module:         $paramod\FIFO2\width=32'00000000000000000000000000100100\guarded=1'1
Used module:     \mkMultiplier
Used module:         $paramod\FIFO1\width=32'00000000000000000000000011000110\guarded=1'1
Used module:         $paramod\FIFO1\width=32'00000000000000000000000001000100\guarded=1'1
Used module:     \mkFtoP_PNE
Used module:     $paramod\FIFO1\width=32'00000000000000000000000001000111\guarded=1'1
Used module:     $paramod\FIFO2\width=32'00000000000000000000000010001010\guarded=1'1
Used module:     \mkExtracter
Used module:         $paramod\FIFO2\width=32'00000000000000000000000000100110\guarded=1'1
Used module:     $paramod\FIFO2\width=32'00000000000000000000000000000011\guarded=1'1

13.15. Analyzing design hierarchy..
Top module:  \mkPositCore
Used module:     \mkQuire
Used module:         \module_fn_twosC_quire
Used module:         $paramod$a0c6df3c1489bcd5c1c6c2071c80faf091665997\SizedFIFO
Used module:         $paramod$77feb722284cbb4b2efebea6faec56b4318dabcc\SizedFIFO
Used module:         $paramod\FIFO1\width=32'00000000000000000000000000101001\guarded=1'1
Used module:         $paramod\FIFO1\width=32'00000000000000000000000000001001\guarded=1'1
Used module:     \mkPtoF_PNE
Used module:         $paramod\FIFO2\width=32'00000000000000000000000000100011\guarded=1'1
Used module:     \mkNormalizer
Used module:         $paramod\FIFO2\width=32'00000000000000000000000000100100\guarded=1'1
Used module:     \mkMultiplier
Used module:         $paramod\FIFO1\width=32'00000000000000000000000011000110\guarded=1'1
Used module:         $paramod\FIFO1\width=32'00000000000000000000000001000100\guarded=1'1
Used module:     \mkFtoP_PNE
Used module:     $paramod\FIFO1\width=32'00000000000000000000000001000111\guarded=1'1
Used module:     $paramod\FIFO2\width=32'00000000000000000000000010001010\guarded=1'1
Used module:     \mkExtracter
Used module:         $paramod\FIFO2\width=32'00000000000000000000000000100110\guarded=1'1
Used module:     $paramod\FIFO2\width=32'00000000000000000000000000000011\guarded=1'1
Removing unused module `\RegFile'.
Removing unused module `\SizedFIFO'.
Removing unused module `\FIFO2'.
Removing unused module `\FIFO1'.
Removed 4 unused modules.

14. Executing SYNTH pass.

14.1. Executing HIERARCHY pass (managing design hierarchy).

14.1.1. Analyzing design hierarchy..
Top module:  \mkPositCore
Used module:     \mkQuire
Used module:         \module_fn_twosC_quire
Used module:         $paramod$a0c6df3c1489bcd5c1c6c2071c80faf091665997\SizedFIFO
Used module:         $paramod$77feb722284cbb4b2efebea6faec56b4318dabcc\SizedFIFO
Used module:         $paramod\FIFO1\width=32'00000000000000000000000000101001\guarded=1'1
Used module:         $paramod\FIFO1\width=32'00000000000000000000000000001001\guarded=1'1
Used module:     \mkPtoF_PNE
Used module:         $paramod\FIFO2\width=32'00000000000000000000000000100011\guarded=1'1
Used module:     \mkNormalizer
Used module:         $paramod\FIFO2\width=32'00000000000000000000000000100100\guarded=1'1
Used module:     \mkMultiplier
Used module:         $paramod\FIFO1\width=32'00000000000000000000000011000110\guarded=1'1
Used module:         $paramod\FIFO1\width=32'00000000000000000000000001000100\guarded=1'1
Used module:     \mkFtoP_PNE
Used module:     $paramod\FIFO1\width=32'00000000000000000000000001000111\guarded=1'1
Used module:     $paramod\FIFO2\width=32'00000000000000000000000010001010\guarded=1'1
Used module:     \mkExtracter
Used module:         $paramod\FIFO2\width=32'00000000000000000000000000100110\guarded=1'1
Used module:     $paramod\FIFO2\width=32'00000000000000000000000000000011\guarded=1'1

14.1.2. Analyzing design hierarchy..
Top module:  \mkPositCore
Used module:     \mkQuire
Used module:         \module_fn_twosC_quire
Used module:         $paramod$a0c6df3c1489bcd5c1c6c2071c80faf091665997\SizedFIFO
Used module:         $paramod$77feb722284cbb4b2efebea6faec56b4318dabcc\SizedFIFO
Used module:         $paramod\FIFO1\width=32'00000000000000000000000000101001\guarded=1'1
Used module:         $paramod\FIFO1\width=32'00000000000000000000000000001001\guarded=1'1
Used module:     \mkPtoF_PNE
Used module:         $paramod\FIFO2\width=32'00000000000000000000000000100011\guarded=1'1
Used module:     \mkNormalizer
Used module:         $paramod\FIFO2\width=32'00000000000000000000000000100100\guarded=1'1
Used module:     \mkMultiplier
Used module:         $paramod\FIFO1\width=32'00000000000000000000000011000110\guarded=1'1
Used module:         $paramod\FIFO1\width=32'00000000000000000000000001000100\guarded=1'1
Used module:     \mkFtoP_PNE
Used module:     $paramod\FIFO1\width=32'00000000000000000000000001000111\guarded=1'1
Used module:     $paramod\FIFO2\width=32'00000000000000000000000010001010\guarded=1'1
Used module:     \mkExtracter
Used module:         $paramod\FIFO2\width=32'00000000000000000000000000100110\guarded=1'1
Used module:     $paramod\FIFO2\width=32'00000000000000000000000000000011\guarded=1'1
Removed 0 unused modules.

14.2. Executing PROC pass (convert processes to netlists).

14.2.1. Executing PROC_CLEAN pass (remove empty switches from decision trees).
Cleaned up 0 empty switches.

14.2.2. Executing PROC_RMDEAD pass (remove dead branches from decision trees).
Marked 3 switch rules as full_case in process $proc$/teamspace/studios/this_studio/Melodica-Integration-into-Fife-Core/bsc/lib/Verilog/FIFO2.v:81$1013 in module $paramod\FIFO2\width=32'00000000000000000000000000100110\guarded=1'1.
Marked 3 switch rules as full_case in process $proc$/teamspace/studios/this_studio/Melodica-Integration-into-Fife-Core/bsc/lib/Verilog/FIFO2.v:81$981 in module $paramod\FIFO2\width=32'00000000000000000000000000100100\guarded=1'1.
Marked 3 switch rules as full_case in process $proc$/teamspace/studios/this_studio/Melodica-Integration-into-Fife-Core/bsc/lib/Verilog/FIFO1.v:73$961 in module $paramod\FIFO1\width=32'00000000000000000000000001000100\guarded=1'1.
Marked 3 switch rules as full_case in process $proc$/teamspace/studios/this_studio/Melodica-Integration-into-Fife-Core/bsc/lib/Verilog/FIFO1.v:73$957 in module $paramod\FIFO1\width=32'00000000000000000000000011000110\guarded=1'1.
Marked 3 switch rules as full_case in process $proc$/teamspace/studios/this_studio/Melodica-Integration-into-Fife-Core/bsc/lib/Verilog/FIFO1.v:73$953 in module $paramod\FIFO1\width=32'00000000000000000000000000001001\guarded=1'1.
Marked 3 switch rules as full_case in process $proc$/teamspace/studios/this_studio/Melodica-Integration-into-Fife-Core/bsc/lib/Verilog/FIFO1.v:73$949 in module $paramod\FIFO1\width=32'00000000000000000000000000101001\guarded=1'1.
Marked 1 switch rules as full_case in process $proc$/teamspace/studios/this_studio/Melodica-Integration-into-Fife-Core/bsc/lib/Verilog/SizedFIFO.v:190$932 in module $paramod$77feb722284cbb4b2efebea6faec56b4318dabcc\SizedFIFO.
Marked 1 switch rules as full_case in process $proc$/teamspace/studios/this_studio/Melodica-Integration-into-Fife-Core/bsc/lib/Verilog/SizedFIFO.v:107$924 in module $paramod$77feb722284cbb4b2efebea6faec56b4318dabcc\SizedFIFO.
Marked 1 switch rules as full_case in process $proc$/teamspace/studios/this_studio/Melodica-Integration-into-Fife-Core/bsc/lib/Verilog/SizedFIFO.v:190$901 in module $paramod$a0c6df3c1489bcd5c1c6c2071c80faf091665997\SizedFIFO.
Marked 1 switch rules as full_case in process $proc$/teamspace/studios/this_studio/Melodica-Integration-into-Fife-Core/bsc/lib/Verilog/SizedFIFO.v:107$893 in module $paramod$a0c6df3c1489bcd5c1c6c2071c80faf091665997\SizedFIFO.
Marked 1 switch rules as full_case in process $proc$/teamspace/studios/this_studio/Melodica-Integration-into-Fife-Core/Learn_Bluespec_and_RISCV_Design/Code/Build/Fife/verilog/mkPositCore.v:571$884 in module mkPositCore.
Marked 1 switch rules as full_case in process $proc$/teamspace/studios/this_studio/Melodica-Integration-into-Fife-Core/Learn_Bluespec_and_RISCV_Design/Code/Build/Fife/verilog/mkPtoF_PNE.v:220$758 in module mkPtoF_PNE.
Marked 1 switch rules as full_case in process $proc$/teamspace/studios/this_studio/Melodica-Integration-into-Fife-Core/Learn_Bluespec_and_RISCV_Design/Code/Build/Fife/verilog/mkPtoF_PNE.v:212$756 in module mkPtoF_PNE.
Marked 1 switch rules as full_case in process $proc$/teamspace/studios/this_studio/Melodica-Integration-into-Fife-Core/Learn_Bluespec_and_RISCV_Design/Code/Build/Fife/verilog/mkNormalizer.v:193$625 in module mkNormalizer.
Marked 1 switch rules as full_case in process $proc$/teamspace/studios/this_studio/Melodica-Integration-into-Fife-Core/Learn_Bluespec_and_RISCV_Design/Code/Build/Fife/verilog/mkNormalizer.v:171$624 in module mkNormalizer.
Marked 1 switch rules as full_case in process $proc$/teamspace/studios/this_studio/Melodica-Integration-into-Fife-Core/Learn_Bluespec_and_RISCV_Design/Code/Build/Fife/verilog/mkNormalizer.v:157$623 in module mkNormalizer.
Marked 1 switch rules as full_case in process $proc$/teamspace/studios/this_studio/Melodica-Integration-into-Fife-Core/Learn_Bluespec_and_RISCV_Design/Code/Build/Fife/verilog/mkQuire.v:1661$566 in module mkQuire.
Marked 1 switch rules as full_case in process $proc$/teamspace/studios/this_studio/Melodica-Integration-into-Fife-Core/Learn_Bluespec_and_RISCV_Design/Code/Build/Fife/verilog/mkQuire.v:1186$411 in module mkQuire.
Marked 1 switch rules as full_case in process $proc$/teamspace/studios/this_studio/Melodica-Integration-into-Fife-Core/Learn_Bluespec_and_RISCV_Design/Code/Build/Fife/verilog/mkQuire.v:1160$397 in module mkQuire.
Marked 1 switch rules as full_case in process $proc$/teamspace/studios/this_studio/Melodica-Integration-into-Fife-Core/Learn_Bluespec_and_RISCV_Design/Code/Build/Fife/verilog/mkQuire.v:1134$383 in module mkQuire.
Marked 1 switch rules as full_case in process $proc$/teamspace/studios/this_studio/Melodica-Integration-into-Fife-Core/Learn_Bluespec_and_RISCV_Design/Code/Build/Fife/verilog/mkQuire.v:1108$369 in module mkQuire.
Marked 1 switch rules as full_case in process $proc$/teamspace/studios/this_studio/Melodica-Integration-into-Fife-Core/Learn_Bluespec_and_RISCV_Design/Code/Build/Fife/verilog/mkQuire.v:1082$355 in module mkQuire.
Marked 1 switch rules as full_case in process $proc$/teamspace/studios/this_studio/Melodica-Integration-into-Fife-Core/Learn_Bluespec_and_RISCV_Design/Code/Build/Fife/verilog/mkQuire.v:1056$341 in module mkQuire.
Marked 1 switch rules as full_case in process $proc$/teamspace/studios/this_studio/Melodica-Integration-into-Fife-Core/Learn_Bluespec_and_RISCV_Design/Code/Build/Fife/verilog/mkQuire.v:1030$327 in module mkQuire.
Marked 1 switch rules as full_case in process $proc$/teamspace/studios/this_studio/Melodica-Integration-into-Fife-Core/Learn_Bluespec_and_RISCV_Design/Code/Build/Fife/verilog/mkQuire.v:1005$317 in module mkQuire.
Marked 1 switch rules as full_case in process $proc$/teamspace/studios/this_studio/Melodica-Integration-into-Fife-Core/Learn_Bluespec_and_RISCV_Design/Code/Build/Fife/verilog/mkQuire.v:980$307 in module mkQuire.
Marked 1 switch rules as full_case in process $proc$/teamspace/studios/this_studio/Melodica-Integration-into-Fife-Core/Learn_Bluespec_and_RISCV_Design/Code/Build/Fife/verilog/mkQuire.v:955$297 in module mkQuire.
Marked 1 switch rules as full_case in process $proc$/teamspace/studios/this_studio/Melodica-Integration-into-Fife-Core/Learn_Bluespec_and_RISCV_Design/Code/Build/Fife/verilog/mkQuire.v:930$287 in module mkQuire.
Marked 1 switch rules as full_case in process $proc$/teamspace/studios/this_studio/Melodica-Integration-into-Fife-Core/Learn_Bluespec_and_RISCV_Design/Code/Build/Fife/verilog/mkQuire.v:905$277 in module mkQuire.
Marked 1 switch rules as full_case in process $proc$/teamspace/studios/this_studio/Melodica-Integration-into-Fife-Core/Learn_Bluespec_and_RISCV_Design/Code/Build/Fife/verilog/mkQuire.v:881$267 in module mkQuire.
Marked 1 switch rules as full_case in process $proc$/teamspace/studios/this_studio/Melodica-Integration-into-Fife-Core/Learn_Bluespec_and_RISCV_Design/Code/Build/Fife/verilog/mkQuire.v:858$257 in module mkQuire.
Marked 3 switch rules as full_case in process $proc$/teamspace/studios/this_studio/Melodica-Integration-into-Fife-Core/bsc/lib/Verilog/FIFO2.v:81$1113 in module $paramod\FIFO2\width=32'00000000000000000000000000000011\guarded=1'1.
Marked 3 switch rules as full_case in process $proc$/teamspace/studios/this_studio/Melodica-Integration-into-Fife-Core/bsc/lib/Verilog/FIFO2.v:81$1081 in module $paramod\FIFO2\width=32'00000000000000000000000010001010\guarded=1'1.
Marked 3 switch rules as full_case in process $proc$/teamspace/studios/this_studio/Melodica-Integration-into-Fife-Core/bsc/lib/Verilog/FIFO1.v:73$1061 in module $paramod\FIFO1\width=32'00000000000000000000000001000111\guarded=1'1.
Marked 3 switch rules as full_case in process $proc$/teamspace/studios/this_studio/Melodica-Integration-into-Fife-Core/bsc/lib/Verilog/FIFO2.v:81$1045 in module $paramod\FIFO2\width=32'00000000000000000000000000100011\guarded=1'1.
Removed a total of 0 dead cases.

14.2.3. Executing PROC_PRUNE pass (remove redundant assignments in processes).
Removed 0 redundant assignments.
Promoted 35 assignments to connections.

14.2.4. Executing PROC_INIT pass (extract init attributes).

14.2.5. Executing PROC_ARST pass (detect async resets in processes).

14.2.6. Executing PROC_ROM pass (convert switches to ROMs).
Converted 1 switch.
<suppressed ~96 debug messages>

14.2.7. Executing PROC_MUX pass (convert decision trees to multiplexers).
Creating decoders for process `$paramod\FIFO2\width=32'00000000000000000000000000100110\guarded=1'1.$proc$/teamspace/studios/this_studio/Melodica-Integration-into-Fife-Core/bsc/lib/Verilog/FIFO2.v:110$1021'.
Creating decoders for process `$paramod\FIFO2\width=32'00000000000000000000000000100110\guarded=1'1.$proc$/teamspace/studios/this_studio/Melodica-Integration-into-Fife-Core/bsc/lib/Verilog/FIFO2.v:81$1013'.
     1/2: $0\full_reg[0:0]
     2/2: $0\empty_reg[0:0]
Creating decoders for process `$paramod\FIFO2\width=32'00000000000000000000000000100100\guarded=1'1.$proc$/teamspace/studios/this_studio/Melodica-Integration-into-Fife-Core/bsc/lib/Verilog/FIFO2.v:110$989'.
Creating decoders for process `$paramod\FIFO2\width=32'00000000000000000000000000100100\guarded=1'1.$proc$/teamspace/studios/this_studio/Melodica-Integration-into-Fife-Core/bsc/lib/Verilog/FIFO2.v:81$981'.
     1/2: $0\full_reg[0:0]
     2/2: $0\empty_reg[0:0]
Creating decoders for process `$paramod\FIFO1\width=32'00000000000000000000000001000100\guarded=1'1.$proc$/teamspace/studios/this_studio/Melodica-Integration-into-Fife-Core/bsc/lib/Verilog/FIFO1.v:96$963'.
     1/1: $0\D_OUT[67:0]
Creating decoders for process `$paramod\FIFO1\width=32'00000000000000000000000001000100\guarded=1'1.$proc$/teamspace/studios/this_studio/Melodica-Integration-into-Fife-Core/bsc/lib/Verilog/FIFO1.v:73$961'.
     1/1: $0\empty_reg[0:0]
Creating decoders for process `$paramod\FIFO1\width=32'00000000000000000000000011000110\guarded=1'1.$proc$/teamspace/studios/this_studio/Melodica-Integration-into-Fife-Core/bsc/lib/Verilog/FIFO1.v:96$959'.
     1/1: $0\D_OUT[197:0]
Creating decoders for process `$paramod\FIFO1\width=32'00000000000000000000000011000110\guarded=1'1.$proc$/teamspace/studios/this_studio/Melodica-Integration-into-Fife-Core/bsc/lib/Verilog/FIFO1.v:73$957'.
     1/1: $0\empty_reg[0:0]
Creating decoders for process `$paramod\FIFO1\width=32'00000000000000000000000000001001\guarded=1'1.$proc$/teamspace/studios/this_studio/Melodica-Integration-into-Fife-Core/bsc/lib/Verilog/FIFO1.v:96$955'.
     1/1: $0\D_OUT[8:0]
Creating decoders for process `$paramod\FIFO1\width=32'00000000000000000000000000001001\guarded=1'1.$proc$/teamspace/studios/this_studio/Melodica-Integration-into-Fife-Core/bsc/lib/Verilog/FIFO1.v:73$953'.
     1/1: $0\empty_reg[0:0]
Creating decoders for process `$paramod\FIFO1\width=32'00000000000000000000000000101001\guarded=1'1.$proc$/teamspace/studios/this_studio/Melodica-Integration-into-Fife-Core/bsc/lib/Verilog/FIFO1.v:96$951'.
     1/1: $0\D_OUT[40:0]
Creating decoders for process `$paramod\FIFO1\width=32'00000000000000000000000000101001\guarded=1'1.$proc$/teamspace/studios/this_studio/Melodica-Integration-into-Fife-Core/bsc/lib/Verilog/FIFO1.v:73$949'.
     1/1: $0\empty_reg[0:0]
Creating decoders for process `$paramod$77feb722284cbb4b2efebea6faec56b4318dabcc\SizedFIFO.$proc$/teamspace/studios/this_studio/Melodica-Integration-into-Fife-Core/bsc/lib/Verilog/SizedFIFO.v:190$932'.
     1/3: $1$memwr$\arr$/teamspace/studios/this_studio/Melodica-Integration-into-Fife-Core/bsc/lib/Verilog/SizedFIFO.v:206$917_EN[0:0]$947
     2/3: $1$memwr$\arr$/teamspace/studios/this_studio/Melodica-Integration-into-Fife-Core/bsc/lib/Verilog/SizedFIFO.v:206$917_DATA[0:0]$946
     3/3: $1$memwr$\arr$/teamspace/studios/this_studio/Melodica-Integration-into-Fife-Core/bsc/lib/Verilog/SizedFIFO.v:206$917_ADDR[1:0]$945
Creating decoders for process `$paramod$77feb722284cbb4b2efebea6faec56b4318dabcc\SizedFIFO.$proc$/teamspace/studios/this_studio/Melodica-Integration-into-Fife-Core/bsc/lib/Verilog/SizedFIFO.v:167$929'.
     1/1: $0\D_OUT[0:0]
Creating decoders for process `$paramod$77feb722284cbb4b2efebea6faec56b4318dabcc\SizedFIFO.$proc$/teamspace/studios/this_studio/Melodica-Integration-into-Fife-Core/bsc/lib/Verilog/SizedFIFO.v:107$924'.
     1/5: $0\hasodata[0:0]
     2/5: $0\tail[1:0]
     3/5: $0\head[1:0]
     4/5: $0\ring_empty[0:0]
     5/5: $0\not_ring_full[0:0]
Creating decoders for process `$paramod$a0c6df3c1489bcd5c1c6c2071c80faf091665997\SizedFIFO.$proc$/teamspace/studios/this_studio/Melodica-Integration-into-Fife-Core/bsc/lib/Verilog/SizedFIFO.v:190$901'.
     1/3: $1$memwr$\arr$/teamspace/studios/this_studio/Melodica-Integration-into-Fife-Core/bsc/lib/Verilog/SizedFIFO.v:206$886_EN[31:0]$916
     2/3: $1$memwr$\arr$/teamspace/studios/this_studio/Melodica-Integration-into-Fife-Core/bsc/lib/Verilog/SizedFIFO.v:206$886_DATA[31:0]$915
     3/3: $1$memwr$\arr$/teamspace/studios/this_studio/Melodica-Integration-into-Fife-Core/bsc/lib/Verilog/SizedFIFO.v:206$886_ADDR[1:0]$914
Creating decoders for process `$paramod$a0c6df3c1489bcd5c1c6c2071c80faf091665997\SizedFIFO.$proc$/teamspace/studios/this_studio/Melodica-Integration-into-Fife-Core/bsc/lib/Verilog/SizedFIFO.v:167$898'.
     1/1: $0\D_OUT[31:0]
Creating decoders for process `$paramod$a0c6df3c1489bcd5c1c6c2071c80faf091665997\SizedFIFO.$proc$/teamspace/studios/this_studio/Melodica-Integration-into-Fife-Core/bsc/lib/Verilog/SizedFIFO.v:107$893'.
     1/5: $0\hasodata[0:0]
     2/5: $0\tail[1:0]
     3/5: $0\head[1:0]
     4/5: $0\ring_empty[0:0]
     5/5: $0\not_ring_full[0:0]
Creating decoders for process `\mkPositCore.$proc$/teamspace/studios/this_studio/Melodica-Integration-into-Fife-Core/Learn_Bluespec_and_RISCV_Design/Code/Build/Fife/verilog/mkPositCore.v:571$884'.
     1/1: $0\rg_inflight[7:0]
Creating decoders for process `\mkPtoF_PNE.$proc$/teamspace/studios/this_studio/Melodica-Integration-into-Fife-Core/Learn_Bluespec_and_RISCV_Design/Code/Build/Fife/verilog/mkPtoF_PNE.v:220$758'.
     1/1: $1\CASE_float_no69_0_2_4286578688_1_0__q3[1:0]
Creating decoders for process `\mkPtoF_PNE.$proc$/teamspace/studios/this_studio/Melodica-Integration-into-Fife-Core/Learn_Bluespec_and_RISCV_Design/Code/Build/Fife/verilog/mkPtoF_PNE.v:212$756'.
     1/1: $1\float_no__h169[31:0]
Creating decoders for process `\mkNormalizer.$proc$/teamspace/studios/this_studio/Melodica-Integration-into-Fife-Core/Learn_Bluespec_and_RISCV_Design/Code/Build/Fife/verilog/mkNormalizer.v:193$625'.
     1/1: $1\output_regf_posit__h174[31:0]
Creating decoders for process `\mkNormalizer.$proc$/teamspace/studios/this_studio/Melodica-Integration-into-Fife-Core/Learn_Bluespec_and_RISCV_Design/Code/Build/Fife/verilog/mkNormalizer.v:171$624'.
     1/1: $1\IF_request_put_BITS_36_TO_28_SRA_3_BITS_3_TO_0_ETC___d55[30:0]
Creating decoders for process `\mkNormalizer.$proc$/teamspace/studios/this_studio/Melodica-Integration-into-Fife-Core/Learn_Bluespec_and_RISCV_Design/Code/Build/Fife/verilog/mkNormalizer.v:157$623'.
     1/1: $1\_theResult___fst__h312[5:0]
Creating decoders for process `\mkQuire.$proc$/teamspace/studios/this_studio/Melodica-Integration-into-Fife-Core/Learn_Bluespec_and_RISCV_Design/Code/Build/Fife/verilog/mkQuire.v:1661$566'.
     1/20: $0\zero_counter_rg_seg_counter_busy[0:0]
     2/20: $0\zero_counter_rg_numZeroSegs[2:0]
     3/20: $0\zero_counter_rg_firstNonZeroSeg[31:0]
     4/20: $0\vrg_quire_seg_zero_6[0:0]
     5/20: $0\vrg_quire_seg_zero_5[0:0]
     6/20: $0\vrg_quire_seg_zero_4[0:0]
     7/20: $0\vrg_quire_seg_zero_3[0:0]
     8/20: $0\vrg_quire_seg_zero_2[0:0]
     9/20: $0\vrg_quire_seg_zero_1[0:0]
    10/20: $0\vrg_quire_seg_zero_0[0:0]
    11/20: $0\vrg_quire_6[31:0]
    12/20: $0\vrg_quire_5[31:0]
    13/20: $0\vrg_quire_4[31:0]
    14/20: $0\vrg_quire_3[31:0]
    15/20: $0\vrg_quire_2[31:0]
    16/20: $0\vrg_quire_1[31:0]
    17/20: $0\vrg_quire_0[31:0]
    18/20: $0\seg_adder_rg_inFlight[2:0]
    19/20: $0\rg_seg_zero_upd[0:0]
    20/20: $0\rg_read_busy[0:0]
Creating decoders for process `\mkQuire.$proc$/teamspace/studios/this_studio/Melodica-Integration-into-Fife-Core/Learn_Bluespec_and_RISCV_Design/Code/Build/Fife/verilog/mkQuire.v:1186$411'.
     1/1: $1\vrg_quire_seg_zero_6$D_IN[0:0]$413
Creating decoders for process `\mkQuire.$proc$/teamspace/studios/this_studio/Melodica-Integration-into-Fife-Core/Learn_Bluespec_and_RISCV_Design/Code/Build/Fife/verilog/mkQuire.v:1160$397'.
     1/1: $1\vrg_quire_seg_zero_5$D_IN[0:0]$399
Creating decoders for process `\mkQuire.$proc$/teamspace/studios/this_studio/Melodica-Integration-into-Fife-Core/Learn_Bluespec_and_RISCV_Design/Code/Build/Fife/verilog/mkQuire.v:1134$383'.
     1/1: $1\vrg_quire_seg_zero_4$D_IN[0:0]$385
Creating decoders for process `\mkQuire.$proc$/teamspace/studios/this_studio/Melodica-Integration-into-Fife-Core/Learn_Bluespec_and_RISCV_Design/Code/Build/Fife/verilog/mkQuire.v:1108$369'.
     1/1: $1\vrg_quire_seg_zero_3$D_IN[0:0]$371
Creating decoders for process `\mkQuire.$proc$/teamspace/studios/this_studio/Melodica-Integration-into-Fife-Core/Learn_Bluespec_and_RISCV_Design/Code/Build/Fife/verilog/mkQuire.v:1082$355'.
     1/1: $1\vrg_quire_seg_zero_2$D_IN[0:0]$357
Creating decoders for process `\mkQuire.$proc$/teamspace/studios/this_studio/Melodica-Integration-into-Fife-Core/Learn_Bluespec_and_RISCV_Design/Code/Build/Fife/verilog/mkQuire.v:1056$341'.
     1/1: $1\vrg_quire_seg_zero_1$D_IN[0:0]$343
Creating decoders for process `\mkQuire.$proc$/teamspace/studios/this_studio/Melodica-Integration-into-Fife-Core/Learn_Bluespec_and_RISCV_Design/Code/Build/Fife/verilog/mkQuire.v:1030$327'.
     1/1: $1\vrg_quire_seg_zero_0$D_IN[0:0]$329
Creating decoders for process `\mkQuire.$proc$/teamspace/studios/this_studio/Melodica-Integration-into-Fife-Core/Learn_Bluespec_and_RISCV_Design/Code/Build/Fife/verilog/mkQuire.v:1005$317'.
     1/1: $1\vrg_quire_6$D_IN[31:0]$319
Creating decoders for process `\mkQuire.$proc$/teamspace/studios/this_studio/Melodica-Integration-into-Fife-Core/Learn_Bluespec_and_RISCV_Design/Code/Build/Fife/verilog/mkQuire.v:980$307'.
     1/1: $1\vrg_quire_5$D_IN[31:0]$309
Creating decoders for process `\mkQuire.$proc$/teamspace/studios/this_studio/Melodica-Integration-into-Fife-Core/Learn_Bluespec_and_RISCV_Design/Code/Build/Fife/verilog/mkQuire.v:955$297'.
     1/1: $1\vrg_quire_4$D_IN[31:0]$299
Creating decoders for process `\mkQuire.$proc$/teamspace/studios/this_studio/Melodica-Integration-into-Fife-Core/Learn_Bluespec_and_RISCV_Design/Code/Build/Fife/verilog/mkQuire.v:930$287'.
     1/1: $1\vrg_quire_3$D_IN[31:0]$289
Creating decoders for process `\mkQuire.$proc$/teamspace/studios/this_studio/Melodica-Integration-into-Fife-Core/Learn_Bluespec_and_RISCV_Design/Code/Build/Fife/verilog/mkQuire.v:905$277'.
     1/1: $1\vrg_quire_2$D_IN[31:0]$279
Creating decoders for process `\mkQuire.$proc$/teamspace/studios/this_studio/Melodica-Integration-into-Fife-Core/Learn_Bluespec_and_RISCV_Design/Code/Build/Fife/verilog/mkQuire.v:881$267'.
     1/1: $1\vrg_quire_1$D_IN[31:0]$269
Creating decoders for process `\mkQuire.$proc$/teamspace/studios/this_studio/Melodica-Integration-into-Fife-Core/Learn_Bluespec_and_RISCV_Design/Code/Build/Fife/verilog/mkQuire.v:858$257'.
     1/1: $1\vrg_quire_0$D_IN[31:0]$259
Creating decoders for process `$paramod\FIFO2\width=32'00000000000000000000000000000011\guarded=1'1.$proc$/teamspace/studios/this_studio/Melodica-Integration-into-Fife-Core/bsc/lib/Verilog/FIFO2.v:110$1121'.
Creating decoders for process `$paramod\FIFO2\width=32'00000000000000000000000000000011\guarded=1'1.$proc$/teamspace/studios/this_studio/Melodica-Integration-into-Fife-Core/bsc/lib/Verilog/FIFO2.v:81$1113'.
     1/2: $0\full_reg[0:0]
     2/2: $0\empty_reg[0:0]
Creating decoders for process `$paramod\FIFO2\width=32'00000000000000000000000010001010\guarded=1'1.$proc$/teamspace/studios/this_studio/Melodica-Integration-into-Fife-Core/bsc/lib/Verilog/FIFO2.v:110$1089'.
Creating decoders for process `$paramod\FIFO2\width=32'00000000000000000000000010001010\guarded=1'1.$proc$/teamspace/studios/this_studio/Melodica-Integration-into-Fife-Core/bsc/lib/Verilog/FIFO2.v:81$1081'.
     1/2: $0\full_reg[0:0]
     2/2: $0\empty_reg[0:0]
Creating decoders for process `$paramod\FIFO1\width=32'00000000000000000000000001000111\guarded=1'1.$proc$/teamspace/studios/this_studio/Melodica-Integration-into-Fife-Core/bsc/lib/Verilog/FIFO1.v:96$1063'.
     1/1: $0\D_OUT[70:0]
Creating decoders for process `$paramod\FIFO1\width=32'00000000000000000000000001000111\guarded=1'1.$proc$/teamspace/studios/this_studio/Melodica-Integration-into-Fife-Core/bsc/lib/Verilog/FIFO1.v:73$1061'.
     1/1: $0\empty_reg[0:0]
Creating decoders for process `$paramod\FIFO2\width=32'00000000000000000000000000100011\guarded=1'1.$proc$/teamspace/studios/this_studio/Melodica-Integration-into-Fife-Core/bsc/lib/Verilog/FIFO2.v:110$1053'.
Creating decoders for process `$paramod\FIFO2\width=32'00000000000000000000000000100011\guarded=1'1.$proc$/teamspace/studios/this_studio/Melodica-Integration-into-Fife-Core/bsc/lib/Verilog/FIFO2.v:81$1045'.
     1/2: $0\full_reg[0:0]
     2/2: $0\empty_reg[0:0]

14.2.8. Executing PROC_DLATCH pass (convert process syncs to latches).
No latch inferred for signal `\mkPtoF_PNE.\CASE_float_no69_0_2_4286578688_1_0__q3' from process `\mkPtoF_PNE.$proc$/teamspace/studios/this_studio/Melodica-Integration-into-Fife-Core/Learn_Bluespec_and_RISCV_Design/Code/Build/Fife/verilog/mkPtoF_PNE.v:220$758'.
No latch inferred for signal `\mkPtoF_PNE.\float_no__h169' from process `\mkPtoF_PNE.$proc$/teamspace/studios/this_studio/Melodica-Integration-into-Fife-Core/Learn_Bluespec_and_RISCV_Design/Code/Build/Fife/verilog/mkPtoF_PNE.v:212$756'.
No latch inferred for signal `\mkNormalizer.\output_regf_posit__h174' from process `\mkNormalizer.$proc$/teamspace/studios/this_studio/Melodica-Integration-into-Fife-Core/Learn_Bluespec_and_RISCV_Design/Code/Build/Fife/verilog/mkNormalizer.v:193$625'.
No latch inferred for signal `\mkNormalizer.\IF_request_put_BITS_36_TO_28_SRA_3_BITS_3_TO_0_ETC___d55' from process `\mkNormalizer.$proc$/teamspace/studios/this_studio/Melodica-Integration-into-Fife-Core/Learn_Bluespec_and_RISCV_Design/Code/Build/Fife/verilog/mkNormalizer.v:171$624'.
No latch inferred for signal `\mkNormalizer.\_theResult___fst__h312' from process `\mkNormalizer.$proc$/teamspace/studios/this_studio/Melodica-Integration-into-Fife-Core/Learn_Bluespec_and_RISCV_Design/Code/Build/Fife/verilog/mkNormalizer.v:157$623'.
No latch inferred for signal `\mkQuire.\vrg_quire_seg_zero_6$D_IN' from process `\mkQuire.$proc$/teamspace/studios/this_studio/Melodica-Integration-into-Fife-Core/Learn_Bluespec_and_RISCV_Design/Code/Build/Fife/verilog/mkQuire.v:1186$411'.
No latch inferred for signal `\mkQuire.\vrg_quire_seg_zero_5$D_IN' from process `\mkQuire.$proc$/teamspace/studios/this_studio/Melodica-Integration-into-Fife-Core/Learn_Bluespec_and_RISCV_Design/Code/Build/Fife/verilog/mkQuire.v:1160$397'.
No latch inferred for signal `\mkQuire.\vrg_quire_seg_zero_4$D_IN' from process `\mkQuire.$proc$/teamspace/studios/this_studio/Melodica-Integration-into-Fife-Core/Learn_Bluespec_and_RISCV_Design/Code/Build/Fife/verilog/mkQuire.v:1134$383'.
No latch inferred for signal `\mkQuire.\vrg_quire_seg_zero_3$D_IN' from process `\mkQuire.$proc$/teamspace/studios/this_studio/Melodica-Integration-into-Fife-Core/Learn_Bluespec_and_RISCV_Design/Code/Build/Fife/verilog/mkQuire.v:1108$369'.
No latch inferred for signal `\mkQuire.\vrg_quire_seg_zero_2$D_IN' from process `\mkQuire.$proc$/teamspace/studios/this_studio/Melodica-Integration-into-Fife-Core/Learn_Bluespec_and_RISCV_Design/Code/Build/Fife/verilog/mkQuire.v:1082$355'.
No latch inferred for signal `\mkQuire.\vrg_quire_seg_zero_1$D_IN' from process `\mkQuire.$proc$/teamspace/studios/this_studio/Melodica-Integration-into-Fife-Core/Learn_Bluespec_and_RISCV_Design/Code/Build/Fife/verilog/mkQuire.v:1056$341'.
No latch inferred for signal `\mkQuire.\vrg_quire_seg_zero_0$D_IN' from process `\mkQuire.$proc$/teamspace/studios/this_studio/Melodica-Integration-into-Fife-Core/Learn_Bluespec_and_RISCV_Design/Code/Build/Fife/verilog/mkQuire.v:1030$327'.
No latch inferred for signal `\mkQuire.\vrg_quire_6$D_IN' from process `\mkQuire.$proc$/teamspace/studios/this_studio/Melodica-Integration-into-Fife-Core/Learn_Bluespec_and_RISCV_Design/Code/Build/Fife/verilog/mkQuire.v:1005$317'.
No latch inferred for signal `\mkQuire.\vrg_quire_5$D_IN' from process `\mkQuire.$proc$/teamspace/studios/this_studio/Melodica-Integration-into-Fife-Core/Learn_Bluespec_and_RISCV_Design/Code/Build/Fife/verilog/mkQuire.v:980$307'.
No latch inferred for signal `\mkQuire.\vrg_quire_4$D_IN' from process `\mkQuire.$proc$/teamspace/studios/this_studio/Melodica-Integration-into-Fife-Core/Learn_Bluespec_and_RISCV_Design/Code/Build/Fife/verilog/mkQuire.v:955$297'.
No latch inferred for signal `\mkQuire.\vrg_quire_3$D_IN' from process `\mkQuire.$proc$/teamspace/studios/this_studio/Melodica-Integration-into-Fife-Core/Learn_Bluespec_and_RISCV_Design/Code/Build/Fife/verilog/mkQuire.v:930$287'.
No latch inferred for signal `\mkQuire.\vrg_quire_2$D_IN' from process `\mkQuire.$proc$/teamspace/studios/this_studio/Melodica-Integration-into-Fife-Core/Learn_Bluespec_and_RISCV_Design/Code/Build/Fife/verilog/mkQuire.v:905$277'.
No latch inferred for signal `\mkQuire.\vrg_quire_1$D_IN' from process `\mkQuire.$proc$/teamspace/studios/this_studio/Melodica-Integration-into-Fife-Core/Learn_Bluespec_and_RISCV_Design/Code/Build/Fife/verilog/mkQuire.v:881$267'.
No latch inferred for signal `\mkQuire.\vrg_quire_0$D_IN' from process `\mkQuire.$proc$/teamspace/studios/this_studio/Melodica-Integration-into-Fife-Core/Learn_Bluespec_and_RISCV_Design/Code/Build/Fife/verilog/mkQuire.v:858$257'.

14.2.9. Executing PROC_DFF pass (convert process syncs to FFs).
Creating register for signal `$paramod\FIFO2\width=32'00000000000000000000000000100110\guarded=1'1.\data0_reg' using process `$paramod\FIFO2\width=32'00000000000000000000000000100110\guarded=1'1.$proc$/teamspace/studios/this_studio/Melodica-Integration-into-Fife-Core/bsc/lib/Verilog/FIFO2.v:110$1021'.
  created $dff cell `$procdff$1639' with positive edge clock.
Creating register for signal `$paramod\FIFO2\width=32'00000000000000000000000000100110\guarded=1'1.\data1_reg' using process `$paramod\FIFO2\width=32'00000000000000000000000000100110\guarded=1'1.$proc$/teamspace/studios/this_studio/Melodica-Integration-into-Fife-Core/bsc/lib/Verilog/FIFO2.v:110$1021'.
  created $dff cell `$procdff$1640' with positive edge clock.
Creating register for signal `$paramod\FIFO2\width=32'00000000000000000000000000100110\guarded=1'1.\empty_reg' using process `$paramod\FIFO2\width=32'00000000000000000000000000100110\guarded=1'1.$proc$/teamspace/studios/this_studio/Melodica-Integration-into-Fife-Core/bsc/lib/Verilog/FIFO2.v:81$1013'.
  created $dff cell `$procdff$1641' with positive edge clock.
Creating register for signal `$paramod\FIFO2\width=32'00000000000000000000000000100110\guarded=1'1.\full_reg' using process `$paramod\FIFO2\width=32'00000000000000000000000000100110\guarded=1'1.$proc$/teamspace/studios/this_studio/Melodica-Integration-into-Fife-Core/bsc/lib/Verilog/FIFO2.v:81$1013'.
  created $dff cell `$procdff$1642' with positive edge clock.
Creating register for signal `$paramod\FIFO2\width=32'00000000000000000000000000100100\guarded=1'1.\data0_reg' using process `$paramod\FIFO2\width=32'00000000000000000000000000100100\guarded=1'1.$proc$/teamspace/studios/this_studio/Melodica-Integration-into-Fife-Core/bsc/lib/Verilog/FIFO2.v:110$989'.
  created $dff cell `$procdff$1643' with positive edge clock.
Creating register for signal `$paramod\FIFO2\width=32'00000000000000000000000000100100\guarded=1'1.\data1_reg' using process `$paramod\FIFO2\width=32'00000000000000000000000000100100\guarded=1'1.$proc$/teamspace/studios/this_studio/Melodica-Integration-into-Fife-Core/bsc/lib/Verilog/FIFO2.v:110$989'.
  created $dff cell `$procdff$1644' with positive edge clock.
Creating register for signal `$paramod\FIFO2\width=32'00000000000000000000000000100100\guarded=1'1.\empty_reg' using process `$paramod\FIFO2\width=32'00000000000000000000000000100100\guarded=1'1.$proc$/teamspace/studios/this_studio/Melodica-Integration-into-Fife-Core/bsc/lib/Verilog/FIFO2.v:81$981'.
  created $dff cell `$procdff$1645' with positive edge clock.
Creating register for signal `$paramod\FIFO2\width=32'00000000000000000000000000100100\guarded=1'1.\full_reg' using process `$paramod\FIFO2\width=32'00000000000000000000000000100100\guarded=1'1.$proc$/teamspace/studios/this_studio/Melodica-Integration-into-Fife-Core/bsc/lib/Verilog/FIFO2.v:81$981'.
  created $dff cell `$procdff$1646' with positive edge clock.
Creating register for signal `$paramod\FIFO1\width=32'00000000000000000000000001000100\guarded=1'1.\D_OUT' using process `$paramod\FIFO1\width=32'00000000000000000000000001000100\guarded=1'1.$proc$/teamspace/studios/this_studio/Melodica-Integration-into-Fife-Core/bsc/lib/Verilog/FIFO1.v:96$963'.
  created $dff cell `$procdff$1647' with positive edge clock.
Creating register for signal `$paramod\FIFO1\width=32'00000000000000000000000001000100\guarded=1'1.\empty_reg' using process `$paramod\FIFO1\width=32'00000000000000000000000001000100\guarded=1'1.$proc$/teamspace/studios/this_studio/Melodica-Integration-into-Fife-Core/bsc/lib/Verilog/FIFO1.v:73$961'.
  created $dff cell `$procdff$1648' with positive edge clock.
Creating register for signal `$paramod\FIFO1\width=32'00000000000000000000000011000110\guarded=1'1.\D_OUT' using process `$paramod\FIFO1\width=32'00000000000000000000000011000110\guarded=1'1.$proc$/teamspace/studios/this_studio/Melodica-Integration-into-Fife-Core/bsc/lib/Verilog/FIFO1.v:96$959'.
  created $dff cell `$procdff$1649' with positive edge clock.
Creating register for signal `$paramod\FIFO1\width=32'00000000000000000000000011000110\guarded=1'1.\empty_reg' using process `$paramod\FIFO1\width=32'00000000000000000000000011000110\guarded=1'1.$proc$/teamspace/studios/this_studio/Melodica-Integration-into-Fife-Core/bsc/lib/Verilog/FIFO1.v:73$957'.
  created $dff cell `$procdff$1650' with positive edge clock.
Creating register for signal `$paramod\FIFO1\width=32'00000000000000000000000000001001\guarded=1'1.\D_OUT' using process `$paramod\FIFO1\width=32'00000000000000000000000000001001\guarded=1'1.$proc$/teamspace/studios/this_studio/Melodica-Integration-into-Fife-Core/bsc/lib/Verilog/FIFO1.v:96$955'.
  created $dff cell `$procdff$1651' with positive edge clock.
Creating register for signal `$paramod\FIFO1\width=32'00000000000000000000000000001001\guarded=1'1.\empty_reg' using process `$paramod\FIFO1\width=32'00000000000000000000000000001001\guarded=1'1.$proc$/teamspace/studios/this_studio/Melodica-Integration-into-Fife-Core/bsc/lib/Verilog/FIFO1.v:73$953'.
  created $dff cell `$procdff$1652' with positive edge clock.
Creating register for signal `$paramod\FIFO1\width=32'00000000000000000000000000101001\guarded=1'1.\D_OUT' using process `$paramod\FIFO1\width=32'00000000000000000000000000101001\guarded=1'1.$proc$/teamspace/studios/this_studio/Melodica-Integration-into-Fife-Core/bsc/lib/Verilog/FIFO1.v:96$951'.
  created $dff cell `$procdff$1653' with positive edge clock.
Creating register for signal `$paramod\FIFO1\width=32'00000000000000000000000000101001\guarded=1'1.\empty_reg' using process `$paramod\FIFO1\width=32'00000000000000000000000000101001\guarded=1'1.$proc$/teamspace/studios/this_studio/Melodica-Integration-into-Fife-Core/bsc/lib/Verilog/FIFO1.v:73$949'.
  created $dff cell `$procdff$1654' with positive edge clock.
Creating register for signal `$paramod$77feb722284cbb4b2efebea6faec56b4318dabcc\SizedFIFO.$memwr$\arr$/teamspace/studios/this_studio/Melodica-Integration-into-Fife-Core/bsc/lib/Verilog/SizedFIFO.v:206$917_ADDR' using process `$paramod$77feb722284cbb4b2efebea6faec56b4318dabcc\SizedFIFO.$proc$/teamspace/studios/this_studio/Melodica-Integration-into-Fife-Core/bsc/lib/Verilog/SizedFIFO.v:190$932'.
  created $dff cell `$procdff$1655' with positive edge clock.
Creating register for signal `$paramod$77feb722284cbb4b2efebea6faec56b4318dabcc\SizedFIFO.$memwr$\arr$/teamspace/studios/this_studio/Melodica-Integration-into-Fife-Core/bsc/lib/Verilog/SizedFIFO.v:206$917_DATA' using process `$paramod$77feb722284cbb4b2efebea6faec56b4318dabcc\SizedFIFO.$proc$/teamspace/studios/this_studio/Melodica-Integration-into-Fife-Core/bsc/lib/Verilog/SizedFIFO.v:190$932'.
  created $dff cell `$procdff$1656' with positive edge clock.
Creating register for signal `$paramod$77feb722284cbb4b2efebea6faec56b4318dabcc\SizedFIFO.$memwr$\arr$/teamspace/studios/this_studio/Melodica-Integration-into-Fife-Core/bsc/lib/Verilog/SizedFIFO.v:206$917_EN' using process `$paramod$77feb722284cbb4b2efebea6faec56b4318dabcc\SizedFIFO.$proc$/teamspace/studios/this_studio/Melodica-Integration-into-Fife-Core/bsc/lib/Verilog/SizedFIFO.v:190$932'.
  created $dff cell `$procdff$1657' with positive edge clock.
Creating register for signal `$paramod$77feb722284cbb4b2efebea6faec56b4318dabcc\SizedFIFO.\D_OUT' using process `$paramod$77feb722284cbb4b2efebea6faec56b4318dabcc\SizedFIFO.$proc$/teamspace/studios/this_studio/Melodica-Integration-into-Fife-Core/bsc/lib/Verilog/SizedFIFO.v:167$929'.
  created $dff cell `$procdff$1658' with positive edge clock.
Creating register for signal `$paramod$77feb722284cbb4b2efebea6faec56b4318dabcc\SizedFIFO.\not_ring_full' using process `$paramod$77feb722284cbb4b2efebea6faec56b4318dabcc\SizedFIFO.$proc$/teamspace/studios/this_studio/Melodica-Integration-into-Fife-Core/bsc/lib/Verilog/SizedFIFO.v:107$924'.
  created $dff cell `$procdff$1659' with positive edge clock.
Creating register for signal `$paramod$77feb722284cbb4b2efebea6faec56b4318dabcc\SizedFIFO.\ring_empty' using process `$paramod$77feb722284cbb4b2efebea6faec56b4318dabcc\SizedFIFO.$proc$/teamspace/studios/this_studio/Melodica-Integration-into-Fife-Core/bsc/lib/Verilog/SizedFIFO.v:107$924'.
  created $dff cell `$procdff$1660' with positive edge clock.
Creating register for signal `$paramod$77feb722284cbb4b2efebea6faec56b4318dabcc\SizedFIFO.\head' using process `$paramod$77feb722284cbb4b2efebea6faec56b4318dabcc\SizedFIFO.$proc$/teamspace/studios/this_studio/Melodica-Integration-into-Fife-Core/bsc/lib/Verilog/SizedFIFO.v:107$924'.
  created $dff cell `$procdff$1661' with positive edge clock.
Creating register for signal `$paramod$77feb722284cbb4b2efebea6faec56b4318dabcc\SizedFIFO.\tail' using process `$paramod$77feb722284cbb4b2efebea6faec56b4318dabcc\SizedFIFO.$proc$/teamspace/studios/this_studio/Melodica-Integration-into-Fife-Core/bsc/lib/Verilog/SizedFIFO.v:107$924'.
  created $dff cell `$procdff$1662' with positive edge clock.
Creating register for signal `$paramod$77feb722284cbb4b2efebea6faec56b4318dabcc\SizedFIFO.\hasodata' using process `$paramod$77feb722284cbb4b2efebea6faec56b4318dabcc\SizedFIFO.$proc$/teamspace/studios/this_studio/Melodica-Integration-into-Fife-Core/bsc/lib/Verilog/SizedFIFO.v:107$924'.
  created $dff cell `$procdff$1663' with positive edge clock.
Creating register for signal `$paramod$a0c6df3c1489bcd5c1c6c2071c80faf091665997\SizedFIFO.$memwr$\arr$/teamspace/studios/this_studio/Melodica-Integration-into-Fife-Core/bsc/lib/Verilog/SizedFIFO.v:206$886_ADDR' using process `$paramod$a0c6df3c1489bcd5c1c6c2071c80faf091665997\SizedFIFO.$proc$/teamspace/studios/this_studio/Melodica-Integration-into-Fife-Core/bsc/lib/Verilog/SizedFIFO.v:190$901'.
  created $dff cell `$procdff$1664' with positive edge clock.
Creating register for signal `$paramod$a0c6df3c1489bcd5c1c6c2071c80faf091665997\SizedFIFO.$memwr$\arr$/teamspace/studios/this_studio/Melodica-Integration-into-Fife-Core/bsc/lib/Verilog/SizedFIFO.v:206$886_DATA' using process `$paramod$a0c6df3c1489bcd5c1c6c2071c80faf091665997\SizedFIFO.$proc$/teamspace/studios/this_studio/Melodica-Integration-into-Fife-Core/bsc/lib/Verilog/SizedFIFO.v:190$901'.
  created $dff cell `$procdff$1665' with positive edge clock.
Creating register for signal `$paramod$a0c6df3c1489bcd5c1c6c2071c80faf091665997\SizedFIFO.$memwr$\arr$/teamspace/studios/this_studio/Melodica-Integration-into-Fife-Core/bsc/lib/Verilog/SizedFIFO.v:206$886_EN' using process `$paramod$a0c6df3c1489bcd5c1c6c2071c80faf091665997\SizedFIFO.$proc$/teamspace/studios/this_studio/Melodica-Integration-into-Fife-Core/bsc/lib/Verilog/SizedFIFO.v:190$901'.
  created $dff cell `$procdff$1666' with positive edge clock.
Creating register for signal `$paramod$a0c6df3c1489bcd5c1c6c2071c80faf091665997\SizedFIFO.\D_OUT' using process `$paramod$a0c6df3c1489bcd5c1c6c2071c80faf091665997\SizedFIFO.$proc$/teamspace/studios/this_studio/Melodica-Integration-into-Fife-Core/bsc/lib/Verilog/SizedFIFO.v:167$898'.
  created $dff cell `$procdff$1667' with positive edge clock.
Creating register for signal `$paramod$a0c6df3c1489bcd5c1c6c2071c80faf091665997\SizedFIFO.\not_ring_full' using process `$paramod$a0c6df3c1489bcd5c1c6c2071c80faf091665997\SizedFIFO.$proc$/teamspace/studios/this_studio/Melodica-Integration-into-Fife-Core/bsc/lib/Verilog/SizedFIFO.v:107$893'.
  created $dff cell `$procdff$1668' with positive edge clock.
Creating register for signal `$paramod$a0c6df3c1489bcd5c1c6c2071c80faf091665997\SizedFIFO.\ring_empty' using process `$paramod$a0c6df3c1489bcd5c1c6c2071c80faf091665997\SizedFIFO.$proc$/teamspace/studios/this_studio/Melodica-Integration-into-Fife-Core/bsc/lib/Verilog/SizedFIFO.v:107$893'.
  created $dff cell `$procdff$1669' with positive edge clock.
Creating register for signal `$paramod$a0c6df3c1489bcd5c1c6c2071c80faf091665997\SizedFIFO.\head' using process `$paramod$a0c6df3c1489bcd5c1c6c2071c80faf091665997\SizedFIFO.$proc$/teamspace/studios/this_studio/Melodica-Integration-into-Fife-Core/bsc/lib/Verilog/SizedFIFO.v:107$893'.
  created $dff cell `$procdff$1670' with positive edge clock.
Creating register for signal `$paramod$a0c6df3c1489bcd5c1c6c2071c80faf091665997\SizedFIFO.\tail' using process `$paramod$a0c6df3c1489bcd5c1c6c2071c80faf091665997\SizedFIFO.$proc$/teamspace/studios/this_studio/Melodica-Integration-into-Fife-Core/bsc/lib/Verilog/SizedFIFO.v:107$893'.
  created $dff cell `$procdff$1671' with positive edge clock.
Creating register for signal `$paramod$a0c6df3c1489bcd5c1c6c2071c80faf091665997\SizedFIFO.\hasodata' using process `$paramod$a0c6df3c1489bcd5c1c6c2071c80faf091665997\SizedFIFO.$proc$/teamspace/studios/this_studio/Melodica-Integration-into-Fife-Core/bsc/lib/Verilog/SizedFIFO.v:107$893'.
  created $dff cell `$procdff$1672' with positive edge clock.
Creating register for signal `\mkPositCore.\rg_inflight' using process `\mkPositCore.$proc$/teamspace/studios/this_studio/Melodica-Integration-into-Fife-Core/Learn_Bluespec_and_RISCV_Design/Code/Build/Fife/verilog/mkPositCore.v:571$884'.
  created $dff cell `$procdff$1673' with positive edge clock.
Creating register for signal `\mkQuire.\rg_read_busy' using process `\mkQuire.$proc$/teamspace/studios/this_studio/Melodica-Integration-into-Fife-Core/Learn_Bluespec_and_RISCV_Design/Code/Build/Fife/verilog/mkQuire.v:1661$566'.
  created $dff cell `$procdff$1674' with positive edge clock.
Creating register for signal `\mkQuire.\rg_seg_zero_upd' using process `\mkQuire.$proc$/teamspace/studios/this_studio/Melodica-Integration-into-Fife-Core/Learn_Bluespec_and_RISCV_Design/Code/Build/Fife/verilog/mkQuire.v:1661$566'.
  created $dff cell `$procdff$1675' with positive edge clock.
Creating register for signal `\mkQuire.\seg_adder_rg_inFlight' using process `\mkQuire.$proc$/teamspace/studios/this_studio/Melodica-Integration-into-Fife-Core/Learn_Bluespec_and_RISCV_Design/Code/Build/Fife/verilog/mkQuire.v:1661$566'.
  created $dff cell `$procdff$1676' with positive edge clock.
Creating register for signal `\mkQuire.\vrg_quire_0' using process `\mkQuire.$proc$/teamspace/studios/this_studio/Melodica-Integration-into-Fife-Core/Learn_Bluespec_and_RISCV_Design/Code/Build/Fife/verilog/mkQuire.v:1661$566'.
  created $dff cell `$procdff$1677' with positive edge clock.
Creating register for signal `\mkQuire.\vrg_quire_1' using process `\mkQuire.$proc$/teamspace/studios/this_studio/Melodica-Integration-into-Fife-Core/Learn_Bluespec_and_RISCV_Design/Code/Build/Fife/verilog/mkQuire.v:1661$566'.
  created $dff cell `$procdff$1678' with positive edge clock.
Creating register for signal `\mkQuire.\vrg_quire_2' using process `\mkQuire.$proc$/teamspace/studios/this_studio/Melodica-Integration-into-Fife-Core/Learn_Bluespec_and_RISCV_Design/Code/Build/Fife/verilog/mkQuire.v:1661$566'.
  created $dff cell `$procdff$1679' with positive edge clock.
Creating register for signal `\mkQuire.\vrg_quire_3' using process `\mkQuire.$proc$/teamspace/studios/this_studio/Melodica-Integration-into-Fife-Core/Learn_Bluespec_and_RISCV_Design/Code/Build/Fife/verilog/mkQuire.v:1661$566'.
  created $dff cell `$procdff$1680' with positive edge clock.
Creating register for signal `\mkQuire.\vrg_quire_4' using process `\mkQuire.$proc$/teamspace/studios/this_studio/Melodica-Integration-into-Fife-Core/Learn_Bluespec_and_RISCV_Design/Code/Build/Fife/verilog/mkQuire.v:1661$566'.
  created $dff cell `$procdff$1681' with positive edge clock.
Creating register for signal `\mkQuire.\vrg_quire_5' using process `\mkQuire.$proc$/teamspace/studios/this_studio/Melodica-Integration-into-Fife-Core/Learn_Bluespec_and_RISCV_Design/Code/Build/Fife/verilog/mkQuire.v:1661$566'.
  created $dff cell `$procdff$1682' with positive edge clock.
Creating register for signal `\mkQuire.\vrg_quire_6' using process `\mkQuire.$proc$/teamspace/studios/this_studio/Melodica-Integration-into-Fife-Core/Learn_Bluespec_and_RISCV_Design/Code/Build/Fife/verilog/mkQuire.v:1661$566'.
  created $dff cell `$procdff$1683' with positive edge clock.
Creating register for signal `\mkQuire.\vrg_quire_seg_zero_0' using process `\mkQuire.$proc$/teamspace/studios/this_studio/Melodica-Integration-into-Fife-Core/Learn_Bluespec_and_RISCV_Design/Code/Build/Fife/verilog/mkQuire.v:1661$566'.
  created $dff cell `$procdff$1684' with positive edge clock.
Creating register for signal `\mkQuire.\vrg_quire_seg_zero_1' using process `\mkQuire.$proc$/teamspace/studios/this_studio/Melodica-Integration-into-Fife-Core/Learn_Bluespec_and_RISCV_Design/Code/Build/Fife/verilog/mkQuire.v:1661$566'.
  created $dff cell `$procdff$1685' with positive edge clock.
Creating register for signal `\mkQuire.\vrg_quire_seg_zero_2' using process `\mkQuire.$proc$/teamspace/studios/this_studio/Melodica-Integration-into-Fife-Core/Learn_Bluespec_and_RISCV_Design/Code/Build/Fife/verilog/mkQuire.v:1661$566'.
  created $dff cell `$procdff$1686' with positive edge clock.
Creating register for signal `\mkQuire.\vrg_quire_seg_zero_3' using process `\mkQuire.$proc$/teamspace/studios/this_studio/Melodica-Integration-into-Fife-Core/Learn_Bluespec_and_RISCV_Design/Code/Build/Fife/verilog/mkQuire.v:1661$566'.
  created $dff cell `$procdff$1687' with positive edge clock.
Creating register for signal `\mkQuire.\vrg_quire_seg_zero_4' using process `\mkQuire.$proc$/teamspace/studios/this_studio/Melodica-Integration-into-Fife-Core/Learn_Bluespec_and_RISCV_Design/Code/Build/Fife/verilog/mkQuire.v:1661$566'.
  created $dff cell `$procdff$1688' with positive edge clock.
Creating register for signal `\mkQuire.\vrg_quire_seg_zero_5' using process `\mkQuire.$proc$/teamspace/studios/this_studio/Melodica-Integration-into-Fife-Core/Learn_Bluespec_and_RISCV_Design/Code/Build/Fife/verilog/mkQuire.v:1661$566'.
  created $dff cell `$procdff$1689' with positive edge clock.
Creating register for signal `\mkQuire.\vrg_quire_seg_zero_6' using process `\mkQuire.$proc$/teamspace/studios/this_studio/Melodica-Integration-into-Fife-Core/Learn_Bluespec_and_RISCV_Design/Code/Build/Fife/verilog/mkQuire.v:1661$566'.
  created $dff cell `$procdff$1690' with positive edge clock.
Creating register for signal `\mkQuire.\zero_counter_rg_firstNonZeroSeg' using process `\mkQuire.$proc$/teamspace/studios/this_studio/Melodica-Integration-into-Fife-Core/Learn_Bluespec_and_RISCV_Design/Code/Build/Fife/verilog/mkQuire.v:1661$566'.
  created $dff cell `$procdff$1691' with positive edge clock.
Creating register for signal `\mkQuire.\zero_counter_rg_numZeroSegs' using process `\mkQuire.$proc$/teamspace/studios/this_studio/Melodica-Integration-into-Fife-Core/Learn_Bluespec_and_RISCV_Design/Code/Build/Fife/verilog/mkQuire.v:1661$566'.
  created $dff cell `$procdff$1692' with positive edge clock.
Creating register for signal `\mkQuire.\zero_counter_rg_seg_counter_busy' using process `\mkQuire.$proc$/teamspace/studios/this_studio/Melodica-Integration-into-Fife-Core/Learn_Bluespec_and_RISCV_Design/Code/Build/Fife/verilog/mkQuire.v:1661$566'.
  created $dff cell `$procdff$1693' with positive edge clock.
Creating register for signal `$paramod\FIFO2\width=32'00000000000000000000000000000011\guarded=1'1.\data0_reg' using process `$paramod\FIFO2\width=32'00000000000000000000000000000011\guarded=1'1.$proc$/teamspace/studios/this_studio/Melodica-Integration-into-Fife-Core/bsc/lib/Verilog/FIFO2.v:110$1121'.
  created $dff cell `$procdff$1694' with positive edge clock.
Creating register for signal `$paramod\FIFO2\width=32'00000000000000000000000000000011\guarded=1'1.\data1_reg' using process `$paramod\FIFO2\width=32'00000000000000000000000000000011\guarded=1'1.$proc$/teamspace/studios/this_studio/Melodica-Integration-into-Fife-Core/bsc/lib/Verilog/FIFO2.v:110$1121'.
  created $dff cell `$procdff$1695' with positive edge clock.
Creating register for signal `$paramod\FIFO2\width=32'00000000000000000000000000000011\guarded=1'1.\empty_reg' using process `$paramod\FIFO2\width=32'00000000000000000000000000000011\guarded=1'1.$proc$/teamspace/studios/this_studio/Melodica-Integration-into-Fife-Core/bsc/lib/Verilog/FIFO2.v:81$1113'.
  created $dff cell `$procdff$1696' with positive edge clock.
Creating register for signal `$paramod\FIFO2\width=32'00000000000000000000000000000011\guarded=1'1.\full_reg' using process `$paramod\FIFO2\width=32'00000000000000000000000000000011\guarded=1'1.$proc$/teamspace/studios/this_studio/Melodica-Integration-into-Fife-Core/bsc/lib/Verilog/FIFO2.v:81$1113'.
  created $dff cell `$procdff$1697' with positive edge clock.
Creating register for signal `$paramod\FIFO2\width=32'00000000000000000000000010001010\guarded=1'1.\data0_reg' using process `$paramod\FIFO2\width=32'00000000000000000000000010001010\guarded=1'1.$proc$/teamspace/studios/this_studio/Melodica-Integration-into-Fife-Core/bsc/lib/Verilog/FIFO2.v:110$1089'.
  created $dff cell `$procdff$1698' with positive edge clock.
Creating register for signal `$paramod\FIFO2\width=32'00000000000000000000000010001010\guarded=1'1.\data1_reg' using process `$paramod\FIFO2\width=32'00000000000000000000000010001010\guarded=1'1.$proc$/teamspace/studios/this_studio/Melodica-Integration-into-Fife-Core/bsc/lib/Verilog/FIFO2.v:110$1089'.
  created $dff cell `$procdff$1699' with positive edge clock.
Creating register for signal `$paramod\FIFO2\width=32'00000000000000000000000010001010\guarded=1'1.\empty_reg' using process `$paramod\FIFO2\width=32'00000000000000000000000010001010\guarded=1'1.$proc$/teamspace/studios/this_studio/Melodica-Integration-into-Fife-Core/bsc/lib/Verilog/FIFO2.v:81$1081'.
  created $dff cell `$procdff$1700' with positive edge clock.
Creating register for signal `$paramod\FIFO2\width=32'00000000000000000000000010001010\guarded=1'1.\full_reg' using process `$paramod\FIFO2\width=32'00000000000000000000000010001010\guarded=1'1.$proc$/teamspace/studios/this_studio/Melodica-Integration-into-Fife-Core/bsc/lib/Verilog/FIFO2.v:81$1081'.
  created $dff cell `$procdff$1701' with positive edge clock.
Creating register for signal `$paramod\FIFO1\width=32'00000000000000000000000001000111\guarded=1'1.\D_OUT' using process `$paramod\FIFO1\width=32'00000000000000000000000001000111\guarded=1'1.$proc$/teamspace/studios/this_studio/Melodica-Integration-into-Fife-Core/bsc/lib/Verilog/FIFO1.v:96$1063'.
  created $dff cell `$procdff$1702' with positive edge clock.
Creating register for signal `$paramod\FIFO1\width=32'00000000000000000000000001000111\guarded=1'1.\empty_reg' using process `$paramod\FIFO1\width=32'00000000000000000000000001000111\guarded=1'1.$proc$/teamspace/studios/this_studio/Melodica-Integration-into-Fife-Core/bsc/lib/Verilog/FIFO1.v:73$1061'.
  created $dff cell `$procdff$1703' with positive edge clock.
Creating register for signal `$paramod\FIFO2\width=32'00000000000000000000000000100011\guarded=1'1.\data0_reg' using process `$paramod\FIFO2\width=32'00000000000000000000000000100011\guarded=1'1.$proc$/teamspace/studios/this_studio/Melodica-Integration-into-Fife-Core/bsc/lib/Verilog/FIFO2.v:110$1053'.
  created $dff cell `$procdff$1704' with positive edge clock.
Creating register for signal `$paramod\FIFO2\width=32'00000000000000000000000000100011\guarded=1'1.\data1_reg' using process `$paramod\FIFO2\width=32'00000000000000000000000000100011\guarded=1'1.$proc$/teamspace/studios/this_studio/Melodica-Integration-into-Fife-Core/bsc/lib/Verilog/FIFO2.v:110$1053'.
  created $dff cell `$procdff$1705' with positive edge clock.
Creating register for signal `$paramod\FIFO2\width=32'00000000000000000000000000100011\guarded=1'1.\empty_reg' using process `$paramod\FIFO2\width=32'00000000000000000000000000100011\guarded=1'1.$proc$/teamspace/studios/this_studio/Melodica-Integration-into-Fife-Core/bsc/lib/Verilog/FIFO2.v:81$1045'.
  created $dff cell `$procdff$1706' with positive edge clock.
Creating register for signal `$paramod\FIFO2\width=32'00000000000000000000000000100011\guarded=1'1.\full_reg' using process `$paramod\FIFO2\width=32'00000000000000000000000000100011\guarded=1'1.$proc$/teamspace/studios/this_studio/Melodica-Integration-into-Fife-Core/bsc/lib/Verilog/FIFO2.v:81$1045'.
  created $dff cell `$procdff$1707' with positive edge clock.

14.2.10. Executing PROC_MEMWR pass (convert process memory writes to cells).

14.2.11. Executing PROC_CLEAN pass (remove empty switches from decision trees).
Removing empty process `$paramod\FIFO2\width=32'00000000000000000000000000100110\guarded=1'1.$proc$/teamspace/studios/this_studio/Melodica-Integration-into-Fife-Core/bsc/lib/Verilog/FIFO2.v:110$1021'.
Found and cleaned up 4 empty switches in `$paramod\FIFO2\width=32'00000000000000000000000000100110\guarded=1'1.$proc$/teamspace/studios/this_studio/Melodica-Integration-into-Fife-Core/bsc/lib/Verilog/FIFO2.v:81$1013'.
Removing empty process `$paramod\FIFO2\width=32'00000000000000000000000000100110\guarded=1'1.$proc$/teamspace/studios/this_studio/Melodica-Integration-into-Fife-Core/bsc/lib/Verilog/FIFO2.v:81$1013'.
Removing empty process `$paramod\FIFO2\width=32'00000000000000000000000000100100\guarded=1'1.$proc$/teamspace/studios/this_studio/Melodica-Integration-into-Fife-Core/bsc/lib/Verilog/FIFO2.v:110$989'.
Found and cleaned up 4 empty switches in `$paramod\FIFO2\width=32'00000000000000000000000000100100\guarded=1'1.$proc$/teamspace/studios/this_studio/Melodica-Integration-into-Fife-Core/bsc/lib/Verilog/FIFO2.v:81$981'.
Removing empty process `$paramod\FIFO2\width=32'00000000000000000000000000100100\guarded=1'1.$proc$/teamspace/studios/this_studio/Melodica-Integration-into-Fife-Core/bsc/lib/Verilog/FIFO2.v:81$981'.
Found and cleaned up 1 empty switch in `$paramod\FIFO1\width=32'00000000000000000000000001000100\guarded=1'1.$proc$/teamspace/studios/this_studio/Melodica-Integration-into-Fife-Core/bsc/lib/Verilog/FIFO1.v:96$963'.
Removing empty process `$paramod\FIFO1\width=32'00000000000000000000000001000100\guarded=1'1.$proc$/teamspace/studios/this_studio/Melodica-Integration-into-Fife-Core/bsc/lib/Verilog/FIFO1.v:96$963'.
Found and cleaned up 4 empty switches in `$paramod\FIFO1\width=32'00000000000000000000000001000100\guarded=1'1.$proc$/teamspace/studios/this_studio/Melodica-Integration-into-Fife-Core/bsc/lib/Verilog/FIFO1.v:73$961'.
Removing empty process `$paramod\FIFO1\width=32'00000000000000000000000001000100\guarded=1'1.$proc$/teamspace/studios/this_studio/Melodica-Integration-into-Fife-Core/bsc/lib/Verilog/FIFO1.v:73$961'.
Found and cleaned up 1 empty switch in `$paramod\FIFO1\width=32'00000000000000000000000011000110\guarded=1'1.$proc$/teamspace/studios/this_studio/Melodica-Integration-into-Fife-Core/bsc/lib/Verilog/FIFO1.v:96$959'.
Removing empty process `$paramod\FIFO1\width=32'00000000000000000000000011000110\guarded=1'1.$proc$/teamspace/studios/this_studio/Melodica-Integration-into-Fife-Core/bsc/lib/Verilog/FIFO1.v:96$959'.
Found and cleaned up 4 empty switches in `$paramod\FIFO1\width=32'00000000000000000000000011000110\guarded=1'1.$proc$/teamspace/studios/this_studio/Melodica-Integration-into-Fife-Core/bsc/lib/Verilog/FIFO1.v:73$957'.
Removing empty process `$paramod\FIFO1\width=32'00000000000000000000000011000110\guarded=1'1.$proc$/teamspace/studios/this_studio/Melodica-Integration-into-Fife-Core/bsc/lib/Verilog/FIFO1.v:73$957'.
Found and cleaned up 1 empty switch in `$paramod\FIFO1\width=32'00000000000000000000000000001001\guarded=1'1.$proc$/teamspace/studios/this_studio/Melodica-Integration-into-Fife-Core/bsc/lib/Verilog/FIFO1.v:96$955'.
Removing empty process `$paramod\FIFO1\width=32'00000000000000000000000000001001\guarded=1'1.$proc$/teamspace/studios/this_studio/Melodica-Integration-into-Fife-Core/bsc/lib/Verilog/FIFO1.v:96$955'.
Found and cleaned up 4 empty switches in `$paramod\FIFO1\width=32'00000000000000000000000000001001\guarded=1'1.$proc$/teamspace/studios/this_studio/Melodica-Integration-into-Fife-Core/bsc/lib/Verilog/FIFO1.v:73$953'.
Removing empty process `$paramod\FIFO1\width=32'00000000000000000000000000001001\guarded=1'1.$proc$/teamspace/studios/this_studio/Melodica-Integration-into-Fife-Core/bsc/lib/Verilog/FIFO1.v:73$953'.
Found and cleaned up 1 empty switch in `$paramod\FIFO1\width=32'00000000000000000000000000101001\guarded=1'1.$proc$/teamspace/studios/this_studio/Melodica-Integration-into-Fife-Core/bsc/lib/Verilog/FIFO1.v:96$951'.
Removing empty process `$paramod\FIFO1\width=32'00000000000000000000000000101001\guarded=1'1.$proc$/teamspace/studios/this_studio/Melodica-Integration-into-Fife-Core/bsc/lib/Verilog/FIFO1.v:96$951'.
Found and cleaned up 4 empty switches in `$paramod\FIFO1\width=32'00000000000000000000000000101001\guarded=1'1.$proc$/teamspace/studios/this_studio/Melodica-Integration-into-Fife-Core/bsc/lib/Verilog/FIFO1.v:73$949'.
Removing empty process `$paramod\FIFO1\width=32'00000000000000000000000000101001\guarded=1'1.$proc$/teamspace/studios/this_studio/Melodica-Integration-into-Fife-Core/bsc/lib/Verilog/FIFO1.v:73$949'.
Found and cleaned up 1 empty switch in `$paramod$77feb722284cbb4b2efebea6faec56b4318dabcc\SizedFIFO.$proc$/teamspace/studios/this_studio/Melodica-Integration-into-Fife-Core/bsc/lib/Verilog/SizedFIFO.v:190$932'.
Removing empty process `$paramod$77feb722284cbb4b2efebea6faec56b4318dabcc\SizedFIFO.$proc$/teamspace/studios/this_studio/Melodica-Integration-into-Fife-Core/bsc/lib/Verilog/SizedFIFO.v:190$932'.
Found and cleaned up 1 empty switch in `$paramod$77feb722284cbb4b2efebea6faec56b4318dabcc\SizedFIFO.$proc$/teamspace/studios/this_studio/Melodica-Integration-into-Fife-Core/bsc/lib/Verilog/SizedFIFO.v:167$929'.
Removing empty process `$paramod$77feb722284cbb4b2efebea6faec56b4318dabcc\SizedFIFO.$proc$/teamspace/studios/this_studio/Melodica-Integration-into-Fife-Core/bsc/lib/Verilog/SizedFIFO.v:167$929'.
Found and cleaned up 3 empty switches in `$paramod$77feb722284cbb4b2efebea6faec56b4318dabcc\SizedFIFO.$proc$/teamspace/studios/this_studio/Melodica-Integration-into-Fife-Core/bsc/lib/Verilog/SizedFIFO.v:107$924'.
Removing empty process `$paramod$77feb722284cbb4b2efebea6faec56b4318dabcc\SizedFIFO.$proc$/teamspace/studios/this_studio/Melodica-Integration-into-Fife-Core/bsc/lib/Verilog/SizedFIFO.v:107$924'.
Found and cleaned up 1 empty switch in `$paramod$a0c6df3c1489bcd5c1c6c2071c80faf091665997\SizedFIFO.$proc$/teamspace/studios/this_studio/Melodica-Integration-into-Fife-Core/bsc/lib/Verilog/SizedFIFO.v:190$901'.
Removing empty process `$paramod$a0c6df3c1489bcd5c1c6c2071c80faf091665997\SizedFIFO.$proc$/teamspace/studios/this_studio/Melodica-Integration-into-Fife-Core/bsc/lib/Verilog/SizedFIFO.v:190$901'.
Found and cleaned up 1 empty switch in `$paramod$a0c6df3c1489bcd5c1c6c2071c80faf091665997\SizedFIFO.$proc$/teamspace/studios/this_studio/Melodica-Integration-into-Fife-Core/bsc/lib/Verilog/SizedFIFO.v:167$898'.
Removing empty process `$paramod$a0c6df3c1489bcd5c1c6c2071c80faf091665997\SizedFIFO.$proc$/teamspace/studios/this_studio/Melodica-Integration-into-Fife-Core/bsc/lib/Verilog/SizedFIFO.v:167$898'.
Found and cleaned up 3 empty switches in `$paramod$a0c6df3c1489bcd5c1c6c2071c80faf091665997\SizedFIFO.$proc$/teamspace/studios/this_studio/Melodica-Integration-into-Fife-Core/bsc/lib/Verilog/SizedFIFO.v:107$893'.
Removing empty process `$paramod$a0c6df3c1489bcd5c1c6c2071c80faf091665997\SizedFIFO.$proc$/teamspace/studios/this_studio/Melodica-Integration-into-Fife-Core/bsc/lib/Verilog/SizedFIFO.v:107$893'.
Found and cleaned up 2 empty switches in `\mkPositCore.$proc$/teamspace/studios/this_studio/Melodica-Integration-into-Fife-Core/Learn_Bluespec_and_RISCV_Design/Code/Build/Fife/verilog/mkPositCore.v:571$884'.
Removing empty process `mkPositCore.$proc$/teamspace/studios/this_studio/Melodica-Integration-into-Fife-Core/Learn_Bluespec_and_RISCV_Design/Code/Build/Fife/verilog/mkPositCore.v:571$884'.
Found and cleaned up 1 empty switch in `\mkPtoF_PNE.$proc$/teamspace/studios/this_studio/Melodica-Integration-into-Fife-Core/Learn_Bluespec_and_RISCV_Design/Code/Build/Fife/verilog/mkPtoF_PNE.v:220$758'.
Removing empty process `mkPtoF_PNE.$proc$/teamspace/studios/this_studio/Melodica-Integration-into-Fife-Core/Learn_Bluespec_and_RISCV_Design/Code/Build/Fife/verilog/mkPtoF_PNE.v:220$758'.
Found and cleaned up 1 empty switch in `\mkPtoF_PNE.$proc$/teamspace/studios/this_studio/Melodica-Integration-into-Fife-Core/Learn_Bluespec_and_RISCV_Design/Code/Build/Fife/verilog/mkPtoF_PNE.v:212$756'.
Removing empty process `mkPtoF_PNE.$proc$/teamspace/studios/this_studio/Melodica-Integration-into-Fife-Core/Learn_Bluespec_and_RISCV_Design/Code/Build/Fife/verilog/mkPtoF_PNE.v:212$756'.
Found and cleaned up 1 empty switch in `\mkNormalizer.$proc$/teamspace/studios/this_studio/Melodica-Integration-into-Fife-Core/Learn_Bluespec_and_RISCV_Design/Code/Build/Fife/verilog/mkNormalizer.v:193$625'.
Removing empty process `mkNormalizer.$proc$/teamspace/studios/this_studio/Melodica-Integration-into-Fife-Core/Learn_Bluespec_and_RISCV_Design/Code/Build/Fife/verilog/mkNormalizer.v:193$625'.
Found and cleaned up 1 empty switch in `\mkNormalizer.$proc$/teamspace/studios/this_studio/Melodica-Integration-into-Fife-Core/Learn_Bluespec_and_RISCV_Design/Code/Build/Fife/verilog/mkNormalizer.v:171$624'.
Removing empty process `mkNormalizer.$proc$/teamspace/studios/this_studio/Melodica-Integration-into-Fife-Core/Learn_Bluespec_and_RISCV_Design/Code/Build/Fife/verilog/mkNormalizer.v:171$624'.
Found and cleaned up 1 empty switch in `\mkNormalizer.$proc$/teamspace/studios/this_studio/Melodica-Integration-into-Fife-Core/Learn_Bluespec_and_RISCV_Design/Code/Build/Fife/verilog/mkNormalizer.v:157$623'.
Removing empty process `mkNormalizer.$proc$/teamspace/studios/this_studio/Melodica-Integration-into-Fife-Core/Learn_Bluespec_and_RISCV_Design/Code/Build/Fife/verilog/mkNormalizer.v:157$623'.
Found and cleaned up 21 empty switches in `\mkQuire.$proc$/teamspace/studios/this_studio/Melodica-Integration-into-Fife-Core/Learn_Bluespec_and_RISCV_Design/Code/Build/Fife/verilog/mkQuire.v:1661$566'.
Removing empty process `mkQuire.$proc$/teamspace/studios/this_studio/Melodica-Integration-into-Fife-Core/Learn_Bluespec_and_RISCV_Design/Code/Build/Fife/verilog/mkQuire.v:1661$566'.
Found and cleaned up 1 empty switch in `\mkQuire.$proc$/teamspace/studios/this_studio/Melodica-Integration-into-Fife-Core/Learn_Bluespec_and_RISCV_Design/Code/Build/Fife/verilog/mkQuire.v:1186$411'.
Removing empty process `mkQuire.$proc$/teamspace/studios/this_studio/Melodica-Integration-into-Fife-Core/Learn_Bluespec_and_RISCV_Design/Code/Build/Fife/verilog/mkQuire.v:1186$411'.
Found and cleaned up 1 empty switch in `\mkQuire.$proc$/teamspace/studios/this_studio/Melodica-Integration-into-Fife-Core/Learn_Bluespec_and_RISCV_Design/Code/Build/Fife/verilog/mkQuire.v:1160$397'.
Removing empty process `mkQuire.$proc$/teamspace/studios/this_studio/Melodica-Integration-into-Fife-Core/Learn_Bluespec_and_RISCV_Design/Code/Build/Fife/verilog/mkQuire.v:1160$397'.
Found and cleaned up 1 empty switch in `\mkQuire.$proc$/teamspace/studios/this_studio/Melodica-Integration-into-Fife-Core/Learn_Bluespec_and_RISCV_Design/Code/Build/Fife/verilog/mkQuire.v:1134$383'.
Removing empty process `mkQuire.$proc$/teamspace/studios/this_studio/Melodica-Integration-into-Fife-Core/Learn_Bluespec_and_RISCV_Design/Code/Build/Fife/verilog/mkQuire.v:1134$383'.
Found and cleaned up 1 empty switch in `\mkQuire.$proc$/teamspace/studios/this_studio/Melodica-Integration-into-Fife-Core/Learn_Bluespec_and_RISCV_Design/Code/Build/Fife/verilog/mkQuire.v:1108$369'.
Removing empty process `mkQuire.$proc$/teamspace/studios/this_studio/Melodica-Integration-into-Fife-Core/Learn_Bluespec_and_RISCV_Design/Code/Build/Fife/verilog/mkQuire.v:1108$369'.
Found and cleaned up 1 empty switch in `\mkQuire.$proc$/teamspace/studios/this_studio/Melodica-Integration-into-Fife-Core/Learn_Bluespec_and_RISCV_Design/Code/Build/Fife/verilog/mkQuire.v:1082$355'.
Removing empty process `mkQuire.$proc$/teamspace/studios/this_studio/Melodica-Integration-into-Fife-Core/Learn_Bluespec_and_RISCV_Design/Code/Build/Fife/verilog/mkQuire.v:1082$355'.
Found and cleaned up 1 empty switch in `\mkQuire.$proc$/teamspace/studios/this_studio/Melodica-Integration-into-Fife-Core/Learn_Bluespec_and_RISCV_Design/Code/Build/Fife/verilog/mkQuire.v:1056$341'.
Removing empty process `mkQuire.$proc$/teamspace/studios/this_studio/Melodica-Integration-into-Fife-Core/Learn_Bluespec_and_RISCV_Design/Code/Build/Fife/verilog/mkQuire.v:1056$341'.
Found and cleaned up 1 empty switch in `\mkQuire.$proc$/teamspace/studios/this_studio/Melodica-Integration-into-Fife-Core/Learn_Bluespec_and_RISCV_Design/Code/Build/Fife/verilog/mkQuire.v:1030$327'.
Removing empty process `mkQuire.$proc$/teamspace/studios/this_studio/Melodica-Integration-into-Fife-Core/Learn_Bluespec_and_RISCV_Design/Code/Build/Fife/verilog/mkQuire.v:1030$327'.
Found and cleaned up 1 empty switch in `\mkQuire.$proc$/teamspace/studios/this_studio/Melodica-Integration-into-Fife-Core/Learn_Bluespec_and_RISCV_Design/Code/Build/Fife/verilog/mkQuire.v:1005$317'.
Removing empty process `mkQuire.$proc$/teamspace/studios/this_studio/Melodica-Integration-into-Fife-Core/Learn_Bluespec_and_RISCV_Design/Code/Build/Fife/verilog/mkQuire.v:1005$317'.
Found and cleaned up 1 empty switch in `\mkQuire.$proc$/teamspace/studios/this_studio/Melodica-Integration-into-Fife-Core/Learn_Bluespec_and_RISCV_Design/Code/Build/Fife/verilog/mkQuire.v:980$307'.
Removing empty process `mkQuire.$proc$/teamspace/studios/this_studio/Melodica-Integration-into-Fife-Core/Learn_Bluespec_and_RISCV_Design/Code/Build/Fife/verilog/mkQuire.v:980$307'.
Found and cleaned up 1 empty switch in `\mkQuire.$proc$/teamspace/studios/this_studio/Melodica-Integration-into-Fife-Core/Learn_Bluespec_and_RISCV_Design/Code/Build/Fife/verilog/mkQuire.v:955$297'.
Removing empty process `mkQuire.$proc$/teamspace/studios/this_studio/Melodica-Integration-into-Fife-Core/Learn_Bluespec_and_RISCV_Design/Code/Build/Fife/verilog/mkQuire.v:955$297'.
Found and cleaned up 1 empty switch in `\mkQuire.$proc$/teamspace/studios/this_studio/Melodica-Integration-into-Fife-Core/Learn_Bluespec_and_RISCV_Design/Code/Build/Fife/verilog/mkQuire.v:930$287'.
Removing empty process `mkQuire.$proc$/teamspace/studios/this_studio/Melodica-Integration-into-Fife-Core/Learn_Bluespec_and_RISCV_Design/Code/Build/Fife/verilog/mkQuire.v:930$287'.
Found and cleaned up 1 empty switch in `\mkQuire.$proc$/teamspace/studios/this_studio/Melodica-Integration-into-Fife-Core/Learn_Bluespec_and_RISCV_Design/Code/Build/Fife/verilog/mkQuire.v:905$277'.
Removing empty process `mkQuire.$proc$/teamspace/studios/this_studio/Melodica-Integration-into-Fife-Core/Learn_Bluespec_and_RISCV_Design/Code/Build/Fife/verilog/mkQuire.v:905$277'.
Found and cleaned up 1 empty switch in `\mkQuire.$proc$/teamspace/studios/this_studio/Melodica-Integration-into-Fife-Core/Learn_Bluespec_and_RISCV_Design/Code/Build/Fife/verilog/mkQuire.v:881$267'.
Removing empty process `mkQuire.$proc$/teamspace/studios/this_studio/Melodica-Integration-into-Fife-Core/Learn_Bluespec_and_RISCV_Design/Code/Build/Fife/verilog/mkQuire.v:881$267'.
Found and cleaned up 1 empty switch in `\mkQuire.$proc$/teamspace/studios/this_studio/Melodica-Integration-into-Fife-Core/Learn_Bluespec_and_RISCV_Design/Code/Build/Fife/verilog/mkQuire.v:858$257'.
Removing empty process `mkQuire.$proc$/teamspace/studios/this_studio/Melodica-Integration-into-Fife-Core/Learn_Bluespec_and_RISCV_Design/Code/Build/Fife/verilog/mkQuire.v:858$257'.
Removing empty process `$paramod\FIFO2\width=32'00000000000000000000000000000011\guarded=1'1.$proc$/teamspace/studios/this_studio/Melodica-Integration-into-Fife-Core/bsc/lib/Verilog/FIFO2.v:110$1121'.
Found and cleaned up 4 empty switches in `$paramod\FIFO2\width=32'00000000000000000000000000000011\guarded=1'1.$proc$/teamspace/studios/this_studio/Melodica-Integration-into-Fife-Core/bsc/lib/Verilog/FIFO2.v:81$1113'.
Removing empty process `$paramod\FIFO2\width=32'00000000000000000000000000000011\guarded=1'1.$proc$/teamspace/studios/this_studio/Melodica-Integration-into-Fife-Core/bsc/lib/Verilog/FIFO2.v:81$1113'.
Removing empty process `$paramod\FIFO2\width=32'00000000000000000000000010001010\guarded=1'1.$proc$/teamspace/studios/this_studio/Melodica-Integration-into-Fife-Core/bsc/lib/Verilog/FIFO2.v:110$1089'.
Found and cleaned up 4 empty switches in `$paramod\FIFO2\width=32'00000000000000000000000010001010\guarded=1'1.$proc$/teamspace/studios/this_studio/Melodica-Integration-into-Fife-Core/bsc/lib/Verilog/FIFO2.v:81$1081'.
Removing empty process `$paramod\FIFO2\width=32'00000000000000000000000010001010\guarded=1'1.$proc$/teamspace/studios/this_studio/Melodica-Integration-into-Fife-Core/bsc/lib/Verilog/FIFO2.v:81$1081'.
Found and cleaned up 1 empty switch in `$paramod\FIFO1\width=32'00000000000000000000000001000111\guarded=1'1.$proc$/teamspace/studios/this_studio/Melodica-Integration-into-Fife-Core/bsc/lib/Verilog/FIFO1.v:96$1063'.
Removing empty process `$paramod\FIFO1\width=32'00000000000000000000000001000111\guarded=1'1.$proc$/teamspace/studios/this_studio/Melodica-Integration-into-Fife-Core/bsc/lib/Verilog/FIFO1.v:96$1063'.
Found and cleaned up 4 empty switches in `$paramod\FIFO1\width=32'00000000000000000000000001000111\guarded=1'1.$proc$/teamspace/studios/this_studio/Melodica-Integration-into-Fife-Core/bsc/lib/Verilog/FIFO1.v:73$1061'.
Removing empty process `$paramod\FIFO1\width=32'00000000000000000000000001000111\guarded=1'1.$proc$/teamspace/studios/this_studio/Melodica-Integration-into-Fife-Core/bsc/lib/Verilog/FIFO1.v:73$1061'.
Removing empty process `$paramod\FIFO2\width=32'00000000000000000000000000100011\guarded=1'1.$proc$/teamspace/studios/this_studio/Melodica-Integration-into-Fife-Core/bsc/lib/Verilog/FIFO2.v:110$1053'.
Found and cleaned up 4 empty switches in `$paramod\FIFO2\width=32'00000000000000000000000000100011\guarded=1'1.$proc$/teamspace/studios/this_studio/Melodica-Integration-into-Fife-Core/bsc/lib/Verilog/FIFO2.v:81$1045'.
Removing empty process `$paramod\FIFO2\width=32'00000000000000000000000000100011\guarded=1'1.$proc$/teamspace/studios/this_studio/Melodica-Integration-into-Fife-Core/bsc/lib/Verilog/FIFO2.v:81$1045'.
Cleaned up 97 empty switches.

14.2.12. Executing OPT_EXPR pass (perform const folding).
Optimizing module $paramod\FIFO2\width=32'00000000000000000000000000100110\guarded=1'1.
<suppressed ~3 debug messages>
Optimizing module $paramod\FIFO2\width=32'00000000000000000000000000100100\guarded=1'1.
<suppressed ~3 debug messages>
Optimizing module $paramod\FIFO1\width=32'00000000000000000000000001000100\guarded=1'1.
<suppressed ~2 debug messages>
Optimizing module $paramod\FIFO1\width=32'00000000000000000000000011000110\guarded=1'1.
<suppressed ~2 debug messages>
Optimizing module $paramod\FIFO1\width=32'00000000000000000000000000001001\guarded=1'1.
<suppressed ~2 debug messages>
Optimizing module $paramod\FIFO1\width=32'00000000000000000000000000101001\guarded=1'1.
<suppressed ~2 debug messages>
Optimizing module $paramod$77feb722284cbb4b2efebea6faec56b4318dabcc\SizedFIFO.
<suppressed ~6 debug messages>
Optimizing module $paramod$a0c6df3c1489bcd5c1c6c2071c80faf091665997\SizedFIFO.
<suppressed ~6 debug messages>
Optimizing module mkPositCore.
<suppressed ~7 debug messages>
Optimizing module mkPtoF_PNE.
<suppressed ~12 debug messages>
Optimizing module mkFtoP_PNE.
<suppressed ~13 debug messages>
Optimizing module mkExtracter.
<suppressed ~4 debug messages>
Optimizing module mkNormalizer.
<suppressed ~2 debug messages>
Optimizing module mkMultiplier.
Optimizing module mkQuire.
<suppressed ~148 debug messages>
Optimizing module module_fn_twosC_quire.
Optimizing module $paramod\FIFO2\width=32'00000000000000000000000000000011\guarded=1'1.
<suppressed ~3 debug messages>
Optimizing module $paramod\FIFO2\width=32'00000000000000000000000010001010\guarded=1'1.
<suppressed ~3 debug messages>
Optimizing module $paramod\FIFO1\width=32'00000000000000000000000001000111\guarded=1'1.
<suppressed ~2 debug messages>
Optimizing module $paramod\FIFO2\width=32'00000000000000000000000000100011\guarded=1'1.
<suppressed ~3 debug messages>

14.3. Executing FLATTEN pass (flatten design).
Deleting now unused module $paramod\FIFO2\width=32'00000000000000000000000000100110\guarded=1'1.
Deleting now unused module $paramod\FIFO2\width=32'00000000000000000000000000100100\guarded=1'1.
Deleting now unused module $paramod\FIFO1\width=32'00000000000000000000000001000100\guarded=1'1.
Deleting now unused module $paramod\FIFO1\width=32'00000000000000000000000011000110\guarded=1'1.
Deleting now unused module $paramod\FIFO1\width=32'00000000000000000000000000001001\guarded=1'1.
Deleting now unused module $paramod\FIFO1\width=32'00000000000000000000000000101001\guarded=1'1.
Deleting now unused module $paramod$77feb722284cbb4b2efebea6faec56b4318dabcc\SizedFIFO.
Deleting now unused module $paramod$a0c6df3c1489bcd5c1c6c2071c80faf091665997\SizedFIFO.
Deleting now unused module mkPtoF_PNE.
Deleting now unused module mkFtoP_PNE.
Deleting now unused module mkExtracter.
Deleting now unused module mkNormalizer.
Deleting now unused module mkMultiplier.
Deleting now unused module mkQuire.
Deleting now unused module module_fn_twosC_quire.
Deleting now unused module $paramod\FIFO2\width=32'00000000000000000000000000000011\guarded=1'1.
Deleting now unused module $paramod\FIFO2\width=32'00000000000000000000000010001010\guarded=1'1.
Deleting now unused module $paramod\FIFO1\width=32'00000000000000000000000001000111\guarded=1'1.
Deleting now unused module $paramod\FIFO2\width=32'00000000000000000000000000100011\guarded=1'1.
<suppressed ~35 debug messages>

14.4. Executing OPT_EXPR pass (perform const folding).
Optimizing module mkPositCore.
<suppressed ~63 debug messages>

14.5. Executing OPT_CLEAN pass (remove unused cells and wires).
Finding unused cells or wires in module \mkPositCore..
Removed 100 unused cells and 1194 unused wires.
<suppressed ~104 debug messages>

14.6. Executing CHECK pass (checking for obvious problems).
Checking module mkPositCore...
Found and reported 0 problems.

14.7. Executing OPT pass (performing simple optimizations).

14.7.1. Executing OPT_EXPR pass (perform const folding).
Optimizing module mkPositCore.

14.7.2. Executing OPT_MERGE pass (detect identical cells).
Finding identical cells in module `\mkPositCore'.
<suppressed ~1170 debug messages>
Removed a total of 390 cells.

14.7.3. Executing OPT_MUXTREE pass (detect dead branches in mux trees).
Running muxtree optimizer on module \mkPositCore..
  Creating internal representation of mux trees.
  Evaluating internal representation of mux trees.
      Replacing known input bits on port A of cell $flatten\multiplier.$ternary$/teamspace/studios/this_studio/Melodica-Integration-into-Fife-Core/Learn_Bluespec_and_RISCV_Design/Code/Build/Fife/verilog/mkMultiplier.v:229$620: \multiplier.ff_pipe_reg_first_BITS_63_TO_54_PLUS_1___d7 -> { 1'0 \multiplier.ff_pipe_reg_first_BITS_63_TO_54_PLUS_1___d7 [8:0] }
      Replacing known input bits on port A of cell $flatten\ptof.$ternary$/teamspace/studios/this_studio/Melodica-Integration-into-Fife-Core/Learn_Bluespec_and_RISCV_Design/Code/Build/Fife/verilog/mkPtoF_PNE.v:137$714: \ptof.IF_request_put_BITS_34_TO_26_SLT_385_THEN_IF_r_ETC___d22 -> { 1'0 \ptof.IF_request_put_BITS_34_TO_26_SLT_385_THEN_IF_r_ETC___d22 [4:0] }
      Replacing known input bits on port A of cell $flatten\ftop.$ternary$/teamspace/studios/this_studio/Melodica-Integration-into-Fife-Core/Learn_Bluespec_and_RISCV_Design/Code/Build/Fife/verilog/mkFtoP_PNE.v:132$680: \ftop.IF_SEXT__0_CONCAT_request_put_BITS_30_TO_23_3__ETC___d32 -> { 1'0 \ftop.IF_SEXT__0_CONCAT_request_put_BITS_30_TO_23_3__ETC___d32 [4:0] }
      Replacing known input bits on port A of cell $flatten\quire.\instance_fn_twosC_quire_1.$ternary$/teamspace/studios/this_studio/Melodica-Integration-into-Fife-Core/Learn_Bluespec_and_RISCV_Design/Code/Build/Fife/verilog/module_fn_twosC_quire.v:109$121: \quire.vrg_quire_6 -> { 1'1 \quire.vrg_quire_6 [30:0] }
      Replacing known input bits on port A of cell $flatten\quire.$ternary$/teamspace/studios/this_studio/Melodica-Integration-into-Fife-Core/Learn_Bluespec_and_RISCV_Design/Code/Build/Fife/verilog/mkQuire.v:1579$523: \extracter1.ff_extract_out.data0_reg [34:26] -> { 1'0 \extracter1.ff_extract_out.data0_reg [33:26] }
      Replacing known input bits on port A of cell $flatten\quire.\seg_adder_vff_carry_0.$procmux$1277: \quire.seg_adder_vff_carry_0.not_ring_full -> 1'0
      Replacing known input bits on port A of cell $flatten\quire.\seg_adder_vff_carry_1.$procmux$1277: \quire.seg_adder_vff_carry_1.not_ring_full -> 1'0
      Replacing known input bits on port A of cell $flatten\quire.\seg_adder_vff_carry_2.$procmux$1277: \quire.seg_adder_vff_carry_2.not_ring_full -> 1'0
      Replacing known input bits on port A of cell $flatten\quire.\seg_adder_vff_carry_3.$procmux$1277: \quire.seg_adder_vff_carry_3.not_ring_full -> 1'0
      Replacing known input bits on port A of cell $flatten\quire.\seg_adder_vff_carry_4.$procmux$1277: \quire.seg_adder_vff_carry_4.not_ring_full -> 1'0
      Replacing known input bits on port A of cell $flatten\quire.\seg_adder_vff_carry_5.$procmux$1277: \quire.seg_adder_vff_carry_5.not_ring_full -> 1'0
      Replacing known input bits on port A of cell $flatten\quire.\seg_adder_vff_in_0.$procmux$1335: \quire.seg_adder_vff_in_0.not_ring_full -> 1'0
      Replacing known input bits on port A of cell $flatten\quire.\seg_adder_vff_in_1.$procmux$1335: \quire.seg_adder_vff_in_1.not_ring_full -> 1'0
      Replacing known input bits on port A of cell $flatten\quire.\seg_adder_vff_in_2.$procmux$1335: \quire.seg_adder_vff_in_2.not_ring_full -> 1'0
      Replacing known input bits on port A of cell $flatten\quire.\seg_adder_vff_in_3.$procmux$1335: \quire.seg_adder_vff_in_3.not_ring_full -> 1'0
      Replacing known input bits on port A of cell $flatten\quire.\seg_adder_vff_in_4.$procmux$1335: \quire.seg_adder_vff_in_4.not_ring_full -> 1'0
      Replacing known input bits on port A of cell $flatten\quire.\seg_adder_vff_in_5.$procmux$1335: \quire.seg_adder_vff_in_5.not_ring_full -> 1'0
      Replacing known input bits on port A of cell $flatten\quire.\seg_adder_vff_in_6.$procmux$1335: \quire.seg_adder_vff_in_6.not_ring_full -> 1'0
  Analyzing evaluation results.
    dead port 3/4 on $pmux $flatten\quire.\seg_adder_vff_carry_0.$procmux$1243.
    dead port 3/4 on $pmux $flatten\quire.\seg_adder_vff_carry_0.$procmux$1252.
    dead port 3/4 on $pmux $flatten\quire.\seg_adder_vff_carry_0.$procmux$1261.
    dead port 3/4 on $pmux $flatten\quire.\seg_adder_vff_carry_0.$procmux$1270.
    dead port 3/4 on $pmux $flatten\quire.\seg_adder_vff_carry_0.$procmux$1279.
    dead port 3/4 on $pmux $flatten\quire.\seg_adder_vff_carry_1.$procmux$1243.
    dead port 3/4 on $pmux $flatten\quire.\seg_adder_vff_carry_1.$procmux$1252.
    dead port 3/4 on $pmux $flatten\quire.\seg_adder_vff_carry_1.$procmux$1261.
    dead port 3/4 on $pmux $flatten\quire.\seg_adder_vff_carry_1.$procmux$1270.
    dead port 3/4 on $pmux $flatten\quire.\seg_adder_vff_carry_1.$procmux$1279.
    dead port 3/4 on $pmux $flatten\quire.\seg_adder_vff_carry_2.$procmux$1243.
    dead port 3/4 on $pmux $flatten\quire.\seg_adder_vff_carry_2.$procmux$1252.
    dead port 3/4 on $pmux $flatten\quire.\seg_adder_vff_carry_2.$procmux$1261.
    dead port 3/4 on $pmux $flatten\quire.\seg_adder_vff_carry_2.$procmux$1270.
    dead port 3/4 on $pmux $flatten\quire.\seg_adder_vff_carry_2.$procmux$1279.
    dead port 3/4 on $pmux $flatten\quire.\seg_adder_vff_carry_3.$procmux$1243.
    dead port 3/4 on $pmux $flatten\quire.\seg_adder_vff_carry_3.$procmux$1252.
    dead port 3/4 on $pmux $flatten\quire.\seg_adder_vff_carry_3.$procmux$1261.
    dead port 3/4 on $pmux $flatten\quire.\seg_adder_vff_carry_3.$procmux$1270.
    dead port 3/4 on $pmux $flatten\quire.\seg_adder_vff_carry_3.$procmux$1279.
    dead port 3/4 on $pmux $flatten\quire.\seg_adder_vff_carry_4.$procmux$1243.
    dead port 3/4 on $pmux $flatten\quire.\seg_adder_vff_carry_4.$procmux$1252.
    dead port 3/4 on $pmux $flatten\quire.\seg_adder_vff_carry_4.$procmux$1261.
    dead port 3/4 on $pmux $flatten\quire.\seg_adder_vff_carry_4.$procmux$1270.
    dead port 3/4 on $pmux $flatten\quire.\seg_adder_vff_carry_4.$procmux$1279.
    dead port 3/4 on $pmux $flatten\quire.\seg_adder_vff_carry_5.$procmux$1243.
    dead port 3/4 on $pmux $flatten\quire.\seg_adder_vff_carry_5.$procmux$1252.
    dead port 3/4 on $pmux $flatten\quire.\seg_adder_vff_carry_5.$procmux$1261.
    dead port 3/4 on $pmux $flatten\quire.\seg_adder_vff_carry_5.$procmux$1270.
    dead port 3/4 on $pmux $flatten\quire.\seg_adder_vff_carry_5.$procmux$1279.
    dead port 3/4 on $pmux $flatten\quire.\seg_adder_vff_in_0.$procmux$1301.
    dead port 3/4 on $pmux $flatten\quire.\seg_adder_vff_in_0.$procmux$1310.
    dead port 3/4 on $pmux $flatten\quire.\seg_adder_vff_in_0.$procmux$1319.
    dead port 3/4 on $pmux $flatten\quire.\seg_adder_vff_in_0.$procmux$1328.
    dead port 3/4 on $pmux $flatten\quire.\seg_adder_vff_in_0.$procmux$1337.
    dead port 3/4 on $pmux $flatten\quire.\seg_adder_vff_in_1.$procmux$1301.
    dead port 3/4 on $pmux $flatten\quire.\seg_adder_vff_in_1.$procmux$1310.
    dead port 3/4 on $pmux $flatten\quire.\seg_adder_vff_in_1.$procmux$1319.
    dead port 3/4 on $pmux $flatten\quire.\seg_adder_vff_in_1.$procmux$1328.
    dead port 3/4 on $pmux $flatten\quire.\seg_adder_vff_in_1.$procmux$1337.
    dead port 3/4 on $pmux $flatten\quire.\seg_adder_vff_in_2.$procmux$1301.
    dead port 3/4 on $pmux $flatten\quire.\seg_adder_vff_in_2.$procmux$1310.
    dead port 3/4 on $pmux $flatten\quire.\seg_adder_vff_in_2.$procmux$1319.
    dead port 3/4 on $pmux $flatten\quire.\seg_adder_vff_in_2.$procmux$1328.
    dead port 3/4 on $pmux $flatten\quire.\seg_adder_vff_in_2.$procmux$1337.
    dead port 3/4 on $pmux $flatten\quire.\seg_adder_vff_in_3.$procmux$1301.
    dead port 3/4 on $pmux $flatten\quire.\seg_adder_vff_in_3.$procmux$1310.
    dead port 3/4 on $pmux $flatten\quire.\seg_adder_vff_in_3.$procmux$1319.
    dead port 3/4 on $pmux $flatten\quire.\seg_adder_vff_in_3.$procmux$1328.
    dead port 3/4 on $pmux $flatten\quire.\seg_adder_vff_in_3.$procmux$1337.
    dead port 3/4 on $pmux $flatten\quire.\seg_adder_vff_in_4.$procmux$1301.
    dead port 3/4 on $pmux $flatten\quire.\seg_adder_vff_in_4.$procmux$1310.
    dead port 3/4 on $pmux $flatten\quire.\seg_adder_vff_in_4.$procmux$1319.
    dead port 3/4 on $pmux $flatten\quire.\seg_adder_vff_in_4.$procmux$1328.
    dead port 3/4 on $pmux $flatten\quire.\seg_adder_vff_in_4.$procmux$1337.
    dead port 3/4 on $pmux $flatten\quire.\seg_adder_vff_in_5.$procmux$1301.
    dead port 3/4 on $pmux $flatten\quire.\seg_adder_vff_in_5.$procmux$1310.
    dead port 3/4 on $pmux $flatten\quire.\seg_adder_vff_in_5.$procmux$1319.
    dead port 3/4 on $pmux $flatten\quire.\seg_adder_vff_in_5.$procmux$1328.
    dead port 3/4 on $pmux $flatten\quire.\seg_adder_vff_in_5.$procmux$1337.
    dead port 3/4 on $pmux $flatten\quire.\seg_adder_vff_in_6.$procmux$1301.
    dead port 3/4 on $pmux $flatten\quire.\seg_adder_vff_in_6.$procmux$1310.
    dead port 3/4 on $pmux $flatten\quire.\seg_adder_vff_in_6.$procmux$1319.
    dead port 3/4 on $pmux $flatten\quire.\seg_adder_vff_in_6.$procmux$1328.
    dead port 3/4 on $pmux $flatten\quire.\seg_adder_vff_in_6.$procmux$1337.
Removed 65 multiplexer ports.
<suppressed ~229 debug messages>

14.7.4. Executing OPT_REDUCE pass (consolidate $*mux and $reduce_* inputs).
  Optimizing cells in module \mkPositCore.
    New ctrl vector for $pmux cell $flatten\quire.\seg_adder_vff_carry_0.$procmux$1237: { $auto$opt_reduce.cc:134:opt_pmux$1733 $auto$opt_reduce.cc:134:opt_pmux$1731 }
    New ctrl vector for $pmux cell $flatten\quire.\seg_adder_vff_carry_0.$procmux$1261: $auto$opt_reduce.cc:134:opt_pmux$1735
    New ctrl vector for $pmux cell $flatten\quire.\seg_adder_vff_carry_1.$procmux$1237: { $auto$opt_reduce.cc:134:opt_pmux$1739 $auto$opt_reduce.cc:134:opt_pmux$1737 }
    New ctrl vector for $pmux cell $flatten\quire.\seg_adder_vff_carry_1.$procmux$1261: $auto$opt_reduce.cc:134:opt_pmux$1741
    New ctrl vector for $pmux cell $flatten\quire.\seg_adder_vff_carry_2.$procmux$1237: { $auto$opt_reduce.cc:134:opt_pmux$1745 $auto$opt_reduce.cc:134:opt_pmux$1743 }
    New ctrl vector for $pmux cell $flatten\quire.\seg_adder_vff_carry_2.$procmux$1261: $auto$opt_reduce.cc:134:opt_pmux$1747
    New ctrl vector for $pmux cell $flatten\quire.\seg_adder_vff_carry_3.$procmux$1237: { $auto$opt_reduce.cc:134:opt_pmux$1751 $auto$opt_reduce.cc:134:opt_pmux$1749 }
    New ctrl vector for $pmux cell $flatten\quire.\seg_adder_vff_carry_3.$procmux$1261: $auto$opt_reduce.cc:134:opt_pmux$1753
    New ctrl vector for $pmux cell $flatten\quire.\seg_adder_vff_carry_4.$procmux$1237: { $auto$opt_reduce.cc:134:opt_pmux$1757 $auto$opt_reduce.cc:134:opt_pmux$1755 }
    New ctrl vector for $pmux cell $flatten\quire.\seg_adder_vff_carry_4.$procmux$1261: $auto$opt_reduce.cc:134:opt_pmux$1759
    New ctrl vector for $pmux cell $flatten\quire.\seg_adder_vff_carry_5.$procmux$1237: { $auto$opt_reduce.cc:134:opt_pmux$1763 $auto$opt_reduce.cc:134:opt_pmux$1761 }
    New ctrl vector for $pmux cell $flatten\quire.\seg_adder_vff_carry_5.$procmux$1261: $auto$opt_reduce.cc:134:opt_pmux$1765
    Consolidated identical input bits for $mux cell $flatten\quire.\seg_adder_vff_in_0.$procmux$1287:
      Old ports: A=0, B=32'11111111111111111111111111111111, Y=$flatten\quire.\seg_adder_vff_in_0.$0$memwr$\arr$/teamspace/studios/this_studio/Melodica-Integration-into-Fife-Core/bsc/lib/Verilog/SizedFIFO.v:206$886_EN[31:0]$904
      New ports: A=1'0, B=1'1, Y=$flatten\quire.\seg_adder_vff_in_0.$0$memwr$\arr$/teamspace/studios/this_studio/Melodica-Integration-into-Fife-Core/bsc/lib/Verilog/SizedFIFO.v:206$886_EN[31:0]$904 [0]
      New connections: $flatten\quire.\seg_adder_vff_in_0.$0$memwr$\arr$/teamspace/studios/this_studio/Melodica-Integration-into-Fife-Core/bsc/lib/Verilog/SizedFIFO.v:206$886_EN[31:0]$904 [31:1] = { $flatten\quire.\seg_adder_vff_in_0.$0$memwr$\arr$/teamspace/studios/this_studio/Melodica-Integration-into-Fife-Core/bsc/lib/Verilog/SizedFIFO.v:206$886_EN[31:0]$904 [0] $flatten\quire.\seg_adder_vff_in_0.$0$memwr$\arr$/teamspace/studios/this_studio/Melodica-Integration-into-Fife-Core/bsc/lib/Verilog/SizedFIFO.v:206$886_EN[31:0]$904 [0] $flatten\quire.\seg_adder_vff_in_0.$0$memwr$\arr$/teamspace/studios/this_studio/Melodica-Integration-into-Fife-Core/bsc/lib/Verilog/SizedFIFO.v:206$886_EN[31:0]$904 [0] $flatten\quire.\seg_adder_vff_in_0.$0$memwr$\arr$/teamspace/studios/this_studio/Melodica-Integration-into-Fife-Core/bsc/lib/Verilog/SizedFIFO.v:206$886_EN[31:0]$904 [0] $flatten\quire.\seg_adder_vff_in_0.$0$memwr$\arr$/teamspace/studios/this_studio/Melodica-Integration-into-Fife-Core/bsc/lib/Verilog/SizedFIFO.v:206$886_EN[31:0]$904 [0] $flatten\quire.\seg_adder_vff_in_0.$0$memwr$\arr$/teamspace/studios/this_studio/Melodica-Integration-into-Fife-Core/bsc/lib/Verilog/SizedFIFO.v:206$886_EN[31:0]$904 [0] $flatten\quire.\seg_adder_vff_in_0.$0$memwr$\arr$/teamspace/studios/this_studio/Melodica-Integration-into-Fife-Core/bsc/lib/Verilog/SizedFIFO.v:206$886_EN[31:0]$904 [0] $flatten\quire.\seg_adder_vff_in_0.$0$memwr$\arr$/teamspace/studios/this_studio/Melodica-Integration-into-Fife-Core/bsc/lib/Verilog/SizedFIFO.v:206$886_EN[31:0]$904 [0] $flatten\quire.\seg_adder_vff_in_0.$0$memwr$\arr$/teamspace/studios/this_studio/Melodica-Integration-into-Fife-Core/bsc/lib/Verilog/SizedFIFO.v:206$886_EN[31:0]$904 [0] $flatten\quire.\seg_adder_vff_in_0.$0$memwr$\arr$/teamspace/studios/this_studio/Melodica-Integration-into-Fife-Core/bsc/lib/Verilog/SizedFIFO.v:206$886_EN[31:0]$904 [0] $flatten\quire.\seg_adder_vff_in_0.$0$memwr$\arr$/teamspace/studios/this_studio/Melodica-Integration-into-Fife-Core/bsc/lib/Verilog/SizedFIFO.v:206$886_EN[31:0]$904 [0] $flatten\quire.\seg_adder_vff_in_0.$0$memwr$\arr$/teamspace/studios/this_studio/Melodica-Integration-into-Fife-Core/bsc/lib/Verilog/SizedFIFO.v:206$886_EN[31:0]$904 [0] $flatten\quire.\seg_adder_vff_in_0.$0$memwr$\arr$/teamspace/studios/this_studio/Melodica-Integration-into-Fife-Core/bsc/lib/Verilog/SizedFIFO.v:206$886_EN[31:0]$904 [0] $flatten\quire.\seg_adder_vff_in_0.$0$memwr$\arr$/teamspace/studios/this_studio/Melodica-Integration-into-Fife-Core/bsc/lib/Verilog/SizedFIFO.v:206$886_EN[31:0]$904 [0] $flatten\quire.\seg_adder_vff_in_0.$0$memwr$\arr$/teamspace/studios/this_studio/Melodica-Integration-into-Fife-Core/bsc/lib/Verilog/SizedFIFO.v:206$886_EN[31:0]$904 [0] $flatten\quire.\seg_adder_vff_in_0.$0$memwr$\arr$/teamspace/studios/this_studio/Melodica-Integration-into-Fife-Core/bsc/lib/Verilog/SizedFIFO.v:206$886_EN[31:0]$904 [0] $flatten\quire.\seg_adder_vff_in_0.$0$memwr$\arr$/teamspace/studios/this_studio/Melodica-Integration-into-Fife-Core/bsc/lib/Verilog/SizedFIFO.v:206$886_EN[31:0]$904 [0] $flatten\quire.\seg_adder_vff_in_0.$0$memwr$\arr$/teamspace/studios/this_studio/Melodica-Integration-into-Fife-Core/bsc/lib/Verilog/SizedFIFO.v:206$886_EN[31:0]$904 [0] $flatten\quire.\seg_adder_vff_in_0.$0$memwr$\arr$/teamspace/studios/this_studio/Melodica-Integration-into-Fife-Core/bsc/lib/Verilog/SizedFIFO.v:206$886_EN[31:0]$904 [0] $flatten\quire.\seg_adder_vff_in_0.$0$memwr$\arr$/teamspace/studios/this_studio/Melodica-Integration-into-Fife-Core/bsc/lib/Verilog/SizedFIFO.v:206$886_EN[31:0]$904 [0] $flatten\quire.\seg_adder_vff_in_0.$0$memwr$\arr$/teamspace/studios/this_studio/Melodica-Integration-into-Fife-Core/bsc/lib/Verilog/SizedFIFO.v:206$886_EN[31:0]$904 [0] $flatten\quire.\seg_adder_vff_in_0.$0$memwr$\arr$/teamspace/studios/this_studio/Melodica-Integration-into-Fife-Core/bsc/lib/Verilog/SizedFIFO.v:206$886_EN[31:0]$904 [0] $flatten\quire.\seg_adder_vff_in_0.$0$memwr$\arr$/teamspace/studios/this_studio/Melodica-Integration-into-Fife-Core/bsc/lib/Verilog/SizedFIFO.v:206$886_EN[31:0]$904 [0] $flatten\quire.\seg_adder_vff_in_0.$0$memwr$\arr$/teamspace/studios/this_studio/Melodica-Integration-into-Fife-Core/bsc/lib/Verilog/SizedFIFO.v:206$886_EN[31:0]$904 [0] $flatten\quire.\seg_adder_vff_in_0.$0$memwr$\arr$/teamspace/studios/this_studio/Melodica-Integration-into-Fife-Core/bsc/lib/Verilog/SizedFIFO.v:206$886_EN[31:0]$904 [0] $flatten\quire.\seg_adder_vff_in_0.$0$memwr$\arr$/teamspace/studios/this_studio/Melodica-Integration-into-Fife-Core/bsc/lib/Verilog/SizedFIFO.v:206$886_EN[31:0]$904 [0] $flatten\quire.\seg_adder_vff_in_0.$0$memwr$\arr$/teamspace/studios/this_studio/Melodica-Integration-into-Fife-Core/bsc/lib/Verilog/SizedFIFO.v:206$886_EN[31:0]$904 [0] $flatten\quire.\seg_adder_vff_in_0.$0$memwr$\arr$/teamspace/studios/this_studio/Melodica-Integration-into-Fife-Core/bsc/lib/Verilog/SizedFIFO.v:206$886_EN[31:0]$904 [0] $flatten\quire.\seg_adder_vff_in_0.$0$memwr$\arr$/teamspace/studios/this_studio/Melodica-Integration-into-Fife-Core/bsc/lib/Verilog/SizedFIFO.v:206$886_EN[31:0]$904 [0] $flatten\quire.\seg_adder_vff_in_0.$0$memwr$\arr$/teamspace/studios/this_studio/Melodica-Integration-into-Fife-Core/bsc/lib/Verilog/SizedFIFO.v:206$886_EN[31:0]$904 [0] $flatten\quire.\seg_adder_vff_in_0.$0$memwr$\arr$/teamspace/studios/this_studio/Melodica-Integration-into-Fife-Core/bsc/lib/Verilog/SizedFIFO.v:206$886_EN[31:0]$904 [0] }
    New ctrl vector for $pmux cell $flatten\quire.\seg_adder_vff_in_0.$procmux$1295: { $auto$opt_reduce.cc:134:opt_pmux$1769 $auto$opt_reduce.cc:134:opt_pmux$1767 }
    New ctrl vector for $pmux cell $flatten\quire.\seg_adder_vff_in_0.$procmux$1319: $auto$opt_reduce.cc:134:opt_pmux$1771
    Consolidated identical input bits for $mux cell $flatten\quire.\seg_adder_vff_in_1.$procmux$1287:
      Old ports: A=0, B=32'11111111111111111111111111111111, Y=$flatten\quire.\seg_adder_vff_in_1.$0$memwr$\arr$/teamspace/studios/this_studio/Melodica-Integration-into-Fife-Core/bsc/lib/Verilog/SizedFIFO.v:206$886_EN[31:0]$904
      New ports: A=1'0, B=1'1, Y=$flatten\quire.\seg_adder_vff_in_1.$0$memwr$\arr$/teamspace/studios/this_studio/Melodica-Integration-into-Fife-Core/bsc/lib/Verilog/SizedFIFO.v:206$886_EN[31:0]$904 [0]
      New connections: $flatten\quire.\seg_adder_vff_in_1.$0$memwr$\arr$/teamspace/studios/this_studio/Melodica-Integration-into-Fife-Core/bsc/lib/Verilog/SizedFIFO.v:206$886_EN[31:0]$904 [31:1] = { $flatten\quire.\seg_adder_vff_in_1.$0$memwr$\arr$/teamspace/studios/this_studio/Melodica-Integration-into-Fife-Core/bsc/lib/Verilog/SizedFIFO.v:206$886_EN[31:0]$904 [0] $flatten\quire.\seg_adder_vff_in_1.$0$memwr$\arr$/teamspace/studios/this_studio/Melodica-Integration-into-Fife-Core/bsc/lib/Verilog/SizedFIFO.v:206$886_EN[31:0]$904 [0] $flatten\quire.\seg_adder_vff_in_1.$0$memwr$\arr$/teamspace/studios/this_studio/Melodica-Integration-into-Fife-Core/bsc/lib/Verilog/SizedFIFO.v:206$886_EN[31:0]$904 [0] $flatten\quire.\seg_adder_vff_in_1.$0$memwr$\arr$/teamspace/studios/this_studio/Melodica-Integration-into-Fife-Core/bsc/lib/Verilog/SizedFIFO.v:206$886_EN[31:0]$904 [0] $flatten\quire.\seg_adder_vff_in_1.$0$memwr$\arr$/teamspace/studios/this_studio/Melodica-Integration-into-Fife-Core/bsc/lib/Verilog/SizedFIFO.v:206$886_EN[31:0]$904 [0] $flatten\quire.\seg_adder_vff_in_1.$0$memwr$\arr$/teamspace/studios/this_studio/Melodica-Integration-into-Fife-Core/bsc/lib/Verilog/SizedFIFO.v:206$886_EN[31:0]$904 [0] $flatten\quire.\seg_adder_vff_in_1.$0$memwr$\arr$/teamspace/studios/this_studio/Melodica-Integration-into-Fife-Core/bsc/lib/Verilog/SizedFIFO.v:206$886_EN[31:0]$904 [0] $flatten\quire.\seg_adder_vff_in_1.$0$memwr$\arr$/teamspace/studios/this_studio/Melodica-Integration-into-Fife-Core/bsc/lib/Verilog/SizedFIFO.v:206$886_EN[31:0]$904 [0] $flatten\quire.\seg_adder_vff_in_1.$0$memwr$\arr$/teamspace/studios/this_studio/Melodica-Integration-into-Fife-Core/bsc/lib/Verilog/SizedFIFO.v:206$886_EN[31:0]$904 [0] $flatten\quire.\seg_adder_vff_in_1.$0$memwr$\arr$/teamspace/studios/this_studio/Melodica-Integration-into-Fife-Core/bsc/lib/Verilog/SizedFIFO.v:206$886_EN[31:0]$904 [0] $flatten\quire.\seg_adder_vff_in_1.$0$memwr$\arr$/teamspace/studios/this_studio/Melodica-Integration-into-Fife-Core/bsc/lib/Verilog/SizedFIFO.v:206$886_EN[31:0]$904 [0] $flatten\quire.\seg_adder_vff_in_1.$0$memwr$\arr$/teamspace/studios/this_studio/Melodica-Integration-into-Fife-Core/bsc/lib/Verilog/SizedFIFO.v:206$886_EN[31:0]$904 [0] $flatten\quire.\seg_adder_vff_in_1.$0$memwr$\arr$/teamspace/studios/this_studio/Melodica-Integration-into-Fife-Core/bsc/lib/Verilog/SizedFIFO.v:206$886_EN[31:0]$904 [0] $flatten\quire.\seg_adder_vff_in_1.$0$memwr$\arr$/teamspace/studios/this_studio/Melodica-Integration-into-Fife-Core/bsc/lib/Verilog/SizedFIFO.v:206$886_EN[31:0]$904 [0] $flatten\quire.\seg_adder_vff_in_1.$0$memwr$\arr$/teamspace/studios/this_studio/Melodica-Integration-into-Fife-Core/bsc/lib/Verilog/SizedFIFO.v:206$886_EN[31:0]$904 [0] $flatten\quire.\seg_adder_vff_in_1.$0$memwr$\arr$/teamspace/studios/this_studio/Melodica-Integration-into-Fife-Core/bsc/lib/Verilog/SizedFIFO.v:206$886_EN[31:0]$904 [0] $flatten\quire.\seg_adder_vff_in_1.$0$memwr$\arr$/teamspace/studios/this_studio/Melodica-Integration-into-Fife-Core/bsc/lib/Verilog/SizedFIFO.v:206$886_EN[31:0]$904 [0] $flatten\quire.\seg_adder_vff_in_1.$0$memwr$\arr$/teamspace/studios/this_studio/Melodica-Integration-into-Fife-Core/bsc/lib/Verilog/SizedFIFO.v:206$886_EN[31:0]$904 [0] $flatten\quire.\seg_adder_vff_in_1.$0$memwr$\arr$/teamspace/studios/this_studio/Melodica-Integration-into-Fife-Core/bsc/lib/Verilog/SizedFIFO.v:206$886_EN[31:0]$904 [0] $flatten\quire.\seg_adder_vff_in_1.$0$memwr$\arr$/teamspace/studios/this_studio/Melodica-Integration-into-Fife-Core/bsc/lib/Verilog/SizedFIFO.v:206$886_EN[31:0]$904 [0] $flatten\quire.\seg_adder_vff_in_1.$0$memwr$\arr$/teamspace/studios/this_studio/Melodica-Integration-into-Fife-Core/bsc/lib/Verilog/SizedFIFO.v:206$886_EN[31:0]$904 [0] $flatten\quire.\seg_adder_vff_in_1.$0$memwr$\arr$/teamspace/studios/this_studio/Melodica-Integration-into-Fife-Core/bsc/lib/Verilog/SizedFIFO.v:206$886_EN[31:0]$904 [0] $flatten\quire.\seg_adder_vff_in_1.$0$memwr$\arr$/teamspace/studios/this_studio/Melodica-Integration-into-Fife-Core/bsc/lib/Verilog/SizedFIFO.v:206$886_EN[31:0]$904 [0] $flatten\quire.\seg_adder_vff_in_1.$0$memwr$\arr$/teamspace/studios/this_studio/Melodica-Integration-into-Fife-Core/bsc/lib/Verilog/SizedFIFO.v:206$886_EN[31:0]$904 [0] $flatten\quire.\seg_adder_vff_in_1.$0$memwr$\arr$/teamspace/studios/this_studio/Melodica-Integration-into-Fife-Core/bsc/lib/Verilog/SizedFIFO.v:206$886_EN[31:0]$904 [0] $flatten\quire.\seg_adder_vff_in_1.$0$memwr$\arr$/teamspace/studios/this_studio/Melodica-Integration-into-Fife-Core/bsc/lib/Verilog/SizedFIFO.v:206$886_EN[31:0]$904 [0] $flatten\quire.\seg_adder_vff_in_1.$0$memwr$\arr$/teamspace/studios/this_studio/Melodica-Integration-into-Fife-Core/bsc/lib/Verilog/SizedFIFO.v:206$886_EN[31:0]$904 [0] $flatten\quire.\seg_adder_vff_in_1.$0$memwr$\arr$/teamspace/studios/this_studio/Melodica-Integration-into-Fife-Core/bsc/lib/Verilog/SizedFIFO.v:206$886_EN[31:0]$904 [0] $flatten\quire.\seg_adder_vff_in_1.$0$memwr$\arr$/teamspace/studios/this_studio/Melodica-Integration-into-Fife-Core/bsc/lib/Verilog/SizedFIFO.v:206$886_EN[31:0]$904 [0] $flatten\quire.\seg_adder_vff_in_1.$0$memwr$\arr$/teamspace/studios/this_studio/Melodica-Integration-into-Fife-Core/bsc/lib/Verilog/SizedFIFO.v:206$886_EN[31:0]$904 [0] $flatten\quire.\seg_adder_vff_in_1.$0$memwr$\arr$/teamspace/studios/this_studio/Melodica-Integration-into-Fife-Core/bsc/lib/Verilog/SizedFIFO.v:206$886_EN[31:0]$904 [0] }
    New ctrl vector for $pmux cell $flatten\quire.\seg_adder_vff_in_1.$procmux$1295: { $auto$opt_reduce.cc:134:opt_pmux$1775 $auto$opt_reduce.cc:134:opt_pmux$1773 }
    New ctrl vector for $pmux cell $flatten\quire.\seg_adder_vff_in_1.$procmux$1319: $auto$opt_reduce.cc:134:opt_pmux$1777
    Consolidated identical input bits for $mux cell $flatten\quire.\seg_adder_vff_in_2.$procmux$1287:
      Old ports: A=0, B=32'11111111111111111111111111111111, Y=$flatten\quire.\seg_adder_vff_in_2.$0$memwr$\arr$/teamspace/studios/this_studio/Melodica-Integration-into-Fife-Core/bsc/lib/Verilog/SizedFIFO.v:206$886_EN[31:0]$904
      New ports: A=1'0, B=1'1, Y=$flatten\quire.\seg_adder_vff_in_2.$0$memwr$\arr$/teamspace/studios/this_studio/Melodica-Integration-into-Fife-Core/bsc/lib/Verilog/SizedFIFO.v:206$886_EN[31:0]$904 [0]
      New connections: $flatten\quire.\seg_adder_vff_in_2.$0$memwr$\arr$/teamspace/studios/this_studio/Melodica-Integration-into-Fife-Core/bsc/lib/Verilog/SizedFIFO.v:206$886_EN[31:0]$904 [31:1] = { $flatten\quire.\seg_adder_vff_in_2.$0$memwr$\arr$/teamspace/studios/this_studio/Melodica-Integration-into-Fife-Core/bsc/lib/Verilog/SizedFIFO.v:206$886_EN[31:0]$904 [0] $flatten\quire.\seg_adder_vff_in_2.$0$memwr$\arr$/teamspace/studios/this_studio/Melodica-Integration-into-Fife-Core/bsc/lib/Verilog/SizedFIFO.v:206$886_EN[31:0]$904 [0] $flatten\quire.\seg_adder_vff_in_2.$0$memwr$\arr$/teamspace/studios/this_studio/Melodica-Integration-into-Fife-Core/bsc/lib/Verilog/SizedFIFO.v:206$886_EN[31:0]$904 [0] $flatten\quire.\seg_adder_vff_in_2.$0$memwr$\arr$/teamspace/studios/this_studio/Melodica-Integration-into-Fife-Core/bsc/lib/Verilog/SizedFIFO.v:206$886_EN[31:0]$904 [0] $flatten\quire.\seg_adder_vff_in_2.$0$memwr$\arr$/teamspace/studios/this_studio/Melodica-Integration-into-Fife-Core/bsc/lib/Verilog/SizedFIFO.v:206$886_EN[31:0]$904 [0] $flatten\quire.\seg_adder_vff_in_2.$0$memwr$\arr$/teamspace/studios/this_studio/Melodica-Integration-into-Fife-Core/bsc/lib/Verilog/SizedFIFO.v:206$886_EN[31:0]$904 [0] $flatten\quire.\seg_adder_vff_in_2.$0$memwr$\arr$/teamspace/studios/this_studio/Melodica-Integration-into-Fife-Core/bsc/lib/Verilog/SizedFIFO.v:206$886_EN[31:0]$904 [0] $flatten\quire.\seg_adder_vff_in_2.$0$memwr$\arr$/teamspace/studios/this_studio/Melodica-Integration-into-Fife-Core/bsc/lib/Verilog/SizedFIFO.v:206$886_EN[31:0]$904 [0] $flatten\quire.\seg_adder_vff_in_2.$0$memwr$\arr$/teamspace/studios/this_studio/Melodica-Integration-into-Fife-Core/bsc/lib/Verilog/SizedFIFO.v:206$886_EN[31:0]$904 [0] $flatten\quire.\seg_adder_vff_in_2.$0$memwr$\arr$/teamspace/studios/this_studio/Melodica-Integration-into-Fife-Core/bsc/lib/Verilog/SizedFIFO.v:206$886_EN[31:0]$904 [0] $flatten\quire.\seg_adder_vff_in_2.$0$memwr$\arr$/teamspace/studios/this_studio/Melodica-Integration-into-Fife-Core/bsc/lib/Verilog/SizedFIFO.v:206$886_EN[31:0]$904 [0] $flatten\quire.\seg_adder_vff_in_2.$0$memwr$\arr$/teamspace/studios/this_studio/Melodica-Integration-into-Fife-Core/bsc/lib/Verilog/SizedFIFO.v:206$886_EN[31:0]$904 [0] $flatten\quire.\seg_adder_vff_in_2.$0$memwr$\arr$/teamspace/studios/this_studio/Melodica-Integration-into-Fife-Core/bsc/lib/Verilog/SizedFIFO.v:206$886_EN[31:0]$904 [0] $flatten\quire.\seg_adder_vff_in_2.$0$memwr$\arr$/teamspace/studios/this_studio/Melodica-Integration-into-Fife-Core/bsc/lib/Verilog/SizedFIFO.v:206$886_EN[31:0]$904 [0] $flatten\quire.\seg_adder_vff_in_2.$0$memwr$\arr$/teamspace/studios/this_studio/Melodica-Integration-into-Fife-Core/bsc/lib/Verilog/SizedFIFO.v:206$886_EN[31:0]$904 [0] $flatten\quire.\seg_adder_vff_in_2.$0$memwr$\arr$/teamspace/studios/this_studio/Melodica-Integration-into-Fife-Core/bsc/lib/Verilog/SizedFIFO.v:206$886_EN[31:0]$904 [0] $flatten\quire.\seg_adder_vff_in_2.$0$memwr$\arr$/teamspace/studios/this_studio/Melodica-Integration-into-Fife-Core/bsc/lib/Verilog/SizedFIFO.v:206$886_EN[31:0]$904 [0] $flatten\quire.\seg_adder_vff_in_2.$0$memwr$\arr$/teamspace/studios/this_studio/Melodica-Integration-into-Fife-Core/bsc/lib/Verilog/SizedFIFO.v:206$886_EN[31:0]$904 [0] $flatten\quire.\seg_adder_vff_in_2.$0$memwr$\arr$/teamspace/studios/this_studio/Melodica-Integration-into-Fife-Core/bsc/lib/Verilog/SizedFIFO.v:206$886_EN[31:0]$904 [0] $flatten\quire.\seg_adder_vff_in_2.$0$memwr$\arr$/teamspace/studios/this_studio/Melodica-Integration-into-Fife-Core/bsc/lib/Verilog/SizedFIFO.v:206$886_EN[31:0]$904 [0] $flatten\quire.\seg_adder_vff_in_2.$0$memwr$\arr$/teamspace/studios/this_studio/Melodica-Integration-into-Fife-Core/bsc/lib/Verilog/SizedFIFO.v:206$886_EN[31:0]$904 [0] $flatten\quire.\seg_adder_vff_in_2.$0$memwr$\arr$/teamspace/studios/this_studio/Melodica-Integration-into-Fife-Core/bsc/lib/Verilog/SizedFIFO.v:206$886_EN[31:0]$904 [0] $flatten\quire.\seg_adder_vff_in_2.$0$memwr$\arr$/teamspace/studios/this_studio/Melodica-Integration-into-Fife-Core/bsc/lib/Verilog/SizedFIFO.v:206$886_EN[31:0]$904 [0] $flatten\quire.\seg_adder_vff_in_2.$0$memwr$\arr$/teamspace/studios/this_studio/Melodica-Integration-into-Fife-Core/bsc/lib/Verilog/SizedFIFO.v:206$886_EN[31:0]$904 [0] $flatten\quire.\seg_adder_vff_in_2.$0$memwr$\arr$/teamspace/studios/this_studio/Melodica-Integration-into-Fife-Core/bsc/lib/Verilog/SizedFIFO.v:206$886_EN[31:0]$904 [0] $flatten\quire.\seg_adder_vff_in_2.$0$memwr$\arr$/teamspace/studios/this_studio/Melodica-Integration-into-Fife-Core/bsc/lib/Verilog/SizedFIFO.v:206$886_EN[31:0]$904 [0] $flatten\quire.\seg_adder_vff_in_2.$0$memwr$\arr$/teamspace/studios/this_studio/Melodica-Integration-into-Fife-Core/bsc/lib/Verilog/SizedFIFO.v:206$886_EN[31:0]$904 [0] $flatten\quire.\seg_adder_vff_in_2.$0$memwr$\arr$/teamspace/studios/this_studio/Melodica-Integration-into-Fife-Core/bsc/lib/Verilog/SizedFIFO.v:206$886_EN[31:0]$904 [0] $flatten\quire.\seg_adder_vff_in_2.$0$memwr$\arr$/teamspace/studios/this_studio/Melodica-Integration-into-Fife-Core/bsc/lib/Verilog/SizedFIFO.v:206$886_EN[31:0]$904 [0] $flatten\quire.\seg_adder_vff_in_2.$0$memwr$\arr$/teamspace/studios/this_studio/Melodica-Integration-into-Fife-Core/bsc/lib/Verilog/SizedFIFO.v:206$886_EN[31:0]$904 [0] $flatten\quire.\seg_adder_vff_in_2.$0$memwr$\arr$/teamspace/studios/this_studio/Melodica-Integration-into-Fife-Core/bsc/lib/Verilog/SizedFIFO.v:206$886_EN[31:0]$904 [0] }
    New ctrl vector for $pmux cell $flatten\quire.\seg_adder_vff_in_2.$procmux$1295: { $auto$opt_reduce.cc:134:opt_pmux$1781 $auto$opt_reduce.cc:134:opt_pmux$1779 }
    New ctrl vector for $pmux cell $flatten\quire.\seg_adder_vff_in_2.$procmux$1319: $auto$opt_reduce.cc:134:opt_pmux$1783
    Consolidated identical input bits for $mux cell $flatten\quire.\seg_adder_vff_in_3.$procmux$1287:
      Old ports: A=0, B=32'11111111111111111111111111111111, Y=$flatten\quire.\seg_adder_vff_in_3.$0$memwr$\arr$/teamspace/studios/this_studio/Melodica-Integration-into-Fife-Core/bsc/lib/Verilog/SizedFIFO.v:206$886_EN[31:0]$904
      New ports: A=1'0, B=1'1, Y=$flatten\quire.\seg_adder_vff_in_3.$0$memwr$\arr$/teamspace/studios/this_studio/Melodica-Integration-into-Fife-Core/bsc/lib/Verilog/SizedFIFO.v:206$886_EN[31:0]$904 [0]
      New connections: $flatten\quire.\seg_adder_vff_in_3.$0$memwr$\arr$/teamspace/studios/this_studio/Melodica-Integration-into-Fife-Core/bsc/lib/Verilog/SizedFIFO.v:206$886_EN[31:0]$904 [31:1] = { $flatten\quire.\seg_adder_vff_in_3.$0$memwr$\arr$/teamspace/studios/this_studio/Melodica-Integration-into-Fife-Core/bsc/lib/Verilog/SizedFIFO.v:206$886_EN[31:0]$904 [0] $flatten\quire.\seg_adder_vff_in_3.$0$memwr$\arr$/teamspace/studios/this_studio/Melodica-Integration-into-Fife-Core/bsc/lib/Verilog/SizedFIFO.v:206$886_EN[31:0]$904 [0] $flatten\quire.\seg_adder_vff_in_3.$0$memwr$\arr$/teamspace/studios/this_studio/Melodica-Integration-into-Fife-Core/bsc/lib/Verilog/SizedFIFO.v:206$886_EN[31:0]$904 [0] $flatten\quire.\seg_adder_vff_in_3.$0$memwr$\arr$/teamspace/studios/this_studio/Melodica-Integration-into-Fife-Core/bsc/lib/Verilog/SizedFIFO.v:206$886_EN[31:0]$904 [0] $flatten\quire.\seg_adder_vff_in_3.$0$memwr$\arr$/teamspace/studios/this_studio/Melodica-Integration-into-Fife-Core/bsc/lib/Verilog/SizedFIFO.v:206$886_EN[31:0]$904 [0] $flatten\quire.\seg_adder_vff_in_3.$0$memwr$\arr$/teamspace/studios/this_studio/Melodica-Integration-into-Fife-Core/bsc/lib/Verilog/SizedFIFO.v:206$886_EN[31:0]$904 [0] $flatten\quire.\seg_adder_vff_in_3.$0$memwr$\arr$/teamspace/studios/this_studio/Melodica-Integration-into-Fife-Core/bsc/lib/Verilog/SizedFIFO.v:206$886_EN[31:0]$904 [0] $flatten\quire.\seg_adder_vff_in_3.$0$memwr$\arr$/teamspace/studios/this_studio/Melodica-Integration-into-Fife-Core/bsc/lib/Verilog/SizedFIFO.v:206$886_EN[31:0]$904 [0] $flatten\quire.\seg_adder_vff_in_3.$0$memwr$\arr$/teamspace/studios/this_studio/Melodica-Integration-into-Fife-Core/bsc/lib/Verilog/SizedFIFO.v:206$886_EN[31:0]$904 [0] $flatten\quire.\seg_adder_vff_in_3.$0$memwr$\arr$/teamspace/studios/this_studio/Melodica-Integration-into-Fife-Core/bsc/lib/Verilog/SizedFIFO.v:206$886_EN[31:0]$904 [0] $flatten\quire.\seg_adder_vff_in_3.$0$memwr$\arr$/teamspace/studios/this_studio/Melodica-Integration-into-Fife-Core/bsc/lib/Verilog/SizedFIFO.v:206$886_EN[31:0]$904 [0] $flatten\quire.\seg_adder_vff_in_3.$0$memwr$\arr$/teamspace/studios/this_studio/Melodica-Integration-into-Fife-Core/bsc/lib/Verilog/SizedFIFO.v:206$886_EN[31:0]$904 [0] $flatten\quire.\seg_adder_vff_in_3.$0$memwr$\arr$/teamspace/studios/this_studio/Melodica-Integration-into-Fife-Core/bsc/lib/Verilog/SizedFIFO.v:206$886_EN[31:0]$904 [0] $flatten\quire.\seg_adder_vff_in_3.$0$memwr$\arr$/teamspace/studios/this_studio/Melodica-Integration-into-Fife-Core/bsc/lib/Verilog/SizedFIFO.v:206$886_EN[31:0]$904 [0] $flatten\quire.\seg_adder_vff_in_3.$0$memwr$\arr$/teamspace/studios/this_studio/Melodica-Integration-into-Fife-Core/bsc/lib/Verilog/SizedFIFO.v:206$886_EN[31:0]$904 [0] $flatten\quire.\seg_adder_vff_in_3.$0$memwr$\arr$/teamspace/studios/this_studio/Melodica-Integration-into-Fife-Core/bsc/lib/Verilog/SizedFIFO.v:206$886_EN[31:0]$904 [0] $flatten\quire.\seg_adder_vff_in_3.$0$memwr$\arr$/teamspace/studios/this_studio/Melodica-Integration-into-Fife-Core/bsc/lib/Verilog/SizedFIFO.v:206$886_EN[31:0]$904 [0] $flatten\quire.\seg_adder_vff_in_3.$0$memwr$\arr$/teamspace/studios/this_studio/Melodica-Integration-into-Fife-Core/bsc/lib/Verilog/SizedFIFO.v:206$886_EN[31:0]$904 [0] $flatten\quire.\seg_adder_vff_in_3.$0$memwr$\arr$/teamspace/studios/this_studio/Melodica-Integration-into-Fife-Core/bsc/lib/Verilog/SizedFIFO.v:206$886_EN[31:0]$904 [0] $flatten\quire.\seg_adder_vff_in_3.$0$memwr$\arr$/teamspace/studios/this_studio/Melodica-Integration-into-Fife-Core/bsc/lib/Verilog/SizedFIFO.v:206$886_EN[31:0]$904 [0] $flatten\quire.\seg_adder_vff_in_3.$0$memwr$\arr$/teamspace/studios/this_studio/Melodica-Integration-into-Fife-Core/bsc/lib/Verilog/SizedFIFO.v:206$886_EN[31:0]$904 [0] $flatten\quire.\seg_adder_vff_in_3.$0$memwr$\arr$/teamspace/studios/this_studio/Melodica-Integration-into-Fife-Core/bsc/lib/Verilog/SizedFIFO.v:206$886_EN[31:0]$904 [0] $flatten\quire.\seg_adder_vff_in_3.$0$memwr$\arr$/teamspace/studios/this_studio/Melodica-Integration-into-Fife-Core/bsc/lib/Verilog/SizedFIFO.v:206$886_EN[31:0]$904 [0] $flatten\quire.\seg_adder_vff_in_3.$0$memwr$\arr$/teamspace/studios/this_studio/Melodica-Integration-into-Fife-Core/bsc/lib/Verilog/SizedFIFO.v:206$886_EN[31:0]$904 [0] $flatten\quire.\seg_adder_vff_in_3.$0$memwr$\arr$/teamspace/studios/this_studio/Melodica-Integration-into-Fife-Core/bsc/lib/Verilog/SizedFIFO.v:206$886_EN[31:0]$904 [0] $flatten\quire.\seg_adder_vff_in_3.$0$memwr$\arr$/teamspace/studios/this_studio/Melodica-Integration-into-Fife-Core/bsc/lib/Verilog/SizedFIFO.v:206$886_EN[31:0]$904 [0] $flatten\quire.\seg_adder_vff_in_3.$0$memwr$\arr$/teamspace/studios/this_studio/Melodica-Integration-into-Fife-Core/bsc/lib/Verilog/SizedFIFO.v:206$886_EN[31:0]$904 [0] $flatten\quire.\seg_adder_vff_in_3.$0$memwr$\arr$/teamspace/studios/this_studio/Melodica-Integration-into-Fife-Core/bsc/lib/Verilog/SizedFIFO.v:206$886_EN[31:0]$904 [0] $flatten\quire.\seg_adder_vff_in_3.$0$memwr$\arr$/teamspace/studios/this_studio/Melodica-Integration-into-Fife-Core/bsc/lib/Verilog/SizedFIFO.v:206$886_EN[31:0]$904 [0] $flatten\quire.\seg_adder_vff_in_3.$0$memwr$\arr$/teamspace/studios/this_studio/Melodica-Integration-into-Fife-Core/bsc/lib/Verilog/SizedFIFO.v:206$886_EN[31:0]$904 [0] $flatten\quire.\seg_adder_vff_in_3.$0$memwr$\arr$/teamspace/studios/this_studio/Melodica-Integration-into-Fife-Core/bsc/lib/Verilog/SizedFIFO.v:206$886_EN[31:0]$904 [0] }
    New ctrl vector for $pmux cell $flatten\quire.\seg_adder_vff_in_3.$procmux$1295: { $auto$opt_reduce.cc:134:opt_pmux$1787 $auto$opt_reduce.cc:134:opt_pmux$1785 }
    New ctrl vector for $pmux cell $flatten\quire.\seg_adder_vff_in_3.$procmux$1319: $auto$opt_reduce.cc:134:opt_pmux$1789
    Consolidated identical input bits for $mux cell $flatten\quire.\seg_adder_vff_in_4.$procmux$1287:
      Old ports: A=0, B=32'11111111111111111111111111111111, Y=$flatten\quire.\seg_adder_vff_in_4.$0$memwr$\arr$/teamspace/studios/this_studio/Melodica-Integration-into-Fife-Core/bsc/lib/Verilog/SizedFIFO.v:206$886_EN[31:0]$904
      New ports: A=1'0, B=1'1, Y=$flatten\quire.\seg_adder_vff_in_4.$0$memwr$\arr$/teamspace/studios/this_studio/Melodica-Integration-into-Fife-Core/bsc/lib/Verilog/SizedFIFO.v:206$886_EN[31:0]$904 [0]
      New connections: $flatten\quire.\seg_adder_vff_in_4.$0$memwr$\arr$/teamspace/studios/this_studio/Melodica-Integration-into-Fife-Core/bsc/lib/Verilog/SizedFIFO.v:206$886_EN[31:0]$904 [31:1] = { $flatten\quire.\seg_adder_vff_in_4.$0$memwr$\arr$/teamspace/studios/this_studio/Melodica-Integration-into-Fife-Core/bsc/lib/Verilog/SizedFIFO.v:206$886_EN[31:0]$904 [0] $flatten\quire.\seg_adder_vff_in_4.$0$memwr$\arr$/teamspace/studios/this_studio/Melodica-Integration-into-Fife-Core/bsc/lib/Verilog/SizedFIFO.v:206$886_EN[31:0]$904 [0] $flatten\quire.\seg_adder_vff_in_4.$0$memwr$\arr$/teamspace/studios/this_studio/Melodica-Integration-into-Fife-Core/bsc/lib/Verilog/SizedFIFO.v:206$886_EN[31:0]$904 [0] $flatten\quire.\seg_adder_vff_in_4.$0$memwr$\arr$/teamspace/studios/this_studio/Melodica-Integration-into-Fife-Core/bsc/lib/Verilog/SizedFIFO.v:206$886_EN[31:0]$904 [0] $flatten\quire.\seg_adder_vff_in_4.$0$memwr$\arr$/teamspace/studios/this_studio/Melodica-Integration-into-Fife-Core/bsc/lib/Verilog/SizedFIFO.v:206$886_EN[31:0]$904 [0] $flatten\quire.\seg_adder_vff_in_4.$0$memwr$\arr$/teamspace/studios/this_studio/Melodica-Integration-into-Fife-Core/bsc/lib/Verilog/SizedFIFO.v:206$886_EN[31:0]$904 [0] $flatten\quire.\seg_adder_vff_in_4.$0$memwr$\arr$/teamspace/studios/this_studio/Melodica-Integration-into-Fife-Core/bsc/lib/Verilog/SizedFIFO.v:206$886_EN[31:0]$904 [0] $flatten\quire.\seg_adder_vff_in_4.$0$memwr$\arr$/teamspace/studios/this_studio/Melodica-Integration-into-Fife-Core/bsc/lib/Verilog/SizedFIFO.v:206$886_EN[31:0]$904 [0] $flatten\quire.\seg_adder_vff_in_4.$0$memwr$\arr$/teamspace/studios/this_studio/Melodica-Integration-into-Fife-Core/bsc/lib/Verilog/SizedFIFO.v:206$886_EN[31:0]$904 [0] $flatten\quire.\seg_adder_vff_in_4.$0$memwr$\arr$/teamspace/studios/this_studio/Melodica-Integration-into-Fife-Core/bsc/lib/Verilog/SizedFIFO.v:206$886_EN[31:0]$904 [0] $flatten\quire.\seg_adder_vff_in_4.$0$memwr$\arr$/teamspace/studios/this_studio/Melodica-Integration-into-Fife-Core/bsc/lib/Verilog/SizedFIFO.v:206$886_EN[31:0]$904 [0] $flatten\quire.\seg_adder_vff_in_4.$0$memwr$\arr$/teamspace/studios/this_studio/Melodica-Integration-into-Fife-Core/bsc/lib/Verilog/SizedFIFO.v:206$886_EN[31:0]$904 [0] $flatten\quire.\seg_adder_vff_in_4.$0$memwr$\arr$/teamspace/studios/this_studio/Melodica-Integration-into-Fife-Core/bsc/lib/Verilog/SizedFIFO.v:206$886_EN[31:0]$904 [0] $flatten\quire.\seg_adder_vff_in_4.$0$memwr$\arr$/teamspace/studios/this_studio/Melodica-Integration-into-Fife-Core/bsc/lib/Verilog/SizedFIFO.v:206$886_EN[31:0]$904 [0] $flatten\quire.\seg_adder_vff_in_4.$0$memwr$\arr$/teamspace/studios/this_studio/Melodica-Integration-into-Fife-Core/bsc/lib/Verilog/SizedFIFO.v:206$886_EN[31:0]$904 [0] $flatten\quire.\seg_adder_vff_in_4.$0$memwr$\arr$/teamspace/studios/this_studio/Melodica-Integration-into-Fife-Core/bsc/lib/Verilog/SizedFIFO.v:206$886_EN[31:0]$904 [0] $flatten\quire.\seg_adder_vff_in_4.$0$memwr$\arr$/teamspace/studios/this_studio/Melodica-Integration-into-Fife-Core/bsc/lib/Verilog/SizedFIFO.v:206$886_EN[31:0]$904 [0] $flatten\quire.\seg_adder_vff_in_4.$0$memwr$\arr$/teamspace/studios/this_studio/Melodica-Integration-into-Fife-Core/bsc/lib/Verilog/SizedFIFO.v:206$886_EN[31:0]$904 [0] $flatten\quire.\seg_adder_vff_in_4.$0$memwr$\arr$/teamspace/studios/this_studio/Melodica-Integration-into-Fife-Core/bsc/lib/Verilog/SizedFIFO.v:206$886_EN[31:0]$904 [0] $flatten\quire.\seg_adder_vff_in_4.$0$memwr$\arr$/teamspace/studios/this_studio/Melodica-Integration-into-Fife-Core/bsc/lib/Verilog/SizedFIFO.v:206$886_EN[31:0]$904 [0] $flatten\quire.\seg_adder_vff_in_4.$0$memwr$\arr$/teamspace/studios/this_studio/Melodica-Integration-into-Fife-Core/bsc/lib/Verilog/SizedFIFO.v:206$886_EN[31:0]$904 [0] $flatten\quire.\seg_adder_vff_in_4.$0$memwr$\arr$/teamspace/studios/this_studio/Melodica-Integration-into-Fife-Core/bsc/lib/Verilog/SizedFIFO.v:206$886_EN[31:0]$904 [0] $flatten\quire.\seg_adder_vff_in_4.$0$memwr$\arr$/teamspace/studios/this_studio/Melodica-Integration-into-Fife-Core/bsc/lib/Verilog/SizedFIFO.v:206$886_EN[31:0]$904 [0] $flatten\quire.\seg_adder_vff_in_4.$0$memwr$\arr$/teamspace/studios/this_studio/Melodica-Integration-into-Fife-Core/bsc/lib/Verilog/SizedFIFO.v:206$886_EN[31:0]$904 [0] $flatten\quire.\seg_adder_vff_in_4.$0$memwr$\arr$/teamspace/studios/this_studio/Melodica-Integration-into-Fife-Core/bsc/lib/Verilog/SizedFIFO.v:206$886_EN[31:0]$904 [0] $flatten\quire.\seg_adder_vff_in_4.$0$memwr$\arr$/teamspace/studios/this_studio/Melodica-Integration-into-Fife-Core/bsc/lib/Verilog/SizedFIFO.v:206$886_EN[31:0]$904 [0] $flatten\quire.\seg_adder_vff_in_4.$0$memwr$\arr$/teamspace/studios/this_studio/Melodica-Integration-into-Fife-Core/bsc/lib/Verilog/SizedFIFO.v:206$886_EN[31:0]$904 [0] $flatten\quire.\seg_adder_vff_in_4.$0$memwr$\arr$/teamspace/studios/this_studio/Melodica-Integration-into-Fife-Core/bsc/lib/Verilog/SizedFIFO.v:206$886_EN[31:0]$904 [0] $flatten\quire.\seg_adder_vff_in_4.$0$memwr$\arr$/teamspace/studios/this_studio/Melodica-Integration-into-Fife-Core/bsc/lib/Verilog/SizedFIFO.v:206$886_EN[31:0]$904 [0] $flatten\quire.\seg_adder_vff_in_4.$0$memwr$\arr$/teamspace/studios/this_studio/Melodica-Integration-into-Fife-Core/bsc/lib/Verilog/SizedFIFO.v:206$886_EN[31:0]$904 [0] $flatten\quire.\seg_adder_vff_in_4.$0$memwr$\arr$/teamspace/studios/this_studio/Melodica-Integration-into-Fife-Core/bsc/lib/Verilog/SizedFIFO.v:206$886_EN[31:0]$904 [0] }
    New ctrl vector for $pmux cell $flatten\quire.\seg_adder_vff_in_4.$procmux$1295: { $auto$opt_reduce.cc:134:opt_pmux$1793 $auto$opt_reduce.cc:134:opt_pmux$1791 }
    New ctrl vector for $pmux cell $flatten\quire.\seg_adder_vff_in_4.$procmux$1319: $auto$opt_reduce.cc:134:opt_pmux$1795
    Consolidated identical input bits for $mux cell $flatten\quire.\seg_adder_vff_in_5.$procmux$1287:
      Old ports: A=0, B=32'11111111111111111111111111111111, Y=$flatten\quire.\seg_adder_vff_in_5.$0$memwr$\arr$/teamspace/studios/this_studio/Melodica-Integration-into-Fife-Core/bsc/lib/Verilog/SizedFIFO.v:206$886_EN[31:0]$904
      New ports: A=1'0, B=1'1, Y=$flatten\quire.\seg_adder_vff_in_5.$0$memwr$\arr$/teamspace/studios/this_studio/Melodica-Integration-into-Fife-Core/bsc/lib/Verilog/SizedFIFO.v:206$886_EN[31:0]$904 [0]
      New connections: $flatten\quire.\seg_adder_vff_in_5.$0$memwr$\arr$/teamspace/studios/this_studio/Melodica-Integration-into-Fife-Core/bsc/lib/Verilog/SizedFIFO.v:206$886_EN[31:0]$904 [31:1] = { $flatten\quire.\seg_adder_vff_in_5.$0$memwr$\arr$/teamspace/studios/this_studio/Melodica-Integration-into-Fife-Core/bsc/lib/Verilog/SizedFIFO.v:206$886_EN[31:0]$904 [0] $flatten\quire.\seg_adder_vff_in_5.$0$memwr$\arr$/teamspace/studios/this_studio/Melodica-Integration-into-Fife-Core/bsc/lib/Verilog/SizedFIFO.v:206$886_EN[31:0]$904 [0] $flatten\quire.\seg_adder_vff_in_5.$0$memwr$\arr$/teamspace/studios/this_studio/Melodica-Integration-into-Fife-Core/bsc/lib/Verilog/SizedFIFO.v:206$886_EN[31:0]$904 [0] $flatten\quire.\seg_adder_vff_in_5.$0$memwr$\arr$/teamspace/studios/this_studio/Melodica-Integration-into-Fife-Core/bsc/lib/Verilog/SizedFIFO.v:206$886_EN[31:0]$904 [0] $flatten\quire.\seg_adder_vff_in_5.$0$memwr$\arr$/teamspace/studios/this_studio/Melodica-Integration-into-Fife-Core/bsc/lib/Verilog/SizedFIFO.v:206$886_EN[31:0]$904 [0] $flatten\quire.\seg_adder_vff_in_5.$0$memwr$\arr$/teamspace/studios/this_studio/Melodica-Integration-into-Fife-Core/bsc/lib/Verilog/SizedFIFO.v:206$886_EN[31:0]$904 [0] $flatten\quire.\seg_adder_vff_in_5.$0$memwr$\arr$/teamspace/studios/this_studio/Melodica-Integration-into-Fife-Core/bsc/lib/Verilog/SizedFIFO.v:206$886_EN[31:0]$904 [0] $flatten\quire.\seg_adder_vff_in_5.$0$memwr$\arr$/teamspace/studios/this_studio/Melodica-Integration-into-Fife-Core/bsc/lib/Verilog/SizedFIFO.v:206$886_EN[31:0]$904 [0] $flatten\quire.\seg_adder_vff_in_5.$0$memwr$\arr$/teamspace/studios/this_studio/Melodica-Integration-into-Fife-Core/bsc/lib/Verilog/SizedFIFO.v:206$886_EN[31:0]$904 [0] $flatten\quire.\seg_adder_vff_in_5.$0$memwr$\arr$/teamspace/studios/this_studio/Melodica-Integration-into-Fife-Core/bsc/lib/Verilog/SizedFIFO.v:206$886_EN[31:0]$904 [0] $flatten\quire.\seg_adder_vff_in_5.$0$memwr$\arr$/teamspace/studios/this_studio/Melodica-Integration-into-Fife-Core/bsc/lib/Verilog/SizedFIFO.v:206$886_EN[31:0]$904 [0] $flatten\quire.\seg_adder_vff_in_5.$0$memwr$\arr$/teamspace/studios/this_studio/Melodica-Integration-into-Fife-Core/bsc/lib/Verilog/SizedFIFO.v:206$886_EN[31:0]$904 [0] $flatten\quire.\seg_adder_vff_in_5.$0$memwr$\arr$/teamspace/studios/this_studio/Melodica-Integration-into-Fife-Core/bsc/lib/Verilog/SizedFIFO.v:206$886_EN[31:0]$904 [0] $flatten\quire.\seg_adder_vff_in_5.$0$memwr$\arr$/teamspace/studios/this_studio/Melodica-Integration-into-Fife-Core/bsc/lib/Verilog/SizedFIFO.v:206$886_EN[31:0]$904 [0] $flatten\quire.\seg_adder_vff_in_5.$0$memwr$\arr$/teamspace/studios/this_studio/Melodica-Integration-into-Fife-Core/bsc/lib/Verilog/SizedFIFO.v:206$886_EN[31:0]$904 [0] $flatten\quire.\seg_adder_vff_in_5.$0$memwr$\arr$/teamspace/studios/this_studio/Melodica-Integration-into-Fife-Core/bsc/lib/Verilog/SizedFIFO.v:206$886_EN[31:0]$904 [0] $flatten\quire.\seg_adder_vff_in_5.$0$memwr$\arr$/teamspace/studios/this_studio/Melodica-Integration-into-Fife-Core/bsc/lib/Verilog/SizedFIFO.v:206$886_EN[31:0]$904 [0] $flatten\quire.\seg_adder_vff_in_5.$0$memwr$\arr$/teamspace/studios/this_studio/Melodica-Integration-into-Fife-Core/bsc/lib/Verilog/SizedFIFO.v:206$886_EN[31:0]$904 [0] $flatten\quire.\seg_adder_vff_in_5.$0$memwr$\arr$/teamspace/studios/this_studio/Melodica-Integration-into-Fife-Core/bsc/lib/Verilog/SizedFIFO.v:206$886_EN[31:0]$904 [0] $flatten\quire.\seg_adder_vff_in_5.$0$memwr$\arr$/teamspace/studios/this_studio/Melodica-Integration-into-Fife-Core/bsc/lib/Verilog/SizedFIFO.v:206$886_EN[31:0]$904 [0] $flatten\quire.\seg_adder_vff_in_5.$0$memwr$\arr$/teamspace/studios/this_studio/Melodica-Integration-into-Fife-Core/bsc/lib/Verilog/SizedFIFO.v:206$886_EN[31:0]$904 [0] $flatten\quire.\seg_adder_vff_in_5.$0$memwr$\arr$/teamspace/studios/this_studio/Melodica-Integration-into-Fife-Core/bsc/lib/Verilog/SizedFIFO.v:206$886_EN[31:0]$904 [0] $flatten\quire.\seg_adder_vff_in_5.$0$memwr$\arr$/teamspace/studios/this_studio/Melodica-Integration-into-Fife-Core/bsc/lib/Verilog/SizedFIFO.v:206$886_EN[31:0]$904 [0] $flatten\quire.\seg_adder_vff_in_5.$0$memwr$\arr$/teamspace/studios/this_studio/Melodica-Integration-into-Fife-Core/bsc/lib/Verilog/SizedFIFO.v:206$886_EN[31:0]$904 [0] $flatten\quire.\seg_adder_vff_in_5.$0$memwr$\arr$/teamspace/studios/this_studio/Melodica-Integration-into-Fife-Core/bsc/lib/Verilog/SizedFIFO.v:206$886_EN[31:0]$904 [0] $flatten\quire.\seg_adder_vff_in_5.$0$memwr$\arr$/teamspace/studios/this_studio/Melodica-Integration-into-Fife-Core/bsc/lib/Verilog/SizedFIFO.v:206$886_EN[31:0]$904 [0] $flatten\quire.\seg_adder_vff_in_5.$0$memwr$\arr$/teamspace/studios/this_studio/Melodica-Integration-into-Fife-Core/bsc/lib/Verilog/SizedFIFO.v:206$886_EN[31:0]$904 [0] $flatten\quire.\seg_adder_vff_in_5.$0$memwr$\arr$/teamspace/studios/this_studio/Melodica-Integration-into-Fife-Core/bsc/lib/Verilog/SizedFIFO.v:206$886_EN[31:0]$904 [0] $flatten\quire.\seg_adder_vff_in_5.$0$memwr$\arr$/teamspace/studios/this_studio/Melodica-Integration-into-Fife-Core/bsc/lib/Verilog/SizedFIFO.v:206$886_EN[31:0]$904 [0] $flatten\quire.\seg_adder_vff_in_5.$0$memwr$\arr$/teamspace/studios/this_studio/Melodica-Integration-into-Fife-Core/bsc/lib/Verilog/SizedFIFO.v:206$886_EN[31:0]$904 [0] $flatten\quire.\seg_adder_vff_in_5.$0$memwr$\arr$/teamspace/studios/this_studio/Melodica-Integration-into-Fife-Core/bsc/lib/Verilog/SizedFIFO.v:206$886_EN[31:0]$904 [0] }
    New ctrl vector for $pmux cell $flatten\quire.\seg_adder_vff_in_5.$procmux$1295: { $auto$opt_reduce.cc:134:opt_pmux$1799 $auto$opt_reduce.cc:134:opt_pmux$1797 }
    New ctrl vector for $pmux cell $flatten\quire.\seg_adder_vff_in_5.$procmux$1319: $auto$opt_reduce.cc:134:opt_pmux$1801
    Consolidated identical input bits for $mux cell $flatten\quire.\seg_adder_vff_in_6.$procmux$1287:
      Old ports: A=0, B=32'11111111111111111111111111111111, Y=$flatten\quire.\seg_adder_vff_in_6.$0$memwr$\arr$/teamspace/studios/this_studio/Melodica-Integration-into-Fife-Core/bsc/lib/Verilog/SizedFIFO.v:206$886_EN[31:0]$904
      New ports: A=1'0, B=1'1, Y=$flatten\quire.\seg_adder_vff_in_6.$0$memwr$\arr$/teamspace/studios/this_studio/Melodica-Integration-into-Fife-Core/bsc/lib/Verilog/SizedFIFO.v:206$886_EN[31:0]$904 [0]
      New connections: $flatten\quire.\seg_adder_vff_in_6.$0$memwr$\arr$/teamspace/studios/this_studio/Melodica-Integration-into-Fife-Core/bsc/lib/Verilog/SizedFIFO.v:206$886_EN[31:0]$904 [31:1] = { $flatten\quire.\seg_adder_vff_in_6.$0$memwr$\arr$/teamspace/studios/this_studio/Melodica-Integration-into-Fife-Core/bsc/lib/Verilog/SizedFIFO.v:206$886_EN[31:0]$904 [0] $flatten\quire.\seg_adder_vff_in_6.$0$memwr$\arr$/teamspace/studios/this_studio/Melodica-Integration-into-Fife-Core/bsc/lib/Verilog/SizedFIFO.v:206$886_EN[31:0]$904 [0] $flatten\quire.\seg_adder_vff_in_6.$0$memwr$\arr$/teamspace/studios/this_studio/Melodica-Integration-into-Fife-Core/bsc/lib/Verilog/SizedFIFO.v:206$886_EN[31:0]$904 [0] $flatten\quire.\seg_adder_vff_in_6.$0$memwr$\arr$/teamspace/studios/this_studio/Melodica-Integration-into-Fife-Core/bsc/lib/Verilog/SizedFIFO.v:206$886_EN[31:0]$904 [0] $flatten\quire.\seg_adder_vff_in_6.$0$memwr$\arr$/teamspace/studios/this_studio/Melodica-Integration-into-Fife-Core/bsc/lib/Verilog/SizedFIFO.v:206$886_EN[31:0]$904 [0] $flatten\quire.\seg_adder_vff_in_6.$0$memwr$\arr$/teamspace/studios/this_studio/Melodica-Integration-into-Fife-Core/bsc/lib/Verilog/SizedFIFO.v:206$886_EN[31:0]$904 [0] $flatten\quire.\seg_adder_vff_in_6.$0$memwr$\arr$/teamspace/studios/this_studio/Melodica-Integration-into-Fife-Core/bsc/lib/Verilog/SizedFIFO.v:206$886_EN[31:0]$904 [0] $flatten\quire.\seg_adder_vff_in_6.$0$memwr$\arr$/teamspace/studios/this_studio/Melodica-Integration-into-Fife-Core/bsc/lib/Verilog/SizedFIFO.v:206$886_EN[31:0]$904 [0] $flatten\quire.\seg_adder_vff_in_6.$0$memwr$\arr$/teamspace/studios/this_studio/Melodica-Integration-into-Fife-Core/bsc/lib/Verilog/SizedFIFO.v:206$886_EN[31:0]$904 [0] $flatten\quire.\seg_adder_vff_in_6.$0$memwr$\arr$/teamspace/studios/this_studio/Melodica-Integration-into-Fife-Core/bsc/lib/Verilog/SizedFIFO.v:206$886_EN[31:0]$904 [0] $flatten\quire.\seg_adder_vff_in_6.$0$memwr$\arr$/teamspace/studios/this_studio/Melodica-Integration-into-Fife-Core/bsc/lib/Verilog/SizedFIFO.v:206$886_EN[31:0]$904 [0] $flatten\quire.\seg_adder_vff_in_6.$0$memwr$\arr$/teamspace/studios/this_studio/Melodica-Integration-into-Fife-Core/bsc/lib/Verilog/SizedFIFO.v:206$886_EN[31:0]$904 [0] $flatten\quire.\seg_adder_vff_in_6.$0$memwr$\arr$/teamspace/studios/this_studio/Melodica-Integration-into-Fife-Core/bsc/lib/Verilog/SizedFIFO.v:206$886_EN[31:0]$904 [0] $flatten\quire.\seg_adder_vff_in_6.$0$memwr$\arr$/teamspace/studios/this_studio/Melodica-Integration-into-Fife-Core/bsc/lib/Verilog/SizedFIFO.v:206$886_EN[31:0]$904 [0] $flatten\quire.\seg_adder_vff_in_6.$0$memwr$\arr$/teamspace/studios/this_studio/Melodica-Integration-into-Fife-Core/bsc/lib/Verilog/SizedFIFO.v:206$886_EN[31:0]$904 [0] $flatten\quire.\seg_adder_vff_in_6.$0$memwr$\arr$/teamspace/studios/this_studio/Melodica-Integration-into-Fife-Core/bsc/lib/Verilog/SizedFIFO.v:206$886_EN[31:0]$904 [0] $flatten\quire.\seg_adder_vff_in_6.$0$memwr$\arr$/teamspace/studios/this_studio/Melodica-Integration-into-Fife-Core/bsc/lib/Verilog/SizedFIFO.v:206$886_EN[31:0]$904 [0] $flatten\quire.\seg_adder_vff_in_6.$0$memwr$\arr$/teamspace/studios/this_studio/Melodica-Integration-into-Fife-Core/bsc/lib/Verilog/SizedFIFO.v:206$886_EN[31:0]$904 [0] $flatten\quire.\seg_adder_vff_in_6.$0$memwr$\arr$/teamspace/studios/this_studio/Melodica-Integration-into-Fife-Core/bsc/lib/Verilog/SizedFIFO.v:206$886_EN[31:0]$904 [0] $flatten\quire.\seg_adder_vff_in_6.$0$memwr$\arr$/teamspace/studios/this_studio/Melodica-Integration-into-Fife-Core/bsc/lib/Verilog/SizedFIFO.v:206$886_EN[31:0]$904 [0] $flatten\quire.\seg_adder_vff_in_6.$0$memwr$\arr$/teamspace/studios/this_studio/Melodica-Integration-into-Fife-Core/bsc/lib/Verilog/SizedFIFO.v:206$886_EN[31:0]$904 [0] $flatten\quire.\seg_adder_vff_in_6.$0$memwr$\arr$/teamspace/studios/this_studio/Melodica-Integration-into-Fife-Core/bsc/lib/Verilog/SizedFIFO.v:206$886_EN[31:0]$904 [0] $flatten\quire.\seg_adder_vff_in_6.$0$memwr$\arr$/teamspace/studios/this_studio/Melodica-Integration-into-Fife-Core/bsc/lib/Verilog/SizedFIFO.v:206$886_EN[31:0]$904 [0] $flatten\quire.\seg_adder_vff_in_6.$0$memwr$\arr$/teamspace/studios/this_studio/Melodica-Integration-into-Fife-Core/bsc/lib/Verilog/SizedFIFO.v:206$886_EN[31:0]$904 [0] $flatten\quire.\seg_adder_vff_in_6.$0$memwr$\arr$/teamspace/studios/this_studio/Melodica-Integration-into-Fife-Core/bsc/lib/Verilog/SizedFIFO.v:206$886_EN[31:0]$904 [0] $flatten\quire.\seg_adder_vff_in_6.$0$memwr$\arr$/teamspace/studios/this_studio/Melodica-Integration-into-Fife-Core/bsc/lib/Verilog/SizedFIFO.v:206$886_EN[31:0]$904 [0] $flatten\quire.\seg_adder_vff_in_6.$0$memwr$\arr$/teamspace/studios/this_studio/Melodica-Integration-into-Fife-Core/bsc/lib/Verilog/SizedFIFO.v:206$886_EN[31:0]$904 [0] $flatten\quire.\seg_adder_vff_in_6.$0$memwr$\arr$/teamspace/studios/this_studio/Melodica-Integration-into-Fife-Core/bsc/lib/Verilog/SizedFIFO.v:206$886_EN[31:0]$904 [0] $flatten\quire.\seg_adder_vff_in_6.$0$memwr$\arr$/teamspace/studios/this_studio/Melodica-Integration-into-Fife-Core/bsc/lib/Verilog/SizedFIFO.v:206$886_EN[31:0]$904 [0] $flatten\quire.\seg_adder_vff_in_6.$0$memwr$\arr$/teamspace/studios/this_studio/Melodica-Integration-into-Fife-Core/bsc/lib/Verilog/SizedFIFO.v:206$886_EN[31:0]$904 [0] $flatten\quire.\seg_adder_vff_in_6.$0$memwr$\arr$/teamspace/studios/this_studio/Melodica-Integration-into-Fife-Core/bsc/lib/Verilog/SizedFIFO.v:206$886_EN[31:0]$904 [0] }
    New ctrl vector for $pmux cell $flatten\quire.\seg_adder_vff_in_6.$procmux$1295: { $auto$opt_reduce.cc:134:opt_pmux$1805 $auto$opt_reduce.cc:134:opt_pmux$1803 }
    New ctrl vector for $pmux cell $flatten\quire.\seg_adder_vff_in_6.$procmux$1319: $auto$opt_reduce.cc:134:opt_pmux$1807
  Optimizing cells in module \mkPositCore.
Performed a total of 33 changes.

14.7.5. Executing OPT_MERGE pass (detect identical cells).
Finding identical cells in module `\mkPositCore'.
<suppressed ~39 debug messages>
Removed a total of 13 cells.

14.7.6. Executing OPT_DFF pass (perform DFF optimizations).

14.7.7. Executing OPT_CLEAN pass (remove unused cells and wires).
Finding unused cells or wires in module \mkPositCore..
Removed 0 unused cells and 395 unused wires.
<suppressed ~1 debug messages>

14.7.8. Executing OPT_EXPR pass (perform const folding).
Optimizing module mkPositCore.

14.7.9. Rerunning OPT passes. (Maybe there is more to do..)

14.7.10. Executing OPT_MUXTREE pass (detect dead branches in mux trees).
Running muxtree optimizer on module \mkPositCore..
  Creating internal representation of mux trees.
  Evaluating internal representation of mux trees.
  Analyzing evaluation results.
Removed 0 multiplexer ports.
<suppressed ~229 debug messages>

14.7.11. Executing OPT_REDUCE pass (consolidate $*mux and $reduce_* inputs).
  Optimizing cells in module \mkPositCore.
Performed a total of 0 changes.

14.7.12. Executing OPT_MERGE pass (detect identical cells).
Finding identical cells in module `\mkPositCore'.
Removed a total of 0 cells.

14.7.13. Executing OPT_DFF pass (perform DFF optimizations).

14.7.14. Executing OPT_CLEAN pass (remove unused cells and wires).
Finding unused cells or wires in module \mkPositCore..

14.7.15. Executing OPT_EXPR pass (perform const folding).
Optimizing module mkPositCore.

14.7.16. Finished OPT passes. (There is nothing left to do.)

14.8. Executing FSM pass (extract and optimize FSM).

14.8.1. Executing FSM_DETECT pass (finding FSMs in design).
Not marking mkPositCore.quire.zero_counter_rg_numZeroSegs as FSM state register:
    Users of register don't seem to benefit from recoding.

14.8.2. Executing FSM_EXTRACT pass (extracting FSM from design).

14.8.3. Executing FSM_OPT pass (simple optimizations of FSMs).

14.8.4. Executing OPT_CLEAN pass (remove unused cells and wires).
Finding unused cells or wires in module \mkPositCore..

14.8.5. Executing FSM_OPT pass (simple optimizations of FSMs).

14.8.6. Executing FSM_RECODE pass (re-assigning FSM state encoding).

14.8.7. Executing FSM_INFO pass (dumping all available information on FSM cells).

14.8.8. Executing FSM_MAP pass (mapping FSMs to basic logic).

14.9. Executing OPT pass (performing simple optimizations).

14.9.1. Executing OPT_EXPR pass (perform const folding).
Optimizing module mkPositCore.

14.9.2. Executing OPT_MERGE pass (detect identical cells).
Finding identical cells in module `\mkPositCore'.
Removed a total of 0 cells.

14.9.3. Executing OPT_MUXTREE pass (detect dead branches in mux trees).
Running muxtree optimizer on module \mkPositCore..
  Creating internal representation of mux trees.
  Evaluating internal representation of mux trees.
  Analyzing evaluation results.
Removed 0 multiplexer ports.
<suppressed ~229 debug messages>

14.9.4. Executing OPT_REDUCE pass (consolidate $*mux and $reduce_* inputs).
  Optimizing cells in module \mkPositCore.
Performed a total of 0 changes.

14.9.5. Executing OPT_MERGE pass (detect identical cells).
Finding identical cells in module `\mkPositCore'.
Removed a total of 0 cells.

14.9.6. Executing OPT_DFF pass (perform DFF optimizations).
Adding SRST signal on $procdff$1673 ($dff) from module mkPositCore (D = $procmux$1344_Y, Q = \rg_inflight, rval = 8'00000000).
Adding EN signal on $auto$ff.cc:266:slice$1808 ($sdff) from module mkPositCore (D = \rg_inflight$D_IN, Q = \rg_inflight).
Adding SRST signal on $flatten\quire.\seg_adder_vff_in_6.$procdff$1672 ($dff) from module mkPositCore (D = $flatten\quire.\seg_adder_vff_in_6.$procmux$1301_Y, Q = \quire.seg_adder_vff_in_6.hasodata, rval = 1'0).
Adding EN signal on $auto$ff.cc:266:slice$1810 ($sdff) from module mkPositCore (D = $flatten\quire.\seg_adder_vff_in_6.$procmux$1301_Y, Q = \quire.seg_adder_vff_in_6.hasodata).
Adding SRST signal on $flatten\quire.\seg_adder_vff_in_6.$procdff$1671 ($dff) from module mkPositCore (D = $flatten\quire.\seg_adder_vff_in_6.$procmux$1310_Y, Q = \quire.seg_adder_vff_in_6.tail, rval = 2'00).
Adding EN signal on $auto$ff.cc:266:slice$1814 ($sdff) from module mkPositCore (D = $flatten\quire.\seg_adder_vff_in_6.$procmux$1310_Y, Q = \quire.seg_adder_vff_in_6.tail).
Adding SRST signal on $flatten\quire.\seg_adder_vff_in_6.$procdff$1670 ($dff) from module mkPositCore (D = $flatten\quire.\seg_adder_vff_in_6.$procmux$1319_Y, Q = \quire.seg_adder_vff_in_6.head, rval = 2'00).
Adding EN signal on $auto$ff.cc:266:slice$1822 ($sdff) from module mkPositCore (D = \quire.seg_adder_vff_in_6.next_head, Q = \quire.seg_adder_vff_in_6.head).
Adding SRST signal on $flatten\quire.\seg_adder_vff_in_6.$procdff$1669 ($dff) from module mkPositCore (D = $flatten\quire.\seg_adder_vff_in_6.$procmux$1328_Y, Q = \quire.seg_adder_vff_in_6.ring_empty, rval = 1'1).
Adding EN signal on $auto$ff.cc:266:slice$1824 ($sdff) from module mkPositCore (D = $flatten\quire.\seg_adder_vff_in_6.$procmux$1328_Y, Q = \quire.seg_adder_vff_in_6.ring_empty).
Adding SRST signal on $flatten\quire.\seg_adder_vff_in_6.$procdff$1668 ($dff) from module mkPositCore (D = $flatten\quire.\seg_adder_vff_in_6.$procmux$1337_Y, Q = \quire.seg_adder_vff_in_6.not_ring_full, rval = 1'1).
Adding EN signal on $auto$ff.cc:266:slice$1832 ($sdff) from module mkPositCore (D = $flatten\quire.\seg_adder_vff_in_6.$procmux$1337_Y, Q = \quire.seg_adder_vff_in_6.not_ring_full).
Adding EN signal on $flatten\quire.\seg_adder_vff_in_6.$procdff$1667 ($dff) from module mkPositCore (D = $flatten\quire.\seg_adder_vff_in_6.$0\D_OUT[31:0], Q = \quire.seg_adder_vff_in_6.D_OUT).
Adding SRST signal on $flatten\quire.\seg_adder_vff_in_5.$procdff$1672 ($dff) from module mkPositCore (D = $flatten\quire.\seg_adder_vff_in_5.$procmux$1301_Y, Q = \quire.seg_adder_vff_in_5.hasodata, rval = 1'0).
Adding EN signal on $auto$ff.cc:266:slice$1839 ($sdff) from module mkPositCore (D = $flatten\quire.\seg_adder_vff_in_5.$procmux$1301_Y, Q = \quire.seg_adder_vff_in_5.hasodata).
Adding SRST signal on $flatten\quire.\seg_adder_vff_in_5.$procdff$1671 ($dff) from module mkPositCore (D = $flatten\quire.\seg_adder_vff_in_5.$procmux$1310_Y, Q = \quire.seg_adder_vff_in_5.tail, rval = 2'00).
Adding EN signal on $auto$ff.cc:266:slice$1843 ($sdff) from module mkPositCore (D = $flatten\quire.\seg_adder_vff_in_5.$procmux$1310_Y, Q = \quire.seg_adder_vff_in_5.tail).
Adding SRST signal on $flatten\quire.\seg_adder_vff_in_5.$procdff$1670 ($dff) from module mkPositCore (D = $flatten\quire.\seg_adder_vff_in_5.$procmux$1319_Y, Q = \quire.seg_adder_vff_in_5.head, rval = 2'00).
Adding EN signal on $auto$ff.cc:266:slice$1851 ($sdff) from module mkPositCore (D = \quire.seg_adder_vff_in_5.next_head, Q = \quire.seg_adder_vff_in_5.head).
Adding SRST signal on $flatten\quire.\seg_adder_vff_in_5.$procdff$1669 ($dff) from module mkPositCore (D = $flatten\quire.\seg_adder_vff_in_5.$procmux$1328_Y, Q = \quire.seg_adder_vff_in_5.ring_empty, rval = 1'1).
Adding EN signal on $auto$ff.cc:266:slice$1853 ($sdff) from module mkPositCore (D = $flatten\quire.\seg_adder_vff_in_5.$procmux$1328_Y, Q = \quire.seg_adder_vff_in_5.ring_empty).
Adding SRST signal on $flatten\quire.\seg_adder_vff_in_5.$procdff$1668 ($dff) from module mkPositCore (D = $flatten\quire.\seg_adder_vff_in_5.$procmux$1337_Y, Q = \quire.seg_adder_vff_in_5.not_ring_full, rval = 1'1).
Adding EN signal on $auto$ff.cc:266:slice$1861 ($sdff) from module mkPositCore (D = $flatten\quire.\seg_adder_vff_in_5.$procmux$1337_Y, Q = \quire.seg_adder_vff_in_5.not_ring_full).
Adding EN signal on $flatten\quire.\seg_adder_vff_in_5.$procdff$1667 ($dff) from module mkPositCore (D = $flatten\quire.\seg_adder_vff_in_5.$0\D_OUT[31:0], Q = \quire.seg_adder_vff_in_5.D_OUT).
Adding SRST signal on $flatten\quire.\seg_adder_vff_in_4.$procdff$1672 ($dff) from module mkPositCore (D = $flatten\quire.\seg_adder_vff_in_4.$procmux$1301_Y, Q = \quire.seg_adder_vff_in_4.hasodata, rval = 1'0).
Adding EN signal on $auto$ff.cc:266:slice$1868 ($sdff) from module mkPositCore (D = $flatten\quire.\seg_adder_vff_in_4.$procmux$1301_Y, Q = \quire.seg_adder_vff_in_4.hasodata).
Adding SRST signal on $flatten\quire.\seg_adder_vff_in_4.$procdff$1671 ($dff) from module mkPositCore (D = $flatten\quire.\seg_adder_vff_in_4.$procmux$1310_Y, Q = \quire.seg_adder_vff_in_4.tail, rval = 2'00).
Adding EN signal on $auto$ff.cc:266:slice$1872 ($sdff) from module mkPositCore (D = $flatten\quire.\seg_adder_vff_in_4.$procmux$1310_Y, Q = \quire.seg_adder_vff_in_4.tail).
Adding SRST signal on $flatten\quire.\seg_adder_vff_in_4.$procdff$1670 ($dff) from module mkPositCore (D = $flatten\quire.\seg_adder_vff_in_4.$procmux$1319_Y, Q = \quire.seg_adder_vff_in_4.head, rval = 2'00).
Adding EN signal on $auto$ff.cc:266:slice$1880 ($sdff) from module mkPositCore (D = \quire.seg_adder_vff_in_4.next_head, Q = \quire.seg_adder_vff_in_4.head).
Adding SRST signal on $flatten\quire.\seg_adder_vff_in_4.$procdff$1669 ($dff) from module mkPositCore (D = $flatten\quire.\seg_adder_vff_in_4.$procmux$1328_Y, Q = \quire.seg_adder_vff_in_4.ring_empty, rval = 1'1).
Adding EN signal on $auto$ff.cc:266:slice$1882 ($sdff) from module mkPositCore (D = $flatten\quire.\seg_adder_vff_in_4.$procmux$1328_Y, Q = \quire.seg_adder_vff_in_4.ring_empty).
Adding SRST signal on $flatten\quire.\seg_adder_vff_in_4.$procdff$1668 ($dff) from module mkPositCore (D = $flatten\quire.\seg_adder_vff_in_4.$procmux$1337_Y, Q = \quire.seg_adder_vff_in_4.not_ring_full, rval = 1'1).
Adding EN signal on $auto$ff.cc:266:slice$1890 ($sdff) from module mkPositCore (D = $flatten\quire.\seg_adder_vff_in_4.$procmux$1337_Y, Q = \quire.seg_adder_vff_in_4.not_ring_full).
Adding EN signal on $flatten\quire.\seg_adder_vff_in_4.$procdff$1667 ($dff) from module mkPositCore (D = $flatten\quire.\seg_adder_vff_in_4.$0\D_OUT[31:0], Q = \quire.seg_adder_vff_in_4.D_OUT).
Adding SRST signal on $flatten\quire.\seg_adder_vff_in_3.$procdff$1672 ($dff) from module mkPositCore (D = $flatten\quire.\seg_adder_vff_in_3.$procmux$1301_Y, Q = \quire.seg_adder_vff_in_3.hasodata, rval = 1'0).
Adding EN signal on $auto$ff.cc:266:slice$1897 ($sdff) from module mkPositCore (D = $flatten\quire.\seg_adder_vff_in_3.$procmux$1301_Y, Q = \quire.seg_adder_vff_in_3.hasodata).
Adding SRST signal on $flatten\quire.\seg_adder_vff_in_3.$procdff$1671 ($dff) from module mkPositCore (D = $flatten\quire.\seg_adder_vff_in_3.$procmux$1310_Y, Q = \quire.seg_adder_vff_in_3.tail, rval = 2'00).
Adding EN signal on $auto$ff.cc:266:slice$1901 ($sdff) from module mkPositCore (D = $flatten\quire.\seg_adder_vff_in_3.$procmux$1310_Y, Q = \quire.seg_adder_vff_in_3.tail).
Adding SRST signal on $flatten\quire.\seg_adder_vff_in_3.$procdff$1670 ($dff) from module mkPositCore (D = $flatten\quire.\seg_adder_vff_in_3.$procmux$1319_Y, Q = \quire.seg_adder_vff_in_3.head, rval = 2'00).
Adding EN signal on $auto$ff.cc:266:slice$1909 ($sdff) from module mkPositCore (D = \quire.seg_adder_vff_in_3.next_head, Q = \quire.seg_adder_vff_in_3.head).
Adding SRST signal on $flatten\quire.\seg_adder_vff_in_3.$procdff$1669 ($dff) from module mkPositCore (D = $flatten\quire.\seg_adder_vff_in_3.$procmux$1328_Y, Q = \quire.seg_adder_vff_in_3.ring_empty, rval = 1'1).
Adding EN signal on $auto$ff.cc:266:slice$1911 ($sdff) from module mkPositCore (D = $flatten\quire.\seg_adder_vff_in_3.$procmux$1328_Y, Q = \quire.seg_adder_vff_in_3.ring_empty).
Adding SRST signal on $flatten\quire.\seg_adder_vff_in_3.$procdff$1668 ($dff) from module mkPositCore (D = $flatten\quire.\seg_adder_vff_in_3.$procmux$1337_Y, Q = \quire.seg_adder_vff_in_3.not_ring_full, rval = 1'1).
Adding EN signal on $auto$ff.cc:266:slice$1919 ($sdff) from module mkPositCore (D = $flatten\quire.\seg_adder_vff_in_3.$procmux$1337_Y, Q = \quire.seg_adder_vff_in_3.not_ring_full).
Adding EN signal on $flatten\quire.\seg_adder_vff_in_3.$procdff$1667 ($dff) from module mkPositCore (D = $flatten\quire.\seg_adder_vff_in_3.$0\D_OUT[31:0], Q = \quire.seg_adder_vff_in_3.D_OUT).
Adding SRST signal on $flatten\quire.\seg_adder_vff_in_2.$procdff$1672 ($dff) from module mkPositCore (D = $flatten\quire.\seg_adder_vff_in_2.$procmux$1301_Y, Q = \quire.seg_adder_vff_in_2.hasodata, rval = 1'0).
Adding EN signal on $auto$ff.cc:266:slice$1926 ($sdff) from module mkPositCore (D = $flatten\quire.\seg_adder_vff_in_2.$procmux$1301_Y, Q = \quire.seg_adder_vff_in_2.hasodata).
Adding SRST signal on $flatten\quire.\seg_adder_vff_in_2.$procdff$1671 ($dff) from module mkPositCore (D = $flatten\quire.\seg_adder_vff_in_2.$procmux$1310_Y, Q = \quire.seg_adder_vff_in_2.tail, rval = 2'00).
Adding EN signal on $auto$ff.cc:266:slice$1930 ($sdff) from module mkPositCore (D = $flatten\quire.\seg_adder_vff_in_2.$procmux$1310_Y, Q = \quire.seg_adder_vff_in_2.tail).
Adding SRST signal on $flatten\quire.\seg_adder_vff_in_2.$procdff$1670 ($dff) from module mkPositCore (D = $flatten\quire.\seg_adder_vff_in_2.$procmux$1319_Y, Q = \quire.seg_adder_vff_in_2.head, rval = 2'00).
Adding EN signal on $auto$ff.cc:266:slice$1938 ($sdff) from module mkPositCore (D = \quire.seg_adder_vff_in_2.next_head, Q = \quire.seg_adder_vff_in_2.head).
Adding SRST signal on $flatten\quire.\seg_adder_vff_in_2.$procdff$1669 ($dff) from module mkPositCore (D = $flatten\quire.\seg_adder_vff_in_2.$procmux$1328_Y, Q = \quire.seg_adder_vff_in_2.ring_empty, rval = 1'1).
Adding EN signal on $auto$ff.cc:266:slice$1940 ($sdff) from module mkPositCore (D = $flatten\quire.\seg_adder_vff_in_2.$procmux$1328_Y, Q = \quire.seg_adder_vff_in_2.ring_empty).
Adding SRST signal on $flatten\quire.\seg_adder_vff_in_2.$procdff$1668 ($dff) from module mkPositCore (D = $flatten\quire.\seg_adder_vff_in_2.$procmux$1337_Y, Q = \quire.seg_adder_vff_in_2.not_ring_full, rval = 1'1).
Adding EN signal on $auto$ff.cc:266:slice$1948 ($sdff) from module mkPositCore (D = $flatten\quire.\seg_adder_vff_in_2.$procmux$1337_Y, Q = \quire.seg_adder_vff_in_2.not_ring_full).
Adding EN signal on $flatten\quire.\seg_adder_vff_in_2.$procdff$1667 ($dff) from module mkPositCore (D = $flatten\quire.\seg_adder_vff_in_2.$0\D_OUT[31:0], Q = \quire.seg_adder_vff_in_2.D_OUT).
Adding SRST signal on $flatten\quire.\seg_adder_vff_in_1.$procdff$1672 ($dff) from module mkPositCore (D = $flatten\quire.\seg_adder_vff_in_1.$procmux$1301_Y, Q = \quire.seg_adder_vff_in_1.hasodata, rval = 1'0).
Adding EN signal on $auto$ff.cc:266:slice$1955 ($sdff) from module mkPositCore (D = $flatten\quire.\seg_adder_vff_in_1.$procmux$1301_Y, Q = \quire.seg_adder_vff_in_1.hasodata).
Adding SRST signal on $flatten\quire.\seg_adder_vff_in_1.$procdff$1671 ($dff) from module mkPositCore (D = $flatten\quire.\seg_adder_vff_in_1.$procmux$1310_Y, Q = \quire.seg_adder_vff_in_1.tail, rval = 2'00).
Adding EN signal on $auto$ff.cc:266:slice$1959 ($sdff) from module mkPositCore (D = $flatten\quire.\seg_adder_vff_in_1.$procmux$1310_Y, Q = \quire.seg_adder_vff_in_1.tail).
Adding SRST signal on $flatten\quire.\seg_adder_vff_in_1.$procdff$1670 ($dff) from module mkPositCore (D = $flatten\quire.\seg_adder_vff_in_1.$procmux$1319_Y, Q = \quire.seg_adder_vff_in_1.head, rval = 2'00).
Adding EN signal on $auto$ff.cc:266:slice$1967 ($sdff) from module mkPositCore (D = \quire.seg_adder_vff_in_1.next_head, Q = \quire.seg_adder_vff_in_1.head).
Adding SRST signal on $flatten\quire.\seg_adder_vff_in_1.$procdff$1669 ($dff) from module mkPositCore (D = $flatten\quire.\seg_adder_vff_in_1.$procmux$1328_Y, Q = \quire.seg_adder_vff_in_1.ring_empty, rval = 1'1).
Adding EN signal on $auto$ff.cc:266:slice$1969 ($sdff) from module mkPositCore (D = $flatten\quire.\seg_adder_vff_in_1.$procmux$1328_Y, Q = \quire.seg_adder_vff_in_1.ring_empty).
Adding SRST signal on $flatten\quire.\seg_adder_vff_in_1.$procdff$1668 ($dff) from module mkPositCore (D = $flatten\quire.\seg_adder_vff_in_1.$procmux$1337_Y, Q = \quire.seg_adder_vff_in_1.not_ring_full, rval = 1'1).
Adding EN signal on $auto$ff.cc:266:slice$1977 ($sdff) from module mkPositCore (D = $flatten\quire.\seg_adder_vff_in_1.$procmux$1337_Y, Q = \quire.seg_adder_vff_in_1.not_ring_full).
Adding EN signal on $flatten\quire.\seg_adder_vff_in_1.$procdff$1667 ($dff) from module mkPositCore (D = $flatten\quire.\seg_adder_vff_in_1.$0\D_OUT[31:0], Q = \quire.seg_adder_vff_in_1.D_OUT).
Adding SRST signal on $flatten\quire.\seg_adder_vff_in_0.$procdff$1672 ($dff) from module mkPositCore (D = $flatten\quire.\seg_adder_vff_in_0.$procmux$1301_Y, Q = \quire.seg_adder_vff_in_0.hasodata, rval = 1'0).
Adding EN signal on $auto$ff.cc:266:slice$1984 ($sdff) from module mkPositCore (D = $flatten\quire.\seg_adder_vff_in_0.$procmux$1301_Y, Q = \quire.seg_adder_vff_in_0.hasodata).
Adding SRST signal on $flatten\quire.\seg_adder_vff_in_0.$procdff$1671 ($dff) from module mkPositCore (D = $flatten\quire.\seg_adder_vff_in_0.$procmux$1310_Y, Q = \quire.seg_adder_vff_in_0.tail, rval = 2'00).
Adding EN signal on $auto$ff.cc:266:slice$1988 ($sdff) from module mkPositCore (D = $flatten\quire.\seg_adder_vff_in_0.$procmux$1310_Y, Q = \quire.seg_adder_vff_in_0.tail).
Adding SRST signal on $flatten\quire.\seg_adder_vff_in_0.$procdff$1670 ($dff) from module mkPositCore (D = $flatten\quire.\seg_adder_vff_in_0.$procmux$1319_Y, Q = \quire.seg_adder_vff_in_0.head, rval = 2'00).
Adding EN signal on $auto$ff.cc:266:slice$1996 ($sdff) from module mkPositCore (D = \quire.seg_adder_vff_in_0.next_head, Q = \quire.seg_adder_vff_in_0.head).
Adding SRST signal on $flatten\quire.\seg_adder_vff_in_0.$procdff$1669 ($dff) from module mkPositCore (D = $flatten\quire.\seg_adder_vff_in_0.$procmux$1328_Y, Q = \quire.seg_adder_vff_in_0.ring_empty, rval = 1'1).
Adding EN signal on $auto$ff.cc:266:slice$1998 ($sdff) from module mkPositCore (D = $flatten\quire.\seg_adder_vff_in_0.$procmux$1328_Y, Q = \quire.seg_adder_vff_in_0.ring_empty).
Adding SRST signal on $flatten\quire.\seg_adder_vff_in_0.$procdff$1668 ($dff) from module mkPositCore (D = $flatten\quire.\seg_adder_vff_in_0.$procmux$1337_Y, Q = \quire.seg_adder_vff_in_0.not_ring_full, rval = 1'1).
Adding EN signal on $auto$ff.cc:266:slice$2006 ($sdff) from module mkPositCore (D = $flatten\quire.\seg_adder_vff_in_0.$procmux$1337_Y, Q = \quire.seg_adder_vff_in_0.not_ring_full).
Adding EN signal on $flatten\quire.\seg_adder_vff_in_0.$procdff$1667 ($dff) from module mkPositCore (D = $flatten\quire.\seg_adder_vff_in_0.$0\D_OUT[31:0], Q = \quire.seg_adder_vff_in_0.D_OUT).
Adding SRST signal on $flatten\quire.\seg_adder_vff_carry_5.$procdff$1663 ($dff) from module mkPositCore (D = $flatten\quire.\seg_adder_vff_carry_5.$procmux$1243_Y, Q = \quire.seg_adder_vff_carry_5.hasodata, rval = 1'0).
Adding EN signal on $auto$ff.cc:266:slice$2013 ($sdff) from module mkPositCore (D = $flatten\quire.\seg_adder_vff_carry_5.$procmux$1243_Y, Q = \quire.seg_adder_vff_carry_5.hasodata).
Adding SRST signal on $flatten\quire.\seg_adder_vff_carry_5.$procdff$1662 ($dff) from module mkPositCore (D = $flatten\quire.\seg_adder_vff_carry_5.$procmux$1252_Y, Q = \quire.seg_adder_vff_carry_5.tail, rval = 2'00).
Adding EN signal on $auto$ff.cc:266:slice$2017 ($sdff) from module mkPositCore (D = $flatten\quire.\seg_adder_vff_carry_5.$procmux$1252_Y, Q = \quire.seg_adder_vff_carry_5.tail).
Adding SRST signal on $flatten\quire.\seg_adder_vff_carry_5.$procdff$1661 ($dff) from module mkPositCore (D = $flatten\quire.\seg_adder_vff_carry_5.$procmux$1261_Y, Q = \quire.seg_adder_vff_carry_5.head, rval = 2'00).
Adding EN signal on $auto$ff.cc:266:slice$2025 ($sdff) from module mkPositCore (D = \quire.seg_adder_vff_carry_5.next_head, Q = \quire.seg_adder_vff_carry_5.head).
Adding SRST signal on $flatten\quire.\seg_adder_vff_carry_5.$procdff$1660 ($dff) from module mkPositCore (D = $flatten\quire.\seg_adder_vff_carry_5.$procmux$1270_Y, Q = \quire.seg_adder_vff_carry_5.ring_empty, rval = 1'1).
Adding EN signal on $auto$ff.cc:266:slice$2027 ($sdff) from module mkPositCore (D = $flatten\quire.\seg_adder_vff_carry_5.$procmux$1270_Y, Q = \quire.seg_adder_vff_carry_5.ring_empty).
Adding SRST signal on $flatten\quire.\seg_adder_vff_carry_5.$procdff$1659 ($dff) from module mkPositCore (D = $flatten\quire.\seg_adder_vff_carry_5.$procmux$1279_Y, Q = \quire.seg_adder_vff_carry_5.not_ring_full, rval = 1'1).
Adding EN signal on $auto$ff.cc:266:slice$2035 ($sdff) from module mkPositCore (D = $flatten\quire.\seg_adder_vff_carry_5.$procmux$1279_Y, Q = \quire.seg_adder_vff_carry_5.not_ring_full).
Adding EN signal on $flatten\quire.\seg_adder_vff_carry_5.$procdff$1658 ($dff) from module mkPositCore (D = $flatten\quire.\seg_adder_vff_carry_5.$0\D_OUT[0:0], Q = \quire.seg_adder_vff_carry_5.D_OUT).
Adding SRST signal on $flatten\quire.\seg_adder_vff_carry_4.$procdff$1663 ($dff) from module mkPositCore (D = $flatten\quire.\seg_adder_vff_carry_4.$procmux$1243_Y, Q = \quire.seg_adder_vff_carry_4.hasodata, rval = 1'0).
Adding EN signal on $auto$ff.cc:266:slice$2042 ($sdff) from module mkPositCore (D = $flatten\quire.\seg_adder_vff_carry_4.$procmux$1243_Y, Q = \quire.seg_adder_vff_carry_4.hasodata).
Adding SRST signal on $flatten\quire.\seg_adder_vff_carry_4.$procdff$1662 ($dff) from module mkPositCore (D = $flatten\quire.\seg_adder_vff_carry_4.$procmux$1252_Y, Q = \quire.seg_adder_vff_carry_4.tail, rval = 2'00).
Adding EN signal on $auto$ff.cc:266:slice$2046 ($sdff) from module mkPositCore (D = $flatten\quire.\seg_adder_vff_carry_4.$procmux$1252_Y, Q = \quire.seg_adder_vff_carry_4.tail).
Adding SRST signal on $flatten\quire.\seg_adder_vff_carry_4.$procdff$1661 ($dff) from module mkPositCore (D = $flatten\quire.\seg_adder_vff_carry_4.$procmux$1261_Y, Q = \quire.seg_adder_vff_carry_4.head, rval = 2'00).
Adding EN signal on $auto$ff.cc:266:slice$2054 ($sdff) from module mkPositCore (D = \quire.seg_adder_vff_carry_4.next_head, Q = \quire.seg_adder_vff_carry_4.head).
Adding SRST signal on $flatten\quire.\seg_adder_vff_carry_4.$procdff$1660 ($dff) from module mkPositCore (D = $flatten\quire.\seg_adder_vff_carry_4.$procmux$1270_Y, Q = \quire.seg_adder_vff_carry_4.ring_empty, rval = 1'1).
Adding EN signal on $auto$ff.cc:266:slice$2056 ($sdff) from module mkPositCore (D = $flatten\quire.\seg_adder_vff_carry_4.$procmux$1270_Y, Q = \quire.seg_adder_vff_carry_4.ring_empty).
Adding SRST signal on $flatten\quire.\seg_adder_vff_carry_4.$procdff$1659 ($dff) from module mkPositCore (D = $flatten\quire.\seg_adder_vff_carry_4.$procmux$1279_Y, Q = \quire.seg_adder_vff_carry_4.not_ring_full, rval = 1'1).
Adding EN signal on $auto$ff.cc:266:slice$2064 ($sdff) from module mkPositCore (D = $flatten\quire.\seg_adder_vff_carry_4.$procmux$1279_Y, Q = \quire.seg_adder_vff_carry_4.not_ring_full).
Adding EN signal on $flatten\quire.\seg_adder_vff_carry_4.$procdff$1658 ($dff) from module mkPositCore (D = $flatten\quire.\seg_adder_vff_carry_4.$0\D_OUT[0:0], Q = \quire.seg_adder_vff_carry_4.D_OUT).
Adding SRST signal on $flatten\quire.\seg_adder_vff_carry_3.$procdff$1663 ($dff) from module mkPositCore (D = $flatten\quire.\seg_adder_vff_carry_3.$procmux$1243_Y, Q = \quire.seg_adder_vff_carry_3.hasodata, rval = 1'0).
Adding EN signal on $auto$ff.cc:266:slice$2071 ($sdff) from module mkPositCore (D = $flatten\quire.\seg_adder_vff_carry_3.$procmux$1243_Y, Q = \quire.seg_adder_vff_carry_3.hasodata).
Adding SRST signal on $flatten\quire.\seg_adder_vff_carry_3.$procdff$1662 ($dff) from module mkPositCore (D = $flatten\quire.\seg_adder_vff_carry_3.$procmux$1252_Y, Q = \quire.seg_adder_vff_carry_3.tail, rval = 2'00).
Adding EN signal on $auto$ff.cc:266:slice$2075 ($sdff) from module mkPositCore (D = $flatten\quire.\seg_adder_vff_carry_3.$procmux$1252_Y, Q = \quire.seg_adder_vff_carry_3.tail).
Adding SRST signal on $flatten\quire.\seg_adder_vff_carry_3.$procdff$1661 ($dff) from module mkPositCore (D = $flatten\quire.\seg_adder_vff_carry_3.$procmux$1261_Y, Q = \quire.seg_adder_vff_carry_3.head, rval = 2'00).
Adding EN signal on $auto$ff.cc:266:slice$2083 ($sdff) from module mkPositCore (D = \quire.seg_adder_vff_carry_3.next_head, Q = \quire.seg_adder_vff_carry_3.head).
Adding SRST signal on $flatten\quire.\seg_adder_vff_carry_3.$procdff$1660 ($dff) from module mkPositCore (D = $flatten\quire.\seg_adder_vff_carry_3.$procmux$1270_Y, Q = \quire.seg_adder_vff_carry_3.ring_empty, rval = 1'1).
Adding EN signal on $auto$ff.cc:266:slice$2085 ($sdff) from module mkPositCore (D = $flatten\quire.\seg_adder_vff_carry_3.$procmux$1270_Y, Q = \quire.seg_adder_vff_carry_3.ring_empty).
Adding SRST signal on $flatten\quire.\seg_adder_vff_carry_3.$procdff$1659 ($dff) from module mkPositCore (D = $flatten\quire.\seg_adder_vff_carry_3.$procmux$1279_Y, Q = \quire.seg_adder_vff_carry_3.not_ring_full, rval = 1'1).
Adding EN signal on $auto$ff.cc:266:slice$2093 ($sdff) from module mkPositCore (D = $flatten\quire.\seg_adder_vff_carry_3.$procmux$1279_Y, Q = \quire.seg_adder_vff_carry_3.not_ring_full).
Adding EN signal on $flatten\quire.\seg_adder_vff_carry_3.$procdff$1658 ($dff) from module mkPositCore (D = $flatten\quire.\seg_adder_vff_carry_3.$0\D_OUT[0:0], Q = \quire.seg_adder_vff_carry_3.D_OUT).
Adding SRST signal on $flatten\quire.\seg_adder_vff_carry_2.$procdff$1663 ($dff) from module mkPositCore (D = $flatten\quire.\seg_adder_vff_carry_2.$procmux$1243_Y, Q = \quire.seg_adder_vff_carry_2.hasodata, rval = 1'0).
Adding EN signal on $auto$ff.cc:266:slice$2100 ($sdff) from module mkPositCore (D = $flatten\quire.\seg_adder_vff_carry_2.$procmux$1243_Y, Q = \quire.seg_adder_vff_carry_2.hasodata).
Adding SRST signal on $flatten\quire.\seg_adder_vff_carry_2.$procdff$1662 ($dff) from module mkPositCore (D = $flatten\quire.\seg_adder_vff_carry_2.$procmux$1252_Y, Q = \quire.seg_adder_vff_carry_2.tail, rval = 2'00).
Adding EN signal on $auto$ff.cc:266:slice$2104 ($sdff) from module mkPositCore (D = $flatten\quire.\seg_adder_vff_carry_2.$procmux$1252_Y, Q = \quire.seg_adder_vff_carry_2.tail).
Adding SRST signal on $flatten\quire.\seg_adder_vff_carry_2.$procdff$1661 ($dff) from module mkPositCore (D = $flatten\quire.\seg_adder_vff_carry_2.$procmux$1261_Y, Q = \quire.seg_adder_vff_carry_2.head, rval = 2'00).
Adding EN signal on $auto$ff.cc:266:slice$2112 ($sdff) from module mkPositCore (D = \quire.seg_adder_vff_carry_2.next_head, Q = \quire.seg_adder_vff_carry_2.head).
Adding SRST signal on $flatten\quire.\seg_adder_vff_carry_2.$procdff$1660 ($dff) from module mkPositCore (D = $flatten\quire.\seg_adder_vff_carry_2.$procmux$1270_Y, Q = \quire.seg_adder_vff_carry_2.ring_empty, rval = 1'1).
Adding EN signal on $auto$ff.cc:266:slice$2114 ($sdff) from module mkPositCore (D = $flatten\quire.\seg_adder_vff_carry_2.$procmux$1270_Y, Q = \quire.seg_adder_vff_carry_2.ring_empty).
Adding SRST signal on $flatten\quire.\seg_adder_vff_carry_2.$procdff$1659 ($dff) from module mkPositCore (D = $flatten\quire.\seg_adder_vff_carry_2.$procmux$1279_Y, Q = \quire.seg_adder_vff_carry_2.not_ring_full, rval = 1'1).
Adding EN signal on $auto$ff.cc:266:slice$2122 ($sdff) from module mkPositCore (D = $flatten\quire.\seg_adder_vff_carry_2.$procmux$1279_Y, Q = \quire.seg_adder_vff_carry_2.not_ring_full).
Adding EN signal on $flatten\quire.\seg_adder_vff_carry_2.$procdff$1658 ($dff) from module mkPositCore (D = $flatten\quire.\seg_adder_vff_carry_2.$0\D_OUT[0:0], Q = \quire.seg_adder_vff_carry_2.D_OUT).
Adding SRST signal on $flatten\quire.\seg_adder_vff_carry_1.$procdff$1663 ($dff) from module mkPositCore (D = $flatten\quire.\seg_adder_vff_carry_1.$procmux$1243_Y, Q = \quire.seg_adder_vff_carry_1.hasodata, rval = 1'0).
Adding EN signal on $auto$ff.cc:266:slice$2129 ($sdff) from module mkPositCore (D = $flatten\quire.\seg_adder_vff_carry_1.$procmux$1243_Y, Q = \quire.seg_adder_vff_carry_1.hasodata).
Adding SRST signal on $flatten\quire.\seg_adder_vff_carry_1.$procdff$1662 ($dff) from module mkPositCore (D = $flatten\quire.\seg_adder_vff_carry_1.$procmux$1252_Y, Q = \quire.seg_adder_vff_carry_1.tail, rval = 2'00).
Adding EN signal on $auto$ff.cc:266:slice$2133 ($sdff) from module mkPositCore (D = $flatten\quire.\seg_adder_vff_carry_1.$procmux$1252_Y, Q = \quire.seg_adder_vff_carry_1.tail).
Adding SRST signal on $flatten\quire.\seg_adder_vff_carry_1.$procdff$1661 ($dff) from module mkPositCore (D = $flatten\quire.\seg_adder_vff_carry_1.$procmux$1261_Y, Q = \quire.seg_adder_vff_carry_1.head, rval = 2'00).
Adding EN signal on $auto$ff.cc:266:slice$2141 ($sdff) from module mkPositCore (D = \quire.seg_adder_vff_carry_1.next_head, Q = \quire.seg_adder_vff_carry_1.head).
Adding SRST signal on $flatten\quire.\seg_adder_vff_carry_1.$procdff$1660 ($dff) from module mkPositCore (D = $flatten\quire.\seg_adder_vff_carry_1.$procmux$1270_Y, Q = \quire.seg_adder_vff_carry_1.ring_empty, rval = 1'1).
Adding EN signal on $auto$ff.cc:266:slice$2143 ($sdff) from module mkPositCore (D = $flatten\quire.\seg_adder_vff_carry_1.$procmux$1270_Y, Q = \quire.seg_adder_vff_carry_1.ring_empty).
Adding SRST signal on $flatten\quire.\seg_adder_vff_carry_1.$procdff$1659 ($dff) from module mkPositCore (D = $flatten\quire.\seg_adder_vff_carry_1.$procmux$1279_Y, Q = \quire.seg_adder_vff_carry_1.not_ring_full, rval = 1'1).
Adding EN signal on $auto$ff.cc:266:slice$2151 ($sdff) from module mkPositCore (D = $flatten\quire.\seg_adder_vff_carry_1.$procmux$1279_Y, Q = \quire.seg_adder_vff_carry_1.not_ring_full).
Adding EN signal on $flatten\quire.\seg_adder_vff_carry_1.$procdff$1658 ($dff) from module mkPositCore (D = $flatten\quire.\seg_adder_vff_carry_1.$0\D_OUT[0:0], Q = \quire.seg_adder_vff_carry_1.D_OUT).
Adding SRST signal on $flatten\quire.\seg_adder_vff_carry_0.$procdff$1663 ($dff) from module mkPositCore (D = $flatten\quire.\seg_adder_vff_carry_0.$procmux$1243_Y, Q = \quire.seg_adder_vff_carry_0.hasodata, rval = 1'0).
Adding EN signal on $auto$ff.cc:266:slice$2158 ($sdff) from module mkPositCore (D = $flatten\quire.\seg_adder_vff_carry_0.$procmux$1243_Y, Q = \quire.seg_adder_vff_carry_0.hasodata).
Adding SRST signal on $flatten\quire.\seg_adder_vff_carry_0.$procdff$1662 ($dff) from module mkPositCore (D = $flatten\quire.\seg_adder_vff_carry_0.$procmux$1252_Y, Q = \quire.seg_adder_vff_carry_0.tail, rval = 2'00).
Adding EN signal on $auto$ff.cc:266:slice$2162 ($sdff) from module mkPositCore (D = $flatten\quire.\seg_adder_vff_carry_0.$procmux$1252_Y, Q = \quire.seg_adder_vff_carry_0.tail).
Adding SRST signal on $flatten\quire.\seg_adder_vff_carry_0.$procdff$1661 ($dff) from module mkPositCore (D = $flatten\quire.\seg_adder_vff_carry_0.$procmux$1261_Y, Q = \quire.seg_adder_vff_carry_0.head, rval = 2'00).
Adding EN signal on $auto$ff.cc:266:slice$2170 ($sdff) from module mkPositCore (D = \quire.seg_adder_vff_carry_0.next_head, Q = \quire.seg_adder_vff_carry_0.head).
Adding SRST signal on $flatten\quire.\seg_adder_vff_carry_0.$procdff$1660 ($dff) from module mkPositCore (D = $flatten\quire.\seg_adder_vff_carry_0.$procmux$1270_Y, Q = \quire.seg_adder_vff_carry_0.ring_empty, rval = 1'1).
Adding EN signal on $auto$ff.cc:266:slice$2172 ($sdff) from module mkPositCore (D = $flatten\quire.\seg_adder_vff_carry_0.$procmux$1270_Y, Q = \quire.seg_adder_vff_carry_0.ring_empty).
Adding SRST signal on $flatten\quire.\seg_adder_vff_carry_0.$procdff$1659 ($dff) from module mkPositCore (D = $flatten\quire.\seg_adder_vff_carry_0.$procmux$1279_Y, Q = \quire.seg_adder_vff_carry_0.not_ring_full, rval = 1'1).
Adding EN signal on $auto$ff.cc:266:slice$2180 ($sdff) from module mkPositCore (D = $flatten\quire.\seg_adder_vff_carry_0.$procmux$1279_Y, Q = \quire.seg_adder_vff_carry_0.not_ring_full).
Adding EN signal on $flatten\quire.\seg_adder_vff_carry_0.$procdff$1658 ($dff) from module mkPositCore (D = $flatten\quire.\seg_adder_vff_carry_0.$0\D_OUT[0:0], Q = \quire.seg_adder_vff_carry_0.D_OUT).
Adding SRST signal on $flatten\quire.\posit_rsp_f.$procdff$1654 ($dff) from module mkPositCore (D = $flatten\quire.\posit_rsp_f.$procmux$1220_Y, Q = \quire.posit_rsp_f.empty_reg, rval = 1'0).
Adding EN signal on $auto$ff.cc:266:slice$2187 ($sdff) from module mkPositCore (D = $flatten\quire.\posit_rsp_f.$procmux$1220_Y, Q = \quire.posit_rsp_f.empty_reg).
Adding EN signal on $flatten\quire.\posit_rsp_f.$procdff$1653 ($dff) from module mkPositCore (D = \quire.posit_rsp_f.D_IN, Q = \quire.posit_rsp_f.D_OUT).
Adding SRST signal on $auto$ff.cc:266:slice$2191 ($dffe) from module mkPositCore (D = \quire.IF_ff_num_msb_zeros_first__11_PLUS_1_12_BIT_8__ETC___d217 [3:0], Q = \quire.posit_rsp_f.D_OUT [31:28], rval = 4'0000).
Adding SRST signal on $auto$ff.cc:266:slice$2191 ($dffe) from module mkPositCore (D = $flatten\quire.$ternary$/teamspace/studios/this_studio/Melodica-Integration-into-Fife-Core/Learn_Bluespec_and_RISCV_Design/Code/Build/Fife/verilog/mkQuire.v:1418$471_Y [7:5], Q = \quire.posit_rsp_f.D_OUT [35:33], rval = 3'000).
Adding SRST signal on $auto$ff.cc:266:slice$2191 ($dffe) from module mkPositCore (D = { \quire.vrg_quire_6 [31] \quire.MUX_posit_rsp_f$enq_1__VAL_2 [37] \quire.IF_SEXT_IF_ff_num_msb_zeros_first__11_PLUS_1_1_ETC___d230 [8] \quire.IF_SEXT_IF_ff_num_msb_zeros_first__11_PLUS_1_1_ETC___d230 [4] \quire.prenorm_posit_frac__h14076 \quire.x__h18906 \quire.x__h20502 }, Q = { \quire.posit_rsp_f.D_OUT [40] \quire.posit_rsp_f.D_OUT [37:36] \quire.posit_rsp_f.D_OUT [32] \quire.posit_rsp_f.D_OUT [27:0] }, rval = 1).
Adding SRST signal on $flatten\quire.\ff_num_msb_zeros.$procdff$1652 ($dff) from module mkPositCore (D = $flatten\quire.\ff_num_msb_zeros.$procmux$1207_Y, Q = \quire.ff_num_msb_zeros.empty_reg, rval = 1'0).
Adding EN signal on $auto$ff.cc:266:slice$2202 ($sdff) from module mkPositCore (D = $flatten\quire.\ff_num_msb_zeros.$procmux$1207_Y, Q = \quire.ff_num_msb_zeros.empty_reg).
Adding EN signal on $flatten\quire.\ff_num_msb_zeros.$procdff$1651 ($dff) from module mkPositCore (D = \quire.ff_num_msb_zeros.D_IN, Q = \quire.ff_num_msb_zeros.D_OUT).
Adding SRST signal on $flatten\quire.$procdff$1693 ($dff) from module mkPositCore (D = $flatten\quire.$procmux$1368_Y, Q = \quire.zero_counter_rg_seg_counter_busy, rval = 1'0).
Adding EN signal on $auto$ff.cc:266:slice$2207 ($sdff) from module mkPositCore (D = \quire.MUX_rg_read_busy$write_1__SEL_1, Q = \quire.zero_counter_rg_seg_counter_busy).
Adding EN signal on $flatten\quire.$procdff$1692 ($dff) from module mkPositCore (D = \quire.x__h35260, Q = \quire.zero_counter_rg_numZeroSegs).
Adding EN signal on $flatten\quire.$procdff$1691 ($dff) from module mkPositCore (D = \quire.zero_counter_rg_firstNonZeroSeg$D_IN, Q = \quire.zero_counter_rg_firstNonZeroSeg).
Adding SRST signal on $flatten\quire.$procdff$1690 ($dff) from module mkPositCore (D = $flatten\quire.$procmux$1377_Y, Q = \quire.vrg_quire_seg_zero_6, rval = 1'1).
Adding EN signal on $auto$ff.cc:266:slice$2211 ($sdff) from module mkPositCore (D = \quire.vrg_quire_seg_zero_6$D_IN, Q = \quire.vrg_quire_seg_zero_6).
Adding SRST signal on $flatten\quire.$procdff$1689 ($dff) from module mkPositCore (D = $flatten\quire.$procmux$1382_Y, Q = \quire.vrg_quire_seg_zero_5, rval = 1'1).
Adding EN signal on $auto$ff.cc:266:slice$2213 ($sdff) from module mkPositCore (D = \quire.vrg_quire_seg_zero_5$D_IN, Q = \quire.vrg_quire_seg_zero_5).
Adding SRST signal on $flatten\quire.$procdff$1688 ($dff) from module mkPositCore (D = $flatten\quire.$procmux$1387_Y, Q = \quire.vrg_quire_seg_zero_4, rval = 1'1).
Adding EN signal on $auto$ff.cc:266:slice$2215 ($sdff) from module mkPositCore (D = \quire.vrg_quire_seg_zero_4$D_IN, Q = \quire.vrg_quire_seg_zero_4).
Adding SRST signal on $flatten\quire.$procdff$1687 ($dff) from module mkPositCore (D = $flatten\quire.$procmux$1392_Y, Q = \quire.vrg_quire_seg_zero_3, rval = 1'1).
Adding EN signal on $auto$ff.cc:266:slice$2217 ($sdff) from module mkPositCore (D = \quire.vrg_quire_seg_zero_3$D_IN, Q = \quire.vrg_quire_seg_zero_3).
Adding SRST signal on $flatten\quire.$procdff$1686 ($dff) from module mkPositCore (D = $flatten\quire.$procmux$1397_Y, Q = \quire.vrg_quire_seg_zero_2, rval = 1'1).
Adding EN signal on $auto$ff.cc:266:slice$2219 ($sdff) from module mkPositCore (D = \quire.vrg_quire_seg_zero_2$D_IN, Q = \quire.vrg_quire_seg_zero_2).
Adding SRST signal on $flatten\quire.$procdff$1685 ($dff) from module mkPositCore (D = $flatten\quire.$procmux$1402_Y, Q = \quire.vrg_quire_seg_zero_1, rval = 1'1).
Adding EN signal on $auto$ff.cc:266:slice$2221 ($sdff) from module mkPositCore (D = \quire.vrg_quire_seg_zero_1$D_IN, Q = \quire.vrg_quire_seg_zero_1).
Adding SRST signal on $flatten\quire.$procdff$1684 ($dff) from module mkPositCore (D = $flatten\quire.$procmux$1407_Y, Q = \quire.vrg_quire_seg_zero_0, rval = 1'1).
Adding EN signal on $auto$ff.cc:266:slice$2223 ($sdff) from module mkPositCore (D = \quire.vrg_quire_seg_zero_0$D_IN, Q = \quire.vrg_quire_seg_zero_0).
Adding SRST signal on $flatten\quire.$procdff$1683 ($dff) from module mkPositCore (D = $flatten\quire.$procmux$1412_Y, Q = \quire.vrg_quire_6, rval = 0).
Adding EN signal on $auto$ff.cc:266:slice$2225 ($sdff) from module mkPositCore (D = \quire.vrg_quire_6$D_IN, Q = \quire.vrg_quire_6).
Adding SRST signal on $flatten\quire.$procdff$1682 ($dff) from module mkPositCore (D = $flatten\quire.$procmux$1417_Y, Q = \quire.vrg_quire_5, rval = 0).
Adding EN signal on $auto$ff.cc:266:slice$2227 ($sdff) from module mkPositCore (D = \quire.vrg_quire_5$D_IN, Q = \quire.vrg_quire_5).
Adding SRST signal on $flatten\quire.$procdff$1681 ($dff) from module mkPositCore (D = $flatten\quire.$procmux$1422_Y, Q = \quire.vrg_quire_4, rval = 0).
Adding EN signal on $auto$ff.cc:266:slice$2229 ($sdff) from module mkPositCore (D = \quire.vrg_quire_4$D_IN, Q = \quire.vrg_quire_4).
Adding SRST signal on $flatten\quire.$procdff$1680 ($dff) from module mkPositCore (D = $flatten\quire.$procmux$1427_Y, Q = \quire.vrg_quire_3, rval = 0).
Adding EN signal on $auto$ff.cc:266:slice$2231 ($sdff) from module mkPositCore (D = \quire.vrg_quire_3$D_IN, Q = \quire.vrg_quire_3).
Adding SRST signal on $flatten\quire.$procdff$1679 ($dff) from module mkPositCore (D = $flatten\quire.$procmux$1432_Y, Q = \quire.vrg_quire_2, rval = 0).
Adding EN signal on $auto$ff.cc:266:slice$2233 ($sdff) from module mkPositCore (D = \quire.vrg_quire_2$D_IN, Q = \quire.vrg_quire_2).
Adding SRST signal on $flatten\quire.$procdff$1678 ($dff) from module mkPositCore (D = $flatten\quire.$procmux$1437_Y, Q = \quire.vrg_quire_1, rval = 0).
Adding EN signal on $auto$ff.cc:266:slice$2235 ($sdff) from module mkPositCore (D = \quire.vrg_quire_1$D_IN, Q = \quire.vrg_quire_1).
Adding SRST signal on $flatten\quire.$procdff$1677 ($dff) from module mkPositCore (D = $flatten\quire.$procmux$1442_Y, Q = \quire.vrg_quire_0, rval = 0).
Adding EN signal on $auto$ff.cc:266:slice$2237 ($sdff) from module mkPositCore (D = \quire.vrg_quire_0$D_IN, Q = \quire.vrg_quire_0).
Adding SRST signal on $flatten\quire.$procdff$1676 ($dff) from module mkPositCore (D = $flatten\quire.$procmux$1447_Y, Q = \quire.seg_adder_rg_inFlight, rval = 3'000).
Adding EN signal on $auto$ff.cc:266:slice$2239 ($sdff) from module mkPositCore (D = \quire.seg_adder_rg_inFlight$D_IN, Q = \quire.seg_adder_rg_inFlight).
Adding SRST signal on $flatten\quire.$procdff$1675 ($dff) from module mkPositCore (D = $flatten\quire.$procmux$1452_Y, Q = \quire.rg_seg_zero_upd, rval = 1'1).
Adding EN signal on $auto$ff.cc:266:slice$2241 ($sdff) from module mkPositCore (D = \quire.rg_seg_zero_upd$D_IN, Q = \quire.rg_seg_zero_upd).
Adding SRST signal on $flatten\quire.$procdff$1674 ($dff) from module mkPositCore (D = $flatten\quire.$procmux$1457_Y, Q = \quire.rg_read_busy, rval = 1'0).
Adding EN signal on $auto$ff.cc:266:slice$2243 ($sdff) from module mkPositCore (D = \quire.MUX_rg_read_busy$write_1__SEL_1, Q = \quire.rg_read_busy).
Adding SRST signal on $flatten\ptof.\ffO.$procdff$1707 ($dff) from module mkPositCore (D = $flatten\ptof.\ffO.$procmux$1620_Y, Q = \ptof.ffO.full_reg, rval = 1'1).
Adding EN signal on $auto$ff.cc:266:slice$2245 ($sdff) from module mkPositCore (D = $flatten\ptof.\ffO.$procmux$1620_Y, Q = \ptof.ffO.full_reg).
Adding SRST signal on $flatten\ptof.\ffO.$procdff$1706 ($dff) from module mkPositCore (D = $flatten\ptof.\ffO.$procmux$1631_Y, Q = \ptof.ffO.empty_reg, rval = 1'0).
Adding EN signal on $auto$ff.cc:266:slice$2249 ($sdff) from module mkPositCore (D = $flatten\ptof.\ffO.$procmux$1631_Y, Q = \ptof.ffO.empty_reg).
Adding EN signal on $flatten\ptof.\ffO.$procdff$1705 ($dff) from module mkPositCore (D = { \ptof.float_no__h169 \ptof.ffO.D_IN [2:1] \ptof.add_round__h167 }, Q = \ptof.ffO.data1_reg).
Adding SRST signal on $flatten\normalizer.\fifo_output_reg.$procdff$1646 ($dff) from module mkPositCore (D = $flatten\normalizer.\fifo_output_reg.$procmux$1157_Y, Q = \normalizer.fifo_output_reg.full_reg, rval = 1'1).
Adding EN signal on $auto$ff.cc:266:slice$2254 ($sdff) from module mkPositCore (D = $flatten\normalizer.\fifo_output_reg.$procmux$1157_Y, Q = \normalizer.fifo_output_reg.full_reg).
Adding SRST signal on $flatten\normalizer.\fifo_output_reg.$procdff$1645 ($dff) from module mkPositCore (D = $flatten\normalizer.\fifo_output_reg.$procmux$1168_Y, Q = \normalizer.fifo_output_reg.empty_reg, rval = 1'0).
Adding EN signal on $auto$ff.cc:266:slice$2258 ($sdff) from module mkPositCore (D = $flatten\normalizer.\fifo_output_reg.$procmux$1168_Y, Q = \normalizer.fifo_output_reg.empty_reg).
Adding EN signal on $flatten\normalizer.\fifo_output_reg.$procdff$1644 ($dff) from module mkPositCore (D = { \normalizer.output_regf_posit__h174 \normalizer.request_put [39:37] 1'0 }, Q = \normalizer.fifo_output_reg.data1_reg).
Adding SRST signal on $flatten\multiplier.\ff_to_quire.$procdff$1650 ($dff) from module mkPositCore (D = $flatten\multiplier.\ff_to_quire.$procmux$1194_Y, Q = \multiplier.ff_to_quire.empty_reg, rval = 1'0).
Adding EN signal on $auto$ff.cc:266:slice$2263 ($sdff) from module mkPositCore (D = $flatten\multiplier.\ff_to_quire.$procmux$1194_Y, Q = \multiplier.ff_to_quire.empty_reg).
Adding EN signal on $flatten\multiplier.\ff_to_quire.$procdff$1649 ($dff) from module mkPositCore (D = { \multiplier.ff_pipe_reg.D_OUT [64] \multiplier.qif__h247 \multiplier.ff_pipe_reg.D_OUT [67:65] 2'01 }, Q = \multiplier.ff_to_quire.D_OUT).
Adding SRST signal on $flatten\multiplier.\ff_pipe_reg.$procdff$1648 ($dff) from module mkPositCore (D = $flatten\multiplier.\ff_pipe_reg.$procmux$1181_Y, Q = \multiplier.ff_pipe_reg.empty_reg, rval = 1'0).
Adding EN signal on $auto$ff.cc:266:slice$2268 ($sdff) from module mkPositCore (D = $flatten\multiplier.\ff_pipe_reg.$procmux$1181_Y, Q = \multiplier.ff_pipe_reg.empty_reg).
Adding EN signal on $flatten\multiplier.\ff_pipe_reg.$procdff$1647 ($dff) from module mkPositCore (D = { \multiplier.ff_pipe_reg.D_IN [67:65] \multiplier.stage0_regf_sign__h2506 \multiplier.SEXT_request_put_BITS_72_TO_64_5_6_PLUS_SEXT_r_ETC___d79 \multiplier._0_CONCAT_IF_request_put_BITS_75_TO_74_3_EQ_2_9_ETC___d86 [53:0] }, Q = \multiplier.ff_pipe_reg.D_OUT).
Adding SRST signal on $auto$ff.cc:266:slice$2272 ($dffe) from module mkPositCore (D = $flatten\multiplier.$ternary$/teamspace/studios/this_studio/Melodica-Integration-into-Fife-Core/Learn_Bluespec_and_RISCV_Design/Code/Build/Fife/verilog/mkMultiplier.v:155$575_Y, Q = \multiplier.ff_pipe_reg.D_OUT [66:65], rval = 2'10).
Adding SRST signal on $flatten\ftop.\ffO.$procdff$1654 ($dff) from module mkPositCore (D = $flatten\ftop.\ffO.$procmux$1220_Y, Q = \ftop.ffO.empty_reg, rval = 1'0).
Adding EN signal on $auto$ff.cc:266:slice$2275 ($sdff) from module mkPositCore (D = $flatten\ftop.\ffO.$procmux$1220_Y, Q = \ftop.ffO.empty_reg).
Adding EN signal on $flatten\ftop.\ffO.$procdff$1653 ($dff) from module mkPositCore (D = { \ffI.data0_reg [103] \ftop.ffO.D_IN [39:37] \ftop.x_scale__h164 \ftop.IF_IF_SEXT__0_CONCAT_request_put_BITS_30_TO_23_ETC___d53 }, Q = \ftop.ffO.D_OUT).
Adding SRST signal on $auto$ff.cc:266:slice$2279 ($dffe) from module mkPositCore (D = $flatten\ftop.$ternary$/teamspace/studios/this_studio/Melodica-Integration-into-Fife-Core/Learn_Bluespec_and_RISCV_Design/Code/Build/Fife/verilog/mkFtoP_PNE.v:120$677_Y, Q = \ftop.ffO.D_OUT [39:38], rval = 2'01).
Adding SRST signal on $auto$ff.cc:266:slice$2279 ($dffe) from module mkPositCore (D = \ftop._0_CONCAT_request_put_BITS_30_TO_23_MINUS_127__q1 [4:0], Q = \ftop.ffO.D_OUT [32:28], rval = 5'10000).
Adding SRST signal on $auto$ff.cc:266:slice$2279 ($dffe) from module mkPositCore (D = $flatten\ftop.$ternary$/teamspace/studios/this_studio/Melodica-Integration-into-Fife-Core/Learn_Bluespec_and_RISCV_Design/Code/Build/Fife/verilog/mkFtoP_PNE.v:200$709_Y [8:5], Q = \ftop.ffO.D_OUT [36:33], rval = 4'1000).
Adding SRST signal on $flatten\ffO.$procdff$1703 ($dff) from module mkPositCore (D = $flatten\ffO.$procmux$1609_Y, Q = \ffO.empty_reg, rval = 1'0).
Adding EN signal on $auto$ff.cc:266:slice$2288 ($sdff) from module mkPositCore (D = $flatten\ffO.$procmux$1609_Y, Q = \ffO.empty_reg).
Adding EN signal on $flatten\ffO.$procdff$1702 ($dff) from module mkPositCore (D = \ffO.D_IN, Q = \ffO.D_OUT).
Adding SRST signal on $auto$ff.cc:266:slice$2292 ($dffe) from module mkPositCore (D = \normalizer.fifo_output_reg.data0_reg [1], Q = \ffO.D_OUT [4], rval = 1'0).
Adding SRST signal on $flatten\ffI.$procdff$1701 ($dff) from module mkPositCore (D = $flatten\ffI.$procmux$1585_Y, Q = \ffI.full_reg, rval = 1'1).
Adding EN signal on $auto$ff.cc:266:slice$2295 ($sdff) from module mkPositCore (D = $flatten\ffI.$procmux$1585_Y, Q = \ffI.full_reg).
Adding SRST signal on $flatten\ffI.$procdff$1700 ($dff) from module mkPositCore (D = $flatten\ffI.$procmux$1596_Y, Q = \ffI.empty_reg, rval = 1'0).
Adding EN signal on $auto$ff.cc:266:slice$2299 ($sdff) from module mkPositCore (D = $flatten\ffI.$procmux$1596_Y, Q = \ffI.empty_reg).
Adding EN signal on $flatten\ffI.$procdff$1699 ($dff) from module mkPositCore (D = \server_core_request_put, Q = \ffI.data1_reg).
Adding SRST signal on $flatten\extracter2.\ff_extract_out.$procdff$1642 ($dff) from module mkPositCore (D = $flatten\extracter2.\ff_extract_out.$procmux$1135_Y, Q = \extracter2.ff_extract_out.full_reg, rval = 1'1).
Adding EN signal on $auto$ff.cc:266:slice$2304 ($sdff) from module mkPositCore (D = $flatten\extracter2.\ff_extract_out.$procmux$1135_Y, Q = \extracter2.ff_extract_out.full_reg).
Adding SRST signal on $flatten\extracter2.\ff_extract_out.$procdff$1641 ($dff) from module mkPositCore (D = $flatten\extracter2.\ff_extract_out.$procmux$1146_Y, Q = \extracter2.ff_extract_out.empty_reg, rval = 1'0).
Adding EN signal on $auto$ff.cc:266:slice$2308 ($sdff) from module mkPositCore (D = $flatten\extracter2.\ff_extract_out.$procmux$1146_Y, Q = \extracter2.ff_extract_out.empty_reg).
Adding EN signal on $flatten\extracter2.\ff_extract_out.$procdff$1640 ($dff) from module mkPositCore (D = { \extracter2.ff_extract_out.D_IN [37:36] \extracter2.request_put [31] \extracter2.ff_extract_out.D_IN [34:0] }, Q = \extracter2.ff_extract_out.data1_reg).
Adding SRST signal on $flatten\extracter1.\ff_extract_out.$procdff$1642 ($dff) from module mkPositCore (D = $flatten\extracter1.\ff_extract_out.$procmux$1135_Y, Q = \extracter1.ff_extract_out.full_reg, rval = 1'1).
Adding EN signal on $auto$ff.cc:266:slice$2313 ($sdff) from module mkPositCore (D = $flatten\extracter1.\ff_extract_out.$procmux$1135_Y, Q = \extracter1.ff_extract_out.full_reg).
Adding SRST signal on $flatten\extracter1.\ff_extract_out.$procdff$1641 ($dff) from module mkPositCore (D = $flatten\extracter1.\ff_extract_out.$procmux$1146_Y, Q = \extracter1.ff_extract_out.empty_reg, rval = 1'0).
Adding EN signal on $auto$ff.cc:266:slice$2317 ($sdff) from module mkPositCore (D = $flatten\extracter1.\ff_extract_out.$procmux$1146_Y, Q = \extracter1.ff_extract_out.empty_reg).
Adding EN signal on $flatten\extracter1.\ff_extract_out.$procdff$1640 ($dff) from module mkPositCore (D = { \extracter1.ff_extract_out.D_IN [37:36] \ffI.data0_reg [103] \extracter1.ff_extract_out.D_IN [34:0] }, Q = \extracter1.ff_extract_out.data1_reg).
Adding SRST signal on $flatten\cmd_stg3_f.$procdff$1697 ($dff) from module mkPositCore (D = $flatten\cmd_stg3_f.$procmux$1563_Y, Q = \cmd_stg3_f.full_reg, rval = 1'1).
Adding EN signal on $auto$ff.cc:266:slice$2322 ($sdff) from module mkPositCore (D = $flatten\cmd_stg3_f.$procmux$1563_Y, Q = \cmd_stg3_f.full_reg).
Adding SRST signal on $flatten\cmd_stg3_f.$procdff$1696 ($dff) from module mkPositCore (D = $flatten\cmd_stg3_f.$procmux$1574_Y, Q = \cmd_stg3_f.empty_reg, rval = 1'0).
Adding EN signal on $auto$ff.cc:266:slice$2326 ($sdff) from module mkPositCore (D = $flatten\cmd_stg3_f.$procmux$1574_Y, Q = \cmd_stg3_f.empty_reg).
Adding EN signal on $flatten\cmd_stg3_f.$procdff$1695 ($dff) from module mkPositCore (D = \cmd_stg2_f.data0_reg, Q = \cmd_stg3_f.data1_reg).
Adding SRST signal on $flatten\cmd_stg2_f.$procdff$1697 ($dff) from module mkPositCore (D = $flatten\cmd_stg2_f.$procmux$1563_Y, Q = \cmd_stg2_f.full_reg, rval = 1'1).
Adding EN signal on $auto$ff.cc:266:slice$2331 ($sdff) from module mkPositCore (D = $flatten\cmd_stg2_f.$procmux$1563_Y, Q = \cmd_stg2_f.full_reg).
Adding SRST signal on $flatten\cmd_stg2_f.$procdff$1696 ($dff) from module mkPositCore (D = $flatten\cmd_stg2_f.$procmux$1574_Y, Q = \cmd_stg2_f.empty_reg, rval = 1'0).
Adding EN signal on $auto$ff.cc:266:slice$2335 ($sdff) from module mkPositCore (D = $flatten\cmd_stg2_f.$procmux$1574_Y, Q = \cmd_stg2_f.empty_reg).
Adding EN signal on $flatten\cmd_stg2_f.$procdff$1695 ($dff) from module mkPositCore (D = \ffI.data0_reg [2:0], Q = \cmd_stg2_f.data1_reg).
Setting constant 1-bit at position 0 on $auto$ff.cc:266:slice$2267 ($dffe) from module mkPositCore.
Setting constant 0-bit at position 1 on $auto$ff.cc:266:slice$2267 ($dffe) from module mkPositCore.
Setting constant 0-bit at position 0 on $auto$ff.cc:266:slice$2262 ($dffe) from module mkPositCore.

14.9.7. Executing OPT_CLEAN pass (remove unused cells and wires).
Finding unused cells or wires in module \mkPositCore..
Removed 154 unused cells and 151 unused wires.
<suppressed ~155 debug messages>

14.9.8. Executing OPT_EXPR pass (perform const folding).
Optimizing module mkPositCore.
<suppressed ~85 debug messages>

14.9.9. Rerunning OPT passes. (Maybe there is more to do..)

14.9.10. Executing OPT_MUXTREE pass (detect dead branches in mux trees).
Running muxtree optimizer on module \mkPositCore..
  Creating internal representation of mux trees.
  Evaluating internal representation of mux trees.
  Analyzing evaluation results.
Removed 0 multiplexer ports.
<suppressed ~209 debug messages>

14.9.11. Executing OPT_REDUCE pass (consolidate $*mux and $reduce_* inputs).
  Optimizing cells in module \mkPositCore.
Performed a total of 0 changes.

14.9.12. Executing OPT_MERGE pass (detect identical cells).
Finding identical cells in module `\mkPositCore'.
<suppressed ~105 debug messages>
Removed a total of 35 cells.

14.9.13. Executing OPT_DFF pass (perform DFF optimizations).

14.9.14. Executing OPT_CLEAN pass (remove unused cells and wires).
Finding unused cells or wires in module \mkPositCore..
Removed 0 unused cells and 35 unused wires.
<suppressed ~1 debug messages>

14.9.15. Executing OPT_EXPR pass (perform const folding).
Optimizing module mkPositCore.

14.9.16. Rerunning OPT passes. (Maybe there is more to do..)

14.9.17. Executing OPT_MUXTREE pass (detect dead branches in mux trees).
Running muxtree optimizer on module \mkPositCore..
  Creating internal representation of mux trees.
  Evaluating internal representation of mux trees.
  Analyzing evaluation results.
Removed 0 multiplexer ports.
<suppressed ~210 debug messages>

14.9.18. Executing OPT_REDUCE pass (consolidate $*mux and $reduce_* inputs).
  Optimizing cells in module \mkPositCore.
Performed a total of 0 changes.

14.9.19. Executing OPT_MERGE pass (detect identical cells).
Finding identical cells in module `\mkPositCore'.
Removed a total of 0 cells.

14.9.20. Executing OPT_DFF pass (perform DFF optimizations).

14.9.21. Executing OPT_CLEAN pass (remove unused cells and wires).
Finding unused cells or wires in module \mkPositCore..

14.9.22. Executing OPT_EXPR pass (perform const folding).
Optimizing module mkPositCore.

14.9.23. Finished OPT passes. (There is nothing left to do.)

14.10. Executing WREDUCE pass (reducing word size of cells).
Removed top 28 address bits (of 32) from memory init port mkPositCore.$flatten\normalizer.$auto$mem.cc:319:emit$1131 ($flatten\normalizer.$auto$proc_rom.cc:150:do_switch$1129).
Removed top 1 bits (of 3) from port B of cell mkPositCore.$ne$/teamspace/studios/this_studio/Melodica-Integration-into-Fife-Core/Learn_Bluespec_and_RISCV_Design/Code/Build/Fife/verilog/mkPositCore.v:329$762 ($ne).
Removed top 1 bits (of 3) from port B of cell mkPositCore.$eq$/teamspace/studios/this_studio/Melodica-Integration-into-Fife-Core/Learn_Bluespec_and_RISCV_Design/Code/Build/Fife/verilog/mkPositCore.v:336$768 ($eq).
Removed top 2 bits (of 3) from port B of cell mkPositCore.$eq$/teamspace/studios/this_studio/Melodica-Integration-into-Fife-Core/Learn_Bluespec_and_RISCV_Design/Code/Build/Fife/verilog/mkPositCore.v:353$781 ($eq).
Removed top 1 bits (of 3) from port B of cell mkPositCore.$eq$/teamspace/studios/this_studio/Melodica-Integration-into-Fife-Core/Learn_Bluespec_and_RISCV_Design/Code/Build/Fife/verilog/mkPositCore.v:362$788 ($eq).
Removed top 1 bits (of 3) from port B of cell mkPositCore.$eq$/teamspace/studios/this_studio/Melodica-Integration-into-Fife-Core/Learn_Bluespec_and_RISCV_Design/Code/Build/Fife/verilog/mkPositCore.v:371$793 ($eq).
Removed top 2 bits (of 3) from port B of cell mkPositCore.$eq$/teamspace/studios/this_studio/Melodica-Integration-into-Fife-Core/Learn_Bluespec_and_RISCV_Design/Code/Build/Fife/verilog/mkPositCore.v:387$803 ($eq).
Removed top 1 bits (of 3) from port B of cell mkPositCore.$eq$/teamspace/studios/this_studio/Melodica-Integration-into-Fife-Core/Learn_Bluespec_and_RISCV_Design/Code/Build/Fife/verilog/mkPositCore.v:407$823 ($eq).
Removed top 1 bits (of 3) from port B of cell mkPositCore.$eq$/teamspace/studios/this_studio/Melodica-Integration-into-Fife-Core/Learn_Bluespec_and_RISCV_Design/Code/Build/Fife/verilog/mkPositCore.v:415$827 ($eq).
Removed top 2 bits (of 3) from port B of cell mkPositCore.$eq$/teamspace/studios/this_studio/Melodica-Integration-into-Fife-Core/Learn_Bluespec_and_RISCV_Design/Code/Build/Fife/verilog/mkPositCore.v:432$835 ($eq).
Removed top 1 bits (of 2) from port B of cell mkPositCore.$eq$/teamspace/studios/this_studio/Melodica-Integration-into-Fife-Core/Learn_Bluespec_and_RISCV_Design/Code/Build/Fife/verilog/mkPositCore.v:440$842 ($eq).
Removed top 1 bits (of 2) from port B of cell mkPositCore.$eq$/teamspace/studios/this_studio/Melodica-Integration-into-Fife-Core/Learn_Bluespec_and_RISCV_Design/Code/Build/Fife/verilog/mkPositCore.v:449$845 ($eq).
Removed top 7 bits (of 8) from port B of cell mkPositCore.$add$/teamspace/studios/this_studio/Melodica-Integration-into-Fife-Core/Learn_Bluespec_and_RISCV_Design/Code/Build/Fife/verilog/mkPositCore.v:452$846 ($add).
Removed top 7 bits (of 8) from port B of cell mkPositCore.$sub$/teamspace/studios/this_studio/Melodica-Integration-into-Fife-Core/Learn_Bluespec_and_RISCV_Design/Code/Build/Fife/verilog/mkPositCore.v:453$847 ($sub).
Removed top 31 bits (of 32) from port B of cell mkPositCore.$add$/teamspace/studios/this_studio/Melodica-Integration-into-Fife-Core/Learn_Bluespec_and_RISCV_Design/Code/Build/Fife/verilog/mkPositCore.v:506$873 ($add).
Removed top 8 bits (of 9) from port B of cell mkPositCore.$flatten\extracter1.$add$/teamspace/studios/this_studio/Melodica-Integration-into-Fife-Core/Learn_Bluespec_and_RISCV_Design/Code/Build/Fife/verilog/mkExtracter.v:195$656 ($add).
Removed top 6 bits (of 9) from port B of cell mkPositCore.$flatten\extracter1.$add$/teamspace/studios/this_studio/Melodica-Integration-into-Fife-Core/Learn_Bluespec_and_RISCV_Design/Code/Build/Fife/verilog/mkExtracter.v:195$655 ($add).
Removed top 1 bits (of 2) from mux cell mkPositCore.$flatten\extracter1.$ternary$/teamspace/studios/this_studio/Melodica-Integration-into-Fife-Core/Learn_Bluespec_and_RISCV_Design/Code/Build/Fife/verilog/mkExtracter.v:134$635 ($mux).
Removed top 8 bits (of 9) from port B of cell mkPositCore.$flatten\extracter2.$add$/teamspace/studios/this_studio/Melodica-Integration-into-Fife-Core/Learn_Bluespec_and_RISCV_Design/Code/Build/Fife/verilog/mkExtracter.v:195$656 ($add).
Removed top 6 bits (of 9) from port B of cell mkPositCore.$flatten\extracter2.$add$/teamspace/studios/this_studio/Melodica-Integration-into-Fife-Core/Learn_Bluespec_and_RISCV_Design/Code/Build/Fife/verilog/mkExtracter.v:195$655 ($add).
Removed top 1 bits (of 2) from mux cell mkPositCore.$flatten\extracter2.$ternary$/teamspace/studios/this_studio/Melodica-Integration-into-Fife-Core/Learn_Bluespec_and_RISCV_Design/Code/Build/Fife/verilog/mkExtracter.v:134$635 ($mux).
Removed top 5 bits (of 6) from port B of cell mkPositCore.$flatten\ftop.$add$/teamspace/studios/this_studio/Melodica-Integration-into-Fife-Core/Learn_Bluespec_and_RISCV_Design/Code/Build/Fife/verilog/mkFtoP_PNE.v:196$708 ($add).
Removed top 1 bits (of 27) from port Y of cell mkPositCore.$flatten\ftop.$shr$/teamspace/studios/this_studio/Melodica-Integration-into-Fife-Core/Learn_Bluespec_and_RISCV_Design/Code/Build/Fife/verilog/mkFtoP_PNE.v:194$707 ($shr).
Removed top 1 bits (of 9) from port A of cell mkPositCore.$flatten\ftop.$sub$/teamspace/studios/this_studio/Melodica-Integration-into-Fife-Core/Learn_Bluespec_and_RISCV_Design/Code/Build/Fife/verilog/mkFtoP_PNE.v:191$706 ($sub).
Removed top 2 bits (of 9) from port B of cell mkPositCore.$flatten\ftop.$sub$/teamspace/studios/this_studio/Melodica-Integration-into-Fife-Core/Learn_Bluespec_and_RISCV_Design/Code/Build/Fife/verilog/mkFtoP_PNE.v:191$706 ($sub).
Removed top 1 bits (of 9) from port Y of cell mkPositCore.$flatten\ftop.$sub$/teamspace/studios/this_studio/Melodica-Integration-into-Fife-Core/Learn_Bluespec_and_RISCV_Design/Code/Build/Fife/verilog/mkFtoP_PNE.v:191$706 ($sub).
Removed top 1 bits (of 9) from port B of cell mkPositCore.$flatten\ftop.$sub$/teamspace/studios/this_studio/Melodica-Integration-into-Fife-Core/Learn_Bluespec_and_RISCV_Design/Code/Build/Fife/verilog/mkFtoP_PNE.v:186$705 ($sub).
Removed top 1 bits (of 9) from port Y of cell mkPositCore.$flatten\ftop.$sub$/teamspace/studios/this_studio/Melodica-Integration-into-Fife-Core/Learn_Bluespec_and_RISCV_Design/Code/Build/Fife/verilog/mkFtoP_PNE.v:186$705 ($sub).
Removed top 1 bits (of 9) from port A of cell mkPositCore.$flatten\ftop.$sub$/teamspace/studios/this_studio/Melodica-Integration-into-Fife-Core/Learn_Bluespec_and_RISCV_Design/Code/Build/Fife/verilog/mkFtoP_PNE.v:186$705 ($sub).
Removed top 1 bits (of 9) from port Y of cell mkPositCore.$flatten\ftop.$sub$/teamspace/studios/this_studio/Melodica-Integration-into-Fife-Core/Learn_Bluespec_and_RISCV_Design/Code/Build/Fife/verilog/mkFtoP_PNE.v:183$704 ($sub).
Removed top 1 bits (of 9) from port A of cell mkPositCore.$flatten\ftop.$sub$/teamspace/studios/this_studio/Melodica-Integration-into-Fife-Core/Learn_Bluespec_and_RISCV_Design/Code/Build/Fife/verilog/mkFtoP_PNE.v:183$704 ($sub).
Removed top 4 bits (of 9) from port B of cell mkPositCore.$flatten\ftop.$sub$/teamspace/studios/this_studio/Melodica-Integration-into-Fife-Core/Learn_Bluespec_and_RISCV_Design/Code/Build/Fife/verilog/mkFtoP_PNE.v:183$704 ($sub).
Removed top 4 bits (of 9) from port B of cell mkPositCore.$flatten\ftop.$lt$/teamspace/studios/this_studio/Melodica-Integration-into-Fife-Core/Learn_Bluespec_and_RISCV_Design/Code/Build/Fife/verilog/mkFtoP_PNE.v:175$701 ($lt).
Removed top 2 bits (of 8) from mux cell mkPositCore.$flatten\ftop.$ternary$/teamspace/studios/this_studio/Melodica-Integration-into-Fife-Core/Learn_Bluespec_and_RISCV_Design/Code/Build/Fife/verilog/mkFtoP_PNE.v:166$699 ($mux).
Removed top 2 bits (of 8) from mux cell mkPositCore.$flatten\ftop.$ternary$/teamspace/studios/this_studio/Melodica-Integration-into-Fife-Core/Learn_Bluespec_and_RISCV_Design/Code/Build/Fife/verilog/mkFtoP_PNE.v:160$696 ($mux).
Removed top 1 bits (of 8) from port B of cell mkPositCore.$flatten\ftop.$le$/teamspace/studios/this_studio/Melodica-Integration-into-Fife-Core/Learn_Bluespec_and_RISCV_Design/Code/Build/Fife/verilog/mkFtoP_PNE.v:160$695 ($le).
Removed top 95 bits (of 192) from port A of cell mkPositCore.$flatten\multiplier.$shr$/teamspace/studios/this_studio/Melodica-Integration-into-Fife-Core/Learn_Bluespec_and_RISCV_Design/Code/Build/Fife/verilog/mkMultiplier.v:208$611 ($shr).
Removed top 182 bits (of 192) from port B of cell mkPositCore.$flatten\multiplier.$shr$/teamspace/studios/this_studio/Melodica-Integration-into-Fife-Core/Learn_Bluespec_and_RISCV_Design/Code/Build/Fife/verilog/mkMultiplier.v:208$611 ($shr).
Removed top 95 bits (of 192) from port A of cell mkPositCore.$flatten\multiplier.$shl$/teamspace/studios/this_studio/Melodica-Integration-into-Fife-Core/Learn_Bluespec_and_RISCV_Design/Code/Build/Fife/verilog/mkMultiplier.v:206$610 ($shl).
Removed top 182 bits (of 192) from port B of cell mkPositCore.$flatten\multiplier.$shl$/teamspace/studios/this_studio/Melodica-Integration-into-Fife-Core/Learn_Bluespec_and_RISCV_Design/Code/Build/Fife/verilog/mkMultiplier.v:206$610 ($shl).
Removed top 9 bits (of 10) from port B of cell mkPositCore.$flatten\multiplier.$add$/teamspace/studios/this_studio/Melodica-Integration-into-Fife-Core/Learn_Bluespec_and_RISCV_Design/Code/Build/Fife/verilog/mkMultiplier.v:204$609 ($add).
Removed top 81 bits (of 108) from port A of cell mkPositCore.$flatten\multiplier.$mul$/teamspace/studios/this_studio/Melodica-Integration-into-Fife-Core/Learn_Bluespec_and_RISCV_Design/Code/Build/Fife/verilog/mkMultiplier.v:196$608 ($mul).
Removed top 81 bits (of 108) from port B of cell mkPositCore.$flatten\multiplier.$mul$/teamspace/studios/this_studio/Melodica-Integration-into-Fife-Core/Learn_Bluespec_and_RISCV_Design/Code/Build/Fife/verilog/mkMultiplier.v:196$608 ($mul).
Removed top 54 bits (of 108) from port Y of cell mkPositCore.$flatten\multiplier.$mul$/teamspace/studios/this_studio/Melodica-Integration-into-Fife-Core/Learn_Bluespec_and_RISCV_Design/Code/Build/Fife/verilog/mkMultiplier.v:196$608 ($mul).
Removed top 1 bits (of 2) from port B of cell mkPositCore.$flatten\multiplier.$eq$/teamspace/studios/this_studio/Melodica-Integration-into-Fife-Core/Learn_Bluespec_and_RISCV_Design/Code/Build/Fife/verilog/mkMultiplier.v:152$580 ($eq).
Removed top 1 bits (of 2) from port B of cell mkPositCore.$flatten\multiplier.$eq$/teamspace/studios/this_studio/Melodica-Integration-into-Fife-Core/Learn_Bluespec_and_RISCV_Design/Code/Build/Fife/verilog/mkMultiplier.v:151$577 ($eq).
Removed top 1 bits (of 2) from mux cell mkPositCore.$flatten\multiplier.$ternary$/teamspace/studios/this_studio/Melodica-Integration-into-Fife-Core/Learn_Bluespec_and_RISCV_Design/Code/Build/Fife/verilog/mkMultiplier.v:155$575 ($mux).
Removed top 3 bits (of 4) from port B of cell mkPositCore.$flatten\normalizer.$procmux$1365_CMP0 ($eq).
Removed top 2 bits (of 4) from port B of cell mkPositCore.$flatten\normalizer.$procmux$1364_CMP0 ($eq).
Removed top 2 bits (of 4) from port B of cell mkPositCore.$flatten\normalizer.$procmux$1363_CMP0 ($eq).
Removed top 1 bits (of 2) from port B of cell mkPositCore.$flatten\normalizer.$procmux$1359_CMP0 ($eq).
Removed top 31 bits (of 32) from port B of cell mkPositCore.$flatten\ptof.$add$/teamspace/studios/this_studio/Melodica-Integration-into-Fife-Core/Learn_Bluespec_and_RISCV_Design/Code/Build/Fife/verilog/mkPtoF_PNE.v:217$757 ($add).
Removed top 5 bits (of 6) from port B of cell mkPositCore.$flatten\ptof.$add$/teamspace/studios/this_studio/Melodica-Integration-into-Fife-Core/Learn_Bluespec_and_RISCV_Design/Code/Build/Fife/verilog/mkPtoF_PNE.v:201$747 ($add).
Removed top 1 bits (of 24) from port Y of cell mkPositCore.$flatten\ptof.$shr$/teamspace/studios/this_studio/Melodica-Integration-into-Fife-Core/Learn_Bluespec_and_RISCV_Design/Code/Build/Fife/verilog/mkPtoF_PNE.v:199$746 ($shr).
Removed top 2 bits (of 9) from port B of cell mkPositCore.$flatten\ptof.$add$/teamspace/studios/this_studio/Melodica-Integration-into-Fife-Core/Learn_Bluespec_and_RISCV_Design/Code/Build/Fife/verilog/mkPtoF_PNE.v:197$745 ($add).
Removed top 1 bits (of 9) from port Y of cell mkPositCore.$flatten\ptof.$add$/teamspace/studios/this_studio/Melodica-Integration-into-Fife-Core/Learn_Bluespec_and_RISCV_Design/Code/Build/Fife/verilog/mkPtoF_PNE.v:197$745 ($add).
Removed top 1 bits (of 9) from port A of cell mkPositCore.$flatten\ptof.$add$/teamspace/studios/this_studio/Melodica-Integration-into-Fife-Core/Learn_Bluespec_and_RISCV_Design/Code/Build/Fife/verilog/mkPtoF_PNE.v:197$745 ($add).
Removed top 1 bits (of 9) from port B of cell mkPositCore.$flatten\ptof.$lt$/teamspace/studios/this_studio/Melodica-Integration-into-Fife-Core/Learn_Bluespec_and_RISCV_Design/Code/Build/Fife/verilog/mkPtoF_PNE.v:183$735 ($lt).
Removed top 2 bits (of 9) from port B of cell mkPositCore.$flatten\ptof.$sub$/teamspace/studios/this_studio/Melodica-Integration-into-Fife-Core/Learn_Bluespec_and_RISCV_Design/Code/Build/Fife/verilog/mkPtoF_PNE.v:177$730 ($sub).
Removed top 3 bits (of 9) from mux cell mkPositCore.$flatten\ptof.$ternary$/teamspace/studios/this_studio/Melodica-Integration-into-Fife-Core/Learn_Bluespec_and_RISCV_Design/Code/Build/Fife/verilog/mkPtoF_PNE.v:146$720 ($mux).
Removed top 1 bits (of 9) from port B of cell mkPositCore.$flatten\ptof.$le$/teamspace/studios/this_studio/Melodica-Integration-into-Fife-Core/Learn_Bluespec_and_RISCV_Design/Code/Build/Fife/verilog/mkPtoF_PNE.v:146$719 ($le).
Removed top 3 bits (of 9) from mux cell mkPositCore.$flatten\ptof.$ternary$/teamspace/studios/this_studio/Melodica-Integration-into-Fife-Core/Learn_Bluespec_and_RISCV_Design/Code/Build/Fife/verilog/mkPtoF_PNE.v:141$717 ($mux).
Removed top 31 bits (of 32) from port B of cell mkPositCore.$flatten\quire.\instance_fn_twosC_quire_2.$add$/teamspace/studios/this_studio/Melodica-Integration-into-Fife-Core/Learn_Bluespec_and_RISCV_Design/Code/Build/Fife/verilog/module_fn_twosC_quire.v:68$84 ($add).
Removed top 31 bits (of 32) from port B of cell mkPositCore.$flatten\quire.\instance_fn_twosC_quire_2.$add$/teamspace/studios/this_studio/Melodica-Integration-into-Fife-Core/Learn_Bluespec_and_RISCV_Design/Code/Build/Fife/verilog/module_fn_twosC_quire.v:75$90 ($add).
Removed top 31 bits (of 32) from port B of cell mkPositCore.$flatten\quire.\instance_fn_twosC_quire_2.$add$/teamspace/studios/this_studio/Melodica-Integration-into-Fife-Core/Learn_Bluespec_and_RISCV_Design/Code/Build/Fife/verilog/module_fn_twosC_quire.v:82$96 ($add).
Removed top 31 bits (of 32) from port B of cell mkPositCore.$flatten\quire.\instance_fn_twosC_quire_2.$add$/teamspace/studios/this_studio/Melodica-Integration-into-Fife-Core/Learn_Bluespec_and_RISCV_Design/Code/Build/Fife/verilog/module_fn_twosC_quire.v:89$102 ($add).
Removed top 31 bits (of 32) from port B of cell mkPositCore.$flatten\quire.\instance_fn_twosC_quire_2.$add$/teamspace/studios/this_studio/Melodica-Integration-into-Fife-Core/Learn_Bluespec_and_RISCV_Design/Code/Build/Fife/verilog/module_fn_twosC_quire.v:96$108 ($add).
Removed top 31 bits (of 32) from port B of cell mkPositCore.$flatten\quire.\instance_fn_twosC_quire_2.$add$/teamspace/studios/this_studio/Melodica-Integration-into-Fife-Core/Learn_Bluespec_and_RISCV_Design/Code/Build/Fife/verilog/module_fn_twosC_quire.v:103$114 ($add).
Removed top 1 bits (of 32) from mux cell mkPositCore.$flatten\quire.\instance_fn_twosC_quire_2.$ternary$/teamspace/studios/this_studio/Melodica-Integration-into-Fife-Core/Learn_Bluespec_and_RISCV_Design/Code/Build/Fife/verilog/module_fn_twosC_quire.v:106$122 ($mux).
Removed top 6 bits (of 7) from port B of cell mkPositCore.$flatten\quire.\instance_fn_twosC_quire_2.$add$/teamspace/studios/this_studio/Melodica-Integration-into-Fife-Core/Learn_Bluespec_and_RISCV_Design/Code/Build/Fife/verilog/module_fn_twosC_quire.v:113$123 ($add).
Removed top 31 bits (of 32) from port B of cell mkPositCore.$flatten\quire.\instance_fn_twosC_quire_0.$add$/teamspace/studios/this_studio/Melodica-Integration-into-Fife-Core/Learn_Bluespec_and_RISCV_Design/Code/Build/Fife/verilog/module_fn_twosC_quire.v:68$84 ($add).
Removed top 31 bits (of 32) from port B of cell mkPositCore.$flatten\quire.\instance_fn_twosC_quire_0.$add$/teamspace/studios/this_studio/Melodica-Integration-into-Fife-Core/Learn_Bluespec_and_RISCV_Design/Code/Build/Fife/verilog/module_fn_twosC_quire.v:75$90 ($add).
Removed top 31 bits (of 32) from port B of cell mkPositCore.$flatten\quire.\instance_fn_twosC_quire_0.$add$/teamspace/studios/this_studio/Melodica-Integration-into-Fife-Core/Learn_Bluespec_and_RISCV_Design/Code/Build/Fife/verilog/module_fn_twosC_quire.v:82$96 ($add).
Removed top 31 bits (of 32) from port B of cell mkPositCore.$flatten\quire.\instance_fn_twosC_quire_0.$add$/teamspace/studios/this_studio/Melodica-Integration-into-Fife-Core/Learn_Bluespec_and_RISCV_Design/Code/Build/Fife/verilog/module_fn_twosC_quire.v:89$102 ($add).
Removed top 31 bits (of 32) from port B of cell mkPositCore.$flatten\quire.\instance_fn_twosC_quire_0.$add$/teamspace/studios/this_studio/Melodica-Integration-into-Fife-Core/Learn_Bluespec_and_RISCV_Design/Code/Build/Fife/verilog/module_fn_twosC_quire.v:96$108 ($add).
Removed top 31 bits (of 32) from port B of cell mkPositCore.$flatten\quire.\instance_fn_twosC_quire_0.$add$/teamspace/studios/this_studio/Melodica-Integration-into-Fife-Core/Learn_Bluespec_and_RISCV_Design/Code/Build/Fife/verilog/module_fn_twosC_quire.v:103$114 ($add).
Removed top 1 bits (of 32) from mux cell mkPositCore.$flatten\quire.\instance_fn_twosC_quire_0.$ternary$/teamspace/studios/this_studio/Melodica-Integration-into-Fife-Core/Learn_Bluespec_and_RISCV_Design/Code/Build/Fife/verilog/module_fn_twosC_quire.v:106$122 ($mux).
Removed top 6 bits (of 7) from port B of cell mkPositCore.$flatten\quire.\instance_fn_twosC_quire_0.$add$/teamspace/studios/this_studio/Melodica-Integration-into-Fife-Core/Learn_Bluespec_and_RISCV_Design/Code/Build/Fife/verilog/module_fn_twosC_quire.v:113$123 ($add).
Removed top 31 bits (of 32) from port B of cell mkPositCore.$flatten\quire.\instance_fn_twosC_quire_1.$add$/teamspace/studios/this_studio/Melodica-Integration-into-Fife-Core/Learn_Bluespec_and_RISCV_Design/Code/Build/Fife/verilog/module_fn_twosC_quire.v:68$84 ($add).
Removed top 31 bits (of 32) from port B of cell mkPositCore.$flatten\quire.\instance_fn_twosC_quire_1.$add$/teamspace/studios/this_studio/Melodica-Integration-into-Fife-Core/Learn_Bluespec_and_RISCV_Design/Code/Build/Fife/verilog/module_fn_twosC_quire.v:75$90 ($add).
Removed top 31 bits (of 32) from port B of cell mkPositCore.$flatten\quire.\instance_fn_twosC_quire_1.$add$/teamspace/studios/this_studio/Melodica-Integration-into-Fife-Core/Learn_Bluespec_and_RISCV_Design/Code/Build/Fife/verilog/module_fn_twosC_quire.v:82$96 ($add).
Removed top 31 bits (of 32) from port B of cell mkPositCore.$flatten\quire.\instance_fn_twosC_quire_1.$add$/teamspace/studios/this_studio/Melodica-Integration-into-Fife-Core/Learn_Bluespec_and_RISCV_Design/Code/Build/Fife/verilog/module_fn_twosC_quire.v:89$102 ($add).
Removed top 31 bits (of 32) from port B of cell mkPositCore.$flatten\quire.\instance_fn_twosC_quire_1.$add$/teamspace/studios/this_studio/Melodica-Integration-into-Fife-Core/Learn_Bluespec_and_RISCV_Design/Code/Build/Fife/verilog/module_fn_twosC_quire.v:96$108 ($add).
Removed top 31 bits (of 32) from port B of cell mkPositCore.$flatten\quire.\instance_fn_twosC_quire_1.$add$/teamspace/studios/this_studio/Melodica-Integration-into-Fife-Core/Learn_Bluespec_and_RISCV_Design/Code/Build/Fife/verilog/module_fn_twosC_quire.v:103$114 ($add).
Removed top 31 bits (of 32) from port B of cell mkPositCore.$flatten\quire.\instance_fn_twosC_quire_1.$add$/teamspace/studios/this_studio/Melodica-Integration-into-Fife-Core/Learn_Bluespec_and_RISCV_Design/Code/Build/Fife/verilog/module_fn_twosC_quire.v:110$120 ($add).
Removed top 1 bits (of 32) from mux cell mkPositCore.$flatten\quire.\instance_fn_twosC_quire_1.$ternary$/teamspace/studios/this_studio/Melodica-Integration-into-Fife-Core/Learn_Bluespec_and_RISCV_Design/Code/Build/Fife/verilog/module_fn_twosC_quire.v:106$122 ($mux).
Removed top 6 bits (of 7) from port B of cell mkPositCore.$flatten\quire.\instance_fn_twosC_quire_1.$add$/teamspace/studios/this_studio/Melodica-Integration-into-Fife-Core/Learn_Bluespec_and_RISCV_Design/Code/Build/Fife/verilog/module_fn_twosC_quire.v:113$123 ($add).
Removed top 1 bits (of 3) from port B of cell mkPositCore.$flatten\quire.\seg_adder_vff_in_6.$procmux$1296_CMP0 ($eq).
Removed top 1 bits (of 3) from port B of cell mkPositCore.$flatten\quire.\seg_adder_vff_in_6.$procmux$1311_CMP0 ($eq).
Removed top 1 bits (of 3) from port B of cell mkPositCore.$flatten\quire.\seg_adder_vff_in_5.$procmux$1296_CMP0 ($eq).
Removed top 1 bits (of 3) from port B of cell mkPositCore.$flatten\quire.\seg_adder_vff_in_5.$procmux$1311_CMP0 ($eq).
Removed top 1 bits (of 3) from port B of cell mkPositCore.$flatten\quire.\seg_adder_vff_in_4.$procmux$1296_CMP0 ($eq).
Removed top 1 bits (of 3) from port B of cell mkPositCore.$flatten\quire.\seg_adder_vff_in_4.$procmux$1311_CMP0 ($eq).
Removed top 1 bits (of 3) from port B of cell mkPositCore.$flatten\quire.\seg_adder_vff_in_3.$procmux$1296_CMP0 ($eq).
Removed top 1 bits (of 3) from port B of cell mkPositCore.$flatten\quire.\seg_adder_vff_in_3.$procmux$1311_CMP0 ($eq).
Removed top 1 bits (of 3) from port B of cell mkPositCore.$flatten\quire.\seg_adder_vff_in_2.$procmux$1296_CMP0 ($eq).
Removed top 1 bits (of 3) from port B of cell mkPositCore.$flatten\quire.\seg_adder_vff_in_2.$procmux$1311_CMP0 ($eq).
Removed top 1 bits (of 3) from port B of cell mkPositCore.$flatten\quire.\seg_adder_vff_in_1.$procmux$1296_CMP0 ($eq).
Removed top 1 bits (of 3) from port B of cell mkPositCore.$flatten\quire.\seg_adder_vff_in_1.$procmux$1311_CMP0 ($eq).
Removed top 1 bits (of 3) from port B of cell mkPositCore.$flatten\quire.\seg_adder_vff_in_0.$procmux$1296_CMP0 ($eq).
Removed top 1 bits (of 3) from port B of cell mkPositCore.$flatten\quire.\seg_adder_vff_in_0.$procmux$1311_CMP0 ($eq).
Removed top 1 bits (of 3) from port B of cell mkPositCore.$flatten\quire.\seg_adder_vff_carry_5.$procmux$1238_CMP0 ($eq).
Removed top 1 bits (of 3) from port B of cell mkPositCore.$flatten\quire.\seg_adder_vff_carry_5.$procmux$1253_CMP0 ($eq).
Removed top 1 bits (of 3) from port B of cell mkPositCore.$flatten\quire.\seg_adder_vff_carry_4.$procmux$1238_CMP0 ($eq).
Removed top 1 bits (of 3) from port B of cell mkPositCore.$flatten\quire.\seg_adder_vff_carry_4.$procmux$1253_CMP0 ($eq).
Removed top 1 bits (of 3) from port B of cell mkPositCore.$flatten\quire.\seg_adder_vff_carry_3.$procmux$1238_CMP0 ($eq).
Removed top 1 bits (of 3) from port B of cell mkPositCore.$flatten\quire.\seg_adder_vff_carry_3.$procmux$1253_CMP0 ($eq).
Removed top 1 bits (of 3) from port B of cell mkPositCore.$flatten\quire.\seg_adder_vff_carry_2.$procmux$1238_CMP0 ($eq).
Removed top 1 bits (of 3) from port B of cell mkPositCore.$flatten\quire.\seg_adder_vff_carry_2.$procmux$1253_CMP0 ($eq).
Removed top 1 bits (of 3) from port B of cell mkPositCore.$flatten\quire.\seg_adder_vff_carry_1.$procmux$1238_CMP0 ($eq).
Removed top 1 bits (of 3) from port B of cell mkPositCore.$flatten\quire.\seg_adder_vff_carry_1.$procmux$1253_CMP0 ($eq).
Removed top 1 bits (of 3) from port B of cell mkPositCore.$flatten\quire.\seg_adder_vff_carry_0.$procmux$1238_CMP0 ($eq).
Removed top 1 bits (of 3) from port B of cell mkPositCore.$flatten\quire.\seg_adder_vff_carry_0.$procmux$1253_CMP0 ($eq).
Removed top 1 bits (of 33) from port A of cell mkPositCore.$flatten\quire.$add$/teamspace/studios/this_studio/Melodica-Integration-into-Fife-Core/Learn_Bluespec_and_RISCV_Design/Code/Build/Fife/verilog/mkQuire.v:1591$533 ($add).
Removed top 1 bits (of 33) from port B of cell mkPositCore.$flatten\quire.$add$/teamspace/studios/this_studio/Melodica-Integration-into-Fife-Core/Learn_Bluespec_and_RISCV_Design/Code/Build/Fife/verilog/mkQuire.v:1591$533 ($add).
Removed top 1 bits (of 33) from port A of cell mkPositCore.$flatten\quire.$add$/teamspace/studios/this_studio/Melodica-Integration-into-Fife-Core/Learn_Bluespec_and_RISCV_Design/Code/Build/Fife/verilog/mkQuire.v:1590$532 ($add).
Removed top 1 bits (of 33) from port B of cell mkPositCore.$flatten\quire.$add$/teamspace/studios/this_studio/Melodica-Integration-into-Fife-Core/Learn_Bluespec_and_RISCV_Design/Code/Build/Fife/verilog/mkQuire.v:1590$532 ($add).
Removed top 1 bits (of 33) from port A of cell mkPositCore.$flatten\quire.$add$/teamspace/studios/this_studio/Melodica-Integration-into-Fife-Core/Learn_Bluespec_and_RISCV_Design/Code/Build/Fife/verilog/mkQuire.v:1589$531 ($add).
Removed top 1 bits (of 33) from port B of cell mkPositCore.$flatten\quire.$add$/teamspace/studios/this_studio/Melodica-Integration-into-Fife-Core/Learn_Bluespec_and_RISCV_Design/Code/Build/Fife/verilog/mkQuire.v:1589$531 ($add).
Removed top 1 bits (of 33) from port A of cell mkPositCore.$flatten\quire.$add$/teamspace/studios/this_studio/Melodica-Integration-into-Fife-Core/Learn_Bluespec_and_RISCV_Design/Code/Build/Fife/verilog/mkQuire.v:1588$530 ($add).
Removed top 1 bits (of 33) from port B of cell mkPositCore.$flatten\quire.$add$/teamspace/studios/this_studio/Melodica-Integration-into-Fife-Core/Learn_Bluespec_and_RISCV_Design/Code/Build/Fife/verilog/mkQuire.v:1588$530 ($add).
Removed top 1 bits (of 33) from port A of cell mkPositCore.$flatten\quire.$add$/teamspace/studios/this_studio/Melodica-Integration-into-Fife-Core/Learn_Bluespec_and_RISCV_Design/Code/Build/Fife/verilog/mkQuire.v:1587$529 ($add).
Removed top 1 bits (of 33) from port B of cell mkPositCore.$flatten\quire.$add$/teamspace/studios/this_studio/Melodica-Integration-into-Fife-Core/Learn_Bluespec_and_RISCV_Design/Code/Build/Fife/verilog/mkQuire.v:1587$529 ($add).
Removed top 1 bits (of 33) from port A of cell mkPositCore.$flatten\quire.$add$/teamspace/studios/this_studio/Melodica-Integration-into-Fife-Core/Learn_Bluespec_and_RISCV_Design/Code/Build/Fife/verilog/mkQuire.v:1586$528 ($add).
Removed top 1 bits (of 33) from port B of cell mkPositCore.$flatten\quire.$add$/teamspace/studios/this_studio/Melodica-Integration-into-Fife-Core/Learn_Bluespec_and_RISCV_Design/Code/Build/Fife/verilog/mkQuire.v:1586$528 ($add).
Removed top 95 bits (of 192) from port A of cell mkPositCore.$flatten\quire.$shr$/teamspace/studios/this_studio/Melodica-Integration-into-Fife-Core/Learn_Bluespec_and_RISCV_Design/Code/Build/Fife/verilog/mkQuire.v:1532$506 ($shr).
Removed top 183 bits (of 192) from port B of cell mkPositCore.$flatten\quire.$shr$/teamspace/studios/this_studio/Melodica-Integration-into-Fife-Core/Learn_Bluespec_and_RISCV_Design/Code/Build/Fife/verilog/mkQuire.v:1532$506 ($shr).
Removed top 95 bits (of 192) from port A of cell mkPositCore.$flatten\quire.$shl$/teamspace/studios/this_studio/Melodica-Integration-into-Fife-Core/Learn_Bluespec_and_RISCV_Design/Code/Build/Fife/verilog/mkQuire.v:1529$504 ($shl).
Removed top 183 bits (of 192) from port B of cell mkPositCore.$flatten\quire.$shl$/teamspace/studios/this_studio/Melodica-Integration-into-Fife-Core/Learn_Bluespec_and_RISCV_Design/Code/Build/Fife/verilog/mkQuire.v:1529$504 ($shl).
Removed top 1 bits (of 9) from port A of cell mkPositCore.$flatten\quire.$add$/teamspace/studios/this_studio/Melodica-Integration-into-Fife-Core/Learn_Bluespec_and_RISCV_Design/Code/Build/Fife/verilog/mkQuire.v:1512$500 ($add).
Removed top 3 bits (of 9) from port B of cell mkPositCore.$flatten\quire.$add$/teamspace/studios/this_studio/Melodica-Integration-into-Fife-Core/Learn_Bluespec_and_RISCV_Design/Code/Build/Fife/verilog/mkQuire.v:1512$500 ($add).
Removed top 8 bits (of 9) from port B of cell mkPositCore.$flatten\quire.$add$/teamspace/studios/this_studio/Melodica-Integration-into-Fife-Core/Learn_Bluespec_and_RISCV_Design/Code/Build/Fife/verilog/mkQuire.v:1503$499 ($add).
Removed top 32 bits (of 33) from port B of cell mkPositCore.$flatten\quire.$add$/teamspace/studios/this_studio/Melodica-Integration-into-Fife-Core/Learn_Bluespec_and_RISCV_Design/Code/Build/Fife/verilog/mkQuire.v:1493$497 ($add).
Removed top 1 bits (of 33) from port Y of cell mkPositCore.$flatten\quire.$add$/teamspace/studios/this_studio/Melodica-Integration-into-Fife-Core/Learn_Bluespec_and_RISCV_Design/Code/Build/Fife/verilog/mkQuire.v:1493$497 ($add).
Removed top 1 bits (of 33) from port A of cell mkPositCore.$flatten\quire.$add$/teamspace/studios/this_studio/Melodica-Integration-into-Fife-Core/Learn_Bluespec_and_RISCV_Design/Code/Build/Fife/verilog/mkQuire.v:1493$497 ($add).
Removed top 32 bits (of 33) from port B of cell mkPositCore.$flatten\quire.$add$/teamspace/studios/this_studio/Melodica-Integration-into-Fife-Core/Learn_Bluespec_and_RISCV_Design/Code/Build/Fife/verilog/mkQuire.v:1491$496 ($add).
Removed top 32 bits (of 33) from port B of cell mkPositCore.$flatten\quire.$add$/teamspace/studios/this_studio/Melodica-Integration-into-Fife-Core/Learn_Bluespec_and_RISCV_Design/Code/Build/Fife/verilog/mkQuire.v:1489$495 ($add).
Removed top 32 bits (of 33) from port B of cell mkPositCore.$flatten\quire.$add$/teamspace/studios/this_studio/Melodica-Integration-into-Fife-Core/Learn_Bluespec_and_RISCV_Design/Code/Build/Fife/verilog/mkQuire.v:1487$494 ($add).
Removed top 32 bits (of 33) from port B of cell mkPositCore.$flatten\quire.$add$/teamspace/studios/this_studio/Melodica-Integration-into-Fife-Core/Learn_Bluespec_and_RISCV_Design/Code/Build/Fife/verilog/mkQuire.v:1485$493 ($add).
Removed top 32 bits (of 33) from port B of cell mkPositCore.$flatten\quire.$add$/teamspace/studios/this_studio/Melodica-Integration-into-Fife-Core/Learn_Bluespec_and_RISCV_Design/Code/Build/Fife/verilog/mkQuire.v:1483$492 ($add).
Removed top 1 bits (of 33) from port A of cell mkPositCore.$flatten\quire.$add$/teamspace/studios/this_studio/Melodica-Integration-into-Fife-Core/Learn_Bluespec_and_RISCV_Design/Code/Build/Fife/verilog/mkQuire.v:1481$491 ($add).
Removed top 1 bits (of 33) from port B of cell mkPositCore.$flatten\quire.$add$/teamspace/studios/this_studio/Melodica-Integration-into-Fife-Core/Learn_Bluespec_and_RISCV_Design/Code/Build/Fife/verilog/mkQuire.v:1481$491 ($add).
Removed top 2 bits (of 9) from port A of cell mkPositCore.$flatten\quire.$sub$/teamspace/studios/this_studio/Melodica-Integration-into-Fife-Core/Learn_Bluespec_and_RISCV_Design/Code/Build/Fife/verilog/mkQuire.v:1468$489 ($sub).
Removed top 1 bits (of 100) from port B of cell mkPositCore.$flatten\quire.$lt$/teamspace/studios/this_studio/Melodica-Integration-into-Fife-Core/Learn_Bluespec_and_RISCV_Design/Code/Build/Fife/verilog/mkQuire.v:1460$486 ($lt).
Removed top 214 bits (of 223) from port B of cell mkPositCore.$flatten\quire.$shl$/teamspace/studios/this_studio/Melodica-Integration-into-Fife-Core/Learn_Bluespec_and_RISCV_Design/Code/Build/Fife/verilog/mkQuire.v:1433$477 ($shl).
Removed top 1 bits (of 223) from port Y of cell mkPositCore.$flatten\quire.$shl$/teamspace/studios/this_studio/Melodica-Integration-into-Fife-Core/Learn_Bluespec_and_RISCV_Design/Code/Build/Fife/verilog/mkQuire.v:1433$477 ($shl).
Removed top 2 bits (of 3) from mux cell mkPositCore.$flatten\quire.$ternary$/teamspace/studios/this_studio/Melodica-Integration-into-Fife-Core/Learn_Bluespec_and_RISCV_Design/Code/Build/Fife/verilog/mkQuire.v:1408$464 ($mux).
Removed top 1 bits (of 41) from mux cell mkPositCore.$flatten\quire.$ternary$/teamspace/studios/this_studio/Melodica-Integration-into-Fife-Core/Learn_Bluespec_and_RISCV_Design/Code/Build/Fife/verilog/mkQuire.v:1249$434 ($mux).
Removed top 8 bits (of 9) from port B of cell mkPositCore.$flatten\quire.$sub$/teamspace/studios/this_studio/Melodica-Integration-into-Fife-Core/Learn_Bluespec_and_RISCV_Design/Code/Build/Fife/verilog/mkQuire.v:1241$433 ($sub).
Removed top 2 bits (of 3) from port B of cell mkPositCore.$flatten\quire.$sub$/teamspace/studios/this_studio/Melodica-Integration-into-Fife-Core/Learn_Bluespec_and_RISCV_Design/Code/Build/Fife/verilog/mkQuire.v:798$217 ($sub).
Removed top 2 bits (of 3) from port B of cell mkPositCore.$flatten\quire.$add$/teamspace/studios/this_studio/Melodica-Integration-into-Fife-Core/Learn_Bluespec_and_RISCV_Design/Code/Build/Fife/verilog/mkQuire.v:796$216 ($add).
Removed top 1 bits (of 32) from mux cell mkPositCore.$flatten\quire.\instance_fn_twosC_quire_1.$ternary$/teamspace/studios/this_studio/Melodica-Integration-into-Fife-Core/Learn_Bluespec_and_RISCV_Design/Code/Build/Fife/verilog/module_fn_twosC_quire.v:109$121 ($mux).
Removed top 1 bits (of 33) from port Y of cell mkPositCore.$flatten\quire.$add$/teamspace/studios/this_studio/Melodica-Integration-into-Fife-Core/Learn_Bluespec_and_RISCV_Design/Code/Build/Fife/verilog/mkQuire.v:1591$533 ($add).
Removed top 1 bits (of 32) from port Y of cell mkPositCore.$flatten\quire.\instance_fn_twosC_quire_1.$add$/teamspace/studios/this_studio/Melodica-Integration-into-Fife-Core/Learn_Bluespec_and_RISCV_Design/Code/Build/Fife/verilog/module_fn_twosC_quire.v:110$120 ($add).
Removed top 1 bits (of 32) from port A of cell mkPositCore.$flatten\quire.\instance_fn_twosC_quire_1.$add$/teamspace/studios/this_studio/Melodica-Integration-into-Fife-Core/Learn_Bluespec_and_RISCV_Design/Code/Build/Fife/verilog/module_fn_twosC_quire.v:110$120 ($add).
Removed top 1 bits (of 32) from port Y of cell mkPositCore.$flatten\quire.\instance_fn_twosC_quire_1.$not$/teamspace/studios/this_studio/Melodica-Integration-into-Fife-Core/Learn_Bluespec_and_RISCV_Design/Code/Build/Fife/verilog/module_fn_twosC_quire.v:108$118 ($not).
Removed top 1 bits (of 32) from port A of cell mkPositCore.$flatten\quire.\instance_fn_twosC_quire_1.$not$/teamspace/studios/this_studio/Melodica-Integration-into-Fife-Core/Learn_Bluespec_and_RISCV_Design/Code/Build/Fife/verilog/module_fn_twosC_quire.v:108$118 ($not).
Removed top 1 bits (of 2) from wire mkPositCore.$flatten\extracter1.$ternary$/teamspace/studios/this_studio/Melodica-Integration-into-Fife-Core/Learn_Bluespec_and_RISCV_Design/Code/Build/Fife/verilog/mkExtracter.v:134$635_Y.
Removed top 1 bits (of 2) from wire mkPositCore.$flatten\extracter2.$ternary$/teamspace/studios/this_studio/Melodica-Integration-into-Fife-Core/Learn_Bluespec_and_RISCV_Design/Code/Build/Fife/verilog/mkExtracter.v:134$635_Y.
Removed top 1 bits (of 6) from wire mkPositCore.$flatten\extracter2.$ternary$/teamspace/studios/this_studio/Melodica-Integration-into-Fife-Core/Learn_Bluespec_and_RISCV_Design/Code/Build/Fife/verilog/mkExtracter.v:149$637_Y.
Removed top 1 bits (of 6) from wire mkPositCore.$flatten\extracter2.$ternary$/teamspace/studios/this_studio/Melodica-Integration-into-Fife-Core/Learn_Bluespec_and_RISCV_Design/Code/Build/Fife/verilog/mkExtracter.v:153$638_Y.
Removed top 1 bits (of 6) from wire mkPositCore.$flatten\extracter2.$ternary$/teamspace/studios/this_studio/Melodica-Integration-into-Fife-Core/Learn_Bluespec_and_RISCV_Design/Code/Build/Fife/verilog/mkExtracter.v:156$639_Y.
Removed top 1 bits (of 2) from wire mkPositCore.$flatten\multiplier.$ternary$/teamspace/studios/this_studio/Melodica-Integration-into-Fife-Core/Learn_Bluespec_and_RISCV_Design/Code/Build/Fife/verilog/mkMultiplier.v:155$575_Y.
Removed top 2 bits (of 3) from wire mkPositCore.$flatten\quire.$ternary$/teamspace/studios/this_studio/Melodica-Integration-into-Fife-Core/Learn_Bluespec_and_RISCV_Design/Code/Build/Fife/verilog/mkQuire.v:1408$464_Y.
Removed top 1 bits (of 32) from wire mkPositCore.$flatten\quire.\instance_fn_twosC_quire_1.$add$/teamspace/studios/this_studio/Melodica-Integration-into-Fife-Core/Learn_Bluespec_and_RISCV_Design/Code/Build/Fife/verilog/module_fn_twosC_quire.v:110$120_Y.
Removed top 10 bits (of 32) from wire mkPositCore.$flatten\quire.\instance_fn_twosC_quire_1.$not$/teamspace/studios/this_studio/Melodica-Integration-into-Fife-Core/Learn_Bluespec_and_RISCV_Design/Code/Build/Fife/verilog/module_fn_twosC_quire.v:108$118_Y.
Removed top 2 bits (of 32) from wire mkPositCore.$flatten\quire.\instance_fn_twosC_quire_1.$ternary$/teamspace/studios/this_studio/Melodica-Integration-into-Fife-Core/Learn_Bluespec_and_RISCV_Design/Code/Build/Fife/verilog/module_fn_twosC_quire.v:102$115_Y.
Removed top 1 bits (of 32) from wire mkPositCore.$flatten\quire.\instance_fn_twosC_quire_1.$ternary$/teamspace/studios/this_studio/Melodica-Integration-into-Fife-Core/Learn_Bluespec_and_RISCV_Design/Code/Build/Fife/verilog/module_fn_twosC_quire.v:109$121_Y.
Removed top 34 bits (of 71) from wire mkPositCore.MUX_ffO$enq_1__VAL_1.
Removed top 34 bits (of 71) from wire mkPositCore.MUX_ffO$enq_1__VAL_2.

14.11. Executing PEEPOPT pass (run peephole optimizers).

14.12. Executing OPT_CLEAN pass (remove unused cells and wires).
Finding unused cells or wires in module \mkPositCore..
Removed 0 unused cells and 13 unused wires.
<suppressed ~1 debug messages>

14.13. Executing ALUMACC pass (create $alu and $macc cells).
Extracting $alu and $macc cells in module mkPositCore:
  creating $macc model for $add$/teamspace/studios/this_studio/Melodica-Integration-into-Fife-Core/Learn_Bluespec_and_RISCV_Design/Code/Build/Fife/verilog/mkPositCore.v:452$846 ($add).
  creating $macc model for $add$/teamspace/studios/this_studio/Melodica-Integration-into-Fife-Core/Learn_Bluespec_and_RISCV_Design/Code/Build/Fife/verilog/mkPositCore.v:506$873 ($add).
  creating $macc model for $flatten\extracter1.$add$/teamspace/studios/this_studio/Melodica-Integration-into-Fife-Core/Learn_Bluespec_and_RISCV_Design/Code/Build/Fife/verilog/mkExtracter.v:195$655 ($add).
  creating $macc model for $flatten\extracter1.$add$/teamspace/studios/this_studio/Melodica-Integration-into-Fife-Core/Learn_Bluespec_and_RISCV_Design/Code/Build/Fife/verilog/mkExtracter.v:195$656 ($add).
  creating $macc model for $flatten\extracter2.$add$/teamspace/studios/this_studio/Melodica-Integration-into-Fife-Core/Learn_Bluespec_and_RISCV_Design/Code/Build/Fife/verilog/mkExtracter.v:195$655 ($add).
  creating $macc model for $flatten\extracter2.$add$/teamspace/studios/this_studio/Melodica-Integration-into-Fife-Core/Learn_Bluespec_and_RISCV_Design/Code/Build/Fife/verilog/mkExtracter.v:195$656 ($add).
  creating $macc model for $flatten\ftop.$add$/teamspace/studios/this_studio/Melodica-Integration-into-Fife-Core/Learn_Bluespec_and_RISCV_Design/Code/Build/Fife/verilog/mkFtoP_PNE.v:196$708 ($add).
  creating $macc model for $flatten\ftop.$neg$/teamspace/studios/this_studio/Melodica-Integration-into-Fife-Core/Learn_Bluespec_and_RISCV_Design/Code/Build/Fife/verilog/mkFtoP_PNE.v:133$679 ($neg).
  creating $macc model for $flatten\ftop.$sub$/teamspace/studios/this_studio/Melodica-Integration-into-Fife-Core/Learn_Bluespec_and_RISCV_Design/Code/Build/Fife/verilog/mkFtoP_PNE.v:183$704 ($sub).
  creating $macc model for $flatten\ftop.$sub$/teamspace/studios/this_studio/Melodica-Integration-into-Fife-Core/Learn_Bluespec_and_RISCV_Design/Code/Build/Fife/verilog/mkFtoP_PNE.v:186$705 ($sub).
  creating $macc model for $flatten\ftop.$sub$/teamspace/studios/this_studio/Melodica-Integration-into-Fife-Core/Learn_Bluespec_and_RISCV_Design/Code/Build/Fife/verilog/mkFtoP_PNE.v:191$706 ($sub).
  creating $macc model for $flatten\multiplier.$add$/teamspace/studios/this_studio/Melodica-Integration-into-Fife-Core/Learn_Bluespec_and_RISCV_Design/Code/Build/Fife/verilog/mkMultiplier.v:191$607 ($add).
  creating $macc model for $flatten\multiplier.$add$/teamspace/studios/this_studio/Melodica-Integration-into-Fife-Core/Learn_Bluespec_and_RISCV_Design/Code/Build/Fife/verilog/mkMultiplier.v:204$609 ($add).
  creating $macc model for $flatten\multiplier.$mul$/teamspace/studios/this_studio/Melodica-Integration-into-Fife-Core/Learn_Bluespec_and_RISCV_Design/Code/Build/Fife/verilog/mkMultiplier.v:196$608 ($mul).
  creating $macc model for $flatten\multiplier.$neg$/teamspace/studios/this_studio/Melodica-Integration-into-Fife-Core/Learn_Bluespec_and_RISCV_Design/Code/Build/Fife/verilog/mkMultiplier.v:230$619 ($neg).
  creating $macc model for $flatten\ptof.$add$/teamspace/studios/this_studio/Melodica-Integration-into-Fife-Core/Learn_Bluespec_and_RISCV_Design/Code/Build/Fife/verilog/mkPtoF_PNE.v:197$745 ($add).
  creating $macc model for $flatten\ptof.$add$/teamspace/studios/this_studio/Melodica-Integration-into-Fife-Core/Learn_Bluespec_and_RISCV_Design/Code/Build/Fife/verilog/mkPtoF_PNE.v:201$747 ($add).
  creating $macc model for $flatten\ptof.$add$/teamspace/studios/this_studio/Melodica-Integration-into-Fife-Core/Learn_Bluespec_and_RISCV_Design/Code/Build/Fife/verilog/mkPtoF_PNE.v:217$757 ($add).
  creating $macc model for $flatten\ptof.$neg$/teamspace/studios/this_studio/Melodica-Integration-into-Fife-Core/Learn_Bluespec_and_RISCV_Design/Code/Build/Fife/verilog/mkPtoF_PNE.v:138$713 ($neg).
  creating $macc model for $flatten\ptof.$sub$/teamspace/studios/this_studio/Melodica-Integration-into-Fife-Core/Learn_Bluespec_and_RISCV_Design/Code/Build/Fife/verilog/mkPtoF_PNE.v:177$730 ($sub).
  creating $macc model for $flatten\ptof.$sub$/teamspace/studios/this_studio/Melodica-Integration-into-Fife-Core/Learn_Bluespec_and_RISCV_Design/Code/Build/Fife/verilog/mkPtoF_PNE.v:179$731 ($sub).
  creating $macc model for $flatten\quire.$add$/teamspace/studios/this_studio/Melodica-Integration-into-Fife-Core/Learn_Bluespec_and_RISCV_Design/Code/Build/Fife/verilog/mkQuire.v:1481$491 ($add).
  creating $macc model for $flatten\quire.$add$/teamspace/studios/this_studio/Melodica-Integration-into-Fife-Core/Learn_Bluespec_and_RISCV_Design/Code/Build/Fife/verilog/mkQuire.v:1483$492 ($add).
  creating $macc model for $flatten\quire.$add$/teamspace/studios/this_studio/Melodica-Integration-into-Fife-Core/Learn_Bluespec_and_RISCV_Design/Code/Build/Fife/verilog/mkQuire.v:1485$493 ($add).
  creating $macc model for $flatten\quire.$add$/teamspace/studios/this_studio/Melodica-Integration-into-Fife-Core/Learn_Bluespec_and_RISCV_Design/Code/Build/Fife/verilog/mkQuire.v:1487$494 ($add).
  creating $macc model for $flatten\quire.$add$/teamspace/studios/this_studio/Melodica-Integration-into-Fife-Core/Learn_Bluespec_and_RISCV_Design/Code/Build/Fife/verilog/mkQuire.v:1489$495 ($add).
  creating $macc model for $flatten\quire.$add$/teamspace/studios/this_studio/Melodica-Integration-into-Fife-Core/Learn_Bluespec_and_RISCV_Design/Code/Build/Fife/verilog/mkQuire.v:1491$496 ($add).
  creating $macc model for $flatten\quire.$add$/teamspace/studios/this_studio/Melodica-Integration-into-Fife-Core/Learn_Bluespec_and_RISCV_Design/Code/Build/Fife/verilog/mkQuire.v:1493$497 ($add).
  creating $macc model for $flatten\quire.$add$/teamspace/studios/this_studio/Melodica-Integration-into-Fife-Core/Learn_Bluespec_and_RISCV_Design/Code/Build/Fife/verilog/mkQuire.v:1503$499 ($add).
  creating $macc model for $flatten\quire.$add$/teamspace/studios/this_studio/Melodica-Integration-into-Fife-Core/Learn_Bluespec_and_RISCV_Design/Code/Build/Fife/verilog/mkQuire.v:1512$500 ($add).
  creating $macc model for $flatten\quire.$add$/teamspace/studios/this_studio/Melodica-Integration-into-Fife-Core/Learn_Bluespec_and_RISCV_Design/Code/Build/Fife/verilog/mkQuire.v:1586$528 ($add).
  creating $macc model for $flatten\quire.$add$/teamspace/studios/this_studio/Melodica-Integration-into-Fife-Core/Learn_Bluespec_and_RISCV_Design/Code/Build/Fife/verilog/mkQuire.v:1587$529 ($add).
  creating $macc model for $flatten\quire.$add$/teamspace/studios/this_studio/Melodica-Integration-into-Fife-Core/Learn_Bluespec_and_RISCV_Design/Code/Build/Fife/verilog/mkQuire.v:1588$530 ($add).
  creating $macc model for $flatten\quire.$add$/teamspace/studios/this_studio/Melodica-Integration-into-Fife-Core/Learn_Bluespec_and_RISCV_Design/Code/Build/Fife/verilog/mkQuire.v:1589$531 ($add).
  creating $macc model for $flatten\quire.$add$/teamspace/studios/this_studio/Melodica-Integration-into-Fife-Core/Learn_Bluespec_and_RISCV_Design/Code/Build/Fife/verilog/mkQuire.v:1590$532 ($add).
  creating $macc model for $flatten\quire.$add$/teamspace/studios/this_studio/Melodica-Integration-into-Fife-Core/Learn_Bluespec_and_RISCV_Design/Code/Build/Fife/verilog/mkQuire.v:1591$533 ($add).
  creating $macc model for $flatten\quire.$add$/teamspace/studios/this_studio/Melodica-Integration-into-Fife-Core/Learn_Bluespec_and_RISCV_Design/Code/Build/Fife/verilog/mkQuire.v:796$216 ($add).
  creating $macc model for $flatten\quire.$neg$/teamspace/studios/this_studio/Melodica-Integration-into-Fife-Core/Learn_Bluespec_and_RISCV_Design/Code/Build/Fife/verilog/mkQuire.v:1579$522 ($neg).
  creating $macc model for $flatten\quire.$sub$/teamspace/studios/this_studio/Melodica-Integration-into-Fife-Core/Learn_Bluespec_and_RISCV_Design/Code/Build/Fife/verilog/mkQuire.v:1241$433 ($sub).
  creating $macc model for $flatten\quire.$sub$/teamspace/studios/this_studio/Melodica-Integration-into-Fife-Core/Learn_Bluespec_and_RISCV_Design/Code/Build/Fife/verilog/mkQuire.v:1468$489 ($sub).
  creating $macc model for $flatten\quire.$sub$/teamspace/studios/this_studio/Melodica-Integration-into-Fife-Core/Learn_Bluespec_and_RISCV_Design/Code/Build/Fife/verilog/mkQuire.v:798$217 ($sub).
  creating $macc model for $flatten\quire.\instance_fn_twosC_quire_0.$add$/teamspace/studios/this_studio/Melodica-Integration-into-Fife-Core/Learn_Bluespec_and_RISCV_Design/Code/Build/Fife/verilog/module_fn_twosC_quire.v:103$114 ($add).
  creating $macc model for $flatten\quire.\instance_fn_twosC_quire_0.$add$/teamspace/studios/this_studio/Melodica-Integration-into-Fife-Core/Learn_Bluespec_and_RISCV_Design/Code/Build/Fife/verilog/module_fn_twosC_quire.v:113$123 ($add).
  creating $macc model for $flatten\quire.\instance_fn_twosC_quire_0.$add$/teamspace/studios/this_studio/Melodica-Integration-into-Fife-Core/Learn_Bluespec_and_RISCV_Design/Code/Build/Fife/verilog/module_fn_twosC_quire.v:68$84 ($add).
  creating $macc model for $flatten\quire.\instance_fn_twosC_quire_0.$add$/teamspace/studios/this_studio/Melodica-Integration-into-Fife-Core/Learn_Bluespec_and_RISCV_Design/Code/Build/Fife/verilog/module_fn_twosC_quire.v:75$90 ($add).
  creating $macc model for $flatten\quire.\instance_fn_twosC_quire_0.$add$/teamspace/studios/this_studio/Melodica-Integration-into-Fife-Core/Learn_Bluespec_and_RISCV_Design/Code/Build/Fife/verilog/module_fn_twosC_quire.v:82$96 ($add).
  creating $macc model for $flatten\quire.\instance_fn_twosC_quire_0.$add$/teamspace/studios/this_studio/Melodica-Integration-into-Fife-Core/Learn_Bluespec_and_RISCV_Design/Code/Build/Fife/verilog/module_fn_twosC_quire.v:89$102 ($add).
  creating $macc model for $flatten\quire.\instance_fn_twosC_quire_0.$add$/teamspace/studios/this_studio/Melodica-Integration-into-Fife-Core/Learn_Bluespec_and_RISCV_Design/Code/Build/Fife/verilog/module_fn_twosC_quire.v:96$108 ($add).
  creating $macc model for $flatten\quire.\instance_fn_twosC_quire_1.$add$/teamspace/studios/this_studio/Melodica-Integration-into-Fife-Core/Learn_Bluespec_and_RISCV_Design/Code/Build/Fife/verilog/module_fn_twosC_quire.v:103$114 ($add).
  creating $macc model for $flatten\quire.\instance_fn_twosC_quire_1.$add$/teamspace/studios/this_studio/Melodica-Integration-into-Fife-Core/Learn_Bluespec_and_RISCV_Design/Code/Build/Fife/verilog/module_fn_twosC_quire.v:110$120 ($add).
  creating $macc model for $flatten\quire.\instance_fn_twosC_quire_1.$add$/teamspace/studios/this_studio/Melodica-Integration-into-Fife-Core/Learn_Bluespec_and_RISCV_Design/Code/Build/Fife/verilog/module_fn_twosC_quire.v:113$123 ($add).
  creating $macc model for $flatten\quire.\instance_fn_twosC_quire_1.$add$/teamspace/studios/this_studio/Melodica-Integration-into-Fife-Core/Learn_Bluespec_and_RISCV_Design/Code/Build/Fife/verilog/module_fn_twosC_quire.v:68$84 ($add).
  creating $macc model for $flatten\quire.\instance_fn_twosC_quire_1.$add$/teamspace/studios/this_studio/Melodica-Integration-into-Fife-Core/Learn_Bluespec_and_RISCV_Design/Code/Build/Fife/verilog/module_fn_twosC_quire.v:75$90 ($add).
  creating $macc model for $flatten\quire.\instance_fn_twosC_quire_1.$add$/teamspace/studios/this_studio/Melodica-Integration-into-Fife-Core/Learn_Bluespec_and_RISCV_Design/Code/Build/Fife/verilog/module_fn_twosC_quire.v:82$96 ($add).
  creating $macc model for $flatten\quire.\instance_fn_twosC_quire_1.$add$/teamspace/studios/this_studio/Melodica-Integration-into-Fife-Core/Learn_Bluespec_and_RISCV_Design/Code/Build/Fife/verilog/module_fn_twosC_quire.v:89$102 ($add).
  creating $macc model for $flatten\quire.\instance_fn_twosC_quire_1.$add$/teamspace/studios/this_studio/Melodica-Integration-into-Fife-Core/Learn_Bluespec_and_RISCV_Design/Code/Build/Fife/verilog/module_fn_twosC_quire.v:96$108 ($add).
  creating $macc model for $flatten\quire.\instance_fn_twosC_quire_2.$add$/teamspace/studios/this_studio/Melodica-Integration-into-Fife-Core/Learn_Bluespec_and_RISCV_Design/Code/Build/Fife/verilog/module_fn_twosC_quire.v:103$114 ($add).
  creating $macc model for $flatten\quire.\instance_fn_twosC_quire_2.$add$/teamspace/studios/this_studio/Melodica-Integration-into-Fife-Core/Learn_Bluespec_and_RISCV_Design/Code/Build/Fife/verilog/module_fn_twosC_quire.v:113$123 ($add).
  creating $macc model for $flatten\quire.\instance_fn_twosC_quire_2.$add$/teamspace/studios/this_studio/Melodica-Integration-into-Fife-Core/Learn_Bluespec_and_RISCV_Design/Code/Build/Fife/verilog/module_fn_twosC_quire.v:68$84 ($add).
  creating $macc model for $flatten\quire.\instance_fn_twosC_quire_2.$add$/teamspace/studios/this_studio/Melodica-Integration-into-Fife-Core/Learn_Bluespec_and_RISCV_Design/Code/Build/Fife/verilog/module_fn_twosC_quire.v:75$90 ($add).
  creating $macc model for $flatten\quire.\instance_fn_twosC_quire_2.$add$/teamspace/studios/this_studio/Melodica-Integration-into-Fife-Core/Learn_Bluespec_and_RISCV_Design/Code/Build/Fife/verilog/module_fn_twosC_quire.v:82$96 ($add).
  creating $macc model for $flatten\quire.\instance_fn_twosC_quire_2.$add$/teamspace/studios/this_studio/Melodica-Integration-into-Fife-Core/Learn_Bluespec_and_RISCV_Design/Code/Build/Fife/verilog/module_fn_twosC_quire.v:89$102 ($add).
  creating $macc model for $flatten\quire.\instance_fn_twosC_quire_2.$add$/teamspace/studios/this_studio/Melodica-Integration-into-Fife-Core/Learn_Bluespec_and_RISCV_Design/Code/Build/Fife/verilog/module_fn_twosC_quire.v:96$108 ($add).
  creating $macc model for $flatten\quire.\seg_adder_vff_carry_0.$add$/teamspace/studios/this_studio/Melodica-Integration-into-Fife-Core/bsc/lib/Verilog/SizedFIFO.v:75$918 ($add).
  creating $macc model for $flatten\quire.\seg_adder_vff_carry_0.$add$/teamspace/studios/this_studio/Melodica-Integration-into-Fife-Core/bsc/lib/Verilog/SizedFIFO.v:76$919 ($add).
  creating $macc model for $flatten\quire.\seg_adder_vff_carry_1.$add$/teamspace/studios/this_studio/Melodica-Integration-into-Fife-Core/bsc/lib/Verilog/SizedFIFO.v:75$918 ($add).
  creating $macc model for $flatten\quire.\seg_adder_vff_carry_1.$add$/teamspace/studios/this_studio/Melodica-Integration-into-Fife-Core/bsc/lib/Verilog/SizedFIFO.v:76$919 ($add).
  creating $macc model for $flatten\quire.\seg_adder_vff_carry_2.$add$/teamspace/studios/this_studio/Melodica-Integration-into-Fife-Core/bsc/lib/Verilog/SizedFIFO.v:75$918 ($add).
  creating $macc model for $flatten\quire.\seg_adder_vff_carry_2.$add$/teamspace/studios/this_studio/Melodica-Integration-into-Fife-Core/bsc/lib/Verilog/SizedFIFO.v:76$919 ($add).
  creating $macc model for $flatten\quire.\seg_adder_vff_carry_3.$add$/teamspace/studios/this_studio/Melodica-Integration-into-Fife-Core/bsc/lib/Verilog/SizedFIFO.v:75$918 ($add).
  creating $macc model for $flatten\quire.\seg_adder_vff_carry_3.$add$/teamspace/studios/this_studio/Melodica-Integration-into-Fife-Core/bsc/lib/Verilog/SizedFIFO.v:76$919 ($add).
  creating $macc model for $flatten\quire.\seg_adder_vff_carry_4.$add$/teamspace/studios/this_studio/Melodica-Integration-into-Fife-Core/bsc/lib/Verilog/SizedFIFO.v:75$918 ($add).
  creating $macc model for $flatten\quire.\seg_adder_vff_carry_4.$add$/teamspace/studios/this_studio/Melodica-Integration-into-Fife-Core/bsc/lib/Verilog/SizedFIFO.v:76$919 ($add).
  creating $macc model for $flatten\quire.\seg_adder_vff_carry_5.$add$/teamspace/studios/this_studio/Melodica-Integration-into-Fife-Core/bsc/lib/Verilog/SizedFIFO.v:75$918 ($add).
  creating $macc model for $flatten\quire.\seg_adder_vff_carry_5.$add$/teamspace/studios/this_studio/Melodica-Integration-into-Fife-Core/bsc/lib/Verilog/SizedFIFO.v:76$919 ($add).
  creating $macc model for $flatten\quire.\seg_adder_vff_in_0.$add$/teamspace/studios/this_studio/Melodica-Integration-into-Fife-Core/bsc/lib/Verilog/SizedFIFO.v:75$887 ($add).
  creating $macc model for $flatten\quire.\seg_adder_vff_in_0.$add$/teamspace/studios/this_studio/Melodica-Integration-into-Fife-Core/bsc/lib/Verilog/SizedFIFO.v:76$888 ($add).
  creating $macc model for $flatten\quire.\seg_adder_vff_in_1.$add$/teamspace/studios/this_studio/Melodica-Integration-into-Fife-Core/bsc/lib/Verilog/SizedFIFO.v:75$887 ($add).
  creating $macc model for $flatten\quire.\seg_adder_vff_in_1.$add$/teamspace/studios/this_studio/Melodica-Integration-into-Fife-Core/bsc/lib/Verilog/SizedFIFO.v:76$888 ($add).
  creating $macc model for $flatten\quire.\seg_adder_vff_in_2.$add$/teamspace/studios/this_studio/Melodica-Integration-into-Fife-Core/bsc/lib/Verilog/SizedFIFO.v:75$887 ($add).
  creating $macc model for $flatten\quire.\seg_adder_vff_in_2.$add$/teamspace/studios/this_studio/Melodica-Integration-into-Fife-Core/bsc/lib/Verilog/SizedFIFO.v:76$888 ($add).
  creating $macc model for $flatten\quire.\seg_adder_vff_in_3.$add$/teamspace/studios/this_studio/Melodica-Integration-into-Fife-Core/bsc/lib/Verilog/SizedFIFO.v:75$887 ($add).
  creating $macc model for $flatten\quire.\seg_adder_vff_in_3.$add$/teamspace/studios/this_studio/Melodica-Integration-into-Fife-Core/bsc/lib/Verilog/SizedFIFO.v:76$888 ($add).
  creating $macc model for $flatten\quire.\seg_adder_vff_in_4.$add$/teamspace/studios/this_studio/Melodica-Integration-into-Fife-Core/bsc/lib/Verilog/SizedFIFO.v:75$887 ($add).
  creating $macc model for $flatten\quire.\seg_adder_vff_in_4.$add$/teamspace/studios/this_studio/Melodica-Integration-into-Fife-Core/bsc/lib/Verilog/SizedFIFO.v:76$888 ($add).
  creating $macc model for $flatten\quire.\seg_adder_vff_in_5.$add$/teamspace/studios/this_studio/Melodica-Integration-into-Fife-Core/bsc/lib/Verilog/SizedFIFO.v:75$887 ($add).
  creating $macc model for $flatten\quire.\seg_adder_vff_in_5.$add$/teamspace/studios/this_studio/Melodica-Integration-into-Fife-Core/bsc/lib/Verilog/SizedFIFO.v:76$888 ($add).
  creating $macc model for $flatten\quire.\seg_adder_vff_in_6.$add$/teamspace/studios/this_studio/Melodica-Integration-into-Fife-Core/bsc/lib/Verilog/SizedFIFO.v:75$887 ($add).
  creating $macc model for $flatten\quire.\seg_adder_vff_in_6.$add$/teamspace/studios/this_studio/Melodica-Integration-into-Fife-Core/bsc/lib/Verilog/SizedFIFO.v:76$888 ($add).
  creating $macc model for $sub$/teamspace/studios/this_studio/Melodica-Integration-into-Fife-Core/Learn_Bluespec_and_RISCV_Design/Code/Build/Fife/verilog/mkPositCore.v:453$847 ($sub).
  merging $macc model for $flatten\quire.$add$/teamspace/studios/this_studio/Melodica-Integration-into-Fife-Core/Learn_Bluespec_and_RISCV_Design/Code/Build/Fife/verilog/mkQuire.v:1512$500 into $flatten\quire.$sub$/teamspace/studios/this_studio/Melodica-Integration-into-Fife-Core/Learn_Bluespec_and_RISCV_Design/Code/Build/Fife/verilog/mkQuire.v:1241$433.
  merging $macc model for $flatten\quire.$add$/teamspace/studios/this_studio/Melodica-Integration-into-Fife-Core/Learn_Bluespec_and_RISCV_Design/Code/Build/Fife/verilog/mkQuire.v:1591$533 into $flatten\quire.$add$/teamspace/studios/this_studio/Melodica-Integration-into-Fife-Core/Learn_Bluespec_and_RISCV_Design/Code/Build/Fife/verilog/mkQuire.v:1493$497.
  merging $macc model for $flatten\quire.$add$/teamspace/studios/this_studio/Melodica-Integration-into-Fife-Core/Learn_Bluespec_and_RISCV_Design/Code/Build/Fife/verilog/mkQuire.v:1590$532 into $flatten\quire.$add$/teamspace/studios/this_studio/Melodica-Integration-into-Fife-Core/Learn_Bluespec_and_RISCV_Design/Code/Build/Fife/verilog/mkQuire.v:1491$496.
  merging $macc model for $flatten\quire.$add$/teamspace/studios/this_studio/Melodica-Integration-into-Fife-Core/Learn_Bluespec_and_RISCV_Design/Code/Build/Fife/verilog/mkQuire.v:1589$531 into $flatten\quire.$add$/teamspace/studios/this_studio/Melodica-Integration-into-Fife-Core/Learn_Bluespec_and_RISCV_Design/Code/Build/Fife/verilog/mkQuire.v:1489$495.
  merging $macc model for $flatten\quire.$add$/teamspace/studios/this_studio/Melodica-Integration-into-Fife-Core/Learn_Bluespec_and_RISCV_Design/Code/Build/Fife/verilog/mkQuire.v:1588$530 into $flatten\quire.$add$/teamspace/studios/this_studio/Melodica-Integration-into-Fife-Core/Learn_Bluespec_and_RISCV_Design/Code/Build/Fife/verilog/mkQuire.v:1487$494.
  merging $macc model for $flatten\quire.$add$/teamspace/studios/this_studio/Melodica-Integration-into-Fife-Core/Learn_Bluespec_and_RISCV_Design/Code/Build/Fife/verilog/mkQuire.v:1587$529 into $flatten\quire.$add$/teamspace/studios/this_studio/Melodica-Integration-into-Fife-Core/Learn_Bluespec_and_RISCV_Design/Code/Build/Fife/verilog/mkQuire.v:1485$493.
  merging $macc model for $flatten\quire.$add$/teamspace/studios/this_studio/Melodica-Integration-into-Fife-Core/Learn_Bluespec_and_RISCV_Design/Code/Build/Fife/verilog/mkQuire.v:1586$528 into $flatten\quire.$add$/teamspace/studios/this_studio/Melodica-Integration-into-Fife-Core/Learn_Bluespec_and_RISCV_Design/Code/Build/Fife/verilog/mkQuire.v:1483$492.
  merging $macc model for $flatten\extracter2.$add$/teamspace/studios/this_studio/Melodica-Integration-into-Fife-Core/Learn_Bluespec_and_RISCV_Design/Code/Build/Fife/verilog/mkExtracter.v:195$655 into $flatten\extracter2.$add$/teamspace/studios/this_studio/Melodica-Integration-into-Fife-Core/Learn_Bluespec_and_RISCV_Design/Code/Build/Fife/verilog/mkExtracter.v:195$656.
  merging $macc model for $flatten\extracter1.$add$/teamspace/studios/this_studio/Melodica-Integration-into-Fife-Core/Learn_Bluespec_and_RISCV_Design/Code/Build/Fife/verilog/mkExtracter.v:195$655 into $flatten\extracter1.$add$/teamspace/studios/this_studio/Melodica-Integration-into-Fife-Core/Learn_Bluespec_and_RISCV_Design/Code/Build/Fife/verilog/mkExtracter.v:195$656.
  creating $alu model for $macc $flatten\quire.\seg_adder_vff_in_2.$add$/teamspace/studios/this_studio/Melodica-Integration-into-Fife-Core/bsc/lib/Verilog/SizedFIFO.v:76$888.
  creating $alu model for $macc $flatten\quire.\seg_adder_vff_in_2.$add$/teamspace/studios/this_studio/Melodica-Integration-into-Fife-Core/bsc/lib/Verilog/SizedFIFO.v:75$887.
  creating $alu model for $macc $flatten\quire.\seg_adder_vff_in_1.$add$/teamspace/studios/this_studio/Melodica-Integration-into-Fife-Core/bsc/lib/Verilog/SizedFIFO.v:76$888.
  creating $alu model for $macc $flatten\quire.\seg_adder_vff_in_1.$add$/teamspace/studios/this_studio/Melodica-Integration-into-Fife-Core/bsc/lib/Verilog/SizedFIFO.v:75$887.
  creating $alu model for $macc $flatten\quire.\seg_adder_vff_in_0.$add$/teamspace/studios/this_studio/Melodica-Integration-into-Fife-Core/bsc/lib/Verilog/SizedFIFO.v:76$888.
  creating $alu model for $macc $flatten\quire.\seg_adder_vff_in_0.$add$/teamspace/studios/this_studio/Melodica-Integration-into-Fife-Core/bsc/lib/Verilog/SizedFIFO.v:75$887.
  creating $alu model for $macc $flatten\quire.\seg_adder_vff_carry_5.$add$/teamspace/studios/this_studio/Melodica-Integration-into-Fife-Core/bsc/lib/Verilog/SizedFIFO.v:76$919.
  creating $alu model for $macc $flatten\quire.\seg_adder_vff_carry_5.$add$/teamspace/studios/this_studio/Melodica-Integration-into-Fife-Core/bsc/lib/Verilog/SizedFIFO.v:75$918.
  creating $alu model for $macc $flatten\quire.\seg_adder_vff_carry_4.$add$/teamspace/studios/this_studio/Melodica-Integration-into-Fife-Core/bsc/lib/Verilog/SizedFIFO.v:76$919.
  creating $alu model for $macc $flatten\quire.\seg_adder_vff_carry_4.$add$/teamspace/studios/this_studio/Melodica-Integration-into-Fife-Core/bsc/lib/Verilog/SizedFIFO.v:75$918.
  creating $alu model for $macc $flatten\quire.\seg_adder_vff_carry_3.$add$/teamspace/studios/this_studio/Melodica-Integration-into-Fife-Core/bsc/lib/Verilog/SizedFIFO.v:76$919.
  creating $alu model for $macc $flatten\quire.\seg_adder_vff_carry_3.$add$/teamspace/studios/this_studio/Melodica-Integration-into-Fife-Core/bsc/lib/Verilog/SizedFIFO.v:75$918.
  creating $alu model for $macc $flatten\quire.\seg_adder_vff_carry_2.$add$/teamspace/studios/this_studio/Melodica-Integration-into-Fife-Core/bsc/lib/Verilog/SizedFIFO.v:76$919.
  creating $alu model for $macc $flatten\quire.\seg_adder_vff_carry_2.$add$/teamspace/studios/this_studio/Melodica-Integration-into-Fife-Core/bsc/lib/Verilog/SizedFIFO.v:75$918.
  creating $alu model for $macc $flatten\quire.\seg_adder_vff_carry_1.$add$/teamspace/studios/this_studio/Melodica-Integration-into-Fife-Core/bsc/lib/Verilog/SizedFIFO.v:76$919.
  creating $alu model for $macc $flatten\quire.\seg_adder_vff_carry_1.$add$/teamspace/studios/this_studio/Melodica-Integration-into-Fife-Core/bsc/lib/Verilog/SizedFIFO.v:75$918.
  creating $alu model for $macc $flatten\quire.\seg_adder_vff_carry_0.$add$/teamspace/studios/this_studio/Melodica-Integration-into-Fife-Core/bsc/lib/Verilog/SizedFIFO.v:76$919.
  creating $alu model for $macc $flatten\quire.\seg_adder_vff_carry_0.$add$/teamspace/studios/this_studio/Melodica-Integration-into-Fife-Core/bsc/lib/Verilog/SizedFIFO.v:75$918.
  creating $alu model for $macc $flatten\quire.\instance_fn_twosC_quire_2.$add$/teamspace/studios/this_studio/Melodica-Integration-into-Fife-Core/Learn_Bluespec_and_RISCV_Design/Code/Build/Fife/verilog/module_fn_twosC_quire.v:96$108.
  creating $alu model for $macc $flatten\quire.\instance_fn_twosC_quire_2.$add$/teamspace/studios/this_studio/Melodica-Integration-into-Fife-Core/Learn_Bluespec_and_RISCV_Design/Code/Build/Fife/verilog/module_fn_twosC_quire.v:89$102.
  creating $alu model for $macc $flatten\quire.\instance_fn_twosC_quire_2.$add$/teamspace/studios/this_studio/Melodica-Integration-into-Fife-Core/Learn_Bluespec_and_RISCV_Design/Code/Build/Fife/verilog/module_fn_twosC_quire.v:82$96.
  creating $alu model for $macc $flatten\quire.\instance_fn_twosC_quire_2.$add$/teamspace/studios/this_studio/Melodica-Integration-into-Fife-Core/Learn_Bluespec_and_RISCV_Design/Code/Build/Fife/verilog/module_fn_twosC_quire.v:75$90.
  creating $alu model for $macc $flatten\quire.\instance_fn_twosC_quire_2.$add$/teamspace/studios/this_studio/Melodica-Integration-into-Fife-Core/Learn_Bluespec_and_RISCV_Design/Code/Build/Fife/verilog/module_fn_twosC_quire.v:68$84.
  creating $alu model for $macc $flatten\quire.\instance_fn_twosC_quire_2.$add$/teamspace/studios/this_studio/Melodica-Integration-into-Fife-Core/Learn_Bluespec_and_RISCV_Design/Code/Build/Fife/verilog/module_fn_twosC_quire.v:113$123.
  creating $alu model for $macc $flatten\quire.\instance_fn_twosC_quire_2.$add$/teamspace/studios/this_studio/Melodica-Integration-into-Fife-Core/Learn_Bluespec_and_RISCV_Design/Code/Build/Fife/verilog/module_fn_twosC_quire.v:103$114.
  creating $alu model for $macc $flatten\quire.\instance_fn_twosC_quire_1.$add$/teamspace/studios/this_studio/Melodica-Integration-into-Fife-Core/Learn_Bluespec_and_RISCV_Design/Code/Build/Fife/verilog/module_fn_twosC_quire.v:96$108.
  creating $alu model for $macc $flatten\quire.\instance_fn_twosC_quire_1.$add$/teamspace/studios/this_studio/Melodica-Integration-into-Fife-Core/Learn_Bluespec_and_RISCV_Design/Code/Build/Fife/verilog/module_fn_twosC_quire.v:89$102.
  creating $alu model for $macc $flatten\quire.\instance_fn_twosC_quire_1.$add$/teamspace/studios/this_studio/Melodica-Integration-into-Fife-Core/Learn_Bluespec_and_RISCV_Design/Code/Build/Fife/verilog/module_fn_twosC_quire.v:82$96.
  creating $alu model for $macc $flatten\quire.\instance_fn_twosC_quire_1.$add$/teamspace/studios/this_studio/Melodica-Integration-into-Fife-Core/Learn_Bluespec_and_RISCV_Design/Code/Build/Fife/verilog/module_fn_twosC_quire.v:75$90.
  creating $alu model for $macc $flatten\quire.\instance_fn_twosC_quire_1.$add$/teamspace/studios/this_studio/Melodica-Integration-into-Fife-Core/Learn_Bluespec_and_RISCV_Design/Code/Build/Fife/verilog/module_fn_twosC_quire.v:68$84.
  creating $alu model for $macc $flatten\quire.\instance_fn_twosC_quire_1.$add$/teamspace/studios/this_studio/Melodica-Integration-into-Fife-Core/Learn_Bluespec_and_RISCV_Design/Code/Build/Fife/verilog/module_fn_twosC_quire.v:113$123.
  creating $alu model for $macc $flatten\quire.\instance_fn_twosC_quire_1.$add$/teamspace/studios/this_studio/Melodica-Integration-into-Fife-Core/Learn_Bluespec_and_RISCV_Design/Code/Build/Fife/verilog/module_fn_twosC_quire.v:110$120.
  creating $alu model for $macc $flatten\quire.\instance_fn_twosC_quire_1.$add$/teamspace/studios/this_studio/Melodica-Integration-into-Fife-Core/Learn_Bluespec_and_RISCV_Design/Code/Build/Fife/verilog/module_fn_twosC_quire.v:103$114.
  creating $alu model for $macc $flatten\quire.\instance_fn_twosC_quire_0.$add$/teamspace/studios/this_studio/Melodica-Integration-into-Fife-Core/Learn_Bluespec_and_RISCV_Design/Code/Build/Fife/verilog/module_fn_twosC_quire.v:96$108.
  creating $alu model for $macc $flatten\quire.\instance_fn_twosC_quire_0.$add$/teamspace/studios/this_studio/Melodica-Integration-into-Fife-Core/Learn_Bluespec_and_RISCV_Design/Code/Build/Fife/verilog/module_fn_twosC_quire.v:89$102.
  creating $alu model for $macc $flatten\quire.\instance_fn_twosC_quire_0.$add$/teamspace/studios/this_studio/Melodica-Integration-into-Fife-Core/Learn_Bluespec_and_RISCV_Design/Code/Build/Fife/verilog/module_fn_twosC_quire.v:82$96.
  creating $alu model for $macc $flatten\quire.\instance_fn_twosC_quire_0.$add$/teamspace/studios/this_studio/Melodica-Integration-into-Fife-Core/Learn_Bluespec_and_RISCV_Design/Code/Build/Fife/verilog/module_fn_twosC_quire.v:75$90.
  creating $alu model for $macc $flatten\quire.\instance_fn_twosC_quire_0.$add$/teamspace/studios/this_studio/Melodica-Integration-into-Fife-Core/Learn_Bluespec_and_RISCV_Design/Code/Build/Fife/verilog/module_fn_twosC_quire.v:68$84.
  creating $alu model for $macc $flatten\quire.\instance_fn_twosC_quire_0.$add$/teamspace/studios/this_studio/Melodica-Integration-into-Fife-Core/Learn_Bluespec_and_RISCV_Design/Code/Build/Fife/verilog/module_fn_twosC_quire.v:113$123.
  creating $alu model for $macc $flatten\quire.\instance_fn_twosC_quire_0.$add$/teamspace/studios/this_studio/Melodica-Integration-into-Fife-Core/Learn_Bluespec_and_RISCV_Design/Code/Build/Fife/verilog/module_fn_twosC_quire.v:103$114.
  creating $alu model for $macc $flatten\quire.$sub$/teamspace/studios/this_studio/Melodica-Integration-into-Fife-Core/Learn_Bluespec_and_RISCV_Design/Code/Build/Fife/verilog/mkQuire.v:798$217.
  creating $alu model for $macc $flatten\quire.$sub$/teamspace/studios/this_studio/Melodica-Integration-into-Fife-Core/Learn_Bluespec_and_RISCV_Design/Code/Build/Fife/verilog/mkQuire.v:1468$489.
  creating $alu model for $macc $flatten\quire.$neg$/teamspace/studios/this_studio/Melodica-Integration-into-Fife-Core/Learn_Bluespec_and_RISCV_Design/Code/Build/Fife/verilog/mkQuire.v:1579$522.
  creating $alu model for $macc $flatten\quire.$add$/teamspace/studios/this_studio/Melodica-Integration-into-Fife-Core/Learn_Bluespec_and_RISCV_Design/Code/Build/Fife/verilog/mkQuire.v:796$216.
  creating $alu model for $macc $flatten\quire.\seg_adder_vff_in_3.$add$/teamspace/studios/this_studio/Melodica-Integration-into-Fife-Core/bsc/lib/Verilog/SizedFIFO.v:76$888.
  creating $alu model for $macc $flatten\quire.\seg_adder_vff_in_4.$add$/teamspace/studios/this_studio/Melodica-Integration-into-Fife-Core/bsc/lib/Verilog/SizedFIFO.v:75$887.
  creating $alu model for $macc $flatten\quire.\seg_adder_vff_in_4.$add$/teamspace/studios/this_studio/Melodica-Integration-into-Fife-Core/bsc/lib/Verilog/SizedFIFO.v:76$888.
  creating $alu model for $macc $flatten\quire.\seg_adder_vff_in_5.$add$/teamspace/studios/this_studio/Melodica-Integration-into-Fife-Core/bsc/lib/Verilog/SizedFIFO.v:75$887.
  creating $alu model for $macc $flatten\quire.\seg_adder_vff_in_5.$add$/teamspace/studios/this_studio/Melodica-Integration-into-Fife-Core/bsc/lib/Verilog/SizedFIFO.v:76$888.
  creating $alu model for $macc $flatten\quire.\seg_adder_vff_in_6.$add$/teamspace/studios/this_studio/Melodica-Integration-into-Fife-Core/bsc/lib/Verilog/SizedFIFO.v:75$887.
  creating $alu model for $macc $flatten\quire.\seg_adder_vff_in_3.$add$/teamspace/studios/this_studio/Melodica-Integration-into-Fife-Core/bsc/lib/Verilog/SizedFIFO.v:75$887.
  creating $alu model for $macc $flatten\quire.$add$/teamspace/studios/this_studio/Melodica-Integration-into-Fife-Core/Learn_Bluespec_and_RISCV_Design/Code/Build/Fife/verilog/mkQuire.v:1503$499.
  creating $alu model for $macc $flatten\quire.$add$/teamspace/studios/this_studio/Melodica-Integration-into-Fife-Core/Learn_Bluespec_and_RISCV_Design/Code/Build/Fife/verilog/mkQuire.v:1493$497.
  creating $alu model for $macc $flatten\quire.$add$/teamspace/studios/this_studio/Melodica-Integration-into-Fife-Core/Learn_Bluespec_and_RISCV_Design/Code/Build/Fife/verilog/mkQuire.v:1491$496.
  creating $alu model for $macc $flatten\quire.$add$/teamspace/studios/this_studio/Melodica-Integration-into-Fife-Core/Learn_Bluespec_and_RISCV_Design/Code/Build/Fife/verilog/mkQuire.v:1489$495.
  creating $alu model for $macc $flatten\quire.$add$/teamspace/studios/this_studio/Melodica-Integration-into-Fife-Core/Learn_Bluespec_and_RISCV_Design/Code/Build/Fife/verilog/mkQuire.v:1487$494.
  creating $alu model for $macc $flatten\quire.$add$/teamspace/studios/this_studio/Melodica-Integration-into-Fife-Core/Learn_Bluespec_and_RISCV_Design/Code/Build/Fife/verilog/mkQuire.v:1485$493.
  creating $alu model for $macc $flatten\quire.$add$/teamspace/studios/this_studio/Melodica-Integration-into-Fife-Core/Learn_Bluespec_and_RISCV_Design/Code/Build/Fife/verilog/mkQuire.v:1483$492.
  creating $alu model for $macc $flatten\quire.$add$/teamspace/studios/this_studio/Melodica-Integration-into-Fife-Core/Learn_Bluespec_and_RISCV_Design/Code/Build/Fife/verilog/mkQuire.v:1481$491.
  creating $alu model for $macc $flatten\ptof.$sub$/teamspace/studios/this_studio/Melodica-Integration-into-Fife-Core/Learn_Bluespec_and_RISCV_Design/Code/Build/Fife/verilog/mkPtoF_PNE.v:179$731.
  creating $alu model for $macc $flatten\ptof.$sub$/teamspace/studios/this_studio/Melodica-Integration-into-Fife-Core/Learn_Bluespec_and_RISCV_Design/Code/Build/Fife/verilog/mkPtoF_PNE.v:177$730.
  creating $alu model for $macc $flatten\ptof.$neg$/teamspace/studios/this_studio/Melodica-Integration-into-Fife-Core/Learn_Bluespec_and_RISCV_Design/Code/Build/Fife/verilog/mkPtoF_PNE.v:138$713.
  creating $alu model for $macc $flatten\ptof.$add$/teamspace/studios/this_studio/Melodica-Integration-into-Fife-Core/Learn_Bluespec_and_RISCV_Design/Code/Build/Fife/verilog/mkPtoF_PNE.v:217$757.
  creating $alu model for $macc $flatten\ptof.$add$/teamspace/studios/this_studio/Melodica-Integration-into-Fife-Core/Learn_Bluespec_and_RISCV_Design/Code/Build/Fife/verilog/mkPtoF_PNE.v:201$747.
  creating $alu model for $macc $flatten\ptof.$add$/teamspace/studios/this_studio/Melodica-Integration-into-Fife-Core/Learn_Bluespec_and_RISCV_Design/Code/Build/Fife/verilog/mkPtoF_PNE.v:197$745.
  creating $alu model for $macc $flatten\multiplier.$neg$/teamspace/studios/this_studio/Melodica-Integration-into-Fife-Core/Learn_Bluespec_and_RISCV_Design/Code/Build/Fife/verilog/mkMultiplier.v:230$619.
  creating $alu model for $macc $flatten\multiplier.$add$/teamspace/studios/this_studio/Melodica-Integration-into-Fife-Core/Learn_Bluespec_and_RISCV_Design/Code/Build/Fife/verilog/mkMultiplier.v:204$609.
  creating $alu model for $macc $flatten\multiplier.$add$/teamspace/studios/this_studio/Melodica-Integration-into-Fife-Core/Learn_Bluespec_and_RISCV_Design/Code/Build/Fife/verilog/mkMultiplier.v:191$607.
  creating $alu model for $macc $flatten\ftop.$sub$/teamspace/studios/this_studio/Melodica-Integration-into-Fife-Core/Learn_Bluespec_and_RISCV_Design/Code/Build/Fife/verilog/mkFtoP_PNE.v:191$706.
  creating $alu model for $macc $flatten\ftop.$sub$/teamspace/studios/this_studio/Melodica-Integration-into-Fife-Core/Learn_Bluespec_and_RISCV_Design/Code/Build/Fife/verilog/mkFtoP_PNE.v:186$705.
  creating $alu model for $macc $flatten\ftop.$sub$/teamspace/studios/this_studio/Melodica-Integration-into-Fife-Core/Learn_Bluespec_and_RISCV_Design/Code/Build/Fife/verilog/mkFtoP_PNE.v:183$704.
  creating $alu model for $macc $flatten\ftop.$neg$/teamspace/studios/this_studio/Melodica-Integration-into-Fife-Core/Learn_Bluespec_and_RISCV_Design/Code/Build/Fife/verilog/mkFtoP_PNE.v:133$679.
  creating $alu model for $macc $flatten\ftop.$add$/teamspace/studios/this_studio/Melodica-Integration-into-Fife-Core/Learn_Bluespec_and_RISCV_Design/Code/Build/Fife/verilog/mkFtoP_PNE.v:196$708.
  creating $alu model for $macc $flatten\extracter2.$add$/teamspace/studios/this_studio/Melodica-Integration-into-Fife-Core/Learn_Bluespec_and_RISCV_Design/Code/Build/Fife/verilog/mkExtracter.v:195$656.
  creating $alu model for $macc $flatten\quire.\seg_adder_vff_in_6.$add$/teamspace/studios/this_studio/Melodica-Integration-into-Fife-Core/bsc/lib/Verilog/SizedFIFO.v:76$888.
  creating $alu model for $macc $flatten\extracter1.$add$/teamspace/studios/this_studio/Melodica-Integration-into-Fife-Core/Learn_Bluespec_and_RISCV_Design/Code/Build/Fife/verilog/mkExtracter.v:195$656.
  creating $alu model for $macc $sub$/teamspace/studios/this_studio/Melodica-Integration-into-Fife-Core/Learn_Bluespec_and_RISCV_Design/Code/Build/Fife/verilog/mkPositCore.v:453$847.
  creating $alu model for $macc $add$/teamspace/studios/this_studio/Melodica-Integration-into-Fife-Core/Learn_Bluespec_and_RISCV_Design/Code/Build/Fife/verilog/mkPositCore.v:506$873.
  creating $alu model for $macc $add$/teamspace/studios/this_studio/Melodica-Integration-into-Fife-Core/Learn_Bluespec_and_RISCV_Design/Code/Build/Fife/verilog/mkPositCore.v:452$846.
  creating $macc cell for $flatten\multiplier.$mul$/teamspace/studios/this_studio/Melodica-Integration-into-Fife-Core/Learn_Bluespec_and_RISCV_Design/Code/Build/Fife/verilog/mkMultiplier.v:196$608: $auto$alumacc.cc:365:replace_macc$2355
  creating $macc cell for $flatten\quire.$sub$/teamspace/studios/this_studio/Melodica-Integration-into-Fife-Core/Learn_Bluespec_and_RISCV_Design/Code/Build/Fife/verilog/mkQuire.v:1241$433: $auto$alumacc.cc:365:replace_macc$2356
  creating $alu model for $flatten\ftop.$le$/teamspace/studios/this_studio/Melodica-Integration-into-Fife-Core/Learn_Bluespec_and_RISCV_Design/Code/Build/Fife/verilog/mkFtoP_PNE.v:160$695 ($le): new $alu
  creating $alu model for $flatten\ftop.$le$/teamspace/studios/this_studio/Melodica-Integration-into-Fife-Core/Learn_Bluespec_and_RISCV_Design/Code/Build/Fife/verilog/mkFtoP_PNE.v:166$698 ($le): new $alu
  creating $alu model for $flatten\ftop.$le$/teamspace/studios/this_studio/Melodica-Integration-into-Fife-Core/Learn_Bluespec_and_RISCV_Design/Code/Build/Fife/verilog/mkFtoP_PNE.v:179$703 ($le): new $alu
  creating $alu model for $flatten\ftop.$lt$/teamspace/studios/this_studio/Melodica-Integration-into-Fife-Core/Learn_Bluespec_and_RISCV_Design/Code/Build/Fife/verilog/mkFtoP_PNE.v:175$701 ($lt): new $alu
  creating $alu model for $flatten\ptof.$le$/teamspace/studios/this_studio/Melodica-Integration-into-Fife-Core/Learn_Bluespec_and_RISCV_Design/Code/Build/Fife/verilog/mkPtoF_PNE.v:141$716 ($le): new $alu
  creating $alu model for $flatten\ptof.$le$/teamspace/studios/this_studio/Melodica-Integration-into-Fife-Core/Learn_Bluespec_and_RISCV_Design/Code/Build/Fife/verilog/mkPtoF_PNE.v:146$719 ($le): new $alu
  creating $alu model for $flatten\ptof.$le$/teamspace/studios/this_studio/Melodica-Integration-into-Fife-Core/Learn_Bluespec_and_RISCV_Design/Code/Build/Fife/verilog/mkPtoF_PNE.v:181$733 ($le): new $alu
  creating $alu model for $flatten\ptof.$lt$/teamspace/studios/this_studio/Melodica-Integration-into-Fife-Core/Learn_Bluespec_and_RISCV_Design/Code/Build/Fife/verilog/mkPtoF_PNE.v:183$735 ($lt): new $alu
  creating $alu model for $flatten\quire.$le$/teamspace/studios/this_studio/Melodica-Integration-into-Fife-Core/Learn_Bluespec_and_RISCV_Design/Code/Build/Fife/verilog/mkQuire.v:1464$488 ($le): new $alu
  creating $alu model for $flatten\quire.$lt$/teamspace/studios/this_studio/Melodica-Integration-into-Fife-Core/Learn_Bluespec_and_RISCV_Design/Code/Build/Fife/verilog/mkQuire.v:1460$486 ($lt): new $alu
  creating $alu cell for $flatten\quire.$lt$/teamspace/studios/this_studio/Melodica-Integration-into-Fife-Core/Learn_Bluespec_and_RISCV_Design/Code/Build/Fife/verilog/mkQuire.v:1460$486: $auto$alumacc.cc:485:replace_alu$2367
  creating $alu cell for $flatten\quire.$le$/teamspace/studios/this_studio/Melodica-Integration-into-Fife-Core/Learn_Bluespec_and_RISCV_Design/Code/Build/Fife/verilog/mkQuire.v:1464$488: $auto$alumacc.cc:485:replace_alu$2378
  creating $alu cell for $flatten\ptof.$lt$/teamspace/studios/this_studio/Melodica-Integration-into-Fife-Core/Learn_Bluespec_and_RISCV_Design/Code/Build/Fife/verilog/mkPtoF_PNE.v:183$735: $auto$alumacc.cc:485:replace_alu$2391
  creating $alu cell for $flatten\ptof.$le$/teamspace/studios/this_studio/Melodica-Integration-into-Fife-Core/Learn_Bluespec_and_RISCV_Design/Code/Build/Fife/verilog/mkPtoF_PNE.v:181$733: $auto$alumacc.cc:485:replace_alu$2402
  creating $alu cell for $flatten\ptof.$le$/teamspace/studios/this_studio/Melodica-Integration-into-Fife-Core/Learn_Bluespec_and_RISCV_Design/Code/Build/Fife/verilog/mkPtoF_PNE.v:146$719: $auto$alumacc.cc:485:replace_alu$2415
  creating $alu cell for $flatten\ptof.$le$/teamspace/studios/this_studio/Melodica-Integration-into-Fife-Core/Learn_Bluespec_and_RISCV_Design/Code/Build/Fife/verilog/mkPtoF_PNE.v:141$716: $auto$alumacc.cc:485:replace_alu$2428
  creating $alu cell for $flatten\ftop.$lt$/teamspace/studios/this_studio/Melodica-Integration-into-Fife-Core/Learn_Bluespec_and_RISCV_Design/Code/Build/Fife/verilog/mkFtoP_PNE.v:175$701: $auto$alumacc.cc:485:replace_alu$2441
  creating $alu cell for $flatten\ftop.$le$/teamspace/studios/this_studio/Melodica-Integration-into-Fife-Core/Learn_Bluespec_and_RISCV_Design/Code/Build/Fife/verilog/mkFtoP_PNE.v:179$703: $auto$alumacc.cc:485:replace_alu$2452
  creating $alu cell for $flatten\ftop.$le$/teamspace/studios/this_studio/Melodica-Integration-into-Fife-Core/Learn_Bluespec_and_RISCV_Design/Code/Build/Fife/verilog/mkFtoP_PNE.v:166$698: $auto$alumacc.cc:485:replace_alu$2465
  creating $alu cell for $flatten\ftop.$le$/teamspace/studios/this_studio/Melodica-Integration-into-Fife-Core/Learn_Bluespec_and_RISCV_Design/Code/Build/Fife/verilog/mkFtoP_PNE.v:160$695: $auto$alumacc.cc:485:replace_alu$2478
  creating $alu cell for $add$/teamspace/studios/this_studio/Melodica-Integration-into-Fife-Core/Learn_Bluespec_and_RISCV_Design/Code/Build/Fife/verilog/mkPositCore.v:452$846: $auto$alumacc.cc:485:replace_alu$2491
  creating $alu cell for $add$/teamspace/studios/this_studio/Melodica-Integration-into-Fife-Core/Learn_Bluespec_and_RISCV_Design/Code/Build/Fife/verilog/mkPositCore.v:506$873: $auto$alumacc.cc:485:replace_alu$2494
  creating $alu cell for $sub$/teamspace/studios/this_studio/Melodica-Integration-into-Fife-Core/Learn_Bluespec_and_RISCV_Design/Code/Build/Fife/verilog/mkPositCore.v:453$847: $auto$alumacc.cc:485:replace_alu$2497
  creating $alu cell for $flatten\extracter1.$add$/teamspace/studios/this_studio/Melodica-Integration-into-Fife-Core/Learn_Bluespec_and_RISCV_Design/Code/Build/Fife/verilog/mkExtracter.v:195$656: $auto$alumacc.cc:485:replace_alu$2500
  creating $alu cell for $flatten\quire.\seg_adder_vff_in_6.$add$/teamspace/studios/this_studio/Melodica-Integration-into-Fife-Core/bsc/lib/Verilog/SizedFIFO.v:76$888: $auto$alumacc.cc:485:replace_alu$2503
  creating $alu cell for $flatten\extracter2.$add$/teamspace/studios/this_studio/Melodica-Integration-into-Fife-Core/Learn_Bluespec_and_RISCV_Design/Code/Build/Fife/verilog/mkExtracter.v:195$656: $auto$alumacc.cc:485:replace_alu$2506
  creating $alu cell for $flatten\ftop.$add$/teamspace/studios/this_studio/Melodica-Integration-into-Fife-Core/Learn_Bluespec_and_RISCV_Design/Code/Build/Fife/verilog/mkFtoP_PNE.v:196$708: $auto$alumacc.cc:485:replace_alu$2509
  creating $alu cell for $flatten\ftop.$neg$/teamspace/studios/this_studio/Melodica-Integration-into-Fife-Core/Learn_Bluespec_and_RISCV_Design/Code/Build/Fife/verilog/mkFtoP_PNE.v:133$679: $auto$alumacc.cc:485:replace_alu$2512
  creating $alu cell for $flatten\ftop.$sub$/teamspace/studios/this_studio/Melodica-Integration-into-Fife-Core/Learn_Bluespec_and_RISCV_Design/Code/Build/Fife/verilog/mkFtoP_PNE.v:183$704: $auto$alumacc.cc:485:replace_alu$2515
  creating $alu cell for $flatten\ftop.$sub$/teamspace/studios/this_studio/Melodica-Integration-into-Fife-Core/Learn_Bluespec_and_RISCV_Design/Code/Build/Fife/verilog/mkFtoP_PNE.v:186$705: $auto$alumacc.cc:485:replace_alu$2518
  creating $alu cell for $flatten\ftop.$sub$/teamspace/studios/this_studio/Melodica-Integration-into-Fife-Core/Learn_Bluespec_and_RISCV_Design/Code/Build/Fife/verilog/mkFtoP_PNE.v:191$706: $auto$alumacc.cc:485:replace_alu$2521
  creating $alu cell for $flatten\multiplier.$add$/teamspace/studios/this_studio/Melodica-Integration-into-Fife-Core/Learn_Bluespec_and_RISCV_Design/Code/Build/Fife/verilog/mkMultiplier.v:191$607: $auto$alumacc.cc:485:replace_alu$2524
  creating $alu cell for $flatten\multiplier.$add$/teamspace/studios/this_studio/Melodica-Integration-into-Fife-Core/Learn_Bluespec_and_RISCV_Design/Code/Build/Fife/verilog/mkMultiplier.v:204$609: $auto$alumacc.cc:485:replace_alu$2527
  creating $alu cell for $flatten\multiplier.$neg$/teamspace/studios/this_studio/Melodica-Integration-into-Fife-Core/Learn_Bluespec_and_RISCV_Design/Code/Build/Fife/verilog/mkMultiplier.v:230$619: $auto$alumacc.cc:485:replace_alu$2530
  creating $alu cell for $flatten\ptof.$add$/teamspace/studios/this_studio/Melodica-Integration-into-Fife-Core/Learn_Bluespec_and_RISCV_Design/Code/Build/Fife/verilog/mkPtoF_PNE.v:197$745: $auto$alumacc.cc:485:replace_alu$2533
  creating $alu cell for $flatten\ptof.$add$/teamspace/studios/this_studio/Melodica-Integration-into-Fife-Core/Learn_Bluespec_and_RISCV_Design/Code/Build/Fife/verilog/mkPtoF_PNE.v:201$747: $auto$alumacc.cc:485:replace_alu$2536
  creating $alu cell for $flatten\ptof.$add$/teamspace/studios/this_studio/Melodica-Integration-into-Fife-Core/Learn_Bluespec_and_RISCV_Design/Code/Build/Fife/verilog/mkPtoF_PNE.v:217$757: $auto$alumacc.cc:485:replace_alu$2539
  creating $alu cell for $flatten\ptof.$neg$/teamspace/studios/this_studio/Melodica-Integration-into-Fife-Core/Learn_Bluespec_and_RISCV_Design/Code/Build/Fife/verilog/mkPtoF_PNE.v:138$713: $auto$alumacc.cc:485:replace_alu$2542
  creating $alu cell for $flatten\ptof.$sub$/teamspace/studios/this_studio/Melodica-Integration-into-Fife-Core/Learn_Bluespec_and_RISCV_Design/Code/Build/Fife/verilog/mkPtoF_PNE.v:177$730: $auto$alumacc.cc:485:replace_alu$2545
  creating $alu cell for $flatten\ptof.$sub$/teamspace/studios/this_studio/Melodica-Integration-into-Fife-Core/Learn_Bluespec_and_RISCV_Design/Code/Build/Fife/verilog/mkPtoF_PNE.v:179$731: $auto$alumacc.cc:485:replace_alu$2548
  creating $alu cell for $flatten\quire.$add$/teamspace/studios/this_studio/Melodica-Integration-into-Fife-Core/Learn_Bluespec_and_RISCV_Design/Code/Build/Fife/verilog/mkQuire.v:1481$491: $auto$alumacc.cc:485:replace_alu$2551
  creating $alu cell for $flatten\quire.$add$/teamspace/studios/this_studio/Melodica-Integration-into-Fife-Core/Learn_Bluespec_and_RISCV_Design/Code/Build/Fife/verilog/mkQuire.v:1483$492: $auto$alumacc.cc:485:replace_alu$2554
  creating $alu cell for $flatten\quire.$add$/teamspace/studios/this_studio/Melodica-Integration-into-Fife-Core/Learn_Bluespec_and_RISCV_Design/Code/Build/Fife/verilog/mkQuire.v:1485$493: $auto$alumacc.cc:485:replace_alu$2557
  creating $alu cell for $flatten\quire.$add$/teamspace/studios/this_studio/Melodica-Integration-into-Fife-Core/Learn_Bluespec_and_RISCV_Design/Code/Build/Fife/verilog/mkQuire.v:1487$494: $auto$alumacc.cc:485:replace_alu$2560
  creating $alu cell for $flatten\quire.$add$/teamspace/studios/this_studio/Melodica-Integration-into-Fife-Core/Learn_Bluespec_and_RISCV_Design/Code/Build/Fife/verilog/mkQuire.v:1489$495: $auto$alumacc.cc:485:replace_alu$2563
  creating $alu cell for $flatten\quire.$add$/teamspace/studios/this_studio/Melodica-Integration-into-Fife-Core/Learn_Bluespec_and_RISCV_Design/Code/Build/Fife/verilog/mkQuire.v:1491$496: $auto$alumacc.cc:485:replace_alu$2566
  creating $alu cell for $flatten\quire.$add$/teamspace/studios/this_studio/Melodica-Integration-into-Fife-Core/Learn_Bluespec_and_RISCV_Design/Code/Build/Fife/verilog/mkQuire.v:1493$497: $auto$alumacc.cc:485:replace_alu$2569
  creating $alu cell for $flatten\quire.$add$/teamspace/studios/this_studio/Melodica-Integration-into-Fife-Core/Learn_Bluespec_and_RISCV_Design/Code/Build/Fife/verilog/mkQuire.v:1503$499: $auto$alumacc.cc:485:replace_alu$2572
  creating $alu cell for $flatten\quire.\seg_adder_vff_in_3.$add$/teamspace/studios/this_studio/Melodica-Integration-into-Fife-Core/bsc/lib/Verilog/SizedFIFO.v:75$887: $auto$alumacc.cc:485:replace_alu$2575
  creating $alu cell for $flatten\quire.\seg_adder_vff_in_6.$add$/teamspace/studios/this_studio/Melodica-Integration-into-Fife-Core/bsc/lib/Verilog/SizedFIFO.v:75$887: $auto$alumacc.cc:485:replace_alu$2578
  creating $alu cell for $flatten\quire.\seg_adder_vff_in_5.$add$/teamspace/studios/this_studio/Melodica-Integration-into-Fife-Core/bsc/lib/Verilog/SizedFIFO.v:76$888: $auto$alumacc.cc:485:replace_alu$2581
  creating $alu cell for $flatten\quire.\seg_adder_vff_in_5.$add$/teamspace/studios/this_studio/Melodica-Integration-into-Fife-Core/bsc/lib/Verilog/SizedFIFO.v:75$887: $auto$alumacc.cc:485:replace_alu$2584
  creating $alu cell for $flatten\quire.\seg_adder_vff_in_4.$add$/teamspace/studios/this_studio/Melodica-Integration-into-Fife-Core/bsc/lib/Verilog/SizedFIFO.v:76$888: $auto$alumacc.cc:485:replace_alu$2587
  creating $alu cell for $flatten\quire.\seg_adder_vff_in_4.$add$/teamspace/studios/this_studio/Melodica-Integration-into-Fife-Core/bsc/lib/Verilog/SizedFIFO.v:75$887: $auto$alumacc.cc:485:replace_alu$2590
  creating $alu cell for $flatten\quire.\seg_adder_vff_in_3.$add$/teamspace/studios/this_studio/Melodica-Integration-into-Fife-Core/bsc/lib/Verilog/SizedFIFO.v:76$888: $auto$alumacc.cc:485:replace_alu$2593
  creating $alu cell for $flatten\quire.$add$/teamspace/studios/this_studio/Melodica-Integration-into-Fife-Core/Learn_Bluespec_and_RISCV_Design/Code/Build/Fife/verilog/mkQuire.v:796$216: $auto$alumacc.cc:485:replace_alu$2596
  creating $alu cell for $flatten\quire.$neg$/teamspace/studios/this_studio/Melodica-Integration-into-Fife-Core/Learn_Bluespec_and_RISCV_Design/Code/Build/Fife/verilog/mkQuire.v:1579$522: $auto$alumacc.cc:485:replace_alu$2599
  creating $alu cell for $flatten\quire.$sub$/teamspace/studios/this_studio/Melodica-Integration-into-Fife-Core/Learn_Bluespec_and_RISCV_Design/Code/Build/Fife/verilog/mkQuire.v:1468$489: $auto$alumacc.cc:485:replace_alu$2602
  creating $alu cell for $flatten\quire.$sub$/teamspace/studios/this_studio/Melodica-Integration-into-Fife-Core/Learn_Bluespec_and_RISCV_Design/Code/Build/Fife/verilog/mkQuire.v:798$217: $auto$alumacc.cc:485:replace_alu$2605
  creating $alu cell for $flatten\quire.\instance_fn_twosC_quire_0.$add$/teamspace/studios/this_studio/Melodica-Integration-into-Fife-Core/Learn_Bluespec_and_RISCV_Design/Code/Build/Fife/verilog/module_fn_twosC_quire.v:103$114: $auto$alumacc.cc:485:replace_alu$2608
  creating $alu cell for $flatten\quire.\instance_fn_twosC_quire_0.$add$/teamspace/studios/this_studio/Melodica-Integration-into-Fife-Core/Learn_Bluespec_and_RISCV_Design/Code/Build/Fife/verilog/module_fn_twosC_quire.v:113$123: $auto$alumacc.cc:485:replace_alu$2611
  creating $alu cell for $flatten\quire.\instance_fn_twosC_quire_0.$add$/teamspace/studios/this_studio/Melodica-Integration-into-Fife-Core/Learn_Bluespec_and_RISCV_Design/Code/Build/Fife/verilog/module_fn_twosC_quire.v:68$84: $auto$alumacc.cc:485:replace_alu$2614
  creating $alu cell for $flatten\quire.\instance_fn_twosC_quire_0.$add$/teamspace/studios/this_studio/Melodica-Integration-into-Fife-Core/Learn_Bluespec_and_RISCV_Design/Code/Build/Fife/verilog/module_fn_twosC_quire.v:75$90: $auto$alumacc.cc:485:replace_alu$2617
  creating $alu cell for $flatten\quire.\instance_fn_twosC_quire_0.$add$/teamspace/studios/this_studio/Melodica-Integration-into-Fife-Core/Learn_Bluespec_and_RISCV_Design/Code/Build/Fife/verilog/module_fn_twosC_quire.v:82$96: $auto$alumacc.cc:485:replace_alu$2620
  creating $alu cell for $flatten\quire.\instance_fn_twosC_quire_0.$add$/teamspace/studios/this_studio/Melodica-Integration-into-Fife-Core/Learn_Bluespec_and_RISCV_Design/Code/Build/Fife/verilog/module_fn_twosC_quire.v:89$102: $auto$alumacc.cc:485:replace_alu$2623
  creating $alu cell for $flatten\quire.\instance_fn_twosC_quire_0.$add$/teamspace/studios/this_studio/Melodica-Integration-into-Fife-Core/Learn_Bluespec_and_RISCV_Design/Code/Build/Fife/verilog/module_fn_twosC_quire.v:96$108: $auto$alumacc.cc:485:replace_alu$2626
  creating $alu cell for $flatten\quire.\instance_fn_twosC_quire_1.$add$/teamspace/studios/this_studio/Melodica-Integration-into-Fife-Core/Learn_Bluespec_and_RISCV_Design/Code/Build/Fife/verilog/module_fn_twosC_quire.v:103$114: $auto$alumacc.cc:485:replace_alu$2629
  creating $alu cell for $flatten\quire.\instance_fn_twosC_quire_1.$add$/teamspace/studios/this_studio/Melodica-Integration-into-Fife-Core/Learn_Bluespec_and_RISCV_Design/Code/Build/Fife/verilog/module_fn_twosC_quire.v:110$120: $auto$alumacc.cc:485:replace_alu$2632
  creating $alu cell for $flatten\quire.\instance_fn_twosC_quire_1.$add$/teamspace/studios/this_studio/Melodica-Integration-into-Fife-Core/Learn_Bluespec_and_RISCV_Design/Code/Build/Fife/verilog/module_fn_twosC_quire.v:113$123: $auto$alumacc.cc:485:replace_alu$2635
  creating $alu cell for $flatten\quire.\instance_fn_twosC_quire_1.$add$/teamspace/studios/this_studio/Melodica-Integration-into-Fife-Core/Learn_Bluespec_and_RISCV_Design/Code/Build/Fife/verilog/module_fn_twosC_quire.v:68$84: $auto$alumacc.cc:485:replace_alu$2638
  creating $alu cell for $flatten\quire.\instance_fn_twosC_quire_1.$add$/teamspace/studios/this_studio/Melodica-Integration-into-Fife-Core/Learn_Bluespec_and_RISCV_Design/Code/Build/Fife/verilog/module_fn_twosC_quire.v:75$90: $auto$alumacc.cc:485:replace_alu$2641
  creating $alu cell for $flatten\quire.\instance_fn_twosC_quire_1.$add$/teamspace/studios/this_studio/Melodica-Integration-into-Fife-Core/Learn_Bluespec_and_RISCV_Design/Code/Build/Fife/verilog/module_fn_twosC_quire.v:82$96: $auto$alumacc.cc:485:replace_alu$2644
  creating $alu cell for $flatten\quire.\instance_fn_twosC_quire_1.$add$/teamspace/studios/this_studio/Melodica-Integration-into-Fife-Core/Learn_Bluespec_and_RISCV_Design/Code/Build/Fife/verilog/module_fn_twosC_quire.v:89$102: $auto$alumacc.cc:485:replace_alu$2647
  creating $alu cell for $flatten\quire.\instance_fn_twosC_quire_1.$add$/teamspace/studios/this_studio/Melodica-Integration-into-Fife-Core/Learn_Bluespec_and_RISCV_Design/Code/Build/Fife/verilog/module_fn_twosC_quire.v:96$108: $auto$alumacc.cc:485:replace_alu$2650
  creating $alu cell for $flatten\quire.\instance_fn_twosC_quire_2.$add$/teamspace/studios/this_studio/Melodica-Integration-into-Fife-Core/Learn_Bluespec_and_RISCV_Design/Code/Build/Fife/verilog/module_fn_twosC_quire.v:103$114: $auto$alumacc.cc:485:replace_alu$2653
  creating $alu cell for $flatten\quire.\instance_fn_twosC_quire_2.$add$/teamspace/studios/this_studio/Melodica-Integration-into-Fife-Core/Learn_Bluespec_and_RISCV_Design/Code/Build/Fife/verilog/module_fn_twosC_quire.v:113$123: $auto$alumacc.cc:485:replace_alu$2656
  creating $alu cell for $flatten\quire.\instance_fn_twosC_quire_2.$add$/teamspace/studios/this_studio/Melodica-Integration-into-Fife-Core/Learn_Bluespec_and_RISCV_Design/Code/Build/Fife/verilog/module_fn_twosC_quire.v:68$84: $auto$alumacc.cc:485:replace_alu$2659
  creating $alu cell for $flatten\quire.\instance_fn_twosC_quire_2.$add$/teamspace/studios/this_studio/Melodica-Integration-into-Fife-Core/Learn_Bluespec_and_RISCV_Design/Code/Build/Fife/verilog/module_fn_twosC_quire.v:75$90: $auto$alumacc.cc:485:replace_alu$2662
  creating $alu cell for $flatten\quire.\instance_fn_twosC_quire_2.$add$/teamspace/studios/this_studio/Melodica-Integration-into-Fife-Core/Learn_Bluespec_and_RISCV_Design/Code/Build/Fife/verilog/module_fn_twosC_quire.v:82$96: $auto$alumacc.cc:485:replace_alu$2665
  creating $alu cell for $flatten\quire.\instance_fn_twosC_quire_2.$add$/teamspace/studios/this_studio/Melodica-Integration-into-Fife-Core/Learn_Bluespec_and_RISCV_Design/Code/Build/Fife/verilog/module_fn_twosC_quire.v:89$102: $auto$alumacc.cc:485:replace_alu$2668
  creating $alu cell for $flatten\quire.\instance_fn_twosC_quire_2.$add$/teamspace/studios/this_studio/Melodica-Integration-into-Fife-Core/Learn_Bluespec_and_RISCV_Design/Code/Build/Fife/verilog/module_fn_twosC_quire.v:96$108: $auto$alumacc.cc:485:replace_alu$2671
  creating $alu cell for $flatten\quire.\seg_adder_vff_carry_0.$add$/teamspace/studios/this_studio/Melodica-Integration-into-Fife-Core/bsc/lib/Verilog/SizedFIFO.v:75$918: $auto$alumacc.cc:485:replace_alu$2674
  creating $alu cell for $flatten\quire.\seg_adder_vff_carry_0.$add$/teamspace/studios/this_studio/Melodica-Integration-into-Fife-Core/bsc/lib/Verilog/SizedFIFO.v:76$919: $auto$alumacc.cc:485:replace_alu$2677
  creating $alu cell for $flatten\quire.\seg_adder_vff_carry_1.$add$/teamspace/studios/this_studio/Melodica-Integration-into-Fife-Core/bsc/lib/Verilog/SizedFIFO.v:75$918: $auto$alumacc.cc:485:replace_alu$2680
  creating $alu cell for $flatten\quire.\seg_adder_vff_carry_1.$add$/teamspace/studios/this_studio/Melodica-Integration-into-Fife-Core/bsc/lib/Verilog/SizedFIFO.v:76$919: $auto$alumacc.cc:485:replace_alu$2683
  creating $alu cell for $flatten\quire.\seg_adder_vff_carry_2.$add$/teamspace/studios/this_studio/Melodica-Integration-into-Fife-Core/bsc/lib/Verilog/SizedFIFO.v:75$918: $auto$alumacc.cc:485:replace_alu$2686
  creating $alu cell for $flatten\quire.\seg_adder_vff_carry_2.$add$/teamspace/studios/this_studio/Melodica-Integration-into-Fife-Core/bsc/lib/Verilog/SizedFIFO.v:76$919: $auto$alumacc.cc:485:replace_alu$2689
  creating $alu cell for $flatten\quire.\seg_adder_vff_carry_3.$add$/teamspace/studios/this_studio/Melodica-Integration-into-Fife-Core/bsc/lib/Verilog/SizedFIFO.v:75$918: $auto$alumacc.cc:485:replace_alu$2692
  creating $alu cell for $flatten\quire.\seg_adder_vff_carry_3.$add$/teamspace/studios/this_studio/Melodica-Integration-into-Fife-Core/bsc/lib/Verilog/SizedFIFO.v:76$919: $auto$alumacc.cc:485:replace_alu$2695
  creating $alu cell for $flatten\quire.\seg_adder_vff_carry_4.$add$/teamspace/studios/this_studio/Melodica-Integration-into-Fife-Core/bsc/lib/Verilog/SizedFIFO.v:75$918: $auto$alumacc.cc:485:replace_alu$2698
  creating $alu cell for $flatten\quire.\seg_adder_vff_carry_4.$add$/teamspace/studios/this_studio/Melodica-Integration-into-Fife-Core/bsc/lib/Verilog/SizedFIFO.v:76$919: $auto$alumacc.cc:485:replace_alu$2701
  creating $alu cell for $flatten\quire.\seg_adder_vff_carry_5.$add$/teamspace/studios/this_studio/Melodica-Integration-into-Fife-Core/bsc/lib/Verilog/SizedFIFO.v:75$918: $auto$alumacc.cc:485:replace_alu$2704
  creating $alu cell for $flatten\quire.\seg_adder_vff_carry_5.$add$/teamspace/studios/this_studio/Melodica-Integration-into-Fife-Core/bsc/lib/Verilog/SizedFIFO.v:76$919: $auto$alumacc.cc:485:replace_alu$2707
  creating $alu cell for $flatten\quire.\seg_adder_vff_in_0.$add$/teamspace/studios/this_studio/Melodica-Integration-into-Fife-Core/bsc/lib/Verilog/SizedFIFO.v:75$887: $auto$alumacc.cc:485:replace_alu$2710
  creating $alu cell for $flatten\quire.\seg_adder_vff_in_0.$add$/teamspace/studios/this_studio/Melodica-Integration-into-Fife-Core/bsc/lib/Verilog/SizedFIFO.v:76$888: $auto$alumacc.cc:485:replace_alu$2713
  creating $alu cell for $flatten\quire.\seg_adder_vff_in_1.$add$/teamspace/studios/this_studio/Melodica-Integration-into-Fife-Core/bsc/lib/Verilog/SizedFIFO.v:75$887: $auto$alumacc.cc:485:replace_alu$2716
  creating $alu cell for $flatten\quire.\seg_adder_vff_in_1.$add$/teamspace/studios/this_studio/Melodica-Integration-into-Fife-Core/bsc/lib/Verilog/SizedFIFO.v:76$888: $auto$alumacc.cc:485:replace_alu$2719
  creating $alu cell for $flatten\quire.\seg_adder_vff_in_2.$add$/teamspace/studios/this_studio/Melodica-Integration-into-Fife-Core/bsc/lib/Verilog/SizedFIFO.v:75$887: $auto$alumacc.cc:485:replace_alu$2722
  creating $alu cell for $flatten\quire.\seg_adder_vff_in_2.$add$/teamspace/studios/this_studio/Melodica-Integration-into-Fife-Core/bsc/lib/Verilog/SizedFIFO.v:76$888: $auto$alumacc.cc:485:replace_alu$2725
  created 89 $alu and 2 $macc cells.

14.14. Executing SHARE pass (SAT-based resource sharing).
Found 22 cells in module mkPositCore that may be considered for resource sharing.
  Analyzing resource sharing options for $flatten\quire.\seg_adder_vff_in_6.$memrd$\arr$/teamspace/studios/this_studio/Melodica-Integration-into-Fife-Core/bsc/lib/Verilog/SizedFIFO.v:179$899 ($memrd):
    Found 1 activation_patterns using ctrl signal $auto$opt_reduce.cc:134:opt_pmux$1805.
    No candidates found.
  Analyzing resource sharing options for $flatten\quire.\seg_adder_vff_in_5.$memrd$\arr$/teamspace/studios/this_studio/Melodica-Integration-into-Fife-Core/bsc/lib/Verilog/SizedFIFO.v:179$899 ($memrd):
    Found 1 activation_patterns using ctrl signal $auto$opt_reduce.cc:134:opt_pmux$1799.
    No candidates found.
  Analyzing resource sharing options for $flatten\quire.\seg_adder_vff_in_4.$memrd$\arr$/teamspace/studios/this_studio/Melodica-Integration-into-Fife-Core/bsc/lib/Verilog/SizedFIFO.v:179$899 ($memrd):
    Found 1 activation_patterns using ctrl signal $auto$opt_reduce.cc:134:opt_pmux$1793.
    No candidates found.
  Analyzing resource sharing options for $flatten\quire.\seg_adder_vff_in_3.$memrd$\arr$/teamspace/studios/this_studio/Melodica-Integration-into-Fife-Core/bsc/lib/Verilog/SizedFIFO.v:179$899 ($memrd):
    Found 1 activation_patterns using ctrl signal $auto$opt_reduce.cc:134:opt_pmux$1787.
    No candidates found.
  Analyzing resource sharing options for $flatten\quire.\seg_adder_vff_in_2.$memrd$\arr$/teamspace/studios/this_studio/Melodica-Integration-into-Fife-Core/bsc/lib/Verilog/SizedFIFO.v:179$899 ($memrd):
    Found 1 activation_patterns using ctrl signal $auto$opt_reduce.cc:134:opt_pmux$1781.
    No candidates found.
  Analyzing resource sharing options for $flatten\quire.\seg_adder_vff_in_1.$memrd$\arr$/teamspace/studios/this_studio/Melodica-Integration-into-Fife-Core/bsc/lib/Verilog/SizedFIFO.v:179$899 ($memrd):
    Found 1 activation_patterns using ctrl signal $auto$opt_reduce.cc:134:opt_pmux$1775.
    No candidates found.
  Analyzing resource sharing options for $flatten\quire.\seg_adder_vff_in_0.$memrd$\arr$/teamspace/studios/this_studio/Melodica-Integration-into-Fife-Core/bsc/lib/Verilog/SizedFIFO.v:179$899 ($memrd):
    Found 1 activation_patterns using ctrl signal $auto$opt_reduce.cc:134:opt_pmux$1769.
    No candidates found.
  Analyzing resource sharing options for $flatten\quire.\seg_adder_vff_carry_5.$memrd$\arr$/teamspace/studios/this_studio/Melodica-Integration-into-Fife-Core/bsc/lib/Verilog/SizedFIFO.v:179$930 ($memrd):
    Found 1 activation_patterns using ctrl signal $auto$opt_reduce.cc:134:opt_pmux$1763.
    No candidates found.
  Analyzing resource sharing options for $flatten\quire.\seg_adder_vff_carry_4.$memrd$\arr$/teamspace/studios/this_studio/Melodica-Integration-into-Fife-Core/bsc/lib/Verilog/SizedFIFO.v:179$930 ($memrd):
    Found 1 activation_patterns using ctrl signal $auto$opt_reduce.cc:134:opt_pmux$1757.
    No candidates found.
  Analyzing resource sharing options for $flatten\quire.\seg_adder_vff_carry_3.$memrd$\arr$/teamspace/studios/this_studio/Melodica-Integration-into-Fife-Core/bsc/lib/Verilog/SizedFIFO.v:179$930 ($memrd):
    Found 1 activation_patterns using ctrl signal $auto$opt_reduce.cc:134:opt_pmux$1751.
    No candidates found.
  Analyzing resource sharing options for $flatten\quire.\seg_adder_vff_carry_2.$memrd$\arr$/teamspace/studios/this_studio/Melodica-Integration-into-Fife-Core/bsc/lib/Verilog/SizedFIFO.v:179$930 ($memrd):
    Found 1 activation_patterns using ctrl signal $auto$opt_reduce.cc:134:opt_pmux$1745.
    No candidates found.
  Analyzing resource sharing options for $flatten\quire.\seg_adder_vff_carry_1.$memrd$\arr$/teamspace/studios/this_studio/Melodica-Integration-into-Fife-Core/bsc/lib/Verilog/SizedFIFO.v:179$930 ($memrd):
    Found 1 activation_patterns using ctrl signal $auto$opt_reduce.cc:134:opt_pmux$1739.
    No candidates found.
  Analyzing resource sharing options for $flatten\quire.\seg_adder_vff_carry_0.$memrd$\arr$/teamspace/studios/this_studio/Melodica-Integration-into-Fife-Core/bsc/lib/Verilog/SizedFIFO.v:179$930 ($memrd):
    Found 1 activation_patterns using ctrl signal $auto$opt_reduce.cc:134:opt_pmux$1733.
    No candidates found.
  Analyzing resource sharing options for $flatten\quire.$shr$/teamspace/studios/this_studio/Melodica-Integration-into-Fife-Core/Learn_Bluespec_and_RISCV_Design/Code/Build/Fife/verilog/mkQuire.v:1532$506 ($shr):
    Found 13 activation_patterns using ctrl signal { \quire.EN_init \quire.WILL_FIRE_RL_seg_adder_acc_stage_0 \quire.WILL_FIRE_RL_seg_adder_acc_stage_i \quire.WILL_FIRE_RL_seg_adder_acc_stage_i_1 \quire.WILL_FIRE_RL_seg_adder_acc_stage_i_2 \quire.WILL_FIRE_RL_seg_adder_acc_stage_i_3 \quire.WILL_FIRE_RL_seg_adder_acc_stage_i_4 $flatten\quire.\instance_fn_twosC_quire_2.$eq$/teamspace/studios/this_studio/Melodica-Integration-into-Fife-Core/Learn_Bluespec_and_RISCV_Design/Code/Build/Fife/verilog/module_fn_twosC_quire.v:99$111_Y $flatten\quire.\instance_fn_twosC_quire_2.$eq$/teamspace/studios/this_studio/Melodica-Integration-into-Fife-Core/Learn_Bluespec_and_RISCV_Design/Code/Build/Fife/verilog/module_fn_twosC_quire.v:92$105_Y $flatten\quire.\instance_fn_twosC_quire_2.$eq$/teamspace/studios/this_studio/Melodica-Integration-into-Fife-Core/Learn_Bluespec_and_RISCV_Design/Code/Build/Fife/verilog/module_fn_twosC_quire.v:85$99_Y $flatten\quire.\instance_fn_twosC_quire_2.$eq$/teamspace/studios/this_studio/Melodica-Integration-into-Fife-Core/Learn_Bluespec_and_RISCV_Design/Code/Build/Fife/verilog/module_fn_twosC_quire.v:78$93_Y $flatten\quire.\instance_fn_twosC_quire_2.$eq$/teamspace/studios/this_studio/Melodica-Integration-into-Fife-Core/Learn_Bluespec_and_RISCV_Design/Code/Build/Fife/verilog/module_fn_twosC_quire.v:71$87_Y $flatten\quire.\instance_fn_twosC_quire_2.$eq$/teamspace/studios/this_studio/Melodica-Integration-into-Fife-Core/Learn_Bluespec_and_RISCV_Design/Code/Build/Fife/verilog/module_fn_twosC_quire.v:64$81_Y \extracter1.ff_extract_out.data0_reg [35:34] }.
    Found 1 candidates: $flatten\multiplier.$shr$/teamspace/studios/this_studio/Melodica-Integration-into-Fife-Core/Learn_Bluespec_and_RISCV_Design/Code/Build/Fife/verilog/mkMultiplier.v:208$611
    Analyzing resource sharing with $flatten\multiplier.$shr$/teamspace/studios/this_studio/Melodica-Integration-into-Fife-Core/Learn_Bluespec_and_RISCV_Design/Code/Build/Fife/verilog/mkMultiplier.v:208$611 ($shr):
      Found 1 activation_patterns using ctrl signal \multiplier.ff_pipe_reg_first_BITS_63_TO_54_PLUS_1___d7 [9].
      Forbidden control signals for this pair of cells: { $flatten\quire.\instance_fn_twosC_quire_2.$eq$/teamspace/studios/this_studio/Melodica-Integration-into-Fife-Core/Learn_Bluespec_and_RISCV_Design/Code/Build/Fife/verilog/module_fn_twosC_quire.v:99$111_Y $flatten\quire.\instance_fn_twosC_quire_2.$eq$/teamspace/studios/this_studio/Melodica-Integration-into-Fife-Core/Learn_Bluespec_and_RISCV_Design/Code/Build/Fife/verilog/module_fn_twosC_quire.v:92$105_Y $flatten\quire.\instance_fn_twosC_quire_2.$eq$/teamspace/studios/this_studio/Melodica-Integration-into-Fife-Core/Learn_Bluespec_and_RISCV_Design/Code/Build/Fife/verilog/module_fn_twosC_quire.v:85$99_Y $flatten\quire.\instance_fn_twosC_quire_2.$eq$/teamspace/studios/this_studio/Melodica-Integration-into-Fife-Core/Learn_Bluespec_and_RISCV_Design/Code/Build/Fife/verilog/module_fn_twosC_quire.v:78$93_Y $flatten\quire.\instance_fn_twosC_quire_2.$eq$/teamspace/studios/this_studio/Melodica-Integration-into-Fife-Core/Learn_Bluespec_and_RISCV_Design/Code/Build/Fife/verilog/module_fn_twosC_quire.v:71$87_Y $flatten\quire.\instance_fn_twosC_quire_2.$eq$/teamspace/studios/this_studio/Melodica-Integration-into-Fife-Core/Learn_Bluespec_and_RISCV_Design/Code/Build/Fife/verilog/module_fn_twosC_quire.v:64$81_Y \quire.instance_fn_twosC_quire_2.fn_twosC_quire_quire_seg_zero_PLUS_1___d1 }
      Activation pattern for cell $flatten\quire.$shr$/teamspace/studios/this_studio/Melodica-Integration-into-Fife-Core/Learn_Bluespec_and_RISCV_Design/Code/Build/Fife/verilog/mkQuire.v:1532$506: { \quire.EN_init \quire.WILL_FIRE_RL_seg_adder_acc_stage_i_4 \extracter1.ff_extract_out.data0_reg [34] } = 3'101
      Activation pattern for cell $flatten\quire.$shr$/teamspace/studios/this_studio/Melodica-Integration-into-Fife-Core/Learn_Bluespec_and_RISCV_Design/Code/Build/Fife/verilog/mkQuire.v:1532$506: { \quire.EN_init \quire.WILL_FIRE_RL_seg_adder_acc_stage_i_3 \extracter1.ff_extract_out.data0_reg [34] } = 3'101
      Activation pattern for cell $flatten\quire.$shr$/teamspace/studios/this_studio/Melodica-Integration-into-Fife-Core/Learn_Bluespec_and_RISCV_Design/Code/Build/Fife/verilog/mkQuire.v:1532$506: { \quire.EN_init \quire.WILL_FIRE_RL_seg_adder_acc_stage_i_2 \extracter1.ff_extract_out.data0_reg [34] } = 3'101
      Activation pattern for cell $flatten\quire.$shr$/teamspace/studios/this_studio/Melodica-Integration-into-Fife-Core/Learn_Bluespec_and_RISCV_Design/Code/Build/Fife/verilog/mkQuire.v:1532$506: { \quire.EN_init \quire.WILL_FIRE_RL_seg_adder_acc_stage_i_1 \extracter1.ff_extract_out.data0_reg [34] } = 3'101
      Activation pattern for cell $flatten\quire.$shr$/teamspace/studios/this_studio/Melodica-Integration-into-Fife-Core/Learn_Bluespec_and_RISCV_Design/Code/Build/Fife/verilog/mkQuire.v:1532$506: { \quire.EN_init \quire.WILL_FIRE_RL_seg_adder_acc_stage_i \extracter1.ff_extract_out.data0_reg [34] } = 3'101
      Activation pattern for cell $flatten\quire.$shr$/teamspace/studios/this_studio/Melodica-Integration-into-Fife-Core/Learn_Bluespec_and_RISCV_Design/Code/Build/Fife/verilog/mkQuire.v:1532$506: { \quire.EN_init \extracter1.ff_extract_out.data0_reg [35:34] } = 3'111
      Activation pattern for cell $flatten\quire.$shr$/teamspace/studios/this_studio/Melodica-Integration-into-Fife-Core/Learn_Bluespec_and_RISCV_Design/Code/Build/Fife/verilog/mkQuire.v:1532$506: { \quire.EN_init \quire.WILL_FIRE_RL_seg_adder_acc_stage_0 \extracter1.ff_extract_out.data0_reg [34] } = 3'101
      Activation pattern for cell $flatten\quire.$shr$/teamspace/studios/this_studio/Melodica-Integration-into-Fife-Core/Learn_Bluespec_and_RISCV_Design/Code/Build/Fife/verilog/mkQuire.v:1532$506: { \quire.EN_init \extracter1.ff_extract_out.data0_reg [34] } = 2'11
      Activation pattern for cell $flatten\multiplier.$shr$/teamspace/studios/this_studio/Melodica-Integration-into-Fife-Core/Learn_Bluespec_and_RISCV_Design/Code/Build/Fife/verilog/mkMultiplier.v:208$611: \multiplier.ff_pipe_reg_first_BITS_63_TO_54_PLUS_1___d7 [9] = 1'1
      Size of SAT problem: 0 cells, 721 variables, 1773 clauses
      According to the SAT solver this pair of cells can not be shared.
      Model from SAT solver: { \quire.EN_init \quire.WILL_FIRE_RL_seg_adder_acc_stage_0 \quire.WILL_FIRE_RL_seg_adder_acc_stage_i \quire.WILL_FIRE_RL_seg_adder_acc_stage_i_1 \quire.WILL_FIRE_RL_seg_adder_acc_stage_i_2 \quire.WILL_FIRE_RL_seg_adder_acc_stage_i_3 \quire.WILL_FIRE_RL_seg_adder_acc_stage_i_4 \multiplier.ff_pipe_reg_first_BITS_63_TO_54_PLUS_1___d7 [9] \extracter1.ff_extract_out.data0_reg [35:34] } = 10'1000000101
  Analyzing resource sharing options for $flatten\quire.$shl$/teamspace/studios/this_studio/Melodica-Integration-into-Fife-Core/Learn_Bluespec_and_RISCV_Design/Code/Build/Fife/verilog/mkQuire.v:1529$504 ($shl):
    Found 13 activation_patterns using ctrl signal { \quire.EN_init \quire.WILL_FIRE_RL_seg_adder_acc_stage_0 \quire.WILL_FIRE_RL_seg_adder_acc_stage_i \quire.WILL_FIRE_RL_seg_adder_acc_stage_i_1 \quire.WILL_FIRE_RL_seg_adder_acc_stage_i_2 \quire.WILL_FIRE_RL_seg_adder_acc_stage_i_3 \quire.WILL_FIRE_RL_seg_adder_acc_stage_i_4 $flatten\quire.\instance_fn_twosC_quire_2.$eq$/teamspace/studios/this_studio/Melodica-Integration-into-Fife-Core/Learn_Bluespec_and_RISCV_Design/Code/Build/Fife/verilog/module_fn_twosC_quire.v:99$111_Y $flatten\quire.\instance_fn_twosC_quire_2.$eq$/teamspace/studios/this_studio/Melodica-Integration-into-Fife-Core/Learn_Bluespec_and_RISCV_Design/Code/Build/Fife/verilog/module_fn_twosC_quire.v:92$105_Y $flatten\quire.\instance_fn_twosC_quire_2.$eq$/teamspace/studios/this_studio/Melodica-Integration-into-Fife-Core/Learn_Bluespec_and_RISCV_Design/Code/Build/Fife/verilog/module_fn_twosC_quire.v:85$99_Y $flatten\quire.\instance_fn_twosC_quire_2.$eq$/teamspace/studios/this_studio/Melodica-Integration-into-Fife-Core/Learn_Bluespec_and_RISCV_Design/Code/Build/Fife/verilog/module_fn_twosC_quire.v:78$93_Y $flatten\quire.\instance_fn_twosC_quire_2.$eq$/teamspace/studios/this_studio/Melodica-Integration-into-Fife-Core/Learn_Bluespec_and_RISCV_Design/Code/Build/Fife/verilog/module_fn_twosC_quire.v:71$87_Y $flatten\quire.\instance_fn_twosC_quire_2.$eq$/teamspace/studios/this_studio/Melodica-Integration-into-Fife-Core/Learn_Bluespec_and_RISCV_Design/Code/Build/Fife/verilog/module_fn_twosC_quire.v:64$81_Y \extracter1.ff_extract_out.data0_reg [35:34] }.
    Found 1 candidates: $flatten\multiplier.$shl$/teamspace/studios/this_studio/Melodica-Integration-into-Fife-Core/Learn_Bluespec_and_RISCV_Design/Code/Build/Fife/verilog/mkMultiplier.v:206$610
    Analyzing resource sharing with $flatten\multiplier.$shl$/teamspace/studios/this_studio/Melodica-Integration-into-Fife-Core/Learn_Bluespec_and_RISCV_Design/Code/Build/Fife/verilog/mkMultiplier.v:206$610 ($shl):
      Found 1 activation_patterns using ctrl signal \multiplier.ff_pipe_reg_first_BITS_63_TO_54_PLUS_1___d7 [9].
      Forbidden control signals for this pair of cells: { $flatten\quire.\instance_fn_twosC_quire_2.$eq$/teamspace/studios/this_studio/Melodica-Integration-into-Fife-Core/Learn_Bluespec_and_RISCV_Design/Code/Build/Fife/verilog/module_fn_twosC_quire.v:99$111_Y $flatten\quire.\instance_fn_twosC_quire_2.$eq$/teamspace/studios/this_studio/Melodica-Integration-into-Fife-Core/Learn_Bluespec_and_RISCV_Design/Code/Build/Fife/verilog/module_fn_twosC_quire.v:92$105_Y $flatten\quire.\instance_fn_twosC_quire_2.$eq$/teamspace/studios/this_studio/Melodica-Integration-into-Fife-Core/Learn_Bluespec_and_RISCV_Design/Code/Build/Fife/verilog/module_fn_twosC_quire.v:85$99_Y $flatten\quire.\instance_fn_twosC_quire_2.$eq$/teamspace/studios/this_studio/Melodica-Integration-into-Fife-Core/Learn_Bluespec_and_RISCV_Design/Code/Build/Fife/verilog/module_fn_twosC_quire.v:78$93_Y $flatten\quire.\instance_fn_twosC_quire_2.$eq$/teamspace/studios/this_studio/Melodica-Integration-into-Fife-Core/Learn_Bluespec_and_RISCV_Design/Code/Build/Fife/verilog/module_fn_twosC_quire.v:71$87_Y $flatten\quire.\instance_fn_twosC_quire_2.$eq$/teamspace/studios/this_studio/Melodica-Integration-into-Fife-Core/Learn_Bluespec_and_RISCV_Design/Code/Build/Fife/verilog/module_fn_twosC_quire.v:64$81_Y \quire.instance_fn_twosC_quire_2.fn_twosC_quire_quire_seg_zero_PLUS_1___d1 }
      Activation pattern for cell $flatten\quire.$shl$/teamspace/studios/this_studio/Melodica-Integration-into-Fife-Core/Learn_Bluespec_and_RISCV_Design/Code/Build/Fife/verilog/mkQuire.v:1529$504: { \quire.EN_init \quire.WILL_FIRE_RL_seg_adder_acc_stage_i_4 \extracter1.ff_extract_out.data0_reg [34] } = 3'100
      Activation pattern for cell $flatten\quire.$shl$/teamspace/studios/this_studio/Melodica-Integration-into-Fife-Core/Learn_Bluespec_and_RISCV_Design/Code/Build/Fife/verilog/mkQuire.v:1529$504: { \quire.EN_init \quire.WILL_FIRE_RL_seg_adder_acc_stage_i_3 \extracter1.ff_extract_out.data0_reg [34] } = 3'100
      Activation pattern for cell $flatten\quire.$shl$/teamspace/studios/this_studio/Melodica-Integration-into-Fife-Core/Learn_Bluespec_and_RISCV_Design/Code/Build/Fife/verilog/mkQuire.v:1529$504: { \quire.EN_init \quire.WILL_FIRE_RL_seg_adder_acc_stage_i_2 \extracter1.ff_extract_out.data0_reg [34] } = 3'100
      Activation pattern for cell $flatten\quire.$shl$/teamspace/studios/this_studio/Melodica-Integration-into-Fife-Core/Learn_Bluespec_and_RISCV_Design/Code/Build/Fife/verilog/mkQuire.v:1529$504: { \quire.EN_init \quire.WILL_FIRE_RL_seg_adder_acc_stage_i_1 \extracter1.ff_extract_out.data0_reg [34] } = 3'100
      Activation pattern for cell $flatten\quire.$shl$/teamspace/studios/this_studio/Melodica-Integration-into-Fife-Core/Learn_Bluespec_and_RISCV_Design/Code/Build/Fife/verilog/mkQuire.v:1529$504: { \quire.EN_init \quire.WILL_FIRE_RL_seg_adder_acc_stage_i \extracter1.ff_extract_out.data0_reg [34] } = 3'100
      Activation pattern for cell $flatten\quire.$shl$/teamspace/studios/this_studio/Melodica-Integration-into-Fife-Core/Learn_Bluespec_and_RISCV_Design/Code/Build/Fife/verilog/mkQuire.v:1529$504: { \quire.EN_init \extracter1.ff_extract_out.data0_reg [35:34] } = 3'110
      Activation pattern for cell $flatten\quire.$shl$/teamspace/studios/this_studio/Melodica-Integration-into-Fife-Core/Learn_Bluespec_and_RISCV_Design/Code/Build/Fife/verilog/mkQuire.v:1529$504: { \quire.EN_init \quire.WILL_FIRE_RL_seg_adder_acc_stage_0 \extracter1.ff_extract_out.data0_reg [34] } = 3'100
      Activation pattern for cell $flatten\quire.$shl$/teamspace/studios/this_studio/Melodica-Integration-into-Fife-Core/Learn_Bluespec_and_RISCV_Design/Code/Build/Fife/verilog/mkQuire.v:1529$504: { \quire.EN_init \extracter1.ff_extract_out.data0_reg [34] } = 2'10
      Activation pattern for cell $flatten\multiplier.$shl$/teamspace/studios/this_studio/Melodica-Integration-into-Fife-Core/Learn_Bluespec_and_RISCV_Design/Code/Build/Fife/verilog/mkMultiplier.v:206$610: \multiplier.ff_pipe_reg_first_BITS_63_TO_54_PLUS_1___d7 [9] = 1'0
      Size of SAT problem: 0 cells, 721 variables, 1773 clauses
      According to the SAT solver this pair of cells can not be shared.
      Model from SAT solver: { \quire.EN_init \quire.WILL_FIRE_RL_seg_adder_acc_stage_0 \quire.WILL_FIRE_RL_seg_adder_acc_stage_i \quire.WILL_FIRE_RL_seg_adder_acc_stage_i_1 \quire.WILL_FIRE_RL_seg_adder_acc_stage_i_2 \quire.WILL_FIRE_RL_seg_adder_acc_stage_i_3 \quire.WILL_FIRE_RL_seg_adder_acc_stage_i_4 \multiplier.ff_pipe_reg_first_BITS_63_TO_54_PLUS_1___d7 [9] \extracter1.ff_extract_out.data0_reg [35:34] } = 10'1000000000
  Analyzing resource sharing options for $flatten\ptof.$shr$/teamspace/studios/this_studio/Melodica-Integration-into-Fife-Core/Learn_Bluespec_and_RISCV_Design/Code/Build/Fife/verilog/mkPtoF_PNE.v:199$746 ($shr):
    Found 1 activation_patterns using ctrl signal \ptof.IF_request_put_BITS_34_TO_26_SLT_385_THEN_IF_r_ETC___d22 [5].
    Found 1 candidates: $flatten\ftop.$shr$/teamspace/studios/this_studio/Melodica-Integration-into-Fife-Core/Learn_Bluespec_and_RISCV_Design/Code/Build/Fife/verilog/mkFtoP_PNE.v:194$707
    Analyzing resource sharing with $flatten\ftop.$shr$/teamspace/studios/this_studio/Melodica-Integration-into-Fife-Core/Learn_Bluespec_and_RISCV_Design/Code/Build/Fife/verilog/mkFtoP_PNE.v:194$707 ($shr):
      Found 1 activation_patterns using ctrl signal \ftop.IF_SEXT__0_CONCAT_request_put_BITS_30_TO_23_3__ETC___d32 [5].
      Forbidden control signals for this pair of cells: { $flatten\ptof.$procmux$1351_CMP $flatten\ptof.$procmux$1352_CMP }
      Activation pattern for cell $flatten\ptof.$shr$/teamspace/studios/this_studio/Melodica-Integration-into-Fife-Core/Learn_Bluespec_and_RISCV_Design/Code/Build/Fife/verilog/mkPtoF_PNE.v:199$746: \ptof.IF_request_put_BITS_34_TO_26_SLT_385_THEN_IF_r_ETC___d22 [5] = 1'1
      Activation pattern for cell $flatten\ftop.$shr$/teamspace/studios/this_studio/Melodica-Integration-into-Fife-Core/Learn_Bluespec_and_RISCV_Design/Code/Build/Fife/verilog/mkFtoP_PNE.v:194$707: \ftop.IF_SEXT__0_CONCAT_request_put_BITS_30_TO_23_3__ETC___d32 [5] = 1'1
      According to the SAT solver the cell $flatten\ftop.$shr$/teamspace/studios/this_studio/Melodica-Integration-into-Fife-Core/Learn_Bluespec_and_RISCV_Design/Code/Build/Fife/verilog/mkFtoP_PNE.v:194$707 is never active. Sharing is pointless, we simply remove it.
  Analyzing resource sharing options for $flatten\normalizer.$auto$mem.cc:273:emit$1130 ($memrd_v2):
    Found 5 activation_patterns using ctrl signal { $flatten\normalizer.$procmux$1360_CMP $flatten\normalizer.$procmux$1363_CTRL $flatten\normalizer.$procmux$1364_CTRL $flatten\normalizer.$procmux$1365_CTRL $flatten\normalizer.$procmux$1366_CTRL }.
    No candidates found.
  Analyzing resource sharing options for $flatten\multiplier.$shr$/teamspace/studios/this_studio/Melodica-Integration-into-Fife-Core/Learn_Bluespec_and_RISCV_Design/Code/Build/Fife/verilog/mkMultiplier.v:208$611 ($shr):
    Found 1 activation_patterns using ctrl signal \multiplier.ff_pipe_reg_first_BITS_63_TO_54_PLUS_1___d7 [9].
    No candidates found.
  Analyzing resource sharing options for $flatten\multiplier.$shl$/teamspace/studios/this_studio/Melodica-Integration-into-Fife-Core/Learn_Bluespec_and_RISCV_Design/Code/Build/Fife/verilog/mkMultiplier.v:206$610 ($shl):
    Found 1 activation_patterns using ctrl signal \multiplier.ff_pipe_reg_first_BITS_63_TO_54_PLUS_1___d7 [9].
    No candidates found.
  Analyzing resource sharing options for $flatten\ptof.$shl$/teamspace/studios/this_studio/Melodica-Integration-into-Fife-Core/Learn_Bluespec_and_RISCV_Design/Code/Build/Fife/verilog/mkPtoF_PNE.v:208$751 ($shl):
    Found 1 activation_patterns using ctrl signal \ptof.IF_request_put_BITS_34_TO_26_SLT_385_THEN_IF_r_ETC___d22 [5].
    Found 1 candidates: $flatten\ftop.$shl$/teamspace/studios/this_studio/Melodica-Integration-into-Fife-Core/Learn_Bluespec_and_RISCV_Design/Code/Build/Fife/verilog/mkFtoP_PNE.v:141$681
    Analyzing resource sharing with $flatten\ftop.$shl$/teamspace/studios/this_studio/Melodica-Integration-into-Fife-Core/Learn_Bluespec_and_RISCV_Design/Code/Build/Fife/verilog/mkFtoP_PNE.v:141$681 ($shl):
      Found 1 activation_patterns using ctrl signal \ftop.IF_SEXT__0_CONCAT_request_put_BITS_30_TO_23_3__ETC___d32 [5].
      Forbidden control signals for this pair of cells: { $flatten\ptof.$procmux$1351_CMP $flatten\ptof.$procmux$1352_CMP }
      Activation pattern for cell $flatten\ptof.$shl$/teamspace/studios/this_studio/Melodica-Integration-into-Fife-Core/Learn_Bluespec_and_RISCV_Design/Code/Build/Fife/verilog/mkPtoF_PNE.v:208$751: \ptof.IF_request_put_BITS_34_TO_26_SLT_385_THEN_IF_r_ETC___d22 [5] = 1'1
      Activation pattern for cell $flatten\ftop.$shl$/teamspace/studios/this_studio/Melodica-Integration-into-Fife-Core/Learn_Bluespec_and_RISCV_Design/Code/Build/Fife/verilog/mkFtoP_PNE.v:141$681: \ftop.IF_SEXT__0_CONCAT_request_put_BITS_30_TO_23_3__ETC___d32 [5] = 1'1
      According to the SAT solver the cell $flatten\ftop.$shl$/teamspace/studios/this_studio/Melodica-Integration-into-Fife-Core/Learn_Bluespec_and_RISCV_Design/Code/Build/Fife/verilog/mkFtoP_PNE.v:141$681 is never active. Sharing is pointless, we simply remove it.
Removing 2 cells in module mkPositCore:
  Removing cell $flatten\ftop.$shl$/teamspace/studios/this_studio/Melodica-Integration-into-Fife-Core/Learn_Bluespec_and_RISCV_Design/Code/Build/Fife/verilog/mkFtoP_PNE.v:141$681 ($shl).
  Removing cell $flatten\ftop.$shr$/teamspace/studios/this_studio/Melodica-Integration-into-Fife-Core/Learn_Bluespec_and_RISCV_Design/Code/Build/Fife/verilog/mkFtoP_PNE.v:194$707 ($shr).

14.15. Executing OPT pass (performing simple optimizations).

14.15.1. Executing OPT_EXPR pass (perform const folding).
Optimizing module mkPositCore.
<suppressed ~6 debug messages>

14.15.2. Executing OPT_MERGE pass (detect identical cells).
Finding identical cells in module `\mkPositCore'.
Removed a total of 0 cells.

14.15.3. Executing OPT_MUXTREE pass (detect dead branches in mux trees).
Running muxtree optimizer on module \mkPositCore..
  Creating internal representation of mux trees.
  Evaluating internal representation of mux trees.
  Analyzing evaluation results.
Removed 0 multiplexer ports.
<suppressed ~210 debug messages>

14.15.4. Executing OPT_REDUCE pass (consolidate $*mux and $reduce_* inputs).
  Optimizing cells in module \mkPositCore.
Performed a total of 0 changes.

14.15.5. Executing OPT_MERGE pass (detect identical cells).
Finding identical cells in module `\mkPositCore'.
Removed a total of 0 cells.

14.15.6. Executing OPT_DFF pass (perform DFF optimizations).

14.15.7. Executing OPT_CLEAN pass (remove unused cells and wires).
Finding unused cells or wires in module \mkPositCore..
Removed 10 unused cells and 21 unused wires.
<suppressed ~19 debug messages>

14.15.8. Executing OPT_EXPR pass (perform const folding).
Optimizing module mkPositCore.

14.15.9. Rerunning OPT passes. (Maybe there is more to do..)

14.15.10. Executing OPT_MUXTREE pass (detect dead branches in mux trees).
Running muxtree optimizer on module \mkPositCore..
  Creating internal representation of mux trees.
  Evaluating internal representation of mux trees.
  Analyzing evaluation results.
Removed 0 multiplexer ports.
<suppressed ~210 debug messages>

14.15.11. Executing OPT_REDUCE pass (consolidate $*mux and $reduce_* inputs).
  Optimizing cells in module \mkPositCore.
Performed a total of 0 changes.

14.15.12. Executing OPT_MERGE pass (detect identical cells).
Finding identical cells in module `\mkPositCore'.
Removed a total of 0 cells.

14.15.13. Executing OPT_DFF pass (perform DFF optimizations).

14.15.14. Executing OPT_CLEAN pass (remove unused cells and wires).
Finding unused cells or wires in module \mkPositCore..

14.15.15. Executing OPT_EXPR pass (perform const folding).
Optimizing module mkPositCore.

14.15.16. Finished OPT passes. (There is nothing left to do.)

14.16. Executing MEMORY pass.

14.16.1. Executing OPT_MEM pass (optimize memories).
Performed a total of 0 transformations.

14.16.2. Executing OPT_MEM_PRIORITY pass (removing unnecessary memory write priority relations).
Performed a total of 0 transformations.

14.16.3. Executing OPT_MEM_FEEDBACK pass (finding memory read-to-write feedback paths).
  Analyzing mkPositCore.quire.seg_adder_vff_carry_0.arr write port 0.
  Analyzing mkPositCore.quire.seg_adder_vff_carry_1.arr write port 0.
  Analyzing mkPositCore.quire.seg_adder_vff_carry_2.arr write port 0.
  Analyzing mkPositCore.quire.seg_adder_vff_carry_3.arr write port 0.
  Analyzing mkPositCore.quire.seg_adder_vff_carry_4.arr write port 0.
  Analyzing mkPositCore.quire.seg_adder_vff_carry_5.arr write port 0.
  Analyzing mkPositCore.quire.seg_adder_vff_in_0.arr write port 0.
  Analyzing mkPositCore.quire.seg_adder_vff_in_1.arr write port 0.
  Analyzing mkPositCore.quire.seg_adder_vff_in_2.arr write port 0.
  Analyzing mkPositCore.quire.seg_adder_vff_in_3.arr write port 0.
  Analyzing mkPositCore.quire.seg_adder_vff_in_4.arr write port 0.
  Analyzing mkPositCore.quire.seg_adder_vff_in_5.arr write port 0.
  Analyzing mkPositCore.quire.seg_adder_vff_in_6.arr write port 0.

14.16.4. Executing MEMORY_BMUX2ROM pass (converting muxes to ROMs).

14.16.5. Executing MEMORY_DFF pass (merging $dff cells to $memrd).
Checking read port `$flatten\normalizer.$auto$proc_rom.cc:150:do_switch$1129'[0] in module `\mkPositCore': no output FF found.
Checking read port `\quire.seg_adder_vff_carry_0.arr'[0] in module `\mkPositCore': no output FF found.
Checking read port `\quire.seg_adder_vff_carry_1.arr'[0] in module `\mkPositCore': no output FF found.
Checking read port `\quire.seg_adder_vff_carry_2.arr'[0] in module `\mkPositCore': no output FF found.
Checking read port `\quire.seg_adder_vff_carry_3.arr'[0] in module `\mkPositCore': no output FF found.
Checking read port `\quire.seg_adder_vff_carry_4.arr'[0] in module `\mkPositCore': no output FF found.
Checking read port `\quire.seg_adder_vff_carry_5.arr'[0] in module `\mkPositCore': no output FF found.
Checking read port `\quire.seg_adder_vff_in_0.arr'[0] in module `\mkPositCore': no output FF found.
Checking read port `\quire.seg_adder_vff_in_1.arr'[0] in module `\mkPositCore': no output FF found.
Checking read port `\quire.seg_adder_vff_in_2.arr'[0] in module `\mkPositCore': no output FF found.
Checking read port `\quire.seg_adder_vff_in_3.arr'[0] in module `\mkPositCore': no output FF found.
Checking read port `\quire.seg_adder_vff_in_4.arr'[0] in module `\mkPositCore': no output FF found.
Checking read port `\quire.seg_adder_vff_in_5.arr'[0] in module `\mkPositCore': no output FF found.
Checking read port `\quire.seg_adder_vff_in_6.arr'[0] in module `\mkPositCore': no output FF found.
Checking read port address `$flatten\normalizer.$auto$proc_rom.cc:150:do_switch$1129'[0] in module `\mkPositCore': no address FF found.
Checking read port address `\quire.seg_adder_vff_carry_0.arr'[0] in module `\mkPositCore': merged address FF to cell.
Checking read port address `\quire.seg_adder_vff_carry_1.arr'[0] in module `\mkPositCore': merged address FF to cell.
Checking read port address `\quire.seg_adder_vff_carry_2.arr'[0] in module `\mkPositCore': merged address FF to cell.
Checking read port address `\quire.seg_adder_vff_carry_3.arr'[0] in module `\mkPositCore': merged address FF to cell.
Checking read port address `\quire.seg_adder_vff_carry_4.arr'[0] in module `\mkPositCore': merged address FF to cell.
Checking read port address `\quire.seg_adder_vff_carry_5.arr'[0] in module `\mkPositCore': merged address FF to cell.
Checking read port address `\quire.seg_adder_vff_in_0.arr'[0] in module `\mkPositCore': merged address FF to cell.
Checking read port address `\quire.seg_adder_vff_in_1.arr'[0] in module `\mkPositCore': merged address FF to cell.
Checking read port address `\quire.seg_adder_vff_in_2.arr'[0] in module `\mkPositCore': merged address FF to cell.
Checking read port address `\quire.seg_adder_vff_in_3.arr'[0] in module `\mkPositCore': merged address FF to cell.
Checking read port address `\quire.seg_adder_vff_in_4.arr'[0] in module `\mkPositCore': merged address FF to cell.
Checking read port address `\quire.seg_adder_vff_in_5.arr'[0] in module `\mkPositCore': merged address FF to cell.
Checking read port address `\quire.seg_adder_vff_in_6.arr'[0] in module `\mkPositCore': merged address FF to cell.

14.16.6. Executing OPT_CLEAN pass (remove unused cells and wires).
Finding unused cells or wires in module \mkPositCore..

14.16.7. Executing MEMORY_SHARE pass (consolidating $memrd/$memwr cells).

14.16.8. Executing OPT_MEM_WIDEN pass (optimize memories where all ports are wide).
Performed a total of 0 transformations.

14.16.9. Executing OPT_CLEAN pass (remove unused cells and wires).
Finding unused cells or wires in module \mkPositCore..

14.16.10. Executing MEMORY_COLLECT pass (generating $mem cells).

14.17. Executing OPT_CLEAN pass (remove unused cells and wires).
Finding unused cells or wires in module \mkPositCore..

14.18. Executing OPT pass (performing simple optimizations).

14.18.1. Executing OPT_EXPR pass (perform const folding).
Optimizing module mkPositCore.
<suppressed ~592 debug messages>

14.18.2. Executing OPT_MERGE pass (detect identical cells).
Finding identical cells in module `\mkPositCore'.
<suppressed ~30 debug messages>
Removed a total of 10 cells.

14.18.3. Executing OPT_DFF pass (perform DFF optimizations).

14.18.4. Executing OPT_CLEAN pass (remove unused cells and wires).
Finding unused cells or wires in module \mkPositCore..
Removed 18 unused cells and 178 unused wires.
<suppressed ~19 debug messages>

14.18.5. Finished fast OPT passes.

14.19. Executing MEMORY_MAP pass (converting memories to logic and flip-flops).
Mapping memory $flatten\normalizer.$auto$proc_rom.cc:150:do_switch$1129 in module \mkPositCore:
  created 16 $dff cells and 0 static cells of width 6.
  read interface: 0 $dff and 15 $mux cells.
  write interface: 0 write mux blocks.
Mapping memory \quire.seg_adder_vff_carry_0.arr in module \mkPositCore:
  created 3 $dff cells and 0 static cells of width 1.
Extracted addr FF from read port 0 of mkPositCore.quire.seg_adder_vff_carry_0.arr: $\quire.seg_adder_vff_carry_0.arr$rdreg[0]
  read interface: 1 $dff and 3 $mux cells.
  write interface: 3 write mux blocks.
Mapping memory \quire.seg_adder_vff_carry_1.arr in module \mkPositCore:
  created 3 $dff cells and 0 static cells of width 1.
Extracted addr FF from read port 0 of mkPositCore.quire.seg_adder_vff_carry_1.arr: $\quire.seg_adder_vff_carry_1.arr$rdreg[0]
  read interface: 1 $dff and 3 $mux cells.
  write interface: 3 write mux blocks.
Mapping memory \quire.seg_adder_vff_carry_2.arr in module \mkPositCore:
  created 3 $dff cells and 0 static cells of width 1.
Extracted addr FF from read port 0 of mkPositCore.quire.seg_adder_vff_carry_2.arr: $\quire.seg_adder_vff_carry_2.arr$rdreg[0]
  read interface: 1 $dff and 3 $mux cells.
  write interface: 3 write mux blocks.
Mapping memory \quire.seg_adder_vff_carry_3.arr in module \mkPositCore:
  created 3 $dff cells and 0 static cells of width 1.
Extracted addr FF from read port 0 of mkPositCore.quire.seg_adder_vff_carry_3.arr: $\quire.seg_adder_vff_carry_3.arr$rdreg[0]
  read interface: 1 $dff and 3 $mux cells.
  write interface: 3 write mux blocks.
Mapping memory \quire.seg_adder_vff_carry_4.arr in module \mkPositCore:
  created 3 $dff cells and 0 static cells of width 1.
Extracted addr FF from read port 0 of mkPositCore.quire.seg_adder_vff_carry_4.arr: $\quire.seg_adder_vff_carry_4.arr$rdreg[0]
  read interface: 1 $dff and 3 $mux cells.
  write interface: 3 write mux blocks.
Mapping memory \quire.seg_adder_vff_carry_5.arr in module \mkPositCore:
  created 3 $dff cells and 0 static cells of width 1.
Extracted addr FF from read port 0 of mkPositCore.quire.seg_adder_vff_carry_5.arr: $\quire.seg_adder_vff_carry_5.arr$rdreg[0]
  read interface: 1 $dff and 3 $mux cells.
  write interface: 3 write mux blocks.
Mapping memory \quire.seg_adder_vff_in_0.arr in module \mkPositCore:
  created 3 $dff cells and 0 static cells of width 32.
Extracted addr FF from read port 0 of mkPositCore.quire.seg_adder_vff_in_0.arr: $\quire.seg_adder_vff_in_0.arr$rdreg[0]
  read interface: 1 $dff and 3 $mux cells.
  write interface: 3 write mux blocks.
Mapping memory \quire.seg_adder_vff_in_1.arr in module \mkPositCore:
  created 3 $dff cells and 0 static cells of width 32.
Extracted addr FF from read port 0 of mkPositCore.quire.seg_adder_vff_in_1.arr: $\quire.seg_adder_vff_in_1.arr$rdreg[0]
  read interface: 1 $dff and 3 $mux cells.
  write interface: 3 write mux blocks.
Mapping memory \quire.seg_adder_vff_in_2.arr in module \mkPositCore:
  created 3 $dff cells and 0 static cells of width 32.
Extracted addr FF from read port 0 of mkPositCore.quire.seg_adder_vff_in_2.arr: $\quire.seg_adder_vff_in_2.arr$rdreg[0]
  read interface: 1 $dff and 3 $mux cells.
  write interface: 3 write mux blocks.
Mapping memory \quire.seg_adder_vff_in_3.arr in module \mkPositCore:
  created 3 $dff cells and 0 static cells of width 32.
Extracted addr FF from read port 0 of mkPositCore.quire.seg_adder_vff_in_3.arr: $\quire.seg_adder_vff_in_3.arr$rdreg[0]
  read interface: 1 $dff and 3 $mux cells.
  write interface: 3 write mux blocks.
Mapping memory \quire.seg_adder_vff_in_4.arr in module \mkPositCore:
  created 3 $dff cells and 0 static cells of width 32.
Extracted addr FF from read port 0 of mkPositCore.quire.seg_adder_vff_in_4.arr: $\quire.seg_adder_vff_in_4.arr$rdreg[0]
  read interface: 1 $dff and 3 $mux cells.
  write interface: 3 write mux blocks.
Mapping memory \quire.seg_adder_vff_in_5.arr in module \mkPositCore:
  created 3 $dff cells and 0 static cells of width 32.
Extracted addr FF from read port 0 of mkPositCore.quire.seg_adder_vff_in_5.arr: $\quire.seg_adder_vff_in_5.arr$rdreg[0]
  read interface: 1 $dff and 3 $mux cells.
  write interface: 3 write mux blocks.
Mapping memory \quire.seg_adder_vff_in_6.arr in module \mkPositCore:
  created 3 $dff cells and 0 static cells of width 32.
Extracted addr FF from read port 0 of mkPositCore.quire.seg_adder_vff_in_6.arr: $\quire.seg_adder_vff_in_6.arr$rdreg[0]
  read interface: 1 $dff and 3 $mux cells.
  write interface: 3 write mux blocks.

14.20. Executing OPT pass (performing simple optimizations).

14.20.1. Executing OPT_EXPR pass (perform const folding).
Optimizing module mkPositCore.
<suppressed ~178 debug messages>

14.20.2. Executing OPT_MERGE pass (detect identical cells).
Finding identical cells in module `\mkPositCore'.
Removed a total of 0 cells.

14.20.3. Executing OPT_MUXTREE pass (detect dead branches in mux trees).
Running muxtree optimizer on module \mkPositCore..
  Creating internal representation of mux trees.
  Evaluating internal representation of mux trees.
  Analyzing evaluation results.
Removed 0 multiplexer ports.
<suppressed ~184 debug messages>

14.20.4. Executing OPT_REDUCE pass (consolidate $*mux and $reduce_* inputs).
  Optimizing cells in module \mkPositCore.
    Consolidated identical input bits for $mux cell $memory$flatten\normalizer.$auto$proc_rom.cc:150:do_switch$1129$rdmux[0][3][5]$2939:
      Old ports: A=6'000000, B=6'000001, Y=$memory$flatten\normalizer.$auto$proc_rom.cc:150:do_switch$1129$rdmux[0][2][2]$b$2920
      New ports: A=1'0, B=1'1, Y=$memory$flatten\normalizer.$auto$proc_rom.cc:150:do_switch$1129$rdmux[0][2][2]$b$2920 [0]
      New connections: $memory$flatten\normalizer.$auto$proc_rom.cc:150:do_switch$1129$rdmux[0][2][2]$b$2920 [5:1] = 5'00000
    Consolidated identical input bits for $mux cell $memory$flatten\normalizer.$auto$proc_rom.cc:150:do_switch$1129$rdmux[0][3][2]$2930:
      Old ports: A=6'111110, B=6'111111, Y=$memory$flatten\normalizer.$auto$proc_rom.cc:150:do_switch$1129$rdmux[0][2][1]$a$2916
      New ports: A=1'0, B=1'1, Y=$memory$flatten\normalizer.$auto$proc_rom.cc:150:do_switch$1129$rdmux[0][2][1]$a$2916 [0]
      New connections: $memory$flatten\normalizer.$auto$proc_rom.cc:150:do_switch$1129$rdmux[0][2][1]$a$2916 [5:1] = 5'11111
    Consolidated identical input bits for $mux cell $memory$flatten\normalizer.$auto$proc_rom.cc:150:do_switch$1129$rdmux[0][3][1]$2927:
      Old ports: A=6'001110, B=6'011110, Y=$memory$flatten\normalizer.$auto$proc_rom.cc:150:do_switch$1129$rdmux[0][2][0]$b$2914
      New ports: A=1'0, B=1'1, Y=$memory$flatten\normalizer.$auto$proc_rom.cc:150:do_switch$1129$rdmux[0][2][0]$b$2914 [4]
      New connections: { $memory$flatten\normalizer.$auto$proc_rom.cc:150:do_switch$1129$rdmux[0][2][0]$b$2914 [5] $memory$flatten\normalizer.$auto$proc_rom.cc:150:do_switch$1129$rdmux[0][2][0]$b$2914 [3:0] } = 5'01110
    Consolidated identical input bits for $mux cell $memory$flatten\normalizer.$auto$proc_rom.cc:150:do_switch$1129$rdmux[0][3][0]$2924:
      Old ports: A=6'000010, B=6'000110, Y=$memory$flatten\normalizer.$auto$proc_rom.cc:150:do_switch$1129$rdmux[0][2][0]$a$2913
      New ports: A=1'0, B=1'1, Y=$memory$flatten\normalizer.$auto$proc_rom.cc:150:do_switch$1129$rdmux[0][2][0]$a$2913 [2]
      New connections: { $memory$flatten\normalizer.$auto$proc_rom.cc:150:do_switch$1129$rdmux[0][2][0]$a$2913 [5:3] $memory$flatten\normalizer.$auto$proc_rom.cc:150:do_switch$1129$rdmux[0][2][0]$a$2913 [1:0] } = 5'00010
    Consolidated identical input bits for $mux cell $flatten\extracter1.$ternary$/teamspace/studios/this_studio/Melodica-Integration-into-Fife-Core/Learn_Bluespec_and_RISCV_Design/Code/Build/Fife/verilog/mkExtracter.v:149$637:
      Old ports: A=6'111101, B=6'000010, Y=$flatten\extracter1.$ternary$/teamspace/studios/this_studio/Melodica-Integration-into-Fife-Core/Learn_Bluespec_and_RISCV_Design/Code/Build/Fife/verilog/mkExtracter.v:149$637_Y
      New ports: A=2'01, B=2'10, Y=$flatten\extracter1.$ternary$/teamspace/studios/this_studio/Melodica-Integration-into-Fife-Core/Learn_Bluespec_and_RISCV_Design/Code/Build/Fife/verilog/mkExtracter.v:149$637_Y [1:0]
      New connections: $flatten\extracter1.$ternary$/teamspace/studios/this_studio/Melodica-Integration-into-Fife-Core/Learn_Bluespec_and_RISCV_Design/Code/Build/Fife/verilog/mkExtracter.v:149$637_Y [5:2] = { $flatten\extracter1.$ternary$/teamspace/studios/this_studio/Melodica-Integration-into-Fife-Core/Learn_Bluespec_and_RISCV_Design/Code/Build/Fife/verilog/mkExtracter.v:149$637_Y [0] $flatten\extracter1.$ternary$/teamspace/studios/this_studio/Melodica-Integration-into-Fife-Core/Learn_Bluespec_and_RISCV_Design/Code/Build/Fife/verilog/mkExtracter.v:149$637_Y [0] $flatten\extracter1.$ternary$/teamspace/studios/this_studio/Melodica-Integration-into-Fife-Core/Learn_Bluespec_and_RISCV_Design/Code/Build/Fife/verilog/mkExtracter.v:149$637_Y [0] $flatten\extracter1.$ternary$/teamspace/studios/this_studio/Melodica-Integration-into-Fife-Core/Learn_Bluespec_and_RISCV_Design/Code/Build/Fife/verilog/mkExtracter.v:149$637_Y [0] }
    Consolidated identical input bits for $mux cell $flatten\extracter1.$ternary$/teamspace/studios/this_studio/Melodica-Integration-into-Fife-Core/Learn_Bluespec_and_RISCV_Design/Code/Build/Fife/verilog/mkExtracter.v:153$638:
      Old ports: A=6'111100, B=6'000011, Y=$flatten\extracter1.$ternary$/teamspace/studios/this_studio/Melodica-Integration-into-Fife-Core/Learn_Bluespec_and_RISCV_Design/Code/Build/Fife/verilog/mkExtracter.v:153$638_Y
      New ports: A=2'10, B=2'01, Y={ $flatten\extracter1.$ternary$/teamspace/studios/this_studio/Melodica-Integration-into-Fife-Core/Learn_Bluespec_and_RISCV_Design/Code/Build/Fife/verilog/mkExtracter.v:153$638_Y [2] $flatten\extracter1.$ternary$/teamspace/studios/this_studio/Melodica-Integration-into-Fife-Core/Learn_Bluespec_and_RISCV_Design/Code/Build/Fife/verilog/mkExtracter.v:153$638_Y [0] }
      New connections: { $flatten\extracter1.$ternary$/teamspace/studios/this_studio/Melodica-Integration-into-Fife-Core/Learn_Bluespec_and_RISCV_Design/Code/Build/Fife/verilog/mkExtracter.v:153$638_Y [5:3] $flatten\extracter1.$ternary$/teamspace/studios/this_studio/Melodica-Integration-into-Fife-Core/Learn_Bluespec_and_RISCV_Design/Code/Build/Fife/verilog/mkExtracter.v:153$638_Y [1] } = { $flatten\extracter1.$ternary$/teamspace/studios/this_studio/Melodica-Integration-into-Fife-Core/Learn_Bluespec_and_RISCV_Design/Code/Build/Fife/verilog/mkExtracter.v:153$638_Y [2] $flatten\extracter1.$ternary$/teamspace/studios/this_studio/Melodica-Integration-into-Fife-Core/Learn_Bluespec_and_RISCV_Design/Code/Build/Fife/verilog/mkExtracter.v:153$638_Y [2] $flatten\extracter1.$ternary$/teamspace/studios/this_studio/Melodica-Integration-into-Fife-Core/Learn_Bluespec_and_RISCV_Design/Code/Build/Fife/verilog/mkExtracter.v:153$638_Y [2] $flatten\extracter1.$ternary$/teamspace/studios/this_studio/Melodica-Integration-into-Fife-Core/Learn_Bluespec_and_RISCV_Design/Code/Build/Fife/verilog/mkExtracter.v:153$638_Y [0] }
    Consolidated identical input bits for $mux cell $flatten\extracter1.$ternary$/teamspace/studios/this_studio/Melodica-Integration-into-Fife-Core/Learn_Bluespec_and_RISCV_Design/Code/Build/Fife/verilog/mkExtracter.v:156$639:
      Old ports: A=6'111011, B=6'000100, Y=$flatten\extracter1.$ternary$/teamspace/studios/this_studio/Melodica-Integration-into-Fife-Core/Learn_Bluespec_and_RISCV_Design/Code/Build/Fife/verilog/mkExtracter.v:156$639_Y
      New ports: A=2'01, B=2'10, Y={ $flatten\extracter1.$ternary$/teamspace/studios/this_studio/Melodica-Integration-into-Fife-Core/Learn_Bluespec_and_RISCV_Design/Code/Build/Fife/verilog/mkExtracter.v:156$639_Y [2] $flatten\extracter1.$ternary$/teamspace/studios/this_studio/Melodica-Integration-into-Fife-Core/Learn_Bluespec_and_RISCV_Design/Code/Build/Fife/verilog/mkExtracter.v:156$639_Y [0] }
      New connections: { $flatten\extracter1.$ternary$/teamspace/studios/this_studio/Melodica-Integration-into-Fife-Core/Learn_Bluespec_and_RISCV_Design/Code/Build/Fife/verilog/mkExtracter.v:156$639_Y [5:3] $flatten\extracter1.$ternary$/teamspace/studios/this_studio/Melodica-Integration-into-Fife-Core/Learn_Bluespec_and_RISCV_Design/Code/Build/Fife/verilog/mkExtracter.v:156$639_Y [1] } = { $flatten\extracter1.$ternary$/teamspace/studios/this_studio/Melodica-Integration-into-Fife-Core/Learn_Bluespec_and_RISCV_Design/Code/Build/Fife/verilog/mkExtracter.v:156$639_Y [0] $flatten\extracter1.$ternary$/teamspace/studios/this_studio/Melodica-Integration-into-Fife-Core/Learn_Bluespec_and_RISCV_Design/Code/Build/Fife/verilog/mkExtracter.v:156$639_Y [0] $flatten\extracter1.$ternary$/teamspace/studios/this_studio/Melodica-Integration-into-Fife-Core/Learn_Bluespec_and_RISCV_Design/Code/Build/Fife/verilog/mkExtracter.v:156$639_Y [0] $flatten\extracter1.$ternary$/teamspace/studios/this_studio/Melodica-Integration-into-Fife-Core/Learn_Bluespec_and_RISCV_Design/Code/Build/Fife/verilog/mkExtracter.v:156$639_Y [0] }
    Consolidated identical input bits for $mux cell $flatten\extracter1.$ternary$/teamspace/studios/this_studio/Melodica-Integration-into-Fife-Core/Learn_Bluespec_and_RISCV_Design/Code/Build/Fife/verilog/mkExtracter.v:161$642:
      Old ports: A=6'111110, B=6'000001, Y=$flatten\extracter1.$ternary$/teamspace/studios/this_studio/Melodica-Integration-into-Fife-Core/Learn_Bluespec_and_RISCV_Design/Code/Build/Fife/verilog/mkExtracter.v:161$642_Y
      New ports: A=2'10, B=2'01, Y=$flatten\extracter1.$ternary$/teamspace/studios/this_studio/Melodica-Integration-into-Fife-Core/Learn_Bluespec_and_RISCV_Design/Code/Build/Fife/verilog/mkExtracter.v:161$642_Y [1:0]
      New connections: $flatten\extracter1.$ternary$/teamspace/studios/this_studio/Melodica-Integration-into-Fife-Core/Learn_Bluespec_and_RISCV_Design/Code/Build/Fife/verilog/mkExtracter.v:161$642_Y [5:2] = { $flatten\extracter1.$ternary$/teamspace/studios/this_studio/Melodica-Integration-into-Fife-Core/Learn_Bluespec_and_RISCV_Design/Code/Build/Fife/verilog/mkExtracter.v:161$642_Y [1] $flatten\extracter1.$ternary$/teamspace/studios/this_studio/Melodica-Integration-into-Fife-Core/Learn_Bluespec_and_RISCV_Design/Code/Build/Fife/verilog/mkExtracter.v:161$642_Y [1] $flatten\extracter1.$ternary$/teamspace/studios/this_studio/Melodica-Integration-into-Fife-Core/Learn_Bluespec_and_RISCV_Design/Code/Build/Fife/verilog/mkExtracter.v:161$642_Y [1] $flatten\extracter1.$ternary$/teamspace/studios/this_studio/Melodica-Integration-into-Fife-Core/Learn_Bluespec_and_RISCV_Design/Code/Build/Fife/verilog/mkExtracter.v:161$642_Y [1] }
    Consolidated identical input bits for $mux cell $flatten\extracter1.$ternary$/teamspace/studios/this_studio/Melodica-Integration-into-Fife-Core/Learn_Bluespec_and_RISCV_Design/Code/Build/Fife/verilog/mkExtracter.v:168$645:
      Old ports: A=29'00000000000000000000000000000, B={ \ffI.data0_reg [96:72] 4'0000 }, Y=$flatten\extracter1.$ternary$/teamspace/studios/this_studio/Melodica-Integration-into-Fife-Core/Learn_Bluespec_and_RISCV_Design/Code/Build/Fife/verilog/mkExtracter.v:168$645_Y
      New ports: A=25'0000000000000000000000000, B=\ffI.data0_reg [96:72], Y=$flatten\extracter1.$ternary$/teamspace/studios/this_studio/Melodica-Integration-into-Fife-Core/Learn_Bluespec_and_RISCV_Design/Code/Build/Fife/verilog/mkExtracter.v:168$645_Y [28:4]
      New connections: $flatten\extracter1.$ternary$/teamspace/studios/this_studio/Melodica-Integration-into-Fife-Core/Learn_Bluespec_and_RISCV_Design/Code/Build/Fife/verilog/mkExtracter.v:168$645_Y [3:0] = 4'0000
    Consolidated identical input bits for $mux cell $flatten\extracter1.$ternary$/teamspace/studios/this_studio/Melodica-Integration-into-Fife-Core/Learn_Bluespec_and_RISCV_Design/Code/Build/Fife/verilog/mkExtracter.v:177$649:
      Old ports: A=6'111111, B=6'000000, Y=$flatten\extracter1.$ternary$/teamspace/studios/this_studio/Melodica-Integration-into-Fife-Core/Learn_Bluespec_and_RISCV_Design/Code/Build/Fife/verilog/mkExtracter.v:177$649_Y
      New ports: A=1'1, B=1'0, Y=$flatten\extracter1.$ternary$/teamspace/studios/this_studio/Melodica-Integration-into-Fife-Core/Learn_Bluespec_and_RISCV_Design/Code/Build/Fife/verilog/mkExtracter.v:177$649_Y [0]
      New connections: $flatten\extracter1.$ternary$/teamspace/studios/this_studio/Melodica-Integration-into-Fife-Core/Learn_Bluespec_and_RISCV_Design/Code/Build/Fife/verilog/mkExtracter.v:177$649_Y [5:1] = { $flatten\extracter1.$ternary$/teamspace/studios/this_studio/Melodica-Integration-into-Fife-Core/Learn_Bluespec_and_RISCV_Design/Code/Build/Fife/verilog/mkExtracter.v:177$649_Y [0] $flatten\extracter1.$ternary$/teamspace/studios/this_studio/Melodica-Integration-into-Fife-Core/Learn_Bluespec_and_RISCV_Design/Code/Build/Fife/verilog/mkExtracter.v:177$649_Y [0] $flatten\extracter1.$ternary$/teamspace/studios/this_studio/Melodica-Integration-into-Fife-Core/Learn_Bluespec_and_RISCV_Design/Code/Build/Fife/verilog/mkExtracter.v:177$649_Y [0] $flatten\extracter1.$ternary$/teamspace/studios/this_studio/Melodica-Integration-into-Fife-Core/Learn_Bluespec_and_RISCV_Design/Code/Build/Fife/verilog/mkExtracter.v:177$649_Y [0] $flatten\extracter1.$ternary$/teamspace/studios/this_studio/Melodica-Integration-into-Fife-Core/Learn_Bluespec_and_RISCV_Design/Code/Build/Fife/verilog/mkExtracter.v:177$649_Y [0] }
    Consolidated identical input bits for $mux cell $flatten\extracter2.$ternary$/teamspace/studios/this_studio/Melodica-Integration-into-Fife-Core/Learn_Bluespec_and_RISCV_Design/Code/Build/Fife/verilog/mkExtracter.v:149$637:
      Old ports: A=6'111101, B=6'000010, Y=$auto$wreduce.cc:461:run$2344
      New ports: A=2'01, B=2'10, Y=$auto$wreduce.cc:461:run$2344 [1:0]
      New connections: $auto$wreduce.cc:461:run$2344 [5:2] = { $auto$wreduce.cc:461:run$2344 [0] $auto$wreduce.cc:461:run$2344 [0] $auto$wreduce.cc:461:run$2344 [0] $auto$wreduce.cc:461:run$2344 [0] }
    Consolidated identical input bits for $mux cell $flatten\extracter2.$ternary$/teamspace/studios/this_studio/Melodica-Integration-into-Fife-Core/Learn_Bluespec_and_RISCV_Design/Code/Build/Fife/verilog/mkExtracter.v:153$638:
      Old ports: A=6'111100, B=6'000011, Y=$auto$wreduce.cc:461:run$2345
      New ports: A=2'10, B=2'01, Y={ $auto$wreduce.cc:461:run$2345 [2] $auto$wreduce.cc:461:run$2345 [0] }
      New connections: { $auto$wreduce.cc:461:run$2345 [5:3] $auto$wreduce.cc:461:run$2345 [1] } = { $auto$wreduce.cc:461:run$2345 [2] $auto$wreduce.cc:461:run$2345 [2] $auto$wreduce.cc:461:run$2345 [2] $auto$wreduce.cc:461:run$2345 [0] }
    Consolidated identical input bits for $mux cell $flatten\extracter2.$ternary$/teamspace/studios/this_studio/Melodica-Integration-into-Fife-Core/Learn_Bluespec_and_RISCV_Design/Code/Build/Fife/verilog/mkExtracter.v:156$639:
      Old ports: A=6'111011, B=6'000100, Y=$auto$wreduce.cc:461:run$2346
      New ports: A=2'01, B=2'10, Y={ $auto$wreduce.cc:461:run$2346 [2] $auto$wreduce.cc:461:run$2346 [0] }
      New connections: { $auto$wreduce.cc:461:run$2346 [5:3] $auto$wreduce.cc:461:run$2346 [1] } = { $auto$wreduce.cc:461:run$2346 [0] $auto$wreduce.cc:461:run$2346 [0] $auto$wreduce.cc:461:run$2346 [0] $auto$wreduce.cc:461:run$2346 [0] }
    Consolidated identical input bits for $mux cell $flatten\extracter2.$ternary$/teamspace/studios/this_studio/Melodica-Integration-into-Fife-Core/Learn_Bluespec_and_RISCV_Design/Code/Build/Fife/verilog/mkExtracter.v:161$642:
      Old ports: A=6'111110, B=6'000001, Y=$flatten\extracter2.$ternary$/teamspace/studios/this_studio/Melodica-Integration-into-Fife-Core/Learn_Bluespec_and_RISCV_Design/Code/Build/Fife/verilog/mkExtracter.v:161$642_Y
      New ports: A=2'10, B=2'01, Y=$flatten\extracter2.$ternary$/teamspace/studios/this_studio/Melodica-Integration-into-Fife-Core/Learn_Bluespec_and_RISCV_Design/Code/Build/Fife/verilog/mkExtracter.v:161$642_Y [1:0]
      New connections: $flatten\extracter2.$ternary$/teamspace/studios/this_studio/Melodica-Integration-into-Fife-Core/Learn_Bluespec_and_RISCV_Design/Code/Build/Fife/verilog/mkExtracter.v:161$642_Y [5:2] = { $flatten\extracter2.$ternary$/teamspace/studios/this_studio/Melodica-Integration-into-Fife-Core/Learn_Bluespec_and_RISCV_Design/Code/Build/Fife/verilog/mkExtracter.v:161$642_Y [1] $flatten\extracter2.$ternary$/teamspace/studios/this_studio/Melodica-Integration-into-Fife-Core/Learn_Bluespec_and_RISCV_Design/Code/Build/Fife/verilog/mkExtracter.v:161$642_Y [1] $flatten\extracter2.$ternary$/teamspace/studios/this_studio/Melodica-Integration-into-Fife-Core/Learn_Bluespec_and_RISCV_Design/Code/Build/Fife/verilog/mkExtracter.v:161$642_Y [1] $flatten\extracter2.$ternary$/teamspace/studios/this_studio/Melodica-Integration-into-Fife-Core/Learn_Bluespec_and_RISCV_Design/Code/Build/Fife/verilog/mkExtracter.v:161$642_Y [1] }
    Consolidated identical input bits for $mux cell $flatten\extracter2.$ternary$/teamspace/studios/this_studio/Melodica-Integration-into-Fife-Core/Learn_Bluespec_and_RISCV_Design/Code/Build/Fife/verilog/mkExtracter.v:168$645:
      Old ports: A=29'00000000000000000000000000000, B={ \extracter2.request_put [24:0] 4'0000 }, Y=$flatten\extracter2.$ternary$/teamspace/studios/this_studio/Melodica-Integration-into-Fife-Core/Learn_Bluespec_and_RISCV_Design/Code/Build/Fife/verilog/mkExtracter.v:168$645_Y
      New ports: A=25'0000000000000000000000000, B=\extracter2.request_put [24:0], Y=$flatten\extracter2.$ternary$/teamspace/studios/this_studio/Melodica-Integration-into-Fife-Core/Learn_Bluespec_and_RISCV_Design/Code/Build/Fife/verilog/mkExtracter.v:168$645_Y [28:4]
      New connections: $flatten\extracter2.$ternary$/teamspace/studios/this_studio/Melodica-Integration-into-Fife-Core/Learn_Bluespec_and_RISCV_Design/Code/Build/Fife/verilog/mkExtracter.v:168$645_Y [3:0] = 4'0000
    Consolidated identical input bits for $mux cell $flatten\extracter2.$ternary$/teamspace/studios/this_studio/Melodica-Integration-into-Fife-Core/Learn_Bluespec_and_RISCV_Design/Code/Build/Fife/verilog/mkExtracter.v:177$649:
      Old ports: A=6'111111, B=6'000000, Y=$flatten\extracter2.$ternary$/teamspace/studios/this_studio/Melodica-Integration-into-Fife-Core/Learn_Bluespec_and_RISCV_Design/Code/Build/Fife/verilog/mkExtracter.v:177$649_Y
      New ports: A=1'1, B=1'0, Y=$flatten\extracter2.$ternary$/teamspace/studios/this_studio/Melodica-Integration-into-Fife-Core/Learn_Bluespec_and_RISCV_Design/Code/Build/Fife/verilog/mkExtracter.v:177$649_Y [0]
      New connections: $flatten\extracter2.$ternary$/teamspace/studios/this_studio/Melodica-Integration-into-Fife-Core/Learn_Bluespec_and_RISCV_Design/Code/Build/Fife/verilog/mkExtracter.v:177$649_Y [5:1] = { $flatten\extracter2.$ternary$/teamspace/studios/this_studio/Melodica-Integration-into-Fife-Core/Learn_Bluespec_and_RISCV_Design/Code/Build/Fife/verilog/mkExtracter.v:177$649_Y [0] $flatten\extracter2.$ternary$/teamspace/studios/this_studio/Melodica-Integration-into-Fife-Core/Learn_Bluespec_and_RISCV_Design/Code/Build/Fife/verilog/mkExtracter.v:177$649_Y [0] $flatten\extracter2.$ternary$/teamspace/studios/this_studio/Melodica-Integration-into-Fife-Core/Learn_Bluespec_and_RISCV_Design/Code/Build/Fife/verilog/mkExtracter.v:177$649_Y [0] $flatten\extracter2.$ternary$/teamspace/studios/this_studio/Melodica-Integration-into-Fife-Core/Learn_Bluespec_and_RISCV_Design/Code/Build/Fife/verilog/mkExtracter.v:177$649_Y [0] $flatten\extracter2.$ternary$/teamspace/studios/this_studio/Melodica-Integration-into-Fife-Core/Learn_Bluespec_and_RISCV_Design/Code/Build/Fife/verilog/mkExtracter.v:177$649_Y [0] }
    Consolidated identical input bits for $mux cell $flatten\ftop.$ternary$/teamspace/studios/this_studio/Melodica-Integration-into-Fife-Core/Learn_Bluespec_and_RISCV_Design/Code/Build/Fife/verilog/mkFtoP_PNE.v:120$677:
      Old ports: A=2'00, B=2'10, Y=$flatten\ftop.$ternary$/teamspace/studios/this_studio/Melodica-Integration-into-Fife-Core/Learn_Bluespec_and_RISCV_Design/Code/Build/Fife/verilog/mkFtoP_PNE.v:120$677_Y
      New ports: A=1'0, B=1'1, Y=$flatten\ftop.$ternary$/teamspace/studios/this_studio/Melodica-Integration-into-Fife-Core/Learn_Bluespec_and_RISCV_Design/Code/Build/Fife/verilog/mkFtoP_PNE.v:120$677_Y [1]
      New connections: $flatten\ftop.$ternary$/teamspace/studios/this_studio/Melodica-Integration-into-Fife-Core/Learn_Bluespec_and_RISCV_Design/Code/Build/Fife/verilog/mkFtoP_PNE.v:120$677_Y [0] = 1'0
    Consolidated identical input bits for $mux cell $flatten\ftop.$ternary$/teamspace/studios/this_studio/Melodica-Integration-into-Fife-Core/Learn_Bluespec_and_RISCV_Design/Code/Build/Fife/verilog/mkFtoP_PNE.v:145$690:
      Old ports: A=26'11111111111111111111111111, B={ \ffI.data0_reg [94:72] 3'000 }, Y=$flatten\ftop.$ternary$/teamspace/studios/this_studio/Melodica-Integration-into-Fife-Core/Learn_Bluespec_and_RISCV_Design/Code/Build/Fife/verilog/mkFtoP_PNE.v:145$690_Y
      New ports: A=24'111111111111111111111111, B={ \ffI.data0_reg [94:72] 1'0 }, Y={ $flatten\ftop.$ternary$/teamspace/studios/this_studio/Melodica-Integration-into-Fife-Core/Learn_Bluespec_and_RISCV_Design/Code/Build/Fife/verilog/mkFtoP_PNE.v:145$690_Y [25:3] $flatten\ftop.$ternary$/teamspace/studios/this_studio/Melodica-Integration-into-Fife-Core/Learn_Bluespec_and_RISCV_Design/Code/Build/Fife/verilog/mkFtoP_PNE.v:145$690_Y [0] }
      New connections: $flatten\ftop.$ternary$/teamspace/studios/this_studio/Melodica-Integration-into-Fife-Core/Learn_Bluespec_and_RISCV_Design/Code/Build/Fife/verilog/mkFtoP_PNE.v:145$690_Y [2:1] = { $flatten\ftop.$ternary$/teamspace/studios/this_studio/Melodica-Integration-into-Fife-Core/Learn_Bluespec_and_RISCV_Design/Code/Build/Fife/verilog/mkFtoP_PNE.v:145$690_Y [0] $flatten\ftop.$ternary$/teamspace/studios/this_studio/Melodica-Integration-into-Fife-Core/Learn_Bluespec_and_RISCV_Design/Code/Build/Fife/verilog/mkFtoP_PNE.v:145$690_Y [0] }
    Consolidated identical input bits for $mux cell $flatten\quire.$ternary$/teamspace/studios/this_studio/Melodica-Integration-into-Fife-Core/Learn_Bluespec_and_RISCV_Design/Code/Build/Fife/verilog/mkQuire.v:1249$434:
      Old ports: A={ 2'00 \quire.MUX_posit_rsp_f$enq_1__VAL_2 [37] \quire.IF_SEXT_IF_ff_num_msb_zeros_first__11_PLUS_1_1_ETC___d230 \quire.prenorm_posit_frac__h14076 \quire.x__h18906 \quire.x__h20502 }, B=40'1000000000000000000000000000000000000001, Y=\quire.posit_rsp_f.D_IN [39:0]
      New ports: A={ 1'0 \quire.MUX_posit_rsp_f$enq_1__VAL_2 [37] \quire.IF_SEXT_IF_ff_num_msb_zeros_first__11_PLUS_1_1_ETC___d230 \quire.prenorm_posit_frac__h14076 \quire.x__h18906 \quire.x__h20502 }, B=39'100000000000000000000000000000000000001, Y={ \quire.posit_rsp_f.D_IN [39] \quire.posit_rsp_f.D_IN [37:0] }
      New connections: \quire.posit_rsp_f.D_IN [38] = 1'0
    Consolidated identical input bits for $mux cell $flatten\quire.$ternary$/teamspace/studios/this_studio/Melodica-Integration-into-Fife-Core/Learn_Bluespec_and_RISCV_Design/Code/Build/Fife/verilog/mkQuire.v:1406$465:
      Old ports: A=3'101, B={ 2'11 \quire.vrg_quire_seg_zero_0 }, Y=$flatten\quire.$ternary$/teamspace/studios/this_studio/Melodica-Integration-into-Fife-Core/Learn_Bluespec_and_RISCV_Design/Code/Build/Fife/verilog/mkQuire.v:1406$465_Y
      New ports: A=2'01, B={ 1'1 \quire.vrg_quire_seg_zero_0 }, Y=$flatten\quire.$ternary$/teamspace/studios/this_studio/Melodica-Integration-into-Fife-Core/Learn_Bluespec_and_RISCV_Design/Code/Build/Fife/verilog/mkQuire.v:1406$465_Y [1:0]
      New connections: $flatten\quire.$ternary$/teamspace/studios/this_studio/Melodica-Integration-into-Fife-Core/Learn_Bluespec_and_RISCV_Design/Code/Build/Fife/verilog/mkQuire.v:1406$465_Y [2] = 1'1
    Consolidated identical input bits for $mux cell $flatten\quire.$ternary$/teamspace/studios/this_studio/Melodica-Integration-into-Fife-Core/Learn_Bluespec_and_RISCV_Design/Code/Build/Fife/verilog/mkQuire.v:1655$534:
      Old ports: A=6'100000, B=6'011111, Y=$flatten\quire.$ternary$/teamspace/studios/this_studio/Melodica-Integration-into-Fife-Core/Learn_Bluespec_and_RISCV_Design/Code/Build/Fife/verilog/mkQuire.v:1655$534_Y
      New ports: A=2'10, B=2'01, Y={ $flatten\quire.$ternary$/teamspace/studios/this_studio/Melodica-Integration-into-Fife-Core/Learn_Bluespec_and_RISCV_Design/Code/Build/Fife/verilog/mkQuire.v:1655$534_Y [5] $flatten\quire.$ternary$/teamspace/studios/this_studio/Melodica-Integration-into-Fife-Core/Learn_Bluespec_and_RISCV_Design/Code/Build/Fife/verilog/mkQuire.v:1655$534_Y [0] }
      New connections: $flatten\quire.$ternary$/teamspace/studios/this_studio/Melodica-Integration-into-Fife-Core/Learn_Bluespec_and_RISCV_Design/Code/Build/Fife/verilog/mkQuire.v:1655$534_Y [4:1] = { $flatten\quire.$ternary$/teamspace/studios/this_studio/Melodica-Integration-into-Fife-Core/Learn_Bluespec_and_RISCV_Design/Code/Build/Fife/verilog/mkQuire.v:1655$534_Y [0] $flatten\quire.$ternary$/teamspace/studios/this_studio/Melodica-Integration-into-Fife-Core/Learn_Bluespec_and_RISCV_Design/Code/Build/Fife/verilog/mkQuire.v:1655$534_Y [0] $flatten\quire.$ternary$/teamspace/studios/this_studio/Melodica-Integration-into-Fife-Core/Learn_Bluespec_and_RISCV_Design/Code/Build/Fife/verilog/mkQuire.v:1655$534_Y [0] $flatten\quire.$ternary$/teamspace/studios/this_studio/Melodica-Integration-into-Fife-Core/Learn_Bluespec_and_RISCV_Design/Code/Build/Fife/verilog/mkQuire.v:1655$534_Y [0] }
    Consolidated identical input bits for $mux cell $flatten\quire.\instance_fn_twosC_quire_0.$ternary$/teamspace/studios/this_studio/Melodica-Integration-into-Fife-Core/Learn_Bluespec_and_RISCV_Design/Code/Build/Fife/verilog/module_fn_twosC_quire.v:106$122:
      Old ports: A=31'0000000000000000000000000000000, B=31'1111111111111111111111111111111, Y=\quire.instance_fn_twosC_quire_0.IF_fn_twosC_quire_quire_seg_zero_PLUS_1_BIT_6__ETC___d9 [30:0]
      New ports: A=1'0, B=1'1, Y=\quire.instance_fn_twosC_quire_0.IF_fn_twosC_quire_quire_seg_zero_PLUS_1_BIT_6__ETC___d9 [0]
      New connections: \quire.instance_fn_twosC_quire_0.IF_fn_twosC_quire_quire_seg_zero_PLUS_1_BIT_6__ETC___d9 [30:1] = { \quire.instance_fn_twosC_quire_0.IF_fn_twosC_quire_quire_seg_zero_PLUS_1_BIT_6__ETC___d9 [0] \quire.instance_fn_twosC_quire_0.IF_fn_twosC_quire_quire_seg_zero_PLUS_1_BIT_6__ETC___d9 [0] \quire.instance_fn_twosC_quire_0.IF_fn_twosC_quire_quire_seg_zero_PLUS_1_BIT_6__ETC___d9 [0] \quire.instance_fn_twosC_quire_0.IF_fn_twosC_quire_quire_seg_zero_PLUS_1_BIT_6__ETC___d9 [0] \quire.instance_fn_twosC_quire_0.IF_fn_twosC_quire_quire_seg_zero_PLUS_1_BIT_6__ETC___d9 [0] \quire.instance_fn_twosC_quire_0.IF_fn_twosC_quire_quire_seg_zero_PLUS_1_BIT_6__ETC___d9 [0] \quire.instance_fn_twosC_quire_0.IF_fn_twosC_quire_quire_seg_zero_PLUS_1_BIT_6__ETC___d9 [0] \quire.instance_fn_twosC_quire_0.IF_fn_twosC_quire_quire_seg_zero_PLUS_1_BIT_6__ETC___d9 [0] \quire.instance_fn_twosC_quire_0.IF_fn_twosC_quire_quire_seg_zero_PLUS_1_BIT_6__ETC___d9 [0] \quire.instance_fn_twosC_quire_0.IF_fn_twosC_quire_quire_seg_zero_PLUS_1_BIT_6__ETC___d9 [0] \quire.instance_fn_twosC_quire_0.IF_fn_twosC_quire_quire_seg_zero_PLUS_1_BIT_6__ETC___d9 [0] \quire.instance_fn_twosC_quire_0.IF_fn_twosC_quire_quire_seg_zero_PLUS_1_BIT_6__ETC___d9 [0] \quire.instance_fn_twosC_quire_0.IF_fn_twosC_quire_quire_seg_zero_PLUS_1_BIT_6__ETC___d9 [0] \quire.instance_fn_twosC_quire_0.IF_fn_twosC_quire_quire_seg_zero_PLUS_1_BIT_6__ETC___d9 [0] \quire.instance_fn_twosC_quire_0.IF_fn_twosC_quire_quire_seg_zero_PLUS_1_BIT_6__ETC___d9 [0] \quire.instance_fn_twosC_quire_0.IF_fn_twosC_quire_quire_seg_zero_PLUS_1_BIT_6__ETC___d9 [0] \quire.instance_fn_twosC_quire_0.IF_fn_twosC_quire_quire_seg_zero_PLUS_1_BIT_6__ETC___d9 [0] \quire.instance_fn_twosC_quire_0.IF_fn_twosC_quire_quire_seg_zero_PLUS_1_BIT_6__ETC___d9 [0] \quire.instance_fn_twosC_quire_0.IF_fn_twosC_quire_quire_seg_zero_PLUS_1_BIT_6__ETC___d9 [0] \quire.instance_fn_twosC_quire_0.IF_fn_twosC_quire_quire_seg_zero_PLUS_1_BIT_6__ETC___d9 [0] \quire.instance_fn_twosC_quire_0.IF_fn_twosC_quire_quire_seg_zero_PLUS_1_BIT_6__ETC___d9 [0] \quire.instance_fn_twosC_quire_0.IF_fn_twosC_quire_quire_seg_zero_PLUS_1_BIT_6__ETC___d9 [0] \quire.instance_fn_twosC_quire_0.IF_fn_twosC_quire_quire_seg_zero_PLUS_1_BIT_6__ETC___d9 [0] \quire.instance_fn_twosC_quire_0.IF_fn_twosC_quire_quire_seg_zero_PLUS_1_BIT_6__ETC___d9 [0] \quire.instance_fn_twosC_quire_0.IF_fn_twosC_quire_quire_seg_zero_PLUS_1_BIT_6__ETC___d9 [0] \quire.instance_fn_twosC_quire_0.IF_fn_twosC_quire_quire_seg_zero_PLUS_1_BIT_6__ETC___d9 [0] \quire.instance_fn_twosC_quire_0.IF_fn_twosC_quire_quire_seg_zero_PLUS_1_BIT_6__ETC___d9 [0] \quire.instance_fn_twosC_quire_0.IF_fn_twosC_quire_quire_seg_zero_PLUS_1_BIT_6__ETC___d9 [0] \quire.instance_fn_twosC_quire_0.IF_fn_twosC_quire_quire_seg_zero_PLUS_1_BIT_6__ETC___d9 [0] \quire.instance_fn_twosC_quire_0.IF_fn_twosC_quire_quire_seg_zero_PLUS_1_BIT_6__ETC___d9 [0] }
    Consolidated identical input bits for $mux cell $flatten\quire.\instance_fn_twosC_quire_2.$ternary$/teamspace/studios/this_studio/Melodica-Integration-into-Fife-Core/Learn_Bluespec_and_RISCV_Design/Code/Build/Fife/verilog/module_fn_twosC_quire.v:106$122:
      Old ports: A=31'0000000000000000000000000000000, B=31'1111111111111111111111111111111, Y=\quire.instance_fn_twosC_quire_2.IF_fn_twosC_quire_quire_seg_zero_PLUS_1_BIT_6__ETC___d9 [30:0]
      New ports: A=1'0, B=1'1, Y=\quire.instance_fn_twosC_quire_2.IF_fn_twosC_quire_quire_seg_zero_PLUS_1_BIT_6__ETC___d9 [0]
      New connections: \quire.instance_fn_twosC_quire_2.IF_fn_twosC_quire_quire_seg_zero_PLUS_1_BIT_6__ETC___d9 [30:1] = { \quire.instance_fn_twosC_quire_2.IF_fn_twosC_quire_quire_seg_zero_PLUS_1_BIT_6__ETC___d9 [0] \quire.instance_fn_twosC_quire_2.IF_fn_twosC_quire_quire_seg_zero_PLUS_1_BIT_6__ETC___d9 [0] \quire.instance_fn_twosC_quire_2.IF_fn_twosC_quire_quire_seg_zero_PLUS_1_BIT_6__ETC___d9 [0] \quire.instance_fn_twosC_quire_2.IF_fn_twosC_quire_quire_seg_zero_PLUS_1_BIT_6__ETC___d9 [0] \quire.instance_fn_twosC_quire_2.IF_fn_twosC_quire_quire_seg_zero_PLUS_1_BIT_6__ETC___d9 [0] \quire.instance_fn_twosC_quire_2.IF_fn_twosC_quire_quire_seg_zero_PLUS_1_BIT_6__ETC___d9 [0] \quire.instance_fn_twosC_quire_2.IF_fn_twosC_quire_quire_seg_zero_PLUS_1_BIT_6__ETC___d9 [0] \quire.instance_fn_twosC_quire_2.IF_fn_twosC_quire_quire_seg_zero_PLUS_1_BIT_6__ETC___d9 [0] \quire.instance_fn_twosC_quire_2.IF_fn_twosC_quire_quire_seg_zero_PLUS_1_BIT_6__ETC___d9 [0] \quire.instance_fn_twosC_quire_2.IF_fn_twosC_quire_quire_seg_zero_PLUS_1_BIT_6__ETC___d9 [0] \quire.instance_fn_twosC_quire_2.IF_fn_twosC_quire_quire_seg_zero_PLUS_1_BIT_6__ETC___d9 [0] \quire.instance_fn_twosC_quire_2.IF_fn_twosC_quire_quire_seg_zero_PLUS_1_BIT_6__ETC___d9 [0] \quire.instance_fn_twosC_quire_2.IF_fn_twosC_quire_quire_seg_zero_PLUS_1_BIT_6__ETC___d9 [0] \quire.instance_fn_twosC_quire_2.IF_fn_twosC_quire_quire_seg_zero_PLUS_1_BIT_6__ETC___d9 [0] \quire.instance_fn_twosC_quire_2.IF_fn_twosC_quire_quire_seg_zero_PLUS_1_BIT_6__ETC___d9 [0] \quire.instance_fn_twosC_quire_2.IF_fn_twosC_quire_quire_seg_zero_PLUS_1_BIT_6__ETC___d9 [0] \quire.instance_fn_twosC_quire_2.IF_fn_twosC_quire_quire_seg_zero_PLUS_1_BIT_6__ETC___d9 [0] \quire.instance_fn_twosC_quire_2.IF_fn_twosC_quire_quire_seg_zero_PLUS_1_BIT_6__ETC___d9 [0] \quire.instance_fn_twosC_quire_2.IF_fn_twosC_quire_quire_seg_zero_PLUS_1_BIT_6__ETC___d9 [0] \quire.instance_fn_twosC_quire_2.IF_fn_twosC_quire_quire_seg_zero_PLUS_1_BIT_6__ETC___d9 [0] \quire.instance_fn_twosC_quire_2.IF_fn_twosC_quire_quire_seg_zero_PLUS_1_BIT_6__ETC___d9 [0] \quire.instance_fn_twosC_quire_2.IF_fn_twosC_quire_quire_seg_zero_PLUS_1_BIT_6__ETC___d9 [0] \quire.instance_fn_twosC_quire_2.IF_fn_twosC_quire_quire_seg_zero_PLUS_1_BIT_6__ETC___d9 [0] \quire.instance_fn_twosC_quire_2.IF_fn_twosC_quire_quire_seg_zero_PLUS_1_BIT_6__ETC___d9 [0] \quire.instance_fn_twosC_quire_2.IF_fn_twosC_quire_quire_seg_zero_PLUS_1_BIT_6__ETC___d9 [0] \quire.instance_fn_twosC_quire_2.IF_fn_twosC_quire_quire_seg_zero_PLUS_1_BIT_6__ETC___d9 [0] \quire.instance_fn_twosC_quire_2.IF_fn_twosC_quire_quire_seg_zero_PLUS_1_BIT_6__ETC___d9 [0] \quire.instance_fn_twosC_quire_2.IF_fn_twosC_quire_quire_seg_zero_PLUS_1_BIT_6__ETC___d9 [0] \quire.instance_fn_twosC_quire_2.IF_fn_twosC_quire_quire_seg_zero_PLUS_1_BIT_6__ETC___d9 [0] \quire.instance_fn_twosC_quire_2.IF_fn_twosC_quire_quire_seg_zero_PLUS_1_BIT_6__ETC___d9 [0] }
    Consolidated identical input bits for $mux cell $ternary$/teamspace/studios/this_studio/Melodica-Integration-into-Fife-Core/Learn_Bluespec_and_RISCV_Design/Code/Build/Fife/verilog/mkPositCore.v:525$879:
      Old ports: A={ 34'01xxxxxxxxxxxxxxxxxxxxxxxxxxxxxxxx \ptof.ffO.data0_reg [34:3] 2'00 \MUX_ffO$enq_1__VAL_2 [2:1] \ptof.ffO.data0_reg [0] }, B={ 34'10xxxxxxxxxxxxxxxxxxxxxxxxxxxxxxxx \normalizer.fifo_output_reg.data0_reg [35:4] \normalizer.fifo_output_reg.data0_reg [1] 1'0 \MUX_ffO$enq_1__VAL_1 [2:1] \normalizer.fifo_output_reg.data0_reg [0] }, Y=\ffO.D_IN
      New ports: A={ 2'01 \ptof.ffO.data0_reg [34:3] 1'0 \MUX_ffO$enq_1__VAL_2 [2:1] \ptof.ffO.data0_reg [0] }, B={ 2'10 \normalizer.fifo_output_reg.data0_reg [35:4] \normalizer.fifo_output_reg.data0_reg [1] \MUX_ffO$enq_1__VAL_1 [2:1] \normalizer.fifo_output_reg.data0_reg [0] }, Y={ \ffO.D_IN [70:69] \ffO.D_IN [36:4] \ffO.D_IN [2:0] }
      New connections: { \ffO.D_IN [68:37] \ffO.D_IN [3] } = 33'xxxxxxxxxxxxxxxxxxxxxxxxxxxxxxxx0
  Optimizing cells in module \mkPositCore.
    Consolidated identical input bits for $mux cell $memory$flatten\normalizer.$auto$proc_rom.cc:150:do_switch$1129$rdmux[0][2][2]$2918:
      Old ports: A=6'000000, B=$memory$flatten\normalizer.$auto$proc_rom.cc:150:do_switch$1129$rdmux[0][2][2]$b$2920, Y=$memory$flatten\normalizer.$auto$proc_rom.cc:150:do_switch$1129$rdmux[0][1][1]$a$2910
      New ports: A=1'0, B=$memory$flatten\normalizer.$auto$proc_rom.cc:150:do_switch$1129$rdmux[0][2][2]$b$2920 [0], Y=$memory$flatten\normalizer.$auto$proc_rom.cc:150:do_switch$1129$rdmux[0][1][1]$a$2910 [0]
      New connections: $memory$flatten\normalizer.$auto$proc_rom.cc:150:do_switch$1129$rdmux[0][1][1]$a$2910 [5:1] = 5'00000
    Consolidated identical input bits for $mux cell $memory$flatten\normalizer.$auto$proc_rom.cc:150:do_switch$1129$rdmux[0][2][1]$2915:
      Old ports: A=$memory$flatten\normalizer.$auto$proc_rom.cc:150:do_switch$1129$rdmux[0][2][1]$a$2916, B=6'000000, Y=$memory$flatten\normalizer.$auto$proc_rom.cc:150:do_switch$1129$rdmux[0][1][0]$b$2908
      New ports: A={ 1'1 $memory$flatten\normalizer.$auto$proc_rom.cc:150:do_switch$1129$rdmux[0][2][1]$a$2916 [0] }, B=2'00, Y=$memory$flatten\normalizer.$auto$proc_rom.cc:150:do_switch$1129$rdmux[0][1][0]$b$2908 [1:0]
      New connections: $memory$flatten\normalizer.$auto$proc_rom.cc:150:do_switch$1129$rdmux[0][1][0]$b$2908 [5:2] = { $memory$flatten\normalizer.$auto$proc_rom.cc:150:do_switch$1129$rdmux[0][1][0]$b$2908 [1] $memory$flatten\normalizer.$auto$proc_rom.cc:150:do_switch$1129$rdmux[0][1][0]$b$2908 [1] $memory$flatten\normalizer.$auto$proc_rom.cc:150:do_switch$1129$rdmux[0][1][0]$b$2908 [1] $memory$flatten\normalizer.$auto$proc_rom.cc:150:do_switch$1129$rdmux[0][1][0]$b$2908 [1] }
    Consolidated identical input bits for $mux cell $memory$flatten\normalizer.$auto$proc_rom.cc:150:do_switch$1129$rdmux[0][2][0]$2912:
      Old ports: A=$memory$flatten\normalizer.$auto$proc_rom.cc:150:do_switch$1129$rdmux[0][2][0]$a$2913, B=$memory$flatten\normalizer.$auto$proc_rom.cc:150:do_switch$1129$rdmux[0][2][0]$b$2914, Y=$memory$flatten\normalizer.$auto$proc_rom.cc:150:do_switch$1129$rdmux[0][1][0]$a$2907
      New ports: A={ 2'00 $memory$flatten\normalizer.$auto$proc_rom.cc:150:do_switch$1129$rdmux[0][2][0]$a$2913 [2] }, B={ $memory$flatten\normalizer.$auto$proc_rom.cc:150:do_switch$1129$rdmux[0][2][0]$b$2914 [4] 2'11 }, Y=$memory$flatten\normalizer.$auto$proc_rom.cc:150:do_switch$1129$rdmux[0][1][0]$a$2907 [4:2]
      New connections: { $memory$flatten\normalizer.$auto$proc_rom.cc:150:do_switch$1129$rdmux[0][1][0]$a$2907 [5] $memory$flatten\normalizer.$auto$proc_rom.cc:150:do_switch$1129$rdmux[0][1][0]$a$2907 [1:0] } = 3'010
    Consolidated identical input bits for $mux cell $flatten\extracter1.$ternary$/teamspace/studios/this_studio/Melodica-Integration-into-Fife-Core/Learn_Bluespec_and_RISCV_Design/Code/Build/Fife/verilog/mkExtracter.v:152$640:
      Old ports: A=$flatten\extracter1.$ternary$/teamspace/studios/this_studio/Melodica-Integration-into-Fife-Core/Learn_Bluespec_and_RISCV_Design/Code/Build/Fife/verilog/mkExtracter.v:156$639_Y, B=$flatten\extracter1.$ternary$/teamspace/studios/this_studio/Melodica-Integration-into-Fife-Core/Learn_Bluespec_and_RISCV_Design/Code/Build/Fife/verilog/mkExtracter.v:153$638_Y, Y=$flatten\extracter1.$ternary$/teamspace/studios/this_studio/Melodica-Integration-into-Fife-Core/Learn_Bluespec_and_RISCV_Design/Code/Build/Fife/verilog/mkExtracter.v:152$640_Y
      New ports: A={ $flatten\extracter1.$ternary$/teamspace/studios/this_studio/Melodica-Integration-into-Fife-Core/Learn_Bluespec_and_RISCV_Design/Code/Build/Fife/verilog/mkExtracter.v:156$639_Y [0] $flatten\extracter1.$ternary$/teamspace/studios/this_studio/Melodica-Integration-into-Fife-Core/Learn_Bluespec_and_RISCV_Design/Code/Build/Fife/verilog/mkExtracter.v:156$639_Y [2] $flatten\extracter1.$ternary$/teamspace/studios/this_studio/Melodica-Integration-into-Fife-Core/Learn_Bluespec_and_RISCV_Design/Code/Build/Fife/verilog/mkExtracter.v:156$639_Y [0] }, B={ $flatten\extracter1.$ternary$/teamspace/studios/this_studio/Melodica-Integration-into-Fife-Core/Learn_Bluespec_and_RISCV_Design/Code/Build/Fife/verilog/mkExtracter.v:153$638_Y [2] $flatten\extracter1.$ternary$/teamspace/studios/this_studio/Melodica-Integration-into-Fife-Core/Learn_Bluespec_and_RISCV_Design/Code/Build/Fife/verilog/mkExtracter.v:153$638_Y [2] $flatten\extracter1.$ternary$/teamspace/studios/this_studio/Melodica-Integration-into-Fife-Core/Learn_Bluespec_and_RISCV_Design/Code/Build/Fife/verilog/mkExtracter.v:153$638_Y [0] }, Y={ $flatten\extracter1.$ternary$/teamspace/studios/this_studio/Melodica-Integration-into-Fife-Core/Learn_Bluespec_and_RISCV_Design/Code/Build/Fife/verilog/mkExtracter.v:152$640_Y [3:2] $flatten\extracter1.$ternary$/teamspace/studios/this_studio/Melodica-Integration-into-Fife-Core/Learn_Bluespec_and_RISCV_Design/Code/Build/Fife/verilog/mkExtracter.v:152$640_Y [0] }
      New connections: { $flatten\extracter1.$ternary$/teamspace/studios/this_studio/Melodica-Integration-into-Fife-Core/Learn_Bluespec_and_RISCV_Design/Code/Build/Fife/verilog/mkExtracter.v:152$640_Y [5:4] $flatten\extracter1.$ternary$/teamspace/studios/this_studio/Melodica-Integration-into-Fife-Core/Learn_Bluespec_and_RISCV_Design/Code/Build/Fife/verilog/mkExtracter.v:152$640_Y [1] } = { $flatten\extracter1.$ternary$/teamspace/studios/this_studio/Melodica-Integration-into-Fife-Core/Learn_Bluespec_and_RISCV_Design/Code/Build/Fife/verilog/mkExtracter.v:152$640_Y [3] $flatten\extracter1.$ternary$/teamspace/studios/this_studio/Melodica-Integration-into-Fife-Core/Learn_Bluespec_and_RISCV_Design/Code/Build/Fife/verilog/mkExtracter.v:152$640_Y [3] $flatten\extracter1.$ternary$/teamspace/studios/this_studio/Melodica-Integration-into-Fife-Core/Learn_Bluespec_and_RISCV_Design/Code/Build/Fife/verilog/mkExtracter.v:152$640_Y [0] }
    Consolidated identical input bits for $mux cell $flatten\extracter1.$ternary$/teamspace/studios/this_studio/Melodica-Integration-into-Fife-Core/Learn_Bluespec_and_RISCV_Design/Code/Build/Fife/verilog/mkExtracter.v:166$646:
      Old ports: A=$flatten\extracter1.$ternary$/teamspace/studios/this_studio/Melodica-Integration-into-Fife-Core/Learn_Bluespec_and_RISCV_Design/Code/Build/Fife/verilog/mkExtracter.v:168$645_Y, B={ \ffI.data0_reg [97:72] 3'000 }, Y=\extracter1.IF_INV_request_put_BITS_29_TO_25_XOR_SEXT_requ_ETC___d50
      New ports: A={ $flatten\extracter1.$ternary$/teamspace/studios/this_studio/Melodica-Integration-into-Fife-Core/Learn_Bluespec_and_RISCV_Design/Code/Build/Fife/verilog/mkExtracter.v:168$645_Y [28:4] 1'0 }, B=\ffI.data0_reg [97:72], Y=\extracter1.IF_INV_request_put_BITS_29_TO_25_XOR_SEXT_requ_ETC___d50 [28:3]
      New connections: \extracter1.IF_INV_request_put_BITS_29_TO_25_XOR_SEXT_requ_ETC___d50 [2:0] = 3'000
    Consolidated identical input bits for $mux cell $flatten\extracter2.$ternary$/teamspace/studios/this_studio/Melodica-Integration-into-Fife-Core/Learn_Bluespec_and_RISCV_Design/Code/Build/Fife/verilog/mkExtracter.v:152$640:
      Old ports: A=$auto$wreduce.cc:461:run$2346, B=$auto$wreduce.cc:461:run$2345, Y=$flatten\extracter2.$ternary$/teamspace/studios/this_studio/Melodica-Integration-into-Fife-Core/Learn_Bluespec_and_RISCV_Design/Code/Build/Fife/verilog/mkExtracter.v:152$640_Y
      New ports: A={ $auto$wreduce.cc:461:run$2346 [0] $auto$wreduce.cc:461:run$2346 [2] $auto$wreduce.cc:461:run$2346 [0] }, B={ $auto$wreduce.cc:461:run$2345 [2] $auto$wreduce.cc:461:run$2345 [2] $auto$wreduce.cc:461:run$2345 [0] }, Y={ $flatten\extracter2.$ternary$/teamspace/studios/this_studio/Melodica-Integration-into-Fife-Core/Learn_Bluespec_and_RISCV_Design/Code/Build/Fife/verilog/mkExtracter.v:152$640_Y [3:2] $flatten\extracter2.$ternary$/teamspace/studios/this_studio/Melodica-Integration-into-Fife-Core/Learn_Bluespec_and_RISCV_Design/Code/Build/Fife/verilog/mkExtracter.v:152$640_Y [0] }
      New connections: { $flatten\extracter2.$ternary$/teamspace/studios/this_studio/Melodica-Integration-into-Fife-Core/Learn_Bluespec_and_RISCV_Design/Code/Build/Fife/verilog/mkExtracter.v:152$640_Y [5:4] $flatten\extracter2.$ternary$/teamspace/studios/this_studio/Melodica-Integration-into-Fife-Core/Learn_Bluespec_and_RISCV_Design/Code/Build/Fife/verilog/mkExtracter.v:152$640_Y [1] } = { $flatten\extracter2.$ternary$/teamspace/studios/this_studio/Melodica-Integration-into-Fife-Core/Learn_Bluespec_and_RISCV_Design/Code/Build/Fife/verilog/mkExtracter.v:152$640_Y [3] $flatten\extracter2.$ternary$/teamspace/studios/this_studio/Melodica-Integration-into-Fife-Core/Learn_Bluespec_and_RISCV_Design/Code/Build/Fife/verilog/mkExtracter.v:152$640_Y [3] $flatten\extracter2.$ternary$/teamspace/studios/this_studio/Melodica-Integration-into-Fife-Core/Learn_Bluespec_and_RISCV_Design/Code/Build/Fife/verilog/mkExtracter.v:152$640_Y [0] }
    Consolidated identical input bits for $mux cell $flatten\extracter2.$ternary$/teamspace/studios/this_studio/Melodica-Integration-into-Fife-Core/Learn_Bluespec_and_RISCV_Design/Code/Build/Fife/verilog/mkExtracter.v:166$646:
      Old ports: A=$flatten\extracter2.$ternary$/teamspace/studios/this_studio/Melodica-Integration-into-Fife-Core/Learn_Bluespec_and_RISCV_Design/Code/Build/Fife/verilog/mkExtracter.v:168$645_Y, B={ \extracter2.request_put [25:0] 3'000 }, Y=\extracter2.IF_INV_request_put_BITS_29_TO_25_XOR_SEXT_requ_ETC___d50
      New ports: A={ $flatten\extracter2.$ternary$/teamspace/studios/this_studio/Melodica-Integration-into-Fife-Core/Learn_Bluespec_and_RISCV_Design/Code/Build/Fife/verilog/mkExtracter.v:168$645_Y [28:4] 1'0 }, B=\extracter2.request_put [25:0], Y=\extracter2.IF_INV_request_put_BITS_29_TO_25_XOR_SEXT_requ_ETC___d50 [28:3]
      New connections: \extracter2.IF_INV_request_put_BITS_29_TO_25_XOR_SEXT_requ_ETC___d50 [2:0] = 3'000
    Consolidated identical input bits for $mux cell $flatten\ftop.$ternary$/teamspace/studios/this_studio/Melodica-Integration-into-Fife-Core/Learn_Bluespec_and_RISCV_Design/Code/Build/Fife/verilog/mkFtoP_PNE.v:136$691:
      Old ports: A={ $flatten\ftop.$ternary$/teamspace/studios/this_studio/Melodica-Integration-into-Fife-Core/Learn_Bluespec_and_RISCV_Design/Code/Build/Fife/verilog/mkFtoP_PNE.v:145$690_Y $flatten\ftop.$ne$/teamspace/studios/this_studio/Melodica-Integration-into-Fife-Core/Learn_Bluespec_and_RISCV_Design/Code/Build/Fife/verilog/mkFtoP_PNE.v:149$688_Y $flatten\ftop.$eq$/teamspace/studios/this_studio/Melodica-Integration-into-Fife-Core/Learn_Bluespec_and_RISCV_Design/Code/Build/Fife/verilog/mkFtoP_PNE.v:145$689_Y }, B={ 26'x $flatten\ftop.$shiftx$/teamspace/studios/this_studio/Melodica-Integration-into-Fife-Core/Learn_Bluespec_and_RISCV_Design/Code/Build/Fife/verilog/mkFtoP_PNE.v:0$686_Y 1'x }, Y=\ftop.IF_IF_SEXT__0_CONCAT_request_put_BITS_30_TO_23_ETC___d53
      New ports: A={ $flatten\ftop.$ternary$/teamspace/studios/this_studio/Melodica-Integration-into-Fife-Core/Learn_Bluespec_and_RISCV_Design/Code/Build/Fife/verilog/mkFtoP_PNE.v:145$690_Y [25:3] $flatten\ftop.$ternary$/teamspace/studios/this_studio/Melodica-Integration-into-Fife-Core/Learn_Bluespec_and_RISCV_Design/Code/Build/Fife/verilog/mkFtoP_PNE.v:145$690_Y [0] $flatten\ftop.$ne$/teamspace/studios/this_studio/Melodica-Integration-into-Fife-Core/Learn_Bluespec_and_RISCV_Design/Code/Build/Fife/verilog/mkFtoP_PNE.v:149$688_Y $flatten\ftop.$eq$/teamspace/studios/this_studio/Melodica-Integration-into-Fife-Core/Learn_Bluespec_and_RISCV_Design/Code/Build/Fife/verilog/mkFtoP_PNE.v:145$689_Y }, B={ 24'x $flatten\ftop.$shiftx$/teamspace/studios/this_studio/Melodica-Integration-into-Fife-Core/Learn_Bluespec_and_RISCV_Design/Code/Build/Fife/verilog/mkFtoP_PNE.v:0$686_Y 1'x }, Y={ \ftop.IF_IF_SEXT__0_CONCAT_request_put_BITS_30_TO_23_ETC___d53 [27:5] \ftop.IF_IF_SEXT__0_CONCAT_request_put_BITS_30_TO_23_ETC___d53 [2:0] }
      New connections: \ftop.IF_IF_SEXT__0_CONCAT_request_put_BITS_30_TO_23_ETC___d53 [4:3] = { \ftop.IF_IF_SEXT__0_CONCAT_request_put_BITS_30_TO_23_ETC___d53 [2] \ftop.IF_IF_SEXT__0_CONCAT_request_put_BITS_30_TO_23_ETC___d53 [2] }
    Consolidated identical input bits for $mux cell $flatten\quire.$ternary$/teamspace/studios/this_studio/Melodica-Integration-into-Fife-Core/Learn_Bluespec_and_RISCV_Design/Code/Build/Fife/verilog/mkQuire.v:1404$466:
      Old ports: A=3'100, B=$flatten\quire.$ternary$/teamspace/studios/this_studio/Melodica-Integration-into-Fife-Core/Learn_Bluespec_and_RISCV_Design/Code/Build/Fife/verilog/mkQuire.v:1406$465_Y, Y=\quire.IF_INV_vrg_quire_seg_zero_2_43_94_THEN_4_ELSE__ETC___d399
      New ports: A=2'00, B=$flatten\quire.$ternary$/teamspace/studios/this_studio/Melodica-Integration-into-Fife-Core/Learn_Bluespec_and_RISCV_Design/Code/Build/Fife/verilog/mkQuire.v:1406$465_Y [1:0], Y=\quire.IF_INV_vrg_quire_seg_zero_2_43_94_THEN_4_ELSE__ETC___d399 [1:0]
      New connections: \quire.IF_INV_vrg_quire_seg_zero_2_43_94_THEN_4_ELSE__ETC___d399 [2] = 1'1
    Consolidated identical input bits for $mux cell $flatten\quire.$ternary$/teamspace/studios/this_studio/Melodica-Integration-into-Fife-Core/Learn_Bluespec_and_RISCV_Design/Code/Build/Fife/verilog/mkQuire.v:1422$473:
      Old ports: A={ 32'00000000000000000000000000000000 \multiplier.ff_to_quire.D_OUT [196:5] }, B={ 1'1 \quire.instance_fn_twosC_quire_0.IF_fn_twosC_quire_quire_seg_zero_PLUS_1_BIT_6__ETC___d9 [30:0] \quire.instance_fn_twosC_quire_0.IF_fn_twosC_quire_quire_seg_zero_PLUS_1_BIT_5__ETC___d18 \quire.instance_fn_twosC_quire_0.IF_fn_twosC_quire_quire_seg_zero_PLUS_1_BIT_4__ETC___d26 \quire.instance_fn_twosC_quire_0.IF_fn_twosC_quire_quire_seg_zero_PLUS_1_BIT_3__ETC___d35 \quire.instance_fn_twosC_quire_0.IF_fn_twosC_quire_quire_seg_zero_PLUS_1_BIT_2__ETC___d43 \quire.instance_fn_twosC_quire_0.IF_fn_twosC_quire_quire_seg_zero_PLUS_1_BIT_1__ETC___d52 \quire.instance_fn_twosC_quire_0.IF_fn_twosC_quire_quire_seg_zero_PLUS_1_BIT_0__ETC___d60 }, Y=\quire.IF_accumulate_x_BIT_197_79_THEN_0b1_CONCAT_fn__ETC___d299
      New ports: A={ 2'00 \multiplier.ff_to_quire.D_OUT [196:5] }, B={ 1'1 \quire.instance_fn_twosC_quire_0.IF_fn_twosC_quire_quire_seg_zero_PLUS_1_BIT_6__ETC___d9 [0] \quire.instance_fn_twosC_quire_0.IF_fn_twosC_quire_quire_seg_zero_PLUS_1_BIT_5__ETC___d18 \quire.instance_fn_twosC_quire_0.IF_fn_twosC_quire_quire_seg_zero_PLUS_1_BIT_4__ETC___d26 \quire.instance_fn_twosC_quire_0.IF_fn_twosC_quire_quire_seg_zero_PLUS_1_BIT_3__ETC___d35 \quire.instance_fn_twosC_quire_0.IF_fn_twosC_quire_quire_seg_zero_PLUS_1_BIT_2__ETC___d43 \quire.instance_fn_twosC_quire_0.IF_fn_twosC_quire_quire_seg_zero_PLUS_1_BIT_1__ETC___d52 \quire.instance_fn_twosC_quire_0.IF_fn_twosC_quire_quire_seg_zero_PLUS_1_BIT_0__ETC___d60 }, Y={ \quire.IF_accumulate_x_BIT_197_79_THEN_0b1_CONCAT_fn__ETC___d299 [223] \quire.IF_accumulate_x_BIT_197_79_THEN_0b1_CONCAT_fn__ETC___d299 [192:0] }
      New connections: \quire.IF_accumulate_x_BIT_197_79_THEN_0b1_CONCAT_fn__ETC___d299 [222:193] = { \quire.IF_accumulate_x_BIT_197_79_THEN_0b1_CONCAT_fn__ETC___d299 [192] \quire.IF_accumulate_x_BIT_197_79_THEN_0b1_CONCAT_fn__ETC___d299 [192] \quire.IF_accumulate_x_BIT_197_79_THEN_0b1_CONCAT_fn__ETC___d299 [192] \quire.IF_accumulate_x_BIT_197_79_THEN_0b1_CONCAT_fn__ETC___d299 [192] \quire.IF_accumulate_x_BIT_197_79_THEN_0b1_CONCAT_fn__ETC___d299 [192] \quire.IF_accumulate_x_BIT_197_79_THEN_0b1_CONCAT_fn__ETC___d299 [192] \quire.IF_accumulate_x_BIT_197_79_THEN_0b1_CONCAT_fn__ETC___d299 [192] \quire.IF_accumulate_x_BIT_197_79_THEN_0b1_CONCAT_fn__ETC___d299 [192] \quire.IF_accumulate_x_BIT_197_79_THEN_0b1_CONCAT_fn__ETC___d299 [192] \quire.IF_accumulate_x_BIT_197_79_THEN_0b1_CONCAT_fn__ETC___d299 [192] \quire.IF_accumulate_x_BIT_197_79_THEN_0b1_CONCAT_fn__ETC___d299 [192] \quire.IF_accumulate_x_BIT_197_79_THEN_0b1_CONCAT_fn__ETC___d299 [192] \quire.IF_accumulate_x_BIT_197_79_THEN_0b1_CONCAT_fn__ETC___d299 [192] \quire.IF_accumulate_x_BIT_197_79_THEN_0b1_CONCAT_fn__ETC___d299 [192] \quire.IF_accumulate_x_BIT_197_79_THEN_0b1_CONCAT_fn__ETC___d299 [192] \quire.IF_accumulate_x_BIT_197_79_THEN_0b1_CONCAT_fn__ETC___d299 [192] \quire.IF_accumulate_x_BIT_197_79_THEN_0b1_CONCAT_fn__ETC___d299 [192] \quire.IF_accumulate_x_BIT_197_79_THEN_0b1_CONCAT_fn__ETC___d299 [192] \quire.IF_accumulate_x_BIT_197_79_THEN_0b1_CONCAT_fn__ETC___d299 [192] \quire.IF_accumulate_x_BIT_197_79_THEN_0b1_CONCAT_fn__ETC___d299 [192] \quire.IF_accumulate_x_BIT_197_79_THEN_0b1_CONCAT_fn__ETC___d299 [192] \quire.IF_accumulate_x_BIT_197_79_THEN_0b1_CONCAT_fn__ETC___d299 [192] \quire.IF_accumulate_x_BIT_197_79_THEN_0b1_CONCAT_fn__ETC___d299 [192] \quire.IF_accumulate_x_BIT_197_79_THEN_0b1_CONCAT_fn__ETC___d299 [192] \quire.IF_accumulate_x_BIT_197_79_THEN_0b1_CONCAT_fn__ETC___d299 [192] \quire.IF_accumulate_x_BIT_197_79_THEN_0b1_CONCAT_fn__ETC___d299 [192] \quire.IF_accumulate_x_BIT_197_79_THEN_0b1_CONCAT_fn__ETC___d299 [192] \quire.IF_accumulate_x_BIT_197_79_THEN_0b1_CONCAT_fn__ETC___d299 [192] \quire.IF_accumulate_x_BIT_197_79_THEN_0b1_CONCAT_fn__ETC___d299 [192] \quire.IF_accumulate_x_BIT_197_79_THEN_0b1_CONCAT_fn__ETC___d299 [192] }
    Consolidated identical input bits for $mux cell $flatten\quire.$ternary$/teamspace/studios/this_studio/Melodica-Integration-into-Fife-Core/Learn_Bluespec_and_RISCV_Design/Code/Build/Fife/verilog/mkQuire.v:1653$535:
      Old ports: A=$flatten\quire.$ternary$/teamspace/studios/this_studio/Melodica-Integration-into-Fife-Core/Learn_Bluespec_and_RISCV_Design/Code/Build/Fife/verilog/mkQuire.v:1655$534_Y, B=6'011110, Y=$flatten\quire.$ternary$/teamspace/studios/this_studio/Melodica-Integration-into-Fife-Core/Learn_Bluespec_and_RISCV_Design/Code/Build/Fife/verilog/mkQuire.v:1653$535_Y
      New ports: A={ $flatten\quire.$ternary$/teamspace/studios/this_studio/Melodica-Integration-into-Fife-Core/Learn_Bluespec_and_RISCV_Design/Code/Build/Fife/verilog/mkQuire.v:1655$534_Y [5] $flatten\quire.$ternary$/teamspace/studios/this_studio/Melodica-Integration-into-Fife-Core/Learn_Bluespec_and_RISCV_Design/Code/Build/Fife/verilog/mkQuire.v:1655$534_Y [0] $flatten\quire.$ternary$/teamspace/studios/this_studio/Melodica-Integration-into-Fife-Core/Learn_Bluespec_and_RISCV_Design/Code/Build/Fife/verilog/mkQuire.v:1655$534_Y [0] }, B=3'010, Y={ $flatten\quire.$ternary$/teamspace/studios/this_studio/Melodica-Integration-into-Fife-Core/Learn_Bluespec_and_RISCV_Design/Code/Build/Fife/verilog/mkQuire.v:1653$535_Y [5] $flatten\quire.$ternary$/teamspace/studios/this_studio/Melodica-Integration-into-Fife-Core/Learn_Bluespec_and_RISCV_Design/Code/Build/Fife/verilog/mkQuire.v:1653$535_Y [1:0] }
      New connections: $flatten\quire.$ternary$/teamspace/studios/this_studio/Melodica-Integration-into-Fife-Core/Learn_Bluespec_and_RISCV_Design/Code/Build/Fife/verilog/mkQuire.v:1653$535_Y [4:2] = { $flatten\quire.$ternary$/teamspace/studios/this_studio/Melodica-Integration-into-Fife-Core/Learn_Bluespec_and_RISCV_Design/Code/Build/Fife/verilog/mkQuire.v:1653$535_Y [1] $flatten\quire.$ternary$/teamspace/studios/this_studio/Melodica-Integration-into-Fife-Core/Learn_Bluespec_and_RISCV_Design/Code/Build/Fife/verilog/mkQuire.v:1653$535_Y [1] $flatten\quire.$ternary$/teamspace/studios/this_studio/Melodica-Integration-into-Fife-Core/Learn_Bluespec_and_RISCV_Design/Code/Build/Fife/verilog/mkQuire.v:1653$535_Y [1] }
    Consolidated identical input bits for $mux cell $flatten\quire.$ternary$/teamspace/studios/this_studio/Melodica-Integration-into-Fife-Core/Learn_Bluespec_and_RISCV_Design/Code/Build/Fife/verilog/mkQuire.v:816$223:
      Old ports: A=0, B={ 1'1 \quire.instance_fn_twosC_quire_2.IF_fn_twosC_quire_quire_seg_zero_PLUS_1_BIT_6__ETC___d9 [30:0] }, Y=\quire.MUX_vrg_quire_6$write_1__VAL_2
      New ports: A=2'00, B={ 1'1 \quire.instance_fn_twosC_quire_2.IF_fn_twosC_quire_quire_seg_zero_PLUS_1_BIT_6__ETC___d9 [0] }, Y={ \quire.MUX_vrg_quire_6$write_1__VAL_2 [31] \quire.MUX_vrg_quire_6$write_1__VAL_2 [0] }
      New connections: \quire.MUX_vrg_quire_6$write_1__VAL_2 [30:1] = { \quire.MUX_vrg_quire_6$write_1__VAL_2 [0] \quire.MUX_vrg_quire_6$write_1__VAL_2 [0] \quire.MUX_vrg_quire_6$write_1__VAL_2 [0] \quire.MUX_vrg_quire_6$write_1__VAL_2 [0] \quire.MUX_vrg_quire_6$write_1__VAL_2 [0] \quire.MUX_vrg_quire_6$write_1__VAL_2 [0] \quire.MUX_vrg_quire_6$write_1__VAL_2 [0] \quire.MUX_vrg_quire_6$write_1__VAL_2 [0] \quire.MUX_vrg_quire_6$write_1__VAL_2 [0] \quire.MUX_vrg_quire_6$write_1__VAL_2 [0] \quire.MUX_vrg_quire_6$write_1__VAL_2 [0] \quire.MUX_vrg_quire_6$write_1__VAL_2 [0] \quire.MUX_vrg_quire_6$write_1__VAL_2 [0] \quire.MUX_vrg_quire_6$write_1__VAL_2 [0] \quire.MUX_vrg_quire_6$write_1__VAL_2 [0] \quire.MUX_vrg_quire_6$write_1__VAL_2 [0] \quire.MUX_vrg_quire_6$write_1__VAL_2 [0] \quire.MUX_vrg_quire_6$write_1__VAL_2 [0] \quire.MUX_vrg_quire_6$write_1__VAL_2 [0] \quire.MUX_vrg_quire_6$write_1__VAL_2 [0] \quire.MUX_vrg_quire_6$write_1__VAL_2 [0] \quire.MUX_vrg_quire_6$write_1__VAL_2 [0] \quire.MUX_vrg_quire_6$write_1__VAL_2 [0] \quire.MUX_vrg_quire_6$write_1__VAL_2 [0] \quire.MUX_vrg_quire_6$write_1__VAL_2 [0] \quire.MUX_vrg_quire_6$write_1__VAL_2 [0] \quire.MUX_vrg_quire_6$write_1__VAL_2 [0] \quire.MUX_vrg_quire_6$write_1__VAL_2 [0] \quire.MUX_vrg_quire_6$write_1__VAL_2 [0] \quire.MUX_vrg_quire_6$write_1__VAL_2 [0] }
  Optimizing cells in module \mkPositCore.
    Consolidated identical input bits for $mux cell $memory$flatten\normalizer.$auto$proc_rom.cc:150:do_switch$1129$rdmux[0][1][1]$2909:
      Old ports: A=$memory$flatten\normalizer.$auto$proc_rom.cc:150:do_switch$1129$rdmux[0][1][1]$a$2910, B=6'000001, Y=$memory$flatten\normalizer.$auto$proc_rom.cc:150:do_switch$1129$rdmux[0][0][0]$b$2905
      New ports: A=$memory$flatten\normalizer.$auto$proc_rom.cc:150:do_switch$1129$rdmux[0][1][1]$a$2910 [0], B=1'1, Y=$memory$flatten\normalizer.$auto$proc_rom.cc:150:do_switch$1129$rdmux[0][0][0]$b$2905 [0]
      New connections: $memory$flatten\normalizer.$auto$proc_rom.cc:150:do_switch$1129$rdmux[0][0][0]$b$2905 [5:1] = 5'00000
    Consolidated identical input bits for $mux cell $flatten\extracter1.$ternary$/teamspace/studios/this_studio/Melodica-Integration-into-Fife-Core/Learn_Bluespec_and_RISCV_Design/Code/Build/Fife/verilog/mkExtracter.v:148$641:
      Old ports: A=$flatten\extracter1.$ternary$/teamspace/studios/this_studio/Melodica-Integration-into-Fife-Core/Learn_Bluespec_and_RISCV_Design/Code/Build/Fife/verilog/mkExtracter.v:152$640_Y, B=$flatten\extracter1.$ternary$/teamspace/studios/this_studio/Melodica-Integration-into-Fife-Core/Learn_Bluespec_and_RISCV_Design/Code/Build/Fife/verilog/mkExtracter.v:149$637_Y, Y=\extracter1.IF_INV_request_put_BITS_29_TO_25_XOR_SEXT_requ_ETC___d32
      New ports: A={ $flatten\extracter1.$ternary$/teamspace/studios/this_studio/Melodica-Integration-into-Fife-Core/Learn_Bluespec_and_RISCV_Design/Code/Build/Fife/verilog/mkExtracter.v:152$640_Y [3:2] $flatten\extracter1.$ternary$/teamspace/studios/this_studio/Melodica-Integration-into-Fife-Core/Learn_Bluespec_and_RISCV_Design/Code/Build/Fife/verilog/mkExtracter.v:152$640_Y [0] $flatten\extracter1.$ternary$/teamspace/studios/this_studio/Melodica-Integration-into-Fife-Core/Learn_Bluespec_and_RISCV_Design/Code/Build/Fife/verilog/mkExtracter.v:152$640_Y [0] }, B={ $flatten\extracter1.$ternary$/teamspace/studios/this_studio/Melodica-Integration-into-Fife-Core/Learn_Bluespec_and_RISCV_Design/Code/Build/Fife/verilog/mkExtracter.v:149$637_Y [0] $flatten\extracter1.$ternary$/teamspace/studios/this_studio/Melodica-Integration-into-Fife-Core/Learn_Bluespec_and_RISCV_Design/Code/Build/Fife/verilog/mkExtracter.v:149$637_Y [0] $flatten\extracter1.$ternary$/teamspace/studios/this_studio/Melodica-Integration-into-Fife-Core/Learn_Bluespec_and_RISCV_Design/Code/Build/Fife/verilog/mkExtracter.v:149$637_Y [1:0] }, Y=\extracter1.IF_INV_request_put_BITS_29_TO_25_XOR_SEXT_requ_ETC___d32 [3:0]
      New connections: \extracter1.IF_INV_request_put_BITS_29_TO_25_XOR_SEXT_requ_ETC___d32 [5:4] = { \extracter1.IF_INV_request_put_BITS_29_TO_25_XOR_SEXT_requ_ETC___d32 [3] \extracter1.IF_INV_request_put_BITS_29_TO_25_XOR_SEXT_requ_ETC___d32 [3] }
    Consolidated identical input bits for $mux cell $flatten\extracter1.$ternary$/teamspace/studios/this_studio/Melodica-Integration-into-Fife-Core/Learn_Bluespec_and_RISCV_Design/Code/Build/Fife/verilog/mkExtracter.v:172$647:
      Old ports: A=\extracter1.IF_INV_request_put_BITS_29_TO_25_XOR_SEXT_requ_ETC___d50, B={ \ffI.data0_reg [98:72] 2'00 }, Y=$flatten\extracter1.$ternary$/teamspace/studios/this_studio/Melodica-Integration-into-Fife-Core/Learn_Bluespec_and_RISCV_Design/Code/Build/Fife/verilog/mkExtracter.v:172$647_Y
      New ports: A={ \extracter1.IF_INV_request_put_BITS_29_TO_25_XOR_SEXT_requ_ETC___d50 [28:3] 1'0 }, B=\ffI.data0_reg [98:72], Y=$flatten\extracter1.$ternary$/teamspace/studios/this_studio/Melodica-Integration-into-Fife-Core/Learn_Bluespec_and_RISCV_Design/Code/Build/Fife/verilog/mkExtracter.v:172$647_Y [28:2]
      New connections: $flatten\extracter1.$ternary$/teamspace/studios/this_studio/Melodica-Integration-into-Fife-Core/Learn_Bluespec_and_RISCV_Design/Code/Build/Fife/verilog/mkExtracter.v:172$647_Y [1:0] = 2'00
    Consolidated identical input bits for $mux cell $flatten\extracter2.$ternary$/teamspace/studios/this_studio/Melodica-Integration-into-Fife-Core/Learn_Bluespec_and_RISCV_Design/Code/Build/Fife/verilog/mkExtracter.v:148$641:
      Old ports: A=$flatten\extracter2.$ternary$/teamspace/studios/this_studio/Melodica-Integration-into-Fife-Core/Learn_Bluespec_and_RISCV_Design/Code/Build/Fife/verilog/mkExtracter.v:152$640_Y, B=$auto$wreduce.cc:461:run$2344, Y=\extracter2.IF_INV_request_put_BITS_29_TO_25_XOR_SEXT_requ_ETC___d32
      New ports: A={ $flatten\extracter2.$ternary$/teamspace/studios/this_studio/Melodica-Integration-into-Fife-Core/Learn_Bluespec_and_RISCV_Design/Code/Build/Fife/verilog/mkExtracter.v:152$640_Y [3:2] $flatten\extracter2.$ternary$/teamspace/studios/this_studio/Melodica-Integration-into-Fife-Core/Learn_Bluespec_and_RISCV_Design/Code/Build/Fife/verilog/mkExtracter.v:152$640_Y [0] $flatten\extracter2.$ternary$/teamspace/studios/this_studio/Melodica-Integration-into-Fife-Core/Learn_Bluespec_and_RISCV_Design/Code/Build/Fife/verilog/mkExtracter.v:152$640_Y [0] }, B={ $auto$wreduce.cc:461:run$2344 [0] $auto$wreduce.cc:461:run$2344 [0] $auto$wreduce.cc:461:run$2344 [1:0] }, Y=\extracter2.IF_INV_request_put_BITS_29_TO_25_XOR_SEXT_requ_ETC___d32 [3:0]
      New connections: \extracter2.IF_INV_request_put_BITS_29_TO_25_XOR_SEXT_requ_ETC___d32 [5:4] = { \extracter2.IF_INV_request_put_BITS_29_TO_25_XOR_SEXT_requ_ETC___d32 [3] \extracter2.IF_INV_request_put_BITS_29_TO_25_XOR_SEXT_requ_ETC___d32 [3] }
    Consolidated identical input bits for $mux cell $flatten\extracter2.$ternary$/teamspace/studios/this_studio/Melodica-Integration-into-Fife-Core/Learn_Bluespec_and_RISCV_Design/Code/Build/Fife/verilog/mkExtracter.v:172$647:
      Old ports: A=\extracter2.IF_INV_request_put_BITS_29_TO_25_XOR_SEXT_requ_ETC___d50, B={ \extracter2.request_put [26:0] 2'00 }, Y=$flatten\extracter2.$ternary$/teamspace/studios/this_studio/Melodica-Integration-into-Fife-Core/Learn_Bluespec_and_RISCV_Design/Code/Build/Fife/verilog/mkExtracter.v:172$647_Y
      New ports: A={ \extracter2.IF_INV_request_put_BITS_29_TO_25_XOR_SEXT_requ_ETC___d50 [28:3] 1'0 }, B=\extracter2.request_put [26:0], Y=$flatten\extracter2.$ternary$/teamspace/studios/this_studio/Melodica-Integration-into-Fife-Core/Learn_Bluespec_and_RISCV_Design/Code/Build/Fife/verilog/mkExtracter.v:172$647_Y [28:2]
      New connections: $flatten\extracter2.$ternary$/teamspace/studios/this_studio/Melodica-Integration-into-Fife-Core/Learn_Bluespec_and_RISCV_Design/Code/Build/Fife/verilog/mkExtracter.v:172$647_Y [1:0] = 2'00
    Consolidated identical input bits for $mux cell $flatten\quire.$ternary$/teamspace/studios/this_studio/Melodica-Integration-into-Fife-Core/Learn_Bluespec_and_RISCV_Design/Code/Build/Fife/verilog/mkQuire.v:1651$536:
      Old ports: A=$flatten\quire.$ternary$/teamspace/studios/this_studio/Melodica-Integration-into-Fife-Core/Learn_Bluespec_and_RISCV_Design/Code/Build/Fife/verilog/mkQuire.v:1653$535_Y, B=6'011101, Y=$flatten\quire.$ternary$/teamspace/studios/this_studio/Melodica-Integration-into-Fife-Core/Learn_Bluespec_and_RISCV_Design/Code/Build/Fife/verilog/mkQuire.v:1651$536_Y
      New ports: A={ $flatten\quire.$ternary$/teamspace/studios/this_studio/Melodica-Integration-into-Fife-Core/Learn_Bluespec_and_RISCV_Design/Code/Build/Fife/verilog/mkQuire.v:1653$535_Y [5] $flatten\quire.$ternary$/teamspace/studios/this_studio/Melodica-Integration-into-Fife-Core/Learn_Bluespec_and_RISCV_Design/Code/Build/Fife/verilog/mkQuire.v:1653$535_Y [1] $flatten\quire.$ternary$/teamspace/studios/this_studio/Melodica-Integration-into-Fife-Core/Learn_Bluespec_and_RISCV_Design/Code/Build/Fife/verilog/mkQuire.v:1653$535_Y [1:0] }, B=4'0101, Y={ $flatten\quire.$ternary$/teamspace/studios/this_studio/Melodica-Integration-into-Fife-Core/Learn_Bluespec_and_RISCV_Design/Code/Build/Fife/verilog/mkQuire.v:1651$536_Y [5] $flatten\quire.$ternary$/teamspace/studios/this_studio/Melodica-Integration-into-Fife-Core/Learn_Bluespec_and_RISCV_Design/Code/Build/Fife/verilog/mkQuire.v:1651$536_Y [2:0] }
      New connections: $flatten\quire.$ternary$/teamspace/studios/this_studio/Melodica-Integration-into-Fife-Core/Learn_Bluespec_and_RISCV_Design/Code/Build/Fife/verilog/mkQuire.v:1651$536_Y [4:3] = { $flatten\quire.$ternary$/teamspace/studios/this_studio/Melodica-Integration-into-Fife-Core/Learn_Bluespec_and_RISCV_Design/Code/Build/Fife/verilog/mkQuire.v:1651$536_Y [2] $flatten\quire.$ternary$/teamspace/studios/this_studio/Melodica-Integration-into-Fife-Core/Learn_Bluespec_and_RISCV_Design/Code/Build/Fife/verilog/mkQuire.v:1651$536_Y [2] }
  Optimizing cells in module \mkPositCore.
    Consolidated identical input bits for $mux cell $flatten\extracter1.$ternary$/teamspace/studios/this_studio/Melodica-Integration-into-Fife-Core/Learn_Bluespec_and_RISCV_Design/Code/Build/Fife/verilog/mkExtracter.v:160$643:
      Old ports: A=\extracter1.IF_INV_request_put_BITS_29_TO_25_XOR_SEXT_requ_ETC___d32, B=$flatten\extracter1.$ternary$/teamspace/studios/this_studio/Melodica-Integration-into-Fife-Core/Learn_Bluespec_and_RISCV_Design/Code/Build/Fife/verilog/mkExtracter.v:161$642_Y, Y=\extracter1.IF_INV_request_put_BITS_29_TO_25_XOR_SEXT_requ_ETC___d33
      New ports: A=\extracter1.IF_INV_request_put_BITS_29_TO_25_XOR_SEXT_requ_ETC___d32 [3:0], B={ $flatten\extracter1.$ternary$/teamspace/studios/this_studio/Melodica-Integration-into-Fife-Core/Learn_Bluespec_and_RISCV_Design/Code/Build/Fife/verilog/mkExtracter.v:161$642_Y [1] $flatten\extracter1.$ternary$/teamspace/studios/this_studio/Melodica-Integration-into-Fife-Core/Learn_Bluespec_and_RISCV_Design/Code/Build/Fife/verilog/mkExtracter.v:161$642_Y [1] $flatten\extracter1.$ternary$/teamspace/studios/this_studio/Melodica-Integration-into-Fife-Core/Learn_Bluespec_and_RISCV_Design/Code/Build/Fife/verilog/mkExtracter.v:161$642_Y [1:0] }, Y=\extracter1.IF_INV_request_put_BITS_29_TO_25_XOR_SEXT_requ_ETC___d33 [3:0]
      New connections: \extracter1.IF_INV_request_put_BITS_29_TO_25_XOR_SEXT_requ_ETC___d33 [5:4] = { \extracter1.IF_INV_request_put_BITS_29_TO_25_XOR_SEXT_requ_ETC___d33 [3] \extracter1.IF_INV_request_put_BITS_29_TO_25_XOR_SEXT_requ_ETC___d33 [3] }
    Consolidated identical input bits for $mux cell $flatten\extracter1.$ternary$/teamspace/studios/this_studio/Melodica-Integration-into-Fife-Core/Learn_Bluespec_and_RISCV_Design/Code/Build/Fife/verilog/mkExtracter.v:170$648:
      Old ports: A=$flatten\extracter1.$ternary$/teamspace/studios/this_studio/Melodica-Integration-into-Fife-Core/Learn_Bluespec_and_RISCV_Design/Code/Build/Fife/verilog/mkExtracter.v:172$647_Y, B={ \ffI.data0_reg [99:72] 1'0 }, Y=\extracter1.IF_INV_request_put_BITS_29_TO_25_XOR_SEXT_requ_ETC___d52
      New ports: A={ $flatten\extracter1.$ternary$/teamspace/studios/this_studio/Melodica-Integration-into-Fife-Core/Learn_Bluespec_and_RISCV_Design/Code/Build/Fife/verilog/mkExtracter.v:172$647_Y [28:2] 1'0 }, B=\ffI.data0_reg [99:72], Y=\extracter1.IF_INV_request_put_BITS_29_TO_25_XOR_SEXT_requ_ETC___d52 [28:1]
      New connections: \extracter1.IF_INV_request_put_BITS_29_TO_25_XOR_SEXT_requ_ETC___d52 [0] = 1'0
    Consolidated identical input bits for $mux cell $flatten\extracter2.$ternary$/teamspace/studios/this_studio/Melodica-Integration-into-Fife-Core/Learn_Bluespec_and_RISCV_Design/Code/Build/Fife/verilog/mkExtracter.v:160$643:
      Old ports: A=\extracter2.IF_INV_request_put_BITS_29_TO_25_XOR_SEXT_requ_ETC___d32, B=$flatten\extracter2.$ternary$/teamspace/studios/this_studio/Melodica-Integration-into-Fife-Core/Learn_Bluespec_and_RISCV_Design/Code/Build/Fife/verilog/mkExtracter.v:161$642_Y, Y=\extracter2.IF_INV_request_put_BITS_29_TO_25_XOR_SEXT_requ_ETC___d33
      New ports: A=\extracter2.IF_INV_request_put_BITS_29_TO_25_XOR_SEXT_requ_ETC___d32 [3:0], B={ $flatten\extracter2.$ternary$/teamspace/studios/this_studio/Melodica-Integration-into-Fife-Core/Learn_Bluespec_and_RISCV_Design/Code/Build/Fife/verilog/mkExtracter.v:161$642_Y [1] $flatten\extracter2.$ternary$/teamspace/studios/this_studio/Melodica-Integration-into-Fife-Core/Learn_Bluespec_and_RISCV_Design/Code/Build/Fife/verilog/mkExtracter.v:161$642_Y [1] $flatten\extracter2.$ternary$/teamspace/studios/this_studio/Melodica-Integration-into-Fife-Core/Learn_Bluespec_and_RISCV_Design/Code/Build/Fife/verilog/mkExtracter.v:161$642_Y [1:0] }, Y=\extracter2.IF_INV_request_put_BITS_29_TO_25_XOR_SEXT_requ_ETC___d33 [3:0]
      New connections: \extracter2.IF_INV_request_put_BITS_29_TO_25_XOR_SEXT_requ_ETC___d33 [5:4] = { \extracter2.IF_INV_request_put_BITS_29_TO_25_XOR_SEXT_requ_ETC___d33 [3] \extracter2.IF_INV_request_put_BITS_29_TO_25_XOR_SEXT_requ_ETC___d33 [3] }
    Consolidated identical input bits for $mux cell $flatten\extracter2.$ternary$/teamspace/studios/this_studio/Melodica-Integration-into-Fife-Core/Learn_Bluespec_and_RISCV_Design/Code/Build/Fife/verilog/mkExtracter.v:170$648:
      Old ports: A=$flatten\extracter2.$ternary$/teamspace/studios/this_studio/Melodica-Integration-into-Fife-Core/Learn_Bluespec_and_RISCV_Design/Code/Build/Fife/verilog/mkExtracter.v:172$647_Y, B={ \extracter2.request_put [27:0] 1'0 }, Y=\extracter2.IF_INV_request_put_BITS_29_TO_25_XOR_SEXT_requ_ETC___d52
      New ports: A={ $flatten\extracter2.$ternary$/teamspace/studios/this_studio/Melodica-Integration-into-Fife-Core/Learn_Bluespec_and_RISCV_Design/Code/Build/Fife/verilog/mkExtracter.v:172$647_Y [28:2] 1'0 }, B=\extracter2.request_put [27:0], Y=\extracter2.IF_INV_request_put_BITS_29_TO_25_XOR_SEXT_requ_ETC___d52 [28:1]
      New connections: \extracter2.IF_INV_request_put_BITS_29_TO_25_XOR_SEXT_requ_ETC___d52 [0] = 1'0
    Consolidated identical input bits for $mux cell $flatten\quire.$ternary$/teamspace/studios/this_studio/Melodica-Integration-into-Fife-Core/Learn_Bluespec_and_RISCV_Design/Code/Build/Fife/verilog/mkQuire.v:1649$537:
      Old ports: A=$flatten\quire.$ternary$/teamspace/studios/this_studio/Melodica-Integration-into-Fife-Core/Learn_Bluespec_and_RISCV_Design/Code/Build/Fife/verilog/mkQuire.v:1651$536_Y, B=6'011100, Y=$flatten\quire.$ternary$/teamspace/studios/this_studio/Melodica-Integration-into-Fife-Core/Learn_Bluespec_and_RISCV_Design/Code/Build/Fife/verilog/mkQuire.v:1649$537_Y
      New ports: A={ $flatten\quire.$ternary$/teamspace/studios/this_studio/Melodica-Integration-into-Fife-Core/Learn_Bluespec_and_RISCV_Design/Code/Build/Fife/verilog/mkQuire.v:1651$536_Y [5] $flatten\quire.$ternary$/teamspace/studios/this_studio/Melodica-Integration-into-Fife-Core/Learn_Bluespec_and_RISCV_Design/Code/Build/Fife/verilog/mkQuire.v:1651$536_Y [2:0] }, B=4'0100, Y={ $flatten\quire.$ternary$/teamspace/studios/this_studio/Melodica-Integration-into-Fife-Core/Learn_Bluespec_and_RISCV_Design/Code/Build/Fife/verilog/mkQuire.v:1649$537_Y [5] $flatten\quire.$ternary$/teamspace/studios/this_studio/Melodica-Integration-into-Fife-Core/Learn_Bluespec_and_RISCV_Design/Code/Build/Fife/verilog/mkQuire.v:1649$537_Y [2:0] }
      New connections: $flatten\quire.$ternary$/teamspace/studios/this_studio/Melodica-Integration-into-Fife-Core/Learn_Bluespec_and_RISCV_Design/Code/Build/Fife/verilog/mkQuire.v:1649$537_Y [4:3] = { $flatten\quire.$ternary$/teamspace/studios/this_studio/Melodica-Integration-into-Fife-Core/Learn_Bluespec_and_RISCV_Design/Code/Build/Fife/verilog/mkQuire.v:1649$537_Y [2] $flatten\quire.$ternary$/teamspace/studios/this_studio/Melodica-Integration-into-Fife-Core/Learn_Bluespec_and_RISCV_Design/Code/Build/Fife/verilog/mkQuire.v:1649$537_Y [2] }
  Optimizing cells in module \mkPositCore.
    Consolidated identical input bits for $mux cell $flatten\extracter1.$ternary$/teamspace/studios/this_studio/Melodica-Integration-into-Fife-Core/Learn_Bluespec_and_RISCV_Design/Code/Build/Fife/verilog/mkExtracter.v:176$650:
      Old ports: A=\extracter1.IF_INV_request_put_BITS_29_TO_25_XOR_SEXT_requ_ETC___d33, B=$flatten\extracter1.$ternary$/teamspace/studios/this_studio/Melodica-Integration-into-Fife-Core/Learn_Bluespec_and_RISCV_Design/Code/Build/Fife/verilog/mkExtracter.v:177$649_Y, Y=\extracter1.IF_request_put_BITS_29_TO_25_XOR_SEXT_request__ETC___d34
      New ports: A=\extracter1.IF_INV_request_put_BITS_29_TO_25_XOR_SEXT_requ_ETC___d33 [3:0], B={ $flatten\extracter1.$ternary$/teamspace/studios/this_studio/Melodica-Integration-into-Fife-Core/Learn_Bluespec_and_RISCV_Design/Code/Build/Fife/verilog/mkExtracter.v:177$649_Y [0] $flatten\extracter1.$ternary$/teamspace/studios/this_studio/Melodica-Integration-into-Fife-Core/Learn_Bluespec_and_RISCV_Design/Code/Build/Fife/verilog/mkExtracter.v:177$649_Y [0] $flatten\extracter1.$ternary$/teamspace/studios/this_studio/Melodica-Integration-into-Fife-Core/Learn_Bluespec_and_RISCV_Design/Code/Build/Fife/verilog/mkExtracter.v:177$649_Y [0] $flatten\extracter1.$ternary$/teamspace/studios/this_studio/Melodica-Integration-into-Fife-Core/Learn_Bluespec_and_RISCV_Design/Code/Build/Fife/verilog/mkExtracter.v:177$649_Y [0] }, Y=\extracter1.IF_request_put_BITS_29_TO_25_XOR_SEXT_request__ETC___d34 [3:0]
      New connections: \extracter1.IF_request_put_BITS_29_TO_25_XOR_SEXT_request__ETC___d34 [5:4] = { \extracter1.IF_request_put_BITS_29_TO_25_XOR_SEXT_request__ETC___d34 [3] \extracter1.IF_request_put_BITS_29_TO_25_XOR_SEXT_request__ETC___d34 [3] }
    Consolidated identical input bits for $mux cell $flatten\extracter2.$ternary$/teamspace/studios/this_studio/Melodica-Integration-into-Fife-Core/Learn_Bluespec_and_RISCV_Design/Code/Build/Fife/verilog/mkExtracter.v:176$650:
      Old ports: A=\extracter2.IF_INV_request_put_BITS_29_TO_25_XOR_SEXT_requ_ETC___d33, B=$flatten\extracter2.$ternary$/teamspace/studios/this_studio/Melodica-Integration-into-Fife-Core/Learn_Bluespec_and_RISCV_Design/Code/Build/Fife/verilog/mkExtracter.v:177$649_Y, Y=\extracter2.IF_request_put_BITS_29_TO_25_XOR_SEXT_request__ETC___d34
      New ports: A=\extracter2.IF_INV_request_put_BITS_29_TO_25_XOR_SEXT_requ_ETC___d33 [3:0], B={ $flatten\extracter2.$ternary$/teamspace/studios/this_studio/Melodica-Integration-into-Fife-Core/Learn_Bluespec_and_RISCV_Design/Code/Build/Fife/verilog/mkExtracter.v:177$649_Y [0] $flatten\extracter2.$ternary$/teamspace/studios/this_studio/Melodica-Integration-into-Fife-Core/Learn_Bluespec_and_RISCV_Design/Code/Build/Fife/verilog/mkExtracter.v:177$649_Y [0] $flatten\extracter2.$ternary$/teamspace/studios/this_studio/Melodica-Integration-into-Fife-Core/Learn_Bluespec_and_RISCV_Design/Code/Build/Fife/verilog/mkExtracter.v:177$649_Y [0] $flatten\extracter2.$ternary$/teamspace/studios/this_studio/Melodica-Integration-into-Fife-Core/Learn_Bluespec_and_RISCV_Design/Code/Build/Fife/verilog/mkExtracter.v:177$649_Y [0] }, Y=\extracter2.IF_request_put_BITS_29_TO_25_XOR_SEXT_request__ETC___d34 [3:0]
      New connections: \extracter2.IF_request_put_BITS_29_TO_25_XOR_SEXT_request__ETC___d34 [5:4] = { \extracter2.IF_request_put_BITS_29_TO_25_XOR_SEXT_request__ETC___d34 [3] \extracter2.IF_request_put_BITS_29_TO_25_XOR_SEXT_request__ETC___d34 [3] }
    Consolidated identical input bits for $mux cell $flatten\quire.$ternary$/teamspace/studios/this_studio/Melodica-Integration-into-Fife-Core/Learn_Bluespec_and_RISCV_Design/Code/Build/Fife/verilog/mkQuire.v:1647$538:
      Old ports: A=$flatten\quire.$ternary$/teamspace/studios/this_studio/Melodica-Integration-into-Fife-Core/Learn_Bluespec_and_RISCV_Design/Code/Build/Fife/verilog/mkQuire.v:1649$537_Y, B=6'011011, Y=$flatten\quire.$ternary$/teamspace/studios/this_studio/Melodica-Integration-into-Fife-Core/Learn_Bluespec_and_RISCV_Design/Code/Build/Fife/verilog/mkQuire.v:1647$538_Y
      New ports: A={ $flatten\quire.$ternary$/teamspace/studios/this_studio/Melodica-Integration-into-Fife-Core/Learn_Bluespec_and_RISCV_Design/Code/Build/Fife/verilog/mkQuire.v:1649$537_Y [5] $flatten\quire.$ternary$/teamspace/studios/this_studio/Melodica-Integration-into-Fife-Core/Learn_Bluespec_and_RISCV_Design/Code/Build/Fife/verilog/mkQuire.v:1649$537_Y [2] $flatten\quire.$ternary$/teamspace/studios/this_studio/Melodica-Integration-into-Fife-Core/Learn_Bluespec_and_RISCV_Design/Code/Build/Fife/verilog/mkQuire.v:1649$537_Y [2:0] }, B=5'01011, Y={ $flatten\quire.$ternary$/teamspace/studios/this_studio/Melodica-Integration-into-Fife-Core/Learn_Bluespec_and_RISCV_Design/Code/Build/Fife/verilog/mkQuire.v:1647$538_Y [5] $flatten\quire.$ternary$/teamspace/studios/this_studio/Melodica-Integration-into-Fife-Core/Learn_Bluespec_and_RISCV_Design/Code/Build/Fife/verilog/mkQuire.v:1647$538_Y [3:0] }
      New connections: $flatten\quire.$ternary$/teamspace/studios/this_studio/Melodica-Integration-into-Fife-Core/Learn_Bluespec_and_RISCV_Design/Code/Build/Fife/verilog/mkQuire.v:1647$538_Y [4] = $flatten\quire.$ternary$/teamspace/studios/this_studio/Melodica-Integration-into-Fife-Core/Learn_Bluespec_and_RISCV_Design/Code/Build/Fife/verilog/mkQuire.v:1647$538_Y [3]
  Optimizing cells in module \mkPositCore.
    Consolidated identical input bits for $mux cell $flatten\quire.$ternary$/teamspace/studios/this_studio/Melodica-Integration-into-Fife-Core/Learn_Bluespec_and_RISCV_Design/Code/Build/Fife/verilog/mkQuire.v:1645$539:
      Old ports: A=$flatten\quire.$ternary$/teamspace/studios/this_studio/Melodica-Integration-into-Fife-Core/Learn_Bluespec_and_RISCV_Design/Code/Build/Fife/verilog/mkQuire.v:1647$538_Y, B=6'011010, Y=$flatten\quire.$ternary$/teamspace/studios/this_studio/Melodica-Integration-into-Fife-Core/Learn_Bluespec_and_RISCV_Design/Code/Build/Fife/verilog/mkQuire.v:1645$539_Y
      New ports: A={ $flatten\quire.$ternary$/teamspace/studios/this_studio/Melodica-Integration-into-Fife-Core/Learn_Bluespec_and_RISCV_Design/Code/Build/Fife/verilog/mkQuire.v:1647$538_Y [5] $flatten\quire.$ternary$/teamspace/studios/this_studio/Melodica-Integration-into-Fife-Core/Learn_Bluespec_and_RISCV_Design/Code/Build/Fife/verilog/mkQuire.v:1647$538_Y [3:0] }, B=5'01010, Y={ $flatten\quire.$ternary$/teamspace/studios/this_studio/Melodica-Integration-into-Fife-Core/Learn_Bluespec_and_RISCV_Design/Code/Build/Fife/verilog/mkQuire.v:1645$539_Y [5] $flatten\quire.$ternary$/teamspace/studios/this_studio/Melodica-Integration-into-Fife-Core/Learn_Bluespec_and_RISCV_Design/Code/Build/Fife/verilog/mkQuire.v:1645$539_Y [3:0] }
      New connections: $flatten\quire.$ternary$/teamspace/studios/this_studio/Melodica-Integration-into-Fife-Core/Learn_Bluespec_and_RISCV_Design/Code/Build/Fife/verilog/mkQuire.v:1645$539_Y [4] = $flatten\quire.$ternary$/teamspace/studios/this_studio/Melodica-Integration-into-Fife-Core/Learn_Bluespec_and_RISCV_Design/Code/Build/Fife/verilog/mkQuire.v:1645$539_Y [3]
  Optimizing cells in module \mkPositCore.
    Consolidated identical input bits for $mux cell $flatten\quire.$ternary$/teamspace/studios/this_studio/Melodica-Integration-into-Fife-Core/Learn_Bluespec_and_RISCV_Design/Code/Build/Fife/verilog/mkQuire.v:1643$540:
      Old ports: A=$flatten\quire.$ternary$/teamspace/studios/this_studio/Melodica-Integration-into-Fife-Core/Learn_Bluespec_and_RISCV_Design/Code/Build/Fife/verilog/mkQuire.v:1645$539_Y, B=6'011001, Y=$flatten\quire.$ternary$/teamspace/studios/this_studio/Melodica-Integration-into-Fife-Core/Learn_Bluespec_and_RISCV_Design/Code/Build/Fife/verilog/mkQuire.v:1643$540_Y
      New ports: A={ $flatten\quire.$ternary$/teamspace/studios/this_studio/Melodica-Integration-into-Fife-Core/Learn_Bluespec_and_RISCV_Design/Code/Build/Fife/verilog/mkQuire.v:1645$539_Y [5] $flatten\quire.$ternary$/teamspace/studios/this_studio/Melodica-Integration-into-Fife-Core/Learn_Bluespec_and_RISCV_Design/Code/Build/Fife/verilog/mkQuire.v:1645$539_Y [3:0] }, B=5'01001, Y={ $flatten\quire.$ternary$/teamspace/studios/this_studio/Melodica-Integration-into-Fife-Core/Learn_Bluespec_and_RISCV_Design/Code/Build/Fife/verilog/mkQuire.v:1643$540_Y [5] $flatten\quire.$ternary$/teamspace/studios/this_studio/Melodica-Integration-into-Fife-Core/Learn_Bluespec_and_RISCV_Design/Code/Build/Fife/verilog/mkQuire.v:1643$540_Y [3:0] }
      New connections: $flatten\quire.$ternary$/teamspace/studios/this_studio/Melodica-Integration-into-Fife-Core/Learn_Bluespec_and_RISCV_Design/Code/Build/Fife/verilog/mkQuire.v:1643$540_Y [4] = $flatten\quire.$ternary$/teamspace/studios/this_studio/Melodica-Integration-into-Fife-Core/Learn_Bluespec_and_RISCV_Design/Code/Build/Fife/verilog/mkQuire.v:1643$540_Y [3]
  Optimizing cells in module \mkPositCore.
    Consolidated identical input bits for $mux cell $flatten\quire.$ternary$/teamspace/studios/this_studio/Melodica-Integration-into-Fife-Core/Learn_Bluespec_and_RISCV_Design/Code/Build/Fife/verilog/mkQuire.v:1641$541:
      Old ports: A=$flatten\quire.$ternary$/teamspace/studios/this_studio/Melodica-Integration-into-Fife-Core/Learn_Bluespec_and_RISCV_Design/Code/Build/Fife/verilog/mkQuire.v:1643$540_Y, B=6'011000, Y=$flatten\quire.$ternary$/teamspace/studios/this_studio/Melodica-Integration-into-Fife-Core/Learn_Bluespec_and_RISCV_Design/Code/Build/Fife/verilog/mkQuire.v:1641$541_Y
      New ports: A={ $flatten\quire.$ternary$/teamspace/studios/this_studio/Melodica-Integration-into-Fife-Core/Learn_Bluespec_and_RISCV_Design/Code/Build/Fife/verilog/mkQuire.v:1643$540_Y [5] $flatten\quire.$ternary$/teamspace/studios/this_studio/Melodica-Integration-into-Fife-Core/Learn_Bluespec_and_RISCV_Design/Code/Build/Fife/verilog/mkQuire.v:1643$540_Y [3:0] }, B=5'01000, Y={ $flatten\quire.$ternary$/teamspace/studios/this_studio/Melodica-Integration-into-Fife-Core/Learn_Bluespec_and_RISCV_Design/Code/Build/Fife/verilog/mkQuire.v:1641$541_Y [5] $flatten\quire.$ternary$/teamspace/studios/this_studio/Melodica-Integration-into-Fife-Core/Learn_Bluespec_and_RISCV_Design/Code/Build/Fife/verilog/mkQuire.v:1641$541_Y [3:0] }
      New connections: $flatten\quire.$ternary$/teamspace/studios/this_studio/Melodica-Integration-into-Fife-Core/Learn_Bluespec_and_RISCV_Design/Code/Build/Fife/verilog/mkQuire.v:1641$541_Y [4] = $flatten\quire.$ternary$/teamspace/studios/this_studio/Melodica-Integration-into-Fife-Core/Learn_Bluespec_and_RISCV_Design/Code/Build/Fife/verilog/mkQuire.v:1641$541_Y [3]
  Optimizing cells in module \mkPositCore.
Performed a total of 53 changes.

14.20.5. Executing OPT_MERGE pass (detect identical cells).
Finding identical cells in module `\mkPositCore'.
<suppressed ~21 debug messages>
Removed a total of 7 cells.

14.20.6. Executing OPT_SHARE pass.
    Found cells that share an operand and can be merged by moving the $mux $flatten\quire.$ternary$/teamspace/studios/this_studio/Melodica-Integration-into-Fife-Core/Learn_Bluespec_and_RISCV_Design/Code/Build/Fife/verilog/mkQuire.v:848$250 in front of them:
        $auto$alumacc.cc:485:replace_alu$2596
        $auto$alumacc.cc:485:replace_alu$2605

    Found cells that share an operand and can be merged by moving the $mux $ternary$/teamspace/studios/this_studio/Melodica-Integration-into-Fife-Core/Learn_Bluespec_and_RISCV_Design/Code/Build/Fife/verilog/mkPositCore.v:457$848 in front of them:
        $auto$alumacc.cc:485:replace_alu$2491
        $auto$alumacc.cc:485:replace_alu$2497

    Found cells that share an operand and can be merged by moving the $mux $ternary$/teamspace/studios/this_studio/Melodica-Integration-into-Fife-Core/Learn_Bluespec_and_RISCV_Design/Code/Build/Fife/verilog/mkPositCore.v:525$879 in front of them:
        $eq$/teamspace/studios/this_studio/Melodica-Integration-into-Fife-Core/Learn_Bluespec_and_RISCV_Design/Code/Build/Fife/verilog/mkPositCore.v:440$842
        $eq$/teamspace/studios/this_studio/Melodica-Integration-into-Fife-Core/Learn_Bluespec_and_RISCV_Design/Code/Build/Fife/verilog/mkPositCore.v:449$845

14.20.7. Executing OPT_DFF pass (perform DFF optimizations).
Adding SRST signal on $\quire.seg_adder_vff_in_5.arr$rdreg[0] ($dff) from module mkPositCore (D = $auto$rtlil.cc:2498:Mux$2800, Q = $\quire.seg_adder_vff_in_5.arr$rdreg[0]$q, rval = 2'00).
Adding SRST signal on $\quire.seg_adder_vff_carry_0.arr$rdreg[0] ($dff) from module mkPositCore (D = $auto$rtlil.cc:2498:Mux$2745, Q = $\quire.seg_adder_vff_carry_0.arr$rdreg[0]$q, rval = 2'00).
Adding SRST signal on $\quire.seg_adder_vff_carry_1.arr$rdreg[0] ($dff) from module mkPositCore (D = $auto$rtlil.cc:2498:Mux$2750, Q = $\quire.seg_adder_vff_carry_1.arr$rdreg[0]$q, rval = 2'00).
Adding SRST signal on $\quire.seg_adder_vff_in_6.arr$rdreg[0] ($dff) from module mkPositCore (D = $auto$rtlil.cc:2498:Mux$2805, Q = $\quire.seg_adder_vff_in_6.arr$rdreg[0]$q, rval = 2'00).
Adding SRST signal on $\quire.seg_adder_vff_carry_2.arr$rdreg[0] ($dff) from module mkPositCore (D = $auto$rtlil.cc:2498:Mux$2755, Q = $\quire.seg_adder_vff_carry_2.arr$rdreg[0]$q, rval = 2'00).
Adding SRST signal on $\quire.seg_adder_vff_carry_3.arr$rdreg[0] ($dff) from module mkPositCore (D = $auto$rtlil.cc:2498:Mux$2760, Q = $\quire.seg_adder_vff_carry_3.arr$rdreg[0]$q, rval = 2'00).
Adding SRST signal on $\quire.seg_adder_vff_carry_4.arr$rdreg[0] ($dff) from module mkPositCore (D = $auto$rtlil.cc:2498:Mux$2765, Q = $\quire.seg_adder_vff_carry_4.arr$rdreg[0]$q, rval = 2'00).
Adding SRST signal on $\quire.seg_adder_vff_carry_5.arr$rdreg[0] ($dff) from module mkPositCore (D = $auto$rtlil.cc:2498:Mux$2770, Q = $\quire.seg_adder_vff_carry_5.arr$rdreg[0]$q, rval = 2'00).
Adding SRST signal on $\quire.seg_adder_vff_in_0.arr$rdreg[0] ($dff) from module mkPositCore (D = $auto$rtlil.cc:2498:Mux$2775, Q = $\quire.seg_adder_vff_in_0.arr$rdreg[0]$q, rval = 2'00).
Adding SRST signal on $\quire.seg_adder_vff_in_1.arr$rdreg[0] ($dff) from module mkPositCore (D = $auto$rtlil.cc:2498:Mux$2780, Q = $\quire.seg_adder_vff_in_1.arr$rdreg[0]$q, rval = 2'00).
Adding SRST signal on $\quire.seg_adder_vff_in_2.arr$rdreg[0] ($dff) from module mkPositCore (D = $auto$rtlil.cc:2498:Mux$2785, Q = $\quire.seg_adder_vff_in_2.arr$rdreg[0]$q, rval = 2'00).
Adding SRST signal on $\quire.seg_adder_vff_in_3.arr$rdreg[0] ($dff) from module mkPositCore (D = $auto$rtlil.cc:2498:Mux$2790, Q = $\quire.seg_adder_vff_in_3.arr$rdreg[0]$q, rval = 2'00).
Adding SRST signal on $\quire.seg_adder_vff_in_4.arr$rdreg[0] ($dff) from module mkPositCore (D = $auto$rtlil.cc:2498:Mux$2795, Q = $\quire.seg_adder_vff_in_4.arr$rdreg[0]$q, rval = 2'00).

14.20.8. Executing OPT_CLEAN pass (remove unused cells and wires).
Finding unused cells or wires in module \mkPositCore..
Removed 13 unused cells and 170 unused wires.
<suppressed ~18 debug messages>

14.20.9. Executing OPT_EXPR pass (perform const folding).
Optimizing module mkPositCore.
<suppressed ~27 debug messages>

14.20.10. Rerunning OPT passes. (Maybe there is more to do..)

14.20.11. Executing OPT_MUXTREE pass (detect dead branches in mux trees).
Running muxtree optimizer on module \mkPositCore..
  Creating internal representation of mux trees.
  Evaluating internal representation of mux trees.
  Analyzing evaluation results.
Removed 0 multiplexer ports.
<suppressed ~188 debug messages>

14.20.12. Executing OPT_REDUCE pass (consolidate $*mux and $reduce_* inputs).
  Optimizing cells in module \mkPositCore.
    Consolidated identical input bits for $mux cell $auto$opt_share.cc:244:merge_operators$3484:
      Old ports: A=3'111, B=3'001, Y=$auto$rtlil.cc:2498:Mux$3485
      New ports: A=1'1, B=1'0, Y=$auto$rtlil.cc:2498:Mux$3485 [1]
      New connections: { $auto$rtlil.cc:2498:Mux$3485 [2] $auto$rtlil.cc:2498:Mux$3485 [0] } = { $auto$rtlil.cc:2498:Mux$3485 [1] 1'1 }
    Consolidated identical input bits for $mux cell $auto$opt_share.cc:244:merge_operators$3491:
      Old ports: A=8'11111111, B=8'00000001, Y=$auto$rtlil.cc:2498:Mux$3492
      New ports: A=1'1, B=1'0, Y=$auto$rtlil.cc:2498:Mux$3492 [1]
      New connections: { $auto$rtlil.cc:2498:Mux$3492 [7:2] $auto$rtlil.cc:2498:Mux$3492 [0] } = { $auto$rtlil.cc:2498:Mux$3492 [1] $auto$rtlil.cc:2498:Mux$3492 [1] $auto$rtlil.cc:2498:Mux$3492 [1] $auto$rtlil.cc:2498:Mux$3492 [1] $auto$rtlil.cc:2498:Mux$3492 [1] $auto$rtlil.cc:2498:Mux$3492 [1] 1'1 }
    Consolidated identical input bits for $mux cell $ternary$/teamspace/studios/this_studio/Melodica-Integration-into-Fife-Core/Learn_Bluespec_and_RISCV_Design/Code/Build/Fife/verilog/mkPositCore.v:525$879:
      Old ports: A={ 2'01 \ptof.ffO.data0_reg [34:3] 1'0 $auto$opt_share.cc:222:merge_operators$3495 \MUX_ffO$enq_1__VAL_2 [1] \ptof.ffO.data0_reg [0] }, B={ 2'10 \normalizer.fifo_output_reg.data0_reg [35:4] \normalizer.fifo_output_reg.data0_reg [1] $auto$opt_share.cc:222:merge_operators$3495 \MUX_ffO$enq_1__VAL_1 [1] \normalizer.fifo_output_reg.data0_reg [0] }, Y={ \ffO.D_IN [70:69] \ffO.D_IN [36:4] \ffO.D_IN [2:0] }
      New ports: A={ 2'01 \ptof.ffO.data0_reg [34:3] 1'0 \MUX_ffO$enq_1__VAL_2 [1] \ptof.ffO.data0_reg [0] }, B={ 2'10 \normalizer.fifo_output_reg.data0_reg [35:4] \normalizer.fifo_output_reg.data0_reg [1] \MUX_ffO$enq_1__VAL_1 [1] \normalizer.fifo_output_reg.data0_reg [0] }, Y={ \ffO.D_IN [70:69] \ffO.D_IN [36:4] \ffO.D_IN [1:0] }
      New connections: \ffO.D_IN [2] = $auto$opt_share.cc:222:merge_operators$3495
  Optimizing cells in module \mkPositCore.
Performed a total of 3 changes.

14.20.13. Executing OPT_MERGE pass (detect identical cells).
Finding identical cells in module `\mkPositCore'.
Removed a total of 0 cells.

14.20.14. Executing OPT_SHARE pass.

14.20.15. Executing OPT_DFF pass (perform DFF optimizations).
Adding EN signal on $memory\quire.seg_adder_vff_in_6.arr[2]$3444 ($dff) from module mkPositCore (D = { \quire.IF_accumulate_x_BIT_197_79_THEN_0b1_CONCAT_fn__ETC___d299 [223:222] \quire.IF_accumulate_x_BIT_197_79_THEN_0b1_CONCAT_fn__ETC___d299 [222] \quire.IF_accumulate_x_BIT_197_79_THEN_0b1_CONCAT_fn__ETC___d299 [222] \quire.IF_accumulate_x_BIT_197_79_THEN_0b1_CONCAT_fn__ETC___d299 [222] \quire.IF_accumulate_x_BIT_197_79_THEN_0b1_CONCAT_fn__ETC___d299 [222] \quire.IF_accumulate_x_BIT_197_79_THEN_0b1_CONCAT_fn__ETC___d299 [222] \quire.IF_accumulate_x_BIT_197_79_THEN_0b1_CONCAT_fn__ETC___d299 [222] \quire.IF_accumulate_x_BIT_197_79_THEN_0b1_CONCAT_fn__ETC___d299 [222] \quire.IF_accumulate_x_BIT_197_79_THEN_0b1_CONCAT_fn__ETC___d299 [222] \quire.IF_accumulate_x_BIT_197_79_THEN_0b1_CONCAT_fn__ETC___d299 [222] \quire.IF_accumulate_x_BIT_197_79_THEN_0b1_CONCAT_fn__ETC___d299 [222] \quire.IF_accumulate_x_BIT_197_79_THEN_0b1_CONCAT_fn__ETC___d299 [222] \quire.IF_accumulate_x_BIT_197_79_THEN_0b1_CONCAT_fn__ETC___d299 [222] \quire.IF_accumulate_x_BIT_197_79_THEN_0b1_CONCAT_fn__ETC___d299 [222] \quire.IF_accumulate_x_BIT_197_79_THEN_0b1_CONCAT_fn__ETC___d299 [222] \quire.IF_accumulate_x_BIT_197_79_THEN_0b1_CONCAT_fn__ETC___d299 [222] \quire.IF_accumulate_x_BIT_197_79_THEN_0b1_CONCAT_fn__ETC___d299 [222] \quire.IF_accumulate_x_BIT_197_79_THEN_0b1_CONCAT_fn__ETC___d299 [222] \quire.IF_accumulate_x_BIT_197_79_THEN_0b1_CONCAT_fn__ETC___d299 [222] \quire.IF_accumulate_x_BIT_197_79_THEN_0b1_CONCAT_fn__ETC___d299 [222] \quire.IF_accumulate_x_BIT_197_79_THEN_0b1_CONCAT_fn__ETC___d299 [222] \quire.IF_accumulate_x_BIT_197_79_THEN_0b1_CONCAT_fn__ETC___d299 [222] \quire.IF_accumulate_x_BIT_197_79_THEN_0b1_CONCAT_fn__ETC___d299 [222] \quire.IF_accumulate_x_BIT_197_79_THEN_0b1_CONCAT_fn__ETC___d299 [222] \quire.IF_accumulate_x_BIT_197_79_THEN_0b1_CONCAT_fn__ETC___d299 [222] \quire.IF_accumulate_x_BIT_197_79_THEN_0b1_CONCAT_fn__ETC___d299 [222] \quire.IF_accumulate_x_BIT_197_79_THEN_0b1_CONCAT_fn__ETC___d299 [222] \quire.IF_accumulate_x_BIT_197_79_THEN_0b1_CONCAT_fn__ETC___d299 [222] \quire.IF_accumulate_x_BIT_197_79_THEN_0b1_CONCAT_fn__ETC___d299 [222] \quire.IF_accumulate_x_BIT_197_79_THEN_0b1_CONCAT_fn__ETC___d299 [222] \quire.IF_accumulate_x_BIT_197_79_THEN_0b1_CONCAT_fn__ETC___d299 [222] }, Q = \quire.seg_adder_vff_in_6.arr[2]).
Adding EN signal on $memory\quire.seg_adder_vff_in_6.arr[1]$3442 ($dff) from module mkPositCore (D = { \quire.IF_accumulate_x_BIT_197_79_THEN_0b1_CONCAT_fn__ETC___d299 [223:222] \quire.IF_accumulate_x_BIT_197_79_THEN_0b1_CONCAT_fn__ETC___d299 [222] \quire.IF_accumulate_x_BIT_197_79_THEN_0b1_CONCAT_fn__ETC___d299 [222] \quire.IF_accumulate_x_BIT_197_79_THEN_0b1_CONCAT_fn__ETC___d299 [222] \quire.IF_accumulate_x_BIT_197_79_THEN_0b1_CONCAT_fn__ETC___d299 [222] \quire.IF_accumulate_x_BIT_197_79_THEN_0b1_CONCAT_fn__ETC___d299 [222] \quire.IF_accumulate_x_BIT_197_79_THEN_0b1_CONCAT_fn__ETC___d299 [222] \quire.IF_accumulate_x_BIT_197_79_THEN_0b1_CONCAT_fn__ETC___d299 [222] \quire.IF_accumulate_x_BIT_197_79_THEN_0b1_CONCAT_fn__ETC___d299 [222] \quire.IF_accumulate_x_BIT_197_79_THEN_0b1_CONCAT_fn__ETC___d299 [222] \quire.IF_accumulate_x_BIT_197_79_THEN_0b1_CONCAT_fn__ETC___d299 [222] \quire.IF_accumulate_x_BIT_197_79_THEN_0b1_CONCAT_fn__ETC___d299 [222] \quire.IF_accumulate_x_BIT_197_79_THEN_0b1_CONCAT_fn__ETC___d299 [222] \quire.IF_accumulate_x_BIT_197_79_THEN_0b1_CONCAT_fn__ETC___d299 [222] \quire.IF_accumulate_x_BIT_197_79_THEN_0b1_CONCAT_fn__ETC___d299 [222] \quire.IF_accumulate_x_BIT_197_79_THEN_0b1_CONCAT_fn__ETC___d299 [222] \quire.IF_accumulate_x_BIT_197_79_THEN_0b1_CONCAT_fn__ETC___d299 [222] \quire.IF_accumulate_x_BIT_197_79_THEN_0b1_CONCAT_fn__ETC___d299 [222] \quire.IF_accumulate_x_BIT_197_79_THEN_0b1_CONCAT_fn__ETC___d299 [222] \quire.IF_accumulate_x_BIT_197_79_THEN_0b1_CONCAT_fn__ETC___d299 [222] \quire.IF_accumulate_x_BIT_197_79_THEN_0b1_CONCAT_fn__ETC___d299 [222] \quire.IF_accumulate_x_BIT_197_79_THEN_0b1_CONCAT_fn__ETC___d299 [222] \quire.IF_accumulate_x_BIT_197_79_THEN_0b1_CONCAT_fn__ETC___d299 [222] \quire.IF_accumulate_x_BIT_197_79_THEN_0b1_CONCAT_fn__ETC___d299 [222] \quire.IF_accumulate_x_BIT_197_79_THEN_0b1_CONCAT_fn__ETC___d299 [222] \quire.IF_accumulate_x_BIT_197_79_THEN_0b1_CONCAT_fn__ETC___d299 [222] \quire.IF_accumulate_x_BIT_197_79_THEN_0b1_CONCAT_fn__ETC___d299 [222] \quire.IF_accumulate_x_BIT_197_79_THEN_0b1_CONCAT_fn__ETC___d299 [222] \quire.IF_accumulate_x_BIT_197_79_THEN_0b1_CONCAT_fn__ETC___d299 [222] \quire.IF_accumulate_x_BIT_197_79_THEN_0b1_CONCAT_fn__ETC___d299 [222] \quire.IF_accumulate_x_BIT_197_79_THEN_0b1_CONCAT_fn__ETC___d299 [222] }, Q = \quire.seg_adder_vff_in_6.arr[1]).
Adding EN signal on $memory\quire.seg_adder_vff_in_6.arr[0]$3440 ($dff) from module mkPositCore (D = { \quire.IF_accumulate_x_BIT_197_79_THEN_0b1_CONCAT_fn__ETC___d299 [223:222] \quire.IF_accumulate_x_BIT_197_79_THEN_0b1_CONCAT_fn__ETC___d299 [222] \quire.IF_accumulate_x_BIT_197_79_THEN_0b1_CONCAT_fn__ETC___d299 [222] \quire.IF_accumulate_x_BIT_197_79_THEN_0b1_CONCAT_fn__ETC___d299 [222] \quire.IF_accumulate_x_BIT_197_79_THEN_0b1_CONCAT_fn__ETC___d299 [222] \quire.IF_accumulate_x_BIT_197_79_THEN_0b1_CONCAT_fn__ETC___d299 [222] \quire.IF_accumulate_x_BIT_197_79_THEN_0b1_CONCAT_fn__ETC___d299 [222] \quire.IF_accumulate_x_BIT_197_79_THEN_0b1_CONCAT_fn__ETC___d299 [222] \quire.IF_accumulate_x_BIT_197_79_THEN_0b1_CONCAT_fn__ETC___d299 [222] \quire.IF_accumulate_x_BIT_197_79_THEN_0b1_CONCAT_fn__ETC___d299 [222] \quire.IF_accumulate_x_BIT_197_79_THEN_0b1_CONCAT_fn__ETC___d299 [222] \quire.IF_accumulate_x_BIT_197_79_THEN_0b1_CONCAT_fn__ETC___d299 [222] \quire.IF_accumulate_x_BIT_197_79_THEN_0b1_CONCAT_fn__ETC___d299 [222] \quire.IF_accumulate_x_BIT_197_79_THEN_0b1_CONCAT_fn__ETC___d299 [222] \quire.IF_accumulate_x_BIT_197_79_THEN_0b1_CONCAT_fn__ETC___d299 [222] \quire.IF_accumulate_x_BIT_197_79_THEN_0b1_CONCAT_fn__ETC___d299 [222] \quire.IF_accumulate_x_BIT_197_79_THEN_0b1_CONCAT_fn__ETC___d299 [222] \quire.IF_accumulate_x_BIT_197_79_THEN_0b1_CONCAT_fn__ETC___d299 [222] \quire.IF_accumulate_x_BIT_197_79_THEN_0b1_CONCAT_fn__ETC___d299 [222] \quire.IF_accumulate_x_BIT_197_79_THEN_0b1_CONCAT_fn__ETC___d299 [222] \quire.IF_accumulate_x_BIT_197_79_THEN_0b1_CONCAT_fn__ETC___d299 [222] \quire.IF_accumulate_x_BIT_197_79_THEN_0b1_CONCAT_fn__ETC___d299 [222] \quire.IF_accumulate_x_BIT_197_79_THEN_0b1_CONCAT_fn__ETC___d299 [222] \quire.IF_accumulate_x_BIT_197_79_THEN_0b1_CONCAT_fn__ETC___d299 [222] \quire.IF_accumulate_x_BIT_197_79_THEN_0b1_CONCAT_fn__ETC___d299 [222] \quire.IF_accumulate_x_BIT_197_79_THEN_0b1_CONCAT_fn__ETC___d299 [222] \quire.IF_accumulate_x_BIT_197_79_THEN_0b1_CONCAT_fn__ETC___d299 [222] \quire.IF_accumulate_x_BIT_197_79_THEN_0b1_CONCAT_fn__ETC___d299 [222] \quire.IF_accumulate_x_BIT_197_79_THEN_0b1_CONCAT_fn__ETC___d299 [222] \quire.IF_accumulate_x_BIT_197_79_THEN_0b1_CONCAT_fn__ETC___d299 [222] \quire.IF_accumulate_x_BIT_197_79_THEN_0b1_CONCAT_fn__ETC___d299 [222] }, Q = \quire.seg_adder_vff_in_6.arr[0]).
Adding EN signal on $memory\quire.seg_adder_vff_in_5.arr[2]$3403 ($dff) from module mkPositCore (D = \quire.IF_accumulate_x_BIT_197_79_THEN_0b1_CONCAT_fn__ETC___d299 [191:160], Q = \quire.seg_adder_vff_in_5.arr[2]).
Adding EN signal on $memory\quire.seg_adder_vff_in_5.arr[1]$3401 ($dff) from module mkPositCore (D = \quire.IF_accumulate_x_BIT_197_79_THEN_0b1_CONCAT_fn__ETC___d299 [191:160], Q = \quire.seg_adder_vff_in_5.arr[1]).
Adding EN signal on $memory\quire.seg_adder_vff_in_5.arr[0]$3399 ($dff) from module mkPositCore (D = \quire.IF_accumulate_x_BIT_197_79_THEN_0b1_CONCAT_fn__ETC___d299 [191:160], Q = \quire.seg_adder_vff_in_5.arr[0]).
Adding EN signal on $memory\quire.seg_adder_vff_in_4.arr[2]$3362 ($dff) from module mkPositCore (D = \quire.IF_accumulate_x_BIT_197_79_THEN_0b1_CONCAT_fn__ETC___d299 [159:128], Q = \quire.seg_adder_vff_in_4.arr[2]).
Adding EN signal on $memory\quire.seg_adder_vff_in_4.arr[1]$3360 ($dff) from module mkPositCore (D = \quire.IF_accumulate_x_BIT_197_79_THEN_0b1_CONCAT_fn__ETC___d299 [159:128], Q = \quire.seg_adder_vff_in_4.arr[1]).
Adding EN signal on $memory\quire.seg_adder_vff_in_4.arr[0]$3358 ($dff) from module mkPositCore (D = \quire.IF_accumulate_x_BIT_197_79_THEN_0b1_CONCAT_fn__ETC___d299 [159:128], Q = \quire.seg_adder_vff_in_4.arr[0]).
Adding EN signal on $memory\quire.seg_adder_vff_in_3.arr[2]$3321 ($dff) from module mkPositCore (D = \quire.IF_accumulate_x_BIT_197_79_THEN_0b1_CONCAT_fn__ETC___d299 [127:96], Q = \quire.seg_adder_vff_in_3.arr[2]).
Adding EN signal on $memory\quire.seg_adder_vff_in_3.arr[1]$3319 ($dff) from module mkPositCore (D = \quire.IF_accumulate_x_BIT_197_79_THEN_0b1_CONCAT_fn__ETC___d299 [127:96], Q = \quire.seg_adder_vff_in_3.arr[1]).
Adding EN signal on $memory\quire.seg_adder_vff_in_3.arr[0]$3317 ($dff) from module mkPositCore (D = \quire.IF_accumulate_x_BIT_197_79_THEN_0b1_CONCAT_fn__ETC___d299 [127:96], Q = \quire.seg_adder_vff_in_3.arr[0]).
Adding EN signal on $memory\quire.seg_adder_vff_in_2.arr[2]$3280 ($dff) from module mkPositCore (D = \quire.IF_accumulate_x_BIT_197_79_THEN_0b1_CONCAT_fn__ETC___d299 [95:64], Q = \quire.seg_adder_vff_in_2.arr[2]).
Adding EN signal on $memory\quire.seg_adder_vff_in_2.arr[1]$3278 ($dff) from module mkPositCore (D = \quire.IF_accumulate_x_BIT_197_79_THEN_0b1_CONCAT_fn__ETC___d299 [95:64], Q = \quire.seg_adder_vff_in_2.arr[1]).
Adding EN signal on $memory\quire.seg_adder_vff_in_2.arr[0]$3276 ($dff) from module mkPositCore (D = \quire.IF_accumulate_x_BIT_197_79_THEN_0b1_CONCAT_fn__ETC___d299 [95:64], Q = \quire.seg_adder_vff_in_2.arr[0]).
Adding EN signal on $memory\quire.seg_adder_vff_in_1.arr[2]$3239 ($dff) from module mkPositCore (D = \quire.IF_accumulate_x_BIT_197_79_THEN_0b1_CONCAT_fn__ETC___d299 [63:32], Q = \quire.seg_adder_vff_in_1.arr[2]).
Adding EN signal on $memory\quire.seg_adder_vff_in_1.arr[1]$3237 ($dff) from module mkPositCore (D = \quire.IF_accumulate_x_BIT_197_79_THEN_0b1_CONCAT_fn__ETC___d299 [63:32], Q = \quire.seg_adder_vff_in_1.arr[1]).
Adding EN signal on $memory\quire.seg_adder_vff_in_1.arr[0]$3235 ($dff) from module mkPositCore (D = \quire.IF_accumulate_x_BIT_197_79_THEN_0b1_CONCAT_fn__ETC___d299 [63:32], Q = \quire.seg_adder_vff_in_1.arr[0]).
Adding EN signal on $memory\quire.seg_adder_vff_in_0.arr[2]$3198 ($dff) from module mkPositCore (D = \quire.IF_accumulate_x_BIT_197_79_THEN_0b1_CONCAT_fn__ETC___d299 [31:0], Q = \quire.seg_adder_vff_in_0.arr[2]).
Adding EN signal on $memory\quire.seg_adder_vff_in_0.arr[1]$3196 ($dff) from module mkPositCore (D = \quire.IF_accumulate_x_BIT_197_79_THEN_0b1_CONCAT_fn__ETC___d299 [31:0], Q = \quire.seg_adder_vff_in_0.arr[1]).
Adding EN signal on $memory\quire.seg_adder_vff_in_0.arr[0]$3194 ($dff) from module mkPositCore (D = \quire.IF_accumulate_x_BIT_197_79_THEN_0b1_CONCAT_fn__ETC___d299 [31:0], Q = \quire.seg_adder_vff_in_0.arr[0]).
Adding EN signal on $memory\quire.seg_adder_vff_carry_5.arr[2]$3157 ($dff) from module mkPositCore (D = \quire.acc__h5978 [32], Q = \quire.seg_adder_vff_carry_5.arr[2]).
Adding EN signal on $memory\quire.seg_adder_vff_carry_5.arr[1]$3155 ($dff) from module mkPositCore (D = \quire.acc__h5978 [32], Q = \quire.seg_adder_vff_carry_5.arr[1]).
Adding EN signal on $memory\quire.seg_adder_vff_carry_5.arr[0]$3153 ($dff) from module mkPositCore (D = \quire.acc__h5978 [32], Q = \quire.seg_adder_vff_carry_5.arr[0]).
Adding EN signal on $memory\quire.seg_adder_vff_carry_4.arr[2]$3116 ($dff) from module mkPositCore (D = \quire.acc__h5475 [32], Q = \quire.seg_adder_vff_carry_4.arr[2]).
Adding EN signal on $memory\quire.seg_adder_vff_carry_4.arr[1]$3114 ($dff) from module mkPositCore (D = \quire.acc__h5475 [32], Q = \quire.seg_adder_vff_carry_4.arr[1]).
Adding EN signal on $memory\quire.seg_adder_vff_carry_4.arr[0]$3112 ($dff) from module mkPositCore (D = \quire.acc__h5475 [32], Q = \quire.seg_adder_vff_carry_4.arr[0]).
Adding EN signal on $memory\quire.seg_adder_vff_carry_3.arr[2]$3075 ($dff) from module mkPositCore (D = \quire.acc__h4972 [32], Q = \quire.seg_adder_vff_carry_3.arr[2]).
Adding EN signal on $memory\quire.seg_adder_vff_carry_3.arr[1]$3073 ($dff) from module mkPositCore (D = \quire.acc__h4972 [32], Q = \quire.seg_adder_vff_carry_3.arr[1]).
Adding EN signal on $memory\quire.seg_adder_vff_carry_3.arr[0]$3071 ($dff) from module mkPositCore (D = \quire.acc__h4972 [32], Q = \quire.seg_adder_vff_carry_3.arr[0]).
Adding EN signal on $memory\quire.seg_adder_vff_carry_2.arr[2]$3034 ($dff) from module mkPositCore (D = \quire.acc__h4469 [32], Q = \quire.seg_adder_vff_carry_2.arr[2]).
Adding EN signal on $memory\quire.seg_adder_vff_carry_2.arr[1]$3032 ($dff) from module mkPositCore (D = \quire.acc__h4469 [32], Q = \quire.seg_adder_vff_carry_2.arr[1]).
Adding EN signal on $memory\quire.seg_adder_vff_carry_2.arr[0]$3030 ($dff) from module mkPositCore (D = \quire.acc__h4469 [32], Q = \quire.seg_adder_vff_carry_2.arr[0]).
Adding EN signal on $memory\quire.seg_adder_vff_carry_1.arr[2]$2993 ($dff) from module mkPositCore (D = \quire.acc__h3966 [32], Q = \quire.seg_adder_vff_carry_1.arr[2]).
Adding EN signal on $memory\quire.seg_adder_vff_carry_1.arr[1]$2991 ($dff) from module mkPositCore (D = \quire.acc__h3966 [32], Q = \quire.seg_adder_vff_carry_1.arr[1]).
Adding EN signal on $memory\quire.seg_adder_vff_carry_1.arr[0]$2989 ($dff) from module mkPositCore (D = \quire.acc__h3966 [32], Q = \quire.seg_adder_vff_carry_1.arr[0]).
Adding EN signal on $memory\quire.seg_adder_vff_carry_0.arr[2]$2952 ($dff) from module mkPositCore (D = \quire.acc__h2912 [32], Q = \quire.seg_adder_vff_carry_0.arr[2]).
Adding EN signal on $memory\quire.seg_adder_vff_carry_0.arr[1]$2950 ($dff) from module mkPositCore (D = \quire.acc__h2912 [32], Q = \quire.seg_adder_vff_carry_0.arr[1]).
Adding EN signal on $memory\quire.seg_adder_vff_carry_0.arr[0]$2948 ($dff) from module mkPositCore (D = \quire.acc__h2912 [32], Q = \quire.seg_adder_vff_carry_0.arr[0]).
Setting constant 0-bit at position 0 on $auto$ff.cc:266:slice$2201 ($dffe) from module mkPositCore.
Setting constant 0-bit at position 3 on $auto$ff.cc:266:slice$2294 ($dffe) from module mkPositCore.
Setting constant 1-bit at position 36 on $auto$ff.cc:266:slice$2294 ($dffe) from module mkPositCore.
Setting constant 1-bit at position 37 on $auto$ff.cc:266:slice$2294 ($dffe) from module mkPositCore.
Setting constant 1-bit at position 38 on $auto$ff.cc:266:slice$2294 ($dffe) from module mkPositCore.
Setting constant 1-bit at position 39 on $auto$ff.cc:266:slice$2294 ($dffe) from module mkPositCore.
Setting constant 1-bit at position 40 on $auto$ff.cc:266:slice$2294 ($dffe) from module mkPositCore.
Setting constant 1-bit at position 41 on $auto$ff.cc:266:slice$2294 ($dffe) from module mkPositCore.
Setting constant 1-bit at position 42 on $auto$ff.cc:266:slice$2294 ($dffe) from module mkPositCore.
Setting constant 1-bit at position 43 on $auto$ff.cc:266:slice$2294 ($dffe) from module mkPositCore.
Setting constant 1-bit at position 44 on $auto$ff.cc:266:slice$2294 ($dffe) from module mkPositCore.
Setting constant 1-bit at position 45 on $auto$ff.cc:266:slice$2294 ($dffe) from module mkPositCore.
Setting constant 1-bit at position 46 on $auto$ff.cc:266:slice$2294 ($dffe) from module mkPositCore.
Setting constant 1-bit at position 47 on $auto$ff.cc:266:slice$2294 ($dffe) from module mkPositCore.
Setting constant 1-bit at position 48 on $auto$ff.cc:266:slice$2294 ($dffe) from module mkPositCore.
Setting constant 1-bit at position 49 on $auto$ff.cc:266:slice$2294 ($dffe) from module mkPositCore.
Setting constant 1-bit at position 50 on $auto$ff.cc:266:slice$2294 ($dffe) from module mkPositCore.
Setting constant 1-bit at position 51 on $auto$ff.cc:266:slice$2294 ($dffe) from module mkPositCore.
Setting constant 1-bit at position 52 on $auto$ff.cc:266:slice$2294 ($dffe) from module mkPositCore.
Setting constant 1-bit at position 53 on $auto$ff.cc:266:slice$2294 ($dffe) from module mkPositCore.
Setting constant 1-bit at position 54 on $auto$ff.cc:266:slice$2294 ($dffe) from module mkPositCore.
Setting constant 1-bit at position 55 on $auto$ff.cc:266:slice$2294 ($dffe) from module mkPositCore.
Setting constant 1-bit at position 56 on $auto$ff.cc:266:slice$2294 ($dffe) from module mkPositCore.
Setting constant 1-bit at position 57 on $auto$ff.cc:266:slice$2294 ($dffe) from module mkPositCore.
Setting constant 1-bit at position 58 on $auto$ff.cc:266:slice$2294 ($dffe) from module mkPositCore.
Setting constant 1-bit at position 59 on $auto$ff.cc:266:slice$2294 ($dffe) from module mkPositCore.
Setting constant 1-bit at position 60 on $auto$ff.cc:266:slice$2294 ($dffe) from module mkPositCore.
Setting constant 1-bit at position 61 on $auto$ff.cc:266:slice$2294 ($dffe) from module mkPositCore.
Setting constant 1-bit at position 62 on $auto$ff.cc:266:slice$2294 ($dffe) from module mkPositCore.
Setting constant 1-bit at position 63 on $auto$ff.cc:266:slice$2294 ($dffe) from module mkPositCore.
Setting constant 1-bit at position 64 on $auto$ff.cc:266:slice$2294 ($dffe) from module mkPositCore.
Setting constant 1-bit at position 65 on $auto$ff.cc:266:slice$2294 ($dffe) from module mkPositCore.
Setting constant 1-bit at position 66 on $auto$ff.cc:266:slice$2294 ($dffe) from module mkPositCore.
Setting constant 1-bit at position 67 on $auto$ff.cc:266:slice$2294 ($dffe) from module mkPositCore.

14.20.16. Executing OPT_CLEAN pass (remove unused cells and wires).
Finding unused cells or wires in module \mkPositCore..
Removed 39 unused cells and 59 unused wires.
<suppressed ~40 debug messages>

14.20.17. Executing OPT_EXPR pass (perform const folding).
Optimizing module mkPositCore.
<suppressed ~2 debug messages>

14.20.18. Rerunning OPT passes. (Maybe there is more to do..)

14.20.19. Executing OPT_MUXTREE pass (detect dead branches in mux trees).
Running muxtree optimizer on module \mkPositCore..
  Creating internal representation of mux trees.
  Evaluating internal representation of mux trees.
  Analyzing evaluation results.
Removed 0 multiplexer ports.
<suppressed ~147 debug messages>

14.20.20. Executing OPT_REDUCE pass (consolidate $*mux and $reduce_* inputs).
  Optimizing cells in module \mkPositCore.
Performed a total of 0 changes.

14.20.21. Executing OPT_MERGE pass (detect identical cells).
Finding identical cells in module `\mkPositCore'.
Removed a total of 0 cells.

14.20.22. Executing OPT_SHARE pass.

14.20.23. Executing OPT_DFF pass (perform DFF optimizations).

14.20.24. Executing OPT_CLEAN pass (remove unused cells and wires).
Finding unused cells or wires in module \mkPositCore..

14.20.25. Executing OPT_EXPR pass (perform const folding).
Optimizing module mkPositCore.

14.20.26. Finished OPT passes. (There is nothing left to do.)

14.21. Executing TECHMAP pass (map to technology primitives).

14.21.1. Executing Verilog-2005 frontend: /usr/bin/../share/yosys/techmap.v
Parsing Verilog input from `/usr/bin/../share/yosys/techmap.v' to AST representation.
Generating RTLIL representation for module `\_90_simplemap_bool_ops'.
Generating RTLIL representation for module `\_90_simplemap_reduce_ops'.
Generating RTLIL representation for module `\_90_simplemap_logic_ops'.
Generating RTLIL representation for module `\_90_simplemap_compare_ops'.
Generating RTLIL representation for module `\_90_simplemap_various'.
Generating RTLIL representation for module `\_90_simplemap_registers'.
Generating RTLIL representation for module `\_90_shift_ops_shr_shl_sshl_sshr'.
Generating RTLIL representation for module `\_90_shift_shiftx'.
Generating RTLIL representation for module `\_90_fa'.
Generating RTLIL representation for module `\_90_lcu'.
Generating RTLIL representation for module `\_90_alu'.
Generating RTLIL representation for module `\_90_macc'.
Generating RTLIL representation for module `\_90_alumacc'.
Generating RTLIL representation for module `\$__div_mod_u'.
Generating RTLIL representation for module `\$__div_mod_trunc'.
Generating RTLIL representation for module `\_90_div'.
Generating RTLIL representation for module `\_90_mod'.
Generating RTLIL representation for module `\$__div_mod_floor'.
Generating RTLIL representation for module `\_90_divfloor'.
Generating RTLIL representation for module `\_90_modfloor'.
Generating RTLIL representation for module `\_90_pow'.
Generating RTLIL representation for module `\_90_pmux'.
Generating RTLIL representation for module `\_90_demux'.
Generating RTLIL representation for module `\_90_lut'.
Successfully finished Verilog frontend.

14.21.2. Continuing TECHMAP pass.
Using extmapper simplemap for cells of type $logic_and.
Using extmapper simplemap for cells of type $ne.
Using extmapper simplemap for cells of type $eq.
Using extmapper simplemap for cells of type $logic_not.
Using extmapper simplemap for cells of type $logic_or.
Using extmapper simplemap for cells of type $not.
Using extmapper simplemap for cells of type $and.
Using extmapper simplemap for cells of type $mux.
Using template $paramod$6a42b6fefed750f8a1c58eab59479d960557103c\_90_alu for cells of type $alu.
Using template $paramod$c6b63e723603573fdc33dc74600fd0455fbbc6dc\_90_alu for cells of type $alu.
Using extmapper simplemap for cells of type $reduce_and.
Using extmapper simplemap for cells of type $dffe.
Using extmapper simplemap for cells of type $reduce_or.
Using extmapper simplemap for cells of type $sdffe.
Using extmapper simplemap for cells of type $or.
Using extmapper simplemap for cells of type $reduce_bool.
Using extmapper simplemap for cells of type $dff.
Using extmapper simplemap for cells of type $xor.
Using template $paramod$175e67c02b86e96b1288b9dc100122520d7240d8\_90_alu for cells of type $alu.
Using template $paramod$32efbfac1c4dc57230cf86180788fdfd12e3b511\_90_alu for cells of type $alu.
Using extmapper simplemap for cells of type $sdff.
Using extmapper simplemap for cells of type $sdffce.
Using template $paramod$821d2886e47353e724eaca46af4992e9c3e6ac1d\_90_alu for cells of type $alu.
Using template $paramod$484d51534650924b7ed4c69e46eed3a56904771f\_90_alu for cells of type $alu.
Using template $paramod$befd47b1c77b68561d11d0cb61a0fae29b79f34c\_90_alu for cells of type $alu.
Using template $paramod$740b056ede97228d3eae64ea2fdc81f0a33e0fe7\_90_alu for cells of type $alu.
Using template $paramod$78e969f2586efcf3a5b0b0440bcca0db83d5cca2\_90_alu for cells of type $alu.
Using template $paramod$d2fa05d38998afabc6d4f34471305d0af4b8b2df\_90_alu for cells of type $alu.
Using template $paramod$8742280fdebca84e1c87f2a86ed84f62d558f4cc\_90_alu for cells of type $alu.
Using template $paramod$c4905825bb8ecc38b98eb4167e8b007447af7884\_90_alu for cells of type $alu.
Using template $paramod$a1bc51c02ce12ac21eb18988e83292af48ed7d72\_90_alu for cells of type $alu.
Using template $paramod$constmap:be33ccd4492029c327830047606d143af4f79b52$paramod$15f266a6e08546b6d88a57318a4538f621ed9582\_90_shift_shiftx for cells of type $shiftx.
Using template $paramod$dfca81329cbbac01700318224209a5f2318c7128\_90_alu for cells of type $alu.
Using template $paramod$constmap:f29401a73ff937f21b685ac8a05ca2c46e0fdf57$paramod$13a782d25a7e2e19182511b643863af6d9e92d29\_90_shift_ops_shr_shl_sshl_sshr for cells of type $shr.
Using template $paramod$754650b284649a026620fc6856e5b6886cbfe794\_90_alu for cells of type $alu.
Using template $paramod$constmap:f29401a73ff937f21b685ac8a05ca2c46e0fdf57$paramod$e583ddda47cb2a378ba59b3a065a42f0c32688ab\_90_shift_ops_shr_shl_sshl_sshr for cells of type $shl.
Using template $paramod$bd91b1311a7e26328ec7b35acb363a89aa87e033\_90_alu for cells of type $alu.
Using extmapper maccmap for cells of type $macc.
  add { \quire.zero_counter_rg_numZeroSegs 5'00000 } (8 bits, unsigned)
  add \quire.x__h6783 (6 bits, unsigned)
  add 9'111111111 (9 bits, unsigned)
Using template $paramod$0ae36a7056fbae1b1191049d3533163e46c0843a\_90_pmux for cells of type $pmux.
Using template $paramod$8fabc56b80a569262acfc42757a02ca0b8e91278\_90_pmux for cells of type $pmux.
Using template $paramod$521ce43182eecb9f60c72393a788160d2c356bf5\_90_pmux for cells of type $pmux.
Using template $paramod$constmap:962766be3b03db751bd41b56901e9e0158cd641a$paramod$baa86c99689aa906d63eea8fa5f76ad95a37e9da\_90_shift_ops_shr_shl_sshl_sshr for cells of type $shl.
Using template $paramod$constmap:516d3344d79674e46af06072969b74bfde95d6d2$paramod$364418a307f123f8357e6b476fa9381a6e1a7c2b\_90_shift_ops_shr_shl_sshl_sshr for cells of type $shr.
Using template $paramod$constmap:0d0f735b2c33663b8db1f3723fc3f729345a890b$paramod$36bcedab95bc008bdb3be17850b72f55052ea47a\_90_shift_shiftx for cells of type $shiftx.
Using template $paramod$7e708ae28ab761f11d0fb59d3ffc72f6a4baf5d9\_90_alu for cells of type $alu.
Using template $paramod$857150d3a9b7fb38b73bbaa31ff652415e553f98\_90_alu for cells of type $alu.
Using template $paramod$22b95c1bfeece9a7c6bf4fcd9399e4ee87091e97\_90_alu for cells of type $alu.
Using template $paramod$04f121e3c8858ac36578330193fd248b9a31e99c\_90_alu for cells of type $alu.
Using template $paramod$ccf850e03d245b24a3ec7bc4d75de879f619fc7b\_90_alu for cells of type $alu.
  add { \multiplier.IF_request_put_BITS_75_TO_74_3_EQ_2_9_THEN_0b1_ETC___d70 [1] \extracter1.ff_extract_out.data0_reg [25:0] } * { \multiplier.IF_request_put_BITS_75_TO_74_3_EQ_2_9_THEN_0b1_ETC___d70 [0] \extracter2.ff_extract_out.data0_reg [25:0] } (27x27 bits, unsigned)
Using template $paramod$103b4016182df467cceab67bcf3e18e6361ec0fd\_90_alu for cells of type $alu.
Using template $paramod$788c3d57e5abb3a3f89aea6d4acd665be37f4e9b\_90_alu for cells of type $alu.
Using template $paramod$fbc7873bff55778c0b3173955b7e4bce1d9d6834\_90_alu for cells of type $alu.
Using template $paramod$53700bbee849b2010ad0b60a61ccd204a10e24ca\_90_alu for cells of type $alu.
Using template $paramod$d1615bf4e5e328245ffd1550e5fe105901cda77b\_90_alu for cells of type $alu.
Using template $paramod$constmap:161054c5d10bd81ab0f58a3aa859dd82e4646ccd$paramod$13a2d2b4477863cc5f8e03d6445d55b1a0d49302\_90_shift_ops_shr_shl_sshl_sshr for cells of type $shr.
Using template $paramod$constmap:161054c5d10bd81ab0f58a3aa859dd82e4646ccd$paramod$5b722ffc61a5c941c7a120355d6e746bfb870d93\_90_shift_ops_shr_shl_sshl_sshr for cells of type $shl.
Using template $paramod$4bff87f89c86fe7fb8a2fc2d582304796a9f90ab\_90_alu for cells of type $alu.
Using template $paramod$constmap:b98463414f98f5ff0fdb51ee79d656ceca27d70b$paramod$260ab7e05fd924aed86a93ff62597701dd35cee1\_90_shift_ops_shr_shl_sshl_sshr for cells of type $shl.
Using template $paramod$8045f2881226ae434b154710c783ad25023f386c\_90_alu for cells of type $alu.
Using extmapper simplemap for cells of type $pos.
Using template $paramod\_90_lcu\WIDTH=32'00000000000000000000000000001000 for cells of type $lcu.
Using template $paramod\_90_lcu\WIDTH=32'00000000000000000000000000000111 for cells of type $lcu.
Using template $paramod\_90_lcu\WIDTH=32'00000000000000000000000000000100 for cells of type $lcu.
Using template $paramod\_90_lcu\WIDTH=32'00000000000000000000000000001001 for cells of type $lcu.
Using template $paramod\_90_lcu\WIDTH=32'00000000000000000000000000000011 for cells of type $lcu.
Using template $paramod\_90_lcu\WIDTH=32'00000000000000000000000000001010 for cells of type $lcu.
Using template $paramod\_90_lcu\WIDTH=32'00000000000000000000000000000110 for cells of type $lcu.
Using template $paramod\_90_lcu\WIDTH=32'00000000000000000000000000100000 for cells of type $lcu.
Using template $paramod\_90_lcu\WIDTH=32'00000000000000000000000000000010 for cells of type $lcu.
Using template $paramod\_90_fa\WIDTH=32'00000000000000000000000000001001 for cells of type $fa.
Using template $paramod\_90_lcu\WIDTH=32'00000000000000000000000000100001 for cells of type $lcu.
Using template $paramod\_90_lcu\WIDTH=32'00000000000000000000000001100100 for cells of type $lcu.
Using template $paramod\_90_fa\WIDTH=32'00000000000000000000000000110110 for cells of type $fa.
Using template $paramod$95803b2f2a0a67ebc594f50cf9cd7d672cce8582\_90_alu for cells of type $alu.
Using template $paramod\_90_lcu\WIDTH=32'00000000000000000000000000011111 for cells of type $lcu.
Using template $paramod\_90_lcu\WIDTH=32'00000000000000000000000000110110 for cells of type $lcu.
No more expansions possible.
<suppressed ~29301 debug messages>

14.22. Executing OPT pass (performing simple optimizations).

14.22.1. Executing OPT_EXPR pass (perform const folding).
Optimizing module mkPositCore.
<suppressed ~13391 debug messages>

14.22.2. Executing OPT_MERGE pass (detect identical cells).
Finding identical cells in module `\mkPositCore'.
<suppressed ~4965 debug messages>
Removed a total of 1655 cells.

14.22.3. Executing OPT_DFF pass (perform DFF optimizations).
Adding SRST signal on $auto$ff.cc:266:slice$4246 ($_DFFE_PP_) from module mkPositCore (D = $techmap$flatten\multiplier.$shr$/teamspace/studios/this_studio/Melodica-Integration-into-Fife-Core/Learn_Bluespec_and_RISCV_Design/Code/Build/Fife/verilog/mkMultiplier.v:208$611.$19\buffer[191:0] [0], Q = \multiplier.ff_to_quire.D_OUT [5], rval = 1'0).
Adding SRST signal on $auto$ff.cc:266:slice$4247 ($_DFFE_PP_) from module mkPositCore (D = $techmap$flatten\multiplier.$shr$/teamspace/studios/this_studio/Melodica-Integration-into-Fife-Core/Learn_Bluespec_and_RISCV_Design/Code/Build/Fife/verilog/mkMultiplier.v:208$611.$19\buffer[191:0] [1], Q = \multiplier.ff_to_quire.D_OUT [6], rval = 1'0).
Adding SRST signal on $auto$ff.cc:266:slice$4248 ($_DFFE_PP_) from module mkPositCore (D = $techmap$flatten\multiplier.$shr$/teamspace/studios/this_studio/Melodica-Integration-into-Fife-Core/Learn_Bluespec_and_RISCV_Design/Code/Build/Fife/verilog/mkMultiplier.v:208$611.$19\buffer[191:0] [2], Q = \multiplier.ff_to_quire.D_OUT [7], rval = 1'0).
Adding SRST signal on $auto$ff.cc:266:slice$4249 ($_DFFE_PP_) from module mkPositCore (D = $techmap$flatten\multiplier.$shr$/teamspace/studios/this_studio/Melodica-Integration-into-Fife-Core/Learn_Bluespec_and_RISCV_Design/Code/Build/Fife/verilog/mkMultiplier.v:208$611.$19\buffer[191:0] [3], Q = \multiplier.ff_to_quire.D_OUT [8], rval = 1'0).
Adding SRST signal on $auto$ff.cc:266:slice$4250 ($_DFFE_PP_) from module mkPositCore (D = $techmap$flatten\multiplier.$shr$/teamspace/studios/this_studio/Melodica-Integration-into-Fife-Core/Learn_Bluespec_and_RISCV_Design/Code/Build/Fife/verilog/mkMultiplier.v:208$611.$19\buffer[191:0] [4], Q = \multiplier.ff_to_quire.D_OUT [9], rval = 1'0).
Adding SRST signal on $auto$ff.cc:266:slice$4251 ($_DFFE_PP_) from module mkPositCore (D = $techmap$flatten\multiplier.$shr$/teamspace/studios/this_studio/Melodica-Integration-into-Fife-Core/Learn_Bluespec_and_RISCV_Design/Code/Build/Fife/verilog/mkMultiplier.v:208$611.$19\buffer[191:0] [5], Q = \multiplier.ff_to_quire.D_OUT [10], rval = 1'0).
Adding SRST signal on $auto$ff.cc:266:slice$4252 ($_DFFE_PP_) from module mkPositCore (D = $techmap$flatten\multiplier.$shr$/teamspace/studios/this_studio/Melodica-Integration-into-Fife-Core/Learn_Bluespec_and_RISCV_Design/Code/Build/Fife/verilog/mkMultiplier.v:208$611.$19\buffer[191:0] [6], Q = \multiplier.ff_to_quire.D_OUT [11], rval = 1'0).
Adding SRST signal on $auto$ff.cc:266:slice$4253 ($_DFFE_PP_) from module mkPositCore (D = $techmap$flatten\multiplier.$shr$/teamspace/studios/this_studio/Melodica-Integration-into-Fife-Core/Learn_Bluespec_and_RISCV_Design/Code/Build/Fife/verilog/mkMultiplier.v:208$611.$19\buffer[191:0] [7], Q = \multiplier.ff_to_quire.D_OUT [12], rval = 1'0).
Adding SRST signal on $auto$ff.cc:266:slice$4254 ($_DFFE_PP_) from module mkPositCore (D = $techmap$flatten\multiplier.$shr$/teamspace/studios/this_studio/Melodica-Integration-into-Fife-Core/Learn_Bluespec_and_RISCV_Design/Code/Build/Fife/verilog/mkMultiplier.v:208$611.$19\buffer[191:0] [8], Q = \multiplier.ff_to_quire.D_OUT [13], rval = 1'0).
Adding SRST signal on $auto$ff.cc:266:slice$4255 ($_DFFE_PP_) from module mkPositCore (D = $techmap$flatten\multiplier.$shr$/teamspace/studios/this_studio/Melodica-Integration-into-Fife-Core/Learn_Bluespec_and_RISCV_Design/Code/Build/Fife/verilog/mkMultiplier.v:208$611.$19\buffer[191:0] [9], Q = \multiplier.ff_to_quire.D_OUT [14], rval = 1'0).
Adding SRST signal on $auto$ff.cc:266:slice$4256 ($_DFFE_PP_) from module mkPositCore (D = $techmap$flatten\multiplier.$shr$/teamspace/studios/this_studio/Melodica-Integration-into-Fife-Core/Learn_Bluespec_and_RISCV_Design/Code/Build/Fife/verilog/mkMultiplier.v:208$611.$19\buffer[191:0] [10], Q = \multiplier.ff_to_quire.D_OUT [15], rval = 1'0).
Adding SRST signal on $auto$ff.cc:266:slice$4257 ($_DFFE_PP_) from module mkPositCore (D = $techmap$flatten\multiplier.$shr$/teamspace/studios/this_studio/Melodica-Integration-into-Fife-Core/Learn_Bluespec_and_RISCV_Design/Code/Build/Fife/verilog/mkMultiplier.v:208$611.$19\buffer[191:0] [11], Q = \multiplier.ff_to_quire.D_OUT [16], rval = 1'0).
Adding SRST signal on $auto$ff.cc:266:slice$4258 ($_DFFE_PP_) from module mkPositCore (D = $techmap$flatten\multiplier.$shr$/teamspace/studios/this_studio/Melodica-Integration-into-Fife-Core/Learn_Bluespec_and_RISCV_Design/Code/Build/Fife/verilog/mkMultiplier.v:208$611.$19\buffer[191:0] [12], Q = \multiplier.ff_to_quire.D_OUT [17], rval = 1'0).
Adding SRST signal on $auto$ff.cc:266:slice$4259 ($_DFFE_PP_) from module mkPositCore (D = $techmap$flatten\multiplier.$shr$/teamspace/studios/this_studio/Melodica-Integration-into-Fife-Core/Learn_Bluespec_and_RISCV_Design/Code/Build/Fife/verilog/mkMultiplier.v:208$611.$19\buffer[191:0] [13], Q = \multiplier.ff_to_quire.D_OUT [18], rval = 1'0).
Adding SRST signal on $auto$ff.cc:266:slice$4260 ($_DFFE_PP_) from module mkPositCore (D = $techmap$flatten\multiplier.$shr$/teamspace/studios/this_studio/Melodica-Integration-into-Fife-Core/Learn_Bluespec_and_RISCV_Design/Code/Build/Fife/verilog/mkMultiplier.v:208$611.$19\buffer[191:0] [14], Q = \multiplier.ff_to_quire.D_OUT [19], rval = 1'0).
Adding SRST signal on $auto$ff.cc:266:slice$4261 ($_DFFE_PP_) from module mkPositCore (D = $techmap$flatten\multiplier.$shr$/teamspace/studios/this_studio/Melodica-Integration-into-Fife-Core/Learn_Bluespec_and_RISCV_Design/Code/Build/Fife/verilog/mkMultiplier.v:208$611.$19\buffer[191:0] [15], Q = \multiplier.ff_to_quire.D_OUT [20], rval = 1'0).
Adding SRST signal on $auto$ff.cc:266:slice$4262 ($_DFFE_PP_) from module mkPositCore (D = $techmap$flatten\multiplier.$shr$/teamspace/studios/this_studio/Melodica-Integration-into-Fife-Core/Learn_Bluespec_and_RISCV_Design/Code/Build/Fife/verilog/mkMultiplier.v:208$611.$19\buffer[191:0] [16], Q = \multiplier.ff_to_quire.D_OUT [21], rval = 1'0).
Adding SRST signal on $auto$ff.cc:266:slice$4263 ($_DFFE_PP_) from module mkPositCore (D = $techmap$flatten\multiplier.$shr$/teamspace/studios/this_studio/Melodica-Integration-into-Fife-Core/Learn_Bluespec_and_RISCV_Design/Code/Build/Fife/verilog/mkMultiplier.v:208$611.$19\buffer[191:0] [17], Q = \multiplier.ff_to_quire.D_OUT [22], rval = 1'0).
Adding SRST signal on $auto$ff.cc:266:slice$4264 ($_DFFE_PP_) from module mkPositCore (D = $techmap$flatten\multiplier.$shr$/teamspace/studios/this_studio/Melodica-Integration-into-Fife-Core/Learn_Bluespec_and_RISCV_Design/Code/Build/Fife/verilog/mkMultiplier.v:208$611.$19\buffer[191:0] [18], Q = \multiplier.ff_to_quire.D_OUT [23], rval = 1'0).
Adding SRST signal on $auto$ff.cc:266:slice$4265 ($_DFFE_PP_) from module mkPositCore (D = $techmap$flatten\multiplier.$shr$/teamspace/studios/this_studio/Melodica-Integration-into-Fife-Core/Learn_Bluespec_and_RISCV_Design/Code/Build/Fife/verilog/mkMultiplier.v:208$611.$19\buffer[191:0] [19], Q = \multiplier.ff_to_quire.D_OUT [24], rval = 1'0).
Adding SRST signal on $auto$ff.cc:266:slice$4266 ($_DFFE_PP_) from module mkPositCore (D = $techmap$flatten\multiplier.$shr$/teamspace/studios/this_studio/Melodica-Integration-into-Fife-Core/Learn_Bluespec_and_RISCV_Design/Code/Build/Fife/verilog/mkMultiplier.v:208$611.$19\buffer[191:0] [20], Q = \multiplier.ff_to_quire.D_OUT [25], rval = 1'0).
Adding SRST signal on $auto$ff.cc:266:slice$4267 ($_DFFE_PP_) from module mkPositCore (D = $techmap$flatten\multiplier.$shr$/teamspace/studios/this_studio/Melodica-Integration-into-Fife-Core/Learn_Bluespec_and_RISCV_Design/Code/Build/Fife/verilog/mkMultiplier.v:208$611.$19\buffer[191:0] [21], Q = \multiplier.ff_to_quire.D_OUT [26], rval = 1'0).
Adding SRST signal on $auto$ff.cc:266:slice$4268 ($_DFFE_PP_) from module mkPositCore (D = $techmap$flatten\multiplier.$shr$/teamspace/studios/this_studio/Melodica-Integration-into-Fife-Core/Learn_Bluespec_and_RISCV_Design/Code/Build/Fife/verilog/mkMultiplier.v:208$611.$19\buffer[191:0] [22], Q = \multiplier.ff_to_quire.D_OUT [27], rval = 1'0).
Adding SRST signal on $auto$ff.cc:266:slice$4269 ($_DFFE_PP_) from module mkPositCore (D = $techmap$flatten\multiplier.$shr$/teamspace/studios/this_studio/Melodica-Integration-into-Fife-Core/Learn_Bluespec_and_RISCV_Design/Code/Build/Fife/verilog/mkMultiplier.v:208$611.$19\buffer[191:0] [23], Q = \multiplier.ff_to_quire.D_OUT [28], rval = 1'0).
Adding SRST signal on $auto$ff.cc:266:slice$4270 ($_DFFE_PP_) from module mkPositCore (D = $techmap$flatten\multiplier.$shr$/teamspace/studios/this_studio/Melodica-Integration-into-Fife-Core/Learn_Bluespec_and_RISCV_Design/Code/Build/Fife/verilog/mkMultiplier.v:208$611.$19\buffer[191:0] [24], Q = \multiplier.ff_to_quire.D_OUT [29], rval = 1'0).
Adding SRST signal on $auto$ff.cc:266:slice$4271 ($_DFFE_PP_) from module mkPositCore (D = $techmap$flatten\multiplier.$shr$/teamspace/studios/this_studio/Melodica-Integration-into-Fife-Core/Learn_Bluespec_and_RISCV_Design/Code/Build/Fife/verilog/mkMultiplier.v:208$611.$19\buffer[191:0] [25], Q = \multiplier.ff_to_quire.D_OUT [30], rval = 1'0).
Adding SRST signal on $auto$ff.cc:266:slice$4272 ($_DFFE_PP_) from module mkPositCore (D = $techmap$flatten\multiplier.$shr$/teamspace/studios/this_studio/Melodica-Integration-into-Fife-Core/Learn_Bluespec_and_RISCV_Design/Code/Build/Fife/verilog/mkMultiplier.v:208$611.$19\buffer[191:0] [26], Q = \multiplier.ff_to_quire.D_OUT [31], rval = 1'0).
Adding SRST signal on $auto$ff.cc:266:slice$4273 ($_DFFE_PP_) from module mkPositCore (D = $techmap$flatten\multiplier.$shr$/teamspace/studios/this_studio/Melodica-Integration-into-Fife-Core/Learn_Bluespec_and_RISCV_Design/Code/Build/Fife/verilog/mkMultiplier.v:208$611.$19\buffer[191:0] [27], Q = \multiplier.ff_to_quire.D_OUT [32], rval = 1'0).
Adding SRST signal on $auto$ff.cc:266:slice$4274 ($_DFFE_PP_) from module mkPositCore (D = $techmap$flatten\multiplier.$shr$/teamspace/studios/this_studio/Melodica-Integration-into-Fife-Core/Learn_Bluespec_and_RISCV_Design/Code/Build/Fife/verilog/mkMultiplier.v:208$611.$19\buffer[191:0] [28], Q = \multiplier.ff_to_quire.D_OUT [33], rval = 1'0).
Adding SRST signal on $auto$ff.cc:266:slice$4275 ($_DFFE_PP_) from module mkPositCore (D = $techmap$flatten\multiplier.$shr$/teamspace/studios/this_studio/Melodica-Integration-into-Fife-Core/Learn_Bluespec_and_RISCV_Design/Code/Build/Fife/verilog/mkMultiplier.v:208$611.$19\buffer[191:0] [29], Q = \multiplier.ff_to_quire.D_OUT [34], rval = 1'0).
Adding SRST signal on $auto$ff.cc:266:slice$4276 ($_DFFE_PP_) from module mkPositCore (D = $techmap$flatten\multiplier.$shr$/teamspace/studios/this_studio/Melodica-Integration-into-Fife-Core/Learn_Bluespec_and_RISCV_Design/Code/Build/Fife/verilog/mkMultiplier.v:208$611.$19\buffer[191:0] [30], Q = \multiplier.ff_to_quire.D_OUT [35], rval = 1'0).
Adding SRST signal on $auto$ff.cc:266:slice$4277 ($_DFFE_PP_) from module mkPositCore (D = $techmap$flatten\multiplier.$shr$/teamspace/studios/this_studio/Melodica-Integration-into-Fife-Core/Learn_Bluespec_and_RISCV_Design/Code/Build/Fife/verilog/mkMultiplier.v:208$611.$19\buffer[191:0] [31], Q = \multiplier.ff_to_quire.D_OUT [36], rval = 1'0).
Adding SRST signal on $auto$ff.cc:266:slice$4278 ($_DFFE_PP_) from module mkPositCore (D = $techmap$flatten\multiplier.$shr$/teamspace/studios/this_studio/Melodica-Integration-into-Fife-Core/Learn_Bluespec_and_RISCV_Design/Code/Build/Fife/verilog/mkMultiplier.v:208$611.$19\buffer[191:0] [32], Q = \multiplier.ff_to_quire.D_OUT [37], rval = 1'0).
Adding SRST signal on $auto$ff.cc:266:slice$4279 ($_DFFE_PP_) from module mkPositCore (D = $techmap$flatten\multiplier.$shr$/teamspace/studios/this_studio/Melodica-Integration-into-Fife-Core/Learn_Bluespec_and_RISCV_Design/Code/Build/Fife/verilog/mkMultiplier.v:208$611.$16\buffer[191:0] [33], Q = \multiplier.ff_to_quire.D_OUT [38], rval = 1'0).
Adding SRST signal on $auto$ff.cc:266:slice$4280 ($_DFFE_PP_) from module mkPositCore (D = $techmap$flatten\multiplier.$shr$/teamspace/studios/this_studio/Melodica-Integration-into-Fife-Core/Learn_Bluespec_and_RISCV_Design/Code/Build/Fife/verilog/mkMultiplier.v:208$611.$16\buffer[191:0] [34], Q = \multiplier.ff_to_quire.D_OUT [39], rval = 1'0).
Adding SRST signal on $auto$ff.cc:266:slice$4281 ($_DFFE_PP_) from module mkPositCore (D = $techmap$flatten\multiplier.$shr$/teamspace/studios/this_studio/Melodica-Integration-into-Fife-Core/Learn_Bluespec_and_RISCV_Design/Code/Build/Fife/verilog/mkMultiplier.v:208$611.$16\buffer[191:0] [35], Q = \multiplier.ff_to_quire.D_OUT [40], rval = 1'0).
Adding SRST signal on $auto$ff.cc:266:slice$4282 ($_DFFE_PP_) from module mkPositCore (D = $techmap$flatten\multiplier.$shr$/teamspace/studios/this_studio/Melodica-Integration-into-Fife-Core/Learn_Bluespec_and_RISCV_Design/Code/Build/Fife/verilog/mkMultiplier.v:208$611.$16\buffer[191:0] [36], Q = \multiplier.ff_to_quire.D_OUT [41], rval = 1'0).
Adding SRST signal on $auto$ff.cc:266:slice$4283 ($_DFFE_PP_) from module mkPositCore (D = $techmap$flatten\multiplier.$shr$/teamspace/studios/this_studio/Melodica-Integration-into-Fife-Core/Learn_Bluespec_and_RISCV_Design/Code/Build/Fife/verilog/mkMultiplier.v:208$611.$16\buffer[191:0] [37], Q = \multiplier.ff_to_quire.D_OUT [42], rval = 1'0).
Adding SRST signal on $auto$ff.cc:266:slice$4284 ($_DFFE_PP_) from module mkPositCore (D = $techmap$flatten\multiplier.$shr$/teamspace/studios/this_studio/Melodica-Integration-into-Fife-Core/Learn_Bluespec_and_RISCV_Design/Code/Build/Fife/verilog/mkMultiplier.v:208$611.$16\buffer[191:0] [38], Q = \multiplier.ff_to_quire.D_OUT [43], rval = 1'0).
Adding SRST signal on $auto$ff.cc:266:slice$4285 ($_DFFE_PP_) from module mkPositCore (D = $techmap$flatten\multiplier.$shr$/teamspace/studios/this_studio/Melodica-Integration-into-Fife-Core/Learn_Bluespec_and_RISCV_Design/Code/Build/Fife/verilog/mkMultiplier.v:208$611.$16\buffer[191:0] [39], Q = \multiplier.ff_to_quire.D_OUT [44], rval = 1'0).
Adding SRST signal on $auto$ff.cc:266:slice$4286 ($_DFFE_PP_) from module mkPositCore (D = $techmap$flatten\multiplier.$shr$/teamspace/studios/this_studio/Melodica-Integration-into-Fife-Core/Learn_Bluespec_and_RISCV_Design/Code/Build/Fife/verilog/mkMultiplier.v:208$611.$16\buffer[191:0] [40], Q = \multiplier.ff_to_quire.D_OUT [45], rval = 1'0).
Adding SRST signal on $auto$ff.cc:266:slice$4287 ($_DFFE_PP_) from module mkPositCore (D = $techmap$flatten\multiplier.$shr$/teamspace/studios/this_studio/Melodica-Integration-into-Fife-Core/Learn_Bluespec_and_RISCV_Design/Code/Build/Fife/verilog/mkMultiplier.v:208$611.$16\buffer[191:0] [41], Q = \multiplier.ff_to_quire.D_OUT [46], rval = 1'0).
Adding SRST signal on $auto$ff.cc:266:slice$4288 ($_DFFE_PP_) from module mkPositCore (D = $techmap$flatten\multiplier.$shr$/teamspace/studios/this_studio/Melodica-Integration-into-Fife-Core/Learn_Bluespec_and_RISCV_Design/Code/Build/Fife/verilog/mkMultiplier.v:208$611.$16\buffer[191:0] [42], Q = \multiplier.ff_to_quire.D_OUT [47], rval = 1'0).
Adding SRST signal on $auto$ff.cc:266:slice$4343 ($_DFFE_PP_) from module mkPositCore (D = $techmap$flatten\multiplier.$shl$/teamspace/studios/this_studio/Melodica-Integration-into-Fife-Core/Learn_Bluespec_and_RISCV_Design/Code/Build/Fife/verilog/mkMultiplier.v:206$610.$11\buffer[191:0] [97], Q = \multiplier.ff_to_quire.D_OUT [102], rval = 1'0).
Adding SRST signal on $auto$ff.cc:266:slice$4344 ($_DFFE_PP_) from module mkPositCore (D = $techmap$flatten\multiplier.$shl$/teamspace/studios/this_studio/Melodica-Integration-into-Fife-Core/Learn_Bluespec_and_RISCV_Design/Code/Build/Fife/verilog/mkMultiplier.v:206$610.$11\buffer[191:0] [98], Q = \multiplier.ff_to_quire.D_OUT [103], rval = 1'0).
Adding SRST signal on $auto$ff.cc:266:slice$4345 ($_DFFE_PP_) from module mkPositCore (D = $techmap$flatten\multiplier.$shl$/teamspace/studios/this_studio/Melodica-Integration-into-Fife-Core/Learn_Bluespec_and_RISCV_Design/Code/Build/Fife/verilog/mkMultiplier.v:206$610.$11\buffer[191:0] [99], Q = \multiplier.ff_to_quire.D_OUT [104], rval = 1'0).
Adding SRST signal on $auto$ff.cc:266:slice$4346 ($_DFFE_PP_) from module mkPositCore (D = $techmap$flatten\multiplier.$shl$/teamspace/studios/this_studio/Melodica-Integration-into-Fife-Core/Learn_Bluespec_and_RISCV_Design/Code/Build/Fife/verilog/mkMultiplier.v:206$610.$11\buffer[191:0] [100], Q = \multiplier.ff_to_quire.D_OUT [105], rval = 1'0).
Adding SRST signal on $auto$ff.cc:266:slice$4347 ($_DFFE_PP_) from module mkPositCore (D = $techmap$flatten\multiplier.$shl$/teamspace/studios/this_studio/Melodica-Integration-into-Fife-Core/Learn_Bluespec_and_RISCV_Design/Code/Build/Fife/verilog/mkMultiplier.v:206$610.$11\buffer[191:0] [101], Q = \multiplier.ff_to_quire.D_OUT [106], rval = 1'0).
Adding SRST signal on $auto$ff.cc:266:slice$4348 ($_DFFE_PP_) from module mkPositCore (D = $techmap$flatten\multiplier.$shl$/teamspace/studios/this_studio/Melodica-Integration-into-Fife-Core/Learn_Bluespec_and_RISCV_Design/Code/Build/Fife/verilog/mkMultiplier.v:206$610.$11\buffer[191:0] [102], Q = \multiplier.ff_to_quire.D_OUT [107], rval = 1'0).
Adding SRST signal on $auto$ff.cc:266:slice$4349 ($_DFFE_PP_) from module mkPositCore (D = $techmap$flatten\multiplier.$shl$/teamspace/studios/this_studio/Melodica-Integration-into-Fife-Core/Learn_Bluespec_and_RISCV_Design/Code/Build/Fife/verilog/mkMultiplier.v:206$610.$11\buffer[191:0] [103], Q = \multiplier.ff_to_quire.D_OUT [108], rval = 1'0).
Adding SRST signal on $auto$ff.cc:266:slice$4350 ($_DFFE_PP_) from module mkPositCore (D = $techmap$flatten\multiplier.$shl$/teamspace/studios/this_studio/Melodica-Integration-into-Fife-Core/Learn_Bluespec_and_RISCV_Design/Code/Build/Fife/verilog/mkMultiplier.v:206$610.$11\buffer[191:0] [104], Q = \multiplier.ff_to_quire.D_OUT [109], rval = 1'0).
Adding SRST signal on $auto$ff.cc:266:slice$4351 ($_DFFE_PP_) from module mkPositCore (D = $techmap$flatten\multiplier.$shl$/teamspace/studios/this_studio/Melodica-Integration-into-Fife-Core/Learn_Bluespec_and_RISCV_Design/Code/Build/Fife/verilog/mkMultiplier.v:206$610.$11\buffer[191:0] [105], Q = \multiplier.ff_to_quire.D_OUT [110], rval = 1'0).
Adding SRST signal on $auto$ff.cc:266:slice$4352 ($_DFFE_PP_) from module mkPositCore (D = $techmap$flatten\multiplier.$shl$/teamspace/studios/this_studio/Melodica-Integration-into-Fife-Core/Learn_Bluespec_and_RISCV_Design/Code/Build/Fife/verilog/mkMultiplier.v:206$610.$11\buffer[191:0] [106], Q = \multiplier.ff_to_quire.D_OUT [111], rval = 1'0).
Adding SRST signal on $auto$ff.cc:266:slice$4353 ($_DFFE_PP_) from module mkPositCore (D = $techmap$flatten\multiplier.$shl$/teamspace/studios/this_studio/Melodica-Integration-into-Fife-Core/Learn_Bluespec_and_RISCV_Design/Code/Build/Fife/verilog/mkMultiplier.v:206$610.$13\buffer[191:0] [107], Q = \multiplier.ff_to_quire.D_OUT [112], rval = 1'0).
Adding SRST signal on $auto$ff.cc:266:slice$4354 ($_DFFE_PP_) from module mkPositCore (D = $techmap$flatten\multiplier.$shl$/teamspace/studios/this_studio/Melodica-Integration-into-Fife-Core/Learn_Bluespec_and_RISCV_Design/Code/Build/Fife/verilog/mkMultiplier.v:206$610.$13\buffer[191:0] [108], Q = \multiplier.ff_to_quire.D_OUT [113], rval = 1'0).
Adding SRST signal on $auto$ff.cc:266:slice$4355 ($_DFFE_PP_) from module mkPositCore (D = $techmap$flatten\multiplier.$shl$/teamspace/studios/this_studio/Melodica-Integration-into-Fife-Core/Learn_Bluespec_and_RISCV_Design/Code/Build/Fife/verilog/mkMultiplier.v:206$610.$13\buffer[191:0] [109], Q = \multiplier.ff_to_quire.D_OUT [114], rval = 1'0).
Adding SRST signal on $auto$ff.cc:266:slice$4356 ($_DFFE_PP_) from module mkPositCore (D = $techmap$flatten\multiplier.$shl$/teamspace/studios/this_studio/Melodica-Integration-into-Fife-Core/Learn_Bluespec_and_RISCV_Design/Code/Build/Fife/verilog/mkMultiplier.v:206$610.$13\buffer[191:0] [110], Q = \multiplier.ff_to_quire.D_OUT [115], rval = 1'0).
Adding SRST signal on $auto$ff.cc:266:slice$4357 ($_DFFE_PP_) from module mkPositCore (D = $techmap$flatten\multiplier.$shl$/teamspace/studios/this_studio/Melodica-Integration-into-Fife-Core/Learn_Bluespec_and_RISCV_Design/Code/Build/Fife/verilog/mkMultiplier.v:206$610.$13\buffer[191:0] [111], Q = \multiplier.ff_to_quire.D_OUT [116], rval = 1'0).
Adding SRST signal on $auto$ff.cc:266:slice$4358 ($_DFFE_PP_) from module mkPositCore (D = $techmap$flatten\multiplier.$shl$/teamspace/studios/this_studio/Melodica-Integration-into-Fife-Core/Learn_Bluespec_and_RISCV_Design/Code/Build/Fife/verilog/mkMultiplier.v:206$610.$13\buffer[191:0] [112], Q = \multiplier.ff_to_quire.D_OUT [117], rval = 1'0).
Adding SRST signal on $auto$ff.cc:266:slice$4359 ($_DFFE_PP_) from module mkPositCore (D = $techmap$flatten\multiplier.$shl$/teamspace/studios/this_studio/Melodica-Integration-into-Fife-Core/Learn_Bluespec_and_RISCV_Design/Code/Build/Fife/verilog/mkMultiplier.v:206$610.$13\buffer[191:0] [113], Q = \multiplier.ff_to_quire.D_OUT [118], rval = 1'0).
Adding SRST signal on $auto$ff.cc:266:slice$4360 ($_DFFE_PP_) from module mkPositCore (D = $techmap$flatten\multiplier.$shl$/teamspace/studios/this_studio/Melodica-Integration-into-Fife-Core/Learn_Bluespec_and_RISCV_Design/Code/Build/Fife/verilog/mkMultiplier.v:206$610.$13\buffer[191:0] [114], Q = \multiplier.ff_to_quire.D_OUT [119], rval = 1'0).
Adding SRST signal on $auto$ff.cc:266:slice$4361 ($_DFFE_PP_) from module mkPositCore (D = $techmap$flatten\multiplier.$shl$/teamspace/studios/this_studio/Melodica-Integration-into-Fife-Core/Learn_Bluespec_and_RISCV_Design/Code/Build/Fife/verilog/mkMultiplier.v:206$610.$13\buffer[191:0] [115], Q = \multiplier.ff_to_quire.D_OUT [120], rval = 1'0).
Adding SRST signal on $auto$ff.cc:266:slice$4362 ($_DFFE_PP_) from module mkPositCore (D = $techmap$flatten\multiplier.$shl$/teamspace/studios/this_studio/Melodica-Integration-into-Fife-Core/Learn_Bluespec_and_RISCV_Design/Code/Build/Fife/verilog/mkMultiplier.v:206$610.$13\buffer[191:0] [116], Q = \multiplier.ff_to_quire.D_OUT [121], rval = 1'0).
Adding SRST signal on $auto$ff.cc:266:slice$4363 ($_DFFE_PP_) from module mkPositCore (D = $techmap$flatten\multiplier.$shl$/teamspace/studios/this_studio/Melodica-Integration-into-Fife-Core/Learn_Bluespec_and_RISCV_Design/Code/Build/Fife/verilog/mkMultiplier.v:206$610.$13\buffer[191:0] [117], Q = \multiplier.ff_to_quire.D_OUT [122], rval = 1'0).
Adding SRST signal on $auto$ff.cc:266:slice$4364 ($_DFFE_PP_) from module mkPositCore (D = $techmap$flatten\multiplier.$shl$/teamspace/studios/this_studio/Melodica-Integration-into-Fife-Core/Learn_Bluespec_and_RISCV_Design/Code/Build/Fife/verilog/mkMultiplier.v:206$610.$13\buffer[191:0] [118], Q = \multiplier.ff_to_quire.D_OUT [123], rval = 1'0).
Adding SRST signal on $auto$ff.cc:266:slice$4365 ($_DFFE_PP_) from module mkPositCore (D = $techmap$flatten\multiplier.$shl$/teamspace/studios/this_studio/Melodica-Integration-into-Fife-Core/Learn_Bluespec_and_RISCV_Design/Code/Build/Fife/verilog/mkMultiplier.v:206$610.$13\buffer[191:0] [119], Q = \multiplier.ff_to_quire.D_OUT [124], rval = 1'0).
Adding SRST signal on $auto$ff.cc:266:slice$4366 ($_DFFE_PP_) from module mkPositCore (D = $techmap$flatten\multiplier.$shl$/teamspace/studios/this_studio/Melodica-Integration-into-Fife-Core/Learn_Bluespec_and_RISCV_Design/Code/Build/Fife/verilog/mkMultiplier.v:206$610.$13\buffer[191:0] [120], Q = \multiplier.ff_to_quire.D_OUT [125], rval = 1'0).
Adding SRST signal on $auto$ff.cc:266:slice$4367 ($_DFFE_PP_) from module mkPositCore (D = $techmap$flatten\multiplier.$shl$/teamspace/studios/this_studio/Melodica-Integration-into-Fife-Core/Learn_Bluespec_and_RISCV_Design/Code/Build/Fife/verilog/mkMultiplier.v:206$610.$13\buffer[191:0] [121], Q = \multiplier.ff_to_quire.D_OUT [126], rval = 1'0).
Adding SRST signal on $auto$ff.cc:266:slice$4368 ($_DFFE_PP_) from module mkPositCore (D = $techmap$flatten\multiplier.$shl$/teamspace/studios/this_studio/Melodica-Integration-into-Fife-Core/Learn_Bluespec_and_RISCV_Design/Code/Build/Fife/verilog/mkMultiplier.v:206$610.$13\buffer[191:0] [122], Q = \multiplier.ff_to_quire.D_OUT [127], rval = 1'0).
Adding SRST signal on $auto$ff.cc:266:slice$4369 ($_DFFE_PP_) from module mkPositCore (D = $techmap$flatten\multiplier.$shl$/teamspace/studios/this_studio/Melodica-Integration-into-Fife-Core/Learn_Bluespec_and_RISCV_Design/Code/Build/Fife/verilog/mkMultiplier.v:206$610.$13\buffer[191:0] [123], Q = \multiplier.ff_to_quire.D_OUT [128], rval = 1'0).
Adding SRST signal on $auto$ff.cc:266:slice$4370 ($_DFFE_PP_) from module mkPositCore (D = $techmap$flatten\multiplier.$shl$/teamspace/studios/this_studio/Melodica-Integration-into-Fife-Core/Learn_Bluespec_and_RISCV_Design/Code/Build/Fife/verilog/mkMultiplier.v:206$610.$13\buffer[191:0] [124], Q = \multiplier.ff_to_quire.D_OUT [129], rval = 1'0).
Adding SRST signal on $auto$ff.cc:266:slice$4371 ($_DFFE_PP_) from module mkPositCore (D = $techmap$flatten\multiplier.$shl$/teamspace/studios/this_studio/Melodica-Integration-into-Fife-Core/Learn_Bluespec_and_RISCV_Design/Code/Build/Fife/verilog/mkMultiplier.v:206$610.$13\buffer[191:0] [125], Q = \multiplier.ff_to_quire.D_OUT [130], rval = 1'0).
Adding SRST signal on $auto$ff.cc:266:slice$4372 ($_DFFE_PP_) from module mkPositCore (D = $techmap$flatten\multiplier.$shl$/teamspace/studios/this_studio/Melodica-Integration-into-Fife-Core/Learn_Bluespec_and_RISCV_Design/Code/Build/Fife/verilog/mkMultiplier.v:206$610.$13\buffer[191:0] [126], Q = \multiplier.ff_to_quire.D_OUT [131], rval = 1'0).
Adding SRST signal on $auto$ff.cc:266:slice$4373 ($_DFFE_PP_) from module mkPositCore (D = $techmap$flatten\multiplier.$shl$/teamspace/studios/this_studio/Melodica-Integration-into-Fife-Core/Learn_Bluespec_and_RISCV_Design/Code/Build/Fife/verilog/mkMultiplier.v:206$610.$13\buffer[191:0] [127], Q = \multiplier.ff_to_quire.D_OUT [132], rval = 1'0).
Adding SRST signal on $auto$ff.cc:266:slice$4374 ($_DFFE_PP_) from module mkPositCore (D = $techmap$flatten\multiplier.$shl$/teamspace/studios/this_studio/Melodica-Integration-into-Fife-Core/Learn_Bluespec_and_RISCV_Design/Code/Build/Fife/verilog/mkMultiplier.v:206$610.$13\buffer[191:0] [128], Q = \multiplier.ff_to_quire.D_OUT [133], rval = 1'0).
Adding SRST signal on $auto$ff.cc:266:slice$4375 ($_DFFE_PP_) from module mkPositCore (D = $techmap$flatten\multiplier.$shl$/teamspace/studios/this_studio/Melodica-Integration-into-Fife-Core/Learn_Bluespec_and_RISCV_Design/Code/Build/Fife/verilog/mkMultiplier.v:206$610.$13\buffer[191:0] [129], Q = \multiplier.ff_to_quire.D_OUT [134], rval = 1'0).
Adding SRST signal on $auto$ff.cc:266:slice$4376 ($_DFFE_PP_) from module mkPositCore (D = $techmap$flatten\multiplier.$shl$/teamspace/studios/this_studio/Melodica-Integration-into-Fife-Core/Learn_Bluespec_and_RISCV_Design/Code/Build/Fife/verilog/mkMultiplier.v:206$610.$13\buffer[191:0] [130], Q = \multiplier.ff_to_quire.D_OUT [135], rval = 1'0).
Adding SRST signal on $auto$ff.cc:266:slice$4377 ($_DFFE_PP_) from module mkPositCore (D = $techmap$flatten\multiplier.$shl$/teamspace/studios/this_studio/Melodica-Integration-into-Fife-Core/Learn_Bluespec_and_RISCV_Design/Code/Build/Fife/verilog/mkMultiplier.v:206$610.$13\buffer[191:0] [131], Q = \multiplier.ff_to_quire.D_OUT [136], rval = 1'0).
Adding SRST signal on $auto$ff.cc:266:slice$4378 ($_DFFE_PP_) from module mkPositCore (D = $techmap$flatten\multiplier.$shl$/teamspace/studios/this_studio/Melodica-Integration-into-Fife-Core/Learn_Bluespec_and_RISCV_Design/Code/Build/Fife/verilog/mkMultiplier.v:206$610.$13\buffer[191:0] [132], Q = \multiplier.ff_to_quire.D_OUT [137], rval = 1'0).
Adding SRST signal on $auto$ff.cc:266:slice$4379 ($_DFFE_PP_) from module mkPositCore (D = $techmap$flatten\multiplier.$shl$/teamspace/studios/this_studio/Melodica-Integration-into-Fife-Core/Learn_Bluespec_and_RISCV_Design/Code/Build/Fife/verilog/mkMultiplier.v:206$610.$13\buffer[191:0] [133], Q = \multiplier.ff_to_quire.D_OUT [138], rval = 1'0).
Adding SRST signal on $auto$ff.cc:266:slice$4380 ($_DFFE_PP_) from module mkPositCore (D = $techmap$flatten\multiplier.$shl$/teamspace/studios/this_studio/Melodica-Integration-into-Fife-Core/Learn_Bluespec_and_RISCV_Design/Code/Build/Fife/verilog/mkMultiplier.v:206$610.$13\buffer[191:0] [134], Q = \multiplier.ff_to_quire.D_OUT [139], rval = 1'0).
Adding SRST signal on $auto$ff.cc:266:slice$4381 ($_DFFE_PP_) from module mkPositCore (D = $techmap$flatten\multiplier.$shl$/teamspace/studios/this_studio/Melodica-Integration-into-Fife-Core/Learn_Bluespec_and_RISCV_Design/Code/Build/Fife/verilog/mkMultiplier.v:206$610.$13\buffer[191:0] [135], Q = \multiplier.ff_to_quire.D_OUT [140], rval = 1'0).
Adding SRST signal on $auto$ff.cc:266:slice$4382 ($_DFFE_PP_) from module mkPositCore (D = $techmap$flatten\multiplier.$shl$/teamspace/studios/this_studio/Melodica-Integration-into-Fife-Core/Learn_Bluespec_and_RISCV_Design/Code/Build/Fife/verilog/mkMultiplier.v:206$610.$13\buffer[191:0] [136], Q = \multiplier.ff_to_quire.D_OUT [141], rval = 1'0).
Adding SRST signal on $auto$ff.cc:266:slice$4383 ($_DFFE_PP_) from module mkPositCore (D = $techmap$flatten\multiplier.$shl$/teamspace/studios/this_studio/Melodica-Integration-into-Fife-Core/Learn_Bluespec_and_RISCV_Design/Code/Build/Fife/verilog/mkMultiplier.v:206$610.$13\buffer[191:0] [137], Q = \multiplier.ff_to_quire.D_OUT [142], rval = 1'0).
Adding SRST signal on $auto$ff.cc:266:slice$4384 ($_DFFE_PP_) from module mkPositCore (D = $techmap$flatten\multiplier.$shl$/teamspace/studios/this_studio/Melodica-Integration-into-Fife-Core/Learn_Bluespec_and_RISCV_Design/Code/Build/Fife/verilog/mkMultiplier.v:206$610.$13\buffer[191:0] [138], Q = \multiplier.ff_to_quire.D_OUT [143], rval = 1'0).
Adding SRST signal on $auto$ff.cc:266:slice$4385 ($_DFFE_PP_) from module mkPositCore (D = $techmap$flatten\multiplier.$shl$/teamspace/studios/this_studio/Melodica-Integration-into-Fife-Core/Learn_Bluespec_and_RISCV_Design/Code/Build/Fife/verilog/mkMultiplier.v:206$610.$13\buffer[191:0] [139], Q = \multiplier.ff_to_quire.D_OUT [144], rval = 1'0).
Adding SRST signal on $auto$ff.cc:266:slice$4386 ($_DFFE_PP_) from module mkPositCore (D = $techmap$flatten\multiplier.$shl$/teamspace/studios/this_studio/Melodica-Integration-into-Fife-Core/Learn_Bluespec_and_RISCV_Design/Code/Build/Fife/verilog/mkMultiplier.v:206$610.$13\buffer[191:0] [140], Q = \multiplier.ff_to_quire.D_OUT [145], rval = 1'0).
Adding SRST signal on $auto$ff.cc:266:slice$4387 ($_DFFE_PP_) from module mkPositCore (D = $techmap$flatten\multiplier.$shl$/teamspace/studios/this_studio/Melodica-Integration-into-Fife-Core/Learn_Bluespec_and_RISCV_Design/Code/Build/Fife/verilog/mkMultiplier.v:206$610.$13\buffer[191:0] [141], Q = \multiplier.ff_to_quire.D_OUT [146], rval = 1'0).
Adding SRST signal on $auto$ff.cc:266:slice$4388 ($_DFFE_PP_) from module mkPositCore (D = $techmap$flatten\multiplier.$shl$/teamspace/studios/this_studio/Melodica-Integration-into-Fife-Core/Learn_Bluespec_and_RISCV_Design/Code/Build/Fife/verilog/mkMultiplier.v:206$610.$13\buffer[191:0] [142], Q = \multiplier.ff_to_quire.D_OUT [147], rval = 1'0).
Adding SRST signal on $auto$ff.cc:266:slice$4389 ($_DFFE_PP_) from module mkPositCore (D = $techmap$flatten\multiplier.$shl$/teamspace/studios/this_studio/Melodica-Integration-into-Fife-Core/Learn_Bluespec_and_RISCV_Design/Code/Build/Fife/verilog/mkMultiplier.v:206$610.$13\buffer[191:0] [143], Q = \multiplier.ff_to_quire.D_OUT [148], rval = 1'0).
Adding SRST signal on $auto$ff.cc:266:slice$4390 ($_DFFE_PP_) from module mkPositCore (D = $techmap$flatten\multiplier.$shl$/teamspace/studios/this_studio/Melodica-Integration-into-Fife-Core/Learn_Bluespec_and_RISCV_Design/Code/Build/Fife/verilog/mkMultiplier.v:206$610.$13\buffer[191:0] [144], Q = \multiplier.ff_to_quire.D_OUT [149], rval = 1'0).
Adding SRST signal on $auto$ff.cc:266:slice$4391 ($_DFFE_PP_) from module mkPositCore (D = $techmap$flatten\multiplier.$shl$/teamspace/studios/this_studio/Melodica-Integration-into-Fife-Core/Learn_Bluespec_and_RISCV_Design/Code/Build/Fife/verilog/mkMultiplier.v:206$610.$13\buffer[191:0] [145], Q = \multiplier.ff_to_quire.D_OUT [150], rval = 1'0).
Adding SRST signal on $auto$ff.cc:266:slice$4392 ($_DFFE_PP_) from module mkPositCore (D = $techmap$flatten\multiplier.$shl$/teamspace/studios/this_studio/Melodica-Integration-into-Fife-Core/Learn_Bluespec_and_RISCV_Design/Code/Build/Fife/verilog/mkMultiplier.v:206$610.$13\buffer[191:0] [146], Q = \multiplier.ff_to_quire.D_OUT [151], rval = 1'0).
Adding SRST signal on $auto$ff.cc:266:slice$4393 ($_DFFE_PP_) from module mkPositCore (D = $techmap$flatten\multiplier.$shl$/teamspace/studios/this_studio/Melodica-Integration-into-Fife-Core/Learn_Bluespec_and_RISCV_Design/Code/Build/Fife/verilog/mkMultiplier.v:206$610.$13\buffer[191:0] [147], Q = \multiplier.ff_to_quire.D_OUT [152], rval = 1'0).
Adding SRST signal on $auto$ff.cc:266:slice$4394 ($_DFFE_PP_) from module mkPositCore (D = $techmap$flatten\multiplier.$shl$/teamspace/studios/this_studio/Melodica-Integration-into-Fife-Core/Learn_Bluespec_and_RISCV_Design/Code/Build/Fife/verilog/mkMultiplier.v:206$610.$13\buffer[191:0] [148], Q = \multiplier.ff_to_quire.D_OUT [153], rval = 1'0).
Adding SRST signal on $auto$ff.cc:266:slice$4395 ($_DFFE_PP_) from module mkPositCore (D = $techmap$flatten\multiplier.$shl$/teamspace/studios/this_studio/Melodica-Integration-into-Fife-Core/Learn_Bluespec_and_RISCV_Design/Code/Build/Fife/verilog/mkMultiplier.v:206$610.$13\buffer[191:0] [149], Q = \multiplier.ff_to_quire.D_OUT [154], rval = 1'0).
Adding SRST signal on $auto$ff.cc:266:slice$4396 ($_DFFE_PP_) from module mkPositCore (D = $techmap$flatten\multiplier.$shl$/teamspace/studios/this_studio/Melodica-Integration-into-Fife-Core/Learn_Bluespec_and_RISCV_Design/Code/Build/Fife/verilog/mkMultiplier.v:206$610.$13\buffer[191:0] [150], Q = \multiplier.ff_to_quire.D_OUT [155], rval = 1'0).
Adding SRST signal on $auto$ff.cc:266:slice$4397 ($_DFFE_PP_) from module mkPositCore (D = $techmap$flatten\multiplier.$shl$/teamspace/studios/this_studio/Melodica-Integration-into-Fife-Core/Learn_Bluespec_and_RISCV_Design/Code/Build/Fife/verilog/mkMultiplier.v:206$610.$13\buffer[191:0] [151], Q = \multiplier.ff_to_quire.D_OUT [156], rval = 1'0).
Adding SRST signal on $auto$ff.cc:266:slice$4398 ($_DFFE_PP_) from module mkPositCore (D = $techmap$flatten\multiplier.$shl$/teamspace/studios/this_studio/Melodica-Integration-into-Fife-Core/Learn_Bluespec_and_RISCV_Design/Code/Build/Fife/verilog/mkMultiplier.v:206$610.$13\buffer[191:0] [152], Q = \multiplier.ff_to_quire.D_OUT [157], rval = 1'0).
Adding SRST signal on $auto$ff.cc:266:slice$4399 ($_DFFE_PP_) from module mkPositCore (D = $techmap$flatten\multiplier.$shl$/teamspace/studios/this_studio/Melodica-Integration-into-Fife-Core/Learn_Bluespec_and_RISCV_Design/Code/Build/Fife/verilog/mkMultiplier.v:206$610.$13\buffer[191:0] [153], Q = \multiplier.ff_to_quire.D_OUT [158], rval = 1'0).
Adding SRST signal on $auto$ff.cc:266:slice$4400 ($_DFFE_PP_) from module mkPositCore (D = $techmap$flatten\multiplier.$shl$/teamspace/studios/this_studio/Melodica-Integration-into-Fife-Core/Learn_Bluespec_and_RISCV_Design/Code/Build/Fife/verilog/mkMultiplier.v:206$610.$13\buffer[191:0] [154], Q = \multiplier.ff_to_quire.D_OUT [159], rval = 1'0).
Adding SRST signal on $auto$ff.cc:266:slice$4401 ($_DFFE_PP_) from module mkPositCore (D = $techmap$flatten\multiplier.$shl$/teamspace/studios/this_studio/Melodica-Integration-into-Fife-Core/Learn_Bluespec_and_RISCV_Design/Code/Build/Fife/verilog/mkMultiplier.v:206$610.$13\buffer[191:0] [155], Q = \multiplier.ff_to_quire.D_OUT [160], rval = 1'0).
Adding SRST signal on $auto$ff.cc:266:slice$4402 ($_DFFE_PP_) from module mkPositCore (D = $techmap$flatten\multiplier.$shl$/teamspace/studios/this_studio/Melodica-Integration-into-Fife-Core/Learn_Bluespec_and_RISCV_Design/Code/Build/Fife/verilog/mkMultiplier.v:206$610.$13\buffer[191:0] [156], Q = \multiplier.ff_to_quire.D_OUT [161], rval = 1'0).
Adding SRST signal on $auto$ff.cc:266:slice$4403 ($_DFFE_PP_) from module mkPositCore (D = $techmap$flatten\multiplier.$shl$/teamspace/studios/this_studio/Melodica-Integration-into-Fife-Core/Learn_Bluespec_and_RISCV_Design/Code/Build/Fife/verilog/mkMultiplier.v:206$610.$13\buffer[191:0] [157], Q = \multiplier.ff_to_quire.D_OUT [162], rval = 1'0).
Adding SRST signal on $auto$ff.cc:266:slice$4404 ($_DFFE_PP_) from module mkPositCore (D = $techmap$flatten\multiplier.$shl$/teamspace/studios/this_studio/Melodica-Integration-into-Fife-Core/Learn_Bluespec_and_RISCV_Design/Code/Build/Fife/verilog/mkMultiplier.v:206$610.$13\buffer[191:0] [158], Q = \multiplier.ff_to_quire.D_OUT [163], rval = 1'0).
Adding SRST signal on $auto$ff.cc:266:slice$4405 ($_DFFE_PP_) from module mkPositCore (D = $techmap$flatten\multiplier.$shl$/teamspace/studios/this_studio/Melodica-Integration-into-Fife-Core/Learn_Bluespec_and_RISCV_Design/Code/Build/Fife/verilog/mkMultiplier.v:206$610.$13\buffer[191:0] [159], Q = \multiplier.ff_to_quire.D_OUT [164], rval = 1'0).
Adding SRST signal on $auto$ff.cc:266:slice$4406 ($_DFFE_PP_) from module mkPositCore (D = $techmap$flatten\multiplier.$shl$/teamspace/studios/this_studio/Melodica-Integration-into-Fife-Core/Learn_Bluespec_and_RISCV_Design/Code/Build/Fife/verilog/mkMultiplier.v:206$610.$11\buffer[191:0] [96], Q = \multiplier.ff_to_quire.D_OUT [165], rval = 1'0).
Adding SRST signal on $auto$ff.cc:266:slice$4407 ($_DFFE_PP_) from module mkPositCore (D = $techmap$flatten\multiplier.$shl$/teamspace/studios/this_studio/Melodica-Integration-into-Fife-Core/Learn_Bluespec_and_RISCV_Design/Code/Build/Fife/verilog/mkMultiplier.v:206$610.$11\buffer[191:0] [97], Q = \multiplier.ff_to_quire.D_OUT [166], rval = 1'0).
Adding SRST signal on $auto$ff.cc:266:slice$4408 ($_DFFE_PP_) from module mkPositCore (D = $techmap$flatten\multiplier.$shl$/teamspace/studios/this_studio/Melodica-Integration-into-Fife-Core/Learn_Bluespec_and_RISCV_Design/Code/Build/Fife/verilog/mkMultiplier.v:206$610.$11\buffer[191:0] [98], Q = \multiplier.ff_to_quire.D_OUT [167], rval = 1'0).
Adding SRST signal on $auto$ff.cc:266:slice$4409 ($_DFFE_PP_) from module mkPositCore (D = $techmap$flatten\multiplier.$shl$/teamspace/studios/this_studio/Melodica-Integration-into-Fife-Core/Learn_Bluespec_and_RISCV_Design/Code/Build/Fife/verilog/mkMultiplier.v:206$610.$11\buffer[191:0] [99], Q = \multiplier.ff_to_quire.D_OUT [168], rval = 1'0).
Adding SRST signal on $auto$ff.cc:266:slice$4410 ($_DFFE_PP_) from module mkPositCore (D = $techmap$flatten\multiplier.$shl$/teamspace/studios/this_studio/Melodica-Integration-into-Fife-Core/Learn_Bluespec_and_RISCV_Design/Code/Build/Fife/verilog/mkMultiplier.v:206$610.$11\buffer[191:0] [100], Q = \multiplier.ff_to_quire.D_OUT [169], rval = 1'0).
Adding SRST signal on $auto$ff.cc:266:slice$4411 ($_DFFE_PP_) from module mkPositCore (D = $techmap$flatten\multiplier.$shl$/teamspace/studios/this_studio/Melodica-Integration-into-Fife-Core/Learn_Bluespec_and_RISCV_Design/Code/Build/Fife/verilog/mkMultiplier.v:206$610.$11\buffer[191:0] [101], Q = \multiplier.ff_to_quire.D_OUT [170], rval = 1'0).
Adding SRST signal on $auto$ff.cc:266:slice$4412 ($_DFFE_PP_) from module mkPositCore (D = $techmap$flatten\multiplier.$shl$/teamspace/studios/this_studio/Melodica-Integration-into-Fife-Core/Learn_Bluespec_and_RISCV_Design/Code/Build/Fife/verilog/mkMultiplier.v:206$610.$11\buffer[191:0] [102], Q = \multiplier.ff_to_quire.D_OUT [171], rval = 1'0).
Adding SRST signal on $auto$ff.cc:266:slice$4413 ($_DFFE_PP_) from module mkPositCore (D = $techmap$flatten\multiplier.$shl$/teamspace/studios/this_studio/Melodica-Integration-into-Fife-Core/Learn_Bluespec_and_RISCV_Design/Code/Build/Fife/verilog/mkMultiplier.v:206$610.$11\buffer[191:0] [103], Q = \multiplier.ff_to_quire.D_OUT [172], rval = 1'0).
Adding SRST signal on $auto$ff.cc:266:slice$4414 ($_DFFE_PP_) from module mkPositCore (D = $techmap$flatten\multiplier.$shl$/teamspace/studios/this_studio/Melodica-Integration-into-Fife-Core/Learn_Bluespec_and_RISCV_Design/Code/Build/Fife/verilog/mkMultiplier.v:206$610.$11\buffer[191:0] [104], Q = \multiplier.ff_to_quire.D_OUT [173], rval = 1'0).
Adding SRST signal on $auto$ff.cc:266:slice$4415 ($_DFFE_PP_) from module mkPositCore (D = $techmap$flatten\multiplier.$shl$/teamspace/studios/this_studio/Melodica-Integration-into-Fife-Core/Learn_Bluespec_and_RISCV_Design/Code/Build/Fife/verilog/mkMultiplier.v:206$610.$11\buffer[191:0] [105], Q = \multiplier.ff_to_quire.D_OUT [174], rval = 1'0).
Adding SRST signal on $auto$ff.cc:266:slice$4416 ($_DFFE_PP_) from module mkPositCore (D = $techmap$flatten\multiplier.$shl$/teamspace/studios/this_studio/Melodica-Integration-into-Fife-Core/Learn_Bluespec_and_RISCV_Design/Code/Build/Fife/verilog/mkMultiplier.v:206$610.$11\buffer[191:0] [106], Q = \multiplier.ff_to_quire.D_OUT [175], rval = 1'0).
Adding SRST signal on $auto$ff.cc:266:slice$4417 ($_DFFE_PP_) from module mkPositCore (D = $techmap$flatten\multiplier.$shl$/teamspace/studios/this_studio/Melodica-Integration-into-Fife-Core/Learn_Bluespec_and_RISCV_Design/Code/Build/Fife/verilog/mkMultiplier.v:206$610.$15\buffer[191:0] [171], Q = \multiplier.ff_to_quire.D_OUT [176], rval = 1'0).
Adding SRST signal on $auto$ff.cc:266:slice$4418 ($_DFFE_PP_) from module mkPositCore (D = $techmap$flatten\multiplier.$shl$/teamspace/studios/this_studio/Melodica-Integration-into-Fife-Core/Learn_Bluespec_and_RISCV_Design/Code/Build/Fife/verilog/mkMultiplier.v:206$610.$15\buffer[191:0] [172], Q = \multiplier.ff_to_quire.D_OUT [177], rval = 1'0).
Adding SRST signal on $auto$ff.cc:266:slice$4419 ($_DFFE_PP_) from module mkPositCore (D = $techmap$flatten\multiplier.$shl$/teamspace/studios/this_studio/Melodica-Integration-into-Fife-Core/Learn_Bluespec_and_RISCV_Design/Code/Build/Fife/verilog/mkMultiplier.v:206$610.$15\buffer[191:0] [173], Q = \multiplier.ff_to_quire.D_OUT [178], rval = 1'0).
Adding SRST signal on $auto$ff.cc:266:slice$4420 ($_DFFE_PP_) from module mkPositCore (D = $techmap$flatten\multiplier.$shl$/teamspace/studios/this_studio/Melodica-Integration-into-Fife-Core/Learn_Bluespec_and_RISCV_Design/Code/Build/Fife/verilog/mkMultiplier.v:206$610.$15\buffer[191:0] [174], Q = \multiplier.ff_to_quire.D_OUT [179], rval = 1'0).
Adding SRST signal on $auto$ff.cc:266:slice$4421 ($_DFFE_PP_) from module mkPositCore (D = $techmap$flatten\multiplier.$shl$/teamspace/studios/this_studio/Melodica-Integration-into-Fife-Core/Learn_Bluespec_and_RISCV_Design/Code/Build/Fife/verilog/mkMultiplier.v:206$610.$15\buffer[191:0] [175], Q = \multiplier.ff_to_quire.D_OUT [180], rval = 1'0).
Adding SRST signal on $auto$ff.cc:266:slice$4422 ($_DFFE_PP_) from module mkPositCore (D = $techmap$flatten\multiplier.$shl$/teamspace/studios/this_studio/Melodica-Integration-into-Fife-Core/Learn_Bluespec_and_RISCV_Design/Code/Build/Fife/verilog/mkMultiplier.v:206$610.$15\buffer[191:0] [176], Q = \multiplier.ff_to_quire.D_OUT [181], rval = 1'0).
Adding SRST signal on $auto$ff.cc:266:slice$4423 ($_DFFE_PP_) from module mkPositCore (D = $techmap$flatten\multiplier.$shl$/teamspace/studios/this_studio/Melodica-Integration-into-Fife-Core/Learn_Bluespec_and_RISCV_Design/Code/Build/Fife/verilog/mkMultiplier.v:206$610.$15\buffer[191:0] [177], Q = \multiplier.ff_to_quire.D_OUT [182], rval = 1'0).
Adding SRST signal on $auto$ff.cc:266:slice$4424 ($_DFFE_PP_) from module mkPositCore (D = $techmap$flatten\multiplier.$shl$/teamspace/studios/this_studio/Melodica-Integration-into-Fife-Core/Learn_Bluespec_and_RISCV_Design/Code/Build/Fife/verilog/mkMultiplier.v:206$610.$15\buffer[191:0] [178], Q = \multiplier.ff_to_quire.D_OUT [183], rval = 1'0).
Adding SRST signal on $auto$ff.cc:266:slice$4425 ($_DFFE_PP_) from module mkPositCore (D = $techmap$flatten\multiplier.$shl$/teamspace/studios/this_studio/Melodica-Integration-into-Fife-Core/Learn_Bluespec_and_RISCV_Design/Code/Build/Fife/verilog/mkMultiplier.v:206$610.$15\buffer[191:0] [179], Q = \multiplier.ff_to_quire.D_OUT [184], rval = 1'0).
Adding SRST signal on $auto$ff.cc:266:slice$4426 ($_DFFE_PP_) from module mkPositCore (D = $techmap$flatten\multiplier.$shl$/teamspace/studios/this_studio/Melodica-Integration-into-Fife-Core/Learn_Bluespec_and_RISCV_Design/Code/Build/Fife/verilog/mkMultiplier.v:206$610.$15\buffer[191:0] [180], Q = \multiplier.ff_to_quire.D_OUT [185], rval = 1'0).
Adding SRST signal on $auto$ff.cc:266:slice$4427 ($_DFFE_PP_) from module mkPositCore (D = $techmap$flatten\multiplier.$shl$/teamspace/studios/this_studio/Melodica-Integration-into-Fife-Core/Learn_Bluespec_and_RISCV_Design/Code/Build/Fife/verilog/mkMultiplier.v:206$610.$15\buffer[191:0] [181], Q = \multiplier.ff_to_quire.D_OUT [186], rval = 1'0).
Adding SRST signal on $auto$ff.cc:266:slice$4428 ($_DFFE_PP_) from module mkPositCore (D = $techmap$flatten\multiplier.$shl$/teamspace/studios/this_studio/Melodica-Integration-into-Fife-Core/Learn_Bluespec_and_RISCV_Design/Code/Build/Fife/verilog/mkMultiplier.v:206$610.$15\buffer[191:0] [182], Q = \multiplier.ff_to_quire.D_OUT [187], rval = 1'0).
Adding SRST signal on $auto$ff.cc:266:slice$4429 ($_DFFE_PP_) from module mkPositCore (D = $techmap$flatten\multiplier.$shl$/teamspace/studios/this_studio/Melodica-Integration-into-Fife-Core/Learn_Bluespec_and_RISCV_Design/Code/Build/Fife/verilog/mkMultiplier.v:206$610.$15\buffer[191:0] [183], Q = \multiplier.ff_to_quire.D_OUT [188], rval = 1'0).
Adding SRST signal on $auto$ff.cc:266:slice$4430 ($_DFFE_PP_) from module mkPositCore (D = $techmap$flatten\multiplier.$shl$/teamspace/studios/this_studio/Melodica-Integration-into-Fife-Core/Learn_Bluespec_and_RISCV_Design/Code/Build/Fife/verilog/mkMultiplier.v:206$610.$15\buffer[191:0] [184], Q = \multiplier.ff_to_quire.D_OUT [189], rval = 1'0).
Adding SRST signal on $auto$ff.cc:266:slice$4431 ($_DFFE_PP_) from module mkPositCore (D = $techmap$flatten\multiplier.$shl$/teamspace/studios/this_studio/Melodica-Integration-into-Fife-Core/Learn_Bluespec_and_RISCV_Design/Code/Build/Fife/verilog/mkMultiplier.v:206$610.$15\buffer[191:0] [185], Q = \multiplier.ff_to_quire.D_OUT [190], rval = 1'0).
Adding SRST signal on $auto$ff.cc:266:slice$4432 ($_DFFE_PP_) from module mkPositCore (D = $techmap$flatten\multiplier.$shl$/teamspace/studios/this_studio/Melodica-Integration-into-Fife-Core/Learn_Bluespec_and_RISCV_Design/Code/Build/Fife/verilog/mkMultiplier.v:206$610.$15\buffer[191:0] [186], Q = \multiplier.ff_to_quire.D_OUT [191], rval = 1'0).
Adding SRST signal on $auto$ff.cc:266:slice$4433 ($_DFFE_PP_) from module mkPositCore (D = $techmap$flatten\multiplier.$shl$/teamspace/studios/this_studio/Melodica-Integration-into-Fife-Core/Learn_Bluespec_and_RISCV_Design/Code/Build/Fife/verilog/mkMultiplier.v:206$610.$15\buffer[191:0] [187], Q = \multiplier.ff_to_quire.D_OUT [192], rval = 1'0).
Adding SRST signal on $auto$ff.cc:266:slice$4434 ($_DFFE_PP_) from module mkPositCore (D = $techmap$flatten\multiplier.$shl$/teamspace/studios/this_studio/Melodica-Integration-into-Fife-Core/Learn_Bluespec_and_RISCV_Design/Code/Build/Fife/verilog/mkMultiplier.v:206$610.$15\buffer[191:0] [188], Q = \multiplier.ff_to_quire.D_OUT [193], rval = 1'0).
Adding SRST signal on $auto$ff.cc:266:slice$4435 ($_DFFE_PP_) from module mkPositCore (D = $techmap$flatten\multiplier.$shl$/teamspace/studios/this_studio/Melodica-Integration-into-Fife-Core/Learn_Bluespec_and_RISCV_Design/Code/Build/Fife/verilog/mkMultiplier.v:206$610.$15\buffer[191:0] [189], Q = \multiplier.ff_to_quire.D_OUT [194], rval = 1'0).
Adding SRST signal on $auto$ff.cc:266:slice$4436 ($_DFFE_PP_) from module mkPositCore (D = $techmap$flatten\multiplier.$shl$/teamspace/studios/this_studio/Melodica-Integration-into-Fife-Core/Learn_Bluespec_and_RISCV_Design/Code/Build/Fife/verilog/mkMultiplier.v:206$610.$15\buffer[191:0] [190], Q = \multiplier.ff_to_quire.D_OUT [195], rval = 1'0).
Adding SRST signal on $auto$ff.cc:266:slice$4437 ($_DFFE_PP_) from module mkPositCore (D = $techmap$flatten\multiplier.$shl$/teamspace/studios/this_studio/Melodica-Integration-into-Fife-Core/Learn_Bluespec_and_RISCV_Design/Code/Build/Fife/verilog/mkMultiplier.v:206$610.$15\buffer[191:0] [191], Q = \multiplier.ff_to_quire.D_OUT [196], rval = 1'0).

14.22.4. Executing OPT_CLEAN pass (remove unused cells and wires).
Finding unused cells or wires in module \mkPositCore..
Removed 2768 unused cells and 7904 unused wires.
<suppressed ~2770 debug messages>

14.22.5. Rerunning OPT passes. (Removed registers in this run.)

14.22.6. Executing OPT_EXPR pass (perform const folding).
Optimizing module mkPositCore.
<suppressed ~70 debug messages>

14.22.7. Executing OPT_MERGE pass (detect identical cells).
Finding identical cells in module `\mkPositCore'.
<suppressed ~861 debug messages>
Removed a total of 287 cells.

14.22.8. Executing OPT_DFF pass (perform DFF optimizations).

14.22.9. Executing OPT_CLEAN pass (remove unused cells and wires).
Finding unused cells or wires in module \mkPositCore..
Removed 1 unused cells and 268 unused wires.
<suppressed ~2 debug messages>

14.22.10. Finished fast OPT passes.

14.23. Executing ABC pass (technology mapping using ABC).

14.23.1. Extracting gate netlist of module `\mkPositCore' to `<abc-temp-dir>/input.blif'..
Extracted 21787 gates and 23854 wires to a netlist network with 2064 inputs and 1709 outputs.

14.23.1.1. Executing ABC.
Running ABC command: "<yosys-exe-dir>/yosys-abc" -s -f <abc-temp-dir>/abc.script 2>&1
ABC: ABC command line: "source <abc-temp-dir>/abc.script".
ABC: 
ABC: + read_blif <abc-temp-dir>/input.blif 
ABC: + read_library <abc-temp-dir>/stdcells.genlib 
ABC: Entered genlib library with 13 gates from file "<abc-temp-dir>/stdcells.genlib".
ABC: + strash 
ABC: + dretime 
ABC: + map 
ABC: + write_blif <abc-temp-dir>/output.blif 

14.23.1.2. Re-integrating ABC results.
ABC RESULTS:              NAND cells:      889
ABC RESULTS:             ORNOT cells:      270
ABC RESULTS:               XOR cells:     1864
ABC RESULTS:               AND cells:      915
ABC RESULTS:              XNOR cells:      986
ABC RESULTS:                OR cells:     3015
ABC RESULTS:               NOR cells:      949
ABC RESULTS:            ANDNOT cells:     5131
ABC RESULTS:               NOT cells:     1383
ABC RESULTS:               MUX cells:     5744
ABC RESULTS:        internal signals:    20081
ABC RESULTS:           input signals:     2064
ABC RESULTS:          output signals:     1709
Removing temp directory.

14.24. Executing OPT pass (performing simple optimizations).

14.24.1. Executing OPT_EXPR pass (perform const folding).
Optimizing module mkPositCore.
<suppressed ~2531 debug messages>

14.24.2. Executing OPT_MERGE pass (detect identical cells).
Finding identical cells in module `\mkPositCore'.
<suppressed ~96 debug messages>
Removed a total of 32 cells.

14.24.3. Executing OPT_DFF pass (perform DFF optimizations).

14.24.4. Executing OPT_CLEAN pass (remove unused cells and wires).
Finding unused cells or wires in module \mkPositCore..
Removed 20 unused cells and 6751 unused wires.
<suppressed ~239 debug messages>

14.24.5. Finished fast OPT passes.

14.25. Executing HIERARCHY pass (managing design hierarchy).

14.25.1. Analyzing design hierarchy..
Top module:  \mkPositCore

14.25.2. Analyzing design hierarchy..
Top module:  \mkPositCore
Removed 0 unused modules.

14.26. Printing statistics.

=== mkPositCore ===

   Number of wires:              21142
   Number of wire bits:          37759
   Number of public wires:         970
   Number of public wire bits:   17574
   Number of memories:               0
   Number of memory bits:            0
   Number of processes:              0
   Number of cells:              23130
     $_ANDNOT_                    5115
     $_AND_                        914
     $_DFFE_PP_                   1249
     $_DFF_P_                      220
     $_MUX_                       5744
     $_NAND_                       886
     $_NOR_                        939
     $_NOT_                       1363
     $_ORNOT_                      270
     $_OR_                        3015
     $_SDFFCE_PP0P_                182
     $_SDFFCE_PP1P_                  3
     $_SDFFE_PN0N_                  26
     $_SDFFE_PN0P_                 289
     $_SDFFE_PN1P_                  41
     $_SDFF_PN0_                    26
     $_XNOR_                       986
     $_XOR_                       1862

14.27. Executing CHECK pass (checking for obvious problems).
Checking module mkPositCore...
Found and reported 0 problems.

15. Executing DFFLIBMAP pass (mapping DFF cells to sequential cells from liberty file).
  cell DFF_P (noninv, pins=3, area=0.00) is a direct match for cell type $_DFF_P_.
  cell DFF_PP0 (noninv, pins=4, area=0.00) is a direct match for cell type $_DFF_PN0_.
  final dff cell mappings:
    unmapped dff cell: $_DFF_N_
    \DFF_P _DFF_P_ (.C( C), .D( D), .Q( Q));
    unmapped dff cell: $_DFF_NN0_
    unmapped dff cell: $_DFF_NN1_
    unmapped dff cell: $_DFF_NP0_
    unmapped dff cell: $_DFF_NP1_
    \DFF_PP0 _DFF_PN0_ (.C( C), .D( D), .Q( Q), .R( R));
    unmapped dff cell: $_DFF_PN1_
    unmapped dff cell: $_DFF_PP0_
    unmapped dff cell: $_DFF_PP1_
    unmapped dff cell: $_DFFSR_NNN_
    unmapped dff cell: $_DFFSR_NNP_
    unmapped dff cell: $_DFFSR_NPN_
    unmapped dff cell: $_DFFSR_NPP_
    unmapped dff cell: $_DFFSR_PNN_
    unmapped dff cell: $_DFFSR_PNP_
    unmapped dff cell: $_DFFSR_PPN_
    unmapped dff cell: $_DFFSR_PPP_

15.1. Executing DFFLEGALIZE pass (convert FFs to types supported by the target).
Mapping DFF cells in module `\mkPositCore':
  mapped 2036 $_DFF_P_ cells to \DFF_P cells.

16. Executing ABC pass (technology mapping using ABC).

16.1. Extracting gate netlist of module `\mkPositCore' to `<abc-temp-dir>/input.blif'..
Extracted 23451 gates and 25559 wires to a netlist network with 2106 inputs and 2036 outputs.

16.1.1. Executing ABC.
Running ABC command: "<yosys-exe-dir>/yosys-abc" -s -f <abc-temp-dir>/abc.script 2>&1
ABC: ABC command line: "source <abc-temp-dir>/abc.script".
ABC: 
ABC: + read_blif <abc-temp-dir>/input.blif 
ABC: + read_lib -w /teamspace/studios/this_studio/Melodica-Integration-into-Fife-Core/generic45nm_fixed.lib 
ABC: Parsing finished successfully.  Parsing time =     0.00 sec
ABC: Scl_LibertyReadGenlib() skipped sequential cell "DFF_P".
ABC: Scl_LibertyReadGenlib() skipped sequential cell "DFF_PP0".
ABC: Scl_LibertyReadGenlib() skipped sequential cell "DFFE_PP".
ABC: Library "generic45nm" from "/teamspace/studios/this_studio/Melodica-Integration-into-Fife-Core/generic45nm_fixed.lib" has 11 cells (3 skipped: 3 seq; 0 tri-state; 0 no func; 0 dont_use).  Time =     0.00 sec
ABC: Memory =    0.04 MB. Time =     0.00 sec
ABC: + read_lib /teamspace/studios/this_studio/Melodica-Integration-into-Fife-Core/generic45nm_fixed.lib 
ABC: Library "generic45nm" from "/teamspace/studios/this_studio/Melodica-Integration-into-Fife-Core/generic45nm_fixed.lib" has 11 cells (3 skipped: 3 seq; 0 tri-state; 0 no func; 0 dont_use).  Time =     0.00 sec
ABC: + strash 
ABC: + dch 
ABC: + map 
ABC: + topo 
ABC: + buffer 
ABC: + upsize 
ABC: + dnsize 
ABC: + stime -p 
ABC: WireLoad = "none"  Gates =  22055 (  7.4 %)   Cap =  0.0 ff (  0.0 %)   Area =    22055.00 (100.0 %)   Delay =   877.00 ps  (  2.2 %)               
ABC: Path  0 --    1542 : 0    3 pi    A =   0.00  Df =   0.0   -0.0 ps  S =   0.0 ps  Cin =  0.0 ff  Cout =   0.0 ff  Cmax =   0.0 ff  G =    0  
ABC: Path  1 --   11503 : 2    2 XOR2  A =   1.00  Df =  28.0   -0.0 ps  S =   6.0 ps  Cin =  0.0 ff  Cout =   0.0 ff  Cmax =   0.0 ff  G =-2147483648  
ABC: Path  2 --   11505 : 2    1 NAND2 A =   1.00  Df =  45.0   -3.0 ps  S =   5.0 ps  Cin =  0.0 ff  Cout =   0.0 ff  Cmax =   0.0 ff  G =-2147483648  
ABC: Path  3 --   11507 : 2    2 NAND2 A =   1.00  Df =  62.0   -3.0 ps  S =   5.0 ps  Cin =  0.0 ff  Cout =   0.0 ff  Cmax =   0.0 ff  G =-2147483648  
ABC: Path  4 --   11508 : 2    1 NAND2 A =   1.00  Df =  79.0   -3.0 ps  S =   5.0 ps  Cin =  0.0 ff  Cout =   0.0 ff  Cmax =   0.0 ff  G =-2147483648  
ABC: Path  5 --   11510 : 2    2 NAND2 A =   1.00  Df =  96.0   -3.0 ps  S =   5.0 ps  Cin =  0.0 ff  Cout =   0.0 ff  Cmax =   0.0 ff  G =-2147483648  
ABC: Path  6 --   11512 : 2    1 NAND2 A =   1.00  Df = 113.0   -3.0 ps  S =   5.0 ps  Cin =  0.0 ff  Cout =   0.0 ff  Cmax =   0.0 ff  G =-2147483648  
ABC: Path  7 --   11514 : 2    2 NAND2 A =   1.00  Df = 130.0   -3.0 ps  S =   5.0 ps  Cin =  0.0 ff  Cout =   0.0 ff  Cmax =   0.0 ff  G =-2147483648  
ABC: Path  8 --   11515 : 2    1 NAND2 A =   1.00  Df = 147.0   -3.0 ps  S =   5.0 ps  Cin =  0.0 ff  Cout =   0.0 ff  Cmax =   0.0 ff  G =-2147483648  
ABC: Path  9 --   11517 : 2    2 NAND2 A =   1.00  Df = 164.0   -3.0 ps  S =   5.0 ps  Cin =  0.0 ff  Cout =   0.0 ff  Cmax =   0.0 ff  G =-2147483648  
ABC: Path 10 --   11519 : 2    1 NAND2 A =   1.00  Df = 181.0   -3.0 ps  S =   5.0 ps  Cin =  0.0 ff  Cout =   0.0 ff  Cmax =   0.0 ff  G =-2147483648  
ABC: Path 11 --   11521 : 2    2 NAND2 A =   1.00  Df = 198.0   -3.0 ps  S =   5.0 ps  Cin =  0.0 ff  Cout =   0.0 ff  Cmax =   0.0 ff  G =-2147483648  
ABC: Path 12 --   11523 : 2    1 NAND2 A =   1.00  Df = 215.0   -3.0 ps  S =   5.0 ps  Cin =  0.0 ff  Cout =   0.0 ff  Cmax =   0.0 ff  G =-2147483648  
ABC: Path 13 --   11525 : 2    2 NAND2 A =   1.00  Df = 232.0   -3.0 ps  S =   5.0 ps  Cin =  0.0 ff  Cout =   0.0 ff  Cmax =   0.0 ff  G =-2147483648  
ABC: Path 14 --   11527 : 2    1 NAND2 A =   1.00  Df = 249.0   -3.0 ps  S =   5.0 ps  Cin =  0.0 ff  Cout =   0.0 ff  Cmax =   0.0 ff  G =-2147483648  
ABC: Path 15 --   11529 : 2    2 NAND2 A =   1.00  Df = 266.0   -3.0 ps  S =   5.0 ps  Cin =  0.0 ff  Cout =   0.0 ff  Cmax =   0.0 ff  G =-2147483648  
ABC: Path 16 --   11530 : 2    1 NAND2 A =   1.00  Df = 283.0   -3.0 ps  S =   5.0 ps  Cin =  0.0 ff  Cout =   0.0 ff  Cmax =   0.0 ff  G =-2147483648  
ABC: Path 17 --   11532 : 2    2 NAND2 A =   1.00  Df = 300.0   -3.0 ps  S =   5.0 ps  Cin =  0.0 ff  Cout =   0.0 ff  Cmax =   0.0 ff  G =-2147483648  
ABC: Path 18 --   11534 : 2    1 NAND2 A =   1.00  Df = 317.0   -3.0 ps  S =   5.0 ps  Cin =  0.0 ff  Cout =   0.0 ff  Cmax =   0.0 ff  G =-2147483648  
ABC: Path 19 --   11536 : 2    2 NAND2 A =   1.00  Df = 334.0   -3.0 ps  S =   5.0 ps  Cin =  0.0 ff  Cout =   0.0 ff  Cmax =   0.0 ff  G =-2147483648  
ABC: Path 20 --   11538 : 2    1 NAND2 A =   1.00  Df = 351.0   -3.0 ps  S =   5.0 ps  Cin =  0.0 ff  Cout =   0.0 ff  Cmax =   0.0 ff  G =-2147483648  
ABC: Path 21 --   11540 : 2    2 NAND2 A =   1.00  Df = 368.0   -3.0 ps  S =   5.0 ps  Cin =  0.0 ff  Cout =   0.0 ff  Cmax =   0.0 ff  G =-2147483648  
ABC: Path 22 --   11542 : 2    1 NAND2 A =   1.00  Df = 385.0   -3.0 ps  S =   5.0 ps  Cin =  0.0 ff  Cout =   0.0 ff  Cmax =   0.0 ff  G =-2147483648  
ABC: Path 23 --   11544 : 2    2 NAND2 A =   1.00  Df = 402.0   -3.0 ps  S =   5.0 ps  Cin =  0.0 ff  Cout =   0.0 ff  Cmax =   0.0 ff  G =-2147483648  
ABC: Path 24 --   11546 : 2    1 NAND2 A =   1.00  Df = 419.0   -3.0 ps  S =   5.0 ps  Cin =  0.0 ff  Cout =   0.0 ff  Cmax =   0.0 ff  G =-2147483648  
ABC: Path 25 --   11548 : 2    2 NAND2 A =   1.00  Df = 436.0   -3.0 ps  S =   5.0 ps  Cin =  0.0 ff  Cout =   0.0 ff  Cmax =   0.0 ff  G =-2147483648  
ABC: Path 26 --   11550 : 2    1 NAND2 A =   1.00  Df = 453.0   -3.0 ps  S =   5.0 ps  Cin =  0.0 ff  Cout =   0.0 ff  Cmax =   0.0 ff  G =-2147483648  
ABC: Path 27 --   11552 : 2    2 NAND2 A =   1.00  Df = 470.0   -3.0 ps  S =   5.0 ps  Cin =  0.0 ff  Cout =   0.0 ff  Cmax =   0.0 ff  G =-2147483648  
ABC: Path 28 --   11554 : 2    1 NAND2 A =   1.00  Df = 487.0   -3.0 ps  S =   5.0 ps  Cin =  0.0 ff  Cout =   0.0 ff  Cmax =   0.0 ff  G =-2147483648  
ABC: Path 29 --   11556 : 2    2 NAND2 A =   1.00  Df = 504.0   -3.0 ps  S =   5.0 ps  Cin =  0.0 ff  Cout =   0.0 ff  Cmax =   0.0 ff  G =-2147483648  
ABC: Path 30 --   11558 : 2    1 NAND2 A =   1.00  Df = 521.0   -3.0 ps  S =   5.0 ps  Cin =  0.0 ff  Cout =   0.0 ff  Cmax =   0.0 ff  G =-2147483648  
ABC: Path 31 --   11560 : 2    5 NAND2 A =   1.00  Df = 538.0   -3.0 ps  S =   5.0 ps  Cin =  0.0 ff  Cout =   0.0 ff  Cmax =   0.0 ff  G =-2147483648  
ABC: Path 32 --   11561 : 2    1 NAND2 A =   1.00  Df = 555.0   -3.0 ps  S =   5.0 ps  Cin =  0.0 ff  Cout =   0.0 ff  Cmax =   0.0 ff  G =-2147483648  
ABC: Path 33 --   11584 : 2    3 NAND2 A =   1.00  Df = 572.0   -3.0 ps  S =   5.0 ps  Cin =  0.0 ff  Cout =   0.0 ff  Cmax =   0.0 ff  G =-2147483648  
ABC: Path 34 --   11588 : 2    1 NAND2 A =   1.00  Df = 589.0   -3.0 ps  S =   5.0 ps  Cin =  0.0 ff  Cout =   0.0 ff  Cmax =   0.0 ff  G =-2147483648  
ABC: Path 35 --   11593 : 2    3 NAND2 A =   1.00  Df = 606.0   -3.0 ps  S =   5.0 ps  Cin =  0.0 ff  Cout =   0.0 ff  Cmax =   0.0 ff  G =-2147483648  
ABC: Path 36 --   11597 : 2    1 NAND2 A =   1.00  Df = 623.0   -3.0 ps  S =   5.0 ps  Cin =  0.0 ff  Cout =   0.0 ff  Cmax =   0.0 ff  G =-2147483648  
ABC: Path 37 --   11602 : 2    3 NAND2 A =   1.00  Df = 640.0   -3.0 ps  S =   5.0 ps  Cin =  0.0 ff  Cout =   0.0 ff  Cmax =   0.0 ff  G =-2147483648  
ABC: Path 38 --   11606 : 2    1 NAND2 A =   1.00  Df = 657.0   -3.0 ps  S =   5.0 ps  Cin =  0.0 ff  Cout =   0.0 ff  Cmax =   0.0 ff  G =-2147483648  
ABC: Path 39 --   11611 : 2    2 NAND2 A =   1.00  Df = 674.0   -3.0 ps  S =   5.0 ps  Cin =  0.0 ff  Cout =   0.0 ff  Cmax =   0.0 ff  G =-2147483648  
ABC: Path 40 --   11613 : 2    1 NAND2 A =   1.00  Df = 691.0   -3.0 ps  S =   5.0 ps  Cin =  0.0 ff  Cout =   0.0 ff  Cmax =   0.0 ff  G =-2147483648  
ABC: Path 41 --   11615 : 2    2 NAND2 A =   1.00  Df = 708.0   -3.0 ps  S =   5.0 ps  Cin =  0.0 ff  Cout =   0.0 ff  Cmax =   0.0 ff  G =-2147483648  
ABC: Path 42 --   19667 : 2    2 XOR2  A =   1.00  Df = 736.0   -0.0 ps  S =   6.0 ps  Cin =  0.0 ff  Cout =   0.0 ff  Cmax =   0.0 ff  G =-2147483648  
ABC: Path 43 --   23111 : 2    1 NOR2  A =   1.00  Df = 753.0   -3.0 ps  S =   5.0 ps  Cin =  0.0 ff  Cout =   0.0 ff  Cmax =   0.0 ff  G =-2147483648  
ABC: Path 44 --   23112 : 2    1 NAND2 A =   1.00  Df = 770.0   -3.0 ps  S =   5.0 ps  Cin =  0.0 ff  Cout =   0.0 ff  Cmax =   0.0 ff  G =-2147483648  
ABC: Path 45 --   23113 : 2    1 NOR2  A =   1.00  Df = 787.0   -3.0 ps  S =   5.0 ps  Cin =  0.0 ff  Cout =   0.0 ff  Cmax =   0.0 ff  G =-2147483648  
ABC: Path 46 --   23114 : 2    1 NAND2 A =   1.00  Df = 804.0   -3.0 ps  S =   5.0 ps  Cin =  0.0 ff  Cout =   0.0 ff  Cmax =   0.0 ff  G =-2147483648  
ABC: Path 47 --   23130 : 2    1 NOR2  A =   1.00  Df = 821.0   -3.0 ps  S =   5.0 ps  Cin =  0.0 ff  Cout =   0.0 ff  Cmax =   0.0 ff  G =-2147483648  
ABC: Path 48 --   23134 : 3    1 MUX2  A =   1.00  Df = 843.0   -0.0 ps  S =   6.0 ps  Cin =  0.0 ff  Cout =   0.0 ff  Cmax =   0.0 ff  G =-2147483648  
ABC: Path 49 --   23136 : 2    1 NAND2 A =   1.00  Df = 860.0   -3.0 ps  S =   5.0 ps  Cin =  0.0 ff  Cout =   0.0 ff  Cmax =   0.0 ff  G =-2147483648  
ABC: Path 50 --   23137 : 2    1 NAND2 A =   1.00  Df = 877.0   -3.0 ps  S =   5.0 ps  Cin =  0.0 ff  Cout =   0.0 ff  Cmax =   0.0 ff  G =-2147483648  
ABC: Start-point = pi1541 (\quire.seg_adder_vff_in_0.D_OUT [1]).  End-point = po1479 ($auto$rtlil.cc:2609:MuxGate$91045).
ABC: + print_stats -t 
ABC: netlist                       : i/o = 2106/ 2036  lat =    0  nd = 22055  edge =  47857  area =22055.00  delay =754.00  lev = 50
ABC: elapse: 6.49 seconds, total: 6.49 seconds
ABC: + write_blif <abc-temp-dir>/output.blif 

16.1.2. Re-integrating ABC results.
ABC RESULTS:             XNOR2 cells:      527
ABC RESULTS:              XOR2 cells:     2237
ABC RESULTS:               OR2 cells:      432
ABC RESULTS:              NOT1 cells:      865
ABC RESULTS:             NAND2 cells:     6469
ABC RESULTS:              BUF1 cells:      765
ABC RESULTS:           ANDNOT2 cells:     2540
ABC RESULTS:            ORNOT2 cells:      435
ABC RESULTS:              MUX2 cells:     5377
ABC RESULTS:              AND2 cells:     1123
ABC RESULTS:              NOR2 cells:     1285
ABC RESULTS:        internal signals:    21417
ABC RESULTS:           input signals:     2106
ABC RESULTS:          output signals:     2036
Removing temp directory.

17. Printing statistics.

=== mkPositCore ===

   Number of wires:              47660
   Number of wire bits:          64277
   Number of public wires:         970
   Number of public wire bits:   17574
   Number of memories:               0
   Number of memory bits:            0
   Number of processes:              0
   Number of cells:              24091
     AND2                         1123
     ANDNOT2                      2540
     BUF1                          765
     DFF_P                        2036
     MUX2                         5377
     NAND2                        6469
     NOR2                         1285
     NOT1                          865
     OR2                           432
     ORNOT2                        435
     XNOR2                         527
     XOR2                         2237

Warnings: 2 unique messages, 2 total
End of script. Logfile hash: 2286e78f75, CPU: user 19.43s system 0.21s, MEM: 289.15 MB peak
Yosys 0.33 (git sha1 2584903a060)
Time spent: 33% 2x abc (9 sec), 19% 64x opt_expr (5 sec), ...
