================================================================
Fife v0.90 2025-07-12: starting execution at PC 80000000
3: CPU.Fetch:
        Fetch_to_Decode{I_0 pc:80000000 pred:80000004 epoch:0 halt_sentinel:0}
        Mem_Req {I_0 pc:80000000 instr:xxxxxxxx FETCH 4B addr:80000000 epoch:0}
Trace 3 0 80000000 00000000 F
4: CPU.Fetch:
        Fetch_to_Decode{I_1 pc:80000004 pred:80000008 epoch:0 halt_sentinel:0}
        Mem_Req {I_1 pc:80000004 instr:xxxxxxxx FETCH 4B addr:80000004 epoch:0}
Trace 4 1 80000004 00000000 F
4: CPU.Decode:
        Decode_to_RR{I_0 pc:80000000 instr:0300006f pred:80000004 epoch:0
            fallthru:80000004 OPCLASS_CONTROL has_{rs1,rs2,rd}:{0,0,0} writes_mem:0, imm:30 halt_sentinel:0}
        Mem_Rsp {MEM_RSP_OK addr:80000000 rdata:0300006f I_0 pc:80000000 instr:00000000 FETCH 4B}
Trace 4 0 80000000 0300006f D
5: CPU.Fetch:
        Fetch_to_Decode{I_2 pc:80000008 pred:8000000c epoch:0 halt_sentinel:0}
        Mem_Req {I_2 pc:80000008 instr:xxxxxxxx FETCH 4B addr:80000008 epoch:0}
Trace 5 2 80000008 00000000 F
5: CPU.Decode:
        Decode_to_RR{I_1 pc:80000004 instr:00000013 pred:80000008 epoch:0
            fallthru:80000008 OPCLASS_INT has_{rs1,rs2,rd}:{1,0,0} writes_mem:0, imm:0 halt_sentinel:0}
        Mem_Rsp {MEM_RSP_OK addr:80000004 rdata:00000013 I_1 pc:80000004 instr:00000000 FETCH 4B}
Trace 5 1 80000004 00000013 D
6: CPU.Fetch:
        Fetch_to_Decode{I_3 pc:8000000c pred:80000010 epoch:0 halt_sentinel:0}
        Mem_Req {I_3 pc:8000000c instr:xxxxxxxx FETCH 4B addr:8000000c epoch:0}
Trace 6 3 8000000c 00000000 F
33: CPU.Dispatch_Control:
        RR_to_Retire{I_0 pc:80000000 instr:0300006f EXEC_TAG_CONTROL
                 pred:80000004 epoch:0 has_rd:0 writes_mem:0
                 fallthru:80000004 halt_sentinel:0}
        RR_to_EX_Control{I_0 pc:80000000 instr:0300006f fallthru:80000004
                  rs1_val:00000000  rs2_val:00000000  imm:00000030 }
Trace 33 0 80000000 0300006f RR.C
34: CPU.Decode:
        Decode_to_RR{I_2 pc:80000008 instr:00000013 pred:8000000c epoch:0
            fallthru:8000000c OPCLASS_INT has_{rs1,rs2,rd}:{1,0,0} writes_mem:0, imm:0 halt_sentinel:0}
        Mem_Rsp {MEM_RSP_OK addr:80000008 rdata:00000013 I_2 pc:80000008 instr:00000000 FETCH 4B}
Trace 34 2 80000008 00000013 D
34: CPU.Dispatch_Int:
        RR_to_Retire{I_1 pc:80000004 instr:00000013 EXEC_TAG_INT
                 pred:80000008 epoch:0 has_rd:0 writes_mem:0
                 fallthru:80000008 halt_sentinel:0}
        RR_to_EX{I_1 pc:80000004 instr:00000013
             rs1_val:00000000  rs2_val:00000000  imm:00000000 }
Trace 34 1 80000004 00000013 RR.I
35: CPU.EX_Control
        RR_to_EX_Control{I_0 pc:80000000 instr:0300006f fallthru:80000004
                  rs1_val:00000000  rs2_val:00000000  imm:00000030 }
        EX_Control_to_Retire{I_0 pc:80000000 instr:0300006f
                       next_pc:80000030  data:80000004}
Trace 35 0 80000000 0300006f EX.C
35: CPU.Fetch:
        Fetch_to_Decode{I_4 pc:80000010 pred:80000014 epoch:0 halt_sentinel:0}
        Mem_Req {I_4 pc:80000010 instr:xxxxxxxx FETCH 4B addr:80000010 epoch:0}
Trace 35 4 80000010 00000000 F
35: CPU.Decode:
        Decode_to_RR{I_3 pc:8000000c instr:00000013 pred:80000010 epoch:0
            fallthru:80000010 OPCLASS_INT has_{rs1,rs2,rd}:{1,0,0} writes_mem:0, imm:0 halt_sentinel:0}
        Mem_Rsp {MEM_RSP_OK addr:8000000c rdata:00000013 I_3 pc:8000000c instr:00000000 FETCH 4B}
Trace 35 3 8000000c 00000013 D
35: CPU.Dispatch_Int:
        RR_to_Retire{I_2 pc:80000008 instr:00000013 EXEC_TAG_INT
                 pred:8000000c epoch:0 has_rd:0 writes_mem:0
                 fallthru:8000000c halt_sentinel:0}
        RR_to_EX{I_2 pc:80000008 instr:00000013
             rs1_val:00000000  rs2_val:00000000  imm:00000000 }
Trace 35 2 80000008 00000013 RR.I
36: CPU.Fetch:
        Fetch_to_Decode{I_5 pc:80000014 pred:80000018 epoch:0 halt_sentinel:0}
        Mem_Req {I_5 pc:80000014 instr:xxxxxxxx FETCH 4B addr:80000014 epoch:0}
Trace 36 5 80000014 00000000 F
36: CPU.Decode:
        Decode_to_RR{I_4 pc:80000010 instr:40000000 pred:80000014 epoch:0
            fallthru:80000014 ILLEGAL_INSTR tval:40000000 halt_sentinel:0}
        Mem_Rsp {MEM_RSP_OK addr:80000010 rdata:40000000 I_4 pc:80000010 instr:00000000 FETCH 4B}
Trace 36 4 80000010 40000000 D
fn_EX_IALU: IALU x0 <= 0
36: CPU.EX_Int
        RR_to_EX{I_1 pc:80000004 instr:00000013
             rs1_val:00000000  rs2_val:00000000  imm:00000000 }
        EX_to_Retire{I_1 pc:80000004 instr:00000013
                  data:00000000}
Trace 36 1 80000004 00000013 EX.I
36:     CPU.S5.fa_redirect_Fetch:
        Fetch_from_Retire{I_0 pc:80000000 instr:0300006f next_pc:80000030 next_epoch 1 haltreq 0}
Trace 36 0 80000000 0300006f RET.C
36: CPU.Retire_EX_Control: Normal
        EX_Control_to_Retire{I_0 pc:80000000 instr:0300006f
                       next_pc:80000030  data:80000004}
37: CPU.Redirect:
        Fetch_from_Retire{I_0 pc:80000000 instr:0300006f next_pc:80000030 next_epoch 1 haltreq 0}
Trace 37 0 80000000 0300006f Redir
fn_EX_IALU: IALU x0 <= 0
37: CPU.EX_Int
        RR_to_EX{I_2 pc:80000008 instr:00000013
             rs1_val:00000000  rs2_val:00000000  imm:00000000 }
        EX_to_Retire{I_2 pc:80000008 instr:00000013
                  data:00000000}
Trace 37 2 80000008 00000013 EX.I
Trace 37 1 80000004 00000013 RET.discard
37: CPU.S5.rl_Retire_wrong_path:
        RR_to_Retire{I_1 pc:80000004 instr:00000013 EXEC_TAG_INT
                 pred:80000008 epoch:0 has_rd:0 writes_mem:0
                 fallthru:80000008 halt_sentinel:0}
38: CPU.Fetch:
        Fetch_to_Decode{I_6 pc:80000030 pred:80000034 epoch:1 halt_sentinel:0}
        Mem_Req {I_6 pc:80000030 instr:xxxxxxxx FETCH 4B addr:80000030 epoch:1}
Trace 38 6 80000030 00000000 F
38: CPU.Dispatch_Int:
        RR_to_Retire{I_3 pc:8000000c instr:00000013 EXEC_TAG_INT
                 pred:80000010 epoch:0 has_rd:0 writes_mem:0
                 fallthru:80000010 halt_sentinel:0}
        RR_to_EX{I_3 pc:8000000c instr:00000013
             rs1_val:00000000  rs2_val:00000000  imm:00000000 }
Trace 38 3 8000000c 00000013 RR.I
Trace 38 2 80000008 00000013 RET.discard
38: CPU.S5.rl_Retire_wrong_path:
        RR_to_Retire{I_2 pc:80000008 instr:00000013 EXEC_TAG_INT
                 pred:8000000c epoch:0 has_rd:0 writes_mem:0
                 fallthru:8000000c halt_sentinel:0}
39: CPU.Decode:
        Decode_to_RR{I_5 pc:80000014 instr:48000000 pred:80000018 epoch:0
            fallthru:80000018 ILLEGAL_INSTR tval:48000000 halt_sentinel:0}
        Mem_Rsp {MEM_RSP_OK addr:80000014 rdata:48000000 I_5 pc:80000014 instr:00000000 FETCH 4B}
Trace 39 5 80000014 48000000 D
39: CPU.Dispatch_Direct:
        RR_to_Retire{I_4 pc:80000010 instr:40000000 EXEC_TAG_DIRECT
                 pred:80000014 epoch:0 has_rd:0 writes_mem:0
                 fallthru:80000014 ILLEGAL_INSTR tval:40000000 halt_sentinel:0}
Trace 39 4 80000010 40000000 RR.dir
40: CPU.Fetch:
        Fetch_to_Decode{I_7 pc:80000034 pred:80000038 epoch:1 halt_sentinel:0}
        Mem_Req {I_7 pc:80000034 instr:xxxxxxxx FETCH 4B addr:80000034 epoch:1}
Trace 40 7 80000034 00000000 F
40: CPU.Decode:
        Decode_to_RR{I_6 pc:80000030 instr:0600000b pred:80000034 epoch:1
            fallthru:80000034 OPCLASS_POSIT has_{rs1,rs2,rd}:{0,0,0} writes_mem:0, imm:0 halt_sentinel:0}
        Mem_Rsp {MEM_RSP_OK addr:80000030 rdata:0600000b I_6 pc:80000030 instr:00000000 FETCH 4B}
Trace 40 6 80000030 0600000b D
fn_EX_IALU: IALU x0 <= 0
40: CPU.EX_Int
        RR_to_EX{I_3 pc:8000000c instr:00000013
             rs1_val:00000000  rs2_val:00000000  imm:00000000 }
        EX_to_Retire{I_3 pc:8000000c instr:00000013
                  data:00000000}
Trace 40 3 8000000c 00000013 EX.I
41: CPU.Fetch:
        Fetch_to_Decode{I_8 pc:80000038 pred:8000003c epoch:1 halt_sentinel:0}
        Mem_Req {I_8 pc:80000038 instr:xxxxxxxx FETCH 4B addr:80000038 epoch:1}
Trace 41 8 80000038 00000000 F
41: CPU.Dispatch_Direct:
        RR_to_Retire{I_5 pc:80000014 instr:48000000 EXEC_TAG_DIRECT
                 pred:80000018 epoch:0 has_rd:0 writes_mem:0
                 fallthru:80000018 ILLEGAL_INSTR tval:48000000 halt_sentinel:0}
Trace 41 5 80000014 48000000 RR.dir
Trace 41 3 8000000c 00000013 RET.discard
41: CPU.S5.rl_Retire_wrong_path:
        RR_to_Retire{I_3 pc:8000000c instr:00000013 EXEC_TAG_INT
                 pred:80000010 epoch:0 has_rd:0 writes_mem:0
                 fallthru:80000010 halt_sentinel:0}
42: CPU.Decode:
        Decode_to_RR{I_7 pc:80000034 instr:00000517 pred:80000038 epoch:1
            fallthru:80000038 OPCLASS_INT has_{rs1,rs2,rd}:{0,0,1} writes_mem:0, imm:0 halt_sentinel:0}
        Mem_Rsp {MEM_RSP_OK addr:80000034 rdata:00000517 I_7 pc:80000034 instr:00000000 FETCH 4B}
Trace 42 7 80000034 00000517 D
42: CPU.Dispatch_Int:
        RR_to_Retire{I_6 pc:80000030 instr:0600000b EXEC_TAG_POSIT
                 pred:80000034 epoch:1 has_rd:0 writes_mem:0
                 fallthru:80000034 halt_sentinel:0}
        RR_to_EX{I_6 pc:80000030 instr:0600000b
             rs1_val:00000000  rs2_val:00000000  imm:00000000 }
Trace 42 6 80000030 0600000b RR.I
Trace 42 4 80000010 40000000 RET.discard
42: CPU.S5.rl_Retire_wrong_path:
        RR_to_Retire{I_4 pc:80000010 instr:40000000 EXEC_TAG_DIRECT
                 pred:80000014 epoch:0 has_rd:0 writes_mem:0
                 fallthru:80000014 ILLEGAL_INSTR tval:40000000 halt_sentinel:0}
43: CPU.Fetch:
        Fetch_to_Decode{I_9 pc:8000003c pred:80000040 epoch:1 halt_sentinel:0}
        Mem_Req {I_9 pc:8000003c instr:xxxxxxxx FETCH 4B addr:8000003c epoch:1}
Trace 43 9 8000003c 00000000 F
43: CPU.Decode:
        Decode_to_RR{I_8 pc:80000038 instr:fdc50513 pred:8000003c epoch:1
            fallthru:8000003c OPCLASS_INT has_{rs1,rs2,rd}:{1,0,1} writes_mem:0, imm:ffffffdc halt_sentinel:0}
        Mem_Rsp {MEM_RSP_OK addr:80000038 rdata:fdc50513 I_8 pc:80000038 instr:00000000 FETCH 4B}
Trace 43 8 80000038 fdc50513 D
43: CPU.Dispatch_Int:
        RR_to_Retire{I_7 pc:80000034 instr:00000517 EXEC_TAG_INT
                 pred:80000038 epoch:1 has_rd:1 writes_mem:0
                 fallthru:80000038 halt_sentinel:0}
        RR_to_EX{I_7 pc:80000034 instr:00000517
             rs1_val:00000000  rs2_val:00000000  imm:00000000 }
Trace 43 7 80000034 00000517 RR.I
Trace 43 5 80000014 48000000 RET.discard
43: CPU.S5.rl_Retire_wrong_path:
        RR_to_Retire{I_5 pc:80000014 instr:48000000 EXEC_TAG_DIRECT
                 pred:80000018 epoch:0 has_rd:0 writes_mem:0
                 fallthru:80000018 ILLEGAL_INSTR tval:48000000 halt_sentinel:0}
44: CPU.Fetch:
        Fetch_to_Decode{I_10 pc:80000040 pred:80000044 epoch:1 halt_sentinel:0}
        Mem_Req {I_10 pc:80000040 instr:xxxxxxxx FETCH 4B addr:80000040 epoch:1}
Trace 44 10 80000040 00000000 F
44: CPU.Decode:
        Decode_to_RR{I_9 pc:8000003c instr:00000597 pred:80000040 epoch:1
            fallthru:80000040 OPCLASS_INT has_{rs1,rs2,rd}:{0,0,1} writes_mem:0, imm:0 halt_sentinel:0}
        Mem_Rsp {MEM_RSP_OK addr:8000003c rdata:00000597 I_9 pc:8000003c instr:00000000 FETCH 4B}
Trace 44 9 8000003c 00000597 D
44: CPU.rl_RR.stall: busy rd:1 rs1:1 rs2:0
        Decode_to_RR{I_8 pc:80000038 instr:fdc50513 pred:8000003c epoch:1
            fallthru:8000003c OPCLASS_INT has_{rs1,rs2,rd}:{1,0,1} writes_mem:0, imm:ffffffdc halt_sentinel:0}
Trace 44 8 80000038 fdc50513 RR.S
45: CPU.Fetch:
        Fetch_to_Decode{I_11 pc:80000044 pred:80000048 epoch:1 halt_sentinel:0}
        Mem_Req {I_11 pc:80000044 instr:xxxxxxxx FETCH 4B addr:80000044 epoch:1}
Trace 45 11 80000044 00000000 F
fn_EX_IALU: AUIPC x10 <= 80000034
45: CPU.EX_Int
        RR_to_EX{I_7 pc:80000034 instr:00000517
             rs1_val:00000000  rs2_val:00000000  imm:00000000 }
        EX_to_Retire{I_7 pc:80000034 instr:00000517
                  data:80000034}
Trace 45 7 80000034 00000517 EX.I
46: CPU.rl_RR.stall: busy rd:1 rs1:0 rs2:0
        Decode_to_RR{I_8 pc:80000038 instr:fdc50513 pred:8000003c epoch:1
            fallthru:8000003c OPCLASS_INT has_{rs1,rs2,rd}:{1,0,1} writes_mem:0, imm:ffffffdc halt_sentinel:0}
Trace 46 8 80000038 fdc50513 RR.S
46: CPU.S5.rl_Retire_EX_Posit: instr 0600000b rd=00000000 exc=0
47: CPU.rl_RR.stall: busy rd:1 rs1:1 rs2:0
        Decode_to_RR{I_8 pc:80000038 instr:fdc50513 pred:8000003c epoch:1
            fallthru:8000003c OPCLASS_INT has_{rs1,rs2,rd}:{1,0,1} writes_mem:0, imm:ffffffdc halt_sentinel:0}
Trace 47 8 80000038 fdc50513 RR.S
47:     CPU.S5.fa_update_rd:
          RW_from_Retire{I_7 pc:80000034 instr:00000517 rd:10 commit:1 data:80000034}
Trace 47 7 80000034 00000517 RET.I
47: CPU.Retire_EX_Int: Normal
        EX_to_Retire{I_7 pc:80000034 instr:00000517
                  data:80000034}
48: CPU.RW (same-cycle with dispatch):
48:     RW_from_Retire{I_7 pc:80000034 instr:00000517 rd:10 commit:1 data:80000034}
Trace 48 7 80000034 00000517 RW
48: CPU.fwd: rs1 x10 <- WB val 80000034
48: CPU.Dispatch_Int:
        RR_to_Retire{I_8 pc:80000038 instr:fdc50513 EXEC_TAG_INT
                 pred:8000003c epoch:1 has_rd:1 writes_mem:0
                 fallthru:8000003c halt_sentinel:0}
        RR_to_EX{I_8 pc:80000038 instr:fdc50513
             rs1_val:80000034  rs2_val:00000000  imm:ffffffdc }
Trace 48 8 80000038 fdc50513 RR.I
49: CPU.Decode:
        Decode_to_RR{I_10 pc:80000040 instr:fe458593 pred:80000044 epoch:1
            fallthru:80000044 OPCLASS_INT has_{rs1,rs2,rd}:{1,0,1} writes_mem:0, imm:ffffffe4 halt_sentinel:0}
        Mem_Rsp {MEM_RSP_OK addr:80000040 rdata:fe458593 I_10 pc:80000040 instr:00000000 FETCH 4B}
Trace 49 10 80000040 fe458593 D
49: CPU.Dispatch_Int:
        RR_to_Retire{I_9 pc:8000003c instr:00000597 EXEC_TAG_INT
                 pred:80000040 epoch:1 has_rd:1 writes_mem:0
                 fallthru:80000040 halt_sentinel:0}
        RR_to_EX{I_9 pc:8000003c instr:00000597
             rs1_val:00000000  rs2_val:00000000  imm:00000000 }
Trace 49 9 8000003c 00000597 RR.I
50: CPU.Fetch:
        Fetch_to_Decode{I_12 pc:80000048 pred:8000004c epoch:1 halt_sentinel:0}
        Mem_Req {I_12 pc:80000048 instr:xxxxxxxx FETCH 4B addr:80000048 epoch:1}
Trace 50 12 80000048 00000000 F
50: CPU.Decode:
        Decode_to_RR{I_11 pc:80000044 instr:00400613 pred:80000048 epoch:1
            fallthru:80000048 OPCLASS_INT has_{rs1,rs2,rd}:{1,0,1} writes_mem:0, imm:4 halt_sentinel:0}
        Mem_Rsp {MEM_RSP_OK addr:80000044 rdata:00400613 I_11 pc:80000044 instr:00000000 FETCH 4B}
Trace 50 11 80000044 00400613 D
fn_EX_IALU: IALU x10 <= 80000010
50: CPU.EX_Int
        RR_to_EX{I_8 pc:80000038 instr:fdc50513
             rs1_val:80000034  rs2_val:00000000  imm:ffffffdc }
        EX_to_Retire{I_8 pc:80000038 instr:fdc50513
                  data:80000010}
Trace 50 8 80000038 fdc50513 EX.I
51: CPU.Fetch:
        Fetch_to_Decode{I_13 pc:8000004c pred:80000050 epoch:1 halt_sentinel:0}
        Mem_Req {I_13 pc:8000004c instr:xxxxxxxx FETCH 4B addr:8000004c epoch:1}
Trace 51 13 8000004c 00000000 F
fn_EX_IALU: AUIPC x11 <= 8000003c
51: CPU.EX_Int
        RR_to_EX{I_9 pc:8000003c instr:00000597
             rs1_val:00000000  rs2_val:00000000  imm:00000000 }
        EX_to_Retire{I_9 pc:8000003c instr:00000597
                  data:8000003c}
Trace 51 9 8000003c 00000597 EX.I
51:     CPU.S5.fa_update_rd:
          RW_from_Retire{I_8 pc:80000038 instr:fdc50513 rd:10 commit:1 data:80000010}
Trace 51 8 80000038 fdc50513 RET.I
51: CPU.Retire_EX_Int: Normal
        EX_to_Retire{I_8 pc:80000038 instr:fdc50513
                  data:80000010}
52: CPU.RW (during stall):
52:     RW_from_Retire{I_8 pc:80000038 instr:fdc50513 rd:10 commit:1 data:80000010}
Trace 52 8 80000038 fdc50513 RW
52: CPU.rl_RR.stall: busy rd:1 rs1:0 rs2:0
        Decode_to_RR{I_10 pc:80000040 instr:fe458593 pred:80000044 epoch:1
            fallthru:80000044 OPCLASS_INT has_{rs1,rs2,rd}:{1,0,1} writes_mem:0, imm:ffffffe4 halt_sentinel:0}
Trace 52 10 80000040 fe458593 RR.S
52:     CPU.S5.fa_update_rd:
          RW_from_Retire{I_9 pc:8000003c instr:00000597 rd:11 commit:1 data:8000003c}
Trace 52 9 8000003c 00000597 RET.I
52: CPU.Retire_EX_Int: Normal
        EX_to_Retire{I_9 pc:8000003c instr:00000597
                  data:8000003c}
53: CPU.RW (same-cycle with dispatch):
53:     RW_from_Retire{I_9 pc:8000003c instr:00000597 rd:11 commit:1 data:8000003c}
Trace 53 9 8000003c 00000597 RW
53: CPU.fwd: rs1 x11 <- WB val 8000003c
53: CPU.Dispatch_Int:
        RR_to_Retire{I_10 pc:80000040 instr:fe458593 EXEC_TAG_INT
                 pred:80000044 epoch:1 has_rd:1 writes_mem:0
                 fallthru:80000044 halt_sentinel:0}
        RR_to_EX{I_10 pc:80000040 instr:fe458593
             rs1_val:8000003c  rs2_val:00000000  imm:ffffffe4 }
Trace 53 10 80000040 fe458593 RR.I
54: CPU.Decode:
        Decode_to_RR{I_12 pc:80000048 instr:02060063 pred:8000004c epoch:1
            fallthru:8000004c OPCLASS_CONTROL has_{rs1,rs2,rd}:{1,1,0} writes_mem:0, imm:20 halt_sentinel:0}
        Mem_Rsp {MEM_RSP_OK addr:80000048 rdata:02060063 I_12 pc:80000048 instr:00000000 FETCH 4B}
Trace 54 12 80000048 02060063 D
54: CPU.Dispatch_Int:
        RR_to_Retire{I_11 pc:80000044 instr:00400613 EXEC_TAG_INT
                 pred:80000048 epoch:1 has_rd:1 writes_mem:0
                 fallthru:80000048 halt_sentinel:0}
        RR_to_EX{I_11 pc:80000044 instr:00400613
             rs1_val:00000000  rs2_val:00000000  imm:00000004 }
Trace 54 11 80000044 00400613 RR.I
55: CPU.Fetch:
        Fetch_to_Decode{I_14 pc:80000050 pred:80000054 epoch:1 halt_sentinel:0}
        Mem_Req {I_14 pc:80000050 instr:xxxxxxxx FETCH 4B addr:80000050 epoch:1}
Trace 55 14 80000050 00000000 F
55: CPU.Decode:
        Decode_to_RR{I_13 pc:8000004c instr:00052683 pred:80000050 epoch:1
            fallthru:80000050 OPCLASS_MEM has_{rs1,rs2,rd}:{1,0,1} writes_mem:0, imm:0 halt_sentinel:0}
        Mem_Rsp {MEM_RSP_OK addr:8000004c rdata:00052683 I_13 pc:8000004c instr:00000000 FETCH 4B}
Trace 55 13 8000004c 00052683 D
fn_EX_IALU: IALU x11 <= 80000020
55: CPU.EX_Int
        RR_to_EX{I_10 pc:80000040 instr:fe458593
             rs1_val:8000003c  rs2_val:00000000  imm:ffffffe4 }
        EX_to_Retire{I_10 pc:80000040 instr:fe458593
                  data:80000020}
Trace 55 10 80000040 fe458593 EX.I
56: CPU.Fetch:
        Fetch_to_Decode{I_15 pc:80000054 pred:80000058 epoch:1 halt_sentinel:0}
        Mem_Req {I_15 pc:80000054 instr:xxxxxxxx FETCH 4B addr:80000054 epoch:1}
Trace 56 15 80000054 00000000 F
fn_EX_IALU: IALU x12 <= 4
56: CPU.EX_Int
        RR_to_EX{I_11 pc:80000044 instr:00400613
             rs1_val:00000000  rs2_val:00000000  imm:00000004 }
        EX_to_Retire{I_11 pc:80000044 instr:00400613
                  data:00000004}
Trace 56 11 80000044 00400613 EX.I
56:     CPU.S5.fa_update_rd:
          RW_from_Retire{I_10 pc:80000040 instr:fe458593 rd:11 commit:1 data:80000020}
Trace 56 10 80000040 fe458593 RET.I
56: CPU.Retire_EX_Int: Normal
        EX_to_Retire{I_10 pc:80000040 instr:fe458593
                  data:80000020}
57: CPU.RW (same-cycle with dispatch):
57:     RW_from_Retire{I_10 pc:80000040 instr:fe458593 rd:11 commit:1 data:80000020}
Trace 57 10 80000040 fe458593 RW
57: CPU.fwd: rs1 x12 <- EX_Int fwd val 4
57: CPU.Dispatch_Control:
        RR_to_Retire{I_12 pc:80000048 instr:02060063 EXEC_TAG_CONTROL
                 pred:8000004c epoch:1 has_rd:0 writes_mem:0
                 fallthru:8000004c halt_sentinel:0}
        RR_to_EX_Control{I_12 pc:80000048 instr:02060063 fallthru:8000004c
                  rs1_val:00000004  rs2_val:00000000  imm:00000020 }
Trace 57 12 80000048 02060063 RR.C
57:     CPU.S5.fa_update_rd:
          RW_from_Retire{I_11 pc:80000044 instr:00400613 rd:12 commit:1 data:00000004}
Trace 57 11 80000044 00400613 RET.I
57: CPU.Retire_EX_Int: Normal
        EX_to_Retire{I_11 pc:80000044 instr:00400613
                  data:00000004}
58: CPU.Decode:
        Decode_to_RR{I_14 pc:80000050 instr:0005a703 pred:80000054 epoch:1
            fallthru:80000054 OPCLASS_MEM has_{rs1,rs2,rd}:{1,0,1} writes_mem:0, imm:0 halt_sentinel:0}
        Mem_Rsp {MEM_RSP_OK addr:80000050 rdata:0005a703 I_14 pc:80000050 instr:00000000 FETCH 4B}
Trace 58 14 80000050 0005a703 D
58: CPU.RW (same-cycle with dispatch):
58:     RW_from_Retire{I_11 pc:80000044 instr:00400613 rd:12 commit:1 data:00000004}
Trace 58 11 80000044 00400613 RW
58: CPU.Dispatch_DMem:
        RR_to_Retire{I_13 pc:8000004c instr:00052683 EXEC_TAG_DMEM
                 pred:80000050 epoch:1 has_rd:1 writes_mem:0
                 fallthru:80000050 halt_sentinel:0}
        rs1_val:80000010  rs2_val:00000000  imm:00000000
        Mem_Req {I_13 pc:8000004c instr:00052683 LOAD 4B addr:80000010 epoch:1}
Trace 58 13 8000004c 00052683 RR.D
59: CPU.EX_Control
        RR_to_EX_Control{I_12 pc:80000048 instr:02060063 fallthru:8000004c
                  rs1_val:00000004  rs2_val:00000000  imm:00000020 }
        EX_Control_to_Retire{I_12 pc:80000048 instr:02060063
                       next_pc:8000004c  data:8000004c}
Trace 59 12 80000048 02060063 EX.C
59: CPU.Fetch:
        Fetch_to_Decode{I_16 pc:80000058 pred:8000005c epoch:1 halt_sentinel:0}
        Mem_Req {I_16 pc:80000058 instr:xxxxxxxx FETCH 4B addr:80000058 epoch:1}
Trace 59 16 80000058 00000000 F
59: mkMems_Devices: for client CLIENT_DMEM
        Mem_Req {I_13 pc:8000004c instr:00052683 LOAD 4B addr:80000010 epoch:1}
        Mem_Rsp {MEM_RSP_OK addr:80000010 rdata:40000000 I_13 pc:8000004c instr:00052683 LOAD 4B}
59: CPU.Decode:
        Decode_to_RR{I_15 pc:80000054 instr:00e6800b pred:80000058 epoch:1
            fallthru:80000058 OPCLASS_POSIT has_{rs1,rs2,rd}:{1,1,0} writes_mem:0, imm:0 halt_sentinel:0}
        Mem_Rsp {MEM_RSP_OK addr:80000054 rdata:00e6800b I_15 pc:80000054 instr:00000000 FETCH 4B}
Trace 59 15 80000054 00e6800b D
60: CPU.Dispatch_DMem:
        RR_to_Retire{I_14 pc:80000050 instr:0005a703 EXEC_TAG_DMEM
                 pred:80000054 epoch:1 has_rd:1 writes_mem:0
                 fallthru:80000054 halt_sentinel:0}
        rs1_val:80000020  rs2_val:00000000  imm:00000000
        Mem_Req {I_14 pc:80000050 instr:0005a703 LOAD 4B addr:80000020 epoch:1}
Trace 60 14 80000050 0005a703 RR.D
Trace 60 12 80000048 02060063 RET.C
60: CPU.Retire_EX_Control: Normal
        EX_Control_to_Retire{I_12 pc:80000048 instr:02060063
                       next_pc:8000004c  data:8000004c}
61: CPU.Fetch:
        Fetch_to_Decode{I_17 pc:8000005c pred:80000060 epoch:1 halt_sentinel:0}
        Mem_Req {I_17 pc:8000005c instr:xxxxxxxx FETCH 4B addr:8000005c epoch:1}
Trace 61 17 8000005c 00000000 F
61: mkMems_Devices: for client CLIENT_DMEM
        Mem_Req {I_14 pc:80000050 instr:0005a703 LOAD 4B addr:80000020 epoch:1}
        Mem_Rsp {MEM_RSP_OK addr:80000020 rdata:40000000 I_14 pc:80000050 instr:0005a703 LOAD 4B}
61: CPU.Decode:
        Decode_to_RR{I_16 pc:80000058 instr:00450513 pred:8000005c epoch:1
            fallthru:8000005c OPCLASS_INT has_{rs1,rs2,rd}:{1,0,1} writes_mem:0, imm:4 halt_sentinel:0}
        Mem_Rsp {MEM_RSP_OK addr:80000058 rdata:00450513 I_16 pc:80000058 instr:00000000 FETCH 4B}
Trace 61 16 80000058 00450513 D
61: CPU.rl_RR.stall: busy rd:0 rs1:1 rs2:1
        Decode_to_RR{I_15 pc:80000054 instr:00e6800b pred:80000058 epoch:1
            fallthru:80000058 OPCLASS_POSIT has_{rs1,rs2,rd}:{1,1,0} writes_mem:0, imm:0 halt_sentinel:0}
Trace 61 15 80000054 00e6800b RR.S
61:     CPU.S5.fa_update_rd:
          RW_from_Retire{I_13 pc:8000004c instr:00052683 rd:13 commit:1 data:40000000}
Trace 61 13 8000004c 00052683 RET.D
61: CPU.Retire_EX_DMem: Normal
        Mem_Rsp {MEM_RSP_OK addr:80000010 rdata:40000000 I_13 pc:8000004c instr:00052683 LOAD 4B}
62: CPU.RW (during stall):
62:     RW_from_Retire{I_13 pc:8000004c instr:00052683 rd:13 commit:1 data:40000000}
Trace 62 13 8000004c 00052683 RW
62: CPU.rl_RR.stall: busy rd:0 rs1:0 rs2:1
        Decode_to_RR{I_15 pc:80000054 instr:00e6800b pred:80000058 epoch:1
            fallthru:80000058 OPCLASS_POSIT has_{rs1,rs2,rd}:{1,1,0} writes_mem:0, imm:0 halt_sentinel:0}
Trace 62 15 80000054 00e6800b RR.S
63: CPU.Fetch:
        Fetch_to_Decode{I_18 pc:80000060 pred:80000064 epoch:1 halt_sentinel:0}
        Mem_Req {I_18 pc:80000060 instr:xxxxxxxx FETCH 4B addr:80000060 epoch:1}
Trace 63 18 80000060 00000000 F
63: CPU.rl_RR.stall: busy rd:0 rs1:0 rs2:1
        Decode_to_RR{I_15 pc:80000054 instr:00e6800b pred:80000058 epoch:1
            fallthru:80000058 OPCLASS_POSIT has_{rs1,rs2,rd}:{1,1,0} writes_mem:0, imm:0 halt_sentinel:0}
Trace 63 15 80000054 00e6800b RR.S
63:     CPU.S5.fa_update_rd:
          RW_from_Retire{I_14 pc:80000050 instr:0005a703 rd:14 commit:1 data:40000000}
Trace 63 14 80000050 0005a703 RET.D
63: CPU.Retire_EX_DMem: Normal
        Mem_Rsp {MEM_RSP_OK addr:80000020 rdata:40000000 I_14 pc:80000050 instr:0005a703 LOAD 4B}
64: CPU.RW (same-cycle with dispatch):
64:     RW_from_Retire{I_14 pc:80000050 instr:0005a703 rd:14 commit:1 data:40000000}
Trace 64 14 80000050 0005a703 RW
64: CPU.fwd: rs2 x14 <- WB val 40000000
64: CPU.Dispatch_Int:
        RR_to_Retire{I_15 pc:80000054 instr:00e6800b EXEC_TAG_POSIT
                 pred:80000058 epoch:1 has_rd:0 writes_mem:0
                 fallthru:80000058 halt_sentinel:0}
        RR_to_EX{I_15 pc:80000054 instr:00e6800b
             rs1_val:40000000  rs2_val:40000000  imm:00000000 }
Trace 64 15 80000054 00e6800b RR.I
65: CPU.Decode:
        Decode_to_RR{I_17 pc:8000005c instr:00458593 pred:80000060 epoch:1
            fallthru:80000060 OPCLASS_INT has_{rs1,rs2,rd}:{1,0,1} writes_mem:0, imm:4 halt_sentinel:0}
        Mem_Rsp {MEM_RSP_OK addr:8000005c rdata:00458593 I_17 pc:8000005c instr:00000000 FETCH 4B}
Trace 65 17 8000005c 00458593 D
65: CPU.Dispatch_Int:
        RR_to_Retire{I_16 pc:80000058 instr:00450513 EXEC_TAG_INT
                 pred:8000005c epoch:1 has_rd:1 writes_mem:0
                 fallthru:8000005c halt_sentinel:0}
        RR_to_EX{I_16 pc:80000058 instr:00450513
             rs1_val:80000010  rs2_val:00000000  imm:00000004 }
Trace 65 16 80000058 00450513 RR.I
66: CPU.Fetch:
        Fetch_to_Decode{I_19 pc:80000064 pred:80000068 epoch:1 halt_sentinel:0}
        Mem_Req {I_19 pc:80000064 instr:xxxxxxxx FETCH 4B addr:80000064 epoch:1}
Trace 66 19 80000064 00000000 F
66: CPU.Decode:
        Decode_to_RR{I_18 pc:80000060 instr:fff60613 pred:80000064 epoch:1
            fallthru:80000064 OPCLASS_INT has_{rs1,rs2,rd}:{1,0,1} writes_mem:0, imm:ffffffff halt_sentinel:0}
        Mem_Rsp {MEM_RSP_OK addr:80000060 rdata:fff60613 I_18 pc:80000060 instr:00000000 FETCH 4B}
Trace 66 18 80000060 fff60613 D
66: CPU.Dispatch_Int:
        RR_to_Retire{I_17 pc:8000005c instr:00458593 EXEC_TAG_INT
                 pred:80000060 epoch:1 has_rd:1 writes_mem:0
                 fallthru:80000060 halt_sentinel:0}
        RR_to_EX{I_17 pc:8000005c instr:00458593
             rs1_val:80000020  rs2_val:00000000  imm:00000004 }
Trace 66 17 8000005c 00458593 RR.I
67: CPU.Fetch:
        Fetch_to_Decode{I_20 pc:80000068 pred:8000006c epoch:1 halt_sentinel:0}
        Mem_Req {I_20 pc:80000068 instr:xxxxxxxx FETCH 4B addr:80000068 epoch:1}
Trace 67 20 80000068 00000000 F
67: CPU.Decode:
        Decode_to_RR{I_19 pc:80000064 instr:fe5ff06f pred:80000068 epoch:1
            fallthru:80000068 OPCLASS_CONTROL has_{rs1,rs2,rd}:{0,0,0} writes_mem:0, imm:ffffffe4 halt_sentinel:0}
        Mem_Rsp {MEM_RSP_OK addr:80000064 rdata:fe5ff06f I_19 pc:80000064 instr:00000000 FETCH 4B}
Trace 67 19 80000064 fe5ff06f D
fn_EX_IALU: IALU x10 <= 80000014
67: CPU.EX_Int
        RR_to_EX{I_16 pc:80000058 instr:00450513
             rs1_val:80000010  rs2_val:00000000  imm:00000004 }
        EX_to_Retire{I_16 pc:80000058 instr:00450513
                  data:80000014}
Trace 67 16 80000058 00450513 EX.I
68: CPU.Fetch:
        Fetch_to_Decode{I_21 pc:8000006c pred:80000070 epoch:1 halt_sentinel:0}
        Mem_Req {I_21 pc:8000006c instr:xxxxxxxx FETCH 4B addr:8000006c epoch:1}
Trace 68 21 8000006c 00000000 F
fn_EX_IALU: IALU x11 <= 80000024
68: CPU.EX_Int
        RR_to_EX{I_17 pc:8000005c instr:00458593
             rs1_val:80000020  rs2_val:00000000  imm:00000004 }
        EX_to_Retire{I_17 pc:8000005c instr:00458593
                  data:80000024}
Trace 68 17 8000005c 00458593 EX.I
68: CPU.S5.rl_Retire_EX_Posit: instr 00e6800b rd=00000000 exc=0
69: CPU.Dispatch_Int:
        RR_to_Retire{I_18 pc:80000060 instr:fff60613 EXEC_TAG_INT
                 pred:80000064 epoch:1 has_rd:1 writes_mem:0
                 fallthru:80000064 halt_sentinel:0}
        RR_to_EX{I_18 pc:80000060 instr:fff60613
             rs1_val:00000004  rs2_val:00000000  imm:ffffffff }
Trace 69 18 80000060 fff60613 RR.I
69:     CPU.S5.fa_update_rd:
          RW_from_Retire{I_16 pc:80000058 instr:00450513 rd:10 commit:1 data:80000014}
Trace 69 16 80000058 00450513 RET.I
69: CPU.Retire_EX_Int: Normal
        EX_to_Retire{I_16 pc:80000058 instr:00450513
                  data:80000014}
70: CPU.Decode:
        Decode_to_RR{I_20 pc:80000068 instr:0400078b pred:8000006c epoch:1
            fallthru:8000006c OPCLASS_POSIT has_{rs1,rs2,rd}:{0,0,1} writes_mem:0, imm:0 halt_sentinel:0}
        Mem_Rsp {MEM_RSP_OK addr:80000068 rdata:0400078b I_20 pc:80000068 instr:00000000 FETCH 4B}
Trace 70 20 80000068 0400078b D
70: CPU.RW (same-cycle with dispatch):
70:     RW_from_Retire{I_16 pc:80000058 instr:00450513 rd:10 commit:1 data:80000014}
Trace 70 16 80000058 00450513 RW
70: CPU.Dispatch_Control:
        RR_to_Retire{I_19 pc:80000064 instr:fe5ff06f EXEC_TAG_CONTROL
                 pred:80000068 epoch:1 has_rd:0 writes_mem:0
                 fallthru:80000068 halt_sentinel:0}
        RR_to_EX_Control{I_19 pc:80000064 instr:fe5ff06f fallthru:80000068
                  rs1_val:00000000  rs2_val:00000000  imm:ffffffe4 }
Trace 70 19 80000064 fe5ff06f RR.C
70:     CPU.S5.fa_update_rd:
          RW_from_Retire{I_17 pc:8000005c instr:00458593 rd:11 commit:1 data:80000024}
Trace 70 17 8000005c 00458593 RET.I
70: CPU.Retire_EX_Int: Normal
        EX_to_Retire{I_17 pc:8000005c instr:00458593
                  data:80000024}
71: CPU.Fetch:
        Fetch_to_Decode{I_22 pc:80000070 pred:80000074 epoch:1 halt_sentinel:0}
        Mem_Req {I_22 pc:80000070 instr:xxxxxxxx FETCH 4B addr:80000070 epoch:1}
Trace 71 22 80000070 00000000 F
71: CPU.Decode:
        Decode_to_RR{I_21 pc:8000006c instr:80000a37 pred:80000070 epoch:1
            fallthru:80000070 OPCLASS_INT has_{rs1,rs2,rd}:{0,0,1} writes_mem:0, imm:80000000 halt_sentinel:0}
        Mem_Rsp {MEM_RSP_OK addr:8000006c rdata:80000a37 I_21 pc:8000006c instr:00000000 FETCH 4B}
Trace 71 21 8000006c 80000a37 D
fn_EX_IALU: IALU x12 <= 3
71: CPU.EX_Int
        RR_to_EX{I_18 pc:80000060 instr:fff60613
             rs1_val:00000004  rs2_val:00000000  imm:ffffffff }
        EX_to_Retire{I_18 pc:80000060 instr:fff60613
                  data:00000003}
Trace 71 18 80000060 fff60613 EX.I
72: CPU.EX_Control
        RR_to_EX_Control{I_19 pc:80000064 instr:fe5ff06f fallthru:80000068
                  rs1_val:00000000  rs2_val:00000000  imm:ffffffe4 }
        EX_Control_to_Retire{I_19 pc:80000064 instr:fe5ff06f
                       next_pc:80000048  data:80000068}
Trace 72 19 80000064 fe5ff06f EX.C
72: CPU.Fetch:
        Fetch_to_Decode{I_23 pc:80000074 pred:80000078 epoch:1 halt_sentinel:0}
        Mem_Req {I_23 pc:80000074 instr:xxxxxxxx FETCH 4B addr:80000074 epoch:1}
Trace 72 23 80000074 00000000 F
72: CPU.RW (same-cycle with dispatch):
72:     RW_from_Retire{I_17 pc:8000005c instr:00458593 rd:11 commit:1 data:80000024}
Trace 72 17 8000005c 00458593 RW
72: CPU.Dispatch_Int:
        RR_to_Retire{I_20 pc:80000068 instr:0400078b EXEC_TAG_POSIT
                 pred:8000006c epoch:1 has_rd:1 writes_mem:0
                 fallthru:8000006c halt_sentinel:0}
        RR_to_EX{I_20 pc:80000068 instr:0400078b
             rs1_val:00000000  rs2_val:00000000  imm:00000000 }
Trace 72 20 80000068 0400078b RR.I
72:     CPU.S5.fa_update_rd:
          RW_from_Retire{I_18 pc:80000060 instr:fff60613 rd:12 commit:1 data:00000003}
Trace 72 18 80000060 fff60613 RET.I
72: CPU.Retire_EX_Int: Normal
        EX_to_Retire{I_18 pc:80000060 instr:fff60613
                  data:00000003}
73: CPU.Decode:
        Decode_to_RR{I_22 pc:80000070 instr:00fa2023 pred:80000074 epoch:1
            fallthru:80000074 OPCLASS_MEM has_{rs1,rs2,rd}:{1,1,0} writes_mem:1, imm:0 halt_sentinel:0}
        Mem_Rsp {MEM_RSP_OK addr:80000070 rdata:00fa2023 I_22 pc:80000070 instr:00000000 FETCH 4B}
Trace 73 22 80000070 00fa2023 D
73: CPU.RW (same-cycle with dispatch):
73:     RW_from_Retire{I_18 pc:80000060 instr:fff60613 rd:12 commit:1 data:00000003}
Trace 73 18 80000060 fff60613 RW
73: CPU.Dispatch_Int:
        RR_to_Retire{I_21 pc:8000006c instr:80000a37 EXEC_TAG_INT
                 pred:80000070 epoch:1 has_rd:1 writes_mem:0
                 fallthru:80000070 halt_sentinel:0}
        RR_to_EX{I_21 pc:8000006c instr:80000a37
             rs1_val:00000000  rs2_val:00000000  imm:80000000 }
Trace 73 21 8000006c 80000a37 RR.I
73:     CPU.S5.fa_redirect_Fetch:
        Fetch_from_Retire{I_19 pc:80000064 instr:fe5ff06f next_pc:80000048 next_epoch 2 haltreq 0}
Trace 73 19 80000064 fe5ff06f RET.C
73: CPU.Retire_EX_Control: Normal
        EX_Control_to_Retire{I_19 pc:80000064 instr:fe5ff06f
                       next_pc:80000048  data:80000068}
74: CPU.Redirect:
        Fetch_from_Retire{I_19 pc:80000064 instr:fe5ff06f next_pc:80000048 next_epoch 2 haltreq 0}
Trace 74 19 80000064 fe5ff06f Redir
74: CPU.Decode:
        Decode_to_RR{I_23 pc:80000074 instr:06078063 pred:80000078 epoch:1
            fallthru:80000078 OPCLASS_CONTROL has_{rs1,rs2,rd}:{1,1,0} writes_mem:0, imm:60 halt_sentinel:0}
        Mem_Rsp {MEM_RSP_OK addr:80000074 rdata:06078063 I_23 pc:80000074 instr:00000000 FETCH 4B}
Trace 74 23 80000074 06078063 D
74: CPU.rl_RR.stall: busy rd:0 rs1:1 rs2:1
        Decode_to_RR{I_22 pc:80000070 instr:00fa2023 pred:80000074 epoch:1
            fallthru:80000074 OPCLASS_MEM has_{rs1,rs2,rd}:{1,1,0} writes_mem:1, imm:0 halt_sentinel:0}
Trace 74 22 80000070 00fa2023 RR.S
75: CPU.Fetch:
        Fetch_to_Decode{I_24 pc:80000048 pred:8000004c epoch:2 halt_sentinel:0}
        Mem_Req {I_24 pc:80000048 instr:xxxxxxxx FETCH 4B addr:80000048 epoch:2}
Trace 75 24 80000048 00000000 F
fn_EX_IALU: LUI x20 <= 80000000
75: CPU.EX_Int
        RR_to_EX{I_21 pc:8000006c instr:80000a37
             rs1_val:00000000  rs2_val:00000000  imm:80000000 }
        EX_to_Retire{I_21 pc:8000006c instr:80000a37
                  data:80000000}
Trace 75 21 8000006c 80000a37 EX.I
76: CPU.Fetch:
        Fetch_to_Decode{I_25 pc:8000004c pred:80000050 epoch:2 halt_sentinel:0}
        Mem_Req {I_25 pc:8000004c instr:xxxxxxxx FETCH 4B addr:8000004c epoch:2}
Trace 76 25 8000004c 00000000 F
76: CPU.rl_RR.stall: busy rd:0 rs1:0 rs2:1
        Decode_to_RR{I_22 pc:80000070 instr:00fa2023 pred:80000074 epoch:1
            fallthru:80000074 OPCLASS_MEM has_{rs1,rs2,rd}:{1,1,0} writes_mem:1, imm:0 halt_sentinel:0}
Trace 76 22 80000070 00fa2023 RR.S
77: CPU.rl_RR.stall: busy rd:0 rs1:1 rs2:1
        Decode_to_RR{I_22 pc:80000070 instr:00fa2023 pred:80000074 epoch:1
            fallthru:80000074 OPCLASS_MEM has_{rs1,rs2,rd}:{1,1,0} writes_mem:1, imm:0 halt_sentinel:0}
Trace 77 22 80000070 00fa2023 RR.S
78: CPU.rl_RR.stall: busy rd:0 rs1:1 rs2:1
        Decode_to_RR{I_22 pc:80000070 instr:00fa2023 pred:80000074 epoch:1
            fallthru:80000074 OPCLASS_MEM has_{rs1,rs2,rd}:{1,1,0} writes_mem:1, imm:0 halt_sentinel:0}
Trace 78 22 80000070 00fa2023 RR.S
79: CPU.rl_RR.stall: busy rd:0 rs1:1 rs2:1
        Decode_to_RR{I_22 pc:80000070 instr:00fa2023 pred:80000074 epoch:1
            fallthru:80000074 OPCLASS_MEM has_{rs1,rs2,rd}:{1,1,0} writes_mem:1, imm:0 halt_sentinel:0}
Trace 79 22 80000070 00fa2023 RR.S
80: CPU.rl_RR.stall: busy rd:0 rs1:1 rs2:1
        Decode_to_RR{I_22 pc:80000070 instr:00fa2023 pred:80000074 epoch:1
            fallthru:80000074 OPCLASS_MEM has_{rs1,rs2,rd}:{1,1,0} writes_mem:1, imm:0 halt_sentinel:0}
Trace 80 22 80000070 00fa2023 RR.S
81: CPU.rl_RR.stall: busy rd:0 rs1:1 rs2:1
        Decode_to_RR{I_22 pc:80000070 instr:00fa2023 pred:80000074 epoch:1
            fallthru:80000074 OPCLASS_MEM has_{rs1,rs2,rd}:{1,1,0} writes_mem:1, imm:0 halt_sentinel:0}
Trace 81 22 80000070 00fa2023 RR.S
82: CPU.rl_RR.stall: busy rd:0 rs1:1 rs2:1
        Decode_to_RR{I_22 pc:80000070 instr:00fa2023 pred:80000074 epoch:1
            fallthru:80000074 OPCLASS_MEM has_{rs1,rs2,rd}:{1,1,0} writes_mem:1, imm:0 halt_sentinel:0}
Trace 82 22 80000070 00fa2023 RR.S
82:     CPU.S5.fa_update_rd:(unreserve scoreboard)
          RW_from_Retire{I_20 pc:80000068 instr:0400078b rd:15 commit:0 data:xxxxxxxx}
Trace 82 20 80000068 0400078b RET.discard
82: CPU.S5.rl_Retire_wrong_path:
        RR_to_Retire{I_20 pc:80000068 instr:0400078b EXEC_TAG_POSIT
                 pred:8000006c epoch:1 has_rd:1 writes_mem:0
                 fallthru:8000006c halt_sentinel:0}
83: CPU.RW (during stall):
83:     RW_from_Retire{I_20 pc:80000068 instr:0400078b rd:15 commit:0 data:00000000}
Trace 83 20 80000068 0400078b RW
83: CPU.rl_RR.stall: busy rd:0 rs1:1 rs2:0
        Decode_to_RR{I_22 pc:80000070 instr:00fa2023 pred:80000074 epoch:1
            fallthru:80000074 OPCLASS_MEM has_{rs1,rs2,rd}:{1,1,0} writes_mem:1, imm:0 halt_sentinel:0}
Trace 83 22 80000070 00fa2023 RR.S
83:     CPU.S5.fa_update_rd:(unreserve scoreboard)
          RW_from_Retire{I_21 pc:8000006c instr:80000a37 rd:20 commit:0 data:xxxxxxxx}
Trace 83 21 8000006c 80000a37 RET.discard
83: CPU.S5.rl_Retire_wrong_path:
        RR_to_Retire{I_21 pc:8000006c instr:80000a37 EXEC_TAG_INT
                 pred:80000070 epoch:1 has_rd:1 writes_mem:0
                 fallthru:80000070 halt_sentinel:0}
84: CPU.RW (same-cycle with dispatch):
84:     RW_from_Retire{I_21 pc:8000006c instr:80000a37 rd:20 commit:0 data:00000000}
Trace 84 21 8000006c 80000a37 RW
84: CPU.Dispatch_DMem:
        RR_to_Retire{I_22 pc:80000070 instr:00fa2023 EXEC_TAG_DMEM
                 pred:80000074 epoch:1 has_rd:0 writes_mem:1
                 fallthru:80000074 halt_sentinel:0}
        rs1_val:00000000  rs2_val:00000000  imm:00000000
        Mem_Req {I_22 pc:80000070 instr:00fa2023 STORE 4B addr:00000000 wdata:00000000 epoch:1}
Trace 84 22 80000070 00fa2023 RR.D
85: CPU.Decode:
        Decode_to_RR{I_24 pc:80000048 instr:02060063 pred:8000004c epoch:2
            fallthru:8000004c OPCLASS_CONTROL has_{rs1,rs2,rd}:{1,1,0} writes_mem:0, imm:20 halt_sentinel:0}
        Mem_Rsp {MEM_RSP_OK addr:80000048 rdata:02060063 I_24 pc:80000048 instr:00000000 FETCH 4B}
Trace 85 24 80000048 02060063 D
85: CPU.Dispatch_Control:
        RR_to_Retire{I_23 pc:80000074 instr:06078063 EXEC_TAG_CONTROL
                 pred:80000078 epoch:1 has_rd:0 writes_mem:0
                 fallthru:80000078 halt_sentinel:0}
        RR_to_EX_Control{I_23 pc:80000074 instr:06078063 fallthru:80000078
                  rs1_val:00000000  rs2_val:00000000  imm:00000060 }
Trace 85 23 80000074 06078063 RR.C
86: CPU.Fetch:
        Fetch_to_Decode{I_26 pc:80000050 pred:80000054 epoch:2 halt_sentinel:0}
        Mem_Req {I_26 pc:80000050 instr:xxxxxxxx FETCH 4B addr:80000050 epoch:2}
Trace 86 26 80000050 00000000 F
86: CPU.Decode:
        Decode_to_RR{I_25 pc:8000004c instr:00052683 pred:80000050 epoch:2
            fallthru:80000050 OPCLASS_MEM has_{rs1,rs2,rd}:{1,0,1} writes_mem:0, imm:0 halt_sentinel:0}
        Mem_Rsp {MEM_RSP_OK addr:8000004c rdata:00052683 I_25 pc:8000004c instr:00000000 FETCH 4B}
Trace 86 25 8000004c 00052683 D
86: CPU.Dispatch_Control:
        RR_to_Retire{I_24 pc:80000048 instr:02060063 EXEC_TAG_CONTROL
                 pred:8000004c epoch:2 has_rd:0 writes_mem:0
                 fallthru:8000004c halt_sentinel:0}
        RR_to_EX_Control{I_24 pc:80000048 instr:02060063 fallthru:8000004c
                  rs1_val:00000003  rs2_val:00000000  imm:00000020 }
Trace 86 24 80000048 02060063 RR.C
Trace 86 22 80000070 00fa2023 RET.discard
86: CPU.S5.rl_Retire_wrong_path:
        RR_to_Retire{I_22 pc:80000070 instr:00fa2023 EXEC_TAG_DMEM
                 pred:80000074 epoch:1 has_rd:0 writes_mem:1
                 fallthru:80000074 halt_sentinel:0}
87: CPU.EX_Control
        RR_to_EX_Control{I_23 pc:80000074 instr:06078063 fallthru:80000078
                  rs1_val:00000000  rs2_val:00000000  imm:00000060 }
        EX_Control_to_Retire{I_23 pc:80000074 instr:06078063
                       next_pc:800000d4  data:80000078}
Trace 87 23 80000074 06078063 EX.C
87: CPU.Fetch:
        Fetch_to_Decode{I_27 pc:80000054 pred:80000058 epoch:2 halt_sentinel:0}
        Mem_Req {I_27 pc:80000054 instr:xxxxxxxx FETCH 4B addr:80000054 epoch:2}
Trace 87 27 80000054 00000000 F
87: CPU.Decode:
        Decode_to_RR{I_26 pc:80000050 instr:0005a703 pred:80000054 epoch:2
            fallthru:80000054 OPCLASS_MEM has_{rs1,rs2,rd}:{1,0,1} writes_mem:0, imm:0 halt_sentinel:0}
        Mem_Rsp {MEM_RSP_OK addr:80000050 rdata:0005a703 I_26 pc:80000050 instr:00000000 FETCH 4B}
Trace 87 26 80000050 0005a703 D
87: CPU.Dispatch_DMem:
        RR_to_Retire{I_25 pc:8000004c instr:00052683 EXEC_TAG_DMEM
                 pred:80000050 epoch:2 has_rd:1 writes_mem:0
                 fallthru:80000050 halt_sentinel:0}
        rs1_val:80000014  rs2_val:00000000  imm:00000000
        Mem_Req {I_25 pc:8000004c instr:00052683 LOAD 4B addr:80000014 epoch:2}
Trace 87 25 8000004c 00052683 RR.D
88: CPU.EX_Control
        RR_to_EX_Control{I_24 pc:80000048 instr:02060063 fallthru:8000004c
                  rs1_val:00000003  rs2_val:00000000  imm:00000020 }
        EX_Control_to_Retire{I_24 pc:80000048 instr:02060063
                       next_pc:8000004c  data:8000004c}
Trace 88 24 80000048 02060063 EX.C
88: CPU.Fetch:
        Fetch_to_Decode{I_28 pc:80000058 pred:8000005c epoch:2 halt_sentinel:0}
        Mem_Req {I_28 pc:80000058 instr:xxxxxxxx FETCH 4B addr:80000058 epoch:2}
Trace 88 28 80000058 00000000 F
88: mkMems_Devices: for client CLIENT_DMEM
        Mem_Req {I_25 pc:8000004c instr:00052683 LOAD 4B addr:80000014 epoch:2}
        Mem_Rsp {MEM_RSP_OK addr:80000014 rdata:48000000 I_25 pc:8000004c instr:00052683 LOAD 4B}
88: CPU.Decode:
        Decode_to_RR{I_27 pc:80000054 instr:00e6800b pred:80000058 epoch:2
            fallthru:80000058 OPCLASS_POSIT has_{rs1,rs2,rd}:{1,1,0} writes_mem:0, imm:0 halt_sentinel:0}
        Mem_Rsp {MEM_RSP_OK addr:80000054 rdata:00e6800b I_27 pc:80000054 instr:00000000 FETCH 4B}
Trace 88 27 80000054 00e6800b D
Trace 88 23 80000074 06078063 RET.discard
88: CPU.S5.rl_Retire_wrong_path:
        RR_to_Retire{I_23 pc:80000074 instr:06078063 EXEC_TAG_CONTROL
                 pred:80000078 epoch:1 has_rd:0 writes_mem:0
                 fallthru:80000078 halt_sentinel:0}
89: CPU.Dispatch_DMem:
        RR_to_Retire{I_26 pc:80000050 instr:0005a703 EXEC_TAG_DMEM
                 pred:80000054 epoch:2 has_rd:1 writes_mem:0
                 fallthru:80000054 halt_sentinel:0}
        rs1_val:80000024  rs2_val:00000000  imm:00000000
        Mem_Req {I_26 pc:80000050 instr:0005a703 LOAD 4B addr:80000024 epoch:2}
Trace 89 26 80000050 0005a703 RR.D
Trace 89 24 80000048 02060063 RET.C
89: CPU.Retire_EX_Control: Normal
        EX_Control_to_Retire{I_24 pc:80000048 instr:02060063
                       next_pc:8000004c  data:8000004c}
90: CPU.Fetch:
        Fetch_to_Decode{I_29 pc:8000005c pred:80000060 epoch:2 halt_sentinel:0}
        Mem_Req {I_29 pc:8000005c instr:xxxxxxxx FETCH 4B addr:8000005c epoch:2}
Trace 90 29 8000005c 00000000 F
90: mkMems_Devices: for client CLIENT_DMEM
        Mem_Req {I_26 pc:80000050 instr:0005a703 LOAD 4B addr:80000024 epoch:2}
        Mem_Rsp {MEM_RSP_OK addr:80000024 rdata:48000000 I_26 pc:80000050 instr:0005a703 LOAD 4B}
90: CPU.Decode:
        Decode_to_RR{I_28 pc:80000058 instr:00450513 pred:8000005c epoch:2
            fallthru:8000005c OPCLASS_INT has_{rs1,rs2,rd}:{1,0,1} writes_mem:0, imm:4 halt_sentinel:0}
        Mem_Rsp {MEM_RSP_OK addr:80000058 rdata:00450513 I_28 pc:80000058 instr:00000000 FETCH 4B}
Trace 90 28 80000058 00450513 D
90: CPU.rl_RR.stall: busy rd:0 rs1:1 rs2:1
        Decode_to_RR{I_27 pc:80000054 instr:00e6800b pred:80000058 epoch:2
            fallthru:80000058 OPCLASS_POSIT has_{rs1,rs2,rd}:{1,1,0} writes_mem:0, imm:0 halt_sentinel:0}
Trace 90 27 80000054 00e6800b RR.S
90:     CPU.S5.fa_update_rd:
          RW_from_Retire{I_25 pc:8000004c instr:00052683 rd:13 commit:1 data:48000000}
Trace 90 25 8000004c 00052683 RET.D
90: CPU.Retire_EX_DMem: Normal
        Mem_Rsp {MEM_RSP_OK addr:80000014 rdata:48000000 I_25 pc:8000004c instr:00052683 LOAD 4B}
91: CPU.RW (during stall):
91:     RW_from_Retire{I_25 pc:8000004c instr:00052683 rd:13 commit:1 data:48000000}
Trace 91 25 8000004c 00052683 RW
91: CPU.rl_RR.stall: busy rd:0 rs1:0 rs2:1
        Decode_to_RR{I_27 pc:80000054 instr:00e6800b pred:80000058 epoch:2
            fallthru:80000058 OPCLASS_POSIT has_{rs1,rs2,rd}:{1,1,0} writes_mem:0, imm:0 halt_sentinel:0}
Trace 91 27 80000054 00e6800b RR.S
92: CPU.Fetch:
        Fetch_to_Decode{I_30 pc:80000060 pred:80000064 epoch:2 halt_sentinel:0}
        Mem_Req {I_30 pc:80000060 instr:xxxxxxxx FETCH 4B addr:80000060 epoch:2}
Trace 92 30 80000060 00000000 F
92: CPU.rl_RR.stall: busy rd:0 rs1:0 rs2:1
        Decode_to_RR{I_27 pc:80000054 instr:00e6800b pred:80000058 epoch:2
            fallthru:80000058 OPCLASS_POSIT has_{rs1,rs2,rd}:{1,1,0} writes_mem:0, imm:0 halt_sentinel:0}
Trace 92 27 80000054 00e6800b RR.S
92:     CPU.S5.fa_update_rd:
          RW_from_Retire{I_26 pc:80000050 instr:0005a703 rd:14 commit:1 data:48000000}
Trace 92 26 80000050 0005a703 RET.D
92: CPU.Retire_EX_DMem: Normal
        Mem_Rsp {MEM_RSP_OK addr:80000024 rdata:48000000 I_26 pc:80000050 instr:0005a703 LOAD 4B}
93: CPU.RW (same-cycle with dispatch):
93:     RW_from_Retire{I_26 pc:80000050 instr:0005a703 rd:14 commit:1 data:48000000}
Trace 93 26 80000050 0005a703 RW
93: CPU.fwd: rs2 x14 <- WB val 48000000
93: CPU.Dispatch_Int:
        RR_to_Retire{I_27 pc:80000054 instr:00e6800b EXEC_TAG_POSIT
                 pred:80000058 epoch:2 has_rd:0 writes_mem:0
                 fallthru:80000058 halt_sentinel:0}
        RR_to_EX{I_27 pc:80000054 instr:00e6800b
             rs1_val:48000000  rs2_val:48000000  imm:00000000 }
Trace 93 27 80000054 00e6800b RR.I
94: CPU.Decode:
        Decode_to_RR{I_29 pc:8000005c instr:00458593 pred:80000060 epoch:2
            fallthru:80000060 OPCLASS_INT has_{rs1,rs2,rd}:{1,0,1} writes_mem:0, imm:4 halt_sentinel:0}
        Mem_Rsp {MEM_RSP_OK addr:8000005c rdata:00458593 I_29 pc:8000005c instr:00000000 FETCH 4B}
Trace 94 29 8000005c 00458593 D
94: CPU.Dispatch_Int:
        RR_to_Retire{I_28 pc:80000058 instr:00450513 EXEC_TAG_INT
                 pred:8000005c epoch:2 has_rd:1 writes_mem:0
                 fallthru:8000005c halt_sentinel:0}
        RR_to_EX{I_28 pc:80000058 instr:00450513
             rs1_val:80000014  rs2_val:00000000  imm:00000004 }
Trace 94 28 80000058 00450513 RR.I
95: CPU.Fetch:
        Fetch_to_Decode{I_31 pc:80000064 pred:80000068 epoch:2 halt_sentinel:0}
        Mem_Req {I_31 pc:80000064 instr:xxxxxxxx FETCH 4B addr:80000064 epoch:2}
Trace 95 31 80000064 00000000 F
95: CPU.Decode:
        Decode_to_RR{I_30 pc:80000060 instr:fff60613 pred:80000064 epoch:2
            fallthru:80000064 OPCLASS_INT has_{rs1,rs2,rd}:{1,0,1} writes_mem:0, imm:ffffffff halt_sentinel:0}
        Mem_Rsp {MEM_RSP_OK addr:80000060 rdata:fff60613 I_30 pc:80000060 instr:00000000 FETCH 4B}
Trace 95 30 80000060 fff60613 D
95: CPU.Dispatch_Int:
        RR_to_Retire{I_29 pc:8000005c instr:00458593 EXEC_TAG_INT
                 pred:80000060 epoch:2 has_rd:1 writes_mem:0
                 fallthru:80000060 halt_sentinel:0}
        RR_to_EX{I_29 pc:8000005c instr:00458593
             rs1_val:80000024  rs2_val:00000000  imm:00000004 }
Trace 95 29 8000005c 00458593 RR.I
96: CPU.Fetch:
        Fetch_to_Decode{I_32 pc:80000068 pred:8000006c epoch:2 halt_sentinel:0}
        Mem_Req {I_32 pc:80000068 instr:xxxxxxxx FETCH 4B addr:80000068 epoch:2}
Trace 96 32 80000068 00000000 F
96: CPU.Decode:
        Decode_to_RR{I_31 pc:80000064 instr:fe5ff06f pred:80000068 epoch:2
            fallthru:80000068 OPCLASS_CONTROL has_{rs1,rs2,rd}:{0,0,0} writes_mem:0, imm:ffffffe4 halt_sentinel:0}
        Mem_Rsp {MEM_RSP_OK addr:80000064 rdata:fe5ff06f I_31 pc:80000064 instr:00000000 FETCH 4B}
Trace 96 31 80000064 fe5ff06f D
fn_EX_IALU: IALU x10 <= 80000018
96: CPU.EX_Int
        RR_to_EX{I_28 pc:80000058 instr:00450513
             rs1_val:80000014  rs2_val:00000000  imm:00000004 }
        EX_to_Retire{I_28 pc:80000058 instr:00450513
                  data:80000018}
Trace 96 28 80000058 00450513 EX.I
97: CPU.Fetch:
        Fetch_to_Decode{I_33 pc:8000006c pred:80000070 epoch:2 halt_sentinel:0}
        Mem_Req {I_33 pc:8000006c instr:xxxxxxxx FETCH 4B addr:8000006c epoch:2}
Trace 97 33 8000006c 00000000 F
fn_EX_IALU: IALU x11 <= 80000028
97: CPU.EX_Int
        RR_to_EX{I_29 pc:8000005c instr:00458593
             rs1_val:80000024  rs2_val:00000000  imm:00000004 }
        EX_to_Retire{I_29 pc:8000005c instr:00458593
                  data:80000028}
Trace 97 29 8000005c 00458593 EX.I
97: CPU.S5.rl_Retire_EX_Posit: instr 00e6800b rd=00000000 exc=0
98: CPU.Dispatch_Int:
        RR_to_Retire{I_30 pc:80000060 instr:fff60613 EXEC_TAG_INT
                 pred:80000064 epoch:2 has_rd:1 writes_mem:0
                 fallthru:80000064 halt_sentinel:0}
        RR_to_EX{I_30 pc:80000060 instr:fff60613
             rs1_val:00000003  rs2_val:00000000  imm:ffffffff }
Trace 98 30 80000060 fff60613 RR.I
98:     CPU.S5.fa_update_rd:
          RW_from_Retire{I_28 pc:80000058 instr:00450513 rd:10 commit:1 data:80000018}
Trace 98 28 80000058 00450513 RET.I
98: CPU.Retire_EX_Int: Normal
        EX_to_Retire{I_28 pc:80000058 instr:00450513
                  data:80000018}
99: CPU.Decode:
        Decode_to_RR{I_32 pc:80000068 instr:0400078b pred:8000006c epoch:2
            fallthru:8000006c OPCLASS_POSIT has_{rs1,rs2,rd}:{0,0,1} writes_mem:0, imm:0 halt_sentinel:0}
        Mem_Rsp {MEM_RSP_OK addr:80000068 rdata:0400078b I_32 pc:80000068 instr:00000000 FETCH 4B}
Trace 99 32 80000068 0400078b D
99: CPU.RW (same-cycle with dispatch):
99:     RW_from_Retire{I_28 pc:80000058 instr:00450513 rd:10 commit:1 data:80000018}
Trace 99 28 80000058 00450513 RW
99: CPU.Dispatch_Control:
        RR_to_Retire{I_31 pc:80000064 instr:fe5ff06f EXEC_TAG_CONTROL
                 pred:80000068 epoch:2 has_rd:0 writes_mem:0
                 fallthru:80000068 halt_sentinel:0}
        RR_to_EX_Control{I_31 pc:80000064 instr:fe5ff06f fallthru:80000068
                  rs1_val:00000000  rs2_val:00000000  imm:ffffffe4 }
Trace 99 31 80000064 fe5ff06f RR.C
99:     CPU.S5.fa_update_rd:
          RW_from_Retire{I_29 pc:8000005c instr:00458593 rd:11 commit:1 data:80000028}
Trace 99 29 8000005c 00458593 RET.I
99: CPU.Retire_EX_Int: Normal
        EX_to_Retire{I_29 pc:8000005c instr:00458593
                  data:80000028}
100: CPU.Fetch:
        Fetch_to_Decode{I_34 pc:80000070 pred:80000074 epoch:2 halt_sentinel:0}
        Mem_Req {I_34 pc:80000070 instr:xxxxxxxx FETCH 4B addr:80000070 epoch:2}
Trace 100 34 80000070 00000000 F
100: CPU.Decode:
        Decode_to_RR{I_33 pc:8000006c instr:80000a37 pred:80000070 epoch:2
            fallthru:80000070 OPCLASS_INT has_{rs1,rs2,rd}:{0,0,1} writes_mem:0, imm:80000000 halt_sentinel:0}
        Mem_Rsp {MEM_RSP_OK addr:8000006c rdata:80000a37 I_33 pc:8000006c instr:00000000 FETCH 4B}
Trace 100 33 8000006c 80000a37 D
fn_EX_IALU: IALU x12 <= 2
100: CPU.EX_Int
        RR_to_EX{I_30 pc:80000060 instr:fff60613
             rs1_val:00000003  rs2_val:00000000  imm:ffffffff }
        EX_to_Retire{I_30 pc:80000060 instr:fff60613
                  data:00000002}
Trace 100 30 80000060 fff60613 EX.I
101: CPU.EX_Control
        RR_to_EX_Control{I_31 pc:80000064 instr:fe5ff06f fallthru:80000068
                  rs1_val:00000000  rs2_val:00000000  imm:ffffffe4 }
        EX_Control_to_Retire{I_31 pc:80000064 instr:fe5ff06f
                       next_pc:80000048  data:80000068}
Trace 101 31 80000064 fe5ff06f EX.C
101: CPU.Fetch:
        Fetch_to_Decode{I_35 pc:80000074 pred:80000078 epoch:2 halt_sentinel:0}
        Mem_Req {I_35 pc:80000074 instr:xxxxxxxx FETCH 4B addr:80000074 epoch:2}
Trace 101 35 80000074 00000000 F
101: CPU.RW (same-cycle with dispatch):
101:     RW_from_Retire{I_29 pc:8000005c instr:00458593 rd:11 commit:1 data:80000028}
Trace 101 29 8000005c 00458593 RW
101: CPU.Dispatch_Int:
        RR_to_Retire{I_32 pc:80000068 instr:0400078b EXEC_TAG_POSIT
                 pred:8000006c epoch:2 has_rd:1 writes_mem:0
                 fallthru:8000006c halt_sentinel:0}
        RR_to_EX{I_32 pc:80000068 instr:0400078b
             rs1_val:00000000  rs2_val:00000000  imm:00000000 }
Trace 101 32 80000068 0400078b RR.I
101:     CPU.S5.fa_update_rd:
          RW_from_Retire{I_30 pc:80000060 instr:fff60613 rd:12 commit:1 data:00000002}
Trace 101 30 80000060 fff60613 RET.I
101: CPU.Retire_EX_Int: Normal
        EX_to_Retire{I_30 pc:80000060 instr:fff60613
                  data:00000002}
102: CPU.Decode:
        Decode_to_RR{I_34 pc:80000070 instr:00fa2023 pred:80000074 epoch:2
            fallthru:80000074 OPCLASS_MEM has_{rs1,rs2,rd}:{1,1,0} writes_mem:1, imm:0 halt_sentinel:0}
        Mem_Rsp {MEM_RSP_OK addr:80000070 rdata:00fa2023 I_34 pc:80000070 instr:00000000 FETCH 4B}
Trace 102 34 80000070 00fa2023 D
102: CPU.RW (same-cycle with dispatch):
102:     RW_from_Retire{I_30 pc:80000060 instr:fff60613 rd:12 commit:1 data:00000002}
Trace 102 30 80000060 fff60613 RW
102: CPU.Dispatch_Int:
        RR_to_Retire{I_33 pc:8000006c instr:80000a37 EXEC_TAG_INT
                 pred:80000070 epoch:2 has_rd:1 writes_mem:0
                 fallthru:80000070 halt_sentinel:0}
        RR_to_EX{I_33 pc:8000006c instr:80000a37
             rs1_val:00000000  rs2_val:00000000  imm:80000000 }
Trace 102 33 8000006c 80000a37 RR.I
102:     CPU.S5.fa_redirect_Fetch:
        Fetch_from_Retire{I_31 pc:80000064 instr:fe5ff06f next_pc:80000048 next_epoch 3 haltreq 0}
Trace 102 31 80000064 fe5ff06f RET.C
102: CPU.Retire_EX_Control: Normal
        EX_Control_to_Retire{I_31 pc:80000064 instr:fe5ff06f
                       next_pc:80000048  data:80000068}
103: CPU.Redirect:
        Fetch_from_Retire{I_31 pc:80000064 instr:fe5ff06f next_pc:80000048 next_epoch 3 haltreq 0}
Trace 103 31 80000064 fe5ff06f Redir
103: CPU.Decode:
        Decode_to_RR{I_35 pc:80000074 instr:06078063 pred:80000078 epoch:2
            fallthru:80000078 OPCLASS_CONTROL has_{rs1,rs2,rd}:{1,1,0} writes_mem:0, imm:60 halt_sentinel:0}
        Mem_Rsp {MEM_RSP_OK addr:80000074 rdata:06078063 I_35 pc:80000074 instr:00000000 FETCH 4B}
Trace 103 35 80000074 06078063 D
103: CPU.rl_RR.stall: busy rd:0 rs1:1 rs2:1
        Decode_to_RR{I_34 pc:80000070 instr:00fa2023 pred:80000074 epoch:2
            fallthru:80000074 OPCLASS_MEM has_{rs1,rs2,rd}:{1,1,0} writes_mem:1, imm:0 halt_sentinel:0}
Trace 103 34 80000070 00fa2023 RR.S
104: CPU.Fetch:
        Fetch_to_Decode{I_36 pc:80000048 pred:8000004c epoch:3 halt_sentinel:0}
        Mem_Req {I_36 pc:80000048 instr:xxxxxxxx FETCH 4B addr:80000048 epoch:3}
Trace 104 36 80000048 00000000 F
fn_EX_IALU: LUI x20 <= 80000000
104: CPU.EX_Int
        RR_to_EX{I_33 pc:8000006c instr:80000a37
             rs1_val:00000000  rs2_val:00000000  imm:80000000 }
        EX_to_Retire{I_33 pc:8000006c instr:80000a37
                  data:80000000}
Trace 104 33 8000006c 80000a37 EX.I
105: CPU.Fetch:
        Fetch_to_Decode{I_37 pc:8000004c pred:80000050 epoch:3 halt_sentinel:0}
        Mem_Req {I_37 pc:8000004c instr:xxxxxxxx FETCH 4B addr:8000004c epoch:3}
Trace 105 37 8000004c 00000000 F
105: CPU.rl_RR.stall: busy rd:0 rs1:0 rs2:1
        Decode_to_RR{I_34 pc:80000070 instr:00fa2023 pred:80000074 epoch:2
            fallthru:80000074 OPCLASS_MEM has_{rs1,rs2,rd}:{1,1,0} writes_mem:1, imm:0 halt_sentinel:0}
Trace 105 34 80000070 00fa2023 RR.S
106: CPU.rl_RR.stall: busy rd:0 rs1:1 rs2:1
        Decode_to_RR{I_34 pc:80000070 instr:00fa2023 pred:80000074 epoch:2
            fallthru:80000074 OPCLASS_MEM has_{rs1,rs2,rd}:{1,1,0} writes_mem:1, imm:0 halt_sentinel:0}
Trace 106 34 80000070 00fa2023 RR.S
107: CPU.rl_RR.stall: busy rd:0 rs1:1 rs2:1
        Decode_to_RR{I_34 pc:80000070 instr:00fa2023 pred:80000074 epoch:2
            fallthru:80000074 OPCLASS_MEM has_{rs1,rs2,rd}:{1,1,0} writes_mem:1, imm:0 halt_sentinel:0}
Trace 107 34 80000070 00fa2023 RR.S
108: CPU.rl_RR.stall: busy rd:0 rs1:1 rs2:1
        Decode_to_RR{I_34 pc:80000070 instr:00fa2023 pred:80000074 epoch:2
            fallthru:80000074 OPCLASS_MEM has_{rs1,rs2,rd}:{1,1,0} writes_mem:1, imm:0 halt_sentinel:0}
Trace 108 34 80000070 00fa2023 RR.S
109: CPU.rl_RR.stall: busy rd:0 rs1:1 rs2:1
        Decode_to_RR{I_34 pc:80000070 instr:00fa2023 pred:80000074 epoch:2
            fallthru:80000074 OPCLASS_MEM has_{rs1,rs2,rd}:{1,1,0} writes_mem:1, imm:0 halt_sentinel:0}
Trace 109 34 80000070 00fa2023 RR.S
110: CPU.rl_RR.stall: busy rd:0 rs1:1 rs2:1
        Decode_to_RR{I_34 pc:80000070 instr:00fa2023 pred:80000074 epoch:2
            fallthru:80000074 OPCLASS_MEM has_{rs1,rs2,rd}:{1,1,0} writes_mem:1, imm:0 halt_sentinel:0}
Trace 110 34 80000070 00fa2023 RR.S
111: CPU.rl_RR.stall: busy rd:0 rs1:1 rs2:1
        Decode_to_RR{I_34 pc:80000070 instr:00fa2023 pred:80000074 epoch:2
            fallthru:80000074 OPCLASS_MEM has_{rs1,rs2,rd}:{1,1,0} writes_mem:1, imm:0 halt_sentinel:0}
Trace 111 34 80000070 00fa2023 RR.S
112: CPU.rl_RR.stall: busy rd:0 rs1:1 rs2:1
        Decode_to_RR{I_34 pc:80000070 instr:00fa2023 pred:80000074 epoch:2
            fallthru:80000074 OPCLASS_MEM has_{rs1,rs2,rd}:{1,1,0} writes_mem:1, imm:0 halt_sentinel:0}
Trace 112 34 80000070 00fa2023 RR.S
113: CPU.rl_RR.stall: busy rd:0 rs1:1 rs2:1
        Decode_to_RR{I_34 pc:80000070 instr:00fa2023 pred:80000074 epoch:2
            fallthru:80000074 OPCLASS_MEM has_{rs1,rs2,rd}:{1,1,0} writes_mem:1, imm:0 halt_sentinel:0}
Trace 113 34 80000070 00fa2023 RR.S
114: CPU.rl_RR.stall: busy rd:0 rs1:1 rs2:1
        Decode_to_RR{I_34 pc:80000070 instr:00fa2023 pred:80000074 epoch:2
            fallthru:80000074 OPCLASS_MEM has_{rs1,rs2,rd}:{1,1,0} writes_mem:1, imm:0 halt_sentinel:0}
Trace 114 34 80000070 00fa2023 RR.S
115: CPU.rl_RR.stall: busy rd:0 rs1:1 rs2:1
        Decode_to_RR{I_34 pc:80000070 instr:00fa2023 pred:80000074 epoch:2
            fallthru:80000074 OPCLASS_MEM has_{rs1,rs2,rd}:{1,1,0} writes_mem:1, imm:0 halt_sentinel:0}
Trace 115 34 80000070 00fa2023 RR.S
116: CPU.rl_RR.stall: busy rd:0 rs1:1 rs2:1
        Decode_to_RR{I_34 pc:80000070 instr:00fa2023 pred:80000074 epoch:2
            fallthru:80000074 OPCLASS_MEM has_{rs1,rs2,rd}:{1,1,0} writes_mem:1, imm:0 halt_sentinel:0}
Trace 116 34 80000070 00fa2023 RR.S
117: CPU.rl_RR.stall: busy rd:0 rs1:1 rs2:1
        Decode_to_RR{I_34 pc:80000070 instr:00fa2023 pred:80000074 epoch:2
            fallthru:80000074 OPCLASS_MEM has_{rs1,rs2,rd}:{1,1,0} writes_mem:1, imm:0 halt_sentinel:0}
Trace 117 34 80000070 00fa2023 RR.S
118: CPU.rl_RR.stall: busy rd:0 rs1:1 rs2:1
        Decode_to_RR{I_34 pc:80000070 instr:00fa2023 pred:80000074 epoch:2
            fallthru:80000074 OPCLASS_MEM has_{rs1,rs2,rd}:{1,1,0} writes_mem:1, imm:0 halt_sentinel:0}
Trace 118 34 80000070 00fa2023 RR.S
119: CPU.rl_RR.stall: busy rd:0 rs1:1 rs2:1
        Decode_to_RR{I_34 pc:80000070 instr:00fa2023 pred:80000074 epoch:2
            fallthru:80000074 OPCLASS_MEM has_{rs1,rs2,rd}:{1,1,0} writes_mem:1, imm:0 halt_sentinel:0}
Trace 119 34 80000070 00fa2023 RR.S
120: CPU.rl_RR.stall: busy rd:0 rs1:1 rs2:1
        Decode_to_RR{I_34 pc:80000070 instr:00fa2023 pred:80000074 epoch:2
            fallthru:80000074 OPCLASS_MEM has_{rs1,rs2,rd}:{1,1,0} writes_mem:1, imm:0 halt_sentinel:0}
Trace 120 34 80000070 00fa2023 RR.S
121: CPU.rl_RR.stall: busy rd:0 rs1:1 rs2:1
        Decode_to_RR{I_34 pc:80000070 instr:00fa2023 pred:80000074 epoch:2
            fallthru:80000074 OPCLASS_MEM has_{rs1,rs2,rd}:{1,1,0} writes_mem:1, imm:0 halt_sentinel:0}
Trace 121 34 80000070 00fa2023 RR.S
122: CPU.rl_RR.stall: busy rd:0 rs1:1 rs2:1
        Decode_to_RR{I_34 pc:80000070 instr:00fa2023 pred:80000074 epoch:2
            fallthru:80000074 OPCLASS_MEM has_{rs1,rs2,rd}:{1,1,0} writes_mem:1, imm:0 halt_sentinel:0}
Trace 122 34 80000070 00fa2023 RR.S
123: CPU.rl_RR.stall: busy rd:0 rs1:1 rs2:1
        Decode_to_RR{I_34 pc:80000070 instr:00fa2023 pred:80000074 epoch:2
            fallthru:80000074 OPCLASS_MEM has_{rs1,rs2,rd}:{1,1,0} writes_mem:1, imm:0 halt_sentinel:0}
Trace 123 34 80000070 00fa2023 RR.S
124: CPU.rl_RR.stall: busy rd:0 rs1:1 rs2:1
        Decode_to_RR{I_34 pc:80000070 instr:00fa2023 pred:80000074 epoch:2
            fallthru:80000074 OPCLASS_MEM has_{rs1,rs2,rd}:{1,1,0} writes_mem:1, imm:0 halt_sentinel:0}
Trace 124 34 80000070 00fa2023 RR.S
124:     CPU.S5.fa_update_rd:(unreserve scoreboard)
          RW_from_Retire{I_32 pc:80000068 instr:0400078b rd:15 commit:0 data:xxxxxxxx}
Trace 124 32 80000068 0400078b RET.discard
124: CPU.S5.rl_Retire_wrong_path:
        RR_to_Retire{I_32 pc:80000068 instr:0400078b EXEC_TAG_POSIT
                 pred:8000006c epoch:2 has_rd:1 writes_mem:0
                 fallthru:8000006c halt_sentinel:0}
125: CPU.RW (during stall):
125:     RW_from_Retire{I_32 pc:80000068 instr:0400078b rd:15 commit:0 data:00000000}
Trace 125 32 80000068 0400078b RW
125: CPU.rl_RR.stall: busy rd:0 rs1:1 rs2:0
        Decode_to_RR{I_34 pc:80000070 instr:00fa2023 pred:80000074 epoch:2
            fallthru:80000074 OPCLASS_MEM has_{rs1,rs2,rd}:{1,1,0} writes_mem:1, imm:0 halt_sentinel:0}
Trace 125 34 80000070 00fa2023 RR.S
125:     CPU.S5.fa_update_rd:(unreserve scoreboard)
          RW_from_Retire{I_33 pc:8000006c instr:80000a37 rd:20 commit:0 data:xxxxxxxx}
Trace 125 33 8000006c 80000a37 RET.discard
125: CPU.S5.rl_Retire_wrong_path:
        RR_to_Retire{I_33 pc:8000006c instr:80000a37 EXEC_TAG_INT
                 pred:80000070 epoch:2 has_rd:1 writes_mem:0
                 fallthru:80000070 halt_sentinel:0}
126: CPU.RW (same-cycle with dispatch):
126:     RW_from_Retire{I_33 pc:8000006c instr:80000a37 rd:20 commit:0 data:00000000}
Trace 126 33 8000006c 80000a37 RW
126: CPU.Dispatch_DMem:
        RR_to_Retire{I_34 pc:80000070 instr:00fa2023 EXEC_TAG_DMEM
                 pred:80000074 epoch:2 has_rd:0 writes_mem:1
                 fallthru:80000074 halt_sentinel:0}
        rs1_val:00000000  rs2_val:00000000  imm:00000000
        Mem_Req {I_34 pc:80000070 instr:00fa2023 STORE 4B addr:00000000 wdata:00000000 epoch:2}
Trace 126 34 80000070 00fa2023 RR.D
127: CPU.Decode:
        Decode_to_RR{I_36 pc:80000048 instr:02060063 pred:8000004c epoch:3
            fallthru:8000004c OPCLASS_CONTROL has_{rs1,rs2,rd}:{1,1,0} writes_mem:0, imm:20 halt_sentinel:0}
        Mem_Rsp {MEM_RSP_OK addr:80000048 rdata:02060063 I_36 pc:80000048 instr:00000000 FETCH 4B}
Trace 127 36 80000048 02060063 D
127: CPU.Dispatch_Control:
        RR_to_Retire{I_35 pc:80000074 instr:06078063 EXEC_TAG_CONTROL
                 pred:80000078 epoch:2 has_rd:0 writes_mem:0
                 fallthru:80000078 halt_sentinel:0}
        RR_to_EX_Control{I_35 pc:80000074 instr:06078063 fallthru:80000078
                  rs1_val:00000000  rs2_val:00000000  imm:00000060 }
Trace 127 35 80000074 06078063 RR.C
128: CPU.Fetch:
        Fetch_to_Decode{I_38 pc:80000050 pred:80000054 epoch:3 halt_sentinel:0}
        Mem_Req {I_38 pc:80000050 instr:xxxxxxxx FETCH 4B addr:80000050 epoch:3}
Trace 128 38 80000050 00000000 F
128: CPU.Decode:
        Decode_to_RR{I_37 pc:8000004c instr:00052683 pred:80000050 epoch:3
            fallthru:80000050 OPCLASS_MEM has_{rs1,rs2,rd}:{1,0,1} writes_mem:0, imm:0 halt_sentinel:0}
        Mem_Rsp {MEM_RSP_OK addr:8000004c rdata:00052683 I_37 pc:8000004c instr:00000000 FETCH 4B}
Trace 128 37 8000004c 00052683 D
128: CPU.Dispatch_Control:
        RR_to_Retire{I_36 pc:80000048 instr:02060063 EXEC_TAG_CONTROL
                 pred:8000004c epoch:3 has_rd:0 writes_mem:0
                 fallthru:8000004c halt_sentinel:0}
        RR_to_EX_Control{I_36 pc:80000048 instr:02060063 fallthru:8000004c
                  rs1_val:00000002  rs2_val:00000000  imm:00000020 }
Trace 128 36 80000048 02060063 RR.C
Trace 128 34 80000070 00fa2023 RET.discard
128: CPU.S5.rl_Retire_wrong_path:
        RR_to_Retire{I_34 pc:80000070 instr:00fa2023 EXEC_TAG_DMEM
                 pred:80000074 epoch:2 has_rd:0 writes_mem:1
                 fallthru:80000074 halt_sentinel:0}
129: CPU.EX_Control
        RR_to_EX_Control{I_35 pc:80000074 instr:06078063 fallthru:80000078
                  rs1_val:00000000  rs2_val:00000000  imm:00000060 }
        EX_Control_to_Retire{I_35 pc:80000074 instr:06078063
                       next_pc:800000d4  data:80000078}
Trace 129 35 80000074 06078063 EX.C
129: CPU.Fetch:
        Fetch_to_Decode{I_39 pc:80000054 pred:80000058 epoch:3 halt_sentinel:0}
        Mem_Req {I_39 pc:80000054 instr:xxxxxxxx FETCH 4B addr:80000054 epoch:3}
Trace 129 39 80000054 00000000 F
129: CPU.Decode:
        Decode_to_RR{I_38 pc:80000050 instr:0005a703 pred:80000054 epoch:3
            fallthru:80000054 OPCLASS_MEM has_{rs1,rs2,rd}:{1,0,1} writes_mem:0, imm:0 halt_sentinel:0}
        Mem_Rsp {MEM_RSP_OK addr:80000050 rdata:0005a703 I_38 pc:80000050 instr:00000000 FETCH 4B}
Trace 129 38 80000050 0005a703 D
129: CPU.Dispatch_DMem:
        RR_to_Retire{I_37 pc:8000004c instr:00052683 EXEC_TAG_DMEM
                 pred:80000050 epoch:3 has_rd:1 writes_mem:0
                 fallthru:80000050 halt_sentinel:0}
        rs1_val:80000018  rs2_val:00000000  imm:00000000
        Mem_Req {I_37 pc:8000004c instr:00052683 LOAD 4B addr:80000018 epoch:3}
Trace 129 37 8000004c 00052683 RR.D
130: CPU.EX_Control
        RR_to_EX_Control{I_36 pc:80000048 instr:02060063 fallthru:8000004c
                  rs1_val:00000002  rs2_val:00000000  imm:00000020 }
        EX_Control_to_Retire{I_36 pc:80000048 instr:02060063
                       next_pc:8000004c  data:8000004c}
Trace 130 36 80000048 02060063 EX.C
130: CPU.Fetch:
        Fetch_to_Decode{I_40 pc:80000058 pred:8000005c epoch:3 halt_sentinel:0}
        Mem_Req {I_40 pc:80000058 instr:xxxxxxxx FETCH 4B addr:80000058 epoch:3}
Trace 130 40 80000058 00000000 F
130: mkMems_Devices: for client CLIENT_DMEM
        Mem_Req {I_37 pc:8000004c instr:00052683 LOAD 4B addr:80000018 epoch:3}
        Mem_Rsp {MEM_RSP_OK addr:80000018 rdata:4c000000 I_37 pc:8000004c instr:00052683 LOAD 4B}
130: CPU.Decode:
        Decode_to_RR{I_39 pc:80000054 instr:00e6800b pred:80000058 epoch:3
            fallthru:80000058 OPCLASS_POSIT has_{rs1,rs2,rd}:{1,1,0} writes_mem:0, imm:0 halt_sentinel:0}
        Mem_Rsp {MEM_RSP_OK addr:80000054 rdata:00e6800b I_39 pc:80000054 instr:00000000 FETCH 4B}
Trace 130 39 80000054 00e6800b D
Trace 130 35 80000074 06078063 RET.discard
130: CPU.S5.rl_Retire_wrong_path:
        RR_to_Retire{I_35 pc:80000074 instr:06078063 EXEC_TAG_CONTROL
                 pred:80000078 epoch:2 has_rd:0 writes_mem:0
                 fallthru:80000078 halt_sentinel:0}
131: CPU.Dispatch_DMem:
        RR_to_Retire{I_38 pc:80000050 instr:0005a703 EXEC_TAG_DMEM
                 pred:80000054 epoch:3 has_rd:1 writes_mem:0
                 fallthru:80000054 halt_sentinel:0}
        rs1_val:80000028  rs2_val:00000000  imm:00000000
        Mem_Req {I_38 pc:80000050 instr:0005a703 LOAD 4B addr:80000028 epoch:3}
Trace 131 38 80000050 0005a703 RR.D
Trace 131 36 80000048 02060063 RET.C
131: CPU.Retire_EX_Control: Normal
        EX_Control_to_Retire{I_36 pc:80000048 instr:02060063
                       next_pc:8000004c  data:8000004c}
132: CPU.Fetch:
        Fetch_to_Decode{I_41 pc:8000005c pred:80000060 epoch:3 halt_sentinel:0}
        Mem_Req {I_41 pc:8000005c instr:xxxxxxxx FETCH 4B addr:8000005c epoch:3}
Trace 132 41 8000005c 00000000 F
132: mkMems_Devices: for client CLIENT_DMEM
        Mem_Req {I_38 pc:80000050 instr:0005a703 LOAD 4B addr:80000028 epoch:3}
        Mem_Rsp {MEM_RSP_OK addr:80000028 rdata:4c000000 I_38 pc:80000050 instr:0005a703 LOAD 4B}
132: CPU.Decode:
        Decode_to_RR{I_40 pc:80000058 instr:00450513 pred:8000005c epoch:3
            fallthru:8000005c OPCLASS_INT has_{rs1,rs2,rd}:{1,0,1} writes_mem:0, imm:4 halt_sentinel:0}
        Mem_Rsp {MEM_RSP_OK addr:80000058 rdata:00450513 I_40 pc:80000058 instr:00000000 FETCH 4B}
Trace 132 40 80000058 00450513 D
132: CPU.rl_RR.stall: busy rd:0 rs1:1 rs2:1
        Decode_to_RR{I_39 pc:80000054 instr:00e6800b pred:80000058 epoch:3
            fallthru:80000058 OPCLASS_POSIT has_{rs1,rs2,rd}:{1,1,0} writes_mem:0, imm:0 halt_sentinel:0}
Trace 132 39 80000054 00e6800b RR.S
132:     CPU.S5.fa_update_rd:
          RW_from_Retire{I_37 pc:8000004c instr:00052683 rd:13 commit:1 data:4c000000}
Trace 132 37 8000004c 00052683 RET.D
132: CPU.Retire_EX_DMem: Normal
        Mem_Rsp {MEM_RSP_OK addr:80000018 rdata:4c000000 I_37 pc:8000004c instr:00052683 LOAD 4B}
133: CPU.RW (during stall):
133:     RW_from_Retire{I_37 pc:8000004c instr:00052683 rd:13 commit:1 data:4c000000}
Trace 133 37 8000004c 00052683 RW
133: CPU.rl_RR.stall: busy rd:0 rs1:0 rs2:1
        Decode_to_RR{I_39 pc:80000054 instr:00e6800b pred:80000058 epoch:3
            fallthru:80000058 OPCLASS_POSIT has_{rs1,rs2,rd}:{1,1,0} writes_mem:0, imm:0 halt_sentinel:0}
Trace 133 39 80000054 00e6800b RR.S
134: CPU.Fetch:
        Fetch_to_Decode{I_42 pc:80000060 pred:80000064 epoch:3 halt_sentinel:0}
        Mem_Req {I_42 pc:80000060 instr:xxxxxxxx FETCH 4B addr:80000060 epoch:3}
Trace 134 42 80000060 00000000 F
134: CPU.rl_RR.stall: busy rd:0 rs1:0 rs2:1
        Decode_to_RR{I_39 pc:80000054 instr:00e6800b pred:80000058 epoch:3
            fallthru:80000058 OPCLASS_POSIT has_{rs1,rs2,rd}:{1,1,0} writes_mem:0, imm:0 halt_sentinel:0}
Trace 134 39 80000054 00e6800b RR.S
134:     CPU.S5.fa_update_rd:
          RW_from_Retire{I_38 pc:80000050 instr:0005a703 rd:14 commit:1 data:4c000000}
Trace 134 38 80000050 0005a703 RET.D
134: CPU.Retire_EX_DMem: Normal
        Mem_Rsp {MEM_RSP_OK addr:80000028 rdata:4c000000 I_38 pc:80000050 instr:0005a703 LOAD 4B}
135: CPU.RW (same-cycle with dispatch):
135:     RW_from_Retire{I_38 pc:80000050 instr:0005a703 rd:14 commit:1 data:4c000000}
Trace 135 38 80000050 0005a703 RW
135: CPU.fwd: rs2 x14 <- WB val 4c000000
135: CPU.Dispatch_Int:
        RR_to_Retire{I_39 pc:80000054 instr:00e6800b EXEC_TAG_POSIT
                 pred:80000058 epoch:3 has_rd:0 writes_mem:0
                 fallthru:80000058 halt_sentinel:0}
        RR_to_EX{I_39 pc:80000054 instr:00e6800b
             rs1_val:4c000000  rs2_val:4c000000  imm:00000000 }
Trace 135 39 80000054 00e6800b RR.I
136: CPU.Decode:
        Decode_to_RR{I_41 pc:8000005c instr:00458593 pred:80000060 epoch:3
            fallthru:80000060 OPCLASS_INT has_{rs1,rs2,rd}:{1,0,1} writes_mem:0, imm:4 halt_sentinel:0}
        Mem_Rsp {MEM_RSP_OK addr:8000005c rdata:00458593 I_41 pc:8000005c instr:00000000 FETCH 4B}
Trace 136 41 8000005c 00458593 D
136: CPU.Dispatch_Int:
        RR_to_Retire{I_40 pc:80000058 instr:00450513 EXEC_TAG_INT
                 pred:8000005c epoch:3 has_rd:1 writes_mem:0
                 fallthru:8000005c halt_sentinel:0}
        RR_to_EX{I_40 pc:80000058 instr:00450513
             rs1_val:80000018  rs2_val:00000000  imm:00000004 }
Trace 136 40 80000058 00450513 RR.I
137: CPU.Fetch:
        Fetch_to_Decode{I_43 pc:80000064 pred:80000068 epoch:3 halt_sentinel:0}
        Mem_Req {I_43 pc:80000064 instr:xxxxxxxx FETCH 4B addr:80000064 epoch:3}
Trace 137 43 80000064 00000000 F
137: CPU.Decode:
        Decode_to_RR{I_42 pc:80000060 instr:fff60613 pred:80000064 epoch:3
            fallthru:80000064 OPCLASS_INT has_{rs1,rs2,rd}:{1,0,1} writes_mem:0, imm:ffffffff halt_sentinel:0}
        Mem_Rsp {MEM_RSP_OK addr:80000060 rdata:fff60613 I_42 pc:80000060 instr:00000000 FETCH 4B}
Trace 137 42 80000060 fff60613 D
137: CPU.Dispatch_Int:
        RR_to_Retire{I_41 pc:8000005c instr:00458593 EXEC_TAG_INT
                 pred:80000060 epoch:3 has_rd:1 writes_mem:0
                 fallthru:80000060 halt_sentinel:0}
        RR_to_EX{I_41 pc:8000005c instr:00458593
             rs1_val:80000028  rs2_val:00000000  imm:00000004 }
Trace 137 41 8000005c 00458593 RR.I
138: CPU.Fetch:
        Fetch_to_Decode{I_44 pc:80000068 pred:8000006c epoch:3 halt_sentinel:0}
        Mem_Req {I_44 pc:80000068 instr:xxxxxxxx FETCH 4B addr:80000068 epoch:3}
Trace 138 44 80000068 00000000 F
138: CPU.Decode:
        Decode_to_RR{I_43 pc:80000064 instr:fe5ff06f pred:80000068 epoch:3
            fallthru:80000068 OPCLASS_CONTROL has_{rs1,rs2,rd}:{0,0,0} writes_mem:0, imm:ffffffe4 halt_sentinel:0}
        Mem_Rsp {MEM_RSP_OK addr:80000064 rdata:fe5ff06f I_43 pc:80000064 instr:00000000 FETCH 4B}
Trace 138 43 80000064 fe5ff06f D
fn_EX_IALU: IALU x10 <= 8000001c
138: CPU.EX_Int
        RR_to_EX{I_40 pc:80000058 instr:00450513
             rs1_val:80000018  rs2_val:00000000  imm:00000004 }
        EX_to_Retire{I_40 pc:80000058 instr:00450513
                  data:8000001c}
Trace 138 40 80000058 00450513 EX.I
139: CPU.Fetch:
        Fetch_to_Decode{I_45 pc:8000006c pred:80000070 epoch:3 halt_sentinel:0}
        Mem_Req {I_45 pc:8000006c instr:xxxxxxxx FETCH 4B addr:8000006c epoch:3}
Trace 139 45 8000006c 00000000 F
fn_EX_IALU: IALU x11 <= 8000002c
139: CPU.EX_Int
        RR_to_EX{I_41 pc:8000005c instr:00458593
             rs1_val:80000028  rs2_val:00000000  imm:00000004 }
        EX_to_Retire{I_41 pc:8000005c instr:00458593
                  data:8000002c}
Trace 139 41 8000005c 00458593 EX.I
139: CPU.S5.rl_Retire_EX_Posit: instr 00e6800b rd=00000000 exc=0
140: CPU.Dispatch_Int:
        RR_to_Retire{I_42 pc:80000060 instr:fff60613 EXEC_TAG_INT
                 pred:80000064 epoch:3 has_rd:1 writes_mem:0
                 fallthru:80000064 halt_sentinel:0}
        RR_to_EX{I_42 pc:80000060 instr:fff60613
             rs1_val:00000002  rs2_val:00000000  imm:ffffffff }
Trace 140 42 80000060 fff60613 RR.I
140:     CPU.S5.fa_update_rd:
          RW_from_Retire{I_40 pc:80000058 instr:00450513 rd:10 commit:1 data:8000001c}
Trace 140 40 80000058 00450513 RET.I
140: CPU.Retire_EX_Int: Normal
        EX_to_Retire{I_40 pc:80000058 instr:00450513
                  data:8000001c}
141: CPU.Decode:
        Decode_to_RR{I_44 pc:80000068 instr:0400078b pred:8000006c epoch:3
            fallthru:8000006c OPCLASS_POSIT has_{rs1,rs2,rd}:{0,0,1} writes_mem:0, imm:0 halt_sentinel:0}
        Mem_Rsp {MEM_RSP_OK addr:80000068 rdata:0400078b I_44 pc:80000068 instr:00000000 FETCH 4B}
Trace 141 44 80000068 0400078b D
141: CPU.RW (same-cycle with dispatch):
141:     RW_from_Retire{I_40 pc:80000058 instr:00450513 rd:10 commit:1 data:8000001c}
Trace 141 40 80000058 00450513 RW
141: CPU.Dispatch_Control:
        RR_to_Retire{I_43 pc:80000064 instr:fe5ff06f EXEC_TAG_CONTROL
                 pred:80000068 epoch:3 has_rd:0 writes_mem:0
                 fallthru:80000068 halt_sentinel:0}
        RR_to_EX_Control{I_43 pc:80000064 instr:fe5ff06f fallthru:80000068
                  rs1_val:00000000  rs2_val:00000000  imm:ffffffe4 }
Trace 141 43 80000064 fe5ff06f RR.C
141:     CPU.S5.fa_update_rd:
          RW_from_Retire{I_41 pc:8000005c instr:00458593 rd:11 commit:1 data:8000002c}
Trace 141 41 8000005c 00458593 RET.I
141: CPU.Retire_EX_Int: Normal
        EX_to_Retire{I_41 pc:8000005c instr:00458593
                  data:8000002c}
142: CPU.Fetch:
        Fetch_to_Decode{I_46 pc:80000070 pred:80000074 epoch:3 halt_sentinel:0}
        Mem_Req {I_46 pc:80000070 instr:xxxxxxxx FETCH 4B addr:80000070 epoch:3}
Trace 142 46 80000070 00000000 F
142: CPU.Decode:
        Decode_to_RR{I_45 pc:8000006c instr:80000a37 pred:80000070 epoch:3
            fallthru:80000070 OPCLASS_INT has_{rs1,rs2,rd}:{0,0,1} writes_mem:0, imm:80000000 halt_sentinel:0}
        Mem_Rsp {MEM_RSP_OK addr:8000006c rdata:80000a37 I_45 pc:8000006c instr:00000000 FETCH 4B}
Trace 142 45 8000006c 80000a37 D
fn_EX_IALU: IALU x12 <= 1
142: CPU.EX_Int
        RR_to_EX{I_42 pc:80000060 instr:fff60613
             rs1_val:00000002  rs2_val:00000000  imm:ffffffff }
        EX_to_Retire{I_42 pc:80000060 instr:fff60613
                  data:00000001}
Trace 142 42 80000060 fff60613 EX.I
143: CPU.EX_Control
        RR_to_EX_Control{I_43 pc:80000064 instr:fe5ff06f fallthru:80000068
                  rs1_val:00000000  rs2_val:00000000  imm:ffffffe4 }
        EX_Control_to_Retire{I_43 pc:80000064 instr:fe5ff06f
                       next_pc:80000048  data:80000068}
Trace 143 43 80000064 fe5ff06f EX.C
143: CPU.Fetch:
        Fetch_to_Decode{I_47 pc:80000074 pred:80000078 epoch:3 halt_sentinel:0}
        Mem_Req {I_47 pc:80000074 instr:xxxxxxxx FETCH 4B addr:80000074 epoch:3}
Trace 143 47 80000074 00000000 F
143: CPU.RW (same-cycle with dispatch):
143:     RW_from_Retire{I_41 pc:8000005c instr:00458593 rd:11 commit:1 data:8000002c}
Trace 143 41 8000005c 00458593 RW
143: CPU.Dispatch_Int:
        RR_to_Retire{I_44 pc:80000068 instr:0400078b EXEC_TAG_POSIT
                 pred:8000006c epoch:3 has_rd:1 writes_mem:0
                 fallthru:8000006c halt_sentinel:0}
        RR_to_EX{I_44 pc:80000068 instr:0400078b
             rs1_val:00000000  rs2_val:00000000  imm:00000000 }
Trace 143 44 80000068 0400078b RR.I
143:     CPU.S5.fa_update_rd:
          RW_from_Retire{I_42 pc:80000060 instr:fff60613 rd:12 commit:1 data:00000001}
Trace 143 42 80000060 fff60613 RET.I
143: CPU.Retire_EX_Int: Normal
        EX_to_Retire{I_42 pc:80000060 instr:fff60613
                  data:00000001}
144: CPU.Decode:
        Decode_to_RR{I_46 pc:80000070 instr:00fa2023 pred:80000074 epoch:3
            fallthru:80000074 OPCLASS_MEM has_{rs1,rs2,rd}:{1,1,0} writes_mem:1, imm:0 halt_sentinel:0}
        Mem_Rsp {MEM_RSP_OK addr:80000070 rdata:00fa2023 I_46 pc:80000070 instr:00000000 FETCH 4B}
Trace 144 46 80000070 00fa2023 D
144: CPU.RW (same-cycle with dispatch):
144:     RW_from_Retire{I_42 pc:80000060 instr:fff60613 rd:12 commit:1 data:00000001}
Trace 144 42 80000060 fff60613 RW
144: CPU.Dispatch_Int:
        RR_to_Retire{I_45 pc:8000006c instr:80000a37 EXEC_TAG_INT
                 pred:80000070 epoch:3 has_rd:1 writes_mem:0
                 fallthru:80000070 halt_sentinel:0}
        RR_to_EX{I_45 pc:8000006c instr:80000a37
             rs1_val:00000000  rs2_val:00000000  imm:80000000 }
Trace 144 45 8000006c 80000a37 RR.I
144:     CPU.S5.fa_redirect_Fetch:
        Fetch_from_Retire{I_43 pc:80000064 instr:fe5ff06f next_pc:80000048 next_epoch 0 haltreq 0}
Trace 144 43 80000064 fe5ff06f RET.C
144: CPU.Retire_EX_Control: Normal
        EX_Control_to_Retire{I_43 pc:80000064 instr:fe5ff06f
                       next_pc:80000048  data:80000068}
145: CPU.Redirect:
        Fetch_from_Retire{I_43 pc:80000064 instr:fe5ff06f next_pc:80000048 next_epoch 0 haltreq 0}
Trace 145 43 80000064 fe5ff06f Redir
145: CPU.Decode:
        Decode_to_RR{I_47 pc:80000074 instr:06078063 pred:80000078 epoch:3
            fallthru:80000078 OPCLASS_CONTROL has_{rs1,rs2,rd}:{1,1,0} writes_mem:0, imm:60 halt_sentinel:0}
        Mem_Rsp {MEM_RSP_OK addr:80000074 rdata:06078063 I_47 pc:80000074 instr:00000000 FETCH 4B}
Trace 145 47 80000074 06078063 D
145: CPU.rl_RR.stall: busy rd:0 rs1:1 rs2:1
        Decode_to_RR{I_46 pc:80000070 instr:00fa2023 pred:80000074 epoch:3
            fallthru:80000074 OPCLASS_MEM has_{rs1,rs2,rd}:{1,1,0} writes_mem:1, imm:0 halt_sentinel:0}
Trace 145 46 80000070 00fa2023 RR.S
146: CPU.Fetch:
        Fetch_to_Decode{I_48 pc:80000048 pred:8000004c epoch:0 halt_sentinel:0}
        Mem_Req {I_48 pc:80000048 instr:xxxxxxxx FETCH 4B addr:80000048 epoch:0}
Trace 146 48 80000048 00000000 F
fn_EX_IALU: LUI x20 <= 80000000
146: CPU.EX_Int
        RR_to_EX{I_45 pc:8000006c instr:80000a37
             rs1_val:00000000  rs2_val:00000000  imm:80000000 }
        EX_to_Retire{I_45 pc:8000006c instr:80000a37
                  data:80000000}
Trace 146 45 8000006c 80000a37 EX.I
147: CPU.Fetch:
        Fetch_to_Decode{I_49 pc:8000004c pred:80000050 epoch:0 halt_sentinel:0}
        Mem_Req {I_49 pc:8000004c instr:xxxxxxxx FETCH 4B addr:8000004c epoch:0}
Trace 147 49 8000004c 00000000 F
147: CPU.rl_RR.stall: busy rd:0 rs1:0 rs2:1
        Decode_to_RR{I_46 pc:80000070 instr:00fa2023 pred:80000074 epoch:3
            fallthru:80000074 OPCLASS_MEM has_{rs1,rs2,rd}:{1,1,0} writes_mem:1, imm:0 halt_sentinel:0}
Trace 147 46 80000070 00fa2023 RR.S
148: CPU.rl_RR.stall: busy rd:0 rs1:1 rs2:1
        Decode_to_RR{I_46 pc:80000070 instr:00fa2023 pred:80000074 epoch:3
            fallthru:80000074 OPCLASS_MEM has_{rs1,rs2,rd}:{1,1,0} writes_mem:1, imm:0 halt_sentinel:0}
Trace 148 46 80000070 00fa2023 RR.S
149: CPU.rl_RR.stall: busy rd:0 rs1:1 rs2:1
        Decode_to_RR{I_46 pc:80000070 instr:00fa2023 pred:80000074 epoch:3
            fallthru:80000074 OPCLASS_MEM has_{rs1,rs2,rd}:{1,1,0} writes_mem:1, imm:0 halt_sentinel:0}
Trace 149 46 80000070 00fa2023 RR.S
150: CPU.rl_RR.stall: busy rd:0 rs1:1 rs2:1
        Decode_to_RR{I_46 pc:80000070 instr:00fa2023 pred:80000074 epoch:3
            fallthru:80000074 OPCLASS_MEM has_{rs1,rs2,rd}:{1,1,0} writes_mem:1, imm:0 halt_sentinel:0}
Trace 150 46 80000070 00fa2023 RR.S
151: CPU.rl_RR.stall: busy rd:0 rs1:1 rs2:1
        Decode_to_RR{I_46 pc:80000070 instr:00fa2023 pred:80000074 epoch:3
            fallthru:80000074 OPCLASS_MEM has_{rs1,rs2,rd}:{1,1,0} writes_mem:1, imm:0 halt_sentinel:0}
Trace 151 46 80000070 00fa2023 RR.S
152: CPU.rl_RR.stall: busy rd:0 rs1:1 rs2:1
        Decode_to_RR{I_46 pc:80000070 instr:00fa2023 pred:80000074 epoch:3
            fallthru:80000074 OPCLASS_MEM has_{rs1,rs2,rd}:{1,1,0} writes_mem:1, imm:0 halt_sentinel:0}
Trace 152 46 80000070 00fa2023 RR.S
153: CPU.rl_RR.stall: busy rd:0 rs1:1 rs2:1
        Decode_to_RR{I_46 pc:80000070 instr:00fa2023 pred:80000074 epoch:3
            fallthru:80000074 OPCLASS_MEM has_{rs1,rs2,rd}:{1,1,0} writes_mem:1, imm:0 halt_sentinel:0}
Trace 153 46 80000070 00fa2023 RR.S
154: CPU.rl_RR.stall: busy rd:0 rs1:1 rs2:1
        Decode_to_RR{I_46 pc:80000070 instr:00fa2023 pred:80000074 epoch:3
            fallthru:80000074 OPCLASS_MEM has_{rs1,rs2,rd}:{1,1,0} writes_mem:1, imm:0 halt_sentinel:0}
Trace 154 46 80000070 00fa2023 RR.S
155: CPU.rl_RR.stall: busy rd:0 rs1:1 rs2:1
        Decode_to_RR{I_46 pc:80000070 instr:00fa2023 pred:80000074 epoch:3
            fallthru:80000074 OPCLASS_MEM has_{rs1,rs2,rd}:{1,1,0} writes_mem:1, imm:0 halt_sentinel:0}
Trace 155 46 80000070 00fa2023 RR.S
156: CPU.rl_RR.stall: busy rd:0 rs1:1 rs2:1
        Decode_to_RR{I_46 pc:80000070 instr:00fa2023 pred:80000074 epoch:3
            fallthru:80000074 OPCLASS_MEM has_{rs1,rs2,rd}:{1,1,0} writes_mem:1, imm:0 halt_sentinel:0}
Trace 156 46 80000070 00fa2023 RR.S
157: CPU.rl_RR.stall: busy rd:0 rs1:1 rs2:1
        Decode_to_RR{I_46 pc:80000070 instr:00fa2023 pred:80000074 epoch:3
            fallthru:80000074 OPCLASS_MEM has_{rs1,rs2,rd}:{1,1,0} writes_mem:1, imm:0 halt_sentinel:0}
Trace 157 46 80000070 00fa2023 RR.S
158: CPU.rl_RR.stall: busy rd:0 rs1:1 rs2:1
        Decode_to_RR{I_46 pc:80000070 instr:00fa2023 pred:80000074 epoch:3
            fallthru:80000074 OPCLASS_MEM has_{rs1,rs2,rd}:{1,1,0} writes_mem:1, imm:0 halt_sentinel:0}
Trace 158 46 80000070 00fa2023 RR.S
159: CPU.rl_RR.stall: busy rd:0 rs1:1 rs2:1
        Decode_to_RR{I_46 pc:80000070 instr:00fa2023 pred:80000074 epoch:3
            fallthru:80000074 OPCLASS_MEM has_{rs1,rs2,rd}:{1,1,0} writes_mem:1, imm:0 halt_sentinel:0}
Trace 159 46 80000070 00fa2023 RR.S
160: CPU.rl_RR.stall: busy rd:0 rs1:1 rs2:1
        Decode_to_RR{I_46 pc:80000070 instr:00fa2023 pred:80000074 epoch:3
            fallthru:80000074 OPCLASS_MEM has_{rs1,rs2,rd}:{1,1,0} writes_mem:1, imm:0 halt_sentinel:0}
Trace 160 46 80000070 00fa2023 RR.S
161: CPU.rl_RR.stall: busy rd:0 rs1:1 rs2:1
        Decode_to_RR{I_46 pc:80000070 instr:00fa2023 pred:80000074 epoch:3
            fallthru:80000074 OPCLASS_MEM has_{rs1,rs2,rd}:{1,1,0} writes_mem:1, imm:0 halt_sentinel:0}
Trace 161 46 80000070 00fa2023 RR.S
162: CPU.rl_RR.stall: busy rd:0 rs1:1 rs2:1
        Decode_to_RR{I_46 pc:80000070 instr:00fa2023 pred:80000074 epoch:3
            fallthru:80000074 OPCLASS_MEM has_{rs1,rs2,rd}:{1,1,0} writes_mem:1, imm:0 halt_sentinel:0}
Trace 162 46 80000070 00fa2023 RR.S
163: CPU.rl_RR.stall: busy rd:0 rs1:1 rs2:1
        Decode_to_RR{I_46 pc:80000070 instr:00fa2023 pred:80000074 epoch:3
            fallthru:80000074 OPCLASS_MEM has_{rs1,rs2,rd}:{1,1,0} writes_mem:1, imm:0 halt_sentinel:0}
Trace 163 46 80000070 00fa2023 RR.S
164: CPU.rl_RR.stall: busy rd:0 rs1:1 rs2:1
        Decode_to_RR{I_46 pc:80000070 instr:00fa2023 pred:80000074 epoch:3
            fallthru:80000074 OPCLASS_MEM has_{rs1,rs2,rd}:{1,1,0} writes_mem:1, imm:0 halt_sentinel:0}
Trace 164 46 80000070 00fa2023 RR.S
165: CPU.rl_RR.stall: busy rd:0 rs1:1 rs2:1
        Decode_to_RR{I_46 pc:80000070 instr:00fa2023 pred:80000074 epoch:3
            fallthru:80000074 OPCLASS_MEM has_{rs1,rs2,rd}:{1,1,0} writes_mem:1, imm:0 halt_sentinel:0}
Trace 165 46 80000070 00fa2023 RR.S
166: CPU.rl_RR.stall: busy rd:0 rs1:1 rs2:1
        Decode_to_RR{I_46 pc:80000070 instr:00fa2023 pred:80000074 epoch:3
            fallthru:80000074 OPCLASS_MEM has_{rs1,rs2,rd}:{1,1,0} writes_mem:1, imm:0 halt_sentinel:0}
Trace 166 46 80000070 00fa2023 RR.S
166:     CPU.S5.fa_update_rd:(unreserve scoreboard)
          RW_from_Retire{I_44 pc:80000068 instr:0400078b rd:15 commit:0 data:xxxxxxxx}
Trace 166 44 80000068 0400078b RET.discard
166: CPU.S5.rl_Retire_wrong_path:
        RR_to_Retire{I_44 pc:80000068 instr:0400078b EXEC_TAG_POSIT
                 pred:8000006c epoch:3 has_rd:1 writes_mem:0
                 fallthru:8000006c halt_sentinel:0}
167: CPU.RW (during stall):
167:     RW_from_Retire{I_44 pc:80000068 instr:0400078b rd:15 commit:0 data:00000000}
Trace 167 44 80000068 0400078b RW
167: CPU.rl_RR.stall: busy rd:0 rs1:1 rs2:0
        Decode_to_RR{I_46 pc:80000070 instr:00fa2023 pred:80000074 epoch:3
            fallthru:80000074 OPCLASS_MEM has_{rs1,rs2,rd}:{1,1,0} writes_mem:1, imm:0 halt_sentinel:0}
Trace 167 46 80000070 00fa2023 RR.S
167:     CPU.S5.fa_update_rd:(unreserve scoreboard)
          RW_from_Retire{I_45 pc:8000006c instr:80000a37 rd:20 commit:0 data:xxxxxxxx}
Trace 167 45 8000006c 80000a37 RET.discard
167: CPU.S5.rl_Retire_wrong_path:
        RR_to_Retire{I_45 pc:8000006c instr:80000a37 EXEC_TAG_INT
                 pred:80000070 epoch:3 has_rd:1 writes_mem:0
                 fallthru:80000070 halt_sentinel:0}
168: CPU.RW (same-cycle with dispatch):
168:     RW_from_Retire{I_45 pc:8000006c instr:80000a37 rd:20 commit:0 data:00000000}
Trace 168 45 8000006c 80000a37 RW
168: CPU.Dispatch_DMem:
        RR_to_Retire{I_46 pc:80000070 instr:00fa2023 EXEC_TAG_DMEM
                 pred:80000074 epoch:3 has_rd:0 writes_mem:1
                 fallthru:80000074 halt_sentinel:0}
        rs1_val:00000000  rs2_val:00000000  imm:00000000
        Mem_Req {I_46 pc:80000070 instr:00fa2023 STORE 4B addr:00000000 wdata:00000000 epoch:3}
Trace 168 46 80000070 00fa2023 RR.D
169: CPU.Decode:
        Decode_to_RR{I_48 pc:80000048 instr:02060063 pred:8000004c epoch:0
            fallthru:8000004c OPCLASS_CONTROL has_{rs1,rs2,rd}:{1,1,0} writes_mem:0, imm:20 halt_sentinel:0}
        Mem_Rsp {MEM_RSP_OK addr:80000048 rdata:02060063 I_48 pc:80000048 instr:00000000 FETCH 4B}
Trace 169 48 80000048 02060063 D
169: CPU.Dispatch_Control:
        RR_to_Retire{I_47 pc:80000074 instr:06078063 EXEC_TAG_CONTROL
                 pred:80000078 epoch:3 has_rd:0 writes_mem:0
                 fallthru:80000078 halt_sentinel:0}
        RR_to_EX_Control{I_47 pc:80000074 instr:06078063 fallthru:80000078
                  rs1_val:00000000  rs2_val:00000000  imm:00000060 }
Trace 169 47 80000074 06078063 RR.C
170: CPU.Fetch:
        Fetch_to_Decode{I_50 pc:80000050 pred:80000054 epoch:0 halt_sentinel:0}
        Mem_Req {I_50 pc:80000050 instr:xxxxxxxx FETCH 4B addr:80000050 epoch:0}
Trace 170 50 80000050 00000000 F
170: CPU.Decode:
        Decode_to_RR{I_49 pc:8000004c instr:00052683 pred:80000050 epoch:0
            fallthru:80000050 OPCLASS_MEM has_{rs1,rs2,rd}:{1,0,1} writes_mem:0, imm:0 halt_sentinel:0}
        Mem_Rsp {MEM_RSP_OK addr:8000004c rdata:00052683 I_49 pc:8000004c instr:00000000 FETCH 4B}
Trace 170 49 8000004c 00052683 D
170: CPU.Dispatch_Control:
        RR_to_Retire{I_48 pc:80000048 instr:02060063 EXEC_TAG_CONTROL
                 pred:8000004c epoch:0 has_rd:0 writes_mem:0
                 fallthru:8000004c halt_sentinel:0}
        RR_to_EX_Control{I_48 pc:80000048 instr:02060063 fallthru:8000004c
                  rs1_val:00000001  rs2_val:00000000  imm:00000020 }
Trace 170 48 80000048 02060063 RR.C
Trace 170 46 80000070 00fa2023 RET.discard
170: CPU.S5.rl_Retire_wrong_path:
        RR_to_Retire{I_46 pc:80000070 instr:00fa2023 EXEC_TAG_DMEM
                 pred:80000074 epoch:3 has_rd:0 writes_mem:1
                 fallthru:80000074 halt_sentinel:0}
171: CPU.EX_Control
        RR_to_EX_Control{I_47 pc:80000074 instr:06078063 fallthru:80000078
                  rs1_val:00000000  rs2_val:00000000  imm:00000060 }
        EX_Control_to_Retire{I_47 pc:80000074 instr:06078063
                       next_pc:800000d4  data:80000078}
Trace 171 47 80000074 06078063 EX.C
171: CPU.Fetch:
        Fetch_to_Decode{I_51 pc:80000054 pred:80000058 epoch:0 halt_sentinel:0}
        Mem_Req {I_51 pc:80000054 instr:xxxxxxxx FETCH 4B addr:80000054 epoch:0}
Trace 171 51 80000054 00000000 F
171: CPU.Decode:
        Decode_to_RR{I_50 pc:80000050 instr:0005a703 pred:80000054 epoch:0
            fallthru:80000054 OPCLASS_MEM has_{rs1,rs2,rd}:{1,0,1} writes_mem:0, imm:0 halt_sentinel:0}
        Mem_Rsp {MEM_RSP_OK addr:80000050 rdata:0005a703 I_50 pc:80000050 instr:00000000 FETCH 4B}
Trace 171 50 80000050 0005a703 D
171: CPU.Dispatch_DMem:
        RR_to_Retire{I_49 pc:8000004c instr:00052683 EXEC_TAG_DMEM
                 pred:80000050 epoch:0 has_rd:1 writes_mem:0
                 fallthru:80000050 halt_sentinel:0}
        rs1_val:8000001c  rs2_val:00000000  imm:00000000
        Mem_Req {I_49 pc:8000004c instr:00052683 LOAD 4B addr:8000001c epoch:0}
Trace 171 49 8000004c 00052683 RR.D
172: CPU.EX_Control
        RR_to_EX_Control{I_48 pc:80000048 instr:02060063 fallthru:8000004c
                  rs1_val:00000001  rs2_val:00000000  imm:00000020 }
        EX_Control_to_Retire{I_48 pc:80000048 instr:02060063
                       next_pc:8000004c  data:8000004c}
Trace 172 48 80000048 02060063 EX.C
172: CPU.Fetch:
        Fetch_to_Decode{I_52 pc:80000058 pred:8000005c epoch:0 halt_sentinel:0}
        Mem_Req {I_52 pc:80000058 instr:xxxxxxxx FETCH 4B addr:80000058 epoch:0}
Trace 172 52 80000058 00000000 F
172: mkMems_Devices: for client CLIENT_DMEM
        Mem_Req {I_49 pc:8000004c instr:00052683 LOAD 4B addr:8000001c epoch:0}
        Mem_Rsp {MEM_RSP_OK addr:8000001c rdata:50000000 I_49 pc:8000004c instr:00052683 LOAD 4B}
172: CPU.Decode:
        Decode_to_RR{I_51 pc:80000054 instr:00e6800b pred:80000058 epoch:0
            fallthru:80000058 OPCLASS_POSIT has_{rs1,rs2,rd}:{1,1,0} writes_mem:0, imm:0 halt_sentinel:0}
        Mem_Rsp {MEM_RSP_OK addr:80000054 rdata:00e6800b I_51 pc:80000054 instr:00000000 FETCH 4B}
Trace 172 51 80000054 00e6800b D
Trace 172 47 80000074 06078063 RET.discard
172: CPU.S5.rl_Retire_wrong_path:
        RR_to_Retire{I_47 pc:80000074 instr:06078063 EXEC_TAG_CONTROL
                 pred:80000078 epoch:3 has_rd:0 writes_mem:0
                 fallthru:80000078 halt_sentinel:0}
173: CPU.Dispatch_DMem:
        RR_to_Retire{I_50 pc:80000050 instr:0005a703 EXEC_TAG_DMEM
                 pred:80000054 epoch:0 has_rd:1 writes_mem:0
                 fallthru:80000054 halt_sentinel:0}
        rs1_val:8000002c  rs2_val:00000000  imm:00000000
        Mem_Req {I_50 pc:80000050 instr:0005a703 LOAD 4B addr:8000002c epoch:0}
Trace 173 50 80000050 0005a703 RR.D
Trace 173 48 80000048 02060063 RET.C
173: CPU.Retire_EX_Control: Normal
        EX_Control_to_Retire{I_48 pc:80000048 instr:02060063
                       next_pc:8000004c  data:8000004c}
174: CPU.Fetch:
        Fetch_to_Decode{I_53 pc:8000005c pred:80000060 epoch:0 halt_sentinel:0}
        Mem_Req {I_53 pc:8000005c instr:xxxxxxxx FETCH 4B addr:8000005c epoch:0}
Trace 174 53 8000005c 00000000 F
174: mkMems_Devices: for client CLIENT_DMEM
        Mem_Req {I_50 pc:80000050 instr:0005a703 LOAD 4B addr:8000002c epoch:0}
        Mem_Rsp {MEM_RSP_OK addr:8000002c rdata:50000000 I_50 pc:80000050 instr:0005a703 LOAD 4B}
174: CPU.Decode:
        Decode_to_RR{I_52 pc:80000058 instr:00450513 pred:8000005c epoch:0
            fallthru:8000005c OPCLASS_INT has_{rs1,rs2,rd}:{1,0,1} writes_mem:0, imm:4 halt_sentinel:0}
        Mem_Rsp {MEM_RSP_OK addr:80000058 rdata:00450513 I_52 pc:80000058 instr:00000000 FETCH 4B}
Trace 174 52 80000058 00450513 D
174: CPU.rl_RR.stall: busy rd:0 rs1:1 rs2:1
        Decode_to_RR{I_51 pc:80000054 instr:00e6800b pred:80000058 epoch:0
            fallthru:80000058 OPCLASS_POSIT has_{rs1,rs2,rd}:{1,1,0} writes_mem:0, imm:0 halt_sentinel:0}
Trace 174 51 80000054 00e6800b RR.S
174:     CPU.S5.fa_update_rd:
          RW_from_Retire{I_49 pc:8000004c instr:00052683 rd:13 commit:1 data:50000000}
Trace 174 49 8000004c 00052683 RET.D
174: CPU.Retire_EX_DMem: Normal
        Mem_Rsp {MEM_RSP_OK addr:8000001c rdata:50000000 I_49 pc:8000004c instr:00052683 LOAD 4B}
175: CPU.RW (during stall):
175:     RW_from_Retire{I_49 pc:8000004c instr:00052683 rd:13 commit:1 data:50000000}
Trace 175 49 8000004c 00052683 RW
175: CPU.rl_RR.stall: busy rd:0 rs1:0 rs2:1
        Decode_to_RR{I_51 pc:80000054 instr:00e6800b pred:80000058 epoch:0
            fallthru:80000058 OPCLASS_POSIT has_{rs1,rs2,rd}:{1,1,0} writes_mem:0, imm:0 halt_sentinel:0}
Trace 175 51 80000054 00e6800b RR.S
176: CPU.Fetch:
        Fetch_to_Decode{I_54 pc:80000060 pred:80000064 epoch:0 halt_sentinel:0}
        Mem_Req {I_54 pc:80000060 instr:xxxxxxxx FETCH 4B addr:80000060 epoch:0}
Trace 176 54 80000060 00000000 F
176: CPU.rl_RR.stall: busy rd:0 rs1:0 rs2:1
        Decode_to_RR{I_51 pc:80000054 instr:00e6800b pred:80000058 epoch:0
            fallthru:80000058 OPCLASS_POSIT has_{rs1,rs2,rd}:{1,1,0} writes_mem:0, imm:0 halt_sentinel:0}
Trace 176 51 80000054 00e6800b RR.S
176:     CPU.S5.fa_update_rd:
          RW_from_Retire{I_50 pc:80000050 instr:0005a703 rd:14 commit:1 data:50000000}
Trace 176 50 80000050 0005a703 RET.D
176: CPU.Retire_EX_DMem: Normal
        Mem_Rsp {MEM_RSP_OK addr:8000002c rdata:50000000 I_50 pc:80000050 instr:0005a703 LOAD 4B}
177: CPU.RW (same-cycle with dispatch):
177:     RW_from_Retire{I_50 pc:80000050 instr:0005a703 rd:14 commit:1 data:50000000}
Trace 177 50 80000050 0005a703 RW
177: CPU.fwd: rs2 x14 <- WB val 50000000
177: CPU.Dispatch_Int:
        RR_to_Retire{I_51 pc:80000054 instr:00e6800b EXEC_TAG_POSIT
                 pred:80000058 epoch:0 has_rd:0 writes_mem:0
                 fallthru:80000058 halt_sentinel:0}
        RR_to_EX{I_51 pc:80000054 instr:00e6800b
             rs1_val:50000000  rs2_val:50000000  imm:00000000 }
Trace 177 51 80000054 00e6800b RR.I
178: CPU.Decode:
        Decode_to_RR{I_53 pc:8000005c instr:00458593 pred:80000060 epoch:0
            fallthru:80000060 OPCLASS_INT has_{rs1,rs2,rd}:{1,0,1} writes_mem:0, imm:4 halt_sentinel:0}
        Mem_Rsp {MEM_RSP_OK addr:8000005c rdata:00458593 I_53 pc:8000005c instr:00000000 FETCH 4B}
Trace 178 53 8000005c 00458593 D
178: CPU.Dispatch_Int:
        RR_to_Retire{I_52 pc:80000058 instr:00450513 EXEC_TAG_INT
                 pred:8000005c epoch:0 has_rd:1 writes_mem:0
                 fallthru:8000005c halt_sentinel:0}
        RR_to_EX{I_52 pc:80000058 instr:00450513
             rs1_val:8000001c  rs2_val:00000000  imm:00000004 }
Trace 178 52 80000058 00450513 RR.I
179: CPU.Fetch:
        Fetch_to_Decode{I_55 pc:80000064 pred:80000068 epoch:0 halt_sentinel:0}
        Mem_Req {I_55 pc:80000064 instr:xxxxxxxx FETCH 4B addr:80000064 epoch:0}
Trace 179 55 80000064 00000000 F
179: CPU.Decode:
        Decode_to_RR{I_54 pc:80000060 instr:fff60613 pred:80000064 epoch:0
            fallthru:80000064 OPCLASS_INT has_{rs1,rs2,rd}:{1,0,1} writes_mem:0, imm:ffffffff halt_sentinel:0}
        Mem_Rsp {MEM_RSP_OK addr:80000060 rdata:fff60613 I_54 pc:80000060 instr:00000000 FETCH 4B}
Trace 179 54 80000060 fff60613 D
179: CPU.Dispatch_Int:
        RR_to_Retire{I_53 pc:8000005c instr:00458593 EXEC_TAG_INT
                 pred:80000060 epoch:0 has_rd:1 writes_mem:0
                 fallthru:80000060 halt_sentinel:0}
        RR_to_EX{I_53 pc:8000005c instr:00458593
             rs1_val:8000002c  rs2_val:00000000  imm:00000004 }
Trace 179 53 8000005c 00458593 RR.I
180: CPU.Fetch:
        Fetch_to_Decode{I_56 pc:80000068 pred:8000006c epoch:0 halt_sentinel:0}
        Mem_Req {I_56 pc:80000068 instr:xxxxxxxx FETCH 4B addr:80000068 epoch:0}
Trace 180 56 80000068 00000000 F
180: CPU.Decode:
        Decode_to_RR{I_55 pc:80000064 instr:fe5ff06f pred:80000068 epoch:0
            fallthru:80000068 OPCLASS_CONTROL has_{rs1,rs2,rd}:{0,0,0} writes_mem:0, imm:ffffffe4 halt_sentinel:0}
        Mem_Rsp {MEM_RSP_OK addr:80000064 rdata:fe5ff06f I_55 pc:80000064 instr:00000000 FETCH 4B}
Trace 180 55 80000064 fe5ff06f D
fn_EX_IALU: IALU x10 <= 80000020
180: CPU.EX_Int
        RR_to_EX{I_52 pc:80000058 instr:00450513
             rs1_val:8000001c  rs2_val:00000000  imm:00000004 }
        EX_to_Retire{I_52 pc:80000058 instr:00450513
                  data:80000020}
Trace 180 52 80000058 00450513 EX.I
181: CPU.Fetch:
        Fetch_to_Decode{I_57 pc:8000006c pred:80000070 epoch:0 halt_sentinel:0}
        Mem_Req {I_57 pc:8000006c instr:xxxxxxxx FETCH 4B addr:8000006c epoch:0}
Trace 181 57 8000006c 00000000 F
fn_EX_IALU: IALU x11 <= 80000030
181: CPU.EX_Int
        RR_to_EX{I_53 pc:8000005c instr:00458593
             rs1_val:8000002c  rs2_val:00000000  imm:00000004 }
        EX_to_Retire{I_53 pc:8000005c instr:00458593
                  data:80000030}
Trace 181 53 8000005c 00458593 EX.I
181: CPU.S5.rl_Retire_EX_Posit: instr 00e6800b rd=00000000 exc=0
182: CPU.Dispatch_Int:
        RR_to_Retire{I_54 pc:80000060 instr:fff60613 EXEC_TAG_INT
                 pred:80000064 epoch:0 has_rd:1 writes_mem:0
                 fallthru:80000064 halt_sentinel:0}
        RR_to_EX{I_54 pc:80000060 instr:fff60613
             rs1_val:00000001  rs2_val:00000000  imm:ffffffff }
Trace 182 54 80000060 fff60613 RR.I
182:     CPU.S5.fa_update_rd:
          RW_from_Retire{I_52 pc:80000058 instr:00450513 rd:10 commit:1 data:80000020}
Trace 182 52 80000058 00450513 RET.I
182: CPU.Retire_EX_Int: Normal
        EX_to_Retire{I_52 pc:80000058 instr:00450513
                  data:80000020}
183: CPU.Decode:
        Decode_to_RR{I_56 pc:80000068 instr:0400078b pred:8000006c epoch:0
            fallthru:8000006c OPCLASS_POSIT has_{rs1,rs2,rd}:{0,0,1} writes_mem:0, imm:0 halt_sentinel:0}
        Mem_Rsp {MEM_RSP_OK addr:80000068 rdata:0400078b I_56 pc:80000068 instr:00000000 FETCH 4B}
Trace 183 56 80000068 0400078b D
183: CPU.RW (same-cycle with dispatch):
183:     RW_from_Retire{I_52 pc:80000058 instr:00450513 rd:10 commit:1 data:80000020}
Trace 183 52 80000058 00450513 RW
183: CPU.Dispatch_Control:
        RR_to_Retire{I_55 pc:80000064 instr:fe5ff06f EXEC_TAG_CONTROL
                 pred:80000068 epoch:0 has_rd:0 writes_mem:0
                 fallthru:80000068 halt_sentinel:0}
        RR_to_EX_Control{I_55 pc:80000064 instr:fe5ff06f fallthru:80000068
                  rs1_val:00000000  rs2_val:00000000  imm:ffffffe4 }
Trace 183 55 80000064 fe5ff06f RR.C
183:     CPU.S5.fa_update_rd:
          RW_from_Retire{I_53 pc:8000005c instr:00458593 rd:11 commit:1 data:80000030}
Trace 183 53 8000005c 00458593 RET.I
183: CPU.Retire_EX_Int: Normal
        EX_to_Retire{I_53 pc:8000005c instr:00458593
                  data:80000030}
184: CPU.Fetch:
        Fetch_to_Decode{I_58 pc:80000070 pred:80000074 epoch:0 halt_sentinel:0}
        Mem_Req {I_58 pc:80000070 instr:xxxxxxxx FETCH 4B addr:80000070 epoch:0}
Trace 184 58 80000070 00000000 F
184: CPU.Decode:
        Decode_to_RR{I_57 pc:8000006c instr:80000a37 pred:80000070 epoch:0
            fallthru:80000070 OPCLASS_INT has_{rs1,rs2,rd}:{0,0,1} writes_mem:0, imm:80000000 halt_sentinel:0}
        Mem_Rsp {MEM_RSP_OK addr:8000006c rdata:80000a37 I_57 pc:8000006c instr:00000000 FETCH 4B}
Trace 184 57 8000006c 80000a37 D
fn_EX_IALU: IALU x12 <= 0
184: CPU.EX_Int
        RR_to_EX{I_54 pc:80000060 instr:fff60613
             rs1_val:00000001  rs2_val:00000000  imm:ffffffff }
        EX_to_Retire{I_54 pc:80000060 instr:fff60613
                  data:00000000}
Trace 184 54 80000060 fff60613 EX.I
185: CPU.EX_Control
        RR_to_EX_Control{I_55 pc:80000064 instr:fe5ff06f fallthru:80000068
                  rs1_val:00000000  rs2_val:00000000  imm:ffffffe4 }
        EX_Control_to_Retire{I_55 pc:80000064 instr:fe5ff06f
                       next_pc:80000048  data:80000068}
Trace 185 55 80000064 fe5ff06f EX.C
185: CPU.Fetch:
        Fetch_to_Decode{I_59 pc:80000074 pred:80000078 epoch:0 halt_sentinel:0}
        Mem_Req {I_59 pc:80000074 instr:xxxxxxxx FETCH 4B addr:80000074 epoch:0}
Trace 185 59 80000074 00000000 F
185: CPU.RW (same-cycle with dispatch):
185:     RW_from_Retire{I_53 pc:8000005c instr:00458593 rd:11 commit:1 data:80000030}
Trace 185 53 8000005c 00458593 RW
185: CPU.Dispatch_Int:
        RR_to_Retire{I_56 pc:80000068 instr:0400078b EXEC_TAG_POSIT
                 pred:8000006c epoch:0 has_rd:1 writes_mem:0
                 fallthru:8000006c halt_sentinel:0}
        RR_to_EX{I_56 pc:80000068 instr:0400078b
             rs1_val:00000000  rs2_val:00000000  imm:00000000 }
Trace 185 56 80000068 0400078b RR.I
185:     CPU.S5.fa_update_rd:
          RW_from_Retire{I_54 pc:80000060 instr:fff60613 rd:12 commit:1 data:00000000}
Trace 185 54 80000060 fff60613 RET.I
185: CPU.Retire_EX_Int: Normal
        EX_to_Retire{I_54 pc:80000060 instr:fff60613
                  data:00000000}
186: CPU.Decode:
        Decode_to_RR{I_58 pc:80000070 instr:00fa2023 pred:80000074 epoch:0
            fallthru:80000074 OPCLASS_MEM has_{rs1,rs2,rd}:{1,1,0} writes_mem:1, imm:0 halt_sentinel:0}
        Mem_Rsp {MEM_RSP_OK addr:80000070 rdata:00fa2023 I_58 pc:80000070 instr:00000000 FETCH 4B}
Trace 186 58 80000070 00fa2023 D
186: CPU.RW (same-cycle with dispatch):
186:     RW_from_Retire{I_54 pc:80000060 instr:fff60613 rd:12 commit:1 data:00000000}
Trace 186 54 80000060 fff60613 RW
186: CPU.Dispatch_Int:
        RR_to_Retire{I_57 pc:8000006c instr:80000a37 EXEC_TAG_INT
                 pred:80000070 epoch:0 has_rd:1 writes_mem:0
                 fallthru:80000070 halt_sentinel:0}
        RR_to_EX{I_57 pc:8000006c instr:80000a37
             rs1_val:00000000  rs2_val:00000000  imm:80000000 }
Trace 186 57 8000006c 80000a37 RR.I
186:     CPU.S5.fa_redirect_Fetch:
        Fetch_from_Retire{I_55 pc:80000064 instr:fe5ff06f next_pc:80000048 next_epoch 1 haltreq 0}
Trace 186 55 80000064 fe5ff06f RET.C
186: CPU.Retire_EX_Control: Normal
        EX_Control_to_Retire{I_55 pc:80000064 instr:fe5ff06f
                       next_pc:80000048  data:80000068}
187: CPU.Redirect:
        Fetch_from_Retire{I_55 pc:80000064 instr:fe5ff06f next_pc:80000048 next_epoch 1 haltreq 0}
Trace 187 55 80000064 fe5ff06f Redir
187: CPU.Decode:
        Decode_to_RR{I_59 pc:80000074 instr:06078063 pred:80000078 epoch:0
            fallthru:80000078 OPCLASS_CONTROL has_{rs1,rs2,rd}:{1,1,0} writes_mem:0, imm:60 halt_sentinel:0}
        Mem_Rsp {MEM_RSP_OK addr:80000074 rdata:06078063 I_59 pc:80000074 instr:00000000 FETCH 4B}
Trace 187 59 80000074 06078063 D
187: CPU.rl_RR.stall: busy rd:0 rs1:1 rs2:1
        Decode_to_RR{I_58 pc:80000070 instr:00fa2023 pred:80000074 epoch:0
            fallthru:80000074 OPCLASS_MEM has_{rs1,rs2,rd}:{1,1,0} writes_mem:1, imm:0 halt_sentinel:0}
Trace 187 58 80000070 00fa2023 RR.S
188: CPU.Fetch:
        Fetch_to_Decode{I_60 pc:80000048 pred:8000004c epoch:1 halt_sentinel:0}
        Mem_Req {I_60 pc:80000048 instr:xxxxxxxx FETCH 4B addr:80000048 epoch:1}
Trace 188 60 80000048 00000000 F
fn_EX_IALU: LUI x20 <= 80000000
188: CPU.EX_Int
        RR_to_EX{I_57 pc:8000006c instr:80000a37
             rs1_val:00000000  rs2_val:00000000  imm:80000000 }
        EX_to_Retire{I_57 pc:8000006c instr:80000a37
                  data:80000000}
Trace 188 57 8000006c 80000a37 EX.I
189: CPU.Fetch:
        Fetch_to_Decode{I_61 pc:8000004c pred:80000050 epoch:1 halt_sentinel:0}
        Mem_Req {I_61 pc:8000004c instr:xxxxxxxx FETCH 4B addr:8000004c epoch:1}
Trace 189 61 8000004c 00000000 F
189: CPU.rl_RR.stall: busy rd:0 rs1:0 rs2:1
        Decode_to_RR{I_58 pc:80000070 instr:00fa2023 pred:80000074 epoch:0
            fallthru:80000074 OPCLASS_MEM has_{rs1,rs2,rd}:{1,1,0} writes_mem:1, imm:0 halt_sentinel:0}
Trace 189 58 80000070 00fa2023 RR.S
190: CPU.rl_RR.stall: busy rd:0 rs1:1 rs2:1
        Decode_to_RR{I_58 pc:80000070 instr:00fa2023 pred:80000074 epoch:0
            fallthru:80000074 OPCLASS_MEM has_{rs1,rs2,rd}:{1,1,0} writes_mem:1, imm:0 halt_sentinel:0}
Trace 190 58 80000070 00fa2023 RR.S
191: CPU.rl_RR.stall: busy rd:0 rs1:1 rs2:1
        Decode_to_RR{I_58 pc:80000070 instr:00fa2023 pred:80000074 epoch:0
            fallthru:80000074 OPCLASS_MEM has_{rs1,rs2,rd}:{1,1,0} writes_mem:1, imm:0 halt_sentinel:0}
Trace 191 58 80000070 00fa2023 RR.S
192: CPU.rl_RR.stall: busy rd:0 rs1:1 rs2:1
        Decode_to_RR{I_58 pc:80000070 instr:00fa2023 pred:80000074 epoch:0
            fallthru:80000074 OPCLASS_MEM has_{rs1,rs2,rd}:{1,1,0} writes_mem:1, imm:0 halt_sentinel:0}
Trace 192 58 80000070 00fa2023 RR.S
193: CPU.rl_RR.stall: busy rd:0 rs1:1 rs2:1
        Decode_to_RR{I_58 pc:80000070 instr:00fa2023 pred:80000074 epoch:0
            fallthru:80000074 OPCLASS_MEM has_{rs1,rs2,rd}:{1,1,0} writes_mem:1, imm:0 halt_sentinel:0}
Trace 193 58 80000070 00fa2023 RR.S
194: CPU.rl_RR.stall: busy rd:0 rs1:1 rs2:1
        Decode_to_RR{I_58 pc:80000070 instr:00fa2023 pred:80000074 epoch:0
            fallthru:80000074 OPCLASS_MEM has_{rs1,rs2,rd}:{1,1,0} writes_mem:1, imm:0 halt_sentinel:0}
Trace 194 58 80000070 00fa2023 RR.S
195: CPU.rl_RR.stall: busy rd:0 rs1:1 rs2:1
        Decode_to_RR{I_58 pc:80000070 instr:00fa2023 pred:80000074 epoch:0
            fallthru:80000074 OPCLASS_MEM has_{rs1,rs2,rd}:{1,1,0} writes_mem:1, imm:0 halt_sentinel:0}
Trace 195 58 80000070 00fa2023 RR.S
196: CPU.rl_RR.stall: busy rd:0 rs1:1 rs2:1
        Decode_to_RR{I_58 pc:80000070 instr:00fa2023 pred:80000074 epoch:0
            fallthru:80000074 OPCLASS_MEM has_{rs1,rs2,rd}:{1,1,0} writes_mem:1, imm:0 halt_sentinel:0}
Trace 196 58 80000070 00fa2023 RR.S
197: CPU.rl_RR.stall: busy rd:0 rs1:1 rs2:1
        Decode_to_RR{I_58 pc:80000070 instr:00fa2023 pred:80000074 epoch:0
            fallthru:80000074 OPCLASS_MEM has_{rs1,rs2,rd}:{1,1,0} writes_mem:1, imm:0 halt_sentinel:0}
Trace 197 58 80000070 00fa2023 RR.S
198: CPU.rl_RR.stall: busy rd:0 rs1:1 rs2:1
        Decode_to_RR{I_58 pc:80000070 instr:00fa2023 pred:80000074 epoch:0
            fallthru:80000074 OPCLASS_MEM has_{rs1,rs2,rd}:{1,1,0} writes_mem:1, imm:0 halt_sentinel:0}
Trace 198 58 80000070 00fa2023 RR.S
199: CPU.rl_RR.stall: busy rd:0 rs1:1 rs2:1
        Decode_to_RR{I_58 pc:80000070 instr:00fa2023 pred:80000074 epoch:0
            fallthru:80000074 OPCLASS_MEM has_{rs1,rs2,rd}:{1,1,0} writes_mem:1, imm:0 halt_sentinel:0}
Trace 199 58 80000070 00fa2023 RR.S
200: CPU.rl_RR.stall: busy rd:0 rs1:1 rs2:1
        Decode_to_RR{I_58 pc:80000070 instr:00fa2023 pred:80000074 epoch:0
            fallthru:80000074 OPCLASS_MEM has_{rs1,rs2,rd}:{1,1,0} writes_mem:1, imm:0 halt_sentinel:0}
Trace 200 58 80000070 00fa2023 RR.S
201: CPU.rl_RR.stall: busy rd:0 rs1:1 rs2:1
        Decode_to_RR{I_58 pc:80000070 instr:00fa2023 pred:80000074 epoch:0
            fallthru:80000074 OPCLASS_MEM has_{rs1,rs2,rd}:{1,1,0} writes_mem:1, imm:0 halt_sentinel:0}
Trace 201 58 80000070 00fa2023 RR.S
202: CPU.rl_RR.stall: busy rd:0 rs1:1 rs2:1
        Decode_to_RR{I_58 pc:80000070 instr:00fa2023 pred:80000074 epoch:0
            fallthru:80000074 OPCLASS_MEM has_{rs1,rs2,rd}:{1,1,0} writes_mem:1, imm:0 halt_sentinel:0}
Trace 202 58 80000070 00fa2023 RR.S
203: CPU.rl_RR.stall: busy rd:0 rs1:1 rs2:1
        Decode_to_RR{I_58 pc:80000070 instr:00fa2023 pred:80000074 epoch:0
            fallthru:80000074 OPCLASS_MEM has_{rs1,rs2,rd}:{1,1,0} writes_mem:1, imm:0 halt_sentinel:0}
Trace 203 58 80000070 00fa2023 RR.S
204: CPU.rl_RR.stall: busy rd:0 rs1:1 rs2:1
        Decode_to_RR{I_58 pc:80000070 instr:00fa2023 pred:80000074 epoch:0
            fallthru:80000074 OPCLASS_MEM has_{rs1,rs2,rd}:{1,1,0} writes_mem:1, imm:0 halt_sentinel:0}
Trace 204 58 80000070 00fa2023 RR.S
205: CPU.rl_RR.stall: busy rd:0 rs1:1 rs2:1
        Decode_to_RR{I_58 pc:80000070 instr:00fa2023 pred:80000074 epoch:0
            fallthru:80000074 OPCLASS_MEM has_{rs1,rs2,rd}:{1,1,0} writes_mem:1, imm:0 halt_sentinel:0}
Trace 205 58 80000070 00fa2023 RR.S
206: CPU.rl_RR.stall: busy rd:0 rs1:1 rs2:1
        Decode_to_RR{I_58 pc:80000070 instr:00fa2023 pred:80000074 epoch:0
            fallthru:80000074 OPCLASS_MEM has_{rs1,rs2,rd}:{1,1,0} writes_mem:1, imm:0 halt_sentinel:0}
Trace 206 58 80000070 00fa2023 RR.S
207: CPU.rl_RR.stall: busy rd:0 rs1:1 rs2:1
        Decode_to_RR{I_58 pc:80000070 instr:00fa2023 pred:80000074 epoch:0
            fallthru:80000074 OPCLASS_MEM has_{rs1,rs2,rd}:{1,1,0} writes_mem:1, imm:0 halt_sentinel:0}
Trace 207 58 80000070 00fa2023 RR.S
208: CPU.rl_RR.stall: busy rd:0 rs1:1 rs2:1
        Decode_to_RR{I_58 pc:80000070 instr:00fa2023 pred:80000074 epoch:0
            fallthru:80000074 OPCLASS_MEM has_{rs1,rs2,rd}:{1,1,0} writes_mem:1, imm:0 halt_sentinel:0}
Trace 208 58 80000070 00fa2023 RR.S
208:     CPU.S5.fa_update_rd:(unreserve scoreboard)
          RW_from_Retire{I_56 pc:80000068 instr:0400078b rd:15 commit:0 data:xxxxxxxx}
Trace 208 56 80000068 0400078b RET.discard
208: CPU.S5.rl_Retire_wrong_path:
        RR_to_Retire{I_56 pc:80000068 instr:0400078b EXEC_TAG_POSIT
                 pred:8000006c epoch:0 has_rd:1 writes_mem:0
                 fallthru:8000006c halt_sentinel:0}
209: CPU.RW (during stall):
209:     RW_from_Retire{I_56 pc:80000068 instr:0400078b rd:15 commit:0 data:00000000}
Trace 209 56 80000068 0400078b RW
209: CPU.rl_RR.stall: busy rd:0 rs1:1 rs2:0
        Decode_to_RR{I_58 pc:80000070 instr:00fa2023 pred:80000074 epoch:0
            fallthru:80000074 OPCLASS_MEM has_{rs1,rs2,rd}:{1,1,0} writes_mem:1, imm:0 halt_sentinel:0}
Trace 209 58 80000070 00fa2023 RR.S
209:     CPU.S5.fa_update_rd:(unreserve scoreboard)
          RW_from_Retire{I_57 pc:8000006c instr:80000a37 rd:20 commit:0 data:xxxxxxxx}
Trace 209 57 8000006c 80000a37 RET.discard
209: CPU.S5.rl_Retire_wrong_path:
        RR_to_Retire{I_57 pc:8000006c instr:80000a37 EXEC_TAG_INT
                 pred:80000070 epoch:0 has_rd:1 writes_mem:0
                 fallthru:80000070 halt_sentinel:0}
210: CPU.RW (same-cycle with dispatch):
210:     RW_from_Retire{I_57 pc:8000006c instr:80000a37 rd:20 commit:0 data:00000000}
Trace 210 57 8000006c 80000a37 RW
210: CPU.Dispatch_DMem:
        RR_to_Retire{I_58 pc:80000070 instr:00fa2023 EXEC_TAG_DMEM
                 pred:80000074 epoch:0 has_rd:0 writes_mem:1
                 fallthru:80000074 halt_sentinel:0}
        rs1_val:00000000  rs2_val:00000000  imm:00000000
        Mem_Req {I_58 pc:80000070 instr:00fa2023 STORE 4B addr:00000000 wdata:00000000 epoch:0}
Trace 210 58 80000070 00fa2023 RR.D
211: CPU.Decode:
        Decode_to_RR{I_60 pc:80000048 instr:02060063 pred:8000004c epoch:1
            fallthru:8000004c OPCLASS_CONTROL has_{rs1,rs2,rd}:{1,1,0} writes_mem:0, imm:20 halt_sentinel:0}
        Mem_Rsp {MEM_RSP_OK addr:80000048 rdata:02060063 I_60 pc:80000048 instr:00000000 FETCH 4B}
Trace 211 60 80000048 02060063 D
211: CPU.Dispatch_Control:
        RR_to_Retire{I_59 pc:80000074 instr:06078063 EXEC_TAG_CONTROL
                 pred:80000078 epoch:0 has_rd:0 writes_mem:0
                 fallthru:80000078 halt_sentinel:0}
        RR_to_EX_Control{I_59 pc:80000074 instr:06078063 fallthru:80000078
                  rs1_val:00000000  rs2_val:00000000  imm:00000060 }
Trace 211 59 80000074 06078063 RR.C
212: CPU.Fetch:
        Fetch_to_Decode{I_62 pc:80000050 pred:80000054 epoch:1 halt_sentinel:0}
        Mem_Req {I_62 pc:80000050 instr:xxxxxxxx FETCH 4B addr:80000050 epoch:1}
Trace 212 62 80000050 00000000 F
212: CPU.Decode:
        Decode_to_RR{I_61 pc:8000004c instr:00052683 pred:80000050 epoch:1
            fallthru:80000050 OPCLASS_MEM has_{rs1,rs2,rd}:{1,0,1} writes_mem:0, imm:0 halt_sentinel:0}
        Mem_Rsp {MEM_RSP_OK addr:8000004c rdata:00052683 I_61 pc:8000004c instr:00000000 FETCH 4B}
Trace 212 61 8000004c 00052683 D
212: CPU.Dispatch_Control:
        RR_to_Retire{I_60 pc:80000048 instr:02060063 EXEC_TAG_CONTROL
                 pred:8000004c epoch:1 has_rd:0 writes_mem:0
                 fallthru:8000004c halt_sentinel:0}
        RR_to_EX_Control{I_60 pc:80000048 instr:02060063 fallthru:8000004c
                  rs1_val:00000000  rs2_val:00000000  imm:00000020 }
Trace 212 60 80000048 02060063 RR.C
Trace 212 58 80000070 00fa2023 RET.discard
212: CPU.S5.rl_Retire_wrong_path:
        RR_to_Retire{I_58 pc:80000070 instr:00fa2023 EXEC_TAG_DMEM
                 pred:80000074 epoch:0 has_rd:0 writes_mem:1
                 fallthru:80000074 halt_sentinel:0}
213: CPU.EX_Control
        RR_to_EX_Control{I_59 pc:80000074 instr:06078063 fallthru:80000078
                  rs1_val:00000000  rs2_val:00000000  imm:00000060 }
        EX_Control_to_Retire{I_59 pc:80000074 instr:06078063
                       next_pc:800000d4  data:80000078}
Trace 213 59 80000074 06078063 EX.C
213: CPU.Fetch:
        Fetch_to_Decode{I_63 pc:80000054 pred:80000058 epoch:1 halt_sentinel:0}
        Mem_Req {I_63 pc:80000054 instr:xxxxxxxx FETCH 4B addr:80000054 epoch:1}
Trace 213 63 80000054 00000000 F
213: CPU.Decode:
        Decode_to_RR{I_62 pc:80000050 instr:0005a703 pred:80000054 epoch:1
            fallthru:80000054 OPCLASS_MEM has_{rs1,rs2,rd}:{1,0,1} writes_mem:0, imm:0 halt_sentinel:0}
        Mem_Rsp {MEM_RSP_OK addr:80000050 rdata:0005a703 I_62 pc:80000050 instr:00000000 FETCH 4B}
Trace 213 62 80000050 0005a703 D
213: CPU.Dispatch_DMem:
        RR_to_Retire{I_61 pc:8000004c instr:00052683 EXEC_TAG_DMEM
                 pred:80000050 epoch:1 has_rd:1 writes_mem:0
                 fallthru:80000050 halt_sentinel:0}
        rs1_val:80000020  rs2_val:00000000  imm:00000000
        Mem_Req {I_61 pc:8000004c instr:00052683 LOAD 4B addr:80000020 epoch:1}
Trace 213 61 8000004c 00052683 RR.D
214: CPU.EX_Control
        RR_to_EX_Control{I_60 pc:80000048 instr:02060063 fallthru:8000004c
                  rs1_val:00000000  rs2_val:00000000  imm:00000020 }
        EX_Control_to_Retire{I_60 pc:80000048 instr:02060063
                       next_pc:80000068  data:8000004c}
Trace 214 60 80000048 02060063 EX.C
214: CPU.Fetch:
        Fetch_to_Decode{I_64 pc:80000058 pred:8000005c epoch:1 halt_sentinel:0}
        Mem_Req {I_64 pc:80000058 instr:xxxxxxxx FETCH 4B addr:80000058 epoch:1}
Trace 214 64 80000058 00000000 F
214: mkMems_Devices: for client CLIENT_DMEM
        Mem_Req {I_61 pc:8000004c instr:00052683 LOAD 4B addr:80000020 epoch:1}
        Mem_Rsp {MEM_RSP_OK addr:80000020 rdata:40000000 I_61 pc:8000004c instr:00052683 LOAD 4B}
214: CPU.Decode:
        Decode_to_RR{I_63 pc:80000054 instr:00e6800b pred:80000058 epoch:1
            fallthru:80000058 OPCLASS_POSIT has_{rs1,rs2,rd}:{1,1,0} writes_mem:0, imm:0 halt_sentinel:0}
        Mem_Rsp {MEM_RSP_OK addr:80000054 rdata:00e6800b I_63 pc:80000054 instr:00000000 FETCH 4B}
Trace 214 63 80000054 00e6800b D
Trace 214 59 80000074 06078063 RET.discard
214: CPU.S5.rl_Retire_wrong_path:
        RR_to_Retire{I_59 pc:80000074 instr:06078063 EXEC_TAG_CONTROL
                 pred:80000078 epoch:0 has_rd:0 writes_mem:0
                 fallthru:80000078 halt_sentinel:0}
215: CPU.Dispatch_DMem:
        RR_to_Retire{I_62 pc:80000050 instr:0005a703 EXEC_TAG_DMEM
                 pred:80000054 epoch:1 has_rd:1 writes_mem:0
                 fallthru:80000054 halt_sentinel:0}
        rs1_val:80000030  rs2_val:00000000  imm:00000000
        Mem_Req {I_62 pc:80000050 instr:0005a703 LOAD 4B addr:80000030 epoch:1}
Trace 215 62 80000050 0005a703 RR.D
215:     CPU.S5.fa_redirect_Fetch:
        Fetch_from_Retire{I_60 pc:80000048 instr:02060063 next_pc:80000068 next_epoch 2 haltreq 0}
Trace 215 60 80000048 02060063 RET.C
215: CPU.Retire_EX_Control: Normal
        EX_Control_to_Retire{I_60 pc:80000048 instr:02060063
                       next_pc:80000068  data:8000004c}
216: CPU.Redirect:
        Fetch_from_Retire{I_60 pc:80000048 instr:02060063 next_pc:80000068 next_epoch 2 haltreq 0}
Trace 216 60 80000048 02060063 Redir
216: mkMems_Devices: for client CLIENT_DMEM
        Mem_Req {I_62 pc:80000050 instr:0005a703 LOAD 4B addr:80000030 epoch:1}
        Mem_Rsp {MEM_RSP_OK addr:80000030 rdata:0600000b I_62 pc:80000050 instr:0005a703 LOAD 4B}
216: CPU.Decode:
        Decode_to_RR{I_64 pc:80000058 instr:00450513 pred:8000005c epoch:1
            fallthru:8000005c OPCLASS_INT has_{rs1,rs2,rd}:{1,0,1} writes_mem:0, imm:4 halt_sentinel:0}
        Mem_Rsp {MEM_RSP_OK addr:80000058 rdata:00450513 I_64 pc:80000058 instr:00000000 FETCH 4B}
Trace 216 64 80000058 00450513 D
216: CPU.rl_RR.stall: busy rd:0 rs1:1 rs2:1
        Decode_to_RR{I_63 pc:80000054 instr:00e6800b pred:80000058 epoch:1
            fallthru:80000058 OPCLASS_POSIT has_{rs1,rs2,rd}:{1,1,0} writes_mem:0, imm:0 halt_sentinel:0}
Trace 216 63 80000054 00e6800b RR.S
216:     CPU.S5.fa_update_rd:(unreserve scoreboard)
          RW_from_Retire{I_61 pc:8000004c instr:00052683 rd:13 commit:0 data:xxxxxxxx}
Trace 216 61 8000004c 00052683 RET.discard
216: CPU.S5.rl_Retire_wrong_path:
        RR_to_Retire{I_61 pc:8000004c instr:00052683 EXEC_TAG_DMEM
                 pred:80000050 epoch:1 has_rd:1 writes_mem:0
                 fallthru:80000050 halt_sentinel:0}
217: CPU.Fetch:
        Fetch_to_Decode{I_65 pc:80000068 pred:8000006c epoch:2 halt_sentinel:0}
        Mem_Req {I_65 pc:80000068 instr:xxxxxxxx FETCH 4B addr:80000068 epoch:2}
Trace 217 65 80000068 00000000 F
217: CPU.RW (during stall):
217:     RW_from_Retire{I_61 pc:8000004c instr:00052683 rd:13 commit:0 data:00000000}
Trace 217 61 8000004c 00052683 RW
217: CPU.rl_RR.stall: busy rd:0 rs1:0 rs2:1
        Decode_to_RR{I_63 pc:80000054 instr:00e6800b pred:80000058 epoch:1
            fallthru:80000058 OPCLASS_POSIT has_{rs1,rs2,rd}:{1,1,0} writes_mem:0, imm:0 halt_sentinel:0}
Trace 217 63 80000054 00e6800b RR.S
218: CPU.Fetch:
        Fetch_to_Decode{I_66 pc:8000006c pred:80000070 epoch:2 halt_sentinel:0}
        Mem_Req {I_66 pc:8000006c instr:xxxxxxxx FETCH 4B addr:8000006c epoch:2}
Trace 218 66 8000006c 00000000 F
218: CPU.rl_RR.stall: busy rd:0 rs1:0 rs2:1
        Decode_to_RR{I_63 pc:80000054 instr:00e6800b pred:80000058 epoch:1
            fallthru:80000058 OPCLASS_POSIT has_{rs1,rs2,rd}:{1,1,0} writes_mem:0, imm:0 halt_sentinel:0}
Trace 218 63 80000054 00e6800b RR.S
218:     CPU.S5.fa_update_rd:(unreserve scoreboard)
          RW_from_Retire{I_62 pc:80000050 instr:0005a703 rd:14 commit:0 data:xxxxxxxx}
Trace 218 62 80000050 0005a703 RET.discard
218: CPU.S5.rl_Retire_wrong_path:
        RR_to_Retire{I_62 pc:80000050 instr:0005a703 EXEC_TAG_DMEM
                 pred:80000054 epoch:1 has_rd:1 writes_mem:0
                 fallthru:80000054 halt_sentinel:0}
219: CPU.RW (same-cycle with dispatch):
219:     RW_from_Retire{I_62 pc:80000050 instr:0005a703 rd:14 commit:0 data:00000000}
Trace 219 62 80000050 0005a703 RW
219: CPU.Dispatch_Int:
        RR_to_Retire{I_63 pc:80000054 instr:00e6800b EXEC_TAG_POSIT
                 pred:80000058 epoch:1 has_rd:0 writes_mem:0
                 fallthru:80000058 halt_sentinel:0}
        RR_to_EX{I_63 pc:80000054 instr:00e6800b
             rs1_val:50000000  rs2_val:50000000  imm:00000000 }
Trace 219 63 80000054 00e6800b RR.I
220: CPU.Decode:
        Decode_to_RR{I_65 pc:80000068 instr:0400078b pred:8000006c epoch:2
            fallthru:8000006c OPCLASS_POSIT has_{rs1,rs2,rd}:{0,0,1} writes_mem:0, imm:0 halt_sentinel:0}
        Mem_Rsp {MEM_RSP_OK addr:80000068 rdata:0400078b I_65 pc:80000068 instr:00000000 FETCH 4B}
Trace 220 65 80000068 0400078b D
220: CPU.Dispatch_Int:
        RR_to_Retire{I_64 pc:80000058 instr:00450513 EXEC_TAG_INT
                 pred:8000005c epoch:1 has_rd:1 writes_mem:0
                 fallthru:8000005c halt_sentinel:0}
        RR_to_EX{I_64 pc:80000058 instr:00450513
             rs1_val:80000020  rs2_val:00000000  imm:00000004 }
Trace 220 64 80000058 00450513 RR.I
221: CPU.Fetch:
        Fetch_to_Decode{I_67 pc:80000070 pred:80000074 epoch:2 halt_sentinel:0}
        Mem_Req {I_67 pc:80000070 instr:xxxxxxxx FETCH 4B addr:80000070 epoch:2}
Trace 221 67 80000070 00000000 F
221: CPU.Decode:
        Decode_to_RR{I_66 pc:8000006c instr:80000a37 pred:80000070 epoch:2
            fallthru:80000070 OPCLASS_INT has_{rs1,rs2,rd}:{0,0,1} writes_mem:0, imm:80000000 halt_sentinel:0}
        Mem_Rsp {MEM_RSP_OK addr:8000006c rdata:80000a37 I_66 pc:8000006c instr:00000000 FETCH 4B}
Trace 221 66 8000006c 80000a37 D
221: CPU.Dispatch_Int:
        RR_to_Retire{I_65 pc:80000068 instr:0400078b EXEC_TAG_POSIT
                 pred:8000006c epoch:2 has_rd:1 writes_mem:0
                 fallthru:8000006c halt_sentinel:0}
        RR_to_EX{I_65 pc:80000068 instr:0400078b
             rs1_val:00000000  rs2_val:00000000  imm:00000000 }
Trace 221 65 80000068 0400078b RR.I
222: CPU.Fetch:
        Fetch_to_Decode{I_68 pc:80000074 pred:80000078 epoch:2 halt_sentinel:0}
        Mem_Req {I_68 pc:80000074 instr:xxxxxxxx FETCH 4B addr:80000074 epoch:2}
Trace 222 68 80000074 00000000 F
222: CPU.Decode:
        Decode_to_RR{I_67 pc:80000070 instr:00fa2023 pred:80000074 epoch:2
            fallthru:80000074 OPCLASS_MEM has_{rs1,rs2,rd}:{1,1,0} writes_mem:1, imm:0 halt_sentinel:0}
        Mem_Rsp {MEM_RSP_OK addr:80000070 rdata:00fa2023 I_67 pc:80000070 instr:00000000 FETCH 4B}
Trace 222 67 80000070 00fa2023 D
fn_EX_IALU: IALU x10 <= 80000024
222: CPU.EX_Int
        RR_to_EX{I_64 pc:80000058 instr:00450513
             rs1_val:80000020  rs2_val:00000000  imm:00000004 }
        EX_to_Retire{I_64 pc:80000058 instr:00450513
                  data:80000024}
Trace 222 64 80000058 00450513 EX.I
223: CPU.Fetch:
        Fetch_to_Decode{I_69 pc:80000078 pred:8000007c epoch:2 halt_sentinel:0}
        Mem_Req {I_69 pc:80000078 instr:xxxxxxxx FETCH 4B addr:80000078 epoch:2}
Trace 223 69 80000078 00000000 F
223: CPU.Dispatch_Int:
        RR_to_Retire{I_66 pc:8000006c instr:80000a37 EXEC_TAG_INT
                 pred:80000070 epoch:2 has_rd:1 writes_mem:0
                 fallthru:80000070 halt_sentinel:0}
        RR_to_EX{I_66 pc:8000006c instr:80000a37
             rs1_val:00000000  rs2_val:00000000  imm:80000000 }
Trace 223 66 8000006c 80000a37 RR.I
Trace 223 63 80000054 00e6800b RET.discard
223: CPU.S5.rl_Retire_wrong_path:
        RR_to_Retire{I_63 pc:80000054 instr:00e6800b EXEC_TAG_POSIT
                 pred:80000058 epoch:1 has_rd:0 writes_mem:0
                 fallthru:80000058 halt_sentinel:0}
224: CPU.Decode:
        Decode_to_RR{I_68 pc:80000074 instr:06078063 pred:80000078 epoch:2
            fallthru:80000078 OPCLASS_CONTROL has_{rs1,rs2,rd}:{1,1,0} writes_mem:0, imm:60 halt_sentinel:0}
        Mem_Rsp {MEM_RSP_OK addr:80000074 rdata:06078063 I_68 pc:80000074 instr:00000000 FETCH 4B}
Trace 224 68 80000074 06078063 D
224: CPU.rl_RR.stall: busy rd:0 rs1:1 rs2:1
        Decode_to_RR{I_67 pc:80000070 instr:00fa2023 pred:80000074 epoch:2
            fallthru:80000074 OPCLASS_MEM has_{rs1,rs2,rd}:{1,1,0} writes_mem:1, imm:0 halt_sentinel:0}
Trace 224 67 80000070 00fa2023 RR.S
224:     CPU.S5.fa_update_rd:(unreserve scoreboard)
          RW_from_Retire{I_64 pc:80000058 instr:00450513 rd:10 commit:0 data:xxxxxxxx}
Trace 224 64 80000058 00450513 RET.discard
224: CPU.S5.rl_Retire_wrong_path:
        RR_to_Retire{I_64 pc:80000058 instr:00450513 EXEC_TAG_INT
                 pred:8000005c epoch:1 has_rd:1 writes_mem:0
                 fallthru:8000005c halt_sentinel:0}
225: CPU.Fetch:
        Fetch_to_Decode{I_70 pc:8000007c pred:80000080 epoch:2 halt_sentinel:0}
        Mem_Req {I_70 pc:8000007c instr:xxxxxxxx FETCH 4B addr:8000007c epoch:2}
Trace 225 70 8000007c 00000000 F
fn_EX_IALU: LUI x20 <= 80000000
225: CPU.EX_Int
        RR_to_EX{I_66 pc:8000006c instr:80000a37
             rs1_val:00000000  rs2_val:00000000  imm:80000000 }
        EX_to_Retire{I_66 pc:8000006c instr:80000a37
                  data:80000000}
Trace 225 66 8000006c 80000a37 EX.I
226: CPU.RW (during stall):
226:     RW_from_Retire{I_64 pc:80000058 instr:00450513 rd:10 commit:0 data:00000000}
Trace 226 64 80000058 00450513 RW
226: CPU.rl_RR.stall: busy rd:0 rs1:0 rs2:1
        Decode_to_RR{I_67 pc:80000070 instr:00fa2023 pred:80000074 epoch:2
            fallthru:80000074 OPCLASS_MEM has_{rs1,rs2,rd}:{1,1,0} writes_mem:1, imm:0 halt_sentinel:0}
Trace 226 67 80000070 00fa2023 RR.S
227: CPU.rl_RR.stall: busy rd:0 rs1:1 rs2:1
        Decode_to_RR{I_67 pc:80000070 instr:00fa2023 pred:80000074 epoch:2
            fallthru:80000074 OPCLASS_MEM has_{rs1,rs2,rd}:{1,1,0} writes_mem:1, imm:0 halt_sentinel:0}
Trace 227 67 80000070 00fa2023 RR.S
228: CPU.rl_RR.stall: busy rd:0 rs1:1 rs2:1
        Decode_to_RR{I_67 pc:80000070 instr:00fa2023 pred:80000074 epoch:2
            fallthru:80000074 OPCLASS_MEM has_{rs1,rs2,rd}:{1,1,0} writes_mem:1, imm:0 halt_sentinel:0}
Trace 228 67 80000070 00fa2023 RR.S
229: CPU.rl_RR.stall: busy rd:0 rs1:1 rs2:1
        Decode_to_RR{I_67 pc:80000070 instr:00fa2023 pred:80000074 epoch:2
            fallthru:80000074 OPCLASS_MEM has_{rs1,rs2,rd}:{1,1,0} writes_mem:1, imm:0 halt_sentinel:0}
Trace 229 67 80000070 00fa2023 RR.S
230: CPU.rl_RR.stall: busy rd:0 rs1:1 rs2:1
        Decode_to_RR{I_67 pc:80000070 instr:00fa2023 pred:80000074 epoch:2
            fallthru:80000074 OPCLASS_MEM has_{rs1,rs2,rd}:{1,1,0} writes_mem:1, imm:0 halt_sentinel:0}
Trace 230 67 80000070 00fa2023 RR.S
231: CPU.rl_RR.stall: busy rd:0 rs1:1 rs2:1
        Decode_to_RR{I_67 pc:80000070 instr:00fa2023 pred:80000074 epoch:2
            fallthru:80000074 OPCLASS_MEM has_{rs1,rs2,rd}:{1,1,0} writes_mem:1, imm:0 halt_sentinel:0}
Trace 231 67 80000070 00fa2023 RR.S
232: CPU.rl_RR.stall: busy rd:0 rs1:1 rs2:1
        Decode_to_RR{I_67 pc:80000070 instr:00fa2023 pred:80000074 epoch:2
            fallthru:80000074 OPCLASS_MEM has_{rs1,rs2,rd}:{1,1,0} writes_mem:1, imm:0 halt_sentinel:0}
Trace 232 67 80000070 00fa2023 RR.S
233: CPU.rl_RR.stall: busy rd:0 rs1:1 rs2:1
        Decode_to_RR{I_67 pc:80000070 instr:00fa2023 pred:80000074 epoch:2
            fallthru:80000074 OPCLASS_MEM has_{rs1,rs2,rd}:{1,1,0} writes_mem:1, imm:0 halt_sentinel:0}
Trace 233 67 80000070 00fa2023 RR.S
234: CPU.rl_RR.stall: busy rd:0 rs1:1 rs2:1
        Decode_to_RR{I_67 pc:80000070 instr:00fa2023 pred:80000074 epoch:2
            fallthru:80000074 OPCLASS_MEM has_{rs1,rs2,rd}:{1,1,0} writes_mem:1, imm:0 halt_sentinel:0}
Trace 234 67 80000070 00fa2023 RR.S
235: CPU.rl_RR.stall: busy rd:0 rs1:1 rs2:1
        Decode_to_RR{I_67 pc:80000070 instr:00fa2023 pred:80000074 epoch:2
            fallthru:80000074 OPCLASS_MEM has_{rs1,rs2,rd}:{1,1,0} writes_mem:1, imm:0 halt_sentinel:0}
Trace 235 67 80000070 00fa2023 RR.S
236: CPU.rl_RR.stall: busy rd:0 rs1:1 rs2:1
        Decode_to_RR{I_67 pc:80000070 instr:00fa2023 pred:80000074 epoch:2
            fallthru:80000074 OPCLASS_MEM has_{rs1,rs2,rd}:{1,1,0} writes_mem:1, imm:0 halt_sentinel:0}
Trace 236 67 80000070 00fa2023 RR.S
237: CPU.rl_RR.stall: busy rd:0 rs1:1 rs2:1
        Decode_to_RR{I_67 pc:80000070 instr:00fa2023 pred:80000074 epoch:2
            fallthru:80000074 OPCLASS_MEM has_{rs1,rs2,rd}:{1,1,0} writes_mem:1, imm:0 halt_sentinel:0}
Trace 237 67 80000070 00fa2023 RR.S
238: CPU.rl_RR.stall: busy rd:0 rs1:1 rs2:1
        Decode_to_RR{I_67 pc:80000070 instr:00fa2023 pred:80000074 epoch:2
            fallthru:80000074 OPCLASS_MEM has_{rs1,rs2,rd}:{1,1,0} writes_mem:1, imm:0 halt_sentinel:0}
Trace 238 67 80000070 00fa2023 RR.S
239: CPU.rl_RR.stall: busy rd:0 rs1:1 rs2:1
        Decode_to_RR{I_67 pc:80000070 instr:00fa2023 pred:80000074 epoch:2
            fallthru:80000074 OPCLASS_MEM has_{rs1,rs2,rd}:{1,1,0} writes_mem:1, imm:0 halt_sentinel:0}
Trace 239 67 80000070 00fa2023 RR.S
240: CPU.rl_RR.stall: busy rd:0 rs1:1 rs2:1
        Decode_to_RR{I_67 pc:80000070 instr:00fa2023 pred:80000074 epoch:2
            fallthru:80000074 OPCLASS_MEM has_{rs1,rs2,rd}:{1,1,0} writes_mem:1, imm:0 halt_sentinel:0}
Trace 240 67 80000070 00fa2023 RR.S
241: CPU.rl_RR.stall: busy rd:0 rs1:1 rs2:1
        Decode_to_RR{I_67 pc:80000070 instr:00fa2023 pred:80000074 epoch:2
            fallthru:80000074 OPCLASS_MEM has_{rs1,rs2,rd}:{1,1,0} writes_mem:1, imm:0 halt_sentinel:0}
Trace 241 67 80000070 00fa2023 RR.S
242: CPU.rl_RR.stall: busy rd:0 rs1:1 rs2:1
        Decode_to_RR{I_67 pc:80000070 instr:00fa2023 pred:80000074 epoch:2
            fallthru:80000074 OPCLASS_MEM has_{rs1,rs2,rd}:{1,1,0} writes_mem:1, imm:0 halt_sentinel:0}
Trace 242 67 80000070 00fa2023 RR.S
243: CPU.rl_RR.stall: busy rd:0 rs1:1 rs2:1
        Decode_to_RR{I_67 pc:80000070 instr:00fa2023 pred:80000074 epoch:2
            fallthru:80000074 OPCLASS_MEM has_{rs1,rs2,rd}:{1,1,0} writes_mem:1, imm:0 halt_sentinel:0}
Trace 243 67 80000070 00fa2023 RR.S
244: CPU.rl_RR.stall: busy rd:0 rs1:1 rs2:1
        Decode_to_RR{I_67 pc:80000070 instr:00fa2023 pred:80000074 epoch:2
            fallthru:80000074 OPCLASS_MEM has_{rs1,rs2,rd}:{1,1,0} writes_mem:1, imm:0 halt_sentinel:0}
Trace 244 67 80000070 00fa2023 RR.S
245: CPU.rl_RR.stall: busy rd:0 rs1:1 rs2:1
        Decode_to_RR{I_67 pc:80000070 instr:00fa2023 pred:80000074 epoch:2
            fallthru:80000074 OPCLASS_MEM has_{rs1,rs2,rd}:{1,1,0} writes_mem:1, imm:0 halt_sentinel:0}
Trace 245 67 80000070 00fa2023 RR.S
246: CPU.rl_RR.stall: busy rd:0 rs1:1 rs2:1
        Decode_to_RR{I_67 pc:80000070 instr:00fa2023 pred:80000074 epoch:2
            fallthru:80000074 OPCLASS_MEM has_{rs1,rs2,rd}:{1,1,0} writes_mem:1, imm:0 halt_sentinel:0}
Trace 246 67 80000070 00fa2023 RR.S
247: CPU.rl_RR.stall: busy rd:0 rs1:1 rs2:1
        Decode_to_RR{I_67 pc:80000070 instr:00fa2023 pred:80000074 epoch:2
            fallthru:80000074 OPCLASS_MEM has_{rs1,rs2,rd}:{1,1,0} writes_mem:1, imm:0 halt_sentinel:0}
Trace 247 67 80000070 00fa2023 RR.S
248: CPU.rl_RR.stall: busy rd:0 rs1:1 rs2:1
        Decode_to_RR{I_67 pc:80000070 instr:00fa2023 pred:80000074 epoch:2
            fallthru:80000074 OPCLASS_MEM has_{rs1,rs2,rd}:{1,1,0} writes_mem:1, imm:0 halt_sentinel:0}
Trace 248 67 80000070 00fa2023 RR.S
249: CPU.rl_RR.stall: busy rd:0 rs1:1 rs2:1
        Decode_to_RR{I_67 pc:80000070 instr:00fa2023 pred:80000074 epoch:2
            fallthru:80000074 OPCLASS_MEM has_{rs1,rs2,rd}:{1,1,0} writes_mem:1, imm:0 halt_sentinel:0}
Trace 249 67 80000070 00fa2023 RR.S
250: CPU.rl_RR.stall: busy rd:0 rs1:1 rs2:1
        Decode_to_RR{I_67 pc:80000070 instr:00fa2023 pred:80000074 epoch:2
            fallthru:80000074 OPCLASS_MEM has_{rs1,rs2,rd}:{1,1,0} writes_mem:1, imm:0 halt_sentinel:0}
Trace 250 67 80000070 00fa2023 RR.S
250:     CPU.S5.fa_update_rd:
          RW_from_Retire{I_65 pc:80000068 instr:0400078b rd:15 commit:1 data:65c00000}
250: CPU.S5.rl_Retire_EX_Posit: instr 0400078b rd=65c00000 exc=0
251: CPU.RW (during stall):
251:     RW_from_Retire{I_65 pc:80000068 instr:0400078b rd:15 commit:1 data:65c00000}
Trace 251 65 80000068 0400078b RW
251: CPU.rl_RR.stall: busy rd:0 rs1:1 rs2:0
        Decode_to_RR{I_67 pc:80000070 instr:00fa2023 pred:80000074 epoch:2
            fallthru:80000074 OPCLASS_MEM has_{rs1,rs2,rd}:{1,1,0} writes_mem:1, imm:0 halt_sentinel:0}
Trace 251 67 80000070 00fa2023 RR.S
251:     CPU.S5.fa_update_rd:
          RW_from_Retire{I_66 pc:8000006c instr:80000a37 rd:20 commit:1 data:80000000}
Trace 251 66 8000006c 80000a37 RET.I
251: CPU.Retire_EX_Int: Normal
        EX_to_Retire{I_66 pc:8000006c instr:80000a37
                  data:80000000}
252: CPU.RW (same-cycle with dispatch):
252:     RW_from_Retire{I_66 pc:8000006c instr:80000a37 rd:20 commit:1 data:80000000}
Trace 252 66 8000006c 80000a37 RW
252: CPU.fwd: rs1 x20 <- WB val 80000000
252: CPU.Dispatch_DMem:
        RR_to_Retire{I_67 pc:80000070 instr:00fa2023 EXEC_TAG_DMEM
                 pred:80000074 epoch:2 has_rd:0 writes_mem:1
                 fallthru:80000074 halt_sentinel:0}
        rs1_val:80000000  rs2_val:65c00000  imm:00000000
        Mem_Req {I_67 pc:80000070 instr:00fa2023 STORE 4B addr:80000000 wdata:65c00000 epoch:2}
Trace 252 67 80000070 00fa2023 RR.D
253: CPU.Decode:
        Decode_to_RR{I_69 pc:80000078 instr:0407ce63 pred:8000007c epoch:2
            fallthru:8000007c OPCLASS_CONTROL has_{rs1,rs2,rd}:{1,1,0} writes_mem:0, imm:5c halt_sentinel:0}
        Mem_Rsp {MEM_RSP_OK addr:80000078 rdata:0407ce63 I_69 pc:80000078 instr:00000000 FETCH 4B}
Trace 253 69 80000078 0407ce63 D
253: CPU.Dispatch_Control:
        RR_to_Retire{I_68 pc:80000074 instr:06078063 EXEC_TAG_CONTROL
                 pred:80000078 epoch:2 has_rd:0 writes_mem:0
                 fallthru:80000078 halt_sentinel:0}
        RR_to_EX_Control{I_68 pc:80000074 instr:06078063 fallthru:80000078
                  rs1_val:65c00000  rs2_val:00000000  imm:00000060 }
Trace 253 68 80000074 06078063 RR.C
254: CPU.Fetch:
        Fetch_to_Decode{I_71 pc:80000080 pred:80000084 epoch:2 halt_sentinel:0}
        Mem_Req {I_71 pc:80000080 instr:xxxxxxxx FETCH 4B addr:80000080 epoch:2}
Trace 254 71 80000080 00000000 F
254: mkMems_Devices: for client CLIENT_DMEM
        Mem_Req {I_67 pc:80000070 instr:00fa2023 STORE 4B addr:80000000 wdata:65c00000 epoch:2}
        Mem_Rsp {MEM_RSP_OK addr:80000000 I_67 pc:80000070 instr:00fa2023 STORE 4B}
254: CPU.Decode:
        Decode_to_RR{I_70 pc:8000007c instr:60000537 pred:80000080 epoch:2
            fallthru:80000080 OPCLASS_INT has_{rs1,rs2,rd}:{0,0,1} writes_mem:0, imm:60000000 halt_sentinel:0}
        Mem_Rsp {MEM_RSP_OK addr:8000007c rdata:60000537 I_70 pc:8000007c instr:00000000 FETCH 4B}
Trace 254 70 8000007c 60000537 D
254: CPU.Dispatch_Control:
        RR_to_Retire{I_69 pc:80000078 instr:0407ce63 EXEC_TAG_CONTROL
                 pred:8000007c epoch:2 has_rd:0 writes_mem:0
                 fallthru:8000007c halt_sentinel:0}
        RR_to_EX_Control{I_69 pc:80000078 instr:0407ce63 fallthru:8000007c
                  rs1_val:65c00000  rs2_val:00000000  imm:0000005c }
Trace 254 69 80000078 0407ce63 RR.C
Trace 254 67 80000070 00fa2023 RET.D
254: CPU.Retire_EX_DMem: Normal
        Mem_Rsp {MEM_RSP_OK addr:80000000 I_67 pc:80000070 instr:00fa2023 STORE 4B}
255: CPU.EX_Control
        RR_to_EX_Control{I_68 pc:80000074 instr:06078063 fallthru:80000078
                  rs1_val:65c00000  rs2_val:00000000  imm:00000060 }
        EX_Control_to_Retire{I_68 pc:80000074 instr:06078063
                       next_pc:80000078  data:80000078}
Trace 255 68 80000074 06078063 EX.C
255: CPU.Dispatch_Int:
        RR_to_Retire{I_70 pc:8000007c instr:60000537 EXEC_TAG_INT
                 pred:80000080 epoch:2 has_rd:1 writes_mem:0
                 fallthru:80000080 halt_sentinel:0}
        RR_to_EX{I_70 pc:8000007c instr:60000537
             rs1_val:00000000  rs2_val:00000000  imm:60000000 }
Trace 255 70 8000007c 60000537 RR.I
256: CPU.EX_Control
        RR_to_EX_Control{I_69 pc:80000078 instr:0407ce63 fallthru:8000007c
                  rs1_val:65c00000  rs2_val:00000000  imm:0000005c }
        EX_Control_to_Retire{I_69 pc:80000078 instr:0407ce63
                       next_pc:8000007c  data:8000007c}
Trace 256 69 80000078 0407ce63 EX.C
256: CPU.Fetch:
        Fetch_to_Decode{I_72 pc:80000084 pred:80000088 epoch:2 halt_sentinel:0}
        Mem_Req {I_72 pc:80000084 instr:xxxxxxxx FETCH 4B addr:80000084 epoch:2}
Trace 256 72 80000084 00000000 F
256: CPU.Decode:
        Decode_to_RR{I_71 pc:80000080 instr:680005b7 pred:80000084 epoch:2
            fallthru:80000084 OPCLASS_INT has_{rs1,rs2,rd}:{0,0,1} writes_mem:0, imm:68000000 halt_sentinel:0}
        Mem_Rsp {MEM_RSP_OK addr:80000080 rdata:680005b7 I_71 pc:80000080 instr:00000000 FETCH 4B}
Trace 256 71 80000080 680005b7 D
Trace 256 68 80000074 06078063 RET.C
256: CPU.Retire_EX_Control: Normal
        EX_Control_to_Retire{I_68 pc:80000074 instr:06078063
                       next_pc:80000078  data:80000078}
257: CPU.Fetch:
        Fetch_to_Decode{I_73 pc:80000088 pred:8000008c epoch:2 halt_sentinel:0}
        Mem_Req {I_73 pc:80000088 instr:xxxxxxxx FETCH 4B addr:80000088 epoch:2}
Trace 257 73 80000088 00000000 F
257: CPU.Decode:
        Decode_to_RR{I_72 pc:80000084 instr:04a7c863 pred:80000088 epoch:2
            fallthru:80000088 OPCLASS_CONTROL has_{rs1,rs2,rd}:{1,1,0} writes_mem:0, imm:50 halt_sentinel:0}
        Mem_Rsp {MEM_RSP_OK addr:80000084 rdata:04a7c863 I_72 pc:80000084 instr:00000000 FETCH 4B}
Trace 257 72 80000084 04a7c863 D
fn_EX_IALU: LUI x10 <= 60000000
257: CPU.EX_Int
        RR_to_EX{I_70 pc:8000007c instr:60000537
             rs1_val:00000000  rs2_val:00000000  imm:60000000 }
        EX_to_Retire{I_70 pc:8000007c instr:60000537
                  data:60000000}
Trace 257 70 8000007c 60000537 EX.I
Trace 257 69 80000078 0407ce63 RET.C
257: CPU.Retire_EX_Control: Normal
        EX_Control_to_Retire{I_69 pc:80000078 instr:0407ce63
                       next_pc:8000007c  data:8000007c}
258: CPU.Fetch:
        Fetch_to_Decode{I_74 pc:8000008c pred:80000090 epoch:2 halt_sentinel:0}
        Mem_Req {I_74 pc:8000008c instr:xxxxxxxx FETCH 4B addr:8000008c epoch:2}
Trace 258 74 8000008c 00000000 F
258: CPU.Dispatch_Int:
        RR_to_Retire{I_71 pc:80000080 instr:680005b7 EXEC_TAG_INT
                 pred:80000084 epoch:2 has_rd:1 writes_mem:0
                 fallthru:80000084 halt_sentinel:0}
        RR_to_EX{I_71 pc:80000080 instr:680005b7
             rs1_val:00000000  rs2_val:00000000  imm:68000000 }
Trace 258 71 80000080 680005b7 RR.I
258:     CPU.S5.fa_update_rd:
          RW_from_Retire{I_70 pc:8000007c instr:60000537 rd:10 commit:1 data:60000000}
Trace 258 70 8000007c 60000537 RET.I
258: CPU.Retire_EX_Int: Normal
        EX_to_Retire{I_70 pc:8000007c instr:60000537
                  data:60000000}
259: CPU.Decode:
        Decode_to_RR{I_73 pc:80000088 instr:04b7d663 pred:8000008c epoch:2
            fallthru:8000008c OPCLASS_CONTROL has_{rs1,rs2,rd}:{1,1,0} writes_mem:0, imm:4c halt_sentinel:0}
        Mem_Rsp {MEM_RSP_OK addr:80000088 rdata:04b7d663 I_73 pc:80000088 instr:00000000 FETCH 4B}
Trace 259 73 80000088 04b7d663 D
259: CPU.RW (same-cycle with dispatch):
259:     RW_from_Retire{I_70 pc:8000007c instr:60000537 rd:10 commit:1 data:60000000}
Trace 259 70 8000007c 60000537 RW
259: CPU.fwd: rs2 x10 <- WB val 60000000
259: CPU.Dispatch_Control:
        RR_to_Retire{I_72 pc:80000084 instr:04a7c863 EXEC_TAG_CONTROL
                 pred:80000088 epoch:2 has_rd:0 writes_mem:0
                 fallthru:80000088 halt_sentinel:0}
        RR_to_EX_Control{I_72 pc:80000084 instr:04a7c863 fallthru:80000088
                  rs1_val:65c00000  rs2_val:60000000  imm:00000050 }
Trace 259 72 80000084 04a7c863 RR.C
260: CPU.Fetch:
        Fetch_to_Decode{I_75 pc:80000090 pred:80000094 epoch:2 halt_sentinel:0}
        Mem_Req {I_75 pc:80000090 instr:xxxxxxxx FETCH 4B addr:80000090 epoch:2}
Trace 260 75 80000090 00000000 F
260: CPU.Decode:
        Decode_to_RR{I_74 pc:8000008c instr:80000a37 pred:80000090 epoch:2
            fallthru:80000090 OPCLASS_INT has_{rs1,rs2,rd}:{0,0,1} writes_mem:0, imm:80000000 halt_sentinel:0}
        Mem_Rsp {MEM_RSP_OK addr:8000008c rdata:80000a37 I_74 pc:8000008c instr:00000000 FETCH 4B}
Trace 260 74 8000008c 80000a37 D
fn_EX_IALU: LUI x11 <= 68000000
260: CPU.EX_Int
        RR_to_EX{I_71 pc:80000080 instr:680005b7
             rs1_val:00000000  rs2_val:00000000  imm:68000000 }
        EX_to_Retire{I_71 pc:80000080 instr:680005b7
                  data:68000000}
Trace 260 71 80000080 680005b7 EX.I
261: CPU.EX_Control
        RR_to_EX_Control{I_72 pc:80000084 instr:04a7c863 fallthru:80000088
                  rs1_val:65c00000  rs2_val:60000000  imm:00000050 }
        EX_Control_to_Retire{I_72 pc:80000084 instr:04a7c863
                       next_pc:80000088  data:80000088}
Trace 261 72 80000084 04a7c863 EX.C
261: CPU.Fetch:
        Fetch_to_Decode{I_76 pc:80000094 pred:80000098 epoch:2 halt_sentinel:0}
        Mem_Req {I_76 pc:80000094 instr:xxxxxxxx FETCH 4B addr:80000094 epoch:2}
Trace 261 76 80000094 00000000 F
261: CPU.fwd: rs2 x11 <- EX_Int fwd val 68000000
261: CPU.Dispatch_Control:
        RR_to_Retire{I_73 pc:80000088 instr:04b7d663 EXEC_TAG_CONTROL
                 pred:8000008c epoch:2 has_rd:0 writes_mem:0
                 fallthru:8000008c halt_sentinel:0}
        RR_to_EX_Control{I_73 pc:80000088 instr:04b7d663 fallthru:8000008c
                  rs1_val:65c00000  rs2_val:68000000  imm:0000004c }
Trace 261 73 80000088 04b7d663 RR.C
261:     CPU.S5.fa_update_rd:
          RW_from_Retire{I_71 pc:80000080 instr:680005b7 rd:11 commit:1 data:68000000}
Trace 261 71 80000080 680005b7 RET.I
261: CPU.Retire_EX_Int: Normal
        EX_to_Retire{I_71 pc:80000080 instr:680005b7
                  data:68000000}
262: CPU.Decode:
        Decode_to_RR{I_75 pc:80000090 instr:04078263 pred:80000094 epoch:2
            fallthru:80000094 OPCLASS_CONTROL has_{rs1,rs2,rd}:{1,1,0} writes_mem:0, imm:44 halt_sentinel:0}
        Mem_Rsp {MEM_RSP_OK addr:80000090 rdata:04078263 I_75 pc:80000090 instr:00000000 FETCH 4B}
Trace 262 75 80000090 04078263 D
262: CPU.RW (same-cycle with dispatch):
262:     RW_from_Retire{I_71 pc:80000080 instr:680005b7 rd:11 commit:1 data:68000000}
Trace 262 71 80000080 680005b7 RW
262: CPU.Dispatch_Int:
        RR_to_Retire{I_74 pc:8000008c instr:80000a37 EXEC_TAG_INT
                 pred:80000090 epoch:2 has_rd:1 writes_mem:0
                 fallthru:80000090 halt_sentinel:0}
        RR_to_EX{I_74 pc:8000008c instr:80000a37
             rs1_val:00000000  rs2_val:00000000  imm:80000000 }
Trace 262 74 8000008c 80000a37 RR.I
Trace 262 72 80000084 04a7c863 RET.C
262: CPU.Retire_EX_Control: Normal
        EX_Control_to_Retire{I_72 pc:80000084 instr:04a7c863
                       next_pc:80000088  data:80000088}
263: CPU.EX_Control
        RR_to_EX_Control{I_73 pc:80000088 instr:04b7d663 fallthru:8000008c
                  rs1_val:65c00000  rs2_val:68000000  imm:0000004c }
        EX_Control_to_Retire{I_73 pc:80000088 instr:04b7d663
                       next_pc:8000008c  data:8000008c}
Trace 263 73 80000088 04b7d663 EX.C
263: CPU.Fetch:
        Fetch_to_Decode{I_77 pc:80000098 pred:8000009c epoch:2 halt_sentinel:0}
        Mem_Req {I_77 pc:80000098 instr:xxxxxxxx FETCH 4B addr:80000098 epoch:2}
Trace 263 77 80000098 00000000 F
263: CPU.Decode:
        Decode_to_RR{I_76 pc:80000094 instr:0407c063 pred:80000098 epoch:2
            fallthru:80000098 OPCLASS_CONTROL has_{rs1,rs2,rd}:{1,1,0} writes_mem:0, imm:40 halt_sentinel:0}
        Mem_Rsp {MEM_RSP_OK addr:80000094 rdata:0407c063 I_76 pc:80000094 instr:00000000 FETCH 4B}
Trace 263 76 80000094 0407c063 D
263: CPU.Dispatch_Control:
        RR_to_Retire{I_75 pc:80000090 instr:04078263 EXEC_TAG_CONTROL
                 pred:80000094 epoch:2 has_rd:0 writes_mem:0
                 fallthru:80000094 halt_sentinel:0}
        RR_to_EX_Control{I_75 pc:80000090 instr:04078263 fallthru:80000094
                  rs1_val:65c00000  rs2_val:00000000  imm:00000044 }
Trace 263 75 80000090 04078263 RR.C
264: CPU.Fetch:
        Fetch_to_Decode{I_78 pc:8000009c pred:800000a0 epoch:2 halt_sentinel:0}
        Mem_Req {I_78 pc:8000009c instr:xxxxxxxx FETCH 4B addr:8000009c epoch:2}
Trace 264 78 8000009c 00000000 F
264: CPU.Decode:
        Decode_to_RR{I_77 pc:80000098 instr:60000537 pred:8000009c epoch:2
            fallthru:8000009c OPCLASS_INT has_{rs1,rs2,rd}:{0,0,1} writes_mem:0, imm:60000000 halt_sentinel:0}
        Mem_Rsp {MEM_RSP_OK addr:80000098 rdata:60000537 I_77 pc:80000098 instr:00000000 FETCH 4B}
Trace 264 77 80000098 60000537 D
fn_EX_IALU: LUI x20 <= 80000000
264: CPU.EX_Int
        RR_to_EX{I_74 pc:8000008c instr:80000a37
             rs1_val:00000000  rs2_val:00000000  imm:80000000 }
        EX_to_Retire{I_74 pc:8000008c instr:80000a37
                  data:80000000}
Trace 264 74 8000008c 80000a37 EX.I
Trace 264 73 80000088 04b7d663 RET.C
264: CPU.Retire_EX_Control: Normal
        EX_Control_to_Retire{I_73 pc:80000088 instr:04b7d663
                       next_pc:8000008c  data:8000008c}
265: CPU.EX_Control
        RR_to_EX_Control{I_75 pc:80000090 instr:04078263 fallthru:80000094
                  rs1_val:65c00000  rs2_val:00000000  imm:00000044 }
        EX_Control_to_Retire{I_75 pc:80000090 instr:04078263
                       next_pc:80000094  data:80000094}
Trace 265 75 80000090 04078263 EX.C
265: CPU.Fetch:
        Fetch_to_Decode{I_79 pc:800000a0 pred:800000a4 epoch:2 halt_sentinel:0}
        Mem_Req {I_79 pc:800000a0 instr:xxxxxxxx FETCH 4B addr:800000a0 epoch:2}
Trace 265 79 800000a0 00000000 F
265: CPU.Dispatch_Control:
        RR_to_Retire{I_76 pc:80000094 instr:0407c063 EXEC_TAG_CONTROL
                 pred:80000098 epoch:2 has_rd:0 writes_mem:0
                 fallthru:80000098 halt_sentinel:0}
        RR_to_EX_Control{I_76 pc:80000094 instr:0407c063 fallthru:80000098
                  rs1_val:65c00000  rs2_val:00000000  imm:00000040 }
Trace 265 76 80000094 0407c063 RR.C
265:     CPU.S5.fa_update_rd:
          RW_from_Retire{I_74 pc:8000008c instr:80000a37 rd:20 commit:1 data:80000000}
Trace 265 74 8000008c 80000a37 RET.I
265: CPU.Retire_EX_Int: Normal
        EX_to_Retire{I_74 pc:8000008c instr:80000a37
                  data:80000000}
266: CPU.Decode:
        Decode_to_RR{I_78 pc:8000009c instr:680005b7 pred:800000a0 epoch:2
            fallthru:800000a0 OPCLASS_INT has_{rs1,rs2,rd}:{0,0,1} writes_mem:0, imm:68000000 halt_sentinel:0}
        Mem_Rsp {MEM_RSP_OK addr:8000009c rdata:680005b7 I_78 pc:8000009c instr:00000000 FETCH 4B}
Trace 266 78 8000009c 680005b7 D
266: CPU.RW (same-cycle with dispatch):
266:     RW_from_Retire{I_74 pc:8000008c instr:80000a37 rd:20 commit:1 data:80000000}
Trace 266 74 8000008c 80000a37 RW
266: CPU.Dispatch_Int:
        RR_to_Retire{I_77 pc:80000098 instr:60000537 EXEC_TAG_INT
                 pred:8000009c epoch:2 has_rd:1 writes_mem:0
                 fallthru:8000009c halt_sentinel:0}
        RR_to_EX{I_77 pc:80000098 instr:60000537
             rs1_val:00000000  rs2_val:00000000  imm:60000000 }
Trace 266 77 80000098 60000537 RR.I
Trace 266 75 80000090 04078263 RET.C
266: CPU.Retire_EX_Control: Normal
        EX_Control_to_Retire{I_75 pc:80000090 instr:04078263
                       next_pc:80000094  data:80000094}
267: CPU.EX_Control
        RR_to_EX_Control{I_76 pc:80000094 instr:0407c063 fallthru:80000098
                  rs1_val:65c00000  rs2_val:00000000  imm:00000040 }
        EX_Control_to_Retire{I_76 pc:80000094 instr:0407c063
                       next_pc:80000098  data:80000098}
Trace 267 76 80000094 0407c063 EX.C
267: CPU.Fetch:
        Fetch_to_Decode{I_80 pc:800000a4 pred:800000a8 epoch:2 halt_sentinel:0}
        Mem_Req {I_80 pc:800000a4 instr:xxxxxxxx FETCH 4B addr:800000a4 epoch:2}
Trace 267 80 800000a4 00000000 F
267: CPU.Decode:
        Decode_to_RR{I_79 pc:800000a0 instr:02a7ca63 pred:800000a4 epoch:2
            fallthru:800000a4 OPCLASS_CONTROL has_{rs1,rs2,rd}:{1,1,0} writes_mem:0, imm:34 halt_sentinel:0}
        Mem_Rsp {MEM_RSP_OK addr:800000a0 rdata:02a7ca63 I_79 pc:800000a0 instr:00000000 FETCH 4B}
Trace 267 79 800000a0 02a7ca63 D
267: CPU.Dispatch_Int:
        RR_to_Retire{I_78 pc:8000009c instr:680005b7 EXEC_TAG_INT
                 pred:800000a0 epoch:2 has_rd:1 writes_mem:0
                 fallthru:800000a0 halt_sentinel:0}
        RR_to_EX{I_78 pc:8000009c instr:680005b7
             rs1_val:00000000  rs2_val:00000000  imm:68000000 }
Trace 267 78 8000009c 680005b7 RR.I
268: CPU.Fetch:
        Fetch_to_Decode{I_81 pc:800000a8 pred:800000ac epoch:2 halt_sentinel:0}
        Mem_Req {I_81 pc:800000a8 instr:xxxxxxxx FETCH 4B addr:800000a8 epoch:2}
Trace 268 81 800000a8 00000000 F
268: CPU.Decode:
        Decode_to_RR{I_80 pc:800000a4 instr:02b7d863 pred:800000a8 epoch:2
            fallthru:800000a8 OPCLASS_CONTROL has_{rs1,rs2,rd}:{1,1,0} writes_mem:0, imm:30 halt_sentinel:0}
        Mem_Rsp {MEM_RSP_OK addr:800000a4 rdata:02b7d863 I_80 pc:800000a4 instr:00000000 FETCH 4B}
Trace 268 80 800000a4 02b7d863 D
fn_EX_IALU: LUI x10 <= 60000000
268: CPU.EX_Int
        RR_to_EX{I_77 pc:80000098 instr:60000537
             rs1_val:00000000  rs2_val:00000000  imm:60000000 }
        EX_to_Retire{I_77 pc:80000098 instr:60000537
                  data:60000000}
Trace 268 77 80000098 60000537 EX.I
Trace 268 76 80000094 0407c063 RET.C
268: CPU.Retire_EX_Control: Normal
        EX_Control_to_Retire{I_76 pc:80000094 instr:0407c063
                       next_pc:80000098  data:80000098}
269: CPU.Fetch:
        Fetch_to_Decode{I_82 pc:800000ac pred:800000b0 epoch:2 halt_sentinel:0}
        Mem_Req {I_82 pc:800000ac instr:xxxxxxxx FETCH 4B addr:800000ac epoch:2}
Trace 269 82 800000ac 00000000 F
fn_EX_IALU: LUI x11 <= 68000000
269: CPU.EX_Int
        RR_to_EX{I_78 pc:8000009c instr:680005b7
             rs1_val:00000000  rs2_val:00000000  imm:68000000 }
        EX_to_Retire{I_78 pc:8000009c instr:680005b7
                  data:68000000}
Trace 269 78 8000009c 680005b7 EX.I
269:     CPU.S5.fa_update_rd:
          RW_from_Retire{I_77 pc:80000098 instr:60000537 rd:10 commit:1 data:60000000}
Trace 269 77 80000098 60000537 RET.I
269: CPU.Retire_EX_Int: Normal
        EX_to_Retire{I_77 pc:80000098 instr:60000537
                  data:60000000}
270: CPU.RW (same-cycle with dispatch):
270:     RW_from_Retire{I_77 pc:80000098 instr:60000537 rd:10 commit:1 data:60000000}
Trace 270 77 80000098 60000537 RW
270: CPU.fwd: rs2 x10 <- WB val 60000000
270: CPU.Dispatch_Control:
        RR_to_Retire{I_79 pc:800000a0 instr:02a7ca63 EXEC_TAG_CONTROL
                 pred:800000a4 epoch:2 has_rd:0 writes_mem:0
                 fallthru:800000a4 halt_sentinel:0}
        RR_to_EX_Control{I_79 pc:800000a0 instr:02a7ca63 fallthru:800000a4
                  rs1_val:65c00000  rs2_val:60000000  imm:00000034 }
Trace 270 79 800000a0 02a7ca63 RR.C
270:     CPU.S5.fa_update_rd:
          RW_from_Retire{I_78 pc:8000009c instr:680005b7 rd:11 commit:1 data:68000000}
Trace 270 78 8000009c 680005b7 RET.I
270: CPU.Retire_EX_Int: Normal
        EX_to_Retire{I_78 pc:8000009c instr:680005b7
                  data:68000000}
271: CPU.Decode:
        Decode_to_RR{I_81 pc:800000a8 instr:0600000b pred:800000ac epoch:2
            fallthru:800000ac OPCLASS_POSIT has_{rs1,rs2,rd}:{0,0,0} writes_mem:0, imm:0 halt_sentinel:0}
        Mem_Rsp {MEM_RSP_OK addr:800000a8 rdata:0600000b I_81 pc:800000a8 instr:00000000 FETCH 4B}
Trace 271 81 800000a8 0600000b D
271: CPU.RW (same-cycle with dispatch):
271:     RW_from_Retire{I_78 pc:8000009c instr:680005b7 rd:11 commit:1 data:68000000}
Trace 271 78 8000009c 680005b7 RW
271: CPU.fwd: rs2 x11 <- WB val 68000000
271: CPU.Dispatch_Control:
        RR_to_Retire{I_80 pc:800000a4 instr:02b7d863 EXEC_TAG_CONTROL
                 pred:800000a8 epoch:2 has_rd:0 writes_mem:0
                 fallthru:800000a8 halt_sentinel:0}
        RR_to_EX_Control{I_80 pc:800000a4 instr:02b7d863 fallthru:800000a8
                  rs1_val:65c00000  rs2_val:68000000  imm:00000030 }
Trace 271 80 800000a4 02b7d863 RR.C
272: CPU.EX_Control
        RR_to_EX_Control{I_79 pc:800000a0 instr:02a7ca63 fallthru:800000a4
                  rs1_val:65c00000  rs2_val:60000000  imm:00000034 }
        EX_Control_to_Retire{I_79 pc:800000a0 instr:02a7ca63
                       next_pc:800000a4  data:800000a4}
Trace 272 79 800000a0 02a7ca63 EX.C
272: CPU.Fetch:
        Fetch_to_Decode{I_83 pc:800000b0 pred:800000b4 epoch:2 halt_sentinel:0}
        Mem_Req {I_83 pc:800000b0 instr:xxxxxxxx FETCH 4B addr:800000b0 epoch:2}
Trace 272 83 800000b0 00000000 F
272: CPU.Decode:
        Decode_to_RR{I_82 pc:800000ac instr:400000b7 pred:800000b0 epoch:2
            fallthru:800000b0 OPCLASS_INT has_{rs1,rs2,rd}:{0,0,1} writes_mem:0, imm:40000000 halt_sentinel:0}
        Mem_Rsp {MEM_RSP_OK addr:800000ac rdata:400000b7 I_82 pc:800000ac instr:00000000 FETCH 4B}
Trace 272 82 800000ac 400000b7 D
272: CPU.Dispatch_Int:
        RR_to_Retire{I_81 pc:800000a8 instr:0600000b EXEC_TAG_POSIT
                 pred:800000ac epoch:2 has_rd:0 writes_mem:0
                 fallthru:800000ac halt_sentinel:0}
        RR_to_EX{I_81 pc:800000a8 instr:0600000b
             rs1_val:00000000  rs2_val:00000000  imm:00000000 }
Trace 272 81 800000a8 0600000b RR.I
273: CPU.EX_Control
        RR_to_EX_Control{I_80 pc:800000a4 instr:02b7d863 fallthru:800000a8
                  rs1_val:65c00000  rs2_val:68000000  imm:00000030 }
        EX_Control_to_Retire{I_80 pc:800000a4 instr:02b7d863
                       next_pc:800000a8  data:800000a8}
Trace 273 80 800000a4 02b7d863 EX.C
273: CPU.Fetch:
        Fetch_to_Decode{I_84 pc:800000b4 pred:800000b8 epoch:2 halt_sentinel:0}
        Mem_Req {I_84 pc:800000b4 instr:xxxxxxxx FETCH 4B addr:800000b4 epoch:2}
Trace 273 84 800000b4 00000000 F
273: CPU.Decode:
        Decode_to_RR{I_83 pc:800000b0 instr:c0000137 pred:800000b4 epoch:2
            fallthru:800000b4 OPCLASS_INT has_{rs1,rs2,rd}:{0,0,1} writes_mem:0, imm:c0000000 halt_sentinel:0}
        Mem_Rsp {MEM_RSP_OK addr:800000b0 rdata:c0000137 I_83 pc:800000b0 instr:00000000 FETCH 4B}
Trace 273 83 800000b0 c0000137 D
273: CPU.Dispatch_Int:
        RR_to_Retire{I_82 pc:800000ac instr:400000b7 EXEC_TAG_INT
                 pred:800000b0 epoch:2 has_rd:1 writes_mem:0
                 fallthru:800000b0 halt_sentinel:0}
        RR_to_EX{I_82 pc:800000ac instr:400000b7
             rs1_val:00000000  rs2_val:00000000  imm:40000000 }
Trace 273 82 800000ac 400000b7 RR.I
Trace 273 79 800000a0 02a7ca63 RET.C
273: CPU.Retire_EX_Control: Normal
        EX_Control_to_Retire{I_79 pc:800000a0 instr:02a7ca63
                       next_pc:800000a4  data:800000a4}
274: CPU.Fetch:
        Fetch_to_Decode{I_85 pc:800000b8 pred:800000bc epoch:2 halt_sentinel:0}
        Mem_Req {I_85 pc:800000b8 instr:xxxxxxxx FETCH 4B addr:800000b8 epoch:2}
Trace 274 85 800000b8 00000000 F
274: CPU.Decode:
        Decode_to_RR{I_84 pc:800000b4 instr:480001b7 pred:800000b8 epoch:2
            fallthru:800000b8 OPCLASS_INT has_{rs1,rs2,rd}:{0,0,1} writes_mem:0, imm:48000000 halt_sentinel:0}
        Mem_Rsp {MEM_RSP_OK addr:800000b4 rdata:480001b7 I_84 pc:800000b4 instr:00000000 FETCH 4B}
Trace 274 84 800000b4 480001b7 D
274: CPU.Dispatch_Int:
        RR_to_Retire{I_83 pc:800000b0 instr:c0000137 EXEC_TAG_INT
                 pred:800000b4 epoch:2 has_rd:1 writes_mem:0
                 fallthru:800000b4 halt_sentinel:0}
        RR_to_EX{I_83 pc:800000b0 instr:c0000137
             rs1_val:00000000  rs2_val:00000000  imm:c0000000 }
Trace 274 83 800000b0 c0000137 RR.I
Trace 274 80 800000a4 02b7d863 RET.C
274: CPU.Retire_EX_Control: Normal
        EX_Control_to_Retire{I_80 pc:800000a4 instr:02b7d863
                       next_pc:800000a8  data:800000a8}
275: CPU.Fetch:
        Fetch_to_Decode{I_86 pc:800000bc pred:800000c0 epoch:2 halt_sentinel:0}
        Mem_Req {I_86 pc:800000bc instr:xxxxxxxx FETCH 4B addr:800000bc epoch:2}
Trace 275 86 800000bc 00000000 F
275: CPU.Decode:
        Decode_to_RR{I_85 pc:800000b8 instr:0030800b pred:800000bc epoch:2
            fallthru:800000bc OPCLASS_POSIT has_{rs1,rs2,rd}:{1,1,0} writes_mem:0, imm:0 halt_sentinel:0}
        Mem_Rsp {MEM_RSP_OK addr:800000b8 rdata:0030800b I_85 pc:800000b8 instr:00000000 FETCH 4B}
Trace 275 85 800000b8 0030800b D
fn_EX_IALU: LUI x1 <= 40000000
275: CPU.EX_Int
        RR_to_EX{I_82 pc:800000ac instr:400000b7
             rs1_val:00000000  rs2_val:00000000  imm:40000000 }
        EX_to_Retire{I_82 pc:800000ac instr:400000b7
                  data:40000000}
Trace 275 82 800000ac 400000b7 EX.I
276: CPU.Fetch:
        Fetch_to_Decode{I_87 pc:800000c0 pred:800000c4 epoch:2 halt_sentinel:0}
        Mem_Req {I_87 pc:800000c0 instr:xxxxxxxx FETCH 4B addr:800000c0 epoch:2}
Trace 276 87 800000c0 00000000 F
fn_EX_IALU: LUI x2 <= c0000000
276: CPU.EX_Int
        RR_to_EX{I_83 pc:800000b0 instr:c0000137
             rs1_val:00000000  rs2_val:00000000  imm:c0000000 }
        EX_to_Retire{I_83 pc:800000b0 instr:c0000137
                  data:c0000000}
Trace 276 83 800000b0 c0000137 EX.I
276: CPU.S5.rl_Retire_EX_Posit: instr 0600000b rd=00000000 exc=0
277: CPU.Dispatch_Int:
        RR_to_Retire{I_84 pc:800000b4 instr:480001b7 EXEC_TAG_INT
                 pred:800000b8 epoch:2 has_rd:1 writes_mem:0
                 fallthru:800000b8 halt_sentinel:0}
        RR_to_EX{I_84 pc:800000b4 instr:480001b7
             rs1_val:00000000  rs2_val:00000000  imm:48000000 }
Trace 277 84 800000b4 480001b7 RR.I
277:     CPU.S5.fa_update_rd:
          RW_from_Retire{I_82 pc:800000ac instr:400000b7 rd:1 commit:1 data:40000000}
Trace 277 82 800000ac 400000b7 RET.I
277: CPU.Retire_EX_Int: Normal
        EX_to_Retire{I_82 pc:800000ac instr:400000b7
                  data:40000000}
278: CPU.Decode:
        Decode_to_RR{I_86 pc:800000bc instr:0031000b pred:800000c0 epoch:2
            fallthru:800000c0 OPCLASS_POSIT has_{rs1,rs2,rd}:{1,1,0} writes_mem:0, imm:0 halt_sentinel:0}
        Mem_Rsp {MEM_RSP_OK addr:800000bc rdata:0031000b I_86 pc:800000bc instr:00000000 FETCH 4B}
Trace 278 86 800000bc 0031000b D
278: CPU.RW (during stall):
278:     RW_from_Retire{I_82 pc:800000ac instr:400000b7 rd:1 commit:1 data:40000000}
Trace 278 82 800000ac 400000b7 RW
278: CPU.rl_RR.stall: busy rd:0 rs1:0 rs2:1
        Decode_to_RR{I_85 pc:800000b8 instr:0030800b pred:800000bc epoch:2
            fallthru:800000bc OPCLASS_POSIT has_{rs1,rs2,rd}:{1,1,0} writes_mem:0, imm:0 halt_sentinel:0}
Trace 278 85 800000b8 0030800b RR.S
278:     CPU.S5.fa_update_rd:
          RW_from_Retire{I_83 pc:800000b0 instr:c0000137 rd:2 commit:1 data:c0000000}
Trace 278 83 800000b0 c0000137 RET.I
278: CPU.Retire_EX_Int: Normal
        EX_to_Retire{I_83 pc:800000b0 instr:c0000137
                  data:c0000000}
279: CPU.Fetch:
        Fetch_to_Decode{I_88 pc:800000c4 pred:800000c8 epoch:2 halt_sentinel:0}
        Mem_Req {I_88 pc:800000c4 instr:xxxxxxxx FETCH 4B addr:800000c4 epoch:2}
Trace 279 88 800000c4 00000000 F
fn_EX_IALU: LUI x3 <= 48000000
279: CPU.EX_Int
        RR_to_EX{I_84 pc:800000b4 instr:480001b7
             rs1_val:00000000  rs2_val:00000000  imm:48000000 }
        EX_to_Retire{I_84 pc:800000b4 instr:480001b7
                  data:48000000}
Trace 279 84 800000b4 480001b7 EX.I
280: CPU.RW (same-cycle with dispatch):
280:     RW_from_Retire{I_83 pc:800000b0 instr:c0000137 rd:2 commit:1 data:c0000000}
Trace 280 83 800000b0 c0000137 RW
280: CPU.fwd: rs2 x3 <- EX_Int fwd val 48000000
280: CPU.Dispatch_Int:
        RR_to_Retire{I_85 pc:800000b8 instr:0030800b EXEC_TAG_POSIT
                 pred:800000bc epoch:2 has_rd:0 writes_mem:0
                 fallthru:800000bc halt_sentinel:0}
        RR_to_EX{I_85 pc:800000b8 instr:0030800b
             rs1_val:40000000  rs2_val:48000000  imm:00000000 }
Trace 280 85 800000b8 0030800b RR.I
280:     CPU.S5.fa_update_rd:
          RW_from_Retire{I_84 pc:800000b4 instr:480001b7 rd:3 commit:1 data:48000000}
Trace 280 84 800000b4 480001b7 RET.I
280: CPU.Retire_EX_Int: Normal
        EX_to_Retire{I_84 pc:800000b4 instr:480001b7
                  data:48000000}
281: CPU.Decode:
        Decode_to_RR{I_87 pc:800000c0 instr:0400080b pred:800000c4 epoch:2
            fallthru:800000c4 OPCLASS_POSIT has_{rs1,rs2,rd}:{0,0,1} writes_mem:0, imm:0 halt_sentinel:0}
        Mem_Rsp {MEM_RSP_OK addr:800000c0 rdata:0400080b I_87 pc:800000c0 instr:00000000 FETCH 4B}
Trace 281 87 800000c0 0400080b D
281: CPU.RW (same-cycle with dispatch):
281:     RW_from_Retire{I_84 pc:800000b4 instr:480001b7 rd:3 commit:1 data:48000000}
Trace 281 84 800000b4 480001b7 RW
281: CPU.fwd: rs2 x3 <- WB val 48000000
281: CPU.Dispatch_Int:
        RR_to_Retire{I_86 pc:800000bc instr:0031000b EXEC_TAG_POSIT
                 pred:800000c0 epoch:2 has_rd:0 writes_mem:0
                 fallthru:800000c0 halt_sentinel:0}
        RR_to_EX{I_86 pc:800000bc instr:0031000b
             rs1_val:c0000000  rs2_val:48000000  imm:00000000 }
Trace 281 86 800000bc 0031000b RR.I
282: CPU.Fetch:
        Fetch_to_Decode{I_89 pc:800000c8 pred:800000cc epoch:2 halt_sentinel:0}
        Mem_Req {I_89 pc:800000c8 instr:xxxxxxxx FETCH 4B addr:800000c8 epoch:2}
Trace 282 89 800000c8 00000000 F
282: CPU.Decode:
        Decode_to_RR{I_88 pc:800000c4 instr:010a2223 pred:800000c8 epoch:2
            fallthru:800000c8 OPCLASS_MEM has_{rs1,rs2,rd}:{1,1,0} writes_mem:1, imm:4 halt_sentinel:0}
        Mem_Rsp {MEM_RSP_OK addr:800000c4 rdata:010a2223 I_88 pc:800000c4 instr:00000000 FETCH 4B}
Trace 282 88 800000c4 010a2223 D
282: CPU.Dispatch_Int:
        RR_to_Retire{I_87 pc:800000c0 instr:0400080b EXEC_TAG_POSIT
                 pred:800000c4 epoch:2 has_rd:1 writes_mem:0
                 fallthru:800000c4 halt_sentinel:0}
        RR_to_EX{I_87 pc:800000c0 instr:0400080b
             rs1_val:00000000  rs2_val:00000000  imm:00000000 }
Trace 282 87 800000c0 0400080b RR.I
283: CPU.Fetch:
        Fetch_to_Decode{I_90 pc:800000cc pred:800000d0 epoch:2 halt_sentinel:0}
        Mem_Req {I_90 pc:800000cc instr:xxxxxxxx FETCH 4B addr:800000cc epoch:2}
Trace 283 90 800000cc 00000000 F
283: CPU.Decode:
        Decode_to_RR{I_89 pc:800000c8 instr:00081663 pred:800000cc epoch:2
            fallthru:800000cc OPCLASS_CONTROL has_{rs1,rs2,rd}:{1,1,0} writes_mem:0, imm:c halt_sentinel:0}
        Mem_Rsp {MEM_RSP_OK addr:800000c8 rdata:00081663 I_89 pc:800000c8 instr:00000000 FETCH 4B}
Trace 283 89 800000c8 00081663 D
283: CPU.rl_RR.stall: busy rd:0 rs1:0 rs2:1
        Decode_to_RR{I_88 pc:800000c4 instr:010a2223 pred:800000c8 epoch:2
            fallthru:800000c8 OPCLASS_MEM has_{rs1,rs2,rd}:{1,1,0} writes_mem:1, imm:4 halt_sentinel:0}
Trace 283 88 800000c4 010a2223 RR.S
284: CPU.Fetch:
        Fetch_to_Decode{I_91 pc:800000d0 pred:800000d4 epoch:2 halt_sentinel:0}
        Mem_Req {I_91 pc:800000d0 instr:xxxxxxxx FETCH 4B addr:800000d0 epoch:2}
Trace 284 91 800000d0 00000000 F
284: CPU.rl_RR.stall: busy rd:0 rs1:0 rs2:1
        Decode_to_RR{I_88 pc:800000c4 instr:010a2223 pred:800000c8 epoch:2
            fallthru:800000c8 OPCLASS_MEM has_{rs1,rs2,rd}:{1,1,0} writes_mem:1, imm:4 halt_sentinel:0}
Trace 284 88 800000c4 010a2223 RR.S
284: CPU.S5.rl_Retire_EX_Posit: instr 0030800b rd=00000000 exc=0
285: CPU.rl_RR.stall: busy rd:0 rs1:0 rs2:1
        Decode_to_RR{I_88 pc:800000c4 instr:010a2223 pred:800000c8 epoch:2
            fallthru:800000c8 OPCLASS_MEM has_{rs1,rs2,rd}:{1,1,0} writes_mem:1, imm:4 halt_sentinel:0}
Trace 285 88 800000c4 010a2223 RR.S
285: CPU.S5.rl_Retire_EX_Posit: instr 0031000b rd=00000000 exc=0
286: CPU.rl_RR.stall: busy rd:0 rs1:0 rs2:1
        Decode_to_RR{I_88 pc:800000c4 instr:010a2223 pred:800000c8 epoch:2
            fallthru:800000c8 OPCLASS_MEM has_{rs1,rs2,rd}:{1,1,0} writes_mem:1, imm:4 halt_sentinel:0}
Trace 286 88 800000c4 010a2223 RR.S
287: CPU.rl_RR.stall: busy rd:0 rs1:0 rs2:1
        Decode_to_RR{I_88 pc:800000c4 instr:010a2223 pred:800000c8 epoch:2
            fallthru:800000c8 OPCLASS_MEM has_{rs1,rs2,rd}:{1,1,0} writes_mem:1, imm:4 halt_sentinel:0}
Trace 287 88 800000c4 010a2223 RR.S
288: CPU.rl_RR.stall: busy rd:0 rs1:0 rs2:1
        Decode_to_RR{I_88 pc:800000c4 instr:010a2223 pred:800000c8 epoch:2
            fallthru:800000c8 OPCLASS_MEM has_{rs1,rs2,rd}:{1,1,0} writes_mem:1, imm:4 halt_sentinel:0}
Trace 288 88 800000c4 010a2223 RR.S
289: CPU.rl_RR.stall: busy rd:0 rs1:0 rs2:1
        Decode_to_RR{I_88 pc:800000c4 instr:010a2223 pred:800000c8 epoch:2
            fallthru:800000c8 OPCLASS_MEM has_{rs1,rs2,rd}:{1,1,0} writes_mem:1, imm:4 halt_sentinel:0}
Trace 289 88 800000c4 010a2223 RR.S
290: CPU.rl_RR.stall: busy rd:0 rs1:0 rs2:1
        Decode_to_RR{I_88 pc:800000c4 instr:010a2223 pred:800000c8 epoch:2
            fallthru:800000c8 OPCLASS_MEM has_{rs1,rs2,rd}:{1,1,0} writes_mem:1, imm:4 halt_sentinel:0}
Trace 290 88 800000c4 010a2223 RR.S
291: CPU.rl_RR.stall: busy rd:0 rs1:0 rs2:1
        Decode_to_RR{I_88 pc:800000c4 instr:010a2223 pred:800000c8 epoch:2
            fallthru:800000c8 OPCLASS_MEM has_{rs1,rs2,rd}:{1,1,0} writes_mem:1, imm:4 halt_sentinel:0}
Trace 291 88 800000c4 010a2223 RR.S
292: CPU.rl_RR.stall: busy rd:0 rs1:0 rs2:1
        Decode_to_RR{I_88 pc:800000c4 instr:010a2223 pred:800000c8 epoch:2
            fallthru:800000c8 OPCLASS_MEM has_{rs1,rs2,rd}:{1,1,0} writes_mem:1, imm:4 halt_sentinel:0}
Trace 292 88 800000c4 010a2223 RR.S
293: CPU.rl_RR.stall: busy rd:0 rs1:0 rs2:1
        Decode_to_RR{I_88 pc:800000c4 instr:010a2223 pred:800000c8 epoch:2
            fallthru:800000c8 OPCLASS_MEM has_{rs1,rs2,rd}:{1,1,0} writes_mem:1, imm:4 halt_sentinel:0}
Trace 293 88 800000c4 010a2223 RR.S
294: CPU.rl_RR.stall: busy rd:0 rs1:0 rs2:1
        Decode_to_RR{I_88 pc:800000c4 instr:010a2223 pred:800000c8 epoch:2
            fallthru:800000c8 OPCLASS_MEM has_{rs1,rs2,rd}:{1,1,0} writes_mem:1, imm:4 halt_sentinel:0}
Trace 294 88 800000c4 010a2223 RR.S
295: CPU.rl_RR.stall: busy rd:0 rs1:0 rs2:1
        Decode_to_RR{I_88 pc:800000c4 instr:010a2223 pred:800000c8 epoch:2
            fallthru:800000c8 OPCLASS_MEM has_{rs1,rs2,rd}:{1,1,0} writes_mem:1, imm:4 halt_sentinel:0}
Trace 295 88 800000c4 010a2223 RR.S
296: CPU.rl_RR.stall: busy rd:0 rs1:0 rs2:1
        Decode_to_RR{I_88 pc:800000c4 instr:010a2223 pred:800000c8 epoch:2
            fallthru:800000c8 OPCLASS_MEM has_{rs1,rs2,rd}:{1,1,0} writes_mem:1, imm:4 halt_sentinel:0}
Trace 296 88 800000c4 010a2223 RR.S
297: CPU.rl_RR.stall: busy rd:0 rs1:0 rs2:1
        Decode_to_RR{I_88 pc:800000c4 instr:010a2223 pred:800000c8 epoch:2
            fallthru:800000c8 OPCLASS_MEM has_{rs1,rs2,rd}:{1,1,0} writes_mem:1, imm:4 halt_sentinel:0}
Trace 297 88 800000c4 010a2223 RR.S
298: CPU.rl_RR.stall: busy rd:0 rs1:0 rs2:1
        Decode_to_RR{I_88 pc:800000c4 instr:010a2223 pred:800000c8 epoch:2
            fallthru:800000c8 OPCLASS_MEM has_{rs1,rs2,rd}:{1,1,0} writes_mem:1, imm:4 halt_sentinel:0}
Trace 298 88 800000c4 010a2223 RR.S
299: CPU.rl_RR.stall: busy rd:0 rs1:0 rs2:1
        Decode_to_RR{I_88 pc:800000c4 instr:010a2223 pred:800000c8 epoch:2
            fallthru:800000c8 OPCLASS_MEM has_{rs1,rs2,rd}:{1,1,0} writes_mem:1, imm:4 halt_sentinel:0}
Trace 299 88 800000c4 010a2223 RR.S
300: CPU.rl_RR.stall: busy rd:0 rs1:0 rs2:1
        Decode_to_RR{I_88 pc:800000c4 instr:010a2223 pred:800000c8 epoch:2
            fallthru:800000c8 OPCLASS_MEM has_{rs1,rs2,rd}:{1,1,0} writes_mem:1, imm:4 halt_sentinel:0}
Trace 300 88 800000c4 010a2223 RR.S
301: CPU.rl_RR.stall: busy rd:0 rs1:0 rs2:1
        Decode_to_RR{I_88 pc:800000c4 instr:010a2223 pred:800000c8 epoch:2
            fallthru:800000c8 OPCLASS_MEM has_{rs1,rs2,rd}:{1,1,0} writes_mem:1, imm:4 halt_sentinel:0}
Trace 301 88 800000c4 010a2223 RR.S
302: CPU.rl_RR.stall: busy rd:0 rs1:0 rs2:1
        Decode_to_RR{I_88 pc:800000c4 instr:010a2223 pred:800000c8 epoch:2
            fallthru:800000c8 OPCLASS_MEM has_{rs1,rs2,rd}:{1,1,0} writes_mem:1, imm:4 halt_sentinel:0}
Trace 302 88 800000c4 010a2223 RR.S
303: CPU.rl_RR.stall: busy rd:0 rs1:0 rs2:1
        Decode_to_RR{I_88 pc:800000c4 instr:010a2223 pred:800000c8 epoch:2
            fallthru:800000c8 OPCLASS_MEM has_{rs1,rs2,rd}:{1,1,0} writes_mem:1, imm:4 halt_sentinel:0}
Trace 303 88 800000c4 010a2223 RR.S
304: CPU.rl_RR.stall: busy rd:0 rs1:0 rs2:1
        Decode_to_RR{I_88 pc:800000c4 instr:010a2223 pred:800000c8 epoch:2
            fallthru:800000c8 OPCLASS_MEM has_{rs1,rs2,rd}:{1,1,0} writes_mem:1, imm:4 halt_sentinel:0}
Trace 304 88 800000c4 010a2223 RR.S
305: CPU.rl_RR.stall: busy rd:0 rs1:0 rs2:1
        Decode_to_RR{I_88 pc:800000c4 instr:010a2223 pred:800000c8 epoch:2
            fallthru:800000c8 OPCLASS_MEM has_{rs1,rs2,rd}:{1,1,0} writes_mem:1, imm:4 halt_sentinel:0}
Trace 305 88 800000c4 010a2223 RR.S
306: CPU.rl_RR.stall: busy rd:0 rs1:0 rs2:1
        Decode_to_RR{I_88 pc:800000c4 instr:010a2223 pred:800000c8 epoch:2
            fallthru:800000c8 OPCLASS_MEM has_{rs1,rs2,rd}:{1,1,0} writes_mem:1, imm:4 halt_sentinel:0}
Trace 306 88 800000c4 010a2223 RR.S
307: CPU.rl_RR.stall: busy rd:0 rs1:0 rs2:1
        Decode_to_RR{I_88 pc:800000c4 instr:010a2223 pred:800000c8 epoch:2
            fallthru:800000c8 OPCLASS_MEM has_{rs1,rs2,rd}:{1,1,0} writes_mem:1, imm:4 halt_sentinel:0}
Trace 307 88 800000c4 010a2223 RR.S
308: CPU.rl_RR.stall: busy rd:0 rs1:0 rs2:1
        Decode_to_RR{I_88 pc:800000c4 instr:010a2223 pred:800000c8 epoch:2
            fallthru:800000c8 OPCLASS_MEM has_{rs1,rs2,rd}:{1,1,0} writes_mem:1, imm:4 halt_sentinel:0}
Trace 308 88 800000c4 010a2223 RR.S
309: CPU.rl_RR.stall: busy rd:0 rs1:0 rs2:1
        Decode_to_RR{I_88 pc:800000c4 instr:010a2223 pred:800000c8 epoch:2
            fallthru:800000c8 OPCLASS_MEM has_{rs1,rs2,rd}:{1,1,0} writes_mem:1, imm:4 halt_sentinel:0}
Trace 309 88 800000c4 010a2223 RR.S
310: CPU.rl_RR.stall: busy rd:0 rs1:0 rs2:1
        Decode_to_RR{I_88 pc:800000c4 instr:010a2223 pred:800000c8 epoch:2
            fallthru:800000c8 OPCLASS_MEM has_{rs1,rs2,rd}:{1,1,0} writes_mem:1, imm:4 halt_sentinel:0}
Trace 310 88 800000c4 010a2223 RR.S
311: CPU.rl_RR.stall: busy rd:0 rs1:0 rs2:1
        Decode_to_RR{I_88 pc:800000c4 instr:010a2223 pred:800000c8 epoch:2
            fallthru:800000c8 OPCLASS_MEM has_{rs1,rs2,rd}:{1,1,0} writes_mem:1, imm:4 halt_sentinel:0}
Trace 311 88 800000c4 010a2223 RR.S
311:     CPU.S5.fa_update_rd:
          RW_from_Retire{I_87 pc:800000c0 instr:0400080b rd:16 commit:1 data:00000000}
311: CPU.S5.rl_Retire_EX_Posit: instr 0400080b rd=00000000 exc=0
312: CPU.RW (same-cycle with dispatch):
312:     RW_from_Retire{I_87 pc:800000c0 instr:0400080b rd:16 commit:1 data:00000000}
Trace 312 87 800000c0 0400080b RW
312: CPU.fwd: rs2 x16 <- WB val 0
312: CPU.Dispatch_DMem:
        RR_to_Retire{I_88 pc:800000c4 instr:010a2223 EXEC_TAG_DMEM
                 pred:800000c8 epoch:2 has_rd:0 writes_mem:1
                 fallthru:800000c8 halt_sentinel:0}
        rs1_val:80000000  rs2_val:00000000  imm:00000004
        Mem_Req {I_88 pc:800000c4 instr:010a2223 STORE 4B addr:80000004 wdata:00000000 epoch:2}
Trace 312 88 800000c4 010a2223 RR.D
313: CPU.Decode:
        Decode_to_RR{I_90 pc:800000cc instr:00100e13 pred:800000d0 epoch:2
            fallthru:800000d0 OPCLASS_INT has_{rs1,rs2,rd}:{1,0,1} writes_mem:0, imm:1 halt_sentinel:0}
        Mem_Rsp {MEM_RSP_OK addr:800000cc rdata:00100e13 I_90 pc:800000cc instr:00000000 FETCH 4B}
Trace 313 90 800000cc 00100e13 D
313: CPU.Dispatch_Control:
        RR_to_Retire{I_89 pc:800000c8 instr:00081663 EXEC_TAG_CONTROL
                 pred:800000cc epoch:2 has_rd:0 writes_mem:0
                 fallthru:800000cc halt_sentinel:0}
        RR_to_EX_Control{I_89 pc:800000c8 instr:00081663 fallthru:800000cc
                  rs1_val:00000000  rs2_val:00000000  imm:0000000c }
Trace 313 89 800000c8 00081663 RR.C
314: CPU.Fetch:
        Fetch_to_Decode{I_92 pc:800000d4 pred:800000d8 epoch:2 halt_sentinel:0}
        Mem_Req {I_92 pc:800000d4 instr:xxxxxxxx FETCH 4B addr:800000d4 epoch:2}
Trace 314 92 800000d4 00000000 F
314: mkMems_Devices: for client CLIENT_DMEM
        Mem_Req {I_88 pc:800000c4 instr:010a2223 STORE 4B addr:80000004 wdata:00000000 epoch:2}
        Mem_Rsp {MEM_RSP_OK addr:80000004 I_88 pc:800000c4 instr:010a2223 STORE 4B}
314: CPU.Decode:
        Decode_to_RR{I_91 pc:800000d0 instr:0080006f pred:800000d4 epoch:2
            fallthru:800000d4 OPCLASS_CONTROL has_{rs1,rs2,rd}:{0,0,0} writes_mem:0, imm:8 halt_sentinel:0}
        Mem_Rsp {MEM_RSP_OK addr:800000d0 rdata:0080006f I_91 pc:800000d0 instr:00000000 FETCH 4B}
Trace 314 91 800000d0 0080006f D
314: CPU.Dispatch_Int:
        RR_to_Retire{I_90 pc:800000cc instr:00100e13 EXEC_TAG_INT
                 pred:800000d0 epoch:2 has_rd:1 writes_mem:0
                 fallthru:800000d0 halt_sentinel:0}
        RR_to_EX{I_90 pc:800000cc instr:00100e13
             rs1_val:00000000  rs2_val:40000000  imm:00000001 }
Trace 314 90 800000cc 00100e13 RR.I
Trace 314 88 800000c4 010a2223 RET.D
314: CPU.Retire_EX_DMem: Normal
        Mem_Rsp {MEM_RSP_OK addr:80000004 I_88 pc:800000c4 instr:010a2223 STORE 4B}
315: CPU.EX_Control
        RR_to_EX_Control{I_89 pc:800000c8 instr:00081663 fallthru:800000cc
                  rs1_val:00000000  rs2_val:00000000  imm:0000000c }
        EX_Control_to_Retire{I_89 pc:800000c8 instr:00081663
                       next_pc:800000cc  data:800000cc}
Trace 315 89 800000c8 00081663 EX.C
315: CPU.Dispatch_Control:
        RR_to_Retire{I_91 pc:800000d0 instr:0080006f EXEC_TAG_CONTROL
                 pred:800000d4 epoch:2 has_rd:0 writes_mem:0
                 fallthru:800000d4 halt_sentinel:0}
        RR_to_EX_Control{I_91 pc:800000d0 instr:0080006f fallthru:800000d4
                  rs1_val:00000000  rs2_val:00000000  imm:00000008 }
Trace 315 91 800000d0 0080006f RR.C
316: CPU.Fetch:
        Fetch_to_Decode{I_93 pc:800000d8 pred:800000dc epoch:2 halt_sentinel:0}
        Mem_Req {I_93 pc:800000d8 instr:xxxxxxxx FETCH 4B addr:800000d8 epoch:2}
Trace 316 93 800000d8 00000000 F
316: CPU.Decode:
        Decode_to_RR{I_92 pc:800000d4 instr:00300e13 pred:800000d8 epoch:2
            fallthru:800000d8 OPCLASS_INT has_{rs1,rs2,rd}:{1,0,1} writes_mem:0, imm:3 halt_sentinel:0}
        Mem_Rsp {MEM_RSP_OK addr:800000d4 rdata:00300e13 I_92 pc:800000d4 instr:00000000 FETCH 4B}
Trace 316 92 800000d4 00300e13 D
fn_EX_IALU: IALU x28 <= 1
316: CPU.EX_Int
        RR_to_EX{I_90 pc:800000cc instr:00100e13
             rs1_val:00000000  rs2_val:40000000  imm:00000001 }
        EX_to_Retire{I_90 pc:800000cc instr:00100e13
                  data:00000001}
Trace 316 90 800000cc 00100e13 EX.I
Trace 316 89 800000c8 00081663 RET.C
316: CPU.Retire_EX_Control: Normal
        EX_Control_to_Retire{I_89 pc:800000c8 instr:00081663
                       next_pc:800000cc  data:800000cc}
317: CPU.EX_Control
        RR_to_EX_Control{I_91 pc:800000d0 instr:0080006f fallthru:800000d4
                  rs1_val:00000000  rs2_val:00000000  imm:00000008 }
        EX_Control_to_Retire{I_91 pc:800000d0 instr:0080006f
                       next_pc:800000d8  data:800000d4}
Trace 317 91 800000d0 0080006f EX.C
317: CPU.Fetch:
        Fetch_to_Decode{I_94 pc:800000dc pred:800000e0 epoch:2 halt_sentinel:0}
        Mem_Req {I_94 pc:800000dc instr:xxxxxxxx FETCH 4B addr:800000dc epoch:2}
Trace 317 94 800000dc 00000000 F
317: CPU.Decode:
        Decode_to_RR{I_93 pc:800000d8 instr:6fff0f37 pred:800000dc epoch:2
            fallthru:800000dc OPCLASS_INT has_{rs1,rs2,rd}:{0,0,1} writes_mem:0, imm:6fff0000 halt_sentinel:0}
        Mem_Rsp {MEM_RSP_OK addr:800000d8 rdata:6fff0f37 I_93 pc:800000d8 instr:00000000 FETCH 4B}
Trace 317 93 800000d8 6fff0f37 D
317: CPU.rl_RR.stall: busy rd:1 rs1:0 rs2:0
        Decode_to_RR{I_92 pc:800000d4 instr:00300e13 pred:800000d8 epoch:2
            fallthru:800000d8 OPCLASS_INT has_{rs1,rs2,rd}:{1,0,1} writes_mem:0, imm:3 halt_sentinel:0}
Trace 317 92 800000d4 00300e13 RR.S
317:     CPU.S5.fa_update_rd:
          RW_from_Retire{I_90 pc:800000cc instr:00100e13 rd:28 commit:1 data:00000001}
Trace 317 90 800000cc 00100e13 RET.I
317: CPU.Retire_EX_Int: Normal
        EX_to_Retire{I_90 pc:800000cc instr:00100e13
                  data:00000001}
318: CPU.Fetch:
        Fetch_to_Decode{I_95 pc:800000e0 pred:800000e4 epoch:2 halt_sentinel:0}
        Mem_Req {I_95 pc:800000e0 instr:xxxxxxxx FETCH 4B addr:800000e0 epoch:2}
Trace 318 95 800000e0 00000000 F
318: CPU.RW (same-cycle with dispatch):
318:     RW_from_Retire{I_90 pc:800000cc instr:00100e13 rd:28 commit:1 data:00000001}
Trace 318 90 800000cc 00100e13 RW
318: CPU.Dispatch_Int:
        RR_to_Retire{I_92 pc:800000d4 instr:00300e13 EXEC_TAG_INT
                 pred:800000d8 epoch:2 has_rd:1 writes_mem:0
                 fallthru:800000d8 halt_sentinel:0}
        RR_to_EX{I_92 pc:800000d4 instr:00300e13
             rs1_val:00000000  rs2_val:48000000  imm:00000003 }
Trace 318 92 800000d4 00300e13 RR.I
318:     CPU.S5.fa_redirect_Fetch:
        Fetch_from_Retire{I_91 pc:800000d0 instr:0080006f next_pc:800000d8 next_epoch 3 haltreq 0}
Trace 318 91 800000d0 0080006f RET.C
318: CPU.Retire_EX_Control: Normal
        EX_Control_to_Retire{I_91 pc:800000d0 instr:0080006f
                       next_pc:800000d8  data:800000d4}
319: CPU.Redirect:
        Fetch_from_Retire{I_91 pc:800000d0 instr:0080006f next_pc:800000d8 next_epoch 3 haltreq 0}
Trace 319 91 800000d0 0080006f Redir
319: CPU.Decode:
        Decode_to_RR{I_94 pc:800000dc instr:01cf2823 pred:800000e0 epoch:2
            fallthru:800000e0 OPCLASS_MEM has_{rs1,rs2,rd}:{1,1,0} writes_mem:1, imm:10 halt_sentinel:0}
        Mem_Rsp {MEM_RSP_OK addr:800000dc rdata:01cf2823 I_94 pc:800000dc instr:00000000 FETCH 4B}
Trace 319 94 800000dc 01cf2823 D
319: CPU.Dispatch_Int:
        RR_to_Retire{I_93 pc:800000d8 instr:6fff0f37 EXEC_TAG_INT
                 pred:800000dc epoch:2 has_rd:1 writes_mem:0
                 fallthru:800000dc halt_sentinel:0}
        RR_to_EX{I_93 pc:800000d8 instr:6fff0f37
             rs1_val:00000000  rs2_val:00000000  imm:6fff0000 }
Trace 319 93 800000d8 6fff0f37 RR.I
320: CPU.Fetch:
        Fetch_to_Decode{I_96 pc:800000d8 pred:800000dc epoch:3 halt_sentinel:0}
        Mem_Req {I_96 pc:800000d8 instr:xxxxxxxx FETCH 4B addr:800000d8 epoch:3}
Trace 320 96 800000d8 00000000 F
320: CPU.Decode:
        Decode_to_RR{I_95 pc:800000e0 instr:0000006f pred:800000e4 epoch:2
            fallthru:800000e4 OPCLASS_CONTROL has_{rs1,rs2,rd}:{0,0,0} writes_mem:0, imm:0 halt_sentinel:0}
        Mem_Rsp {MEM_RSP_OK addr:800000e0 rdata:0000006f I_95 pc:800000e0 instr:00000000 FETCH 4B}
Trace 320 95 800000e0 0000006f D
fn_EX_IALU: IALU x28 <= 3
320: CPU.EX_Int
        RR_to_EX{I_92 pc:800000d4 instr:00300e13
             rs1_val:00000000  rs2_val:48000000  imm:00000003 }
        EX_to_Retire{I_92 pc:800000d4 instr:00300e13
                  data:00000003}
Trace 320 92 800000d4 00300e13 EX.I
321: CPU.Fetch:
        Fetch_to_Decode{I_97 pc:800000dc pred:800000e0 epoch:3 halt_sentinel:0}
        Mem_Req {I_97 pc:800000dc instr:xxxxxxxx FETCH 4B addr:800000dc epoch:3}
Trace 321 97 800000dc 00000000 F
fn_EX_IALU: LUI x30 <= 6fff0000
321: CPU.EX_Int
        RR_to_EX{I_93 pc:800000d8 instr:6fff0f37
             rs1_val:00000000  rs2_val:00000000  imm:6fff0000 }
        EX_to_Retire{I_93 pc:800000d8 instr:6fff0f37
                  data:6fff0000}
Trace 321 93 800000d8 6fff0f37 EX.I
321:     CPU.S5.fa_update_rd:(unreserve scoreboard)
          RW_from_Retire{I_92 pc:800000d4 instr:00300e13 rd:28 commit:0 data:xxxxxxxx}
Trace 321 92 800000d4 00300e13 RET.discard
321: CPU.S5.rl_Retire_wrong_path:
        RR_to_Retire{I_92 pc:800000d4 instr:00300e13 EXEC_TAG_INT
                 pred:800000d8 epoch:2 has_rd:1 writes_mem:0
                 fallthru:800000d8 halt_sentinel:0}
322: CPU.RW (same-cycle with dispatch):
322:     RW_from_Retire{I_92 pc:800000d4 instr:00300e13 rd:28 commit:0 data:00000000}
Trace 322 92 800000d4 00300e13 RW
322: CPU.fwd: rs1 x30 <- EX_Int fwd val 6fff0000
322: CPU.Dispatch_DMem:
        RR_to_Retire{I_94 pc:800000dc instr:01cf2823 EXEC_TAG_DMEM
                 pred:800000e0 epoch:2 has_rd:0 writes_mem:1
                 fallthru:800000e0 halt_sentinel:0}
        rs1_val:6fff0000  rs2_val:00000001  imm:00000010
        Mem_Req {I_94 pc:800000dc instr:01cf2823 STORE 4B addr:6fff0010 wdata:00000001 epoch:2}
Trace 322 94 800000dc 01cf2823 RR.D
322:     CPU.S5.fa_update_rd:(unreserve scoreboard)
          RW_from_Retire{I_93 pc:800000d8 instr:6fff0f37 rd:30 commit:0 data:xxxxxxxx}
Trace 322 93 800000d8 6fff0f37 RET.discard
322: CPU.S5.rl_Retire_wrong_path:
        RR_to_Retire{I_93 pc:800000d8 instr:6fff0f37 EXEC_TAG_INT
                 pred:800000dc epoch:2 has_rd:1 writes_mem:0
                 fallthru:800000dc halt_sentinel:0}
323: CPU.Decode:
        Decode_to_RR{I_96 pc:800000d8 instr:6fff0f37 pred:800000dc epoch:3
            fallthru:800000dc OPCLASS_INT has_{rs1,rs2,rd}:{0,0,1} writes_mem:0, imm:6fff0000 halt_sentinel:0}
        Mem_Rsp {MEM_RSP_OK addr:800000d8 rdata:6fff0f37 I_96 pc:800000d8 instr:00000000 FETCH 4B}
Trace 323 96 800000d8 6fff0f37 D
323: CPU.RW (same-cycle with dispatch):
323:     RW_from_Retire{I_93 pc:800000d8 instr:6fff0f37 rd:30 commit:0 data:00000000}
Trace 323 93 800000d8 6fff0f37 RW
323: CPU.Dispatch_Control:
        RR_to_Retire{I_95 pc:800000e0 instr:0000006f EXEC_TAG_CONTROL
                 pred:800000e4 epoch:2 has_rd:0 writes_mem:0
                 fallthru:800000e4 halt_sentinel:0}
        RR_to_EX_Control{I_95 pc:800000e0 instr:0000006f fallthru:800000e4
                  rs1_val:00000000  rs2_val:00000000  imm:00000000 }
Trace 323 95 800000e0 0000006f RR.C
324: CPU.Fetch:
        Fetch_to_Decode{I_98 pc:800000e0 pred:800000e4 epoch:3 halt_sentinel:0}
        Mem_Req {I_98 pc:800000e0 instr:xxxxxxxx FETCH 4B addr:800000e0 epoch:3}
Trace 324 98 800000e0 00000000 F
324: CPU.Decode:
        Decode_to_RR{I_97 pc:800000dc instr:01cf2823 pred:800000e0 epoch:3
            fallthru:800000e0 OPCLASS_MEM has_{rs1,rs2,rd}:{1,1,0} writes_mem:1, imm:10 halt_sentinel:0}
        Mem_Rsp {MEM_RSP_OK addr:800000dc rdata:01cf2823 I_97 pc:800000dc instr:00000000 FETCH 4B}
Trace 324 97 800000dc 01cf2823 D
324: CPU.Dispatch_Int:
        RR_to_Retire{I_96 pc:800000d8 instr:6fff0f37 EXEC_TAG_INT
                 pred:800000dc epoch:3 has_rd:1 writes_mem:0
                 fallthru:800000dc halt_sentinel:0}
        RR_to_EX{I_96 pc:800000d8 instr:6fff0f37
             rs1_val:00000000  rs2_val:00000000  imm:6fff0000 }
Trace 324 96 800000d8 6fff0f37 RR.I
Trace 324 94 800000dc 01cf2823 RET.discard
324: CPU.S5.rl_Retire_wrong_path:
        RR_to_Retire{I_94 pc:800000dc instr:01cf2823 EXEC_TAG_DMEM
                 pred:800000e0 epoch:2 has_rd:0 writes_mem:1
                 fallthru:800000e0 halt_sentinel:0}
325: CPU.EX_Control
        RR_to_EX_Control{I_95 pc:800000e0 instr:0000006f fallthru:800000e4
                  rs1_val:00000000  rs2_val:00000000  imm:00000000 }
        EX_Control_to_Retire{I_95 pc:800000e0 instr:0000006f
                       next_pc:800000e0  data:800000e4}
Trace 325 95 800000e0 0000006f EX.C
325: CPU.Fetch:
        Fetch_to_Decode{I_99 pc:800000e4 pred:800000e8 epoch:3 halt_sentinel:0}
        Mem_Req {I_99 pc:800000e4 instr:xxxxxxxx FETCH 4B addr:800000e4 epoch:3}
Trace 325 99 800000e4 00000000 F
325: CPU.Decode:
        Decode_to_RR{I_98 pc:800000e0 instr:0000006f pred:800000e4 epoch:3
            fallthru:800000e4 OPCLASS_CONTROL has_{rs1,rs2,rd}:{0,0,0} writes_mem:0, imm:0 halt_sentinel:0}
        Mem_Rsp {MEM_RSP_OK addr:800000e0 rdata:0000006f I_98 pc:800000e0 instr:00000000 FETCH 4B}
Trace 325 98 800000e0 0000006f D
325: CPU.rl_RR.stall: busy rd:0 rs1:1 rs2:0
        Decode_to_RR{I_97 pc:800000dc instr:01cf2823 pred:800000e0 epoch:3
            fallthru:800000e0 OPCLASS_MEM has_{rs1,rs2,rd}:{1,1,0} writes_mem:1, imm:10 halt_sentinel:0}
Trace 325 97 800000dc 01cf2823 RR.S
326: CPU.Fetch:
        Fetch_to_Decode{I_100 pc:800000e8 pred:800000ec epoch:3 halt_sentinel:0}
        Mem_Req {I_100 pc:800000e8 instr:xxxxxxxx FETCH 4B addr:800000e8 epoch:3}
Trace 326 100 800000e8 00000000 F
fn_EX_IALU: LUI x30 <= 6fff0000
326: CPU.EX_Int
        RR_to_EX{I_96 pc:800000d8 instr:6fff0f37
             rs1_val:00000000  rs2_val:00000000  imm:6fff0000 }
        EX_to_Retire{I_96 pc:800000d8 instr:6fff0f37
                  data:6fff0000}
Trace 326 96 800000d8 6fff0f37 EX.I
Trace 326 95 800000e0 0000006f RET.discard
326: CPU.S5.rl_Retire_wrong_path:
        RR_to_Retire{I_95 pc:800000e0 instr:0000006f EXEC_TAG_CONTROL
                 pred:800000e4 epoch:2 has_rd:0 writes_mem:0
                 fallthru:800000e4 halt_sentinel:0}
327: CPU.fwd: rs1 x30 <- EX_Int fwd val 6fff0000
327: CPU.Dispatch_DMem:
        RR_to_Retire{I_97 pc:800000dc instr:01cf2823 EXEC_TAG_DMEM
                 pred:800000e0 epoch:3 has_rd:0 writes_mem:1
                 fallthru:800000e0 halt_sentinel:0}
        rs1_val:6fff0000  rs2_val:00000001  imm:00000010
        Mem_Req {I_97 pc:800000dc instr:01cf2823 STORE 4B addr:6fff0010 wdata:00000001 epoch:3}
Trace 327 97 800000dc 01cf2823 RR.D
327:     CPU.S5.fa_update_rd:
          RW_from_Retire{I_96 pc:800000d8 instr:6fff0f37 rd:30 commit:1 data:6fff0000}
Trace 327 96 800000d8 6fff0f37 RET.I
327: CPU.Retire_EX_Int: Normal
        EX_to_Retire{I_96 pc:800000d8 instr:6fff0f37
                  data:6fff0000}
328: CPU.Decode:
        Decode_to_RR{I_99 pc:800000e4 instr:00000000 pred:800000e8 epoch:3
            fallthru:800000e8 ILLEGAL_INSTR tval:0 halt_sentinel:0}
        Mem_Rsp {MEM_RSP_OK addr:800000e4 rdata:00000000 I_99 pc:800000e4 instr:00000000 FETCH 4B}
Trace 328 99 800000e4 00000000 D
328: CPU.RW (same-cycle with dispatch):
328:     RW_from_Retire{I_96 pc:800000d8 instr:6fff0f37 rd:30 commit:1 data:6fff0000}
Trace 328 96 800000d8 6fff0f37 RW
328: CPU.Dispatch_Control:
        RR_to_Retire{I_98 pc:800000e0 instr:0000006f EXEC_TAG_CONTROL
                 pred:800000e4 epoch:3 has_rd:0 writes_mem:0
                 fallthru:800000e4 halt_sentinel:0}
        RR_to_EX_Control{I_98 pc:800000e0 instr:0000006f fallthru:800000e4
                  rs1_val:00000000  rs2_val:00000000  imm:00000000 }
Trace 328 98 800000e0 0000006f RR.C
329: CPU.Fetch:
        Fetch_to_Decode{I_101 pc:800000ec pred:800000f0 epoch:3 halt_sentinel:0}
        Mem_Req {I_101 pc:800000ec instr:xxxxxxxx FETCH 4B addr:800000ec epoch:3}
Trace 329 101 800000ec 00000000 F
