================================================================
Fife v0.90 2025-07-12: starting execution at PC 80000000
3: CPU.Fetch:
        Fetch_to_Decode{I_0 pc:80000000 pred:80000004 epoch:0 halt_sentinel:0}
        Mem_Req {I_0 pc:80000000 instr:xxxxxxxx FETCH 4B addr:80000000 epoch:0}
Trace 3 0 80000000 00000000 F
4: CPU.Fetch:
        Fetch_to_Decode{I_1 pc:80000004 pred:80000008 epoch:0 halt_sentinel:0}
        Mem_Req {I_1 pc:80000004 instr:xxxxxxxx FETCH 4B addr:80000004 epoch:0}
Trace 4 1 80000004 00000000 F
4: CPU.Decode:
        Decode_to_RR{I_0 pc:80000000 instr:00100093 pred:80000004 epoch:0
            fallthru:80000004 OPCLASS_INT has_{rs1,rs2,rd}:{1,0,1} writes_mem:0, imm:1 halt_sentinel:0}
        Mem_Rsp {MEM_RSP_OK addr:80000000 rdata:00100093 I_0 pc:80000000 instr:00000000 FETCH 4B}
Trace 4 0 80000000 00100093 D
5: CPU.Fetch:
        Fetch_to_Decode{I_2 pc:80000008 pred:8000000c epoch:0 halt_sentinel:0}
        Mem_Req {I_2 pc:80000008 instr:xxxxxxxx FETCH 4B addr:80000008 epoch:0}
Trace 5 2 80000008 00000000 F
5: CPU.Decode:
        Decode_to_RR{I_1 pc:80000004 instr:00008113 pred:80000008 epoch:0
            fallthru:80000008 OPCLASS_INT has_{rs1,rs2,rd}:{1,0,1} writes_mem:0, imm:0 halt_sentinel:0}
        Mem_Rsp {MEM_RSP_OK addr:80000004 rdata:00008113 I_1 pc:80000004 instr:00000000 FETCH 4B}
Trace 5 1 80000004 00008113 D
6: CPU.Fetch:
        Fetch_to_Decode{I_3 pc:8000000c pred:80000010 epoch:0 halt_sentinel:0}
        Mem_Req {I_3 pc:8000000c instr:xxxxxxxx FETCH 4B addr:8000000c epoch:0}
Trace 6 3 8000000c 00000000 F
33: CPU.Dispatch_Int:
        RR_to_Retire{I_0 pc:80000000 instr:00100093 EXEC_TAG_INT
                 pred:80000004 epoch:0 has_rd:1 writes_mem:0
                 fallthru:80000004 halt_sentinel:0}
        RR_to_EX{I_0 pc:80000000 instr:00100093
             rs1_val:00000000  rs2_val:00000000  imm:00000001 }
Trace 33 0 80000000 00100093 RR.I
34: CPU.Decode:
        Decode_to_RR{I_2 pc:80000008 instr:00010193 pred:8000000c epoch:0
            fallthru:8000000c OPCLASS_INT has_{rs1,rs2,rd}:{1,0,1} writes_mem:0, imm:0 halt_sentinel:0}
        Mem_Rsp {MEM_RSP_OK addr:80000008 rdata:00010193 I_2 pc:80000008 instr:00000000 FETCH 4B}
Trace 34 2 80000008 00010193 D
34: CPU.rl_RR.stall: busy rd:0 rs1:1 rs2:0
        Decode_to_RR{I_1 pc:80000004 instr:00008113 pred:80000008 epoch:0
            fallthru:80000008 OPCLASS_INT has_{rs1,rs2,rd}:{1,0,1} writes_mem:0, imm:0 halt_sentinel:0}
Trace 34 1 80000004 00008113 RR.S
35: CPU.Fetch:
        Fetch_to_Decode{I_4 pc:80000010 pred:80000014 epoch:0 halt_sentinel:0}
        Mem_Req {I_4 pc:80000010 instr:xxxxxxxx FETCH 4B addr:80000010 epoch:0}
Trace 35 4 80000010 00000000 F
fn_EX_IALU: IALU x1 <= 1
35: CPU.EX_Int
        RR_to_EX{I_0 pc:80000000 instr:00100093
             rs1_val:00000000  rs2_val:00000000  imm:00000001 }
        EX_to_Retire{I_0 pc:80000000 instr:00100093
                  data:00000001}
Trace 35 0 80000000 00100093 EX.I
36: CPU.fwd: rs1 x1 <- EX_Int fwd val 1
36: CPU.Dispatch_Int:
        RR_to_Retire{I_1 pc:80000004 instr:00008113 EXEC_TAG_INT
                 pred:80000008 epoch:0 has_rd:1 writes_mem:0
                 fallthru:80000008 halt_sentinel:0}
        RR_to_EX{I_1 pc:80000004 instr:00008113
             rs1_val:00000001  rs2_val:00000000  imm:00000000 }
Trace 36 1 80000004 00008113 RR.I
36:     CPU.S5.fa_update_rd:
          RW_from_Retire{I_0 pc:80000000 instr:00100093 rd:1 commit:1 data:00000001}
Trace 36 0 80000000 00100093 RET.I
36: CPU.Retire_EX_Int: Normal
        EX_to_Retire{I_0 pc:80000000 instr:00100093
                  data:00000001}
37: CPU.Decode:
        Decode_to_RR{I_3 pc:8000000c instr:00018213 pred:80000010 epoch:0
            fallthru:80000010 OPCLASS_INT has_{rs1,rs2,rd}:{1,0,1} writes_mem:0, imm:0 halt_sentinel:0}
        Mem_Rsp {MEM_RSP_OK addr:8000000c rdata:00018213 I_3 pc:8000000c instr:00000000 FETCH 4B}
Trace 37 3 8000000c 00018213 D
37: CPU.RW (during stall):
37:     RW_from_Retire{I_0 pc:80000000 instr:00100093 rd:1 commit:1 data:00000001}
Trace 37 0 80000000 00100093 RW
37: CPU.rl_RR.stall: busy rd:0 rs1:1 rs2:0
        Decode_to_RR{I_2 pc:80000008 instr:00010193 pred:8000000c epoch:0
            fallthru:8000000c OPCLASS_INT has_{rs1,rs2,rd}:{1,0,1} writes_mem:0, imm:0 halt_sentinel:0}
Trace 37 2 80000008 00010193 RR.S
38: CPU.Fetch:
        Fetch_to_Decode{I_5 pc:80000014 pred:80000018 epoch:0 halt_sentinel:0}
        Mem_Req {I_5 pc:80000014 instr:xxxxxxxx FETCH 4B addr:80000014 epoch:0}
Trace 38 5 80000014 00000000 F
fn_EX_IALU: IALU x2 <= 1
38: CPU.EX_Int
        RR_to_EX{I_1 pc:80000004 instr:00008113
             rs1_val:00000001  rs2_val:00000000  imm:00000000 }
        EX_to_Retire{I_1 pc:80000004 instr:00008113
                  data:00000001}
Trace 38 1 80000004 00008113 EX.I
39: CPU.fwd: rs1 x2 <- EX_Int fwd val 1
39: CPU.Dispatch_Int:
        RR_to_Retire{I_2 pc:80000008 instr:00010193 EXEC_TAG_INT
                 pred:8000000c epoch:0 has_rd:1 writes_mem:0
                 fallthru:8000000c halt_sentinel:0}
        RR_to_EX{I_2 pc:80000008 instr:00010193
             rs1_val:00000001  rs2_val:00000000  imm:00000000 }
Trace 39 2 80000008 00010193 RR.I
39:     CPU.S5.fa_update_rd:
          RW_from_Retire{I_1 pc:80000004 instr:00008113 rd:2 commit:1 data:00000001}
Trace 39 1 80000004 00008113 RET.I
39: CPU.Retire_EX_Int: Normal
        EX_to_Retire{I_1 pc:80000004 instr:00008113
                  data:00000001}
40: CPU.Decode:
        Decode_to_RR{I_4 pc:80000010 instr:00020293 pred:80000014 epoch:0
            fallthru:80000014 OPCLASS_INT has_{rs1,rs2,rd}:{1,0,1} writes_mem:0, imm:0 halt_sentinel:0}
        Mem_Rsp {MEM_RSP_OK addr:80000010 rdata:00020293 I_4 pc:80000010 instr:00000000 FETCH 4B}
Trace 40 4 80000010 00020293 D
40: CPU.RW (during stall):
40:     RW_from_Retire{I_1 pc:80000004 instr:00008113 rd:2 commit:1 data:00000001}
Trace 40 1 80000004 00008113 RW
40: CPU.rl_RR.stall: busy rd:0 rs1:1 rs2:0
        Decode_to_RR{I_3 pc:8000000c instr:00018213 pred:80000010 epoch:0
            fallthru:80000010 OPCLASS_INT has_{rs1,rs2,rd}:{1,0,1} writes_mem:0, imm:0 halt_sentinel:0}
Trace 40 3 8000000c 00018213 RR.S
41: CPU.Fetch:
        Fetch_to_Decode{I_6 pc:80000018 pred:8000001c epoch:0 halt_sentinel:0}
        Mem_Req {I_6 pc:80000018 instr:xxxxxxxx FETCH 4B addr:80000018 epoch:0}
Trace 41 6 80000018 00000000 F
fn_EX_IALU: IALU x3 <= 1
41: CPU.EX_Int
        RR_to_EX{I_2 pc:80000008 instr:00010193
             rs1_val:00000001  rs2_val:00000000  imm:00000000 }
        EX_to_Retire{I_2 pc:80000008 instr:00010193
                  data:00000001}
Trace 41 2 80000008 00010193 EX.I
42: CPU.fwd: rs1 x3 <- EX_Int fwd val 1
42: CPU.Dispatch_Int:
        RR_to_Retire{I_3 pc:8000000c instr:00018213 EXEC_TAG_INT
                 pred:80000010 epoch:0 has_rd:1 writes_mem:0
                 fallthru:80000010 halt_sentinel:0}
        RR_to_EX{I_3 pc:8000000c instr:00018213
             rs1_val:00000001  rs2_val:00000000  imm:00000000 }
Trace 42 3 8000000c 00018213 RR.I
42:     CPU.S5.fa_update_rd:
          RW_from_Retire{I_2 pc:80000008 instr:00010193 rd:3 commit:1 data:00000001}
Trace 42 2 80000008 00010193 RET.I
42: CPU.Retire_EX_Int: Normal
        EX_to_Retire{I_2 pc:80000008 instr:00010193
                  data:00000001}
43: CPU.Decode:
        Decode_to_RR{I_5 pc:80000014 instr:00028313 pred:80000018 epoch:0
            fallthru:80000018 OPCLASS_INT has_{rs1,rs2,rd}:{1,0,1} writes_mem:0, imm:0 halt_sentinel:0}
        Mem_Rsp {MEM_RSP_OK addr:80000014 rdata:00028313 I_5 pc:80000014 instr:00000000 FETCH 4B}
Trace 43 5 80000014 00028313 D
43: CPU.RW (during stall):
43:     RW_from_Retire{I_2 pc:80000008 instr:00010193 rd:3 commit:1 data:00000001}
Trace 43 2 80000008 00010193 RW
43: CPU.rl_RR.stall: busy rd:0 rs1:1 rs2:0
        Decode_to_RR{I_4 pc:80000010 instr:00020293 pred:80000014 epoch:0
            fallthru:80000014 OPCLASS_INT has_{rs1,rs2,rd}:{1,0,1} writes_mem:0, imm:0 halt_sentinel:0}
Trace 43 4 80000010 00020293 RR.S
44: CPU.Fetch:
        Fetch_to_Decode{I_7 pc:8000001c pred:80000020 epoch:0 halt_sentinel:0}
        Mem_Req {I_7 pc:8000001c instr:xxxxxxxx FETCH 4B addr:8000001c epoch:0}
Trace 44 7 8000001c 00000000 F
fn_EX_IALU: IALU x4 <= 1
44: CPU.EX_Int
        RR_to_EX{I_3 pc:8000000c instr:00018213
             rs1_val:00000001  rs2_val:00000000  imm:00000000 }
        EX_to_Retire{I_3 pc:8000000c instr:00018213
                  data:00000001}
Trace 44 3 8000000c 00018213 EX.I
45: CPU.fwd: rs1 x4 <- EX_Int fwd val 1
45: CPU.Dispatch_Int:
        RR_to_Retire{I_4 pc:80000010 instr:00020293 EXEC_TAG_INT
                 pred:80000014 epoch:0 has_rd:1 writes_mem:0
                 fallthru:80000014 halt_sentinel:0}
        RR_to_EX{I_4 pc:80000010 instr:00020293
             rs1_val:00000001  rs2_val:00000000  imm:00000000 }
Trace 45 4 80000010 00020293 RR.I
45:     CPU.S5.fa_update_rd:
          RW_from_Retire{I_3 pc:8000000c instr:00018213 rd:4 commit:1 data:00000001}
Trace 45 3 8000000c 00018213 RET.I
45: CPU.Retire_EX_Int: Normal
        EX_to_Retire{I_3 pc:8000000c instr:00018213
                  data:00000001}
46: CPU.Decode:
        Decode_to_RR{I_6 pc:80000018 instr:00030393 pred:8000001c epoch:0
            fallthru:8000001c OPCLASS_INT has_{rs1,rs2,rd}:{1,0,1} writes_mem:0, imm:0 halt_sentinel:0}
        Mem_Rsp {MEM_RSP_OK addr:80000018 rdata:00030393 I_6 pc:80000018 instr:00000000 FETCH 4B}
Trace 46 6 80000018 00030393 D
46: CPU.RW (during stall):
46:     RW_from_Retire{I_3 pc:8000000c instr:00018213 rd:4 commit:1 data:00000001}
Trace 46 3 8000000c 00018213 RW
46: CPU.rl_RR.stall: busy rd:0 rs1:1 rs2:0
        Decode_to_RR{I_5 pc:80000014 instr:00028313 pred:80000018 epoch:0
            fallthru:80000018 OPCLASS_INT has_{rs1,rs2,rd}:{1,0,1} writes_mem:0, imm:0 halt_sentinel:0}
Trace 46 5 80000014 00028313 RR.S
47: CPU.Fetch:
        Fetch_to_Decode{I_8 pc:80000020 pred:80000024 epoch:0 halt_sentinel:0}
        Mem_Req {I_8 pc:80000020 instr:xxxxxxxx FETCH 4B addr:80000020 epoch:0}
Trace 47 8 80000020 00000000 F
fn_EX_IALU: IALU x5 <= 1
47: CPU.EX_Int
        RR_to_EX{I_4 pc:80000010 instr:00020293
             rs1_val:00000001  rs2_val:00000000  imm:00000000 }
        EX_to_Retire{I_4 pc:80000010 instr:00020293
                  data:00000001}
Trace 47 4 80000010 00020293 EX.I
48: CPU.fwd: rs1 x5 <- EX_Int fwd val 1
48: CPU.Dispatch_Int:
        RR_to_Retire{I_5 pc:80000014 instr:00028313 EXEC_TAG_INT
                 pred:80000018 epoch:0 has_rd:1 writes_mem:0
                 fallthru:80000018 halt_sentinel:0}
        RR_to_EX{I_5 pc:80000014 instr:00028313
             rs1_val:00000001  rs2_val:00000000  imm:00000000 }
Trace 48 5 80000014 00028313 RR.I
48:     CPU.S5.fa_update_rd:
          RW_from_Retire{I_4 pc:80000010 instr:00020293 rd:5 commit:1 data:00000001}
Trace 48 4 80000010 00020293 RET.I
48: CPU.Retire_EX_Int: Normal
        EX_to_Retire{I_4 pc:80000010 instr:00020293
                  data:00000001}
49: CPU.Decode:
        Decode_to_RR{I_7 pc:8000001c instr:00038413 pred:80000020 epoch:0
            fallthru:80000020 OPCLASS_INT has_{rs1,rs2,rd}:{1,0,1} writes_mem:0, imm:0 halt_sentinel:0}
        Mem_Rsp {MEM_RSP_OK addr:8000001c rdata:00038413 I_7 pc:8000001c instr:00000000 FETCH 4B}
Trace 49 7 8000001c 00038413 D
49: CPU.RW (during stall):
49:     RW_from_Retire{I_4 pc:80000010 instr:00020293 rd:5 commit:1 data:00000001}
Trace 49 4 80000010 00020293 RW
49: CPU.rl_RR.stall: busy rd:0 rs1:1 rs2:0
        Decode_to_RR{I_6 pc:80000018 instr:00030393 pred:8000001c epoch:0
            fallthru:8000001c OPCLASS_INT has_{rs1,rs2,rd}:{1,0,1} writes_mem:0, imm:0 halt_sentinel:0}
Trace 49 6 80000018 00030393 RR.S
50: CPU.Fetch:
        Fetch_to_Decode{I_9 pc:80000024 pred:80000028 epoch:0 halt_sentinel:0}
        Mem_Req {I_9 pc:80000024 instr:xxxxxxxx FETCH 4B addr:80000024 epoch:0}
Trace 50 9 80000024 00000000 F
fn_EX_IALU: IALU x6 <= 1
50: CPU.EX_Int
        RR_to_EX{I_5 pc:80000014 instr:00028313
             rs1_val:00000001  rs2_val:00000000  imm:00000000 }
        EX_to_Retire{I_5 pc:80000014 instr:00028313
                  data:00000001}
Trace 50 5 80000014 00028313 EX.I
51: CPU.fwd: rs1 x6 <- EX_Int fwd val 1
51: CPU.Dispatch_Int:
        RR_to_Retire{I_6 pc:80000018 instr:00030393 EXEC_TAG_INT
                 pred:8000001c epoch:0 has_rd:1 writes_mem:0
                 fallthru:8000001c halt_sentinel:0}
        RR_to_EX{I_6 pc:80000018 instr:00030393
             rs1_val:00000001  rs2_val:00000000  imm:00000000 }
Trace 51 6 80000018 00030393 RR.I
51:     CPU.S5.fa_update_rd:
          RW_from_Retire{I_5 pc:80000014 instr:00028313 rd:6 commit:1 data:00000001}
Trace 51 5 80000014 00028313 RET.I
51: CPU.Retire_EX_Int: Normal
        EX_to_Retire{I_5 pc:80000014 instr:00028313
                  data:00000001}
52: CPU.Decode:
        Decode_to_RR{I_8 pc:80000020 instr:00040493 pred:80000024 epoch:0
            fallthru:80000024 OPCLASS_INT has_{rs1,rs2,rd}:{1,0,1} writes_mem:0, imm:0 halt_sentinel:0}
        Mem_Rsp {MEM_RSP_OK addr:80000020 rdata:00040493 I_8 pc:80000020 instr:00000000 FETCH 4B}
Trace 52 8 80000020 00040493 D
52: CPU.RW (during stall):
52:     RW_from_Retire{I_5 pc:80000014 instr:00028313 rd:6 commit:1 data:00000001}
Trace 52 5 80000014 00028313 RW
52: CPU.rl_RR.stall: busy rd:0 rs1:1 rs2:0
        Decode_to_RR{I_7 pc:8000001c instr:00038413 pred:80000020 epoch:0
            fallthru:80000020 OPCLASS_INT has_{rs1,rs2,rd}:{1,0,1} writes_mem:0, imm:0 halt_sentinel:0}
Trace 52 7 8000001c 00038413 RR.S
53: CPU.Fetch:
        Fetch_to_Decode{I_10 pc:80000028 pred:8000002c epoch:0 halt_sentinel:0}
        Mem_Req {I_10 pc:80000028 instr:xxxxxxxx FETCH 4B addr:80000028 epoch:0}
Trace 53 10 80000028 00000000 F
fn_EX_IALU: IALU x7 <= 1
53: CPU.EX_Int
        RR_to_EX{I_6 pc:80000018 instr:00030393
             rs1_val:00000001  rs2_val:00000000  imm:00000000 }
        EX_to_Retire{I_6 pc:80000018 instr:00030393
                  data:00000001}
Trace 53 6 80000018 00030393 EX.I
54: CPU.fwd: rs1 x7 <- EX_Int fwd val 1
54: CPU.Dispatch_Int:
        RR_to_Retire{I_7 pc:8000001c instr:00038413 EXEC_TAG_INT
                 pred:80000020 epoch:0 has_rd:1 writes_mem:0
                 fallthru:80000020 halt_sentinel:0}
        RR_to_EX{I_7 pc:8000001c instr:00038413
             rs1_val:00000001  rs2_val:00000000  imm:00000000 }
Trace 54 7 8000001c 00038413 RR.I
54:     CPU.S5.fa_update_rd:
          RW_from_Retire{I_6 pc:80000018 instr:00030393 rd:7 commit:1 data:00000001}
Trace 54 6 80000018 00030393 RET.I
54: CPU.Retire_EX_Int: Normal
        EX_to_Retire{I_6 pc:80000018 instr:00030393
                  data:00000001}
55: CPU.Decode:
        Decode_to_RR{I_9 pc:80000024 instr:00048513 pred:80000028 epoch:0
            fallthru:80000028 OPCLASS_INT has_{rs1,rs2,rd}:{1,0,1} writes_mem:0, imm:0 halt_sentinel:0}
        Mem_Rsp {MEM_RSP_OK addr:80000024 rdata:00048513 I_9 pc:80000024 instr:00000000 FETCH 4B}
Trace 55 9 80000024 00048513 D
55: CPU.RW (during stall):
55:     RW_from_Retire{I_6 pc:80000018 instr:00030393 rd:7 commit:1 data:00000001}
Trace 55 6 80000018 00030393 RW
55: CPU.rl_RR.stall: busy rd:0 rs1:1 rs2:0
        Decode_to_RR{I_8 pc:80000020 instr:00040493 pred:80000024 epoch:0
            fallthru:80000024 OPCLASS_INT has_{rs1,rs2,rd}:{1,0,1} writes_mem:0, imm:0 halt_sentinel:0}
Trace 55 8 80000020 00040493 RR.S
56: CPU.Fetch:
        Fetch_to_Decode{I_11 pc:8000002c pred:80000030 epoch:0 halt_sentinel:0}
        Mem_Req {I_11 pc:8000002c instr:xxxxxxxx FETCH 4B addr:8000002c epoch:0}
Trace 56 11 8000002c 00000000 F
fn_EX_IALU: IALU x8 <= 1
56: CPU.EX_Int
        RR_to_EX{I_7 pc:8000001c instr:00038413
             rs1_val:00000001  rs2_val:00000000  imm:00000000 }
        EX_to_Retire{I_7 pc:8000001c instr:00038413
                  data:00000001}
Trace 56 7 8000001c 00038413 EX.I
57: CPU.fwd: rs1 x8 <- EX_Int fwd val 1
57: CPU.Dispatch_Int:
        RR_to_Retire{I_8 pc:80000020 instr:00040493 EXEC_TAG_INT
                 pred:80000024 epoch:0 has_rd:1 writes_mem:0
                 fallthru:80000024 halt_sentinel:0}
        RR_to_EX{I_8 pc:80000020 instr:00040493
             rs1_val:00000001  rs2_val:00000000  imm:00000000 }
Trace 57 8 80000020 00040493 RR.I
57:     CPU.S5.fa_update_rd:
          RW_from_Retire{I_7 pc:8000001c instr:00038413 rd:8 commit:1 data:00000001}
Trace 57 7 8000001c 00038413 RET.I
57: CPU.Retire_EX_Int: Normal
        EX_to_Retire{I_7 pc:8000001c instr:00038413
                  data:00000001}
58: CPU.Decode:
        Decode_to_RR{I_10 pc:80000028 instr:00100a13 pred:8000002c epoch:0
            fallthru:8000002c OPCLASS_INT has_{rs1,rs2,rd}:{1,0,1} writes_mem:0, imm:1 halt_sentinel:0}
        Mem_Rsp {MEM_RSP_OK addr:80000028 rdata:00100a13 I_10 pc:80000028 instr:00000000 FETCH 4B}
Trace 58 10 80000028 00100a13 D
58: CPU.RW (during stall):
58:     RW_from_Retire{I_7 pc:8000001c instr:00038413 rd:8 commit:1 data:00000001}
Trace 58 7 8000001c 00038413 RW
58: CPU.rl_RR.stall: busy rd:0 rs1:1 rs2:0
        Decode_to_RR{I_9 pc:80000024 instr:00048513 pred:80000028 epoch:0
            fallthru:80000028 OPCLASS_INT has_{rs1,rs2,rd}:{1,0,1} writes_mem:0, imm:0 halt_sentinel:0}
Trace 58 9 80000024 00048513 RR.S
59: CPU.Fetch:
        Fetch_to_Decode{I_12 pc:80000030 pred:80000034 epoch:0 halt_sentinel:0}
        Mem_Req {I_12 pc:80000030 instr:xxxxxxxx FETCH 4B addr:80000030 epoch:0}
Trace 59 12 80000030 00000000 F
fn_EX_IALU: IALU x9 <= 1
59: CPU.EX_Int
        RR_to_EX{I_8 pc:80000020 instr:00040493
             rs1_val:00000001  rs2_val:00000000  imm:00000000 }
        EX_to_Retire{I_8 pc:80000020 instr:00040493
                  data:00000001}
Trace 59 8 80000020 00040493 EX.I
60: CPU.fwd: rs1 x9 <- EX_Int fwd val 1
60: CPU.Dispatch_Int:
        RR_to_Retire{I_9 pc:80000024 instr:00048513 EXEC_TAG_INT
                 pred:80000028 epoch:0 has_rd:1 writes_mem:0
                 fallthru:80000028 halt_sentinel:0}
        RR_to_EX{I_9 pc:80000024 instr:00048513
             rs1_val:00000001  rs2_val:00000000  imm:00000000 }
Trace 60 9 80000024 00048513 RR.I
60:     CPU.S5.fa_update_rd:
          RW_from_Retire{I_8 pc:80000020 instr:00040493 rd:9 commit:1 data:00000001}
Trace 60 8 80000020 00040493 RET.I
60: CPU.Retire_EX_Int: Normal
        EX_to_Retire{I_8 pc:80000020 instr:00040493
                  data:00000001}
61: CPU.Decode:
        Decode_to_RR{I_11 pc:8000002c instr:09451e63 pred:80000030 epoch:0
            fallthru:80000030 OPCLASS_CONTROL has_{rs1,rs2,rd}:{1,1,0} writes_mem:0, imm:9c halt_sentinel:0}
        Mem_Rsp {MEM_RSP_OK addr:8000002c rdata:09451e63 I_11 pc:8000002c instr:00000000 FETCH 4B}
Trace 61 11 8000002c 09451e63 D
61: CPU.RW (same-cycle with dispatch):
61:     RW_from_Retire{I_8 pc:80000020 instr:00040493 rd:9 commit:1 data:00000001}
Trace 61 8 80000020 00040493 RW
61: CPU.Dispatch_Int:
        RR_to_Retire{I_10 pc:80000028 instr:00100a13 EXEC_TAG_INT
                 pred:8000002c epoch:0 has_rd:1 writes_mem:0
                 fallthru:8000002c halt_sentinel:0}
        RR_to_EX{I_10 pc:80000028 instr:00100a13
             rs1_val:00000000  rs2_val:00000001  imm:00000001 }
Trace 61 10 80000028 00100a13 RR.I
62: CPU.Fetch:
        Fetch_to_Decode{I_13 pc:80000034 pred:80000038 epoch:0 halt_sentinel:0}
        Mem_Req {I_13 pc:80000034 instr:xxxxxxxx FETCH 4B addr:80000034 epoch:0}
Trace 62 13 80000034 00000000 F
62: CPU.Decode:
        Decode_to_RR{I_12 pc:80000030 instr:00000093 pred:80000034 epoch:0
            fallthru:80000034 OPCLASS_INT has_{rs1,rs2,rd}:{1,0,1} writes_mem:0, imm:0 halt_sentinel:0}
        Mem_Rsp {MEM_RSP_OK addr:80000030 rdata:00000093 I_12 pc:80000030 instr:00000000 FETCH 4B}
Trace 62 12 80000030 00000093 D
fn_EX_IALU: IALU x10 <= 1
62: CPU.EX_Int
        RR_to_EX{I_9 pc:80000024 instr:00048513
             rs1_val:00000001  rs2_val:00000000  imm:00000000 }
        EX_to_Retire{I_9 pc:80000024 instr:00048513
                  data:00000001}
Trace 62 9 80000024 00048513 EX.I
63: CPU.Fetch:
        Fetch_to_Decode{I_14 pc:80000038 pred:8000003c epoch:0 halt_sentinel:0}
        Mem_Req {I_14 pc:80000038 instr:xxxxxxxx FETCH 4B addr:80000038 epoch:0}
Trace 63 14 80000038 00000000 F
fn_EX_IALU: IALU x20 <= 1
63: CPU.EX_Int
        RR_to_EX{I_10 pc:80000028 instr:00100a13
             rs1_val:00000000  rs2_val:00000001  imm:00000001 }
        EX_to_Retire{I_10 pc:80000028 instr:00100a13
                  data:00000001}
Trace 63 10 80000028 00100a13 EX.I
63:     CPU.S5.fa_update_rd:
          RW_from_Retire{I_9 pc:80000024 instr:00048513 rd:10 commit:1 data:00000001}
Trace 63 9 80000024 00048513 RET.I
63: CPU.Retire_EX_Int: Normal
        EX_to_Retire{I_9 pc:80000024 instr:00048513
                  data:00000001}
64: CPU.RW (same-cycle with dispatch):
64:     RW_from_Retire{I_9 pc:80000024 instr:00048513 rd:10 commit:1 data:00000001}
Trace 64 9 80000024 00048513 RW
64: CPU.fwd: rs1 x10 <- WB val 1
64: CPU.fwd: rs2 x20 <- EX_Int fwd val 1
64: CPU.Dispatch_Control:
        RR_to_Retire{I_11 pc:8000002c instr:09451e63 EXEC_TAG_CONTROL
                 pred:80000030 epoch:0 has_rd:0 writes_mem:0
                 fallthru:80000030 halt_sentinel:0}
        RR_to_EX_Control{I_11 pc:8000002c instr:09451e63 fallthru:80000030
                  rs1_val:00000001  rs2_val:00000001  imm:0000009c }
Trace 64 11 8000002c 09451e63 RR.C
64:     CPU.S5.fa_update_rd:
          RW_from_Retire{I_10 pc:80000028 instr:00100a13 rd:20 commit:1 data:00000001}
Trace 64 10 80000028 00100a13 RET.I
64: CPU.Retire_EX_Int: Normal
        EX_to_Retire{I_10 pc:80000028 instr:00100a13
                  data:00000001}
65: CPU.Decode:
        Decode_to_RR{I_13 pc:80000034 instr:00108093 pred:80000038 epoch:0
            fallthru:80000038 OPCLASS_INT has_{rs1,rs2,rd}:{1,0,1} writes_mem:0, imm:1 halt_sentinel:0}
        Mem_Rsp {MEM_RSP_OK addr:80000034 rdata:00108093 I_13 pc:80000034 instr:00000000 FETCH 4B}
Trace 65 13 80000034 00108093 D
65: CPU.RW (same-cycle with dispatch):
65:     RW_from_Retire{I_10 pc:80000028 instr:00100a13 rd:20 commit:1 data:00000001}
Trace 65 10 80000028 00100a13 RW
65: CPU.Dispatch_Int:
        RR_to_Retire{I_12 pc:80000030 instr:00000093 EXEC_TAG_INT
                 pred:80000034 epoch:0 has_rd:1 writes_mem:0
                 fallthru:80000034 halt_sentinel:0}
        RR_to_EX{I_12 pc:80000030 instr:00000093
             rs1_val:00000000  rs2_val:00000000  imm:00000000 }
Trace 65 12 80000030 00000093 RR.I
66: CPU.EX_Control
        RR_to_EX_Control{I_11 pc:8000002c instr:09451e63 fallthru:80000030
                  rs1_val:00000001  rs2_val:00000001  imm:0000009c }
        EX_Control_to_Retire{I_11 pc:8000002c instr:09451e63
                       next_pc:80000030  data:80000030}
Trace 66 11 8000002c 09451e63 EX.C
66: CPU.Fetch:
        Fetch_to_Decode{I_15 pc:8000003c pred:80000040 epoch:0 halt_sentinel:0}
        Mem_Req {I_15 pc:8000003c instr:xxxxxxxx FETCH 4B addr:8000003c epoch:0}
Trace 66 15 8000003c 00000000 F
66: CPU.Decode:
        Decode_to_RR{I_14 pc:80000038 instr:00108093 pred:8000003c epoch:0
            fallthru:8000003c OPCLASS_INT has_{rs1,rs2,rd}:{1,0,1} writes_mem:0, imm:1 halt_sentinel:0}
        Mem_Rsp {MEM_RSP_OK addr:80000038 rdata:00108093 I_14 pc:80000038 instr:00000000 FETCH 4B}
Trace 66 14 80000038 00108093 D
66: CPU.rl_RR.stall: busy rd:1 rs1:1 rs2:0
        Decode_to_RR{I_13 pc:80000034 instr:00108093 pred:80000038 epoch:0
            fallthru:80000038 OPCLASS_INT has_{rs1,rs2,rd}:{1,0,1} writes_mem:0, imm:1 halt_sentinel:0}
Trace 66 13 80000034 00108093 RR.S
67: CPU.Fetch:
        Fetch_to_Decode{I_16 pc:80000040 pred:80000044 epoch:0 halt_sentinel:0}
        Mem_Req {I_16 pc:80000040 instr:xxxxxxxx FETCH 4B addr:80000040 epoch:0}
Trace 67 16 80000040 00000000 F
fn_EX_IALU: IALU x1 <= 0
67: CPU.EX_Int
        RR_to_EX{I_12 pc:80000030 instr:00000093
             rs1_val:00000000  rs2_val:00000000  imm:00000000 }
        EX_to_Retire{I_12 pc:80000030 instr:00000093
                  data:00000000}
Trace 67 12 80000030 00000093 EX.I
Trace 67 11 8000002c 09451e63 RET.C
67: CPU.Retire_EX_Control: Normal
        EX_Control_to_Retire{I_11 pc:8000002c instr:09451e63
                       next_pc:80000030  data:80000030}
68: CPU.rl_RR.stall: busy rd:1 rs1:0 rs2:0
        Decode_to_RR{I_13 pc:80000034 instr:00108093 pred:80000038 epoch:0
            fallthru:80000038 OPCLASS_INT has_{rs1,rs2,rd}:{1,0,1} writes_mem:0, imm:1 halt_sentinel:0}
Trace 68 13 80000034 00108093 RR.S
68:     CPU.S5.fa_update_rd:
          RW_from_Retire{I_12 pc:80000030 instr:00000093 rd:1 commit:1 data:00000000}
Trace 68 12 80000030 00000093 RET.I
68: CPU.Retire_EX_Int: Normal
        EX_to_Retire{I_12 pc:80000030 instr:00000093
                  data:00000000}
69: CPU.RW (same-cycle with dispatch):
69:     RW_from_Retire{I_12 pc:80000030 instr:00000093 rd:1 commit:1 data:00000000}
Trace 69 12 80000030 00000093 RW
69: CPU.fwd: rs1 x1 <- WB val 0
69: CPU.Dispatch_Int:
        RR_to_Retire{I_13 pc:80000034 instr:00108093 EXEC_TAG_INT
                 pred:80000038 epoch:0 has_rd:1 writes_mem:0
                 fallthru:80000038 halt_sentinel:0}
        RR_to_EX{I_13 pc:80000034 instr:00108093
             rs1_val:00000000  rs2_val:00000001  imm:00000001 }
Trace 69 13 80000034 00108093 RR.I
70: CPU.Decode:
        Decode_to_RR{I_15 pc:8000003c instr:00108093 pred:80000040 epoch:0
            fallthru:80000040 OPCLASS_INT has_{rs1,rs2,rd}:{1,0,1} writes_mem:0, imm:1 halt_sentinel:0}
        Mem_Rsp {MEM_RSP_OK addr:8000003c rdata:00108093 I_15 pc:8000003c instr:00000000 FETCH 4B}
Trace 70 15 8000003c 00108093 D
70: CPU.rl_RR.stall: busy rd:1 rs1:1 rs2:0
        Decode_to_RR{I_14 pc:80000038 instr:00108093 pred:8000003c epoch:0
            fallthru:8000003c OPCLASS_INT has_{rs1,rs2,rd}:{1,0,1} writes_mem:0, imm:1 halt_sentinel:0}
Trace 70 14 80000038 00108093 RR.S
71: CPU.Fetch:
        Fetch_to_Decode{I_17 pc:80000044 pred:80000048 epoch:0 halt_sentinel:0}
        Mem_Req {I_17 pc:80000044 instr:xxxxxxxx FETCH 4B addr:80000044 epoch:0}
Trace 71 17 80000044 00000000 F
fn_EX_IALU: IALU x1 <= 1
71: CPU.EX_Int
        RR_to_EX{I_13 pc:80000034 instr:00108093
             rs1_val:00000000  rs2_val:00000001  imm:00000001 }
        EX_to_Retire{I_13 pc:80000034 instr:00108093
                  data:00000001}
Trace 71 13 80000034 00108093 EX.I
72: CPU.rl_RR.stall: busy rd:1 rs1:0 rs2:0
        Decode_to_RR{I_14 pc:80000038 instr:00108093 pred:8000003c epoch:0
            fallthru:8000003c OPCLASS_INT has_{rs1,rs2,rd}:{1,0,1} writes_mem:0, imm:1 halt_sentinel:0}
Trace 72 14 80000038 00108093 RR.S
72:     CPU.S5.fa_update_rd:
          RW_from_Retire{I_13 pc:80000034 instr:00108093 rd:1 commit:1 data:00000001}
Trace 72 13 80000034 00108093 RET.I
72: CPU.Retire_EX_Int: Normal
        EX_to_Retire{I_13 pc:80000034 instr:00108093
                  data:00000001}
73: CPU.RW (same-cycle with dispatch):
73:     RW_from_Retire{I_13 pc:80000034 instr:00108093 rd:1 commit:1 data:00000001}
Trace 73 13 80000034 00108093 RW
73: CPU.fwd: rs1 x1 <- WB val 1
73: CPU.Dispatch_Int:
        RR_to_Retire{I_14 pc:80000038 instr:00108093 EXEC_TAG_INT
                 pred:8000003c epoch:0 has_rd:1 writes_mem:0
                 fallthru:8000003c halt_sentinel:0}
        RR_to_EX{I_14 pc:80000038 instr:00108093
             rs1_val:00000001  rs2_val:00000000  imm:00000001 }
Trace 73 14 80000038 00108093 RR.I
74: CPU.Decode:
        Decode_to_RR{I_16 pc:80000040 instr:00108093 pred:80000044 epoch:0
            fallthru:80000044 OPCLASS_INT has_{rs1,rs2,rd}:{1,0,1} writes_mem:0, imm:1 halt_sentinel:0}
        Mem_Rsp {MEM_RSP_OK addr:80000040 rdata:00108093 I_16 pc:80000040 instr:00000000 FETCH 4B}
Trace 74 16 80000040 00108093 D
74: CPU.rl_RR.stall: busy rd:1 rs1:1 rs2:0
        Decode_to_RR{I_15 pc:8000003c instr:00108093 pred:80000040 epoch:0
            fallthru:80000040 OPCLASS_INT has_{rs1,rs2,rd}:{1,0,1} writes_mem:0, imm:1 halt_sentinel:0}
Trace 74 15 8000003c 00108093 RR.S
75: CPU.Fetch:
        Fetch_to_Decode{I_18 pc:80000048 pred:8000004c epoch:0 halt_sentinel:0}
        Mem_Req {I_18 pc:80000048 instr:xxxxxxxx FETCH 4B addr:80000048 epoch:0}
Trace 75 18 80000048 00000000 F
fn_EX_IALU: IALU x1 <= 2
75: CPU.EX_Int
        RR_to_EX{I_14 pc:80000038 instr:00108093
             rs1_val:00000001  rs2_val:00000000  imm:00000001 }
        EX_to_Retire{I_14 pc:80000038 instr:00108093
                  data:00000002}
Trace 75 14 80000038 00108093 EX.I
76: CPU.rl_RR.stall: busy rd:1 rs1:0 rs2:0
        Decode_to_RR{I_15 pc:8000003c instr:00108093 pred:80000040 epoch:0
            fallthru:80000040 OPCLASS_INT has_{rs1,rs2,rd}:{1,0,1} writes_mem:0, imm:1 halt_sentinel:0}
Trace 76 15 8000003c 00108093 RR.S
76:     CPU.S5.fa_update_rd:
          RW_from_Retire{I_14 pc:80000038 instr:00108093 rd:1 commit:1 data:00000002}
Trace 76 14 80000038 00108093 RET.I
76: CPU.Retire_EX_Int: Normal
        EX_to_Retire{I_14 pc:80000038 instr:00108093
                  data:00000002}
77: CPU.RW (same-cycle with dispatch):
77:     RW_from_Retire{I_14 pc:80000038 instr:00108093 rd:1 commit:1 data:00000002}
Trace 77 14 80000038 00108093 RW
77: CPU.fwd: rs1 x1 <- WB val 2
77: CPU.Dispatch_Int:
        RR_to_Retire{I_15 pc:8000003c instr:00108093 EXEC_TAG_INT
                 pred:80000040 epoch:0 has_rd:1 writes_mem:0
                 fallthru:80000040 halt_sentinel:0}
        RR_to_EX{I_15 pc:8000003c instr:00108093
             rs1_val:00000002  rs2_val:00000001  imm:00000001 }
Trace 77 15 8000003c 00108093 RR.I
78: CPU.Decode:
        Decode_to_RR{I_17 pc:80000044 instr:00108093 pred:80000048 epoch:0
            fallthru:80000048 OPCLASS_INT has_{rs1,rs2,rd}:{1,0,1} writes_mem:0, imm:1 halt_sentinel:0}
        Mem_Rsp {MEM_RSP_OK addr:80000044 rdata:00108093 I_17 pc:80000044 instr:00000000 FETCH 4B}
Trace 78 17 80000044 00108093 D
78: CPU.rl_RR.stall: busy rd:1 rs1:1 rs2:0
        Decode_to_RR{I_16 pc:80000040 instr:00108093 pred:80000044 epoch:0
            fallthru:80000044 OPCLASS_INT has_{rs1,rs2,rd}:{1,0,1} writes_mem:0, imm:1 halt_sentinel:0}
Trace 78 16 80000040 00108093 RR.S
79: CPU.Fetch:
        Fetch_to_Decode{I_19 pc:8000004c pred:80000050 epoch:0 halt_sentinel:0}
        Mem_Req {I_19 pc:8000004c instr:xxxxxxxx FETCH 4B addr:8000004c epoch:0}
Trace 79 19 8000004c 00000000 F
fn_EX_IALU: IALU x1 <= 3
79: CPU.EX_Int
        RR_to_EX{I_15 pc:8000003c instr:00108093
             rs1_val:00000002  rs2_val:00000001  imm:00000001 }
        EX_to_Retire{I_15 pc:8000003c instr:00108093
                  data:00000003}
Trace 79 15 8000003c 00108093 EX.I
80: CPU.rl_RR.stall: busy rd:1 rs1:0 rs2:0
        Decode_to_RR{I_16 pc:80000040 instr:00108093 pred:80000044 epoch:0
            fallthru:80000044 OPCLASS_INT has_{rs1,rs2,rd}:{1,0,1} writes_mem:0, imm:1 halt_sentinel:0}
Trace 80 16 80000040 00108093 RR.S
80:     CPU.S5.fa_update_rd:
          RW_from_Retire{I_15 pc:8000003c instr:00108093 rd:1 commit:1 data:00000003}
Trace 80 15 8000003c 00108093 RET.I
80: CPU.Retire_EX_Int: Normal
        EX_to_Retire{I_15 pc:8000003c instr:00108093
                  data:00000003}
81: CPU.RW (same-cycle with dispatch):
81:     RW_from_Retire{I_15 pc:8000003c instr:00108093 rd:1 commit:1 data:00000003}
Trace 81 15 8000003c 00108093 RW
81: CPU.fwd: rs1 x1 <- WB val 3
81: CPU.Dispatch_Int:
        RR_to_Retire{I_16 pc:80000040 instr:00108093 EXEC_TAG_INT
                 pred:80000044 epoch:0 has_rd:1 writes_mem:0
                 fallthru:80000044 halt_sentinel:0}
        RR_to_EX{I_16 pc:80000040 instr:00108093
             rs1_val:00000003  rs2_val:00000002  imm:00000001 }
Trace 81 16 80000040 00108093 RR.I
82: CPU.Decode:
        Decode_to_RR{I_18 pc:80000048 instr:00108093 pred:8000004c epoch:0
            fallthru:8000004c OPCLASS_INT has_{rs1,rs2,rd}:{1,0,1} writes_mem:0, imm:1 halt_sentinel:0}
        Mem_Rsp {MEM_RSP_OK addr:80000048 rdata:00108093 I_18 pc:80000048 instr:00000000 FETCH 4B}
Trace 82 18 80000048 00108093 D
82: CPU.rl_RR.stall: busy rd:1 rs1:1 rs2:0
        Decode_to_RR{I_17 pc:80000044 instr:00108093 pred:80000048 epoch:0
            fallthru:80000048 OPCLASS_INT has_{rs1,rs2,rd}:{1,0,1} writes_mem:0, imm:1 halt_sentinel:0}
Trace 82 17 80000044 00108093 RR.S
83: CPU.Fetch:
        Fetch_to_Decode{I_20 pc:80000050 pred:80000054 epoch:0 halt_sentinel:0}
        Mem_Req {I_20 pc:80000050 instr:xxxxxxxx FETCH 4B addr:80000050 epoch:0}
Trace 83 20 80000050 00000000 F
fn_EX_IALU: IALU x1 <= 4
83: CPU.EX_Int
        RR_to_EX{I_16 pc:80000040 instr:00108093
             rs1_val:00000003  rs2_val:00000002  imm:00000001 }
        EX_to_Retire{I_16 pc:80000040 instr:00108093
                  data:00000004}
Trace 83 16 80000040 00108093 EX.I
84: CPU.rl_RR.stall: busy rd:1 rs1:0 rs2:0
        Decode_to_RR{I_17 pc:80000044 instr:00108093 pred:80000048 epoch:0
            fallthru:80000048 OPCLASS_INT has_{rs1,rs2,rd}:{1,0,1} writes_mem:0, imm:1 halt_sentinel:0}
Trace 84 17 80000044 00108093 RR.S
84:     CPU.S5.fa_update_rd:
          RW_from_Retire{I_16 pc:80000040 instr:00108093 rd:1 commit:1 data:00000004}
Trace 84 16 80000040 00108093 RET.I
84: CPU.Retire_EX_Int: Normal
        EX_to_Retire{I_16 pc:80000040 instr:00108093
                  data:00000004}
85: CPU.RW (same-cycle with dispatch):
85:     RW_from_Retire{I_16 pc:80000040 instr:00108093 rd:1 commit:1 data:00000004}
Trace 85 16 80000040 00108093 RW
85: CPU.fwd: rs1 x1 <- WB val 4
85: CPU.Dispatch_Int:
        RR_to_Retire{I_17 pc:80000044 instr:00108093 EXEC_TAG_INT
                 pred:80000048 epoch:0 has_rd:1 writes_mem:0
                 fallthru:80000048 halt_sentinel:0}
        RR_to_EX{I_17 pc:80000044 instr:00108093
             rs1_val:00000004  rs2_val:00000003  imm:00000001 }
Trace 85 17 80000044 00108093 RR.I
86: CPU.Decode:
        Decode_to_RR{I_19 pc:8000004c instr:00108093 pred:80000050 epoch:0
            fallthru:80000050 OPCLASS_INT has_{rs1,rs2,rd}:{1,0,1} writes_mem:0, imm:1 halt_sentinel:0}
        Mem_Rsp {MEM_RSP_OK addr:8000004c rdata:00108093 I_19 pc:8000004c instr:00000000 FETCH 4B}
Trace 86 19 8000004c 00108093 D
86: CPU.rl_RR.stall: busy rd:1 rs1:1 rs2:0
        Decode_to_RR{I_18 pc:80000048 instr:00108093 pred:8000004c epoch:0
            fallthru:8000004c OPCLASS_INT has_{rs1,rs2,rd}:{1,0,1} writes_mem:0, imm:1 halt_sentinel:0}
Trace 86 18 80000048 00108093 RR.S
87: CPU.Fetch:
        Fetch_to_Decode{I_21 pc:80000054 pred:80000058 epoch:0 halt_sentinel:0}
        Mem_Req {I_21 pc:80000054 instr:xxxxxxxx FETCH 4B addr:80000054 epoch:0}
Trace 87 21 80000054 00000000 F
fn_EX_IALU: IALU x1 <= 5
87: CPU.EX_Int
        RR_to_EX{I_17 pc:80000044 instr:00108093
             rs1_val:00000004  rs2_val:00000003  imm:00000001 }
        EX_to_Retire{I_17 pc:80000044 instr:00108093
                  data:00000005}
Trace 87 17 80000044 00108093 EX.I
88: CPU.rl_RR.stall: busy rd:1 rs1:0 rs2:0
        Decode_to_RR{I_18 pc:80000048 instr:00108093 pred:8000004c epoch:0
            fallthru:8000004c OPCLASS_INT has_{rs1,rs2,rd}:{1,0,1} writes_mem:0, imm:1 halt_sentinel:0}
Trace 88 18 80000048 00108093 RR.S
88:     CPU.S5.fa_update_rd:
          RW_from_Retire{I_17 pc:80000044 instr:00108093 rd:1 commit:1 data:00000005}
Trace 88 17 80000044 00108093 RET.I
88: CPU.Retire_EX_Int: Normal
        EX_to_Retire{I_17 pc:80000044 instr:00108093
                  data:00000005}
89: CPU.RW (same-cycle with dispatch):
89:     RW_from_Retire{I_17 pc:80000044 instr:00108093 rd:1 commit:1 data:00000005}
Trace 89 17 80000044 00108093 RW
89: CPU.fwd: rs1 x1 <- WB val 5
89: CPU.Dispatch_Int:
        RR_to_Retire{I_18 pc:80000048 instr:00108093 EXEC_TAG_INT
                 pred:8000004c epoch:0 has_rd:1 writes_mem:0
                 fallthru:8000004c halt_sentinel:0}
        RR_to_EX{I_18 pc:80000048 instr:00108093
             rs1_val:00000005  rs2_val:00000004  imm:00000001 }
Trace 89 18 80000048 00108093 RR.I
90: CPU.Decode:
        Decode_to_RR{I_20 pc:80000050 instr:00108093 pred:80000054 epoch:0
            fallthru:80000054 OPCLASS_INT has_{rs1,rs2,rd}:{1,0,1} writes_mem:0, imm:1 halt_sentinel:0}
        Mem_Rsp {MEM_RSP_OK addr:80000050 rdata:00108093 I_20 pc:80000050 instr:00000000 FETCH 4B}
Trace 90 20 80000050 00108093 D
90: CPU.rl_RR.stall: busy rd:1 rs1:1 rs2:0
        Decode_to_RR{I_19 pc:8000004c instr:00108093 pred:80000050 epoch:0
            fallthru:80000050 OPCLASS_INT has_{rs1,rs2,rd}:{1,0,1} writes_mem:0, imm:1 halt_sentinel:0}
Trace 90 19 8000004c 00108093 RR.S
91: CPU.Fetch:
        Fetch_to_Decode{I_22 pc:80000058 pred:8000005c epoch:0 halt_sentinel:0}
        Mem_Req {I_22 pc:80000058 instr:xxxxxxxx FETCH 4B addr:80000058 epoch:0}
Trace 91 22 80000058 00000000 F
fn_EX_IALU: IALU x1 <= 6
91: CPU.EX_Int
        RR_to_EX{I_18 pc:80000048 instr:00108093
             rs1_val:00000005  rs2_val:00000004  imm:00000001 }
        EX_to_Retire{I_18 pc:80000048 instr:00108093
                  data:00000006}
Trace 91 18 80000048 00108093 EX.I
92: CPU.rl_RR.stall: busy rd:1 rs1:0 rs2:0
        Decode_to_RR{I_19 pc:8000004c instr:00108093 pred:80000050 epoch:0
            fallthru:80000050 OPCLASS_INT has_{rs1,rs2,rd}:{1,0,1} writes_mem:0, imm:1 halt_sentinel:0}
Trace 92 19 8000004c 00108093 RR.S
92:     CPU.S5.fa_update_rd:
          RW_from_Retire{I_18 pc:80000048 instr:00108093 rd:1 commit:1 data:00000006}
Trace 92 18 80000048 00108093 RET.I
92: CPU.Retire_EX_Int: Normal
        EX_to_Retire{I_18 pc:80000048 instr:00108093
                  data:00000006}
93: CPU.RW (same-cycle with dispatch):
93:     RW_from_Retire{I_18 pc:80000048 instr:00108093 rd:1 commit:1 data:00000006}
Trace 93 18 80000048 00108093 RW
93: CPU.fwd: rs1 x1 <- WB val 6
93: CPU.Dispatch_Int:
        RR_to_Retire{I_19 pc:8000004c instr:00108093 EXEC_TAG_INT
                 pred:80000050 epoch:0 has_rd:1 writes_mem:0
                 fallthru:80000050 halt_sentinel:0}
        RR_to_EX{I_19 pc:8000004c instr:00108093
             rs1_val:00000006  rs2_val:00000005  imm:00000001 }
Trace 93 19 8000004c 00108093 RR.I
94: CPU.Decode:
        Decode_to_RR{I_21 pc:80000054 instr:00108093 pred:80000058 epoch:0
            fallthru:80000058 OPCLASS_INT has_{rs1,rs2,rd}:{1,0,1} writes_mem:0, imm:1 halt_sentinel:0}
        Mem_Rsp {MEM_RSP_OK addr:80000054 rdata:00108093 I_21 pc:80000054 instr:00000000 FETCH 4B}
Trace 94 21 80000054 00108093 D
94: CPU.rl_RR.stall: busy rd:1 rs1:1 rs2:0
        Decode_to_RR{I_20 pc:80000050 instr:00108093 pred:80000054 epoch:0
            fallthru:80000054 OPCLASS_INT has_{rs1,rs2,rd}:{1,0,1} writes_mem:0, imm:1 halt_sentinel:0}
Trace 94 20 80000050 00108093 RR.S
95: CPU.Fetch:
        Fetch_to_Decode{I_23 pc:8000005c pred:80000060 epoch:0 halt_sentinel:0}
        Mem_Req {I_23 pc:8000005c instr:xxxxxxxx FETCH 4B addr:8000005c epoch:0}
Trace 95 23 8000005c 00000000 F
fn_EX_IALU: IALU x1 <= 7
95: CPU.EX_Int
        RR_to_EX{I_19 pc:8000004c instr:00108093
             rs1_val:00000006  rs2_val:00000005  imm:00000001 }
        EX_to_Retire{I_19 pc:8000004c instr:00108093
                  data:00000007}
Trace 95 19 8000004c 00108093 EX.I
96: CPU.rl_RR.stall: busy rd:1 rs1:0 rs2:0
        Decode_to_RR{I_20 pc:80000050 instr:00108093 pred:80000054 epoch:0
            fallthru:80000054 OPCLASS_INT has_{rs1,rs2,rd}:{1,0,1} writes_mem:0, imm:1 halt_sentinel:0}
Trace 96 20 80000050 00108093 RR.S
96:     CPU.S5.fa_update_rd:
          RW_from_Retire{I_19 pc:8000004c instr:00108093 rd:1 commit:1 data:00000007}
Trace 96 19 8000004c 00108093 RET.I
96: CPU.Retire_EX_Int: Normal
        EX_to_Retire{I_19 pc:8000004c instr:00108093
                  data:00000007}
97: CPU.RW (same-cycle with dispatch):
97:     RW_from_Retire{I_19 pc:8000004c instr:00108093 rd:1 commit:1 data:00000007}
Trace 97 19 8000004c 00108093 RW
97: CPU.fwd: rs1 x1 <- WB val 7
97: CPU.Dispatch_Int:
        RR_to_Retire{I_20 pc:80000050 instr:00108093 EXEC_TAG_INT
                 pred:80000054 epoch:0 has_rd:1 writes_mem:0
                 fallthru:80000054 halt_sentinel:0}
        RR_to_EX{I_20 pc:80000050 instr:00108093
             rs1_val:00000007  rs2_val:00000006  imm:00000001 }
Trace 97 20 80000050 00108093 RR.I
98: CPU.Decode:
        Decode_to_RR{I_22 pc:80000058 instr:00108093 pred:8000005c epoch:0
            fallthru:8000005c OPCLASS_INT has_{rs1,rs2,rd}:{1,0,1} writes_mem:0, imm:1 halt_sentinel:0}
        Mem_Rsp {MEM_RSP_OK addr:80000058 rdata:00108093 I_22 pc:80000058 instr:00000000 FETCH 4B}
Trace 98 22 80000058 00108093 D
98: CPU.rl_RR.stall: busy rd:1 rs1:1 rs2:0
        Decode_to_RR{I_21 pc:80000054 instr:00108093 pred:80000058 epoch:0
            fallthru:80000058 OPCLASS_INT has_{rs1,rs2,rd}:{1,0,1} writes_mem:0, imm:1 halt_sentinel:0}
Trace 98 21 80000054 00108093 RR.S
99: CPU.Fetch:
        Fetch_to_Decode{I_24 pc:80000060 pred:80000064 epoch:0 halt_sentinel:0}
        Mem_Req {I_24 pc:80000060 instr:xxxxxxxx FETCH 4B addr:80000060 epoch:0}
Trace 99 24 80000060 00000000 F
fn_EX_IALU: IALU x1 <= 8
99: CPU.EX_Int
        RR_to_EX{I_20 pc:80000050 instr:00108093
             rs1_val:00000007  rs2_val:00000006  imm:00000001 }
        EX_to_Retire{I_20 pc:80000050 instr:00108093
                  data:00000008}
Trace 99 20 80000050 00108093 EX.I
100: CPU.rl_RR.stall: busy rd:1 rs1:0 rs2:0
        Decode_to_RR{I_21 pc:80000054 instr:00108093 pred:80000058 epoch:0
            fallthru:80000058 OPCLASS_INT has_{rs1,rs2,rd}:{1,0,1} writes_mem:0, imm:1 halt_sentinel:0}
Trace 100 21 80000054 00108093 RR.S
100:     CPU.S5.fa_update_rd:
          RW_from_Retire{I_20 pc:80000050 instr:00108093 rd:1 commit:1 data:00000008}
Trace 100 20 80000050 00108093 RET.I
100: CPU.Retire_EX_Int: Normal
        EX_to_Retire{I_20 pc:80000050 instr:00108093
                  data:00000008}
101: CPU.RW (same-cycle with dispatch):
101:     RW_from_Retire{I_20 pc:80000050 instr:00108093 rd:1 commit:1 data:00000008}
Trace 101 20 80000050 00108093 RW
101: CPU.fwd: rs1 x1 <- WB val 8
101: CPU.Dispatch_Int:
        RR_to_Retire{I_21 pc:80000054 instr:00108093 EXEC_TAG_INT
                 pred:80000058 epoch:0 has_rd:1 writes_mem:0
                 fallthru:80000058 halt_sentinel:0}
        RR_to_EX{I_21 pc:80000054 instr:00108093
             rs1_val:00000008  rs2_val:00000007  imm:00000001 }
Trace 101 21 80000054 00108093 RR.I
102: CPU.Decode:
        Decode_to_RR{I_23 pc:8000005c instr:00a00a93 pred:80000060 epoch:0
            fallthru:80000060 OPCLASS_INT has_{rs1,rs2,rd}:{1,0,1} writes_mem:0, imm:a halt_sentinel:0}
        Mem_Rsp {MEM_RSP_OK addr:8000005c rdata:00a00a93 I_23 pc:8000005c instr:00000000 FETCH 4B}
Trace 102 23 8000005c 00a00a93 D
102: CPU.rl_RR.stall: busy rd:1 rs1:1 rs2:0
        Decode_to_RR{I_22 pc:80000058 instr:00108093 pred:8000005c epoch:0
            fallthru:8000005c OPCLASS_INT has_{rs1,rs2,rd}:{1,0,1} writes_mem:0, imm:1 halt_sentinel:0}
Trace 102 22 80000058 00108093 RR.S
103: CPU.Fetch:
        Fetch_to_Decode{I_25 pc:80000064 pred:80000068 epoch:0 halt_sentinel:0}
        Mem_Req {I_25 pc:80000064 instr:xxxxxxxx FETCH 4B addr:80000064 epoch:0}
Trace 103 25 80000064 00000000 F
fn_EX_IALU: IALU x1 <= 9
103: CPU.EX_Int
        RR_to_EX{I_21 pc:80000054 instr:00108093
             rs1_val:00000008  rs2_val:00000007  imm:00000001 }
        EX_to_Retire{I_21 pc:80000054 instr:00108093
                  data:00000009}
Trace 103 21 80000054 00108093 EX.I
104: CPU.rl_RR.stall: busy rd:1 rs1:0 rs2:0
        Decode_to_RR{I_22 pc:80000058 instr:00108093 pred:8000005c epoch:0
            fallthru:8000005c OPCLASS_INT has_{rs1,rs2,rd}:{1,0,1} writes_mem:0, imm:1 halt_sentinel:0}
Trace 104 22 80000058 00108093 RR.S
104:     CPU.S5.fa_update_rd:
          RW_from_Retire{I_21 pc:80000054 instr:00108093 rd:1 commit:1 data:00000009}
Trace 104 21 80000054 00108093 RET.I
104: CPU.Retire_EX_Int: Normal
        EX_to_Retire{I_21 pc:80000054 instr:00108093
                  data:00000009}
105: CPU.RW (same-cycle with dispatch):
105:     RW_from_Retire{I_21 pc:80000054 instr:00108093 rd:1 commit:1 data:00000009}
Trace 105 21 80000054 00108093 RW
105: CPU.fwd: rs1 x1 <- WB val 9
105: CPU.Dispatch_Int:
        RR_to_Retire{I_22 pc:80000058 instr:00108093 EXEC_TAG_INT
                 pred:8000005c epoch:0 has_rd:1 writes_mem:0
                 fallthru:8000005c halt_sentinel:0}
        RR_to_EX{I_22 pc:80000058 instr:00108093
             rs1_val:00000009  rs2_val:00000008  imm:00000001 }
Trace 105 22 80000058 00108093 RR.I
106: CPU.Decode:
        Decode_to_RR{I_24 pc:80000060 instr:07509463 pred:80000064 epoch:0
            fallthru:80000064 OPCLASS_CONTROL has_{rs1,rs2,rd}:{1,1,0} writes_mem:0, imm:68 halt_sentinel:0}
        Mem_Rsp {MEM_RSP_OK addr:80000060 rdata:07509463 I_24 pc:80000060 instr:00000000 FETCH 4B}
Trace 106 24 80000060 07509463 D
106: CPU.Dispatch_Int:
        RR_to_Retire{I_23 pc:8000005c instr:00a00a93 EXEC_TAG_INT
                 pred:80000060 epoch:0 has_rd:1 writes_mem:0
                 fallthru:80000060 halt_sentinel:0}
        RR_to_EX{I_23 pc:8000005c instr:00a00a93
             rs1_val:00000000  rs2_val:00000001  imm:0000000a }
Trace 106 23 8000005c 00a00a93 RR.I
107: CPU.Fetch:
        Fetch_to_Decode{I_26 pc:80000068 pred:8000006c epoch:0 halt_sentinel:0}
        Mem_Req {I_26 pc:80000068 instr:xxxxxxxx FETCH 4B addr:80000068 epoch:0}
Trace 107 26 80000068 00000000 F
107: CPU.Decode:
        Decode_to_RR{I_25 pc:80000064 instr:00000113 pred:80000068 epoch:0
            fallthru:80000068 OPCLASS_INT has_{rs1,rs2,rd}:{1,0,1} writes_mem:0, imm:0 halt_sentinel:0}
        Mem_Rsp {MEM_RSP_OK addr:80000064 rdata:00000113 I_25 pc:80000064 instr:00000000 FETCH 4B}
Trace 107 25 80000064 00000113 D
fn_EX_IALU: IALU x1 <= a
107: CPU.EX_Int
        RR_to_EX{I_22 pc:80000058 instr:00108093
             rs1_val:00000009  rs2_val:00000008  imm:00000001 }
        EX_to_Retire{I_22 pc:80000058 instr:00108093
                  data:0000000a}
Trace 107 22 80000058 00108093 EX.I
108: CPU.Fetch:
        Fetch_to_Decode{I_27 pc:8000006c pred:80000070 epoch:0 halt_sentinel:0}
        Mem_Req {I_27 pc:8000006c instr:xxxxxxxx FETCH 4B addr:8000006c epoch:0}
Trace 108 27 8000006c 00000000 F
fn_EX_IALU: IALU x21 <= a
108: CPU.EX_Int
        RR_to_EX{I_23 pc:8000005c instr:00a00a93
             rs1_val:00000000  rs2_val:00000001  imm:0000000a }
        EX_to_Retire{I_23 pc:8000005c instr:00a00a93
                  data:0000000a}
Trace 108 23 8000005c 00a00a93 EX.I
108:     CPU.S5.fa_update_rd:
          RW_from_Retire{I_22 pc:80000058 instr:00108093 rd:1 commit:1 data:0000000a}
Trace 108 22 80000058 00108093 RET.I
108: CPU.Retire_EX_Int: Normal
        EX_to_Retire{I_22 pc:80000058 instr:00108093
                  data:0000000a}
109: CPU.RW (same-cycle with dispatch):
109:     RW_from_Retire{I_22 pc:80000058 instr:00108093 rd:1 commit:1 data:0000000a}
Trace 109 22 80000058 00108093 RW
109: CPU.fwd: rs1 x1 <- WB val a
109: CPU.fwd: rs2 x21 <- EX_Int fwd val a
109: CPU.Dispatch_Control:
        RR_to_Retire{I_24 pc:80000060 instr:07509463 EXEC_TAG_CONTROL
                 pred:80000064 epoch:0 has_rd:0 writes_mem:0
                 fallthru:80000064 halt_sentinel:0}
        RR_to_EX_Control{I_24 pc:80000060 instr:07509463 fallthru:80000064
                  rs1_val:0000000a  rs2_val:0000000a  imm:00000068 }
Trace 109 24 80000060 07509463 RR.C
109:     CPU.S5.fa_update_rd:
          RW_from_Retire{I_23 pc:8000005c instr:00a00a93 rd:21 commit:1 data:0000000a}
Trace 109 23 8000005c 00a00a93 RET.I
109: CPU.Retire_EX_Int: Normal
        EX_to_Retire{I_23 pc:8000005c instr:00a00a93
                  data:0000000a}
110: CPU.Decode:
        Decode_to_RR{I_26 pc:80000068 instr:00110113 pred:8000006c epoch:0
            fallthru:8000006c OPCLASS_INT has_{rs1,rs2,rd}:{1,0,1} writes_mem:0, imm:1 halt_sentinel:0}
        Mem_Rsp {MEM_RSP_OK addr:80000068 rdata:00110113 I_26 pc:80000068 instr:00000000 FETCH 4B}
Trace 110 26 80000068 00110113 D
110: CPU.RW (same-cycle with dispatch):
110:     RW_from_Retire{I_23 pc:8000005c instr:00a00a93 rd:21 commit:1 data:0000000a}
Trace 110 23 8000005c 00a00a93 RW
110: CPU.Dispatch_Int:
        RR_to_Retire{I_25 pc:80000064 instr:00000113 EXEC_TAG_INT
                 pred:80000068 epoch:0 has_rd:1 writes_mem:0
                 fallthru:80000068 halt_sentinel:0}
        RR_to_EX{I_25 pc:80000064 instr:00000113
             rs1_val:00000000  rs2_val:00000000  imm:00000000 }
Trace 110 25 80000064 00000113 RR.I
111: CPU.EX_Control
        RR_to_EX_Control{I_24 pc:80000060 instr:07509463 fallthru:80000064
                  rs1_val:0000000a  rs2_val:0000000a  imm:00000068 }
        EX_Control_to_Retire{I_24 pc:80000060 instr:07509463
                       next_pc:80000064  data:80000064}
Trace 111 24 80000060 07509463 EX.C
111: CPU.Fetch:
        Fetch_to_Decode{I_28 pc:80000070 pred:80000074 epoch:0 halt_sentinel:0}
        Mem_Req {I_28 pc:80000070 instr:xxxxxxxx FETCH 4B addr:80000070 epoch:0}
Trace 111 28 80000070 00000000 F
111: CPU.Decode:
        Decode_to_RR{I_27 pc:8000006c instr:00110113 pred:80000070 epoch:0
            fallthru:80000070 OPCLASS_INT has_{rs1,rs2,rd}:{1,0,1} writes_mem:0, imm:1 halt_sentinel:0}
        Mem_Rsp {MEM_RSP_OK addr:8000006c rdata:00110113 I_27 pc:8000006c instr:00000000 FETCH 4B}
Trace 111 27 8000006c 00110113 D
111: CPU.rl_RR.stall: busy rd:1 rs1:1 rs2:0
        Decode_to_RR{I_26 pc:80000068 instr:00110113 pred:8000006c epoch:0
            fallthru:8000006c OPCLASS_INT has_{rs1,rs2,rd}:{1,0,1} writes_mem:0, imm:1 halt_sentinel:0}
Trace 111 26 80000068 00110113 RR.S
112: CPU.Fetch:
        Fetch_to_Decode{I_29 pc:80000074 pred:80000078 epoch:0 halt_sentinel:0}
        Mem_Req {I_29 pc:80000074 instr:xxxxxxxx FETCH 4B addr:80000074 epoch:0}
Trace 112 29 80000074 00000000 F
fn_EX_IALU: IALU x2 <= 0
112: CPU.EX_Int
        RR_to_EX{I_25 pc:80000064 instr:00000113
             rs1_val:00000000  rs2_val:00000000  imm:00000000 }
        EX_to_Retire{I_25 pc:80000064 instr:00000113
                  data:00000000}
Trace 112 25 80000064 00000113 EX.I
Trace 112 24 80000060 07509463 RET.C
112: CPU.Retire_EX_Control: Normal
        EX_Control_to_Retire{I_24 pc:80000060 instr:07509463
                       next_pc:80000064  data:80000064}
113: CPU.rl_RR.stall: busy rd:1 rs1:0 rs2:0
        Decode_to_RR{I_26 pc:80000068 instr:00110113 pred:8000006c epoch:0
            fallthru:8000006c OPCLASS_INT has_{rs1,rs2,rd}:{1,0,1} writes_mem:0, imm:1 halt_sentinel:0}
Trace 113 26 80000068 00110113 RR.S
113:     CPU.S5.fa_update_rd:
          RW_from_Retire{I_25 pc:80000064 instr:00000113 rd:2 commit:1 data:00000000}
Trace 113 25 80000064 00000113 RET.I
113: CPU.Retire_EX_Int: Normal
        EX_to_Retire{I_25 pc:80000064 instr:00000113
                  data:00000000}
114: CPU.RW (same-cycle with dispatch):
114:     RW_from_Retire{I_25 pc:80000064 instr:00000113 rd:2 commit:1 data:00000000}
Trace 114 25 80000064 00000113 RW
114: CPU.fwd: rs1 x2 <- WB val 0
114: CPU.Dispatch_Int:
        RR_to_Retire{I_26 pc:80000068 instr:00110113 EXEC_TAG_INT
                 pred:8000006c epoch:0 has_rd:1 writes_mem:0
                 fallthru:8000006c halt_sentinel:0}
        RR_to_EX{I_26 pc:80000068 instr:00110113
             rs1_val:00000000  rs2_val:0000000a  imm:00000001 }
Trace 114 26 80000068 00110113 RR.I
115: CPU.Decode:
        Decode_to_RR{I_28 pc:80000070 instr:00110113 pred:80000074 epoch:0
            fallthru:80000074 OPCLASS_INT has_{rs1,rs2,rd}:{1,0,1} writes_mem:0, imm:1 halt_sentinel:0}
        Mem_Rsp {MEM_RSP_OK addr:80000070 rdata:00110113 I_28 pc:80000070 instr:00000000 FETCH 4B}
Trace 115 28 80000070 00110113 D
115: CPU.rl_RR.stall: busy rd:1 rs1:1 rs2:0
        Decode_to_RR{I_27 pc:8000006c instr:00110113 pred:80000070 epoch:0
            fallthru:80000070 OPCLASS_INT has_{rs1,rs2,rd}:{1,0,1} writes_mem:0, imm:1 halt_sentinel:0}
Trace 115 27 8000006c 00110113 RR.S
116: CPU.Fetch:
        Fetch_to_Decode{I_30 pc:80000078 pred:8000007c epoch:0 halt_sentinel:0}
        Mem_Req {I_30 pc:80000078 instr:xxxxxxxx FETCH 4B addr:80000078 epoch:0}
Trace 116 30 80000078 00000000 F
fn_EX_IALU: IALU x2 <= 1
116: CPU.EX_Int
        RR_to_EX{I_26 pc:80000068 instr:00110113
             rs1_val:00000000  rs2_val:0000000a  imm:00000001 }
        EX_to_Retire{I_26 pc:80000068 instr:00110113
                  data:00000001}
Trace 116 26 80000068 00110113 EX.I
117: CPU.rl_RR.stall: busy rd:1 rs1:0 rs2:0
        Decode_to_RR{I_27 pc:8000006c instr:00110113 pred:80000070 epoch:0
            fallthru:80000070 OPCLASS_INT has_{rs1,rs2,rd}:{1,0,1} writes_mem:0, imm:1 halt_sentinel:0}
Trace 117 27 8000006c 00110113 RR.S
117:     CPU.S5.fa_update_rd:
          RW_from_Retire{I_26 pc:80000068 instr:00110113 rd:2 commit:1 data:00000001}
Trace 117 26 80000068 00110113 RET.I
117: CPU.Retire_EX_Int: Normal
        EX_to_Retire{I_26 pc:80000068 instr:00110113
                  data:00000001}
118: CPU.RW (same-cycle with dispatch):
118:     RW_from_Retire{I_26 pc:80000068 instr:00110113 rd:2 commit:1 data:00000001}
Trace 118 26 80000068 00110113 RW
118: CPU.fwd: rs1 x2 <- WB val 1
118: CPU.Dispatch_Int:
        RR_to_Retire{I_27 pc:8000006c instr:00110113 EXEC_TAG_INT
                 pred:80000070 epoch:0 has_rd:1 writes_mem:0
                 fallthru:80000070 halt_sentinel:0}
        RR_to_EX{I_27 pc:8000006c instr:00110113
             rs1_val:00000001  rs2_val:0000000a  imm:00000001 }
Trace 118 27 8000006c 00110113 RR.I
119: CPU.Decode:
        Decode_to_RR{I_29 pc:80000074 instr:00110113 pred:80000078 epoch:0
            fallthru:80000078 OPCLASS_INT has_{rs1,rs2,rd}:{1,0,1} writes_mem:0, imm:1 halt_sentinel:0}
        Mem_Rsp {MEM_RSP_OK addr:80000074 rdata:00110113 I_29 pc:80000074 instr:00000000 FETCH 4B}
Trace 119 29 80000074 00110113 D
119: CPU.rl_RR.stall: busy rd:1 rs1:1 rs2:0
        Decode_to_RR{I_28 pc:80000070 instr:00110113 pred:80000074 epoch:0
            fallthru:80000074 OPCLASS_INT has_{rs1,rs2,rd}:{1,0,1} writes_mem:0, imm:1 halt_sentinel:0}
Trace 119 28 80000070 00110113 RR.S
120: CPU.Fetch:
        Fetch_to_Decode{I_31 pc:8000007c pred:80000080 epoch:0 halt_sentinel:0}
        Mem_Req {I_31 pc:8000007c instr:xxxxxxxx FETCH 4B addr:8000007c epoch:0}
Trace 120 31 8000007c 00000000 F
fn_EX_IALU: IALU x2 <= 2
120: CPU.EX_Int
        RR_to_EX{I_27 pc:8000006c instr:00110113
             rs1_val:00000001  rs2_val:0000000a  imm:00000001 }
        EX_to_Retire{I_27 pc:8000006c instr:00110113
                  data:00000002}
Trace 120 27 8000006c 00110113 EX.I
121: CPU.rl_RR.stall: busy rd:1 rs1:0 rs2:0
        Decode_to_RR{I_28 pc:80000070 instr:00110113 pred:80000074 epoch:0
            fallthru:80000074 OPCLASS_INT has_{rs1,rs2,rd}:{1,0,1} writes_mem:0, imm:1 halt_sentinel:0}
Trace 121 28 80000070 00110113 RR.S
121:     CPU.S5.fa_update_rd:
          RW_from_Retire{I_27 pc:8000006c instr:00110113 rd:2 commit:1 data:00000002}
Trace 121 27 8000006c 00110113 RET.I
121: CPU.Retire_EX_Int: Normal
        EX_to_Retire{I_27 pc:8000006c instr:00110113
                  data:00000002}
122: CPU.RW (same-cycle with dispatch):
122:     RW_from_Retire{I_27 pc:8000006c instr:00110113 rd:2 commit:1 data:00000002}
Trace 122 27 8000006c 00110113 RW
122: CPU.fwd: rs1 x2 <- WB val 2
122: CPU.Dispatch_Int:
        RR_to_Retire{I_28 pc:80000070 instr:00110113 EXEC_TAG_INT
                 pred:80000074 epoch:0 has_rd:1 writes_mem:0
                 fallthru:80000074 halt_sentinel:0}
        RR_to_EX{I_28 pc:80000070 instr:00110113
             rs1_val:00000002  rs2_val:0000000a  imm:00000001 }
Trace 122 28 80000070 00110113 RR.I
123: CPU.Decode:
        Decode_to_RR{I_30 pc:80000078 instr:00110113 pred:8000007c epoch:0
            fallthru:8000007c OPCLASS_INT has_{rs1,rs2,rd}:{1,0,1} writes_mem:0, imm:1 halt_sentinel:0}
        Mem_Rsp {MEM_RSP_OK addr:80000078 rdata:00110113 I_30 pc:80000078 instr:00000000 FETCH 4B}
Trace 123 30 80000078 00110113 D
123: CPU.rl_RR.stall: busy rd:1 rs1:1 rs2:0
        Decode_to_RR{I_29 pc:80000074 instr:00110113 pred:80000078 epoch:0
            fallthru:80000078 OPCLASS_INT has_{rs1,rs2,rd}:{1,0,1} writes_mem:0, imm:1 halt_sentinel:0}
Trace 123 29 80000074 00110113 RR.S
124: CPU.Fetch:
        Fetch_to_Decode{I_32 pc:80000080 pred:80000084 epoch:0 halt_sentinel:0}
        Mem_Req {I_32 pc:80000080 instr:xxxxxxxx FETCH 4B addr:80000080 epoch:0}
Trace 124 32 80000080 00000000 F
fn_EX_IALU: IALU x2 <= 3
124: CPU.EX_Int
        RR_to_EX{I_28 pc:80000070 instr:00110113
             rs1_val:00000002  rs2_val:0000000a  imm:00000001 }
        EX_to_Retire{I_28 pc:80000070 instr:00110113
                  data:00000003}
Trace 124 28 80000070 00110113 EX.I
125: CPU.rl_RR.stall: busy rd:1 rs1:0 rs2:0
        Decode_to_RR{I_29 pc:80000074 instr:00110113 pred:80000078 epoch:0
            fallthru:80000078 OPCLASS_INT has_{rs1,rs2,rd}:{1,0,1} writes_mem:0, imm:1 halt_sentinel:0}
Trace 125 29 80000074 00110113 RR.S
125:     CPU.S5.fa_update_rd:
          RW_from_Retire{I_28 pc:80000070 instr:00110113 rd:2 commit:1 data:00000003}
Trace 125 28 80000070 00110113 RET.I
125: CPU.Retire_EX_Int: Normal
        EX_to_Retire{I_28 pc:80000070 instr:00110113
                  data:00000003}
126: CPU.RW (same-cycle with dispatch):
126:     RW_from_Retire{I_28 pc:80000070 instr:00110113 rd:2 commit:1 data:00000003}
Trace 126 28 80000070 00110113 RW
126: CPU.fwd: rs1 x2 <- WB val 3
126: CPU.Dispatch_Int:
        RR_to_Retire{I_29 pc:80000074 instr:00110113 EXEC_TAG_INT
                 pred:80000078 epoch:0 has_rd:1 writes_mem:0
                 fallthru:80000078 halt_sentinel:0}
        RR_to_EX{I_29 pc:80000074 instr:00110113
             rs1_val:00000003  rs2_val:0000000a  imm:00000001 }
Trace 126 29 80000074 00110113 RR.I
127: CPU.Decode:
        Decode_to_RR{I_31 pc:8000007c instr:00110113 pred:80000080 epoch:0
            fallthru:80000080 OPCLASS_INT has_{rs1,rs2,rd}:{1,0,1} writes_mem:0, imm:1 halt_sentinel:0}
        Mem_Rsp {MEM_RSP_OK addr:8000007c rdata:00110113 I_31 pc:8000007c instr:00000000 FETCH 4B}
Trace 127 31 8000007c 00110113 D
127: CPU.rl_RR.stall: busy rd:1 rs1:1 rs2:0
        Decode_to_RR{I_30 pc:80000078 instr:00110113 pred:8000007c epoch:0
            fallthru:8000007c OPCLASS_INT has_{rs1,rs2,rd}:{1,0,1} writes_mem:0, imm:1 halt_sentinel:0}
Trace 127 30 80000078 00110113 RR.S
128: CPU.Fetch:
        Fetch_to_Decode{I_33 pc:80000084 pred:80000088 epoch:0 halt_sentinel:0}
        Mem_Req {I_33 pc:80000084 instr:xxxxxxxx FETCH 4B addr:80000084 epoch:0}
Trace 128 33 80000084 00000000 F
fn_EX_IALU: IALU x2 <= 4
128: CPU.EX_Int
        RR_to_EX{I_29 pc:80000074 instr:00110113
             rs1_val:00000003  rs2_val:0000000a  imm:00000001 }
        EX_to_Retire{I_29 pc:80000074 instr:00110113
                  data:00000004}
Trace 128 29 80000074 00110113 EX.I
129: CPU.rl_RR.stall: busy rd:1 rs1:0 rs2:0
        Decode_to_RR{I_30 pc:80000078 instr:00110113 pred:8000007c epoch:0
            fallthru:8000007c OPCLASS_INT has_{rs1,rs2,rd}:{1,0,1} writes_mem:0, imm:1 halt_sentinel:0}
Trace 129 30 80000078 00110113 RR.S
129:     CPU.S5.fa_update_rd:
          RW_from_Retire{I_29 pc:80000074 instr:00110113 rd:2 commit:1 data:00000004}
Trace 129 29 80000074 00110113 RET.I
129: CPU.Retire_EX_Int: Normal
        EX_to_Retire{I_29 pc:80000074 instr:00110113
                  data:00000004}
130: CPU.RW (same-cycle with dispatch):
130:     RW_from_Retire{I_29 pc:80000074 instr:00110113 rd:2 commit:1 data:00000004}
Trace 130 29 80000074 00110113 RW
130: CPU.fwd: rs1 x2 <- WB val 4
130: CPU.Dispatch_Int:
        RR_to_Retire{I_30 pc:80000078 instr:00110113 EXEC_TAG_INT
                 pred:8000007c epoch:0 has_rd:1 writes_mem:0
                 fallthru:8000007c halt_sentinel:0}
        RR_to_EX{I_30 pc:80000078 instr:00110113
             rs1_val:00000004  rs2_val:0000000a  imm:00000001 }
Trace 130 30 80000078 00110113 RR.I
131: CPU.Decode:
        Decode_to_RR{I_32 pc:80000080 instr:00110113 pred:80000084 epoch:0
            fallthru:80000084 OPCLASS_INT has_{rs1,rs2,rd}:{1,0,1} writes_mem:0, imm:1 halt_sentinel:0}
        Mem_Rsp {MEM_RSP_OK addr:80000080 rdata:00110113 I_32 pc:80000080 instr:00000000 FETCH 4B}
Trace 131 32 80000080 00110113 D
131: CPU.rl_RR.stall: busy rd:1 rs1:1 rs2:0
        Decode_to_RR{I_31 pc:8000007c instr:00110113 pred:80000080 epoch:0
            fallthru:80000080 OPCLASS_INT has_{rs1,rs2,rd}:{1,0,1} writes_mem:0, imm:1 halt_sentinel:0}
Trace 131 31 8000007c 00110113 RR.S
132: CPU.Fetch:
        Fetch_to_Decode{I_34 pc:80000088 pred:8000008c epoch:0 halt_sentinel:0}
        Mem_Req {I_34 pc:80000088 instr:xxxxxxxx FETCH 4B addr:80000088 epoch:0}
Trace 132 34 80000088 00000000 F
fn_EX_IALU: IALU x2 <= 5
132: CPU.EX_Int
        RR_to_EX{I_30 pc:80000078 instr:00110113
             rs1_val:00000004  rs2_val:0000000a  imm:00000001 }
        EX_to_Retire{I_30 pc:80000078 instr:00110113
                  data:00000005}
Trace 132 30 80000078 00110113 EX.I
133: CPU.rl_RR.stall: busy rd:1 rs1:0 rs2:0
        Decode_to_RR{I_31 pc:8000007c instr:00110113 pred:80000080 epoch:0
            fallthru:80000080 OPCLASS_INT has_{rs1,rs2,rd}:{1,0,1} writes_mem:0, imm:1 halt_sentinel:0}
Trace 133 31 8000007c 00110113 RR.S
133:     CPU.S5.fa_update_rd:
          RW_from_Retire{I_30 pc:80000078 instr:00110113 rd:2 commit:1 data:00000005}
Trace 133 30 80000078 00110113 RET.I
133: CPU.Retire_EX_Int: Normal
        EX_to_Retire{I_30 pc:80000078 instr:00110113
                  data:00000005}
134: CPU.RW (same-cycle with dispatch):
134:     RW_from_Retire{I_30 pc:80000078 instr:00110113 rd:2 commit:1 data:00000005}
Trace 134 30 80000078 00110113 RW
134: CPU.fwd: rs1 x2 <- WB val 5
134: CPU.Dispatch_Int:
        RR_to_Retire{I_31 pc:8000007c instr:00110113 EXEC_TAG_INT
                 pred:80000080 epoch:0 has_rd:1 writes_mem:0
                 fallthru:80000080 halt_sentinel:0}
        RR_to_EX{I_31 pc:8000007c instr:00110113
             rs1_val:00000005  rs2_val:0000000a  imm:00000001 }
Trace 134 31 8000007c 00110113 RR.I
135: CPU.Decode:
        Decode_to_RR{I_33 pc:80000084 instr:00110113 pred:80000088 epoch:0
            fallthru:80000088 OPCLASS_INT has_{rs1,rs2,rd}:{1,0,1} writes_mem:0, imm:1 halt_sentinel:0}
        Mem_Rsp {MEM_RSP_OK addr:80000084 rdata:00110113 I_33 pc:80000084 instr:00000000 FETCH 4B}
Trace 135 33 80000084 00110113 D
135: CPU.rl_RR.stall: busy rd:1 rs1:1 rs2:0
        Decode_to_RR{I_32 pc:80000080 instr:00110113 pred:80000084 epoch:0
            fallthru:80000084 OPCLASS_INT has_{rs1,rs2,rd}:{1,0,1} writes_mem:0, imm:1 halt_sentinel:0}
Trace 135 32 80000080 00110113 RR.S
136: CPU.Fetch:
        Fetch_to_Decode{I_35 pc:8000008c pred:80000090 epoch:0 halt_sentinel:0}
        Mem_Req {I_35 pc:8000008c instr:xxxxxxxx FETCH 4B addr:8000008c epoch:0}
Trace 136 35 8000008c 00000000 F
fn_EX_IALU: IALU x2 <= 6
136: CPU.EX_Int
        RR_to_EX{I_31 pc:8000007c instr:00110113
             rs1_val:00000005  rs2_val:0000000a  imm:00000001 }
        EX_to_Retire{I_31 pc:8000007c instr:00110113
                  data:00000006}
Trace 136 31 8000007c 00110113 EX.I
137: CPU.rl_RR.stall: busy rd:1 rs1:0 rs2:0
        Decode_to_RR{I_32 pc:80000080 instr:00110113 pred:80000084 epoch:0
            fallthru:80000084 OPCLASS_INT has_{rs1,rs2,rd}:{1,0,1} writes_mem:0, imm:1 halt_sentinel:0}
Trace 137 32 80000080 00110113 RR.S
137:     CPU.S5.fa_update_rd:
          RW_from_Retire{I_31 pc:8000007c instr:00110113 rd:2 commit:1 data:00000006}
Trace 137 31 8000007c 00110113 RET.I
137: CPU.Retire_EX_Int: Normal
        EX_to_Retire{I_31 pc:8000007c instr:00110113
                  data:00000006}
138: CPU.RW (same-cycle with dispatch):
138:     RW_from_Retire{I_31 pc:8000007c instr:00110113 rd:2 commit:1 data:00000006}
Trace 138 31 8000007c 00110113 RW
138: CPU.fwd: rs1 x2 <- WB val 6
138: CPU.Dispatch_Int:
        RR_to_Retire{I_32 pc:80000080 instr:00110113 EXEC_TAG_INT
                 pred:80000084 epoch:0 has_rd:1 writes_mem:0
                 fallthru:80000084 halt_sentinel:0}
        RR_to_EX{I_32 pc:80000080 instr:00110113
             rs1_val:00000006  rs2_val:0000000a  imm:00000001 }
Trace 138 32 80000080 00110113 RR.I
139: CPU.Decode:
        Decode_to_RR{I_34 pc:80000088 instr:00110113 pred:8000008c epoch:0
            fallthru:8000008c OPCLASS_INT has_{rs1,rs2,rd}:{1,0,1} writes_mem:0, imm:1 halt_sentinel:0}
        Mem_Rsp {MEM_RSP_OK addr:80000088 rdata:00110113 I_34 pc:80000088 instr:00000000 FETCH 4B}
Trace 139 34 80000088 00110113 D
139: CPU.rl_RR.stall: busy rd:1 rs1:1 rs2:0
        Decode_to_RR{I_33 pc:80000084 instr:00110113 pred:80000088 epoch:0
            fallthru:80000088 OPCLASS_INT has_{rs1,rs2,rd}:{1,0,1} writes_mem:0, imm:1 halt_sentinel:0}
Trace 139 33 80000084 00110113 RR.S
140: CPU.Fetch:
        Fetch_to_Decode{I_36 pc:80000090 pred:80000094 epoch:0 halt_sentinel:0}
        Mem_Req {I_36 pc:80000090 instr:xxxxxxxx FETCH 4B addr:80000090 epoch:0}
Trace 140 36 80000090 00000000 F
fn_EX_IALU: IALU x2 <= 7
140: CPU.EX_Int
        RR_to_EX{I_32 pc:80000080 instr:00110113
             rs1_val:00000006  rs2_val:0000000a  imm:00000001 }
        EX_to_Retire{I_32 pc:80000080 instr:00110113
                  data:00000007}
Trace 140 32 80000080 00110113 EX.I
141: CPU.rl_RR.stall: busy rd:1 rs1:0 rs2:0
        Decode_to_RR{I_33 pc:80000084 instr:00110113 pred:80000088 epoch:0
            fallthru:80000088 OPCLASS_INT has_{rs1,rs2,rd}:{1,0,1} writes_mem:0, imm:1 halt_sentinel:0}
Trace 141 33 80000084 00110113 RR.S
141:     CPU.S5.fa_update_rd:
          RW_from_Retire{I_32 pc:80000080 instr:00110113 rd:2 commit:1 data:00000007}
Trace 141 32 80000080 00110113 RET.I
141: CPU.Retire_EX_Int: Normal
        EX_to_Retire{I_32 pc:80000080 instr:00110113
                  data:00000007}
142: CPU.RW (same-cycle with dispatch):
142:     RW_from_Retire{I_32 pc:80000080 instr:00110113 rd:2 commit:1 data:00000007}
Trace 142 32 80000080 00110113 RW
142: CPU.fwd: rs1 x2 <- WB val 7
142: CPU.Dispatch_Int:
        RR_to_Retire{I_33 pc:80000084 instr:00110113 EXEC_TAG_INT
                 pred:80000088 epoch:0 has_rd:1 writes_mem:0
                 fallthru:80000088 halt_sentinel:0}
        RR_to_EX{I_33 pc:80000084 instr:00110113
             rs1_val:00000007  rs2_val:0000000a  imm:00000001 }
Trace 142 33 80000084 00110113 RR.I
143: CPU.Decode:
        Decode_to_RR{I_35 pc:8000008c instr:00110113 pred:80000090 epoch:0
            fallthru:80000090 OPCLASS_INT has_{rs1,rs2,rd}:{1,0,1} writes_mem:0, imm:1 halt_sentinel:0}
        Mem_Rsp {MEM_RSP_OK addr:8000008c rdata:00110113 I_35 pc:8000008c instr:00000000 FETCH 4B}
Trace 143 35 8000008c 00110113 D
143: CPU.rl_RR.stall: busy rd:1 rs1:1 rs2:0
        Decode_to_RR{I_34 pc:80000088 instr:00110113 pred:8000008c epoch:0
            fallthru:8000008c OPCLASS_INT has_{rs1,rs2,rd}:{1,0,1} writes_mem:0, imm:1 halt_sentinel:0}
Trace 143 34 80000088 00110113 RR.S
144: CPU.Fetch:
        Fetch_to_Decode{I_37 pc:80000094 pred:80000098 epoch:0 halt_sentinel:0}
        Mem_Req {I_37 pc:80000094 instr:xxxxxxxx FETCH 4B addr:80000094 epoch:0}
Trace 144 37 80000094 00000000 F
fn_EX_IALU: IALU x2 <= 8
144: CPU.EX_Int
        RR_to_EX{I_33 pc:80000084 instr:00110113
             rs1_val:00000007  rs2_val:0000000a  imm:00000001 }
        EX_to_Retire{I_33 pc:80000084 instr:00110113
                  data:00000008}
Trace 144 33 80000084 00110113 EX.I
145: CPU.rl_RR.stall: busy rd:1 rs1:0 rs2:0
        Decode_to_RR{I_34 pc:80000088 instr:00110113 pred:8000008c epoch:0
            fallthru:8000008c OPCLASS_INT has_{rs1,rs2,rd}:{1,0,1} writes_mem:0, imm:1 halt_sentinel:0}
Trace 145 34 80000088 00110113 RR.S
145:     CPU.S5.fa_update_rd:
          RW_from_Retire{I_33 pc:80000084 instr:00110113 rd:2 commit:1 data:00000008}
Trace 145 33 80000084 00110113 RET.I
145: CPU.Retire_EX_Int: Normal
        EX_to_Retire{I_33 pc:80000084 instr:00110113
                  data:00000008}
146: CPU.RW (same-cycle with dispatch):
146:     RW_from_Retire{I_33 pc:80000084 instr:00110113 rd:2 commit:1 data:00000008}
Trace 146 33 80000084 00110113 RW
146: CPU.fwd: rs1 x2 <- WB val 8
146: CPU.Dispatch_Int:
        RR_to_Retire{I_34 pc:80000088 instr:00110113 EXEC_TAG_INT
                 pred:8000008c epoch:0 has_rd:1 writes_mem:0
                 fallthru:8000008c halt_sentinel:0}
        RR_to_EX{I_34 pc:80000088 instr:00110113
             rs1_val:00000008  rs2_val:0000000a  imm:00000001 }
Trace 146 34 80000088 00110113 RR.I
147: CPU.Decode:
        Decode_to_RR{I_36 pc:80000090 instr:00110113 pred:80000094 epoch:0
            fallthru:80000094 OPCLASS_INT has_{rs1,rs2,rd}:{1,0,1} writes_mem:0, imm:1 halt_sentinel:0}
        Mem_Rsp {MEM_RSP_OK addr:80000090 rdata:00110113 I_36 pc:80000090 instr:00000000 FETCH 4B}
Trace 147 36 80000090 00110113 D
147: CPU.rl_RR.stall: busy rd:1 rs1:1 rs2:0
        Decode_to_RR{I_35 pc:8000008c instr:00110113 pred:80000090 epoch:0
            fallthru:80000090 OPCLASS_INT has_{rs1,rs2,rd}:{1,0,1} writes_mem:0, imm:1 halt_sentinel:0}
Trace 147 35 8000008c 00110113 RR.S
148: CPU.Fetch:
        Fetch_to_Decode{I_38 pc:80000098 pred:8000009c epoch:0 halt_sentinel:0}
        Mem_Req {I_38 pc:80000098 instr:xxxxxxxx FETCH 4B addr:80000098 epoch:0}
Trace 148 38 80000098 00000000 F
fn_EX_IALU: IALU x2 <= 9
148: CPU.EX_Int
        RR_to_EX{I_34 pc:80000088 instr:00110113
             rs1_val:00000008  rs2_val:0000000a  imm:00000001 }
        EX_to_Retire{I_34 pc:80000088 instr:00110113
                  data:00000009}
Trace 148 34 80000088 00110113 EX.I
149: CPU.rl_RR.stall: busy rd:1 rs1:0 rs2:0
        Decode_to_RR{I_35 pc:8000008c instr:00110113 pred:80000090 epoch:0
            fallthru:80000090 OPCLASS_INT has_{rs1,rs2,rd}:{1,0,1} writes_mem:0, imm:1 halt_sentinel:0}
Trace 149 35 8000008c 00110113 RR.S
149:     CPU.S5.fa_update_rd:
          RW_from_Retire{I_34 pc:80000088 instr:00110113 rd:2 commit:1 data:00000009}
Trace 149 34 80000088 00110113 RET.I
149: CPU.Retire_EX_Int: Normal
        EX_to_Retire{I_34 pc:80000088 instr:00110113
                  data:00000009}
150: CPU.RW (same-cycle with dispatch):
150:     RW_from_Retire{I_34 pc:80000088 instr:00110113 rd:2 commit:1 data:00000009}
Trace 150 34 80000088 00110113 RW
150: CPU.fwd: rs1 x2 <- WB val 9
150: CPU.Dispatch_Int:
        RR_to_Retire{I_35 pc:8000008c instr:00110113 EXEC_TAG_INT
                 pred:80000090 epoch:0 has_rd:1 writes_mem:0
                 fallthru:80000090 halt_sentinel:0}
        RR_to_EX{I_35 pc:8000008c instr:00110113
             rs1_val:00000009  rs2_val:0000000a  imm:00000001 }
Trace 150 35 8000008c 00110113 RR.I
151: CPU.Decode:
        Decode_to_RR{I_37 pc:80000094 instr:00110113 pred:80000098 epoch:0
            fallthru:80000098 OPCLASS_INT has_{rs1,rs2,rd}:{1,0,1} writes_mem:0, imm:1 halt_sentinel:0}
        Mem_Rsp {MEM_RSP_OK addr:80000094 rdata:00110113 I_37 pc:80000094 instr:00000000 FETCH 4B}
Trace 151 37 80000094 00110113 D
151: CPU.rl_RR.stall: busy rd:1 rs1:1 rs2:0
        Decode_to_RR{I_36 pc:80000090 instr:00110113 pred:80000094 epoch:0
            fallthru:80000094 OPCLASS_INT has_{rs1,rs2,rd}:{1,0,1} writes_mem:0, imm:1 halt_sentinel:0}
Trace 151 36 80000090 00110113 RR.S
152: CPU.Fetch:
        Fetch_to_Decode{I_39 pc:8000009c pred:800000a0 epoch:0 halt_sentinel:0}
        Mem_Req {I_39 pc:8000009c instr:xxxxxxxx FETCH 4B addr:8000009c epoch:0}
Trace 152 39 8000009c 00000000 F
fn_EX_IALU: IALU x2 <= a
152: CPU.EX_Int
        RR_to_EX{I_35 pc:8000008c instr:00110113
             rs1_val:00000009  rs2_val:0000000a  imm:00000001 }
        EX_to_Retire{I_35 pc:8000008c instr:00110113
                  data:0000000a}
Trace 152 35 8000008c 00110113 EX.I
153: CPU.rl_RR.stall: busy rd:1 rs1:0 rs2:0
        Decode_to_RR{I_36 pc:80000090 instr:00110113 pred:80000094 epoch:0
            fallthru:80000094 OPCLASS_INT has_{rs1,rs2,rd}:{1,0,1} writes_mem:0, imm:1 halt_sentinel:0}
Trace 153 36 80000090 00110113 RR.S
153:     CPU.S5.fa_update_rd:
          RW_from_Retire{I_35 pc:8000008c instr:00110113 rd:2 commit:1 data:0000000a}
Trace 153 35 8000008c 00110113 RET.I
153: CPU.Retire_EX_Int: Normal
        EX_to_Retire{I_35 pc:8000008c instr:00110113
                  data:0000000a}
154: CPU.RW (same-cycle with dispatch):
154:     RW_from_Retire{I_35 pc:8000008c instr:00110113 rd:2 commit:1 data:0000000a}
Trace 154 35 8000008c 00110113 RW
154: CPU.fwd: rs1 x2 <- WB val a
154: CPU.Dispatch_Int:
        RR_to_Retire{I_36 pc:80000090 instr:00110113 EXEC_TAG_INT
                 pred:80000094 epoch:0 has_rd:1 writes_mem:0
                 fallthru:80000094 halt_sentinel:0}
        RR_to_EX{I_36 pc:80000090 instr:00110113
             rs1_val:0000000a  rs2_val:0000000a  imm:00000001 }
Trace 154 36 80000090 00110113 RR.I
155: CPU.Decode:
        Decode_to_RR{I_38 pc:80000098 instr:00110113 pred:8000009c epoch:0
            fallthru:8000009c OPCLASS_INT has_{rs1,rs2,rd}:{1,0,1} writes_mem:0, imm:1 halt_sentinel:0}
        Mem_Rsp {MEM_RSP_OK addr:80000098 rdata:00110113 I_38 pc:80000098 instr:00000000 FETCH 4B}
Trace 155 38 80000098 00110113 D
155: CPU.rl_RR.stall: busy rd:1 rs1:1 rs2:0
        Decode_to_RR{I_37 pc:80000094 instr:00110113 pred:80000098 epoch:0
            fallthru:80000098 OPCLASS_INT has_{rs1,rs2,rd}:{1,0,1} writes_mem:0, imm:1 halt_sentinel:0}
Trace 155 37 80000094 00110113 RR.S
156: CPU.Fetch:
        Fetch_to_Decode{I_40 pc:800000a0 pred:800000a4 epoch:0 halt_sentinel:0}
        Mem_Req {I_40 pc:800000a0 instr:xxxxxxxx FETCH 4B addr:800000a0 epoch:0}
Trace 156 40 800000a0 00000000 F
fn_EX_IALU: IALU x2 <= b
156: CPU.EX_Int
        RR_to_EX{I_36 pc:80000090 instr:00110113
             rs1_val:0000000a  rs2_val:0000000a  imm:00000001 }
        EX_to_Retire{I_36 pc:80000090 instr:00110113
                  data:0000000b}
Trace 156 36 80000090 00110113 EX.I
157: CPU.rl_RR.stall: busy rd:1 rs1:0 rs2:0
        Decode_to_RR{I_37 pc:80000094 instr:00110113 pred:80000098 epoch:0
            fallthru:80000098 OPCLASS_INT has_{rs1,rs2,rd}:{1,0,1} writes_mem:0, imm:1 halt_sentinel:0}
Trace 157 37 80000094 00110113 RR.S
157:     CPU.S5.fa_update_rd:
          RW_from_Retire{I_36 pc:80000090 instr:00110113 rd:2 commit:1 data:0000000b}
Trace 157 36 80000090 00110113 RET.I
157: CPU.Retire_EX_Int: Normal
        EX_to_Retire{I_36 pc:80000090 instr:00110113
                  data:0000000b}
158: CPU.RW (same-cycle with dispatch):
158:     RW_from_Retire{I_36 pc:80000090 instr:00110113 rd:2 commit:1 data:0000000b}
Trace 158 36 80000090 00110113 RW
158: CPU.fwd: rs1 x2 <- WB val b
158: CPU.Dispatch_Int:
        RR_to_Retire{I_37 pc:80000094 instr:00110113 EXEC_TAG_INT
                 pred:80000098 epoch:0 has_rd:1 writes_mem:0
                 fallthru:80000098 halt_sentinel:0}
        RR_to_EX{I_37 pc:80000094 instr:00110113
             rs1_val:0000000b  rs2_val:0000000a  imm:00000001 }
Trace 158 37 80000094 00110113 RR.I
159: CPU.Decode:
        Decode_to_RR{I_39 pc:8000009c instr:00110113 pred:800000a0 epoch:0
            fallthru:800000a0 OPCLASS_INT has_{rs1,rs2,rd}:{1,0,1} writes_mem:0, imm:1 halt_sentinel:0}
        Mem_Rsp {MEM_RSP_OK addr:8000009c rdata:00110113 I_39 pc:8000009c instr:00000000 FETCH 4B}
Trace 159 39 8000009c 00110113 D
159: CPU.rl_RR.stall: busy rd:1 rs1:1 rs2:0
        Decode_to_RR{I_38 pc:80000098 instr:00110113 pred:8000009c epoch:0
            fallthru:8000009c OPCLASS_INT has_{rs1,rs2,rd}:{1,0,1} writes_mem:0, imm:1 halt_sentinel:0}
Trace 159 38 80000098 00110113 RR.S
160: CPU.Fetch:
        Fetch_to_Decode{I_41 pc:800000a4 pred:800000a8 epoch:0 halt_sentinel:0}
        Mem_Req {I_41 pc:800000a4 instr:xxxxxxxx FETCH 4B addr:800000a4 epoch:0}
Trace 160 41 800000a4 00000000 F
fn_EX_IALU: IALU x2 <= c
160: CPU.EX_Int
        RR_to_EX{I_37 pc:80000094 instr:00110113
             rs1_val:0000000b  rs2_val:0000000a  imm:00000001 }
        EX_to_Retire{I_37 pc:80000094 instr:00110113
                  data:0000000c}
Trace 160 37 80000094 00110113 EX.I
161: CPU.rl_RR.stall: busy rd:1 rs1:0 rs2:0
        Decode_to_RR{I_38 pc:80000098 instr:00110113 pred:8000009c epoch:0
            fallthru:8000009c OPCLASS_INT has_{rs1,rs2,rd}:{1,0,1} writes_mem:0, imm:1 halt_sentinel:0}
Trace 161 38 80000098 00110113 RR.S
161:     CPU.S5.fa_update_rd:
          RW_from_Retire{I_37 pc:80000094 instr:00110113 rd:2 commit:1 data:0000000c}
Trace 161 37 80000094 00110113 RET.I
161: CPU.Retire_EX_Int: Normal
        EX_to_Retire{I_37 pc:80000094 instr:00110113
                  data:0000000c}
162: CPU.RW (same-cycle with dispatch):
162:     RW_from_Retire{I_37 pc:80000094 instr:00110113 rd:2 commit:1 data:0000000c}
Trace 162 37 80000094 00110113 RW
162: CPU.fwd: rs1 x2 <- WB val c
162: CPU.Dispatch_Int:
        RR_to_Retire{I_38 pc:80000098 instr:00110113 EXEC_TAG_INT
                 pred:8000009c epoch:0 has_rd:1 writes_mem:0
                 fallthru:8000009c halt_sentinel:0}
        RR_to_EX{I_38 pc:80000098 instr:00110113
             rs1_val:0000000c  rs2_val:0000000a  imm:00000001 }
Trace 162 38 80000098 00110113 RR.I
163: CPU.Decode:
        Decode_to_RR{I_40 pc:800000a0 instr:00110113 pred:800000a4 epoch:0
            fallthru:800000a4 OPCLASS_INT has_{rs1,rs2,rd}:{1,0,1} writes_mem:0, imm:1 halt_sentinel:0}
        Mem_Rsp {MEM_RSP_OK addr:800000a0 rdata:00110113 I_40 pc:800000a0 instr:00000000 FETCH 4B}
Trace 163 40 800000a0 00110113 D
163: CPU.rl_RR.stall: busy rd:1 rs1:1 rs2:0
        Decode_to_RR{I_39 pc:8000009c instr:00110113 pred:800000a0 epoch:0
            fallthru:800000a0 OPCLASS_INT has_{rs1,rs2,rd}:{1,0,1} writes_mem:0, imm:1 halt_sentinel:0}
Trace 163 39 8000009c 00110113 RR.S
164: CPU.Fetch:
        Fetch_to_Decode{I_42 pc:800000a8 pred:800000ac epoch:0 halt_sentinel:0}
        Mem_Req {I_42 pc:800000a8 instr:xxxxxxxx FETCH 4B addr:800000a8 epoch:0}
Trace 164 42 800000a8 00000000 F
fn_EX_IALU: IALU x2 <= d
164: CPU.EX_Int
        RR_to_EX{I_38 pc:80000098 instr:00110113
             rs1_val:0000000c  rs2_val:0000000a  imm:00000001 }
        EX_to_Retire{I_38 pc:80000098 instr:00110113
                  data:0000000d}
Trace 164 38 80000098 00110113 EX.I
165: CPU.rl_RR.stall: busy rd:1 rs1:0 rs2:0
        Decode_to_RR{I_39 pc:8000009c instr:00110113 pred:800000a0 epoch:0
            fallthru:800000a0 OPCLASS_INT has_{rs1,rs2,rd}:{1,0,1} writes_mem:0, imm:1 halt_sentinel:0}
Trace 165 39 8000009c 00110113 RR.S
165:     CPU.S5.fa_update_rd:
          RW_from_Retire{I_38 pc:80000098 instr:00110113 rd:2 commit:1 data:0000000d}
Trace 165 38 80000098 00110113 RET.I
165: CPU.Retire_EX_Int: Normal
        EX_to_Retire{I_38 pc:80000098 instr:00110113
                  data:0000000d}
166: CPU.RW (same-cycle with dispatch):
166:     RW_from_Retire{I_38 pc:80000098 instr:00110113 rd:2 commit:1 data:0000000d}
Trace 166 38 80000098 00110113 RW
166: CPU.fwd: rs1 x2 <- WB val d
166: CPU.Dispatch_Int:
        RR_to_Retire{I_39 pc:8000009c instr:00110113 EXEC_TAG_INT
                 pred:800000a0 epoch:0 has_rd:1 writes_mem:0
                 fallthru:800000a0 halt_sentinel:0}
        RR_to_EX{I_39 pc:8000009c instr:00110113
             rs1_val:0000000d  rs2_val:0000000a  imm:00000001 }
Trace 166 39 8000009c 00110113 RR.I
167: CPU.Decode:
        Decode_to_RR{I_41 pc:800000a4 instr:00110113 pred:800000a8 epoch:0
            fallthru:800000a8 OPCLASS_INT has_{rs1,rs2,rd}:{1,0,1} writes_mem:0, imm:1 halt_sentinel:0}
        Mem_Rsp {MEM_RSP_OK addr:800000a4 rdata:00110113 I_41 pc:800000a4 instr:00000000 FETCH 4B}
Trace 167 41 800000a4 00110113 D
167: CPU.rl_RR.stall: busy rd:1 rs1:1 rs2:0
        Decode_to_RR{I_40 pc:800000a0 instr:00110113 pred:800000a4 epoch:0
            fallthru:800000a4 OPCLASS_INT has_{rs1,rs2,rd}:{1,0,1} writes_mem:0, imm:1 halt_sentinel:0}
Trace 167 40 800000a0 00110113 RR.S
168: CPU.Fetch:
        Fetch_to_Decode{I_43 pc:800000ac pred:800000b0 epoch:0 halt_sentinel:0}
        Mem_Req {I_43 pc:800000ac instr:xxxxxxxx FETCH 4B addr:800000ac epoch:0}
Trace 168 43 800000ac 00000000 F
fn_EX_IALU: IALU x2 <= e
168: CPU.EX_Int
        RR_to_EX{I_39 pc:8000009c instr:00110113
             rs1_val:0000000d  rs2_val:0000000a  imm:00000001 }
        EX_to_Retire{I_39 pc:8000009c instr:00110113
                  data:0000000e}
Trace 168 39 8000009c 00110113 EX.I
169: CPU.rl_RR.stall: busy rd:1 rs1:0 rs2:0
        Decode_to_RR{I_40 pc:800000a0 instr:00110113 pred:800000a4 epoch:0
            fallthru:800000a4 OPCLASS_INT has_{rs1,rs2,rd}:{1,0,1} writes_mem:0, imm:1 halt_sentinel:0}
Trace 169 40 800000a0 00110113 RR.S
169:     CPU.S5.fa_update_rd:
          RW_from_Retire{I_39 pc:8000009c instr:00110113 rd:2 commit:1 data:0000000e}
Trace 169 39 8000009c 00110113 RET.I
169: CPU.Retire_EX_Int: Normal
        EX_to_Retire{I_39 pc:8000009c instr:00110113
                  data:0000000e}
170: CPU.RW (same-cycle with dispatch):
170:     RW_from_Retire{I_39 pc:8000009c instr:00110113 rd:2 commit:1 data:0000000e}
Trace 170 39 8000009c 00110113 RW
170: CPU.fwd: rs1 x2 <- WB val e
170: CPU.Dispatch_Int:
        RR_to_Retire{I_40 pc:800000a0 instr:00110113 EXEC_TAG_INT
                 pred:800000a4 epoch:0 has_rd:1 writes_mem:0
                 fallthru:800000a4 halt_sentinel:0}
        RR_to_EX{I_40 pc:800000a0 instr:00110113
             rs1_val:0000000e  rs2_val:0000000a  imm:00000001 }
Trace 170 40 800000a0 00110113 RR.I
171: CPU.Decode:
        Decode_to_RR{I_42 pc:800000a8 instr:00110113 pred:800000ac epoch:0
            fallthru:800000ac OPCLASS_INT has_{rs1,rs2,rd}:{1,0,1} writes_mem:0, imm:1 halt_sentinel:0}
        Mem_Rsp {MEM_RSP_OK addr:800000a8 rdata:00110113 I_42 pc:800000a8 instr:00000000 FETCH 4B}
Trace 171 42 800000a8 00110113 D
171: CPU.rl_RR.stall: busy rd:1 rs1:1 rs2:0
        Decode_to_RR{I_41 pc:800000a4 instr:00110113 pred:800000a8 epoch:0
            fallthru:800000a8 OPCLASS_INT has_{rs1,rs2,rd}:{1,0,1} writes_mem:0, imm:1 halt_sentinel:0}
Trace 171 41 800000a4 00110113 RR.S
172: CPU.Fetch:
        Fetch_to_Decode{I_44 pc:800000b0 pred:800000b4 epoch:0 halt_sentinel:0}
        Mem_Req {I_44 pc:800000b0 instr:xxxxxxxx FETCH 4B addr:800000b0 epoch:0}
Trace 172 44 800000b0 00000000 F
fn_EX_IALU: IALU x2 <= f
172: CPU.EX_Int
        RR_to_EX{I_40 pc:800000a0 instr:00110113
             rs1_val:0000000e  rs2_val:0000000a  imm:00000001 }
        EX_to_Retire{I_40 pc:800000a0 instr:00110113
                  data:0000000f}
Trace 172 40 800000a0 00110113 EX.I
173: CPU.rl_RR.stall: busy rd:1 rs1:0 rs2:0
        Decode_to_RR{I_41 pc:800000a4 instr:00110113 pred:800000a8 epoch:0
            fallthru:800000a8 OPCLASS_INT has_{rs1,rs2,rd}:{1,0,1} writes_mem:0, imm:1 halt_sentinel:0}
Trace 173 41 800000a4 00110113 RR.S
173:     CPU.S5.fa_update_rd:
          RW_from_Retire{I_40 pc:800000a0 instr:00110113 rd:2 commit:1 data:0000000f}
Trace 173 40 800000a0 00110113 RET.I
173: CPU.Retire_EX_Int: Normal
        EX_to_Retire{I_40 pc:800000a0 instr:00110113
                  data:0000000f}
174: CPU.RW (same-cycle with dispatch):
174:     RW_from_Retire{I_40 pc:800000a0 instr:00110113 rd:2 commit:1 data:0000000f}
Trace 174 40 800000a0 00110113 RW
174: CPU.fwd: rs1 x2 <- WB val f
174: CPU.Dispatch_Int:
        RR_to_Retire{I_41 pc:800000a4 instr:00110113 EXEC_TAG_INT
                 pred:800000a8 epoch:0 has_rd:1 writes_mem:0
                 fallthru:800000a8 halt_sentinel:0}
        RR_to_EX{I_41 pc:800000a4 instr:00110113
             rs1_val:0000000f  rs2_val:0000000a  imm:00000001 }
Trace 174 41 800000a4 00110113 RR.I
175: CPU.Decode:
        Decode_to_RR{I_43 pc:800000ac instr:00110113 pred:800000b0 epoch:0
            fallthru:800000b0 OPCLASS_INT has_{rs1,rs2,rd}:{1,0,1} writes_mem:0, imm:1 halt_sentinel:0}
        Mem_Rsp {MEM_RSP_OK addr:800000ac rdata:00110113 I_43 pc:800000ac instr:00000000 FETCH 4B}
Trace 175 43 800000ac 00110113 D
175: CPU.rl_RR.stall: busy rd:1 rs1:1 rs2:0
        Decode_to_RR{I_42 pc:800000a8 instr:00110113 pred:800000ac epoch:0
            fallthru:800000ac OPCLASS_INT has_{rs1,rs2,rd}:{1,0,1} writes_mem:0, imm:1 halt_sentinel:0}
Trace 175 42 800000a8 00110113 RR.S
176: CPU.Fetch:
        Fetch_to_Decode{I_45 pc:800000b4 pred:800000b8 epoch:0 halt_sentinel:0}
        Mem_Req {I_45 pc:800000b4 instr:xxxxxxxx FETCH 4B addr:800000b4 epoch:0}
Trace 176 45 800000b4 00000000 F
fn_EX_IALU: IALU x2 <= 10
176: CPU.EX_Int
        RR_to_EX{I_41 pc:800000a4 instr:00110113
             rs1_val:0000000f  rs2_val:0000000a  imm:00000001 }
        EX_to_Retire{I_41 pc:800000a4 instr:00110113
                  data:00000010}
Trace 176 41 800000a4 00110113 EX.I
177: CPU.rl_RR.stall: busy rd:1 rs1:0 rs2:0
        Decode_to_RR{I_42 pc:800000a8 instr:00110113 pred:800000ac epoch:0
            fallthru:800000ac OPCLASS_INT has_{rs1,rs2,rd}:{1,0,1} writes_mem:0, imm:1 halt_sentinel:0}
Trace 177 42 800000a8 00110113 RR.S
177:     CPU.S5.fa_update_rd:
          RW_from_Retire{I_41 pc:800000a4 instr:00110113 rd:2 commit:1 data:00000010}
Trace 177 41 800000a4 00110113 RET.I
177: CPU.Retire_EX_Int: Normal
        EX_to_Retire{I_41 pc:800000a4 instr:00110113
                  data:00000010}
178: CPU.RW (same-cycle with dispatch):
178:     RW_from_Retire{I_41 pc:800000a4 instr:00110113 rd:2 commit:1 data:00000010}
Trace 178 41 800000a4 00110113 RW
178: CPU.fwd: rs1 x2 <- WB val 10
178: CPU.Dispatch_Int:
        RR_to_Retire{I_42 pc:800000a8 instr:00110113 EXEC_TAG_INT
                 pred:800000ac epoch:0 has_rd:1 writes_mem:0
                 fallthru:800000ac halt_sentinel:0}
        RR_to_EX{I_42 pc:800000a8 instr:00110113
             rs1_val:00000010  rs2_val:0000000a  imm:00000001 }
Trace 178 42 800000a8 00110113 RR.I
179: CPU.Decode:
        Decode_to_RR{I_44 pc:800000b0 instr:00110113 pred:800000b4 epoch:0
            fallthru:800000b4 OPCLASS_INT has_{rs1,rs2,rd}:{1,0,1} writes_mem:0, imm:1 halt_sentinel:0}
        Mem_Rsp {MEM_RSP_OK addr:800000b0 rdata:00110113 I_44 pc:800000b0 instr:00000000 FETCH 4B}
Trace 179 44 800000b0 00110113 D
179: CPU.rl_RR.stall: busy rd:1 rs1:1 rs2:0
        Decode_to_RR{I_43 pc:800000ac instr:00110113 pred:800000b0 epoch:0
            fallthru:800000b0 OPCLASS_INT has_{rs1,rs2,rd}:{1,0,1} writes_mem:0, imm:1 halt_sentinel:0}
Trace 179 43 800000ac 00110113 RR.S
180: CPU.Fetch:
        Fetch_to_Decode{I_46 pc:800000b8 pred:800000bc epoch:0 halt_sentinel:0}
        Mem_Req {I_46 pc:800000b8 instr:xxxxxxxx FETCH 4B addr:800000b8 epoch:0}
Trace 180 46 800000b8 00000000 F
fn_EX_IALU: IALU x2 <= 11
180: CPU.EX_Int
        RR_to_EX{I_42 pc:800000a8 instr:00110113
             rs1_val:00000010  rs2_val:0000000a  imm:00000001 }
        EX_to_Retire{I_42 pc:800000a8 instr:00110113
                  data:00000011}
Trace 180 42 800000a8 00110113 EX.I
181: CPU.rl_RR.stall: busy rd:1 rs1:0 rs2:0
        Decode_to_RR{I_43 pc:800000ac instr:00110113 pred:800000b0 epoch:0
            fallthru:800000b0 OPCLASS_INT has_{rs1,rs2,rd}:{1,0,1} writes_mem:0, imm:1 halt_sentinel:0}
Trace 181 43 800000ac 00110113 RR.S
181:     CPU.S5.fa_update_rd:
          RW_from_Retire{I_42 pc:800000a8 instr:00110113 rd:2 commit:1 data:00000011}
Trace 181 42 800000a8 00110113 RET.I
181: CPU.Retire_EX_Int: Normal
        EX_to_Retire{I_42 pc:800000a8 instr:00110113
                  data:00000011}
182: CPU.RW (same-cycle with dispatch):
182:     RW_from_Retire{I_42 pc:800000a8 instr:00110113 rd:2 commit:1 data:00000011}
Trace 182 42 800000a8 00110113 RW
182: CPU.fwd: rs1 x2 <- WB val 11
182: CPU.Dispatch_Int:
        RR_to_Retire{I_43 pc:800000ac instr:00110113 EXEC_TAG_INT
                 pred:800000b0 epoch:0 has_rd:1 writes_mem:0
                 fallthru:800000b0 halt_sentinel:0}
        RR_to_EX{I_43 pc:800000ac instr:00110113
             rs1_val:00000011  rs2_val:0000000a  imm:00000001 }
Trace 182 43 800000ac 00110113 RR.I
183: CPU.Decode:
        Decode_to_RR{I_45 pc:800000b4 instr:00110113 pred:800000b8 epoch:0
            fallthru:800000b8 OPCLASS_INT has_{rs1,rs2,rd}:{1,0,1} writes_mem:0, imm:1 halt_sentinel:0}
        Mem_Rsp {MEM_RSP_OK addr:800000b4 rdata:00110113 I_45 pc:800000b4 instr:00000000 FETCH 4B}
Trace 183 45 800000b4 00110113 D
183: CPU.rl_RR.stall: busy rd:1 rs1:1 rs2:0
        Decode_to_RR{I_44 pc:800000b0 instr:00110113 pred:800000b4 epoch:0
            fallthru:800000b4 OPCLASS_INT has_{rs1,rs2,rd}:{1,0,1} writes_mem:0, imm:1 halt_sentinel:0}
Trace 183 44 800000b0 00110113 RR.S
184: CPU.Fetch:
        Fetch_to_Decode{I_47 pc:800000bc pred:800000c0 epoch:0 halt_sentinel:0}
        Mem_Req {I_47 pc:800000bc instr:xxxxxxxx FETCH 4B addr:800000bc epoch:0}
Trace 184 47 800000bc 00000000 F
fn_EX_IALU: IALU x2 <= 12
184: CPU.EX_Int
        RR_to_EX{I_43 pc:800000ac instr:00110113
             rs1_val:00000011  rs2_val:0000000a  imm:00000001 }
        EX_to_Retire{I_43 pc:800000ac instr:00110113
                  data:00000012}
Trace 184 43 800000ac 00110113 EX.I
185: CPU.rl_RR.stall: busy rd:1 rs1:0 rs2:0
        Decode_to_RR{I_44 pc:800000b0 instr:00110113 pred:800000b4 epoch:0
            fallthru:800000b4 OPCLASS_INT has_{rs1,rs2,rd}:{1,0,1} writes_mem:0, imm:1 halt_sentinel:0}
Trace 185 44 800000b0 00110113 RR.S
185:     CPU.S5.fa_update_rd:
          RW_from_Retire{I_43 pc:800000ac instr:00110113 rd:2 commit:1 data:00000012}
Trace 185 43 800000ac 00110113 RET.I
185: CPU.Retire_EX_Int: Normal
        EX_to_Retire{I_43 pc:800000ac instr:00110113
                  data:00000012}
186: CPU.RW (same-cycle with dispatch):
186:     RW_from_Retire{I_43 pc:800000ac instr:00110113 rd:2 commit:1 data:00000012}
Trace 186 43 800000ac 00110113 RW
186: CPU.fwd: rs1 x2 <- WB val 12
186: CPU.Dispatch_Int:
        RR_to_Retire{I_44 pc:800000b0 instr:00110113 EXEC_TAG_INT
                 pred:800000b4 epoch:0 has_rd:1 writes_mem:0
                 fallthru:800000b4 halt_sentinel:0}
        RR_to_EX{I_44 pc:800000b0 instr:00110113
             rs1_val:00000012  rs2_val:0000000a  imm:00000001 }
Trace 186 44 800000b0 00110113 RR.I
187: CPU.Decode:
        Decode_to_RR{I_46 pc:800000b8 instr:01400b13 pred:800000bc epoch:0
            fallthru:800000bc OPCLASS_INT has_{rs1,rs2,rd}:{1,0,1} writes_mem:0, imm:14 halt_sentinel:0}
        Mem_Rsp {MEM_RSP_OK addr:800000b8 rdata:01400b13 I_46 pc:800000b8 instr:00000000 FETCH 4B}
Trace 187 46 800000b8 01400b13 D
187: CPU.rl_RR.stall: busy rd:1 rs1:1 rs2:0
        Decode_to_RR{I_45 pc:800000b4 instr:00110113 pred:800000b8 epoch:0
            fallthru:800000b8 OPCLASS_INT has_{rs1,rs2,rd}:{1,0,1} writes_mem:0, imm:1 halt_sentinel:0}
Trace 187 45 800000b4 00110113 RR.S
188: CPU.Fetch:
        Fetch_to_Decode{I_48 pc:800000c0 pred:800000c4 epoch:0 halt_sentinel:0}
        Mem_Req {I_48 pc:800000c0 instr:xxxxxxxx FETCH 4B addr:800000c0 epoch:0}
Trace 188 48 800000c0 00000000 F
fn_EX_IALU: IALU x2 <= 13
188: CPU.EX_Int
        RR_to_EX{I_44 pc:800000b0 instr:00110113
             rs1_val:00000012  rs2_val:0000000a  imm:00000001 }
        EX_to_Retire{I_44 pc:800000b0 instr:00110113
                  data:00000013}
Trace 188 44 800000b0 00110113 EX.I
189: CPU.rl_RR.stall: busy rd:1 rs1:0 rs2:0
        Decode_to_RR{I_45 pc:800000b4 instr:00110113 pred:800000b8 epoch:0
            fallthru:800000b8 OPCLASS_INT has_{rs1,rs2,rd}:{1,0,1} writes_mem:0, imm:1 halt_sentinel:0}
Trace 189 45 800000b4 00110113 RR.S
189:     CPU.S5.fa_update_rd:
          RW_from_Retire{I_44 pc:800000b0 instr:00110113 rd:2 commit:1 data:00000013}
Trace 189 44 800000b0 00110113 RET.I
189: CPU.Retire_EX_Int: Normal
        EX_to_Retire{I_44 pc:800000b0 instr:00110113
                  data:00000013}
190: CPU.RW (same-cycle with dispatch):
190:     RW_from_Retire{I_44 pc:800000b0 instr:00110113 rd:2 commit:1 data:00000013}
Trace 190 44 800000b0 00110113 RW
190: CPU.fwd: rs1 x2 <- WB val 13
190: CPU.Dispatch_Int:
        RR_to_Retire{I_45 pc:800000b4 instr:00110113 EXEC_TAG_INT
                 pred:800000b8 epoch:0 has_rd:1 writes_mem:0
                 fallthru:800000b8 halt_sentinel:0}
        RR_to_EX{I_45 pc:800000b4 instr:00110113
             rs1_val:00000013  rs2_val:0000000a  imm:00000001 }
Trace 190 45 800000b4 00110113 RR.I
191: CPU.Decode:
        Decode_to_RR{I_47 pc:800000bc instr:01611663 pred:800000c0 epoch:0
            fallthru:800000c0 OPCLASS_CONTROL has_{rs1,rs2,rd}:{1,1,0} writes_mem:0, imm:c halt_sentinel:0}
        Mem_Rsp {MEM_RSP_OK addr:800000bc rdata:01611663 I_47 pc:800000bc instr:00000000 FETCH 4B}
Trace 191 47 800000bc 01611663 D
191: CPU.Dispatch_Int:
        RR_to_Retire{I_46 pc:800000b8 instr:01400b13 EXEC_TAG_INT
                 pred:800000bc epoch:0 has_rd:1 writes_mem:0
                 fallthru:800000bc halt_sentinel:0}
        RR_to_EX{I_46 pc:800000b8 instr:01400b13
             rs1_val:00000000  rs2_val:00000001  imm:00000014 }
Trace 191 46 800000b8 01400b13 RR.I
192: CPU.Fetch:
        Fetch_to_Decode{I_49 pc:800000c4 pred:800000c8 epoch:0 halt_sentinel:0}
        Mem_Req {I_49 pc:800000c4 instr:xxxxxxxx FETCH 4B addr:800000c4 epoch:0}
Trace 192 49 800000c4 00000000 F
192: CPU.Decode:
        Decode_to_RR{I_48 pc:800000c0 instr:00100e13 pred:800000c4 epoch:0
            fallthru:800000c4 OPCLASS_INT has_{rs1,rs2,rd}:{1,0,1} writes_mem:0, imm:1 halt_sentinel:0}
        Mem_Rsp {MEM_RSP_OK addr:800000c0 rdata:00100e13 I_48 pc:800000c0 instr:00000000 FETCH 4B}
Trace 192 48 800000c0 00100e13 D
fn_EX_IALU: IALU x2 <= 14
192: CPU.EX_Int
        RR_to_EX{I_45 pc:800000b4 instr:00110113
             rs1_val:00000013  rs2_val:0000000a  imm:00000001 }
        EX_to_Retire{I_45 pc:800000b4 instr:00110113
                  data:00000014}
Trace 192 45 800000b4 00110113 EX.I
193: CPU.Fetch:
        Fetch_to_Decode{I_50 pc:800000c8 pred:800000cc epoch:0 halt_sentinel:0}
        Mem_Req {I_50 pc:800000c8 instr:xxxxxxxx FETCH 4B addr:800000c8 epoch:0}
Trace 193 50 800000c8 00000000 F
fn_EX_IALU: IALU x22 <= 14
193: CPU.EX_Int
        RR_to_EX{I_46 pc:800000b8 instr:01400b13
             rs1_val:00000000  rs2_val:00000001  imm:00000014 }
        EX_to_Retire{I_46 pc:800000b8 instr:01400b13
                  data:00000014}
Trace 193 46 800000b8 01400b13 EX.I
193:     CPU.S5.fa_update_rd:
          RW_from_Retire{I_45 pc:800000b4 instr:00110113 rd:2 commit:1 data:00000014}
Trace 193 45 800000b4 00110113 RET.I
193: CPU.Retire_EX_Int: Normal
        EX_to_Retire{I_45 pc:800000b4 instr:00110113
                  data:00000014}
194: CPU.RW (same-cycle with dispatch):
194:     RW_from_Retire{I_45 pc:800000b4 instr:00110113 rd:2 commit:1 data:00000014}
Trace 194 45 800000b4 00110113 RW
194: CPU.fwd: rs1 x2 <- WB val 14
194: CPU.fwd: rs2 x22 <- EX_Int fwd val 14
194: CPU.Dispatch_Control:
        RR_to_Retire{I_47 pc:800000bc instr:01611663 EXEC_TAG_CONTROL
                 pred:800000c0 epoch:0 has_rd:0 writes_mem:0
                 fallthru:800000c0 halt_sentinel:0}
        RR_to_EX_Control{I_47 pc:800000bc instr:01611663 fallthru:800000c0
                  rs1_val:00000014  rs2_val:00000014  imm:0000000c }
Trace 194 47 800000bc 01611663 RR.C
194:     CPU.S5.fa_update_rd:
          RW_from_Retire{I_46 pc:800000b8 instr:01400b13 rd:22 commit:1 data:00000014}
Trace 194 46 800000b8 01400b13 RET.I
194: CPU.Retire_EX_Int: Normal
        EX_to_Retire{I_46 pc:800000b8 instr:01400b13
                  data:00000014}
195: CPU.Decode:
        Decode_to_RR{I_49 pc:800000c4 instr:0080006f pred:800000c8 epoch:0
            fallthru:800000c8 OPCLASS_CONTROL has_{rs1,rs2,rd}:{0,0,0} writes_mem:0, imm:8 halt_sentinel:0}
        Mem_Rsp {MEM_RSP_OK addr:800000c4 rdata:0080006f I_49 pc:800000c4 instr:00000000 FETCH 4B}
Trace 195 49 800000c4 0080006f D
195: CPU.RW (same-cycle with dispatch):
195:     RW_from_Retire{I_46 pc:800000b8 instr:01400b13 rd:22 commit:1 data:00000014}
Trace 195 46 800000b8 01400b13 RW
195: CPU.Dispatch_Int:
        RR_to_Retire{I_48 pc:800000c0 instr:00100e13 EXEC_TAG_INT
                 pred:800000c4 epoch:0 has_rd:1 writes_mem:0
                 fallthru:800000c4 halt_sentinel:0}
        RR_to_EX{I_48 pc:800000c0 instr:00100e13
             rs1_val:00000000  rs2_val:0000000a  imm:00000001 }
Trace 195 48 800000c0 00100e13 RR.I
196: CPU.EX_Control
        RR_to_EX_Control{I_47 pc:800000bc instr:01611663 fallthru:800000c0
                  rs1_val:00000014  rs2_val:00000014  imm:0000000c }
        EX_Control_to_Retire{I_47 pc:800000bc instr:01611663
                       next_pc:800000c0  data:800000c0}
Trace 196 47 800000bc 01611663 EX.C
196: CPU.Fetch:
        Fetch_to_Decode{I_51 pc:800000cc pred:800000d0 epoch:0 halt_sentinel:0}
        Mem_Req {I_51 pc:800000cc instr:xxxxxxxx FETCH 4B addr:800000cc epoch:0}
Trace 196 51 800000cc 00000000 F
196: CPU.Decode:
        Decode_to_RR{I_50 pc:800000c8 instr:00300e13 pred:800000cc epoch:0
            fallthru:800000cc OPCLASS_INT has_{rs1,rs2,rd}:{1,0,1} writes_mem:0, imm:3 halt_sentinel:0}
        Mem_Rsp {MEM_RSP_OK addr:800000c8 rdata:00300e13 I_50 pc:800000c8 instr:00000000 FETCH 4B}
Trace 196 50 800000c8 00300e13 D
196: CPU.Dispatch_Control:
        RR_to_Retire{I_49 pc:800000c4 instr:0080006f EXEC_TAG_CONTROL
                 pred:800000c8 epoch:0 has_rd:0 writes_mem:0
                 fallthru:800000c8 halt_sentinel:0}
        RR_to_EX_Control{I_49 pc:800000c4 instr:0080006f fallthru:800000c8
                  rs1_val:00000000  rs2_val:00000001  imm:00000008 }
Trace 196 49 800000c4 0080006f RR.C
197: CPU.Fetch:
        Fetch_to_Decode{I_52 pc:800000d0 pred:800000d4 epoch:0 halt_sentinel:0}
        Mem_Req {I_52 pc:800000d0 instr:xxxxxxxx FETCH 4B addr:800000d0 epoch:0}
Trace 197 52 800000d0 00000000 F
197: CPU.Decode:
        Decode_to_RR{I_51 pc:800000cc instr:6fff0f37 pred:800000d0 epoch:0
            fallthru:800000d0 OPCLASS_INT has_{rs1,rs2,rd}:{0,0,1} writes_mem:0, imm:6fff0000 halt_sentinel:0}
        Mem_Rsp {MEM_RSP_OK addr:800000cc rdata:6fff0f37 I_51 pc:800000cc instr:00000000 FETCH 4B}
Trace 197 51 800000cc 6fff0f37 D
fn_EX_IALU: IALU x28 <= 1
197: CPU.EX_Int
        RR_to_EX{I_48 pc:800000c0 instr:00100e13
             rs1_val:00000000  rs2_val:0000000a  imm:00000001 }
        EX_to_Retire{I_48 pc:800000c0 instr:00100e13
                  data:00000001}
Trace 197 48 800000c0 00100e13 EX.I
Trace 197 47 800000bc 01611663 RET.C
197: CPU.Retire_EX_Control: Normal
        EX_Control_to_Retire{I_47 pc:800000bc instr:01611663
                       next_pc:800000c0  data:800000c0}
198: CPU.EX_Control
        RR_to_EX_Control{I_49 pc:800000c4 instr:0080006f fallthru:800000c8
                  rs1_val:00000000  rs2_val:00000001  imm:00000008 }
        EX_Control_to_Retire{I_49 pc:800000c4 instr:0080006f
                       next_pc:800000cc  data:800000c8}
Trace 198 49 800000c4 0080006f EX.C
198: CPU.Fetch:
        Fetch_to_Decode{I_53 pc:800000d4 pred:800000d8 epoch:0 halt_sentinel:0}
        Mem_Req {I_53 pc:800000d4 instr:xxxxxxxx FETCH 4B addr:800000d4 epoch:0}
Trace 198 53 800000d4 00000000 F
198: CPU.rl_RR.stall: busy rd:1 rs1:0 rs2:0
        Decode_to_RR{I_50 pc:800000c8 instr:00300e13 pred:800000cc epoch:0
            fallthru:800000cc OPCLASS_INT has_{rs1,rs2,rd}:{1,0,1} writes_mem:0, imm:3 halt_sentinel:0}
Trace 198 50 800000c8 00300e13 RR.S
198:     CPU.S5.fa_update_rd:
          RW_from_Retire{I_48 pc:800000c0 instr:00100e13 rd:28 commit:1 data:00000001}
Trace 198 48 800000c0 00100e13 RET.I
198: CPU.Retire_EX_Int: Normal
        EX_to_Retire{I_48 pc:800000c0 instr:00100e13
                  data:00000001}
199: CPU.RW (same-cycle with dispatch):
199:     RW_from_Retire{I_48 pc:800000c0 instr:00100e13 rd:28 commit:1 data:00000001}
Trace 199 48 800000c0 00100e13 RW
199: CPU.Dispatch_Int:
        RR_to_Retire{I_50 pc:800000c8 instr:00300e13 EXEC_TAG_INT
                 pred:800000cc epoch:0 has_rd:1 writes_mem:0
                 fallthru:800000cc halt_sentinel:0}
        RR_to_EX{I_50 pc:800000c8 instr:00300e13
             rs1_val:00000000  rs2_val:00000001  imm:00000003 }
Trace 199 50 800000c8 00300e13 RR.I
199:     CPU.S5.fa_redirect_Fetch:
        Fetch_from_Retire{I_49 pc:800000c4 instr:0080006f next_pc:800000cc next_epoch 1 haltreq 0}
Trace 199 49 800000c4 0080006f RET.C
199: CPU.Retire_EX_Control: Normal
        EX_Control_to_Retire{I_49 pc:800000c4 instr:0080006f
                       next_pc:800000cc  data:800000c8}
200: CPU.Redirect:
        Fetch_from_Retire{I_49 pc:800000c4 instr:0080006f next_pc:800000cc next_epoch 1 haltreq 0}
Trace 200 49 800000c4 0080006f Redir
200: CPU.Decode:
        Decode_to_RR{I_52 pc:800000d0 instr:01cf2823 pred:800000d4 epoch:0
            fallthru:800000d4 OPCLASS_MEM has_{rs1,rs2,rd}:{1,1,0} writes_mem:1, imm:10 halt_sentinel:0}
        Mem_Rsp {MEM_RSP_OK addr:800000d0 rdata:01cf2823 I_52 pc:800000d0 instr:00000000 FETCH 4B}
Trace 200 52 800000d0 01cf2823 D
200: CPU.Dispatch_Int:
        RR_to_Retire{I_51 pc:800000cc instr:6fff0f37 EXEC_TAG_INT
                 pred:800000d0 epoch:0 has_rd:1 writes_mem:0
                 fallthru:800000d0 halt_sentinel:0}
        RR_to_EX{I_51 pc:800000cc instr:6fff0f37
             rs1_val:00000000  rs2_val:00000000  imm:6fff0000 }
Trace 200 51 800000cc 6fff0f37 RR.I
201: CPU.Fetch:
        Fetch_to_Decode{I_54 pc:800000cc pred:800000d0 epoch:1 halt_sentinel:0}
        Mem_Req {I_54 pc:800000cc instr:xxxxxxxx FETCH 4B addr:800000cc epoch:1}
Trace 201 54 800000cc 00000000 F
201: CPU.Decode:
        Decode_to_RR{I_53 pc:800000d4 instr:0000006f pred:800000d8 epoch:0
            fallthru:800000d8 OPCLASS_CONTROL has_{rs1,rs2,rd}:{0,0,0} writes_mem:0, imm:0 halt_sentinel:0}
        Mem_Rsp {MEM_RSP_OK addr:800000d4 rdata:0000006f I_53 pc:800000d4 instr:00000000 FETCH 4B}
Trace 201 53 800000d4 0000006f D
fn_EX_IALU: IALU x28 <= 3
201: CPU.EX_Int
        RR_to_EX{I_50 pc:800000c8 instr:00300e13
             rs1_val:00000000  rs2_val:00000001  imm:00000003 }
        EX_to_Retire{I_50 pc:800000c8 instr:00300e13
                  data:00000003}
Trace 201 50 800000c8 00300e13 EX.I
202: CPU.Fetch:
        Fetch_to_Decode{I_55 pc:800000d0 pred:800000d4 epoch:1 halt_sentinel:0}
        Mem_Req {I_55 pc:800000d0 instr:xxxxxxxx FETCH 4B addr:800000d0 epoch:1}
Trace 202 55 800000d0 00000000 F
fn_EX_IALU: LUI x30 <= 6fff0000
202: CPU.EX_Int
        RR_to_EX{I_51 pc:800000cc instr:6fff0f37
             rs1_val:00000000  rs2_val:00000000  imm:6fff0000 }
        EX_to_Retire{I_51 pc:800000cc instr:6fff0f37
                  data:6fff0000}
Trace 202 51 800000cc 6fff0f37 EX.I
202:     CPU.S5.fa_update_rd:(unreserve scoreboard)
          RW_from_Retire{I_50 pc:800000c8 instr:00300e13 rd:28 commit:0 data:xxxxxxxx}
Trace 202 50 800000c8 00300e13 RET.discard
202: CPU.S5.rl_Retire_wrong_path:
        RR_to_Retire{I_50 pc:800000c8 instr:00300e13 EXEC_TAG_INT
                 pred:800000cc epoch:0 has_rd:1 writes_mem:0
                 fallthru:800000cc halt_sentinel:0}
203: CPU.RW (same-cycle with dispatch):
203:     RW_from_Retire{I_50 pc:800000c8 instr:00300e13 rd:28 commit:0 data:00000000}
Trace 203 50 800000c8 00300e13 RW
203: CPU.fwd: rs1 x30 <- EX_Int fwd val 6fff0000
203: CPU.Dispatch_DMem:
        RR_to_Retire{I_52 pc:800000d0 instr:01cf2823 EXEC_TAG_DMEM
                 pred:800000d4 epoch:0 has_rd:0 writes_mem:1
                 fallthru:800000d4 halt_sentinel:0}
        rs1_val:6fff0000  rs2_val:00000001  imm:00000010
        Mem_Req {I_52 pc:800000d0 instr:01cf2823 STORE 4B addr:6fff0010 wdata:00000001 epoch:0}
Trace 203 52 800000d0 01cf2823 RR.D
203:     CPU.S5.fa_update_rd:(unreserve scoreboard)
          RW_from_Retire{I_51 pc:800000cc instr:6fff0f37 rd:30 commit:0 data:xxxxxxxx}
Trace 203 51 800000cc 6fff0f37 RET.discard
203: CPU.S5.rl_Retire_wrong_path:
        RR_to_Retire{I_51 pc:800000cc instr:6fff0f37 EXEC_TAG_INT
                 pred:800000d0 epoch:0 has_rd:1 writes_mem:0
                 fallthru:800000d0 halt_sentinel:0}
204: CPU.Decode:
        Decode_to_RR{I_54 pc:800000cc instr:6fff0f37 pred:800000d0 epoch:1
            fallthru:800000d0 OPCLASS_INT has_{rs1,rs2,rd}:{0,0,1} writes_mem:0, imm:6fff0000 halt_sentinel:0}
        Mem_Rsp {MEM_RSP_OK addr:800000cc rdata:6fff0f37 I_54 pc:800000cc instr:00000000 FETCH 4B}
Trace 204 54 800000cc 6fff0f37 D
204: CPU.RW (same-cycle with dispatch):
204:     RW_from_Retire{I_51 pc:800000cc instr:6fff0f37 rd:30 commit:0 data:00000000}
Trace 204 51 800000cc 6fff0f37 RW
204: CPU.Dispatch_Control:
        RR_to_Retire{I_53 pc:800000d4 instr:0000006f EXEC_TAG_CONTROL
                 pred:800000d8 epoch:0 has_rd:0 writes_mem:0
                 fallthru:800000d8 halt_sentinel:0}
        RR_to_EX_Control{I_53 pc:800000d4 instr:0000006f fallthru:800000d8
                  rs1_val:00000000  rs2_val:00000000  imm:00000000 }
Trace 204 53 800000d4 0000006f RR.C
205: CPU.Fetch:
        Fetch_to_Decode{I_56 pc:800000d4 pred:800000d8 epoch:1 halt_sentinel:0}
        Mem_Req {I_56 pc:800000d4 instr:xxxxxxxx FETCH 4B addr:800000d4 epoch:1}
Trace 205 56 800000d4 00000000 F
205: CPU.Decode:
        Decode_to_RR{I_55 pc:800000d0 instr:01cf2823 pred:800000d4 epoch:1
            fallthru:800000d4 OPCLASS_MEM has_{rs1,rs2,rd}:{1,1,0} writes_mem:1, imm:10 halt_sentinel:0}
        Mem_Rsp {MEM_RSP_OK addr:800000d0 rdata:01cf2823 I_55 pc:800000d0 instr:00000000 FETCH 4B}
Trace 205 55 800000d0 01cf2823 D
205: CPU.Dispatch_Int:
        RR_to_Retire{I_54 pc:800000cc instr:6fff0f37 EXEC_TAG_INT
                 pred:800000d0 epoch:1 has_rd:1 writes_mem:0
                 fallthru:800000d0 halt_sentinel:0}
        RR_to_EX{I_54 pc:800000cc instr:6fff0f37
             rs1_val:00000000  rs2_val:00000000  imm:6fff0000 }
Trace 205 54 800000cc 6fff0f37 RR.I
Trace 205 52 800000d0 01cf2823 RET.discard
205: CPU.S5.rl_Retire_wrong_path:
        RR_to_Retire{I_52 pc:800000d0 instr:01cf2823 EXEC_TAG_DMEM
                 pred:800000d4 epoch:0 has_rd:0 writes_mem:1
                 fallthru:800000d4 halt_sentinel:0}
206: CPU.EX_Control
        RR_to_EX_Control{I_53 pc:800000d4 instr:0000006f fallthru:800000d8
                  rs1_val:00000000  rs2_val:00000000  imm:00000000 }
        EX_Control_to_Retire{I_53 pc:800000d4 instr:0000006f
                       next_pc:800000d4  data:800000d8}
Trace 206 53 800000d4 0000006f EX.C
206: CPU.Fetch:
        Fetch_to_Decode{I_57 pc:800000d8 pred:800000dc epoch:1 halt_sentinel:0}
        Mem_Req {I_57 pc:800000d8 instr:xxxxxxxx FETCH 4B addr:800000d8 epoch:1}
Trace 206 57 800000d8 00000000 F
206: CPU.Decode:
        Decode_to_RR{I_56 pc:800000d4 instr:0000006f pred:800000d8 epoch:1
            fallthru:800000d8 OPCLASS_CONTROL has_{rs1,rs2,rd}:{0,0,0} writes_mem:0, imm:0 halt_sentinel:0}
        Mem_Rsp {MEM_RSP_OK addr:800000d4 rdata:0000006f I_56 pc:800000d4 instr:00000000 FETCH 4B}
Trace 206 56 800000d4 0000006f D
206: CPU.rl_RR.stall: busy rd:0 rs1:1 rs2:0
        Decode_to_RR{I_55 pc:800000d0 instr:01cf2823 pred:800000d4 epoch:1
            fallthru:800000d4 OPCLASS_MEM has_{rs1,rs2,rd}:{1,1,0} writes_mem:1, imm:10 halt_sentinel:0}
Trace 206 55 800000d0 01cf2823 RR.S
207: CPU.Fetch:
        Fetch_to_Decode{I_58 pc:800000dc pred:800000e0 epoch:1 halt_sentinel:0}
        Mem_Req {I_58 pc:800000dc instr:xxxxxxxx FETCH 4B addr:800000dc epoch:1}
Trace 207 58 800000dc 00000000 F
fn_EX_IALU: LUI x30 <= 6fff0000
207: CPU.EX_Int
        RR_to_EX{I_54 pc:800000cc instr:6fff0f37
             rs1_val:00000000  rs2_val:00000000  imm:6fff0000 }
        EX_to_Retire{I_54 pc:800000cc instr:6fff0f37
                  data:6fff0000}
Trace 207 54 800000cc 6fff0f37 EX.I
Trace 207 53 800000d4 0000006f RET.discard
207: CPU.S5.rl_Retire_wrong_path:
        RR_to_Retire{I_53 pc:800000d4 instr:0000006f EXEC_TAG_CONTROL
                 pred:800000d8 epoch:0 has_rd:0 writes_mem:0
                 fallthru:800000d8 halt_sentinel:0}
208: CPU.fwd: rs1 x30 <- EX_Int fwd val 6fff0000
208: CPU.Dispatch_DMem:
        RR_to_Retire{I_55 pc:800000d0 instr:01cf2823 EXEC_TAG_DMEM
                 pred:800000d4 epoch:1 has_rd:0 writes_mem:1
                 fallthru:800000d4 halt_sentinel:0}
        rs1_val:6fff0000  rs2_val:00000001  imm:00000010
        Mem_Req {I_55 pc:800000d0 instr:01cf2823 STORE 4B addr:6fff0010 wdata:00000001 epoch:1}
Trace 208 55 800000d0 01cf2823 RR.D
208:     CPU.S5.fa_update_rd:
          RW_from_Retire{I_54 pc:800000cc instr:6fff0f37 rd:30 commit:1 data:6fff0000}
Trace 208 54 800000cc 6fff0f37 RET.I
208: CPU.Retire_EX_Int: Normal
        EX_to_Retire{I_54 pc:800000cc instr:6fff0f37
                  data:6fff0000}
209: CPU.Decode:
        Decode_to_RR{I_57 pc:800000d8 instr:00000000 pred:800000dc epoch:1
            fallthru:800000dc ILLEGAL_INSTR tval:0 halt_sentinel:0}
        Mem_Rsp {MEM_RSP_OK addr:800000d8 rdata:00000000 I_57 pc:800000d8 instr:00000000 FETCH 4B}
Trace 209 57 800000d8 00000000 D
209: CPU.RW (same-cycle with dispatch):
209:     RW_from_Retire{I_54 pc:800000cc instr:6fff0f37 rd:30 commit:1 data:6fff0000}
Trace 209 54 800000cc 6fff0f37 RW
209: CPU.Dispatch_Control:
        RR_to_Retire{I_56 pc:800000d4 instr:0000006f EXEC_TAG_CONTROL
                 pred:800000d8 epoch:1 has_rd:0 writes_mem:0
                 fallthru:800000d8 halt_sentinel:0}
        RR_to_EX_Control{I_56 pc:800000d4 instr:0000006f fallthru:800000d8
                  rs1_val:00000000  rs2_val:00000000  imm:00000000 }
Trace 209 56 800000d4 0000006f RR.C
210: CPU.Fetch:
        Fetch_to_Decode{I_59 pc:800000e0 pred:800000e4 epoch:1 halt_sentinel:0}
        Mem_Req {I_59 pc:800000e0 instr:xxxxxxxx FETCH 4B addr:800000e0 epoch:1}
Trace 210 59 800000e0 00000000 F
